solid keycaps/branch
facet normal 0.758729 0.0372746 -0.650339
outer loop
vertex 8.700000 6.000000 0.000000
vertex 8.686998 6.264646 0.000000
vertex 8.985554 6.294052 0.350000
endloop
endfacet
facet normal 0.758729 0.037275 -0.650339
outer loop
vertex 8.700000 6.000000 0.000000
vertex 8.985554 6.294052 0.350000
vertex 9.000000 6.000000 0.350000
endloop
endfacet
facet normal 0.751421 0.111463 -0.65034
outer loop
vertex 8.686998 6.264646 0.000000
vertex 8.648120 6.526744 0.000000
vertex 8.942356 6.585271 0.350000
endloop
endfacet
facet normal 0.751422 0.111461 -0.650339
outer loop
vertex 8.686998 6.264646 0.000000
vertex 8.942356 6.585271 0.350000
vertex 8.985554 6.294052 0.350000
endloop
endfacet
facet normal 0.736879 0.184577 -0.650339
outer loop
vertex 8.648120 6.526744 0.000000
vertex 8.583739 6.783769 0.000000
vertex 8.870821 6.870854 0.350000
endloop
endfacet
facet normal 0.736878 0.184579 -0.65034
outer loop
vertex 8.648120 6.526744 0.000000
vertex 8.870821 6.870854 0.350000
vertex 8.942356 6.585271 0.350000
endloop
endfacet
facet normal 0.715237 0.255918 -0.65034
outer loop
vertex 8.583739 6.783769 0.000000
vertex 8.494474 7.033245 0.000000
vertex 8.771639 7.148050 0.350000
endloop
endfacet
facet normal 0.715239 0.255916 -0.650339
outer loop
vertex 8.583739 6.783769 0.000000
vertex 8.771639 7.148050 0.350000
vertex 8.870821 6.870854 0.350000
endloop
endfacet
facet normal 0.686711 0.324789 -0.650339
outer loop
vertex 8.494474 7.033245 0.000000
vertex 8.381187 7.272771 0.000000
vertex 8.645763 7.414190 0.350000
endloop
endfacet
facet normal 0.686709 0.324791 -0.65034
outer loop
vertex 8.494474 7.033245 0.000000
vertex 8.645763 7.414190 0.350000
vertex 8.771639 7.148050 0.350000
endloop
endfacet
facet normal 0.651569 0.390535 -0.650339
outer loop
vertex 8.381187 7.272771 0.000000
vertex 8.244968 7.500040 0.000000
vertex 8.494409 7.666711 0.350000
endloop
endfacet
facet normal 0.651569 0.390535 -0.650339
outer loop
vertex 8.381187 7.272771 0.000000
vertex 8.494409 7.666711 0.350000
vertex 8.645763 7.414190 0.350000
endloop
endfacet
facet normal 0.610152 0.452519 -0.650339
outer loop
vertex 8.244968 7.500040 0.000000
vertex 8.087129 7.712862 0.000000
vertex 8.319032 7.903180 0.350000
endloop
endfacet
facet normal 0.610153 0.452519 -0.650339
outer loop
vertex 8.244968 7.500040 0.000000
vertex 8.319032 7.903180 0.350000
vertex 8.494409 7.666711 0.350000
endloop
endfacet
facet normal 0.562858 0.510146 -0.65034
outer loop
vertex 8.087129 7.712862 0.000000
vertex 7.909188 7.909188 0.000000
vertex 8.121321 8.121321 0.350000
endloop
endfacet
facet normal 0.56286 0.510145 -0.650339
outer loop
vertex 8.087129 7.712862 0.000000
vertex 8.121321 8.121321 0.350000
vertex 8.319032 7.903180 0.350000
endloop
endfacet
facet normal 0.510147 0.562858 -0.650339
outer loop
vertex 7.909188 7.909188 0.000000
vertex 7.712862 8.087129 0.000000
vertex 7.903180 8.319032 0.350000
endloop
endfacet
facet normal 0.510145 0.562859 -0.65034
outer loop
vertex 7.909188 7.909188 0.000000
vertex 7.903180 8.319032 0.350000
vertex 8.121321 8.121321 0.350000
endloop
endfacet
facet normal 0.45252 0.610152 -0.650339
outer loop
vertex 7.712862 8.087129 0.000000
vertex 7.500040 8.244968 0.000000
vertex 7.666711 8.494409 0.350000
endloop
endfacet
facet normal 0.452519 0.610152 -0.650339
outer loop
vertex 7.712862 8.087129 0.000000
vertex 7.666711 8.494409 0.350000
vertex 7.903180 8.319032 0.350000
endloop
endfacet
facet normal 0.390535 0.651569 -0.650339
outer loop
vertex 7.500040 8.244968 0.000000
vertex 7.272771 8.381187 0.000000
vertex 7.414190 8.645763 0.350000
endloop
endfacet
facet normal 0.390535 0.651569 -0.650339
outer loop
vertex 7.500040 8.244968 0.000000
vertex 7.414190 8.645763 0.350000
vertex 7.666711 8.494409 0.350000
endloop
endfacet
facet normal 0.324788 0.68671 -0.65034
outer loop
vertex 7.272771 8.381187 0.000000
vertex 7.033245 8.494474 0.000000
vertex 7.148050 8.771639 0.350000
endloop
endfacet
facet normal 0.324791 0.68671 -0.650339
outer loop
vertex 7.272771 8.381187 0.000000
vertex 7.148050 8.771639 0.350000
vertex 7.414190 8.645763 0.350000
endloop
endfacet
facet normal 0.255919 0.715238 -0.650339
outer loop
vertex 7.033245 8.494474 0.000000
vertex 6.783769 8.583739 0.000000
vertex 6.870854 8.870821 0.350000
endloop
endfacet
facet normal 0.255915 0.715238 -0.65034
outer loop
vertex 7.033245 8.494474 0.000000
vertex 6.870854 8.870821 0.350000
vertex 7.148050 8.771639 0.350000
endloop
endfacet
facet normal 0.184576 0.736878 -0.65034
outer loop
vertex 6.783769 8.583739 0.000000
vertex 6.526744 8.648120 0.000000
vertex 6.585271 8.942356 0.350000
endloop
endfacet
facet normal 0.184579 0.736879 -0.650339
outer loop
vertex 6.783769 8.583739 0.000000
vertex 6.585271 8.942356 0.350000
vertex 6.870854 8.870821 0.350000
endloop
endfacet
facet normal 0.111463 0.751422 -0.650339
outer loop
vertex 6.526744 8.648120 0.000000
vertex 6.264646 8.686998 0.000000
vertex 6.294052 8.985554 0.350000
endloop
endfacet
facet normal 0.111461 0.751422 -0.65034
outer loop
vertex 6.526744 8.648120 0.000000
vertex 6.294052 8.985554 0.350000
vertex 6.585271 8.942356 0.350000
endloop
endfacet
facet normal 0.0372746 0.758729 -0.650339
outer loop
vertex 6.264646 8.686998 0.000000
vertex 6.000000 8.700000 0.000000
vertex 6.000000 9.000000 0.350000
endloop
endfacet
facet normal 0.0372751 0.758729 -0.650339
outer loop
vertex 6.264646 8.686998 0.000000
vertex 6.000000 9.000000 0.350000
vertex 6.294052 8.985554 0.350000
endloop
endfacet
facet normal 0 0.759256 -0.650792
outer loop
vertex 6.000000 8.700000 0.000000
vertex -6.000000 8.700000 0.000000
vertex -6.000000 9.000000 0.350000
endloop
endfacet
facet normal 0 0.759256 -0.650792
outer loop
vertex 6.000000 8.700000 0.000000
vertex -6.000000 9.000000 0.350000
vertex 6.000000 9.000000 0.350000
endloop
endfacet
facet normal -0.0372746 0.758729 -0.650339
outer loop
vertex -6.000000 8.700000 0.000000
vertex -6.264646 8.686998 0.000000
vertex -6.294052 8.985554 0.350000
endloop
endfacet
facet normal -0.037275 0.758729 -0.650339
outer loop
vertex -6.000000 8.700000 0.000000
vertex -6.294052 8.985554 0.350000
vertex -6.000000 9.000000 0.350000
endloop
endfacet
facet normal -0.111463 0.751421 -0.65034
outer loop
vertex -6.264646 8.686998 0.000000
vertex -6.526744 8.648120 0.000000
vertex -6.585271 8.942356 0.350000
endloop
endfacet
facet normal -0.111461 0.751422 -0.650339
outer loop
vertex -6.264646 8.686998 0.000000
vertex -6.585271 8.942356 0.350000
vertex -6.294052 8.985554 0.350000
endloop
endfacet
facet normal -0.184577 0.736879 -0.650339
outer loop
vertex -6.526744 8.648120 0.000000
vertex -6.783769 8.583739 0.000000
vertex -6.870854 8.870821 0.350000
endloop
endfacet
facet normal -0.184579 0.736878 -0.65034
outer loop
vertex -6.526744 8.648120 0.000000
vertex -6.870854 8.870821 0.350000
vertex -6.585271 8.942356 0.350000
endloop
endfacet
facet normal -0.255918 0.715237 -0.65034
outer loop
vertex -6.783769 8.583739 0.000000
vertex -7.033245 8.494474 0.000000
vertex -7.148050 8.771639 0.350000
endloop
endfacet
facet normal -0.255916 0.715239 -0.650339
outer loop
vertex -6.783769 8.583739 0.000000
vertex -7.148050 8.771639 0.350000
vertex -6.870854 8.870821 0.350000
endloop
endfacet
facet normal -0.324789 0.686711 -0.650339
outer loop
vertex -7.033245 8.494474 0.000000
vertex -7.272771 8.381187 0.000000
vertex -7.414190 8.645763 0.350000
endloop
endfacet
facet normal -0.324791 0.686709 -0.65034
outer loop
vertex -7.033245 8.494474 0.000000
vertex -7.414190 8.645763 0.350000
vertex -7.148050 8.771639 0.350000
endloop
endfacet
facet normal -0.390535 0.651569 -0.650339
outer loop
vertex -7.272771 8.381187 0.000000
vertex -7.500040 8.244968 0.000000
vertex -7.666711 8.494409 0.350000
endloop
endfacet
facet normal -0.390535 0.651569 -0.650339
outer loop
vertex -7.272771 8.381187 0.000000
vertex -7.666711 8.494409 0.350000
vertex -7.414190 8.645763 0.350000
endloop
endfacet
facet normal -0.452519 0.610152 -0.650339
outer loop
vertex -7.500040 8.244968 0.000000
vertex -7.712862 8.087129 0.000000
vertex -7.903180 8.319032 0.350000
endloop
endfacet
facet normal -0.452519 0.610153 -0.650339
outer loop
vertex -7.500040 8.244968 0.000000
vertex -7.903180 8.319032 0.350000
vertex -7.666711 8.494409 0.350000
endloop
endfacet
facet normal -0.510146 0.562858 -0.65034
outer loop
vertex -7.712862 8.087129 0.000000
vertex -7.909188 7.909188 0.000000
vertex -8.121321 8.121321 0.350000
endloop
endfacet
facet normal -0.510145 0.56286 -0.650339
outer loop
vertex -7.712862 8.087129 0.000000
vertex -8.121321 8.121321 0.350000
vertex -7.903180 8.319032 0.350000
endloop
endfacet
facet normal -0.562858 0.510147 -0.650339
outer loop
vertex -7.909188 7.909188 0.000000
vertex -8.087129 7.712862 0.000000
vertex -8.319032 7.903180 0.350000
endloop
endfacet
facet normal -0.562859 0.510145 -0.65034
outer loop
vertex -7.909188 7.909188 0.000000
vertex -8.319032 7.903180 0.350000
vertex -8.121321 8.121321 0.350000
endloop
endfacet
facet normal -0.610152 0.45252 -0.650339
outer loop
vertex -8.087129 7.712862 0.000000
vertex -8.244968 7.500040 0.000000
vertex -8.494409 7.666711 0.350000
endloop
endfacet
facet normal -0.610152 0.452519 -0.650339
outer loop
vertex -8.087129 7.712862 0.000000
vertex -8.494409 7.666711 0.350000
vertex -8.319032 7.903180 0.350000
endloop
endfacet
facet normal -0.651569 0.390535 -0.650339
outer loop
vertex -8.244968 7.500040 0.000000
vertex -8.381187 7.272771 0.000000
vertex -8.645763 7.414190 0.350000
endloop
endfacet
facet normal -0.651569 0.390535 -0.650339
outer loop
vertex -8.244968 7.500040 0.000000
vertex -8.645763 7.414190 0.350000
vertex -8.494409 7.666711 0.350000
endloop
endfacet
facet normal -0.68671 0.324788 -0.65034
outer loop
vertex -8.381187 7.272771 0.000000
vertex -8.494474 7.033245 0.000000
vertex -8.771639 7.148050 0.350000
endloop
endfacet
facet normal -0.68671 0.324791 -0.650339
outer loop
vertex -8.381187 7.272771 0.000000
vertex -8.771639 7.148050 0.350000
vertex -8.645763 7.414190 0.350000
endloop
endfacet
facet normal -0.715238 0.255919 -0.650339
outer loop
vertex -8.494474 7.033245 0.000000
vertex -8.583739 6.783769 0.000000
vertex -8.870821 6.870854 0.350000
endloop
endfacet
facet normal -0.715238 0.255915 -0.65034
outer loop
vertex -8.494474 7.033245 0.000000
vertex -8.870821 6.870854 0.350000
vertex -8.771639 7.148050 0.350000
endloop
endfacet
facet normal -0.736878 0.184576 -0.65034
outer loop
vertex -8.583739 6.783769 0.000000
vertex -8.648120 6.526744 0.000000
vertex -8.942356 6.585271 0.350000
endloop
endfacet
facet normal -0.736879 0.184579 -0.650339
outer loop
vertex -8.583739 6.783769 0.000000
vertex -8.942356 6.585271 0.350000
vertex -8.870821 6.870854 0.350000
endloop
endfacet
facet normal -0.751422 0.111463 -0.650339
outer loop
vertex -8.648120 6.526744 0.000000
vertex -8.686998 6.264646 0.000000
vertex -8.985554 6.294052 0.350000
endloop
endfacet
facet normal -0.751422 0.111461 -0.65034
outer loop
vertex -8.648120 6.526744 0.000000
vertex -8.985554 6.294052 0.350000
vertex -8.942356 6.585271 0.350000
endloop
endfacet
facet normal -0.758729 0.0372746 -0.650339
outer loop
vertex -8.686998 6.264646 0.000000
vertex -8.700000 6.000000 0.000000
vertex -9.000000 6.000000 0.350000
endloop
endfacet
facet normal -0.758729 0.0372751 -0.650339
outer loop
vertex -8.686998 6.264646 0.000000
vertex -9.000000 6.000000 0.350000
vertex -8.985554 6.294052 0.350000
endloop
endfacet
facet normal -0.759256 -0 -0.650792
outer loop
vertex -8.700000 6.000000 0.000000
vertex -8.700000 -6.000000 0.000000
vertex -9.000000 -6.000000 0.350000
endloop
endfacet
facet normal -0.759256 0 -0.650792
outer loop
vertex -8.700000 6.000000 0.000000
vertex -9.000000 -6.000000 0.350000
vertex -9.000000 6.000000 0.350000
endloop
endfacet
facet normal -0.758729 -0.0372746 -0.650339
outer loop
vertex -8.700000 -6.000000 0.000000
vertex -8.686998 -6.264646 0.000000
vertex -8.985554 -6.294052 0.350000
endloop
endfacet
facet normal -0.758729 -0.037275 -0.650339
outer loop
vertex -8.700000 -6.000000 0.000000
vertex -8.985554 -6.294052 0.350000
vertex -9.000000 -6.000000 0.350000
endloop
endfacet
facet normal -0.751421 -0.111463 -0.65034
outer loop
vertex -8.686998 -6.264646 0.000000
vertex -8.648120 -6.526744 0.000000
vertex -8.942356 -6.585271 0.350000
endloop
endfacet
facet normal -0.751422 -0.111461 -0.650339
outer loop
vertex -8.686998 -6.264646 0.000000
vertex -8.942356 -6.585271 0.350000
vertex -8.985554 -6.294052 0.350000
endloop
endfacet
facet normal -0.736879 -0.184577 -0.650339
outer loop
vertex -8.648120 -6.526744 0.000000
vertex -8.583739 -6.783769 0.000000
vertex -8.870821 -6.870854 0.350000
endloop
endfacet
facet normal -0.736878 -0.184579 -0.65034
outer loop
vertex -8.648120 -6.526744 0.000000
vertex -8.870821 -6.870854 0.350000
vertex -8.942356 -6.585271 0.350000
endloop
endfacet
facet normal -0.715237 -0.255918 -0.65034
outer loop
vertex -8.583739 -6.783769 0.000000
vertex -8.494474 -7.033245 0.000000
vertex -8.771639 -7.148050 0.350000
endloop
endfacet
facet normal -0.715239 -0.255916 -0.650339
outer loop
vertex -8.583739 -6.783769 0.000000
vertex -8.771639 -7.148050 0.350000
vertex -8.870821 -6.870854 0.350000
endloop
endfacet
facet normal -0.686711 -0.324789 -0.650339
outer loop
vertex -8.494474 -7.033245 0.000000
vertex -8.381187 -7.272771 0.000000
vertex -8.645763 -7.414190 0.350000
endloop
endfacet
facet normal -0.686709 -0.324791 -0.65034
outer loop
vertex -8.494474 -7.033245 0.000000
vertex -8.645763 -7.414190 0.350000
vertex -8.771639 -7.148050 0.350000
endloop
endfacet
facet normal -0.651569 -0.390535 -0.650339
outer loop
vertex -8.381187 -7.272771 0.000000
vertex -8.244968 -7.500040 0.000000
vertex -8.494409 -7.666711 0.350000
endloop
endfacet
facet normal -0.651569 -0.390535 -0.650339
outer loop
vertex -8.381187 -7.272771 0.000000
vertex -8.494409 -7.666711 0.350000
vertex -8.645763 -7.414190 0.350000
endloop
endfacet
facet normal -0.610152 -0.452519 -0.650339
outer loop
vertex -8.244968 -7.500040 0.000000
vertex -8.087129 -7.712862 0.000000
vertex -8.319032 -7.903180 0.350000
endloop
endfacet
facet normal -0.610153 -0.452519 -0.650339
outer loop
vertex -8.244968 -7.500040 0.000000
vertex -8.319032 -7.903180 0.350000
vertex -8.494409 -7.666711 0.350000
endloop
endfacet
facet normal -0.562858 -0.510146 -0.65034
outer loop
vertex -8.087129 -7.712862 0.000000
vertex -7.909188 -7.909188 0.000000
vertex -8.121321 -8.121321 0.350000
endloop
endfacet
facet normal -0.56286 -0.510145 -0.650339
outer loop
vertex -8.087129 -7.712862 0.000000
vertex -8.121321 -8.121321 0.350000
vertex -8.319032 -7.903180 0.350000
endloop
endfacet
facet normal -0.510147 -0.562858 -0.650339
outer loop
vertex -7.909188 -7.909188 0.000000
vertex -7.712862 -8.087129 0.000000
vertex -7.903180 -8.319032 0.350000
endloop
endfacet
facet normal -0.510145 -0.562859 -0.65034
outer loop
vertex -7.909188 -7.909188 0.000000
vertex -7.903180 -8.319032 0.350000
vertex -8.121321 -8.121321 0.350000
endloop
endfacet
facet normal -0.45252 -0.610152 -0.650339
outer loop
vertex -7.712862 -8.087129 0.000000
vertex -7.500040 -8.244968 0.000000
vertex -7.666711 -8.494409 0.350000
endloop
endfacet
facet normal -0.452519 -0.610152 -0.650339
outer loop
vertex -7.712862 -8.087129 0.000000
vertex -7.666711 -8.494409 0.350000
vertex -7.903180 -8.319032 0.350000
endloop
endfacet
facet normal -0.390535 -0.651569 -0.650339
outer loop
vertex -7.500040 -8.244968 0.000000
vertex -7.272771 -8.381187 0.000000
vertex -7.414190 -8.645763 0.350000
endloop
endfacet
facet normal -0.390535 -0.651569 -0.650339
outer loop
vertex -7.500040 -8.244968 0.000000
vertex -7.414190 -8.645763 0.350000
vertex -7.666711 -8.494409 0.350000
endloop
endfacet
facet normal -0.324788 -0.68671 -0.65034
outer loop
vertex -7.272771 -8.381187 0.000000
vertex -7.033245 -8.494474 0.000000
vertex -7.148050 -8.771639 0.350000
endloop
endfacet
facet normal -0.324791 -0.68671 -0.650339
outer loop
vertex -7.272771 -8.381187 0.000000
vertex -7.148050 -8.771639 0.350000
vertex -7.414190 -8.645763 0.350000
endloop
endfacet
facet normal -0.255919 -0.715238 -0.650339
outer loop
vertex -7.033245 -8.494474 0.000000
vertex -6.783769 -8.583739 0.000000
vertex -6.870854 -8.870821 0.350000
endloop
endfacet
facet normal -0.255915 -0.715238 -0.65034
outer loop
vertex -7.033245 -8.494474 0.000000
vertex -6.870854 -8.870821 0.350000
vertex -7.148050 -8.771639 0.350000
endloop
endfacet
facet normal -0.184576 -0.736878 -0.65034
outer loop
vertex -6.783769 -8.583739 0.000000
vertex -6.526744 -8.648120 0.000000
vertex -6.585271 -8.942356 0.350000
endloop
endfacet
facet normal -0.184579 -0.736879 -0.650339
outer loop
vertex -6.783769 -8.583739 0.000000
vertex -6.585271 -8.942356 0.350000
vertex -6.870854 -8.870821 0.350000
endloop
endfacet
facet normal -0.111463 -0.751422 -0.650339
outer loop
vertex -6.526744 -8.648120 0.000000
vertex -6.264646 -8.686998 0.000000
vertex -6.294052 -8.985554 0.350000
endloop
endfacet
facet normal -0.111461 -0.751422 -0.65034
outer loop
vertex -6.526744 -8.648120 0.000000
vertex -6.294052 -8.985554 0.350000
vertex -6.585271 -8.942356 0.350000
endloop
endfacet
facet normal -0.0372746 -0.758729 -0.650339
outer loop
vertex -6.264646 -8.686998 0.000000
vertex -6.000000 -8.700000 0.000000
vertex -6.000000 -9.000000 0.350000
endloop
endfacet
facet normal -0.0372751 -0.758729 -0.650339
outer loop
vertex -6.264646 -8.686998 0.000000
vertex -6.000000 -9.000000 0.350000
vertex -6.294052 -8.985554 0.350000
endloop
endfacet
facet normal 0 -0.759256 -0.650792
outer loop
vertex -6.000000 -8.700000 0.000000
vertex 6.000000 -8.700000 0.000000
vertex 6.000000 -9.000000 0.350000
endloop
endfacet
facet normal 0 -0.759256 -0.650792
outer loop
vertex -6.000000 -8.700000 0.000000
vertex 6.000000 -9.000000 0.350000
vertex -6.000000 -9.000000 0.350000
endloop
endfacet
facet normal 0.0372746 -0.758729 -0.650339
outer loop
vertex 6.000000 -8.700000 0.000000
vertex 6.264646 -8.686998 0.000000
vertex 6.294052 -8.985554 0.350000
endloop
endfacet
facet normal 0.037275 -0.758729 -0.650339
outer loop
vertex 6.000000 -8.700000 0.000000
vertex 6.294052 -8.985554 0.350000
vertex 6.000000 -9.000000 0.350000
endloop
endfacet
facet normal 0.111463 -0.751421 -0.65034
outer loop
vertex 6.264646 -8.686998 0.000000
vertex 6.526744 -8.648120 0.000000
vertex 6.585271 -8.942356 0.350000
endloop
endfacet
facet normal 0.111461 -0.751422 -0.650339
outer loop
vertex 6.264646 -8.686998 0.000000
vertex 6.585271 -8.942356 0.350000
vertex 6.294052 -8.985554 0.350000
endloop
endfacet
facet normal 0.184577 -0.736879 -0.650339
outer loop
vertex 6.526744 -8.648120 0.000000
vertex 6.783769 -8.583739 0.000000
vertex 6.870854 -8.870821 0.350000
endloop
endfacet
facet normal 0.184579 -0.736878 -0.65034
outer loop
vertex 6.526744 -8.648120 0.000000
vertex 6.870854 -8.870821 0.350000
vertex 6.585271 -8.942356 0.350000
endloop
endfacet
facet normal 0.255918 -0.715237 -0.65034
outer loop
vertex 6.783769 -8.583739 0.000000
vertex 7.033245 -8.494474 0.000000
vertex 7.148050 -8.771639 0.350000
endloop
endfacet
facet normal 0.255916 -0.715239 -0.650339
outer loop
vertex 6.783769 -8.583739 0.000000
vertex 7.148050 -8.771639 0.350000
vertex 6.870854 -8.870821 0.350000
endloop
endfacet
facet normal 0.324789 -0.686711 -0.650339
outer loop
vertex 7.033245 -8.494474 0.000000
vertex 7.272771 -8.381187 0.000000
vertex 7.414190 -8.645763 0.350000
endloop
endfacet
facet normal 0.324791 -0.686709 -0.65034
outer loop
vertex 7.033245 -8.494474 0.000000
vertex 7.414190 -8.645763 0.350000
vertex 7.148050 -8.771639 0.350000
endloop
endfacet
facet normal 0.390535 -0.651569 -0.650339
outer loop
vertex 7.272771 -8.381187 0.000000
vertex 7.500040 -8.244968 0.000000
vertex 7.666711 -8.494409 0.350000
endloop
endfacet
facet normal 0.390535 -0.651569 -0.650339
outer loop
vertex 7.272771 -8.381187 0.000000
vertex 7.666711 -8.494409 0.350000
vertex 7.414190 -8.645763 0.350000
endloop
endfacet
facet normal 0.452519 -0.610152 -0.650339
outer loop
vertex 7.500040 -8.244968 0.000000
vertex 7.712862 -8.087129 0.000000
vertex 7.903180 -8.319032 0.350000
endloop
endfacet
facet normal 0.452519 -0.610153 -0.650339
outer loop
vertex 7.500040 -8.244968 0.000000
vertex 7.903180 -8.319032 0.350000
vertex 7.666711 -8.494409 0.350000
endloop
endfacet
facet normal 0.510146 -0.562858 -0.65034
outer loop
vertex 7.712862 -8.087129 0.000000
vertex 7.909188 -7.909188 0.000000
vertex 8.121321 -8.121321 0.350000
endloop
endfacet
facet normal 0.510145 -0.56286 -0.650339
outer loop
vertex 7.712862 -8.087129 0.000000
vertex 8.121321 -8.121321 0.350000
vertex 7.903180 -8.319032 0.350000
endloop
endfacet
facet normal 0.562858 -0.510147 -0.650339
outer loop
vertex 7.909188 -7.909188 0.000000
vertex 8.087129 -7.712862 0.000000
vertex 8.319032 -7.903180 0.350000
endloop
endfacet
facet normal 0.562859 -0.510145 -0.65034
outer loop
vertex 7.909188 -7.909188 0.000000
vertex 8.319032 -7.903180 0.350000
vertex 8.121321 -8.121321 0.350000
endloop
endfacet
facet normal 0.610152 -0.45252 -0.650339
outer loop
vertex 8.087129 -7.712862 0.000000
vertex 8.244968 -7.500040 0.000000
vertex 8.494409 -7.666711 0.350000
endloop
endfacet
facet normal 0.610152 -0.452519 -0.650339
outer loop
vertex 8.087129 -7.712862 0.000000
vertex 8.494409 -7.666711 0.350000
vertex 8.319032 -7.903180 0.350000
endloop
endfacet
facet normal 0.651569 -0.390535 -0.650339
outer loop
vertex 8.244968 -7.500040 0.000000
vertex 8.381187 -7.272771 0.000000
vertex 8.645763 -7.414190 0.350000
endloop
endfacet
facet normal 0.651569 -0.390535 -0.650339
outer loop
vertex 8.244968 -7.500040 0.000000
vertex 8.645763 -7.414190 0.350000
vertex 8.494409 -7.666711 0.350000
endloop
endfacet
facet normal 0.68671 -0.324788 -0.65034
outer loop
vertex 8.381187 -7.272771 0.000000
vertex 8.494474 -7.033245 0.000000
vertex 8.771639 -7.148050 0.350000
endloop
endfacet
facet normal 0.68671 -0.324791 -0.650339
outer loop
vertex 8.381187 -7.272771 0.000000
vertex 8.771639 -7.148050 0.350000
vertex 8.645763 -7.414190 0.350000
endloop
endfacet
facet normal 0.715238 -0.255919 -0.650339
outer loop
vertex 8.494474 -7.033245 0.000000
vertex 8.583739 -6.783769 0.000000
vertex 8.870821 -6.870854 0.350000
endloop
endfacet
facet normal 0.715238 -0.255915 -0.65034
outer loop
vertex 8.494474 -7.033245 0.000000
vertex 8.870821 -6.870854 0.350000
vertex 8.771639 -7.148050 0.350000
endloop
endfacet
facet normal 0.736878 -0.184576 -0.65034
outer loop
vertex 8.583739 -6.783769 0.000000
vertex 8.648120 -6.526744 0.000000
vertex 8.942356 -6.585271 0.350000
endloop
endfacet
facet normal 0.736879 -0.184579 -0.650339
outer loop
vertex 8.583739 -6.783769 0.000000
vertex 8.942356 -6.585271 0.350000
vertex 8.870821 -6.870854 0.350000
endloop
endfacet
facet normal 0.751422 -0.111463 -0.650339
outer loop
vertex 8.648120 -6.526744 0.000000
vertex 8.686998 -6.264646 0.000000
vertex 8.985554 -6.294052 0.350000
endloop
endfacet
facet normal 0.751422 -0.111461 -0.65034
outer loop
vertex 8.648120 -6.526744 0.000000
vertex 8.985554 -6.294052 0.350000
vertex 8.942356 -6.585271 0.350000
endloop
endfacet
facet normal 0.758729 -0.0372746 -0.650339
outer loop
vertex 8.686998 -6.264646 0.000000
vertex 8.700000 -6.000000 0.000000
vertex 9.000000 -6.000000 0.350000
endloop
endfacet
facet normal 0.758729 -0.0372751 -0.650339
outer loop
vertex 8.686998 -6.264646 0.000000
vertex 9.000000 -6.000000 0.350000
vertex 8.985554 -6.294052 0.350000
endloop
endfacet
facet normal 0.759256 0 -0.650792
outer loop
vertex 8.700000 -6.000000 0.000000
vertex 8.700000 6.000000 0.000000
vertex 9.000000 6.000000 0.350000
endloop
endfacet
facet normal 0.759256 0 -0.650792
outer loop
vertex 8.700000 -6.000000 0.000000
vertex 9.000000 6.000000 0.350000
vertex 9.000000 -6.000000 0.350000
endloop
endfacet
facet normal 0.998795 0.0490691 0
outer loop
vertex 9.000000 6.000000 0.350000
vertex 8.985554 6.294052 0.350000
vertex 8.985554 6.294052 5.150000
endloop
endfacet
facet normal 0.998795 0.0490691 -0
outer loop
vertex 9.000000 6.000000 0.350000
vertex 8.985554 6.294052 5.150000
vertex 9.000000 6.000000 5.150000
endloop
endfacet
facet normal 0.989177 0.146728 0
outer loop
vertex 8.985554 6.294052 0.350000
vertex 8.942356 6.585271 0.350000
vertex 8.942356 6.585271 5.150000
endloop
endfacet
facet normal 0.989177 0.146728 -0
outer loop
vertex 8.985554 6.294052 0.350000
vertex 8.942356 6.585271 5.150000
vertex 8.985554 6.294052 5.150000
endloop
endfacet
facet normal 0.970031 0.242981 0
outer loop
vertex 8.942356 6.585271 0.350000
vertex 8.870821 6.870854 0.350000
vertex 8.870821 6.870854 5.150000
endloop
endfacet
facet normal 0.970031 0.242981 -0
outer loop
vertex 8.942356 6.585271 0.350000
vertex 8.870821 6.870854 5.150000
vertex 8.942356 6.585271 5.150000
endloop
endfacet
facet normal 0.941544 0.336889 0
outer loop
vertex 8.870821 6.870854 0.350000
vertex 8.771639 7.148050 0.350000
vertex 8.771639 7.148050 5.150000
endloop
endfacet
facet normal 0.941544 0.336889 -0
outer loop
vertex 8.870821 6.870854 0.350000
vertex 8.771639 7.148050 5.150000
vertex 8.870821 6.870854 5.150000
endloop
endfacet
facet normal 0.903988 0.427557 0
outer loop
vertex 8.771639 7.148050 0.350000
vertex 8.645763 7.414190 0.350000
vertex 8.645763 7.414190 5.150000
endloop
endfacet
facet normal 0.903988 0.427557 -0
outer loop
vertex 8.771639 7.148050 0.350000
vertex 8.645763 7.414190 5.150000
vertex 8.771639 7.148050 5.150000
endloop
endfacet
facet normal 0.857729 0.514102 0
outer loop
vertex 8.645763 7.414190 0.350000
vertex 8.494409 7.666711 0.350000
vertex 8.494409 7.666711 5.150000
endloop
endfacet
facet normal 0.857729 0.514102 -0
outer loop
vertex 8.645763 7.414190 0.350000
vertex 8.494409 7.666711 5.150000
vertex 8.645763 7.414190 5.150000
endloop
endfacet
facet normal 0.803208 0.595699 0
outer loop
vertex 8.494409 7.666711 0.350000
vertex 8.319032 7.903180 0.350000
vertex 8.319032 7.903180 5.150000
endloop
endfacet
facet normal 0.803208 0.595699 -0
outer loop
vertex 8.494409 7.666711 0.350000
vertex 8.319032 7.903180 5.150000
vertex 8.494409 7.666711 5.150000
endloop
endfacet
facet normal 0.740952 0.671558 0
outer loop
vertex 8.319032 7.903180 0.350000
vertex 8.121321 8.121321 0.350000
vertex 8.121321 8.121321 5.150000
endloop
endfacet
facet normal 0.740952 0.671558 -0
outer loop
vertex 8.319032 7.903180 0.350000
vertex 8.121321 8.121321 5.150000
vertex 8.319032 7.903180 5.150000
endloop
endfacet
facet normal 0.671558 0.740952 0
outer loop
vertex 8.121321 8.121321 0.350000
vertex 7.903180 8.319032 0.350000
vertex 7.903180 8.319032 5.150000
endloop
endfacet
facet normal 0.671558 0.740952 -0
outer loop
vertex 8.121321 8.121321 0.350000
vertex 7.903180 8.319032 5.150000
vertex 8.121321 8.121321 5.150000
endloop
endfacet
facet normal 0.595699 0.803208 0
outer loop
vertex 7.903180 8.319032 0.350000
vertex 7.666711 8.494409 0.350000
vertex 7.666711 8.494409 5.150000
endloop
endfacet
facet normal 0.595699 0.803208 -0
outer loop
vertex 7.903180 8.319032 0.350000
vertex 7.666711 8.494409 5.150000
vertex 7.903180 8.319032 5.150000
endloop
endfacet
facet normal 0.514102 0.857729 0
outer loop
vertex 7.666711 8.494409 0.350000
vertex 7.414190 8.645763 0.350000
vertex 7.414190 8.645763 5.150000
endloop
endfacet
facet normal 0.514102 0.857729 -0
outer loop
vertex 7.666711 8.494409 0.350000
vertex 7.414190 8.645763 5.150000
vertex 7.666711 8.494409 5.150000
endloop
endfacet
facet normal 0.427557 0.903988 0
outer loop
vertex 7.414190 8.645763 0.350000
vertex 7.148050 8.771639 0.350000
vertex 7.148050 8.771639 5.150000
endloop
endfacet
facet normal 0.427557 0.903988 -0
outer loop
vertex 7.414190 8.645763 0.350000
vertex 7.148050 8.771639 5.150000
vertex 7.414190 8.645763 5.150000
endloop
endfacet
facet normal 0.336889 0.941544 0
outer loop
vertex 7.148050 8.771639 0.350000
vertex 6.870854 8.870821 0.350000
vertex 6.870854 8.870821 5.150000
endloop
endfacet
facet normal 0.336889 0.941544 -0
outer loop
vertex 7.148050 8.771639 0.350000
vertex 6.870854 8.870821 5.150000
vertex 7.148050 8.771639 5.150000
endloop
endfacet
facet normal 0.242981 0.970031 0
outer loop
vertex 6.870854 8.870821 0.350000
vertex 6.585271 8.942356 0.350000
vertex 6.585271 8.942356 5.150000
endloop
endfacet
facet normal 0.242981 0.970031 -0
outer loop
vertex 6.870854 8.870821 0.350000
vertex 6.585271 8.942356 5.150000
vertex 6.870854 8.870821 5.150000
endloop
endfacet
facet normal 0.146728 0.989177 0
outer loop
vertex 6.585271 8.942356 0.350000
vertex 6.294052 8.985554 0.350000
vertex 6.294052 8.985554 5.150000
endloop
endfacet
facet normal 0.146728 0.989177 -0
outer loop
vertex 6.585271 8.942356 0.350000
vertex 6.294052 8.985554 5.150000
vertex 6.585271 8.942356 5.150000
endloop
endfacet
facet normal 0.0490691 0.998795 0
outer loop
vertex 6.294052 8.985554 0.350000
vertex 6.000000 9.000000 0.350000
vertex 6.000000 9.000000 5.150000
endloop
endfacet
facet normal 0.0490691 0.998795 -0
outer loop
vertex 6.294052 8.985554 0.350000
vertex 6.000000 9.000000 5.150000
vertex 6.294052 8.985554 5.150000
endloop
endfacet
facet normal 0 1 0
outer loop
vertex 6.000000 9.000000 0.350000
vertex -6.000000 9.000000 0.350000
vertex -6.000000 9.000000 5.150000
endloop
endfacet
facet normal 0 1 -0
outer loop
vertex 6.000000 9.000000 0.350000
vertex -6.000000 9.000000 5.150000
vertex 6.000000 9.000000 5.150000
endloop
endfacet
facet normal -0.0490691 0.998795 0
outer loop
vertex -6.000000 9.000000 0.350000
vertex -6.294052 8.985554 0.350000
vertex -6.294052 8.985554 5.150000
endloop
endfacet
facet normal -0.0490691 0.998795 0
outer loop
vertex -6.000000 9.000000 0.350000
vertex -6.294052 8.985554 5.150000
vertex -6.000000 9.000000 5.150000
endloop
endfacet
facet normal -0.146728 0.989177 0
outer loop
vertex -6.294052 8.985554 0.350000
vertex -6.585271 8.942356 0.350000
vertex -6.585271 8.942356 5.150000
endloop
endfacet
facet normal -0.146728 0.989177 0
outer loop
vertex -6.294052 8.985554 0.350000
vertex -6.585271 8.942356 5.150000
vertex -6.294052 8.985554 5.150000
endloop
endfacet
facet normal -0.242981 0.970031 0
outer loop
vertex -6.585271 8.942356 0.350000
vertex -6.870854 8.870821 0.350000
vertex -6.870854 8.870821 5.150000
endloop
endfacet
facet normal -0.242981 0.970031 0
outer loop
vertex -6.585271 8.942356 0.350000
vertex -6.870854 8.870821 5.150000
vertex -6.585271 8.942356 5.150000
endloop
endfacet
facet normal -0.336889 0.941544 0
outer loop
vertex -6.870854 8.870821 0.350000
vertex -7.148050 8.771639 0.350000
vertex -7.148050 8.771639 5.150000
endloop
endfacet
facet normal -0.336889 0.941544 0
outer loop
vertex -6.870854 8.870821 0.350000
vertex -7.148050 8.771639 5.150000
vertex -6.870854 8.870821 5.150000
endloop
endfacet
facet normal -0.427557 0.903988 0
outer loop
vertex -7.148050 8.771639 0.350000
vertex -7.414190 8.645763 0.350000
vertex -7.414190 8.645763 5.150000
endloop
endfacet
facet normal -0.427557 0.903988 0
outer loop
vertex -7.148050 8.771639 0.350000
vertex -7.414190 8.645763 5.150000
vertex -7.148050 8.771639 5.150000
endloop
endfacet
facet normal -0.514102 0.857729 0
outer loop
vertex -7.414190 8.645763 0.350000
vertex -7.666711 8.494409 0.350000
vertex -7.666711 8.494409 5.150000
endloop
endfacet
facet normal -0.514102 0.857729 0
outer loop
vertex -7.414190 8.645763 0.350000
vertex -7.666711 8.494409 5.150000
vertex -7.414190 8.645763 5.150000
endloop
endfacet
facet normal -0.595699 0.803208 0
outer loop
vertex -7.666711 8.494409 0.350000
vertex -7.903180 8.319032 0.350000
vertex -7.903180 8.319032 5.150000
endloop
endfacet
facet normal -0.595699 0.803208 0
outer loop
vertex -7.666711 8.494409 0.350000
vertex -7.903180 8.319032 5.150000
vertex -7.666711 8.494409 5.150000
endloop
endfacet
facet normal -0.671558 0.740952 0
outer loop
vertex -7.903180 8.319032 0.350000
vertex -8.121321 8.121321 0.350000
vertex -8.121321 8.121321 5.150000
endloop
endfacet
facet normal -0.671558 0.740952 0
outer loop
vertex -7.903180 8.319032 0.350000
vertex -8.121321 8.121321 5.150000
vertex -7.903180 8.319032 5.150000
endloop
endfacet
facet normal -0.740952 0.671558 0
outer loop
vertex -8.121321 8.121321 0.350000
vertex -8.319032 7.903180 0.350000
vertex -8.319032 7.903180 5.150000
endloop
endfacet
facet normal -0.740952 0.671558 0
outer loop
vertex -8.121321 8.121321 0.350000
vertex -8.319032 7.903180 5.150000
vertex -8.121321 8.121321 5.150000
endloop
endfacet
facet normal -0.803208 0.595699 0
outer loop
vertex -8.319032 7.903180 0.350000
vertex -8.494409 7.666711 0.350000
vertex -8.494409 7.666711 5.150000
endloop
endfacet
facet normal -0.803208 0.595699 0
outer loop
vertex -8.319032 7.903180 0.350000
vertex -8.494409 7.666711 5.150000
vertex -8.319032 7.903180 5.150000
endloop
endfacet
facet normal -0.857729 0.514102 0
outer loop
vertex -8.494409 7.666711 0.350000
vertex -8.645763 7.414190 0.350000
vertex -8.645763 7.414190 5.150000
endloop
endfacet
facet normal -0.857729 0.514102 0
outer loop
vertex -8.494409 7.666711 0.350000
vertex -8.645763 7.414190 5.150000
vertex -8.494409 7.666711 5.150000
endloop
endfacet
facet normal -0.903988 0.427557 0
outer loop
vertex -8.645763 7.414190 0.350000
vertex -8.771639 7.148050 0.350000
vertex -8.771639 7.148050 5.150000
endloop
endfacet
facet normal -0.903988 0.427557 0
outer loop
vertex -8.645763 7.414190 0.350000
vertex -8.771639 7.148050 5.150000
vertex -8.645763 7.414190 5.150000
endloop
endfacet
facet normal -0.941544 0.336889 0
outer loop
vertex -8.771639 7.148050 0.350000
vertex -8.870821 6.870854 0.350000
vertex -8.870821 6.870854 5.150000
endloop
endfacet
facet normal -0.941544 0.336889 0
outer loop
vertex -8.771639 7.148050 0.350000
vertex -8.870821 6.870854 5.150000
vertex -8.771639 7.148050 5.150000
endloop
endfacet
facet normal -0.970031 0.242981 0
outer loop
vertex -8.870821 6.870854 0.350000
vertex -8.942356 6.585271 0.350000
vertex -8.942356 6.585271 5.150000
endloop
endfacet
facet normal -0.970031 0.242981 0
outer loop
vertex -8.870821 6.870854 0.350000
vertex -8.942356 6.585271 5.150000
vertex -8.870821 6.870854 5.150000
endloop
endfacet
facet normal -0.989177 0.146728 0
outer loop
vertex -8.942356 6.585271 0.350000
vertex -8.985554 6.294052 0.350000
vertex -8.985554 6.294052 5.150000
endloop
endfacet
facet normal -0.989177 0.146728 0
outer loop
vertex -8.942356 6.585271 0.350000
vertex -8.985554 6.294052 5.150000
vertex -8.942356 6.585271 5.150000
endloop
endfacet
facet normal -0.998795 0.0490691 0
outer loop
vertex -8.985554 6.294052 0.350000
vertex -9.000000 6.000000 0.350000
vertex -9.000000 6.000000 5.150000
endloop
endfacet
facet normal -0.998795 0.0490691 0
outer loop
vertex -8.985554 6.294052 0.350000
vertex -9.000000 6.000000 5.150000
vertex -8.985554 6.294052 5.150000
endloop
endfacet
facet normal -1 0 0
outer loop
vertex -9.000000 6.000000 0.350000
vertex -9.000000 -6.000000 0.350000
vertex -9.000000 -6.000000 5.150000
endloop
endfacet
facet normal -1 0 0
outer loop
vertex -9.000000 6.000000 0.350000
vertex -9.000000 -6.000000 5.150000
vertex -9.000000 6.000000 5.150000
endloop
endfacet
facet normal -0.998795 -0.0490691 0
outer loop
vertex -9.000000 -6.000000 0.350000
vertex -8.985554 -6.294052 0.350000
vertex -8.985554 -6.294052 5.150000
endloop
endfacet
facet normal -0.998795 -0.0490691 0
outer loop
vertex -9.000000 -6.000000 0.350000
vertex -8.985554 -6.294052 5.150000
vertex -9.000000 -6.000000 5.150000
endloop
endfacet
facet normal -0.989177 -0.146728 0
outer loop
vertex -8.985554 -6.294052 0.350000
vertex -8.942356 -6.585271 0.350000
vertex -8.942356 -6.585271 5.150000
endloop
endfacet
facet normal -0.989177 -0.146728 0
outer loop
vertex -8.985554 -6.294052 0.350000
vertex -8.942356 -6.585271 5.150000
vertex -8.985554 -6.294052 5.150000
endloop
endfacet
facet normal -0.970031 -0.242981 0
outer loop
vertex -8.942356 -6.585271 0.350000
vertex -8.870821 -6.870854 0.350000
vertex -8.870821 -6.870854 5.150000
endloop
endfacet
facet normal -0.970031 -0.242981 0
outer loop
vertex -8.942356 -6.585271 0.350000
vertex -8.870821 -6.870854 5.150000
vertex -8.942356 -6.585271 5.150000
endloop
endfacet
facet normal -0.941544 -0.336889 0
outer loop
vertex -8.870821 -6.870854 0.350000
vertex -8.771639 -7.148050 0.350000
vertex -8.771639 -7.148050 5.150000
endloop
endfacet
facet normal -0.941544 -0.336889 0
outer loop
vertex -8.870821 -6.870854 0.350000
vertex -8.771639 -7.148050 5.150000
vertex -8.870821 -6.870854 5.150000
endloop
endfacet
facet normal -0.903988 -0.427557 0
outer loop
vertex -8.771639 -7.148050 0.350000
vertex -8.645763 -7.414190 0.350000
vertex -8.645763 -7.414190 5.150000
endloop
endfacet
facet normal -0.903988 -0.427557 0
outer loop
vertex -8.771639 -7.148050 0.350000
vertex -8.645763 -7.414190 5.150000
vertex -8.771639 -7.148050 5.150000
endloop
endfacet
facet normal -0.857729 -0.514102 0
outer loop
vertex -8.645763 -7.414190 0.350000
vertex -8.494409 -7.666711 0.350000
vertex -8.494409 -7.666711 5.150000
endloop
endfacet
facet normal -0.857729 -0.514102 0
outer loop
vertex -8.645763 -7.414190 0.350000
vertex -8.494409 -7.666711 5.150000
vertex -8.645763 -7.414190 5.150000
endloop
endfacet
facet normal -0.803208 -0.595699 0
outer loop
vertex -8.494409 -7.666711 0.350000
vertex -8.319032 -7.903180 0.350000
vertex -8.319032 -7.903180 5.150000
endloop
endfacet
facet normal -0.803208 -0.595699 0
outer loop
vertex -8.494409 -7.666711 0.350000
vertex -8.319032 -7.903180 5.150000
vertex -8.494409 -7.666711 5.150000
endloop
endfacet
facet normal -0.740952 -0.671558 0
outer loop
vertex -8.319032 -7.903180 0.350000
vertex -8.121321 -8.121321 0.350000
vertex -8.121321 -8.121321 5.150000
endloop
endfacet
facet normal -0.740952 -0.671558 0
outer loop
vertex -8.319032 -7.903180 0.350000
vertex -8.121321 -8.121321 5.150000
vertex -8.319032 -7.903180 5.150000
endloop
endfacet
facet normal -0.671558 -0.740952 0
outer loop
vertex -8.121321 -8.121321 0.350000
vertex -7.903180 -8.319032 0.350000
vertex -7.903180 -8.319032 5.150000
endloop
endfacet
facet normal -0.671558 -0.740952 0
outer loop
vertex -8.121321 -8.121321 0.350000
vertex -7.903180 -8.319032 5.150000
vertex -8.121321 -8.121321 5.150000
endloop
endfacet
facet normal -0.595699 -0.803208 0
outer loop
vertex -7.903180 -8.319032 0.350000
vertex -7.666711 -8.494409 0.350000
vertex -7.666711 -8.494409 5.150000
endloop
endfacet
facet normal -0.595699 -0.803208 0
outer loop
vertex -7.903180 -8.319032 0.350000
vertex -7.666711 -8.494409 5.150000
vertex -7.903180 -8.319032 5.150000
endloop
endfacet
facet normal -0.514102 -0.857729 0
outer loop
vertex -7.666711 -8.494409 0.350000
vertex -7.414190 -8.645763 0.350000
vertex -7.414190 -8.645763 5.150000
endloop
endfacet
facet normal -0.514102 -0.857729 0
outer loop
vertex -7.666711 -8.494409 0.350000
vertex -7.414190 -8.645763 5.150000
vertex -7.666711 -8.494409 5.150000
endloop
endfacet
facet normal -0.427557 -0.903988 0
outer loop
vertex -7.414190 -8.645763 0.350000
vertex -7.148050 -8.771639 0.350000
vertex -7.148050 -8.771639 5.150000
endloop
endfacet
facet normal -0.427557 -0.903988 0
outer loop
vertex -7.414190 -8.645763 0.350000
vertex -7.148050 -8.771639 5.150000
vertex -7.414190 -8.645763 5.150000
endloop
endfacet
facet normal -0.336889 -0.941544 0
outer loop
vertex -7.148050 -8.771639 0.350000
vertex -6.870854 -8.870821 0.350000
vertex -6.870854 -8.870821 5.150000
endloop
endfacet
facet normal -0.336889 -0.941544 0
outer loop
vertex -7.148050 -8.771639 0.350000
vertex -6.870854 -8.870821 5.150000
vertex -7.148050 -8.771639 5.150000
endloop
endfacet
facet normal -0.242981 -0.970031 0
outer loop
vertex -6.870854 -8.870821 0.350000
vertex -6.585271 -8.942356 0.350000
vertex -6.585271 -8.942356 5.150000
endloop
endfacet
facet normal -0.242981 -0.970031 0
outer loop
vertex -6.870854 -8.870821 0.350000
vertex -6.585271 -8.942356 5.150000
vertex -6.870854 -8.870821 5.150000
endloop
endfacet
facet normal -0.146728 -0.989177 0
outer loop
vertex -6.585271 -8.942356 0.350000
vertex -6.294052 -8.985554 0.350000
vertex -6.294052 -8.985554 5.150000
endloop
endfacet
facet normal -0.146728 -0.989177 0
outer loop
vertex -6.585271 -8.942356 0.350000
vertex -6.294052 -8.985554 5.150000
vertex -6.585271 -8.942356 5.150000
endloop
endfacet
facet normal -0.0490691 -0.998795 0
outer loop
vertex -6.294052 -8.985554 0.350000
vertex -6.000000 -9.000000 0.350000
vertex -6.000000 -9.000000 5.150000
endloop
endfacet
facet normal -0.0490691 -0.998795 0
outer loop
vertex -6.294052 -8.985554 0.350000
vertex -6.000000 -9.000000 5.150000
vertex -6.294052 -8.985554 5.150000
endloop
endfacet
facet normal 0 -1 0
outer loop
vertex -6.000000 -9.000000 0.350000
vertex 6.000000 -9.000000 0.350000
vertex 6.000000 -9.000000 5.150000
endloop
endfacet
facet normal 0 -1 0
outer loop
vertex -6.000000 -9.000000 0.350000
vertex 6.000000 -9.000000 5.150000
vertex -6.000000 -9.000000 5.150000
endloop
endfacet
facet normal 0.0490691 -0.998795 0
outer loop
vertex 6.000000 -9.000000 0.350000
vertex 6.294052 -8.985554 0.350000
vertex 6.294052 -8.985554 5.150000
endloop
endfacet
facet normal 0.0490691 -0.998795 0
outer loop
vertex 6.000000 -9.000000 0.350000
vertex 6.294052 -8.985554 5.150000
vertex 6.000000 -9.000000 5.150000
endloop
endfacet
facet normal 0.146728 -0.989177 0
outer loop
vertex 6.294052 -8.985554 0.350000
vertex 6.585271 -8.942356 0.350000
vertex 6.585271 -8.942356 5.150000
endloop
endfacet
facet normal 0.146728 -0.989177 0
outer loop
vertex 6.294052 -8.985554 0.350000
vertex 6.585271 -8.942356 5.150000
vertex 6.294052 -8.985554 5.150000
endloop
endfacet
facet normal 0.242981 -0.970031 0
outer loop
vertex 6.585271 -8.942356 0.350000
vertex 6.870854 -8.870821 0.350000
vertex 6.870854 -8.870821 5.150000
endloop
endfacet
facet normal 0.242981 -0.970031 0
outer loop
vertex 6.585271 -8.942356 0.350000
vertex 6.870854 -8.870821 5.150000
vertex 6.585271 -8.942356 5.150000
endloop
endfacet
facet normal 0.336889 -0.941544 0
outer loop
vertex 6.870854 -8.870821 0.350000
vertex 7.148050 -8.771639 0.350000
vertex 7.148050 -8.771639 5.150000
endloop
endfacet
facet normal 0.336889 -0.941544 0
outer loop
vertex 6.870854 -8.870821 0.350000
vertex 7.148050 -8.771639 5.150000
vertex 6.870854 -8.870821 5.150000
endloop
endfacet
facet normal 0.427557 -0.903988 0
outer loop
vertex 7.148050 -8.771639 0.350000
vertex 7.414190 -8.645763 0.350000
vertex 7.414190 -8.645763 5.150000
endloop
endfacet
facet normal 0.427557 -0.903988 0
outer loop
vertex 7.148050 -8.771639 0.350000
vertex 7.414190 -8.645763 5.150000
vertex 7.148050 -8.771639 5.150000
endloop
endfacet
facet normal 0.514102 -0.857729 0
outer loop
vertex 7.414190 -8.645763 0.350000
vertex 7.666711 -8.494409 0.350000
vertex 7.666711 -8.494409 5.150000
endloop
endfacet
facet normal 0.514102 -0.857729 0
outer loop
vertex 7.414190 -8.645763 0.350000
vertex 7.666711 -8.494409 5.150000
vertex 7.414190 -8.645763 5.150000
endloop
endfacet
facet normal 0.595699 -0.803208 0
outer loop
vertex 7.666711 -8.494409 0.350000
vertex 7.903180 -8.319032 0.350000
vertex 7.903180 -8.319032 5.150000
endloop
endfacet
facet normal 0.595699 -0.803208 0
outer loop
vertex 7.666711 -8.494409 0.350000
vertex 7.903180 -8.319032 5.150000
vertex 7.666711 -8.494409 5.150000
endloop
endfacet
facet normal 0.671558 -0.740952 0
outer loop
vertex 7.903180 -8.319032 0.350000
vertex 8.121321 -8.121321 0.350000
vertex 8.121321 -8.121321 5.150000
endloop
endfacet
facet normal 0.671558 -0.740952 0
outer loop
vertex 7.903180 -8.319032 0.350000
vertex 8.121321 -8.121321 5.150000
vertex 7.903180 -8.319032 5.150000
endloop
endfacet
facet normal 0.740952 -0.671558 0
outer loop
vertex 8.121321 -8.121321 0.350000
vertex 8.319032 -7.903180 0.350000
vertex 8.319032 -7.903180 5.150000
endloop
endfacet
facet normal 0.740952 -0.671558 0
outer loop
vertex 8.121321 -8.121321 0.350000
vertex 8.319032 -7.903180 5.150000
vertex 8.121321 -8.121321 5.150000
endloop
endfacet
facet normal 0.803208 -0.595699 0
outer loop
vertex 8.319032 -7.903180 0.350000
vertex 8.494409 -7.666711 0.350000
vertex 8.494409 -7.666711 5.150000
endloop
endfacet
facet normal 0.803208 -0.595699 0
outer loop
vertex 8.319032 -7.903180 0.350000
vertex 8.494409 -7.666711 5.150000
vertex 8.319032 -7.903180 5.150000
endloop
endfacet
facet normal 0.857729 -0.514102 0
outer loop
vertex 8.494409 -7.666711 0.350000
vertex 8.645763 -7.414190 0.350000
vertex 8.645763 -7.414190 5.150000
endloop
endfacet
facet normal 0.857729 -0.514102 0
outer loop
vertex 8.494409 -7.666711 0.350000
vertex 8.645763 -7.414190 5.150000
vertex 8.494409 -7.666711 5.150000
endloop
endfacet
facet normal 0.903988 -0.427557 0
outer loop
vertex 8.645763 -7.414190 0.350000
vertex 8.771639 -7.148050 0.350000
vertex 8.771639 -7.148050 5.150000
endloop
endfacet
facet normal 0.903988 -0.427557 0
outer loop
vertex 8.645763 -7.414190 0.350000
vertex 8.771639 -7.148050 5.150000
vertex 8.645763 -7.414190 5.150000
endloop
endfacet
facet normal 0.941544 -0.336889 0
outer loop
vertex 8.771639 -7.148050 0.350000
vertex 8.870821 -6.870854 0.350000
vertex 8.870821 -6.870854 5.150000
endloop
endfacet
facet normal 0.941544 -0.336889 0
outer loop
vertex 8.771639 -7.148050 0.350000
vertex 8.870821 -6.870854 5.150000
vertex 8.771639 -7.148050 5.150000
endloop
endfacet
facet normal 0.970031 -0.242981 0
outer loop
vertex 8.870821 -6.870854 0.350000
vertex 8.942356 -6.585271 0.350000
vertex 8.942356 -6.585271 5.150000
endloop
endfacet
facet normal 0.970031 -0.242981 0
outer loop
vertex 8.870821 -6.870854 0.350000
vertex 8.942356 -6.585271 5.150000
vertex 8.870821 -6.870854 5.150000
endloop
endfacet
facet normal 0.989177 -0.146728 0
outer loop
vertex 8.942356 -6.585271 0.350000
vertex 8.985554 -6.294052 0.350000
vertex 8.985554 -6.294052 5.150000
endloop
endfacet
facet normal 0.989177 -0.146728 0
outer loop
vertex 8.942356 -6.585271 0.350000
vertex 8.985554 -6.294052 5.150000
vertex 8.942356 -6.585271 5.150000
endloop
endfacet
facet normal 0.998795 -0.0490691 0
outer loop
vertex 8.985554 -6.294052 0.350000
vertex 9.000000 -6.000000 0.350000
vertex 9.000000 -6.000000 5.150000
endloop
endfacet
facet normal 0.998795 -0.0490691 0
outer loop
vertex 8.985554 -6.294052 0.350000
vertex 9.000000 -6.000000 5.150000
vertex 8.985554 -6.294052 5.150000
endloop
endfacet
facet normal 1 0 0
outer loop
vertex 9.000000 -6.000000 0.350000
vertex 9.000000 6.000000 0.350000
vertex 9.000000 6.000000 5.150000
endloop
endfacet
facet normal 1 0 0
outer loop
vertex 9.000000 -6.000000 0.350000
vertex 9.000000 6.000000 5.150000
vertex 9.000000 -6.000000 5.150000
endloop
endfacet
facet normal 0.979445 0.0481185 0.195888
outer loop
vertex 9.000000 6.000000 5.150000
vertex 8.985554 6.294052 5.150000
vertex 8.935795 6.289151 5.400000
endloop
endfacet
facet normal 0.979445 0.0481167 0.19589
outer loop
vertex 9.000000 6.000000 5.150000
vertex 8.935795 6.289151 5.400000
vertex 8.950000 6.000000 5.400000
endloop
endfacet
facet normal 0.970012 0.143886 0.195891
outer loop
vertex 8.985554 6.294052 5.150000
vertex 8.942356 6.585271 5.150000
vertex 8.893316 6.575516 5.400000
endloop
endfacet
facet normal 0.970012 0.143889 0.195888
outer loop
vertex 8.985554 6.294052 5.150000
vertex 8.893316 6.575516 5.400000
vertex 8.935795 6.289151 5.400000
endloop
endfacet
facet normal 0.951238 0.238274 0.195888
outer loop
vertex 8.942356 6.585271 5.150000
vertex 8.870821 6.870854 5.150000
vertex 8.822974 6.856340 5.400000
endloop
endfacet
facet normal 0.951238 0.238271 0.195891
outer loop
vertex 8.942356 6.585271 5.150000
vertex 8.822974 6.856340 5.400000
vertex 8.893316 6.575516 5.400000
endloop
endfacet
facet normal 0.923303 0.330362 0.195889
outer loop
vertex 8.870821 6.870854 5.150000
vertex 8.771639 7.148050 5.150000
vertex 8.725445 7.128916 5.400000
endloop
endfacet
facet normal 0.923303 0.330363 0.195888
outer loop
vertex 8.870821 6.870854 5.150000
vertex 8.725445 7.128916 5.400000
vertex 8.822974 6.856340 5.400000
endloop
endfacet
facet normal 0.886475 0.419273 0.195889
outer loop
vertex 8.771639 7.148050 5.150000
vertex 8.645763 7.414190 5.150000
vertex 8.601667 7.390620 5.400000
endloop
endfacet
facet normal 0.886475 0.419273 0.195889
outer loop
vertex 8.771639 7.148050 5.150000
vertex 8.601667 7.390620 5.400000
vertex 8.725445 7.128916 5.400000
endloop
endfacet
facet normal 0.841111 0.504142 0.195889
outer loop
vertex 8.645763 7.414190 5.150000
vertex 8.494409 7.666711 5.150000
vertex 8.452835 7.638932 5.400000
endloop
endfacet
facet normal 0.841111 0.504142 0.195889
outer loop
vertex 8.645763 7.414190 5.150000
vertex 8.452835 7.638932 5.400000
vertex 8.601667 7.390620 5.400000
endloop
endfacet
facet normal 0.787647 0.584158 0.195889
outer loop
vertex 8.494409 7.666711 5.150000
vertex 8.319032 7.903180 5.150000
vertex 8.280381 7.871460 5.400000
endloop
endfacet
facet normal 0.787647 0.584157 0.195889
outer loop
vertex 8.494409 7.666711 5.150000
vertex 8.280381 7.871460 5.400000
vertex 8.452835 7.638932 5.400000
endloop
endfacet
facet normal 0.726597 0.658547 0.19589
outer loop
vertex 8.319032 7.903180 5.150000
vertex 8.121321 8.121321 5.150000
vertex 8.085965 8.085965 5.400000
endloop
endfacet
facet normal 0.726596 0.658548 0.195889
outer loop
vertex 8.319032 7.903180 5.150000
vertex 8.085965 8.085965 5.400000
vertex 8.280381 7.871460 5.400000
endloop
endfacet
facet normal 0.658547 0.726597 0.195889
outer loop
vertex 8.121321 8.121321 5.150000
vertex 7.903180 8.319032 5.150000
vertex 7.871460 8.280381 5.400000
endloop
endfacet
facet normal 0.658548 0.726596 0.19589
outer loop
vertex 8.121321 8.121321 5.150000
vertex 7.871460 8.280381 5.400000
vertex 8.085965 8.085965 5.400000
endloop
endfacet
facet normal 0.584158 0.787647 0.195889
outer loop
vertex 7.903180 8.319032 5.150000
vertex 7.666711 8.494409 5.150000
vertex 7.638932 8.452835 5.400000
endloop
endfacet
facet normal 0.584157 0.787647 0.195889
outer loop
vertex 7.903180 8.319032 5.150000
vertex 7.638932 8.452835 5.400000
vertex 7.871460 8.280381 5.400000
endloop
endfacet
facet normal 0.504142 0.841111 0.195889
outer loop
vertex 7.666711 8.494409 5.150000
vertex 7.414190 8.645763 5.150000
vertex 7.390620 8.601667 5.400000
endloop
endfacet
facet normal 0.504142 0.841111 0.195889
outer loop
vertex 7.666711 8.494409 5.150000
vertex 7.390620 8.601667 5.400000
vertex 7.638932 8.452835 5.400000
endloop
endfacet
facet normal 0.419273 0.886475 0.195889
outer loop
vertex 7.414190 8.645763 5.150000
vertex 7.148050 8.771639 5.150000
vertex 7.128916 8.725445 5.400000
endloop
endfacet
facet normal 0.419273 0.886475 0.195889
outer loop
vertex 7.414190 8.645763 5.150000
vertex 7.128916 8.725445 5.400000
vertex 7.390620 8.601667 5.400000
endloop
endfacet
facet normal 0.330362 0.923303 0.195888
outer loop
vertex 7.148050 8.771639 5.150000
vertex 6.870854 8.870821 5.150000
vertex 6.856340 8.822974 5.400000
endloop
endfacet
facet normal 0.330363 0.923303 0.195889
outer loop
vertex 7.148050 8.771639 5.150000
vertex 6.856340 8.822974 5.400000
vertex 7.128916 8.725445 5.400000
endloop
endfacet
facet normal 0.238274 0.951237 0.195891
outer loop
vertex 6.870854 8.870821 5.150000
vertex 6.585271 8.942356 5.150000
vertex 6.575516 8.893316 5.400000
endloop
endfacet
facet normal 0.238271 0.951239 0.195888
outer loop
vertex 6.870854 8.870821 5.150000
vertex 6.575516 8.893316 5.400000
vertex 6.856340 8.822974 5.400000
endloop
endfacet
facet normal 0.143886 0.970013 0.195888
outer loop
vertex 6.585271 8.942356 5.150000
vertex 6.294052 8.985554 5.150000
vertex 6.289151 8.935795 5.400000
endloop
endfacet
facet normal 0.143888 0.970012 0.195891
outer loop
vertex 6.585271 8.942356 5.150000
vertex 6.289151 8.935795 5.400000
vertex 6.575516 8.893316 5.400000
endloop
endfacet
facet normal 0.0481185 0.979445 0.19589
outer loop
vertex 6.294052 8.985554 5.150000
vertex 6.000000 9.000000 5.150000
vertex 6.000000 8.950000 5.400000
endloop
endfacet
facet normal 0.0481168 0.979445 0.195888
outer loop
vertex 6.294052 8.985554 5.150000
vertex 6.000000 8.950000 5.400000
vertex 6.289151 8.935795 5.400000
endloop
endfacet
facet normal 0 0.98058 0.196117
outer loop
vertex 6.000000 9.000000 5.150000
vertex -6.000000 9.000000 5.150000
vertex -6.000000 8.950000 5.400000
endloop
endfacet
facet normal 0 0.98058 0.196117
outer loop
vertex 6.000000 9.000000 5.150000
vertex -6.000000 8.950000 5.400000
vertex 6.000000 8.950000 5.400000
endloop
endfacet
facet normal -0.0481185 0.979445 0.195888
outer loop
vertex -6.000000 9.000000 5.150000
vertex -6.294052 8.985554 5.150000
vertex -6.289151 8.935795 5.400000
endloop
endfacet
facet normal -0.0481167 0.979445 0.19589
outer loop
vertex -6.000000 9.000000 5.150000
vertex -6.289151 8.935795 5.400000
vertex -6.000000 8.950000 5.400000
endloop
endfacet
facet normal -0.143886 0.970012 0.195891
outer loop
vertex -6.294052 8.985554 5.150000
vertex -6.585271 8.942356 5.150000
vertex -6.575516 8.893316 5.400000
endloop
endfacet
facet normal -0.143889 0.970012 0.195888
outer loop
vertex -6.294052 8.985554 5.150000
vertex -6.575516 8.893316 5.400000
vertex -6.289151 8.935795 5.400000
endloop
endfacet
facet normal -0.238274 0.951238 0.195888
outer loop
vertex -6.585271 8.942356 5.150000
vertex -6.870854 8.870821 5.150000
vertex -6.856340 8.822974 5.400000
endloop
endfacet
facet normal -0.238271 0.951238 0.195891
outer loop
vertex -6.585271 8.942356 5.150000
vertex -6.856340 8.822974 5.400000
vertex -6.575516 8.893316 5.400000
endloop
endfacet
facet normal -0.330362 0.923303 0.195889
outer loop
vertex -6.870854 8.870821 5.150000
vertex -7.148050 8.771639 5.150000
vertex -7.128916 8.725445 5.400000
endloop
endfacet
facet normal -0.330363 0.923303 0.195888
outer loop
vertex -6.870854 8.870821 5.150000
vertex -7.128916 8.725445 5.400000
vertex -6.856340 8.822974 5.400000
endloop
endfacet
facet normal -0.419273 0.886475 0.195889
outer loop
vertex -7.148050 8.771639 5.150000
vertex -7.414190 8.645763 5.150000
vertex -7.390620 8.601667 5.400000
endloop
endfacet
facet normal -0.419273 0.886475 0.195889
outer loop
vertex -7.148050 8.771639 5.150000
vertex -7.390620 8.601667 5.400000
vertex -7.128916 8.725445 5.400000
endloop
endfacet
facet normal -0.504142 0.841111 0.195889
outer loop
vertex -7.414190 8.645763 5.150000
vertex -7.666711 8.494409 5.150000
vertex -7.638932 8.452835 5.400000
endloop
endfacet
facet normal -0.504142 0.841111 0.195889
outer loop
vertex -7.414190 8.645763 5.150000
vertex -7.638932 8.452835 5.400000
vertex -7.390620 8.601667 5.400000
endloop
endfacet
facet normal -0.584158 0.787647 0.195889
outer loop
vertex -7.666711 8.494409 5.150000
vertex -7.903180 8.319032 5.150000
vertex -7.871460 8.280381 5.400000
endloop
endfacet
facet normal -0.584157 0.787647 0.195889
outer loop
vertex -7.666711 8.494409 5.150000
vertex -7.871460 8.280381 5.400000
vertex -7.638932 8.452835 5.400000
endloop
endfacet
facet normal -0.658547 0.726597 0.19589
outer loop
vertex -7.903180 8.319032 5.150000
vertex -8.121321 8.121321 5.150000
vertex -8.085965 8.085965 5.400000
endloop
endfacet
facet normal -0.658548 0.726596 0.195889
outer loop
vertex -7.903180 8.319032 5.150000
vertex -8.085965 8.085965 5.400000
vertex -7.871460 8.280381 5.400000
endloop
endfacet
facet normal -0.726597 0.658547 0.195889
outer loop
vertex -8.121321 8.121321 5.150000
vertex -8.319032 7.903180 5.150000
vertex -8.280381 7.871460 5.400000
endloop
endfacet
facet normal -0.726596 0.658548 0.19589
outer loop
vertex -8.121321 8.121321 5.150000
vertex -8.280381 7.871460 5.400000
vertex -8.085965 8.085965 5.400000
endloop
endfacet
facet normal -0.787647 0.584158 0.195889
outer loop
vertex -8.319032 7.903180 5.150000
vertex -8.494409 7.666711 5.150000
vertex -8.452835 7.638932 5.400000
endloop
endfacet
facet normal -0.787647 0.584157 0.195889
outer loop
vertex -8.319032 7.903180 5.150000
vertex -8.452835 7.638932 5.400000
vertex -8.280381 7.871460 5.400000
endloop
endfacet
facet normal -0.841111 0.504142 0.195889
outer loop
vertex -8.494409 7.666711 5.150000
vertex -8.645763 7.414190 5.150000
vertex -8.601667 7.390620 5.400000
endloop
endfacet
facet normal -0.841111 0.504142 0.195889
outer loop
vertex -8.494409 7.666711 5.150000
vertex -8.601667 7.390620 5.400000
vertex -8.452835 7.638932 5.400000
endloop
endfacet
facet normal -0.886475 0.419273 0.195889
outer loop
vertex -8.645763 7.414190 5.150000
vertex -8.771639 7.148050 5.150000
vertex -8.725445 7.128916 5.400000
endloop
endfacet
facet normal -0.886475 0.419273 0.195889
outer loop
vertex -8.645763 7.414190 5.150000
vertex -8.725445 7.128916 5.400000
vertex -8.601667 7.390620 5.400000
endloop
endfacet
facet normal -0.923303 0.330362 0.195888
outer loop
vertex -8.771639 7.148050 5.150000
vertex -8.870821 6.870854 5.150000
vertex -8.822974 6.856340 5.400000
endloop
endfacet
facet normal -0.923303 0.330363 0.195889
outer loop
vertex -8.771639 7.148050 5.150000
vertex -8.822974 6.856340 5.400000
vertex -8.725445 7.128916 5.400000
endloop
endfacet
facet normal -0.951237 0.238274 0.195891
outer loop
vertex -8.870821 6.870854 5.150000
vertex -8.942356 6.585271 5.150000
vertex -8.893316 6.575516 5.400000
endloop
endfacet
facet normal -0.951239 0.238271 0.195888
outer loop
vertex -8.870821 6.870854 5.150000
vertex -8.893316 6.575516 5.400000
vertex -8.822974 6.856340 5.400000
endloop
endfacet
facet normal -0.970013 0.143886 0.195888
outer loop
vertex -8.942356 6.585271 5.150000
vertex -8.985554 6.294052 5.150000
vertex -8.935795 6.289151 5.400000
endloop
endfacet
facet normal -0.970012 0.143888 0.195891
outer loop
vertex -8.942356 6.585271 5.150000
vertex -8.935795 6.289151 5.400000
vertex -8.893316 6.575516 5.400000
endloop
endfacet
facet normal -0.979445 0.0481185 0.19589
outer loop
vertex -8.985554 6.294052 5.150000
vertex -9.000000 6.000000 5.150000
vertex -8.950000 6.000000 5.400000
endloop
endfacet
facet normal -0.979445 0.0481168 0.195888
outer loop
vertex -8.985554 6.294052 5.150000
vertex -8.950000 6.000000 5.400000
vertex -8.935795 6.289151 5.400000
endloop
endfacet
facet normal -0.98058 0 0.196117
outer loop
vertex -9.000000 6.000000 5.150000
vertex -9.000000 -6.000000 5.150000
vertex -8.950000 -6.000000 5.400000
endloop
endfacet
facet normal -0.98058 0 0.196117
outer loop
vertex -9.000000 6.000000 5.150000
vertex -8.950000 -6.000000 5.400000
vertex -8.950000 6.000000 5.400000
endloop
endfacet
facet normal -0.979445 -0.0481185 0.195888
outer loop
vertex -9.000000 -6.000000 5.150000
vertex -8.985554 -6.294052 5.150000
vertex -8.935795 -6.289151 5.400000
endloop
endfacet
facet normal -0.979445 -0.0481167 0.19589
outer loop
vertex -9.000000 -6.000000 5.150000
vertex -8.935795 -6.289151 5.400000
vertex -8.950000 -6.000000 5.400000
endloop
endfacet
facet normal -0.970012 -0.143886 0.195891
outer loop
vertex -8.985554 -6.294052 5.150000
vertex -8.942356 -6.585271 5.150000
vertex -8.893316 -6.575516 5.400000
endloop
endfacet
facet normal -0.970012 -0.143889 0.195888
outer loop
vertex -8.985554 -6.294052 5.150000
vertex -8.893316 -6.575516 5.400000
vertex -8.935795 -6.289151 5.400000
endloop
endfacet
facet normal -0.951238 -0.238274 0.195888
outer loop
vertex -8.942356 -6.585271 5.150000
vertex -8.870821 -6.870854 5.150000
vertex -8.822974 -6.856340 5.400000
endloop
endfacet
facet normal -0.951238 -0.238271 0.195891
outer loop
vertex -8.942356 -6.585271 5.150000
vertex -8.822974 -6.856340 5.400000
vertex -8.893316 -6.575516 5.400000
endloop
endfacet
facet normal -0.923303 -0.330362 0.195889
outer loop
vertex -8.870821 -6.870854 5.150000
vertex -8.771639 -7.148050 5.150000
vertex -8.725445 -7.128916 5.400000
endloop
endfacet
facet normal -0.923303 -0.330363 0.195888
outer loop
vertex -8.870821 -6.870854 5.150000
vertex -8.725445 -7.128916 5.400000
vertex -8.822974 -6.856340 5.400000
endloop
endfacet
facet normal -0.886475 -0.419273 0.195889
outer loop
vertex -8.771639 -7.148050 5.150000
vertex -8.645763 -7.414190 5.150000
vertex -8.601667 -7.390620 5.400000
endloop
endfacet
facet normal -0.886475 -0.419273 0.195889
outer loop
vertex -8.771639 -7.148050 5.150000
vertex -8.601667 -7.390620 5.400000
vertex -8.725445 -7.128916 5.400000
endloop
endfacet
facet normal -0.841111 -0.504142 0.195889
outer loop
vertex -8.645763 -7.414190 5.150000
vertex -8.494409 -7.666711 5.150000
vertex -8.452835 -7.638932 5.400000
endloop
endfacet
facet normal -0.841111 -0.504142 0.195889
outer loop
vertex -8.645763 -7.414190 5.150000
vertex -8.452835 -7.638932 5.400000
vertex -8.601667 -7.390620 5.400000
endloop
endfacet
facet normal -0.787647 -0.584158 0.195889
outer loop
vertex -8.494409 -7.666711 5.150000
vertex -8.319032 -7.903180 5.150000
vertex -8.280381 -7.871460 5.400000
endloop
endfacet
facet normal -0.787647 -0.584157 0.195889
outer loop
vertex -8.494409 -7.666711 5.150000
vertex -8.280381 -7.871460 5.400000
vertex -8.452835 -7.638932 5.400000
endloop
endfacet
facet normal -0.726597 -0.658547 0.19589
outer loop
vertex -8.319032 -7.903180 5.150000
vertex -8.121321 -8.121321 5.150000
vertex -8.085965 -8.085965 5.400000
endloop
endfacet
facet normal -0.726596 -0.658548 0.195889
outer loop
vertex -8.319032 -7.903180 5.150000
vertex -8.085965 -8.085965 5.400000
vertex -8.280381 -7.871460 5.400000
endloop
endfacet
facet normal -0.658547 -0.726597 0.195889
outer loop
vertex -8.121321 -8.121321 5.150000
vertex -7.903180 -8.319032 5.150000
vertex -7.871460 -8.280381 5.400000
endloop
endfacet
facet normal -0.658548 -0.726596 0.19589
outer loop
vertex -8.121321 -8.121321 5.150000
vertex -7.871460 -8.280381 5.400000
vertex -8.085965 -8.085965 5.400000
endloop
endfacet
facet normal -0.584158 -0.787647 0.195889
outer loop
vertex -7.903180 -8.319032 5.150000
vertex -7.666711 -8.494409 5.150000
vertex -7.638932 -8.452835 5.400000
endloop
endfacet
facet normal -0.584157 -0.787647 0.195889
outer loop
vertex -7.903180 -8.319032 5.150000
vertex -7.638932 -8.452835 5.400000
vertex -7.871460 -8.280381 5.400000
endloop
endfacet
facet normal -0.504142 -0.841111 0.195889
outer loop
vertex -7.666711 -8.494409 5.150000
vertex -7.414190 -8.645763 5.150000
vertex -7.390620 -8.601667 5.400000
endloop
endfacet
facet normal -0.504142 -0.841111 0.195889
outer loop
vertex -7.666711 -8.494409 5.150000
vertex -7.390620 -8.601667 5.400000
vertex -7.638932 -8.452835 5.400000
endloop
endfacet
facet normal -0.419273 -0.886475 0.195889
outer loop
vertex -7.414190 -8.645763 5.150000
vertex -7.148050 -8.771639 5.150000
vertex -7.128916 -8.725445 5.400000
endloop
endfacet
facet normal -0.419273 -0.886475 0.195889
outer loop
vertex -7.414190 -8.645763 5.150000
vertex -7.128916 -8.725445 5.400000
vertex -7.390620 -8.601667 5.400000
endloop
endfacet
facet normal -0.330362 -0.923303 0.195888
outer loop
vertex -7.148050 -8.771639 5.150000
vertex -6.870854 -8.870821 5.150000
vertex -6.856340 -8.822974 5.400000
endloop
endfacet
facet normal -0.330363 -0.923303 0.195889
outer loop
vertex -7.148050 -8.771639 5.150000
vertex -6.856340 -8.822974 5.400000
vertex -7.128916 -8.725445 5.400000
endloop
endfacet
facet normal -0.238274 -0.951237 0.195891
outer loop
vertex -6.870854 -8.870821 5.150000
vertex -6.585271 -8.942356 5.150000
vertex -6.575516 -8.893316 5.400000
endloop
endfacet
facet normal -0.238271 -0.951239 0.195888
outer loop
vertex -6.870854 -8.870821 5.150000
vertex -6.575516 -8.893316 5.400000
vertex -6.856340 -8.822974 5.400000
endloop
endfacet
facet normal -0.143886 -0.970013 0.195888
outer loop
vertex -6.585271 -8.942356 5.150000
vertex -6.294052 -8.985554 5.150000
vertex -6.289151 -8.935795 5.400000
endloop
endfacet
facet normal -0.143888 -0.970012 0.195891
outer loop
vertex -6.585271 -8.942356 5.150000
vertex -6.289151 -8.935795 5.400000
vertex -6.575516 -8.893316 5.400000
endloop
endfacet
facet normal -0.0481185 -0.979445 0.19589
outer loop
vertex -6.294052 -8.985554 5.150000
vertex -6.000000 -9.000000 5.150000
vertex -6.000000 -8.950000 5.400000
endloop
endfacet
facet normal -0.0481168 -0.979445 0.195888
outer loop
vertex -6.294052 -8.985554 5.150000
vertex -6.000000 -8.950000 5.400000
vertex -6.289151 -8.935795 5.400000
endloop
endfacet
facet normal 0 -0.98058 0.196117
outer loop
vertex -6.000000 -9.000000 5.150000
vertex 6.000000 -9.000000 5.150000
vertex 6.000000 -8.950000 5.400000
endloop
endfacet
facet normal 0 -0.98058 0.196117
outer loop
vertex -6.000000 -9.000000 5.150000
vertex 6.000000 -8.950000 5.400000
vertex -6.000000 -8.950000 5.400000
endloop
endfacet
facet normal 0.0481185 -0.979445 0.195888
outer loop
vertex 6.000000 -9.000000 5.150000
vertex 6.294052 -8.985554 5.150000
vertex 6.289151 -8.935795 5.400000
endloop
endfacet
facet normal 0.0481167 -0.979445 0.19589
outer loop
vertex 6.000000 -9.000000 5.150000
vertex 6.289151 -8.935795 5.400000
vertex 6.000000 -8.950000 5.400000
endloop
endfacet
facet normal 0.143886 -0.970012 0.195891
outer loop
vertex 6.294052 -8.985554 5.150000
vertex 6.585271 -8.942356 5.150000
vertex 6.575516 -8.893316 5.400000
endloop
endfacet
facet normal 0.143889 -0.970012 0.195888
outer loop
vertex 6.294052 -8.985554 5.150000
vertex 6.575516 -8.893316 5.400000
vertex 6.289151 -8.935795 5.400000
endloop
endfacet
facet normal 0.238274 -0.951238 0.195888
outer loop
vertex 6.585271 -8.942356 5.150000
vertex 6.870854 -8.870821 5.150000
vertex 6.856340 -8.822974 5.400000
endloop
endfacet
facet normal 0.238271 -0.951238 0.195891
outer loop
vertex 6.585271 -8.942356 5.150000
vertex 6.856340 -8.822974 5.400000
vertex 6.575516 -8.893316 5.400000
endloop
endfacet
facet normal 0.330362 -0.923303 0.195889
outer loop
vertex 6.870854 -8.870821 5.150000
vertex 7.148050 -8.771639 5.150000
vertex 7.128916 -8.725445 5.400000
endloop
endfacet
facet normal 0.330363 -0.923303 0.195888
outer loop
vertex 6.870854 -8.870821 5.150000
vertex 7.128916 -8.725445 5.400000
vertex 6.856340 -8.822974 5.400000
endloop
endfacet
facet normal 0.419273 -0.886475 0.195889
outer loop
vertex 7.148050 -8.771639 5.150000
vertex 7.414190 -8.645763 5.150000
vertex 7.390620 -8.601667 5.400000
endloop
endfacet
facet normal 0.419273 -0.886475 0.195889
outer loop
vertex 7.148050 -8.771639 5.150000
vertex 7.390620 -8.601667 5.400000
vertex 7.128916 -8.725445 5.400000
endloop
endfacet
facet normal 0.504142 -0.841111 0.195889
outer loop
vertex 7.414190 -8.645763 5.150000
vertex 7.666711 -8.494409 5.150000
vertex 7.638932 -8.452835 5.400000
endloop
endfacet
facet normal 0.504142 -0.841111 0.195889
outer loop
vertex 7.414190 -8.645763 5.150000
vertex 7.638932 -8.452835 5.400000
vertex 7.390620 -8.601667 5.400000
endloop
endfacet
facet normal 0.584158 -0.787647 0.195889
outer loop
vertex 7.666711 -8.494409 5.150000
vertex 7.903180 -8.319032 5.150000
vertex 7.871460 -8.280381 5.400000
endloop
endfacet
facet normal 0.584157 -0.787647 0.195889
outer loop
vertex 7.666711 -8.494409 5.150000
vertex 7.871460 -8.280381 5.400000
vertex 7.638932 -8.452835 5.400000
endloop
endfacet
facet normal 0.658547 -0.726597 0.19589
outer loop
vertex 7.903180 -8.319032 5.150000
vertex 8.121321 -8.121321 5.150000
vertex 8.085965 -8.085965 5.400000
endloop
endfacet
facet normal 0.658548 -0.726596 0.195889
outer loop
vertex 7.903180 -8.319032 5.150000
vertex 8.085965 -8.085965 5.400000
vertex 7.871460 -8.280381 5.400000
endloop
endfacet
facet normal 0.726597 -0.658547 0.195889
outer loop
vertex 8.121321 -8.121321 5.150000
vertex 8.319032 -7.903180 5.150000
vertex 8.280381 -7.871460 5.400000
endloop
endfacet
facet normal 0.726596 -0.658548 0.19589
outer loop
vertex 8.121321 -8.121321 5.150000
vertex 8.280381 -7.871460 5.400000
vertex 8.085965 -8.085965 5.400000
endloop
endfacet
facet normal 0.787647 -0.584158 0.195889
outer loop
vertex 8.319032 -7.903180 5.150000
vertex 8.494409 -7.666711 5.150000
vertex 8.452835 -7.638932 5.400000
endloop
endfacet
facet normal 0.787647 -0.584157 0.195889
outer loop
vertex 8.319032 -7.903180 5.150000
vertex 8.452835 -7.638932 5.400000
vertex 8.280381 -7.871460 5.400000
endloop
endfacet
facet normal 0.841111 -0.504142 0.195889
outer loop
vertex 8.494409 -7.666711 5.150000
vertex 8.645763 -7.414190 5.150000
vertex 8.601667 -7.390620 5.400000
endloop
endfacet
facet normal 0.841111 -0.504142 0.195889
outer loop
vertex 8.494409 -7.666711 5.150000
vertex 8.601667 -7.390620 5.400000
vertex 8.452835 -7.638932 5.400000
endloop
endfacet
facet normal 0.886475 -0.419273 0.195889
outer loop
vertex 8.645763 -7.414190 5.150000
vertex 8.771639 -7.148050 5.150000
vertex 8.725445 -7.128916 5.400000
endloop
endfacet
facet normal 0.886475 -0.419273 0.195889
outer loop
vertex 8.645763 -7.414190 5.150000
vertex 8.725445 -7.128916 5.400000
vertex 8.601667 -7.390620 5.400000
endloop
endfacet
facet normal 0.923303 -0.330362 0.195888
outer loop
vertex 8.771639 -7.148050 5.150000
vertex 8.870821 -6.870854 5.150000
vertex 8.822974 -6.856340 5.400000
endloop
endfacet
facet normal 0.923303 -0.330363 0.195889
outer loop
vertex 8.771639 -7.148050 5.150000
vertex 8.822974 -6.856340 5.400000
vertex 8.725445 -7.128916 5.400000
endloop
endfacet
facet normal 0.951237 -0.238274 0.195891
outer loop
vertex 8.870821 -6.870854 5.150000
vertex 8.942356 -6.585271 5.150000
vertex 8.893316 -6.575516 5.400000
endloop
endfacet
facet normal 0.951239 -0.238271 0.195888
outer loop
vertex 8.870821 -6.870854 5.150000
vertex 8.893316 -6.575516 5.400000
vertex 8.822974 -6.856340 5.400000
endloop
endfacet
facet normal 0.970013 -0.143886 0.195888
outer loop
vertex 8.942356 -6.585271 5.150000
vertex 8.985554 -6.294052 5.150000
vertex 8.935795 -6.289151 5.400000
endloop
endfacet
facet normal 0.970012 -0.143888 0.195891
outer loop
vertex 8.942356 -6.585271 5.150000
vertex 8.935795 -6.289151 5.400000
vertex 8.893316 -6.575516 5.400000
endloop
endfacet
facet normal 0.979445 -0.0481185 0.19589
outer loop
vertex 8.985554 -6.294052 5.150000
vertex 9.000000 -6.000000 5.150000
vertex 8.950000 -6.000000 5.400000
endloop
endfacet
facet normal 0.979445 -0.0481168 0.195888
outer loop
vertex 8.985554 -6.294052 5.150000
vertex 8.950000 -6.000000 5.400000
vertex 8.935795 -6.289151 5.400000
endloop
endfacet
facet normal 0.98058 -0 0.196117
outer loop
vertex 9.000000 -6.000000 5.150000
vertex 9.000000 6.000000 5.150000
vertex 8.950000 6.000000 5.400000
endloop
endfacet
facet normal 0.98058 0 0.196117
outer loop
vertex 9.000000 -6.000000 5.150000
vertex 8.950000 6.000000 5.400000
vertex 8.950000 -6.000000 5.400000
endloop
endfacet
facet normal 0.758448 0.03726 0.650667
outer loop
vertex 8.950000 6.000000 5.400000
vertex 8.935795 6.289151 5.400000
vertex 8.811036 6.209249 5.550000
endloop
endfacet
facet normal 0.758447 0.0372586 0.650668
outer loop
vertex 8.950000 6.000000 5.400000
vertex 8.811036 6.209249 5.550000
vertex 8.825000 5.925000 5.550000
endloop
endfacet
facet normal 0.734927 0.109017 0.669326
outer loop
vertex 8.935795 6.289151 5.400000
vertex 8.893316 6.575516 5.400000
vertex 8.769278 6.490762 5.550000
endloop
endfacet
facet normal 0.734927 0.109016 0.669327
outer loop
vertex 8.935795 6.289151 5.400000
vertex 8.769278 6.490762 5.550000
vertex 8.811036 6.209249 5.550000
endloop
endfacet
facet normal 0.70699 0.17709 0.684693
outer loop
vertex 8.893316 6.575516 5.400000
vertex 8.822974 6.856340 5.400000
vertex 8.700127 6.766826 5.550000
endloop
endfacet
facet normal 0.706991 0.177093 0.684691
outer loop
vertex 8.893316 6.575516 5.400000
vertex 8.700127 6.766826 5.550000
vertex 8.769278 6.490762 5.550000
endloop
endfacet
facet normal 0.675107 0.241557 0.697051
outer loop
vertex 8.822974 6.856340 5.400000
vertex 8.725445 7.128916 5.400000
vertex 8.604251 7.034782 5.550000
endloop
endfacet
facet normal 0.675107 0.241556 0.697052
outer loop
vertex 8.822974 6.856340 5.400000
vertex 8.604251 7.034782 5.550000
vertex 8.700127 6.766826 5.550000
endloop
endfacet
facet normal 0.639631 0.302525 0.706648
outer loop
vertex 8.725445 7.128916 5.400000
vertex 8.601667 7.390620 5.400000
vertex 8.482572 7.292050 5.550000
endloop
endfacet
facet normal 0.639631 0.302524 0.706648
outer loop
vertex 8.725445 7.128916 5.400000
vertex 8.482572 7.292050 5.550000
vertex 8.604251 7.034782 5.550000
endloop
endfacet
facet normal 0.600818 0.360116 0.713676
outer loop
vertex 8.601667 7.390620 5.400000
vertex 8.452835 7.638932 5.400000
vertex 8.336262 7.536154 5.550000
endloop
endfacet
facet normal 0.600818 0.360116 0.713676
outer loop
vertex 8.601667 7.390620 5.400000
vertex 8.336262 7.536154 5.550000
vertex 8.482572 7.292050 5.550000
endloop
endfacet
facet normal 0.558832 0.414457 0.718284
outer loop
vertex 8.452835 7.638932 5.400000
vertex 8.280381 7.871460 5.400000
vertex 8.166730 7.764740 5.550000
endloop
endfacet
facet normal 0.558832 0.414459 0.718283
outer loop
vertex 8.452835 7.638932 5.400000
vertex 8.166730 7.764740 5.550000
vertex 8.336262 7.536154 5.550000
endloop
endfacet
facet normal 0.513769 0.465652 0.720562
outer loop
vertex 8.280381 7.871460 5.400000
vertex 8.085965 8.085965 5.400000
vertex 7.975610 7.975610 5.550000
endloop
endfacet
facet normal 0.513769 0.465651 0.720563
outer loop
vertex 8.280381 7.871460 5.400000
vertex 7.975610 7.975610 5.550000
vertex 8.166730 7.764740 5.550000
endloop
endfacet
facet normal 0.465652 0.513768 0.720563
outer loop
vertex 8.085965 8.085965 5.400000
vertex 7.871460 8.280381 5.400000
vertex 7.764740 8.166730 5.550000
endloop
endfacet
facet normal 0.465652 0.513769 0.720562
outer loop
vertex 8.085965 8.085965 5.400000
vertex 7.764740 8.166730 5.550000
vertex 7.975610 7.975610 5.550000
endloop
endfacet
facet normal 0.414458 0.558833 0.718282
outer loop
vertex 7.871460 8.280381 5.400000
vertex 7.638932 8.452835 5.400000
vertex 7.536154 8.336262 5.550000
endloop
endfacet
facet normal 0.414458 0.558831 0.718284
outer loop
vertex 7.871460 8.280381 5.400000
vertex 7.536154 8.336262 5.550000
vertex 7.764740 8.166730 5.550000
endloop
endfacet
facet normal 0.360116 0.600818 0.713676
outer loop
vertex 7.638932 8.452835 5.400000
vertex 7.390620 8.601667 5.400000
vertex 7.292050 8.482572 5.550000
endloop
endfacet
facet normal 0.360116 0.600818 0.713676
outer loop
vertex 7.638932 8.452835 5.400000
vertex 7.292050 8.482572 5.550000
vertex 7.536154 8.336262 5.550000
endloop
endfacet
facet normal 0.302524 0.639631 0.706648
outer loop
vertex 7.390620 8.601667 5.400000
vertex 7.128916 8.725445 5.400000
vertex 7.034782 8.604251 5.550000
endloop
endfacet
facet normal 0.302524 0.639632 0.706648
outer loop
vertex 7.390620 8.601667 5.400000
vertex 7.034782 8.604251 5.550000
vertex 7.292050 8.482572 5.550000
endloop
endfacet
facet normal 0.241557 0.675106 0.697052
outer loop
vertex 7.128916 8.725445 5.400000
vertex 6.856340 8.822974 5.400000
vertex 6.766826 8.700127 5.550000
endloop
endfacet
facet normal 0.241556 0.675108 0.697051
outer loop
vertex 7.128916 8.725445 5.400000
vertex 6.766826 8.700127 5.550000
vertex 7.034782 8.604251 5.550000
endloop
endfacet
facet normal 0.177091 0.706992 0.68469
outer loop
vertex 6.856340 8.822974 5.400000
vertex 6.575516 8.893316 5.400000
vertex 6.490762 8.769278 5.550000
endloop
endfacet
facet normal 0.177093 0.706988 0.684694
outer loop
vertex 6.856340 8.822974 5.400000
vertex 6.490762 8.769278 5.550000
vertex 6.766826 8.700127 5.550000
endloop
endfacet
facet normal 0.109017 0.734927 0.669327
outer loop
vertex 6.575516 8.893316 5.400000
vertex 6.289151 8.935795 5.400000
vertex 6.209249 8.811036 5.550000
endloop
endfacet
facet normal 0.109016 0.734927 0.669326
outer loop
vertex 6.575516 8.893316 5.400000
vertex 6.209249 8.811036 5.550000
vertex 6.490762 8.769278 5.550000
endloop
endfacet
facet normal 0.0372599 0.758447 0.650669
outer loop
vertex 6.289151 8.935795 5.400000
vertex 6.000000 8.950000 5.400000
vertex 5.925000 8.825000 5.550000
endloop
endfacet
facet normal 0.0372587 0.758449 0.650667
outer loop
vertex 6.289151 8.935795 5.400000
vertex 5.925000 8.825000 5.550000
vertex 6.209249 8.811036 5.550000
endloop
endfacet
facet normal 0 0.768221 0.640184
outer loop
vertex 6.000000 8.950000 5.400000
vertex -6.000000 8.950000 5.400000
vertex -5.925000 8.825000 5.550000
endloop
endfacet
facet normal 0 0.768221 0.640184
outer loop
vertex 6.000000 8.950000 5.400000
vertex -5.925000 8.825000 5.550000
vertex 5.925000 8.825000 5.550000
endloop
endfacet
facet normal -0.03726 0.758448 0.650667
outer loop
vertex -6.000000 8.950000 5.400000
vertex -6.289151 8.935795 5.400000
vertex -6.209249 8.811036 5.550000
endloop
endfacet
facet normal -0.0372586 0.758447 0.650668
outer loop
vertex -6.000000 8.950000 5.400000
vertex -6.209249 8.811036 5.550000
vertex -5.925000 8.825000 5.550000
endloop
endfacet
facet normal -0.109017 0.734927 0.669326
outer loop
vertex -6.289151 8.935795 5.400000
vertex -6.575516 8.893316 5.400000
vertex -6.490762 8.769278 5.550000
endloop
endfacet
facet normal -0.109016 0.734927 0.669327
outer loop
vertex -6.289151 8.935795 5.400000
vertex -6.490762 8.769278 5.550000
vertex -6.209249 8.811036 5.550000
endloop
endfacet
facet normal -0.17709 0.70699 0.684693
outer loop
vertex -6.575516 8.893316 5.400000
vertex -6.856340 8.822974 5.400000
vertex -6.766826 8.700127 5.550000
endloop
endfacet
facet normal -0.177093 0.706991 0.684691
outer loop
vertex -6.575516 8.893316 5.400000
vertex -6.766826 8.700127 5.550000
vertex -6.490762 8.769278 5.550000
endloop
endfacet
facet normal -0.241557 0.675107 0.697051
outer loop
vertex -6.856340 8.822974 5.400000
vertex -7.128916 8.725445 5.400000
vertex -7.034782 8.604251 5.550000
endloop
endfacet
facet normal -0.241556 0.675107 0.697052
outer loop
vertex -6.856340 8.822974 5.400000
vertex -7.034782 8.604251 5.550000
vertex -6.766826 8.700127 5.550000
endloop
endfacet
facet normal -0.302525 0.639631 0.706648
outer loop
vertex -7.128916 8.725445 5.400000
vertex -7.390620 8.601667 5.400000
vertex -7.292050 8.482572 5.550000
endloop
endfacet
facet normal -0.302524 0.639631 0.706648
outer loop
vertex -7.128916 8.725445 5.400000
vertex -7.292050 8.482572 5.550000
vertex -7.034782 8.604251 5.550000
endloop
endfacet
facet normal -0.360116 0.600818 0.713676
outer loop
vertex -7.390620 8.601667 5.400000
vertex -7.638932 8.452835 5.400000
vertex -7.536154 8.336262 5.550000
endloop
endfacet
facet normal -0.360116 0.600818 0.713676
outer loop
vertex -7.390620 8.601667 5.400000
vertex -7.536154 8.336262 5.550000
vertex -7.292050 8.482572 5.550000
endloop
endfacet
facet normal -0.414457 0.558832 0.718284
outer loop
vertex -7.638932 8.452835 5.400000
vertex -7.871460 8.280381 5.400000
vertex -7.764740 8.166730 5.550000
endloop
endfacet
facet normal -0.414459 0.558832 0.718283
outer loop
vertex -7.638932 8.452835 5.400000
vertex -7.764740 8.166730 5.550000
vertex -7.536154 8.336262 5.550000
endloop
endfacet
facet normal -0.465652 0.513769 0.720562
outer loop
vertex -7.871460 8.280381 5.400000
vertex -8.085965 8.085965 5.400000
vertex -7.975610 7.975610 5.550000
endloop
endfacet
facet normal -0.465651 0.513769 0.720563
outer loop
vertex -7.871460 8.280381 5.400000
vertex -7.975610 7.975610 5.550000
vertex -7.764740 8.166730 5.550000
endloop
endfacet
facet normal -0.513768 0.465652 0.720563
outer loop
vertex -8.085965 8.085965 5.400000
vertex -8.280381 7.871460 5.400000
vertex -8.166730 7.764740 5.550000
endloop
endfacet
facet normal -0.513769 0.465652 0.720562
outer loop
vertex -8.085965 8.085965 5.400000
vertex -8.166730 7.764740 5.550000
vertex -7.975610 7.975610 5.550000
endloop
endfacet
facet normal -0.558833 0.414458 0.718282
outer loop
vertex -8.280381 7.871460 5.400000
vertex -8.452835 7.638932 5.400000
vertex -8.336262 7.536154 5.550000
endloop
endfacet
facet normal -0.558831 0.414458 0.718284
outer loop
vertex -8.280381 7.871460 5.400000
vertex -8.336262 7.536154 5.550000
vertex -8.166730 7.764740 5.550000
endloop
endfacet
facet normal -0.600818 0.360116 0.713676
outer loop
vertex -8.452835 7.638932 5.400000
vertex -8.601667 7.390620 5.400000
vertex -8.482572 7.292050 5.550000
endloop
endfacet
facet normal -0.600818 0.360116 0.713676
outer loop
vertex -8.452835 7.638932 5.400000
vertex -8.482572 7.292050 5.550000
vertex -8.336262 7.536154 5.550000
endloop
endfacet
facet normal -0.639631 0.302524 0.706648
outer loop
vertex -8.601667 7.390620 5.400000
vertex -8.725445 7.128916 5.400000
vertex -8.604251 7.034782 5.550000
endloop
endfacet
facet normal -0.639632 0.302524 0.706648
outer loop
vertex -8.601667 7.390620 5.400000
vertex -8.604251 7.034782 5.550000
vertex -8.482572 7.292050 5.550000
endloop
endfacet
facet normal -0.675106 0.241557 0.697052
outer loop
vertex -8.725445 7.128916 5.400000
vertex -8.822974 6.856340 5.400000
vertex -8.700127 6.766826 5.550000
endloop
endfacet
facet normal -0.675108 0.241556 0.697051
outer loop
vertex -8.725445 7.128916 5.400000
vertex -8.700127 6.766826 5.550000
vertex -8.604251 7.034782 5.550000
endloop
endfacet
facet normal -0.706992 0.177091 0.68469
outer loop
vertex -8.822974 6.856340 5.400000
vertex -8.893316 6.575516 5.400000
vertex -8.769278 6.490762 5.550000
endloop
endfacet
facet normal -0.706988 0.177093 0.684694
outer loop
vertex -8.822974 6.856340 5.400000
vertex -8.769278 6.490762 5.550000
vertex -8.700127 6.766826 5.550000
endloop
endfacet
facet normal -0.734927 0.109017 0.669327
outer loop
vertex -8.893316 6.575516 5.400000
vertex -8.935795 6.289151 5.400000
vertex -8.811036 6.209249 5.550000
endloop
endfacet
facet normal -0.734927 0.109016 0.669326
outer loop
vertex -8.893316 6.575516 5.400000
vertex -8.811036 6.209249 5.550000
vertex -8.769278 6.490762 5.550000
endloop
endfacet
facet normal -0.758447 0.0372599 0.650669
outer loop
vertex -8.935795 6.289151 5.400000
vertex -8.950000 6.000000 5.400000
vertex -8.825000 5.925000 5.550000
endloop
endfacet
facet normal -0.758449 0.0372587 0.650667
outer loop
vertex -8.935795 6.289151 5.400000
vertex -8.825000 5.925000 5.550000
vertex -8.811036 6.209249 5.550000
endloop
endfacet
facet normal -0.768221 0 0.640184
outer loop
vertex -8.950000 6.000000 5.400000
vertex -8.950000 -6.000000 5.400000
vertex -8.825000 -5.925000 5.550000
endloop
endfacet
facet normal -0.768221 0 0.640184
outer loop
vertex -8.950000 6.000000 5.400000
vertex -8.825000 -5.925000 5.550000
vertex -8.825000 5.925000 5.550000
endloop
endfacet
facet normal -0.758448 -0.03726 0.650667
outer loop
vertex -8.950000 -6.000000 5.400000
vertex -8.935795 -6.289151 5.400000
vertex -8.811036 -6.209249 5.550000
endloop
endfacet
facet normal -0.758447 -0.0372586 0.650668
outer loop
vertex -8.950000 -6.000000 5.400000
vertex -8.811036 -6.209249 5.550000
vertex -8.825000 -5.925000 5.550000
endloop
endfacet
facet normal -0.734927 -0.109017 0.669326
outer loop
vertex -8.935795 -6.289151 5.400000
vertex -8.893316 -6.575516 5.400000
vertex -8.769278 -6.490762 5.550000
endloop
endfacet
facet normal -0.734927 -0.109016 0.669327
outer loop
vertex -8.935795 -6.289151 5.400000
vertex -8.769278 -6.490762 5.550000
vertex -8.811036 -6.209249 5.550000
endloop
endfacet
facet normal -0.70699 -0.17709 0.684693
outer loop
vertex -8.893316 -6.575516 5.400000
vertex -8.822974 -6.856340 5.400000
vertex -8.700127 -6.766826 5.550000
endloop
endfacet
facet normal -0.706991 -0.177093 0.684691
outer loop
vertex -8.893316 -6.575516 5.400000
vertex -8.700127 -6.766826 5.550000
vertex -8.769278 -6.490762 5.550000
endloop
endfacet
facet normal -0.675107 -0.241557 0.697051
outer loop
vertex -8.822974 -6.856340 5.400000
vertex -8.725445 -7.128916 5.400000
vertex -8.604251 -7.034782 5.550000
endloop
endfacet
facet normal -0.675107 -0.241556 0.697052
outer loop
vertex -8.822974 -6.856340 5.400000
vertex -8.604251 -7.034782 5.550000
vertex -8.700127 -6.766826 5.550000
endloop
endfacet
facet normal -0.639631 -0.302525 0.706648
outer loop
vertex -8.725445 -7.128916 5.400000
vertex -8.601667 -7.390620 5.400000
vertex -8.482572 -7.292050 5.550000
endloop
endfacet
facet normal -0.639631 -0.302524 0.706648
outer loop
vertex -8.725445 -7.128916 5.400000
vertex -8.482572 -7.292050 5.550000
vertex -8.604251 -7.034782 5.550000
endloop
endfacet
facet normal -0.600818 -0.360116 0.713676
outer loop
vertex -8.601667 -7.390620 5.400000
vertex -8.452835 -7.638932 5.400000
vertex -8.336262 -7.536154 5.550000
endloop
endfacet
facet normal -0.600818 -0.360116 0.713676
outer loop
vertex -8.601667 -7.390620 5.400000
vertex -8.336262 -7.536154 5.550000
vertex -8.482572 -7.292050 5.550000
endloop
endfacet
facet normal -0.558832 -0.414457 0.718284
outer loop
vertex -8.452835 -7.638932 5.400000
vertex -8.280381 -7.871460 5.400000
vertex -8.166730 -7.764740 5.550000
endloop
endfacet
facet normal -0.558832 -0.414459 0.718283
outer loop
vertex -8.452835 -7.638932 5.400000
vertex -8.166730 -7.764740 5.550000
vertex -8.336262 -7.536154 5.550000
endloop
endfacet
facet normal -0.513769 -0.465652 0.720562
outer loop
vertex -8.280381 -7.871460 5.400000
vertex -8.085965 -8.085965 5.400000
vertex -7.975610 -7.975610 5.550000
endloop
endfacet
facet normal -0.513769 -0.465651 0.720563
outer loop
vertex -8.280381 -7.871460 5.400000
vertex -7.975610 -7.975610 5.550000
vertex -8.166730 -7.764740 5.550000
endloop
endfacet
facet normal -0.465652 -0.513768 0.720563
outer loop
vertex -8.085965 -8.085965 5.400000
vertex -7.871460 -8.280381 5.400000
vertex -7.764740 -8.166730 5.550000
endloop
endfacet
facet normal -0.465652 -0.513769 0.720562
outer loop
vertex -8.085965 -8.085965 5.400000
vertex -7.764740 -8.166730 5.550000
vertex -7.975610 -7.975610 5.550000
endloop
endfacet
facet normal -0.414458 -0.558833 0.718282
outer loop
vertex -7.871460 -8.280381 5.400000
vertex -7.638932 -8.452835 5.400000
vertex -7.536154 -8.336262 5.550000
endloop
endfacet
facet normal -0.414458 -0.558831 0.718284
outer loop
vertex -7.871460 -8.280381 5.400000
vertex -7.536154 -8.336262 5.550000
vertex -7.764740 -8.166730 5.550000
endloop
endfacet
facet normal -0.360116 -0.600818 0.713676
outer loop
vertex -7.638932 -8.452835 5.400000
vertex -7.390620 -8.601667 5.400000
vertex -7.292050 -8.482572 5.550000
endloop
endfacet
facet normal -0.360116 -0.600818 0.713676
outer loop
vertex -7.638932 -8.452835 5.400000
vertex -7.292050 -8.482572 5.550000
vertex -7.536154 -8.336262 5.550000
endloop
endfacet
facet normal -0.302524 -0.639631 0.706648
outer loop
vertex -7.390620 -8.601667 5.400000
vertex -7.128916 -8.725445 5.400000
vertex -7.034782 -8.604251 5.550000
endloop
endfacet
facet normal -0.302524 -0.639632 0.706648
outer loop
vertex -7.390620 -8.601667 5.400000
vertex -7.034782 -8.604251 5.550000
vertex -7.292050 -8.482572 5.550000
endloop
endfacet
facet normal -0.241557 -0.675106 0.697052
outer loop
vertex -7.128916 -8.725445 5.400000
vertex -6.856340 -8.822974 5.400000
vertex -6.766826 -8.700127 5.550000
endloop
endfacet
facet normal -0.241556 -0.675108 0.697051
outer loop
vertex -7.128916 -8.725445 5.400000
vertex -6.766826 -8.700127 5.550000
vertex -7.034782 -8.604251 5.550000
endloop
endfacet
facet normal -0.177091 -0.706992 0.68469
outer loop
vertex -6.856340 -8.822974 5.400000
vertex -6.575516 -8.893316 5.400000
vertex -6.490762 -8.769278 5.550000
endloop
endfacet
facet normal -0.177093 -0.706988 0.684694
outer loop
vertex -6.856340 -8.822974 5.400000
vertex -6.490762 -8.769278 5.550000
vertex -6.766826 -8.700127 5.550000
endloop
endfacet
facet normal -0.109017 -0.734927 0.669327
outer loop
vertex -6.575516 -8.893316 5.400000
vertex -6.289151 -8.935795 5.400000
vertex -6.209249 -8.811036 5.550000
endloop
endfacet
facet normal -0.109016 -0.734927 0.669326
outer loop
vertex -6.575516 -8.893316 5.400000
vertex -6.209249 -8.811036 5.550000
vertex -6.490762 -8.769278 5.550000
endloop
endfacet
facet normal -0.0372599 -0.758447 0.650669
outer loop
vertex -6.289151 -8.935795 5.400000
vertex -6.000000 -8.950000 5.400000
vertex -5.925000 -8.825000 5.550000
endloop
endfacet
facet normal -0.0372587 -0.758449 0.650667
outer loop
vertex -6.289151 -8.935795 5.400000
vertex -5.925000 -8.825000 5.550000
vertex -6.209249 -8.811036 5.550000
endloop
endfacet
facet normal 0 -0.768221 0.640184
outer loop
vertex -6.000000 -8.950000 5.400000
vertex 6.000000 -8.950000 5.400000
vertex 5.925000 -8.825000 5.550000
endloop
endfacet
facet normal 0 -0.768221 0.640184
outer loop
vertex -6.000000 -8.950000 5.400000
vertex 5.925000 -8.825000 5.550000
vertex -5.925000 -8.825000 5.550000
endloop
endfacet
facet normal 0.03726 -0.758448 0.650667
outer loop
vertex 6.000000 -8.950000 5.400000
vertex 6.289151 -8.935795 5.400000
vertex 6.209249 -8.811036 5.550000
endloop
endfacet
facet normal 0.0372586 -0.758447 0.650668
outer loop
vertex 6.000000 -8.950000 5.400000
vertex 6.209249 -8.811036 5.550000
vertex 5.925000 -8.825000 5.550000
endloop
endfacet
facet normal 0.109017 -0.734927 0.669326
outer loop
vertex 6.289151 -8.935795 5.400000
vertex 6.575516 -8.893316 5.400000
vertex 6.490762 -8.769278 5.550000
endloop
endfacet
facet normal 0.109016 -0.734927 0.669327
outer loop
vertex 6.289151 -8.935795 5.400000
vertex 6.490762 -8.769278 5.550000
vertex 6.209249 -8.811036 5.550000
endloop
endfacet
facet normal 0.17709 -0.70699 0.684693
outer loop
vertex 6.575516 -8.893316 5.400000
vertex 6.856340 -8.822974 5.400000
vertex 6.766826 -8.700127 5.550000
endloop
endfacet
facet normal 0.177093 -0.706991 0.684691
outer loop
vertex 6.575516 -8.893316 5.400000
vertex 6.766826 -8.700127 5.550000
vertex 6.490762 -8.769278 5.550000
endloop
endfacet
facet normal 0.241557 -0.675107 0.697051
outer loop
vertex 6.856340 -8.822974 5.400000
vertex 7.128916 -8.725445 5.400000
vertex 7.034782 -8.604251 5.550000
endloop
endfacet
facet normal 0.241556 -0.675107 0.697052
outer loop
vertex 6.856340 -8.822974 5.400000
vertex 7.034782 -8.604251 5.550000
vertex 6.766826 -8.700127 5.550000
endloop
endfacet
facet normal 0.302525 -0.639631 0.706648
outer loop
vertex 7.128916 -8.725445 5.400000
vertex 7.390620 -8.601667 5.400000
vertex 7.292050 -8.482572 5.550000
endloop
endfacet
facet normal 0.302524 -0.639631 0.706648
outer loop
vertex 7.128916 -8.725445 5.400000
vertex 7.292050 -8.482572 5.550000
vertex 7.034782 -8.604251 5.550000
endloop
endfacet
facet normal 0.360116 -0.600818 0.713676
outer loop
vertex 7.390620 -8.601667 5.400000
vertex 7.638932 -8.452835 5.400000
vertex 7.536154 -8.336262 5.550000
endloop
endfacet
facet normal 0.360116 -0.600818 0.713676
outer loop
vertex 7.390620 -8.601667 5.400000
vertex 7.536154 -8.336262 5.550000
vertex 7.292050 -8.482572 5.550000
endloop
endfacet
facet normal 0.414457 -0.558832 0.718284
outer loop
vertex 7.638932 -8.452835 5.400000
vertex 7.871460 -8.280381 5.400000
vertex 7.764740 -8.166730 5.550000
endloop
endfacet
facet normal 0.414459 -0.558832 0.718283
outer loop
vertex 7.638932 -8.452835 5.400000
vertex 7.764740 -8.166730 5.550000
vertex 7.536154 -8.336262 5.550000
endloop
endfacet
facet normal 0.465652 -0.513769 0.720562
outer loop
vertex 7.871460 -8.280381 5.400000
vertex 8.085965 -8.085965 5.400000
vertex 7.975610 -7.975610 5.550000
endloop
endfacet
facet normal 0.465651 -0.513769 0.720563
outer loop
vertex 7.871460 -8.280381 5.400000
vertex 7.975610 -7.975610 5.550000
vertex 7.764740 -8.166730 5.550000
endloop
endfacet
facet normal 0.513768 -0.465652 0.720563
outer loop
vertex 8.085965 -8.085965 5.400000
vertex 8.280381 -7.871460 5.400000
vertex 8.166730 -7.764740 5.550000
endloop
endfacet
facet normal 0.513769 -0.465652 0.720562
outer loop
vertex 8.085965 -8.085965 5.400000
vertex 8.166730 -7.764740 5.550000
vertex 7.975610 -7.975610 5.550000
endloop
endfacet
facet normal 0.558833 -0.414458 0.718282
outer loop
vertex 8.280381 -7.871460 5.400000
vertex 8.452835 -7.638932 5.400000
vertex 8.336262 -7.536154 5.550000
endloop
endfacet
facet normal 0.558831 -0.414458 0.718284
outer loop
vertex 8.280381 -7.871460 5.400000
vertex 8.336262 -7.536154 5.550000
vertex 8.166730 -7.764740 5.550000
endloop
endfacet
facet normal 0.600818 -0.360116 0.713676
outer loop
vertex 8.452835 -7.638932 5.400000
vertex 8.601667 -7.390620 5.400000
vertex 8.482572 -7.292050 5.550000
endloop
endfacet
facet normal 0.600818 -0.360116 0.713676
outer loop
vertex 8.452835 -7.638932 5.400000
vertex 8.482572 -7.292050 5.550000
vertex 8.336262 -7.536154 5.550000
endloop
endfacet
facet normal 0.639631 -0.302524 0.706648
outer loop
vertex 8.601667 -7.390620 5.400000
vertex 8.725445 -7.128916 5.400000
vertex 8.604251 -7.034782 5.550000
endloop
endfacet
facet normal 0.639632 -0.302524 0.706648
outer loop
vertex 8.601667 -7.390620 5.400000
vertex 8.604251 -7.034782 5.550000
vertex 8.482572 -7.292050 5.550000
endloop
endfacet
facet normal 0.675106 -0.241557 0.697052
outer loop
vertex 8.725445 -7.128916 5.400000
vertex 8.822974 -6.856340 5.400000
vertex 8.700127 -6.766826 5.550000
endloop
endfacet
facet normal 0.675108 -0.241556 0.697051
outer loop
vertex 8.725445 -7.128916 5.400000
vertex 8.700127 -6.766826 5.550000
vertex 8.604251 -7.034782 5.550000
endloop
endfacet
facet normal 0.706992 -0.177091 0.68469
outer loop
vertex 8.822974 -6.856340 5.400000
vertex 8.893316 -6.575516 5.400000
vertex 8.769278 -6.490762 5.550000
endloop
endfacet
facet normal 0.706988 -0.177093 0.684694
outer loop
vertex 8.822974 -6.856340 5.400000
vertex 8.769278 -6.490762 5.550000
vertex 8.700127 -6.766826 5.550000
endloop
endfacet
facet normal 0.734927 -0.109017 0.669327
outer loop
vertex 8.893316 -6.575516 5.400000
vertex 8.935795 -6.289151 5.400000
vertex 8.811036 -6.209249 5.550000
endloop
endfacet
facet normal 0.734927 -0.109016 0.669326
outer loop
vertex 8.893316 -6.575516 5.400000
vertex 8.811036 -6.209249 5.550000
vertex 8.769278 -6.490762 5.550000
endloop
endfacet
facet normal 0.758447 -0.0372599 0.650669
outer loop
vertex 8.935795 -6.289151 5.400000
vertex 8.950000 -6.000000 5.400000
vertex 8.825000 -5.925000 5.550000
endloop
endfacet
facet normal 0.758449 -0.0372587 0.650667
outer loop
vertex 8.935795 -6.289151 5.400000
vertex 8.825000 -5.925000 5.550000
vertex 8.811036 -6.209249 5.550000
endloop
endfacet
facet normal 0.768221 -0 0.640184
outer loop
vertex 8.950000 -6.000000 5.400000
vertex 8.950000 6.000000 5.400000
vertex 8.825000 5.925000 5.550000
endloop
endfacet
facet normal 0.768221 0 0.640184
outer loop
vertex 8.950000 -6.000000 5.400000
vertex 8.825000 5.925000 5.550000
vertex 8.825000 -5.925000 5.550000
endloop
endfacet
facet normal 0 0 1
outer loop
vertex 8.825000 5.925000 5.550000
vertex 8.811036 6.209249 5.550000
vertex 7.215089 0.710624 5.550000
endloop
endfacet
facet normal 0 0 1
outer loop
vertex 8.825000 5.925000 5.550000
vertex 7.215089 0.710624 5.550000
vertex 7.250000 0.000000 5.550000
endloop
endfacet
facet normal 0 0 1
outer loop
vertex 8.811036 6.209249 5.550000
vertex 8.769278 6.490762 5.550000
vertex 7.110693 1.414405 5.550000
endloop
endfacet
facet normal 0 0 1
outer loop
vertex 8.811036 6.209249 5.550000
vertex 7.110693 1.414405 5.550000
vertex 7.215089 0.710624 5.550000
endloop
endfacet
facet normal 0 0 1
outer loop
vertex 8.769278 6.490762 5.550000
vertex 8.700127 6.766826 5.550000
vertex 6.937818 2.104564 5.550000
endloop
endfacet
facet normal 0 0 1
outer loop
vertex 8.769278 6.490762 5.550000
vertex 6.937818 2.104564 5.550000
vertex 7.110693 1.414405 5.550000
endloop
endfacet
facet normal 0 0 1
outer loop
vertex 8.700127 6.766826 5.550000
vertex 8.604251 7.034782 5.550000
vertex 6.698127 2.774455 5.550000
endloop
endfacet
facet normal 0 0 1
outer loop
vertex 8.700127 6.766826 5.550000
vertex 6.698127 2.774455 5.550000
vertex 6.937818 2.104564 5.550000
endloop
endfacet
facet normal 0 0 1
outer loop
vertex 8.604251 7.034782 5.550000
vertex 8.482572 7.292050 5.550000
vertex 6.393929 3.417626 5.550000
endloop
endfacet
facet normal 0 0 1
outer loop
vertex 8.604251 7.034782 5.550000
vertex 6.393929 3.417626 5.550000
vertex 6.698127 2.774455 5.550000
endloop
endfacet
facet normal 0 0 1
outer loop
vertex 8.482572 7.292050 5.550000
vertex 8.336262 7.536154 5.550000
vertex 6.028155 4.027884 5.550000
endloop
endfacet
facet normal 0 0 1
outer loop
vertex 8.482572 7.292050 5.550000
vertex 6.028155 4.027884 5.550000
vertex 6.393929 3.417626 5.550000
endloop
endfacet
facet normal 0 0 1
outer loop
vertex 8.336262 7.536154 5.550000
vertex 8.166730 7.764740 5.550000
vertex 5.604326 4.599351 5.550000
endloop
endfacet
facet normal 0 0 1
outer loop
vertex 8.336262 7.536154 5.550000
vertex 5.604326 4.599351 5.550000
vertex 6.028155 4.027884 5.550000
endloop
endfacet
facet normal 0 0 1
outer loop
vertex 8.166730 7.764740 5.550000
vertex 7.975610 7.975610 5.550000
vertex 5.126524 5.126524 5.550000
endloop
endfacet
facet normal 0 0 1
outer loop
vertex 8.166730 7.764740 5.550000
vertex 5.126524 5.126524 5.550000
vertex 5.604326 4.599351 5.550000
endloop
endfacet
facet normal 0 0 1
outer loop
vertex 7.975610 7.975610 5.550000
vertex 7.764740 8.166730 5.550000
vertex 4.599351 5.604326 5.550000
endloop
endfacet
facet normal 0 0 1
outer loop
vertex 7.975610 7.975610 5.550000
vertex 4.599351 5.604326 5.550000
vertex 5.126524 5.126524 5.550000
endloop
endfacet
facet normal 0 0 1
outer loop
vertex 7.764740 8.166730 5.550000
vertex 7.536154 8.336262 5.550000
vertex 4.027884 6.028155 5.550000
endloop
endfacet
facet normal 0 0 1
outer loop
vertex 7.764740 8.166730 5.550000
vertex 4.027884 6.028155 5.550000
vertex 4.599351 5.604326 5.550000
endloop
endfacet
facet normal 0 0 1
outer loop
vertex 7.536154 8.336262 5.550000
vertex 7.292050 8.482572 5.550000
vertex 3.417626 6.393929 5.550000
endloop
endfacet
facet normal 0 0 1
outer loop
vertex 7.536154 8.336262 5.550000
vertex 3.417626 6.393929 5.550000
vertex 4.027884 6.028155 5.550000
endloop
endfacet
facet normal 0 0 1
outer loop
vertex 7.292050 8.482572 5.550000
vertex 7.034782 8.604251 5.550000
vertex 2.774455 6.698127 5.550000
endloop
endfacet
facet normal 0 0 1
outer loop
vertex 7.292050 8.482572 5.550000
vertex 2.774455 6.698127 5.550000
vertex 3.417626 6.393929 5.550000
endloop
endfacet
facet normal 0 0 1
outer loop
vertex 7.034782 8.604251 5.550000
vertex 6.766826 8.700127 5.550000
vertex 2.104564 6.937818 5.550000
endloop
endfacet
facet normal 0 0 1
outer loop
vertex 7.034782 8.604251 5.550000
vertex 2.104564 6.937818 5.550000
vertex 2.774455 6.698127 5.550000
endloop
endfacet
facet normal 0 0 1
outer loop
vertex 6.766826 8.700127 5.550000
vertex 6.490762 8.769278 5.550000
vertex 1.414405 7.110693 5.550000
endloop
endfacet
facet normal 0 0 1
outer loop
vertex 6.766826 8.700127 5.550000
vertex 1.414405 7.110693 5.550000
vertex 2.104564 6.937818 5.550000
endloop
endfacet
facet normal 0 0 1
outer loop
vertex 6.490762 8.769278 5.550000
vertex 6.209249 8.811036 5.550000
vertex 0.710624 7.215089 5.550000
endloop
endfacet
facet normal 0 0 1
outer loop
vertex 6.490762 8.769278 5.550000
vertex 0.710624 7.215089 5.550000
vertex 1.414405 7.110693 5.550000
endloop
endfacet
facet normal 0 0 1
outer loop
vertex 6.209249 8.811036 5.550000
vertex 5.925000 8.825000 5.550000
vertex 0.000000 7.250000 5.550000
endloop
endfacet
facet normal 0 0 1
outer loop
vertex 6.209249 8.811036 5.550000
vertex 0.000000 7.250000 5.550000
vertex 0.710624 7.215089 5.550000
endloop
endfacet
facet normal 0 0 1
outer loop
vertex 5.925000 8.825000 5.550000
vertex -5.925000 8.825000 5.550000
vertex 0.000000 7.250000 5.550000
endloop
endfacet
facet normal 0 0 1
outer loop
vertex -5.925000 8.825000 5.550000
vertex -6.209249 8.811036 5.550000
vertex -0.710624 7.215089 5.550000
endloop
endfacet
facet normal 0 0 1
outer loop
vertex -5.925000 8.825000 5.550000
vertex -0.710624 7.215089 5.550000
vertex 0.000000 7.250000 5.550000
endloop
endfacet
facet normal 0 0 1
outer loop
vertex -6.209249 8.811036 5.550000
vertex -6.490762 8.769278 5.550000
vertex -1.414405 7.110693 5.550000
endloop
endfacet
facet normal 0 0 1
outer loop
vertex -6.209249 8.811036 5.550000
vertex -1.414405 7.110693 5.550000
vertex -0.710624 7.215089 5.550000
endloop
endfacet
facet normal 0 0 1
outer loop
vertex -6.490762 8.769278 5.550000
vertex -6.766826 8.700127 5.550000
vertex -2.104564 6.937818 5.550000
endloop
endfacet
facet normal 0 0 1
outer loop
vertex -6.490762 8.769278 5.550000
vertex -2.104564 6.937818 5.550000
vertex -1.414405 7.110693 5.550000
endloop
endfacet
facet normal 0 0 1
outer loop
vertex -6.766826 8.700127 5.550000
vertex -7.034782 8.604251 5.550000
vertex -2.774455 6.698127 5.550000
endloop
endfacet
facet normal 0 0 1
outer loop
vertex -6.766826 8.700127 5.550000
vertex -2.774455 6.698127 5.550000
vertex -2.104564 6.937818 5.550000
endloop
endfacet
facet normal 0 0 1
outer loop
vertex -7.034782 8.604251 5.550000
vertex -7.292050 8.482572 5.550000
vertex -3.417626 6.393929 5.550000
endloop
endfacet
facet normal 0 0 1
outer loop
vertex -7.034782 8.604251 5.550000
vertex -3.417626 6.393929 5.550000
vertex -2.774455 6.698127 5.550000
endloop
endfacet
facet normal 0 0 1
outer loop
vertex -7.292050 8.482572 5.550000
vertex -7.536154 8.336262 5.550000
vertex -4.027884 6.028155 5.550000
endloop
endfacet
facet normal 0 0 1
outer loop
vertex -7.292050 8.482572 5.550000
vertex -4.027884 6.028155 5.550000
vertex -3.417626 6.393929 5.550000
endloop
endfacet
facet normal 0 0 1
outer loop
vertex -7.536154 8.336262 5.550000
vertex -7.764740 8.166730 5.550000
vertex -4.599351 5.604326 5.550000
endloop
endfacet
facet normal 0 0 1
outer loop
vertex -7.536154 8.336262 5.550000
vertex -4.599351 5.604326 5.550000
vertex -4.027884 6.028155 5.550000
endloop
endfacet
facet normal 0 0 1
outer loop
vertex -7.764740 8.166730 5.550000
vertex -7.975610 7.975610 5.550000
vertex -5.126524 5.126524 5.550000
endloop
endfacet
facet normal 0 0 1
outer loop
vertex -7.764740 8.166730 5.550000
vertex -5.126524 5.126524 5.550000
vertex -4.599351 5.604326 5.550000
endloop
endfacet
facet normal 0 0 1
outer loop
vertex -7.975610 7.975610 5.550000
vertex -8.166730 7.764740 5.550000
vertex -5.604326 4.599351 5.550000
endloop
endfacet
facet normal 0 0 1
outer loop
vertex -7.975610 7.975610 5.550000
vertex -5.604326 4.599351 5.550000
vertex -5.126524 5.126524 5.550000
endloop
endfacet
facet normal 0 0 1
outer loop
vertex -8.166730 7.764740 5.550000
vertex -8.336262 7.536154 5.550000
vertex -6.028155 4.027884 5.550000
endloop
endfacet
facet normal 0 0 1
outer loop
vertex -8.166730 7.764740 5.550000
vertex -6.028155 4.027884 5.550000
vertex -5.604326 4.599351 5.550000
endloop
endfacet
facet normal 0 0 1
outer loop
vertex -8.336262 7.536154 5.550000
vertex -8.482572 7.292050 5.550000
vertex -6.393929 3.417626 5.550000
endloop
endfacet
facet normal 0 0 1
outer loop
vertex -8.336262 7.536154 5.550000
vertex -6.393929 3.417626 5.550000
vertex -6.028155 4.027884 5.550000
endloop
endfacet
facet normal 0 0 1
outer loop
vertex -8.482572 7.292050 5.550000
vertex -8.604251 7.034782 5.550000
vertex -6.698127 2.774455 5.550000
endloop
endfacet
facet normal 0 0 1
outer loop
vertex -8.482572 7.292050 5.550000
vertex -6.698127 2.774455 5.550000
vertex -6.393929 3.417626 5.550000
endloop
endfacet
facet normal 0 0 1
outer loop
vertex -8.604251 7.034782 5.550000
vertex -8.700127 6.766826 5.550000
vertex -6.937818 2.104564 5.550000
endloop
endfacet
facet normal 0 0 1
outer loop
vertex -8.604251 7.034782 5.550000
vertex -6.937818 2.104564 5.550000
vertex -6.698127 2.774455 5.550000
endloop
endfacet
facet normal 0 0 1
outer loop
vertex -8.700127 6.766826 5.550000
vertex -8.769278 6.490762 5.550000
vertex -7.110693 1.414405 5.550000
endloop
endfacet
facet normal 0 0 1
outer loop
vertex -8.700127 6.766826 5.550000
vertex -7.110693 1.414405 5.550000
vertex -6.937818 2.104564 5.550000
endloop
endfacet
facet normal 0 0 1
outer loop
vertex -8.769278 6.490762 5.550000
vertex -8.811036 6.209249 5.550000
vertex -7.215089 0.710624 5.550000
endloop
endfacet
facet normal 0 0 1
outer loop
vertex -8.769278 6.490762 5.550000
vertex -7.215089 0.710624 5.550000
vertex -7.110693 1.414405 5.550000
endloop
endfacet
facet normal 0 0 1
outer loop
vertex -8.811036 6.209249 5.550000
vertex -8.825000 5.925000 5.550000
vertex -7.250000 0.000000 5.550000
endloop
endfacet
facet normal 0 0 1
outer loop
vertex -8.811036 6.209249 5.550000
vertex -7.250000 0.000000 5.550000
vertex -7.215089 0.710624 5.550000
endloop
endfacet
facet normal 0 0 1
outer loop
vertex -8.825000 5.925000 5.550000
vertex -8.825000 -5.925000 5.550000
vertex -7.250000 0.000000 5.550000
endloop
endfacet
facet normal -0 0 1
outer loop
vertex -8.825000 -5.925000 5.550000
vertex -8.811036 -6.209249 5.550000
vertex -7.215089 -0.710624 5.550000
endloop
endfacet
facet normal 0 0 1
outer loop
vertex -8.825000 -5.925000 5.550000
vertex -7.215089 -0.710624 5.550000
vertex -7.250000 0.000000 5.550000
endloop
endfacet
facet normal -0 0 1
outer loop
vertex -8.811036 -6.209249 5.550000
vertex -8.769278 -6.490762 5.550000
vertex -7.110693 -1.414405 5.550000
endloop
endfacet
facet normal 0 0 1
outer loop
vertex -8.811036 -6.209249 5.550000
vertex -7.110693 -1.414405 5.550000
vertex -7.215089 -0.710624 5.550000
endloop
endfacet
facet normal -0 0 1
outer loop
vertex -8.769278 -6.490762 5.550000
vertex -8.700127 -6.766826 5.550000
vertex -6.937818 -2.104564 5.550000
endloop
endfacet
facet normal 0 0 1
outer loop
vertex -8.769278 -6.490762 5.550000
vertex -6.937818 -2.104564 5.550000
vertex -7.110693 -1.414405 5.550000
endloop
endfacet
facet normal -0 0 1
outer loop
vertex -8.700127 -6.766826 5.550000
vertex -8.604251 -7.034782 5.550000
vertex -6.698127 -2.774455 5.550000
endloop
endfacet
facet normal 0 0 1
outer loop
vertex -8.700127 -6.766826 5.550000
vertex -6.698127 -2.774455 5.550000
vertex -6.937818 -2.104564 5.550000
endloop
endfacet
facet normal -0 0 1
outer loop
vertex -8.604251 -7.034782 5.550000
vertex -8.482572 -7.292050 5.550000
vertex -6.393929 -3.417626 5.550000
endloop
endfacet
facet normal 0 0 1
outer loop
vertex -8.604251 -7.034782 5.550000
vertex -6.393929 -3.417626 5.550000
vertex -6.698127 -2.774455 5.550000
endloop
endfacet
facet normal -0 0 1
outer loop
vertex -8.482572 -7.292050 5.550000
vertex -8.336262 -7.536154 5.550000
vertex -6.028155 -4.027884 5.550000
endloop
endfacet
facet normal 0 0 1
outer loop
vertex -8.482572 -7.292050 5.550000
vertex -6.028155 -4.027884 5.550000
vertex -6.393929 -3.417626 5.550000
endloop
endfacet
facet normal -0 0 1
outer loop
vertex -8.336262 -7.536154 5.550000
vertex -8.166730 -7.764740 5.550000
vertex -5.604326 -4.599351 5.550000
endloop
endfacet
facet normal 0 0 1
outer loop
vertex -8.336262 -7.536154 5.550000
vertex -5.604326 -4.599351 5.550000
vertex -6.028155 -4.027884 5.550000
endloop
endfacet
facet normal -0 0 1
outer loop
vertex -8.166730 -7.764740 5.550000
vertex -7.975610 -7.975610 5.550000
vertex -5.126524 -5.126524 5.550000
endloop
endfacet
facet normal 0 0 1
outer loop
vertex -8.166730 -7.764740 5.550000
vertex -5.126524 -5.126524 5.550000
vertex -5.604326 -4.599351 5.550000
endloop
endfacet
facet normal -0 0 1
outer loop
vertex -7.975610 -7.975610 5.550000
vertex -7.764740 -8.166730 5.550000
vertex -4.599351 -5.604326 5.550000
endloop
endfacet
facet normal 0 0 1
outer loop
vertex -7.975610 -7.975610 5.550000
vertex -4.599351 -5.604326 5.550000
vertex -5.126524 -5.126524 5.550000
endloop
endfacet
facet normal -0 0 1
outer loop
vertex -7.764740 -8.166730 5.550000
vertex -7.536154 -8.336262 5.550000
vertex -4.027884 -6.028155 5.550000
endloop
endfacet
facet normal 0 0 1
outer loop
vertex -7.764740 -8.166730 5.550000
vertex -4.027884 -6.028155 5.550000
vertex -4.599351 -5.604326 5.550000
endloop
endfacet
facet normal -0 0 1
outer loop
vertex -7.536154 -8.336262 5.550000
vertex -7.292050 -8.482572 5.550000
vertex -3.417626 -6.393929 5.550000
endloop
endfacet
facet normal 0 0 1
outer loop
vertex -7.536154 -8.336262 5.550000
vertex -3.417626 -6.393929 5.550000
vertex -4.027884 -6.028155 5.550000
endloop
endfacet
facet normal -0 0 1
outer loop
vertex -7.292050 -8.482572 5.550000
vertex -7.034782 -8.604251 5.550000
vertex -2.774455 -6.698127 5.550000
endloop
endfacet
facet normal 0 0 1
outer loop
vertex -7.292050 -8.482572 5.550000
vertex -2.774455 -6.698127 5.550000
vertex -3.417626 -6.393929 5.550000
endloop
endfacet
facet normal -0 0 1
outer loop
vertex -7.034782 -8.604251 5.550000
vertex -6.766826 -8.700127 5.550000
vertex -2.104564 -6.937818 5.550000
endloop
endfacet
facet normal 0 0 1
outer loop
vertex -7.034782 -8.604251 5.550000
vertex -2.104564 -6.937818 5.550000
vertex -2.774455 -6.698127 5.550000
endloop
endfacet
facet normal -0 0 1
outer loop
vertex -6.766826 -8.700127 5.550000
vertex -6.490762 -8.769278 5.550000
vertex -1.414405 -7.110693 5.550000
endloop
endfacet
facet normal 0 0 1
outer loop
vertex -6.766826 -8.700127 5.550000
vertex -1.414405 -7.110693 5.550000
vertex -2.104564 -6.937818 5.550000
endloop
endfacet
facet normal -0 0 1
outer loop
vertex -6.490762 -8.769278 5.550000
vertex -6.209249 -8.811036 5.550000
vertex -0.710624 -7.215089 5.550000
endloop
endfacet
facet normal 0 0 1
outer loop
vertex -6.490762 -8.769278 5.550000
vertex -0.710624 -7.215089 5.550000
vertex -1.414405 -7.110693 5.550000
endloop
endfacet
facet normal -0 0 1
outer loop
vertex -6.209249 -8.811036 5.550000
vertex -5.925000 -8.825000 5.550000
vertex -0.000000 -7.250000 5.550000
endloop
endfacet
facet normal 0 0 1
outer loop
vertex -6.209249 -8.811036 5.550000
vertex -0.000000 -7.250000 5.550000
vertex -0.710624 -7.215089 5.550000
endloop
endfacet
facet normal 0 0 1
outer loop
vertex -5.925000 -8.825000 5.550000
vertex 5.925000 -8.825000 5.550000
vertex -0.000000 -7.250000 5.550000
endloop
endfacet
facet normal 0 -0 1
outer loop
vertex 5.925000 -8.825000 5.550000
vertex 6.209249 -8.811036 5.550000
vertex 0.710624 -7.215089 5.550000
endloop
endfacet
facet normal 0 0 1
outer loop
vertex 5.925000 -8.825000 5.550000
vertex 0.710624 -7.215089 5.550000
vertex -0.000000 -7.250000 5.550000
endloop
endfacet
facet normal 0 -0 1
outer loop
vertex 6.209249 -8.811036 5.550000
vertex 6.490762 -8.769278 5.550000
vertex 1.414405 -7.110693 5.550000
endloop
endfacet
facet normal 0 0 1
outer loop
vertex 6.209249 -8.811036 5.550000
vertex 1.414405 -7.110693 5.550000
vertex 0.710624 -7.215089 5.550000
endloop
endfacet
facet normal 0 -0 1
outer loop
vertex 6.490762 -8.769278 5.550000
vertex 6.766826 -8.700127 5.550000
vertex 2.104564 -6.937818 5.550000
endloop
endfacet
facet normal 0 0 1
outer loop
vertex 6.490762 -8.769278 5.550000
vertex 2.104564 -6.937818 5.550000
vertex 1.414405 -7.110693 5.550000
endloop
endfacet
facet normal 0 -0 1
outer loop
vertex 6.766826 -8.700127 5.550000
vertex 7.034782 -8.604251 5.550000
vertex 2.774455 -6.698127 5.550000
endloop
endfacet
facet normal 0 0 1
outer loop
vertex 6.766826 -8.700127 5.550000
vertex 2.774455 -6.698127 5.550000
vertex 2.104564 -6.937818 5.550000
endloop
endfacet
facet normal 0 -0 1
outer loop
vertex 7.034782 -8.604251 5.550000
vertex 7.292050 -8.482572 5.550000
vertex 3.417626 -6.393929 5.550000
endloop
endfacet
facet normal 0 0 1
outer loop
vertex 7.034782 -8.604251 5.550000
vertex 3.417626 -6.393929 5.550000
vertex 2.774455 -6.698127 5.550000
endloop
endfacet
facet normal 0 -0 1
outer loop
vertex 7.292050 -8.482572 5.550000
vertex 7.536154 -8.336262 5.550000
vertex 4.027884 -6.028155 5.550000
endloop
endfacet
facet normal 0 0 1
outer loop
vertex 7.292050 -8.482572 5.550000
vertex 4.027884 -6.028155 5.550000
vertex 3.417626 -6.393929 5.550000
endloop
endfacet
facet normal 0 -0 1
outer loop
vertex 7.536154 -8.336262 5.550000
vertex 7.764740 -8.166730 5.550000
vertex 4.599351 -5.604326 5.550000
endloop
endfacet
facet normal 0 0 1
outer loop
vertex 7.536154 -8.336262 5.550000
vertex 4.599351 -5.604326 5.550000
vertex 4.027884 -6.028155 5.550000
endloop
endfacet
facet normal 0 -0 1
outer loop
vertex 7.764740 -8.166730 5.550000
vertex 7.975610 -7.975610 5.550000
vertex 5.126524 -5.126524 5.550000
endloop
endfacet
facet normal 0 0 1
outer loop
vertex 7.764740 -8.166730 5.550000
vertex 5.126524 -5.126524 5.550000
vertex 4.599351 -5.604326 5.550000
endloop
endfacet
facet normal 0 -0 1
outer loop
vertex 7.975610 -7.975610 5.550000
vertex 8.166730 -7.764740 5.550000
vertex 5.604326 -4.599351 5.550000
endloop
endfacet
facet normal 0 0 1
outer loop
vertex 7.975610 -7.975610 5.550000
vertex 5.604326 -4.599351 5.550000
vertex 5.126524 -5.126524 5.550000
endloop
endfacet
facet normal 0 -0 1
outer loop
vertex 8.166730 -7.764740 5.550000
vertex 8.336262 -7.536154 5.550000
vertex 6.028155 -4.027884 5.550000
endloop
endfacet
facet normal 0 0 1
outer loop
vertex 8.166730 -7.764740 5.550000
vertex 6.028155 -4.027884 5.550000
vertex 5.604326 -4.599351 5.550000
endloop
endfacet
facet normal 0 -0 1
outer loop
vertex 8.336262 -7.536154 5.550000
vertex 8.482572 -7.292050 5.550000
vertex 6.393929 -3.417626 5.550000
endloop
endfacet
facet normal 0 0 1
outer loop
vertex 8.336262 -7.536154 5.550000
vertex 6.393929 -3.417626 5.550000
vertex 6.028155 -4.027884 5.550000
endloop
endfacet
facet normal 0 -0 1
outer loop
vertex 8.482572 -7.292050 5.550000
vertex 8.604251 -7.034782 5.550000
vertex 6.698127 -2.774455 5.550000
endloop
endfacet
facet normal 0 0 1
outer loop
vertex 8.482572 -7.292050 5.550000
vertex 6.698127 -2.774455 5.550000
vertex 6.393929 -3.417626 5.550000
endloop
endfacet
facet normal 0 -0 1
outer loop
vertex 8.604251 -7.034782 5.550000
vertex 8.700127 -6.766826 5.550000
vertex 6.937818 -2.104564 5.550000
endloop
endfacet
facet normal 0 0 1
outer loop
vertex 8.604251 -7.034782 5.550000
vertex 6.937818 -2.104564 5.550000
vertex 6.698127 -2.774455 5.550000
endloop
endfacet
facet normal 0 -0 1
outer loop
vertex 8.700127 -6.766826 5.550000
vertex 8.769278 -6.490762 5.550000
vertex 7.110693 -1.414405 5.550000
endloop
endfacet
facet normal 0 0 1
outer loop
vertex 8.700127 -6.766826 5.550000
vertex 7.110693 -1.414405 5.550000
vertex 6.937818 -2.104564 5.550000
endloop
endfacet
facet normal 0 -0 1
outer loop
vertex 8.769278 -6.490762 5.550000
vertex 8.811036 -6.209249 5.550000
vertex 7.215089 -0.710624 5.550000
endloop
endfacet
facet normal 0 0 1
outer loop
vertex 8.769278 -6.490762 5.550000
vertex 7.215089 -0.710624 5.550000
vertex 7.110693 -1.414405 5.550000
endloop
endfacet
facet normal 0 -0 1
outer loop
vertex 8.811036 -6.209249 5.550000
vertex 8.825000 -5.925000 5.550000
vertex 7.250000 0.000000 5.550000
endloop
endfacet
facet normal 0 0 1
outer loop
vertex 8.811036 -6.209249 5.550000
vertex 7.250000 0.000000 5.550000
vertex 7.215089 -0.710624 5.550000
endloop
endfacet
facet normal 0 -0 1
outer loop
vertex 8.825000 -5.925000 5.550000
vertex 8.825000 5.925000 5.550000
vertex 7.250000 0.000000 5.550000
endloop
endfacet
facet normal -0.0570495 -0.00280266 0.998367
outer loop
vertex 7.250000 0.000000 5.550000
vertex 7.215089 0.710624 5.550000
vertex 6.866775 0.676318 5.530000
endloop
endfacet
facet normal -0.0570495 -0.00280268 0.998367
outer loop
vertex 7.250000 0.000000 5.550000
vertex 6.866775 0.676318 5.530000
vertex 6.900000 -0.000000 5.530000
endloop
endfacet
facet normal -0.0565001 -0.00838098 0.998367
outer loop
vertex 7.215089 0.710624 5.550000
vertex 7.110693 1.414405 5.550000
vertex 6.767418 1.346123 5.530000
endloop
endfacet
facet normal -0.0565001 -0.00838099 0.998367
outer loop
vertex 7.215089 0.710624 5.550000
vertex 6.767418 1.346123 5.530000
vertex 6.866775 0.676318 5.530000
endloop
endfacet
facet normal -0.0554065 -0.0138786 0.998367
outer loop
vertex 7.110693 1.414405 5.550000
vertex 6.937818 2.104564 5.550000
vertex 6.602888 2.002964 5.530000
endloop
endfacet
facet normal -0.0554065 -0.0138786 0.998367
outer loop
vertex 7.110693 1.414405 5.550000
vertex 6.602888 2.002964 5.530000
vertex 6.767418 1.346123 5.530000
endloop
endfacet
facet normal -0.0537794 -0.0192426 0.998367
outer loop
vertex 6.937818 2.104564 5.550000
vertex 6.698127 2.774455 5.550000
vertex 6.374769 2.640516 5.530000
endloop
endfacet
facet normal -0.0537794 -0.0192425 0.998367
outer loop
vertex 6.937818 2.104564 5.550000
vertex 6.374769 2.640516 5.530000
vertex 6.602888 2.002964 5.530000
endloop
endfacet
facet normal -0.0516343 -0.0244212 0.998367
outer loop
vertex 6.698127 2.774455 5.550000
vertex 6.393929 3.417626 5.550000
vertex 6.085257 3.252637 5.530000
endloop
endfacet
facet normal -0.0516343 -0.0244212 0.998367
outer loop
vertex 6.698127 2.774455 5.550000
vertex 6.085257 3.252637 5.530000
vertex 6.374769 2.640516 5.530000
endloop
endfacet
facet normal -0.048992 -0.0293647 0.998367
outer loop
vertex 6.393929 3.417626 5.550000
vertex 6.028155 4.027884 5.550000
vertex 5.737140 3.833435 5.530000
endloop
endfacet
facet normal -0.048992 -0.0293647 0.998367
outer loop
vertex 6.393929 3.417626 5.550000
vertex 5.737140 3.833435 5.530000
vertex 6.085257 3.252637 5.530000
endloop
endfacet
facet normal -0.0458779 -0.0340253 0.998367
outer loop
vertex 6.028155 4.027884 5.550000
vertex 5.604326 4.599351 5.550000
vertex 5.333772 4.377314 5.530000
endloop
endfacet
facet normal -0.0458778 -0.0340253 0.998367
outer loop
vertex 6.028155 4.027884 5.550000
vertex 5.333772 4.377314 5.530000
vertex 5.737140 3.833435 5.530000
endloop
endfacet
facet normal -0.0423219 -0.0383584 0.998367
outer loop
vertex 5.604326 4.599351 5.550000
vertex 5.126524 5.126524 5.550000
vertex 4.879037 4.879037 5.530000
endloop
endfacet
facet normal -0.0423219 -0.0383583 0.998367
outer loop
vertex 5.604326 4.599351 5.550000
vertex 4.879037 4.879037 5.530000
vertex 5.333772 4.377314 5.530000
endloop
endfacet
facet normal -0.0383583 -0.0423219 0.998367
outer loop
vertex 5.126524 5.126524 5.550000
vertex 4.599351 5.604326 5.550000
vertex 4.377314 5.333772 5.530000
endloop
endfacet
facet normal -0.0383583 -0.0423219 0.998367
outer loop
vertex 5.126524 5.126524 5.550000
vertex 4.377314 5.333772 5.530000
vertex 4.879037 4.879037 5.530000
endloop
endfacet
facet normal -0.0340253 -0.0458778 0.998367
outer loop
vertex 4.599351 5.604326 5.550000
vertex 4.027884 6.028155 5.550000
vertex 3.833435 5.737140 5.530000
endloop
endfacet
facet normal -0.0340253 -0.0458779 0.998367
outer loop
vertex 4.599351 5.604326 5.550000
vertex 3.833435 5.737140 5.530000
vertex 4.377314 5.333772 5.530000
endloop
endfacet
facet normal -0.0293647 -0.048992 0.998367
outer loop
vertex 4.027884 6.028155 5.550000
vertex 3.417626 6.393929 5.550000
vertex 3.252637 6.085257 5.530000
endloop
endfacet
facet normal -0.0293647 -0.048992 0.998367
outer loop
vertex 4.027884 6.028155 5.550000
vertex 3.252637 6.085257 5.530000
vertex 3.833435 5.737140 5.530000
endloop
endfacet
facet normal -0.0244212 -0.0516343 0.998367
outer loop
vertex 3.417626 6.393929 5.550000
vertex 2.774455 6.698127 5.550000
vertex 2.640516 6.374769 5.530000
endloop
endfacet
facet normal -0.0244212 -0.0516343 0.998367
outer loop
vertex 3.417626 6.393929 5.550000
vertex 2.640516 6.374769 5.530000
vertex 3.252637 6.085257 5.530000
endloop
endfacet
facet normal -0.0192426 -0.0537794 0.998367
outer loop
vertex 2.774455 6.698127 5.550000
vertex 2.104564 6.937818 5.550000
vertex 2.002964 6.602888 5.530000
endloop
endfacet
facet normal -0.0192426 -0.0537794 0.998367
outer loop
vertex 2.774455 6.698127 5.550000
vertex 2.002964 6.602888 5.530000
vertex 2.640516 6.374769 5.530000
endloop
endfacet
facet normal -0.0138786 -0.0554065 0.998367
outer loop
vertex 2.104564 6.937818 5.550000
vertex 1.414405 7.110693 5.550000
vertex 1.346123 6.767418 5.530000
endloop
endfacet
facet normal -0.0138786 -0.0554065 0.998367
outer loop
vertex 2.104564 6.937818 5.550000
vertex 1.346123 6.767418 5.530000
vertex 2.002964 6.602888 5.530000
endloop
endfacet
facet normal -0.00838099 -0.0565001 0.998367
outer loop
vertex 1.414405 7.110693 5.550000
vertex 0.710624 7.215089 5.550000
vertex 0.676318 6.866775 5.530000
endloop
endfacet
facet normal -0.00838099 -0.0565001 0.998367
outer loop
vertex 1.414405 7.110693 5.550000
vertex 0.676318 6.866775 5.530000
vertex 1.346123 6.767418 5.530000
endloop
endfacet
facet normal -0.00280266 -0.0570495 0.998367
outer loop
vertex 0.710624 7.215089 5.550000
vertex 0.000000 7.250000 5.550000
vertex 0.000000 6.900000 5.530000
endloop
endfacet
facet normal -0.00280268 -0.0570495 0.998367
outer loop
vertex 0.710624 7.215089 5.550000
vertex 0.000000 6.900000 5.530000
vertex 0.676318 6.866775 5.530000
endloop
endfacet
facet normal 0.00280266 -0.0570495 0.998367
outer loop
vertex 0.000000 7.250000 5.550000
vertex -0.710624 7.215089 5.550000
vertex -0.676318 6.866775 5.530000
endloop
endfacet
facet normal 0.00280268 -0.0570495 0.998367
outer loop
vertex 0.000000 7.250000 5.550000
vertex -0.676318 6.866775 5.530000
vertex 0.000000 6.900000 5.530000
endloop
endfacet
facet normal 0.00838098 -0.0565001 0.998367
outer loop
vertex -0.710624 7.215089 5.550000
vertex -1.414405 7.110693 5.550000
vertex -1.346123 6.767418 5.530000
endloop
endfacet
facet normal 0.00838099 -0.0565001 0.998367
outer loop
vertex -0.710624 7.215089 5.550000
vertex -1.346123 6.767418 5.530000
vertex -0.676318 6.866775 5.530000
endloop
endfacet
facet normal 0.0138786 -0.0554065 0.998367
outer loop
vertex -1.414405 7.110693 5.550000
vertex -2.104564 6.937818 5.550000
vertex -2.002964 6.602888 5.530000
endloop
endfacet
facet normal 0.0138786 -0.0554065 0.998367
outer loop
vertex -1.414405 7.110693 5.550000
vertex -2.002964 6.602888 5.530000
vertex -1.346123 6.767418 5.530000
endloop
endfacet
facet normal 0.0192426 -0.0537794 0.998367
outer loop
vertex -2.104564 6.937818 5.550000
vertex -2.774455 6.698127 5.550000
vertex -2.640516 6.374769 5.530000
endloop
endfacet
facet normal 0.0192425 -0.0537794 0.998367
outer loop
vertex -2.104564 6.937818 5.550000
vertex -2.640516 6.374769 5.530000
vertex -2.002964 6.602888 5.530000
endloop
endfacet
facet normal 0.0244212 -0.0516343 0.998367
outer loop
vertex -2.774455 6.698127 5.550000
vertex -3.417626 6.393929 5.550000
vertex -3.252637 6.085257 5.530000
endloop
endfacet
facet normal 0.0244212 -0.0516343 0.998367
outer loop
vertex -2.774455 6.698127 5.550000
vertex -3.252637 6.085257 5.530000
vertex -2.640516 6.374769 5.530000
endloop
endfacet
facet normal 0.0293647 -0.048992 0.998367
outer loop
vertex -3.417626 6.393929 5.550000
vertex -4.027884 6.028155 5.550000
vertex -3.833435 5.737140 5.530000
endloop
endfacet
facet normal 0.0293647 -0.048992 0.998367
outer loop
vertex -3.417626 6.393929 5.550000
vertex -3.833435 5.737140 5.530000
vertex -3.252637 6.085257 5.530000
endloop
endfacet
facet normal 0.0340253 -0.0458779 0.998367
outer loop
vertex -4.027884 6.028155 5.550000
vertex -4.599351 5.604326 5.550000
vertex -4.377314 5.333772 5.530000
endloop
endfacet
facet normal 0.0340253 -0.0458778 0.998367
outer loop
vertex -4.027884 6.028155 5.550000
vertex -4.377314 5.333772 5.530000
vertex -3.833435 5.737140 5.530000
endloop
endfacet
facet normal 0.0383584 -0.0423219 0.998367
outer loop
vertex -4.599351 5.604326 5.550000
vertex -5.126524 5.126524 5.550000
vertex -4.879037 4.879037 5.530000
endloop
endfacet
facet normal 0.0383583 -0.0423219 0.998367
outer loop
vertex -4.599351 5.604326 5.550000
vertex -4.879037 4.879037 5.530000
vertex -4.377314 5.333772 5.530000
endloop
endfacet
facet normal 0.0423219 -0.0383583 0.998367
outer loop
vertex -5.126524 5.126524 5.550000
vertex -5.604326 4.599351 5.550000
vertex -5.333772 4.377314 5.530000
endloop
endfacet
facet normal 0.0423219 -0.0383583 0.998367
outer loop
vertex -5.126524 5.126524 5.550000
vertex -5.333772 4.377314 5.530000
vertex -4.879037 4.879037 5.530000
endloop
endfacet
facet normal 0.0458778 -0.0340253 0.998367
outer loop
vertex -5.604326 4.599351 5.550000
vertex -6.028155 4.027884 5.550000
vertex -5.737140 3.833435 5.530000
endloop
endfacet
facet normal 0.0458779 -0.0340253 0.998367
outer loop
vertex -5.604326 4.599351 5.550000
vertex -5.737140 3.833435 5.530000
vertex -5.333772 4.377314 5.530000
endloop
endfacet
facet normal 0.048992 -0.0293647 0.998367
outer loop
vertex -6.028155 4.027884 5.550000
vertex -6.393929 3.417626 5.550000
vertex -6.085257 3.252637 5.530000
endloop
endfacet
facet normal 0.048992 -0.0293647 0.998367
outer loop
vertex -6.028155 4.027884 5.550000
vertex -6.085257 3.252637 5.530000
vertex -5.737140 3.833435 5.530000
endloop
endfacet
facet normal 0.0516343 -0.0244212 0.998367
outer loop
vertex -6.393929 3.417626 5.550000
vertex -6.698127 2.774455 5.550000
vertex -6.374769 2.640516 5.530000
endloop
endfacet
facet normal 0.0516343 -0.0244212 0.998367
outer loop
vertex -6.393929 3.417626 5.550000
vertex -6.374769 2.640516 5.530000
vertex -6.085257 3.252637 5.530000
endloop
endfacet
facet normal 0.0537794 -0.0192426 0.998367
outer loop
vertex -6.698127 2.774455 5.550000
vertex -6.937818 2.104564 5.550000
vertex -6.602888 2.002964 5.530000
endloop
endfacet
facet normal 0.0537794 -0.0192426 0.998367
outer loop
vertex -6.698127 2.774455 5.550000
vertex -6.602888 2.002964 5.530000
vertex -6.374769 2.640516 5.530000
endloop
endfacet
facet normal 0.0554065 -0.0138786 0.998367
outer loop
vertex -6.937818 2.104564 5.550000
vertex -7.110693 1.414405 5.550000
vertex -6.767418 1.346123 5.530000
endloop
endfacet
facet normal 0.0554065 -0.0138786 0.998367
outer loop
vertex -6.937818 2.104564 5.550000
vertex -6.767418 1.346123 5.530000
vertex -6.602888 2.002964 5.530000
endloop
endfacet
facet normal 0.0565001 -0.00838099 0.998367
outer loop
vertex -7.110693 1.414405 5.550000
vertex -7.215089 0.710624 5.550000
vertex -6.866775 0.676318 5.530000
endloop
endfacet
facet normal 0.0565001 -0.00838099 0.998367
outer loop
vertex -7.110693 1.414405 5.550000
vertex -6.866775 0.676318 5.530000
vertex -6.767418 1.346123 5.530000
endloop
endfacet
facet normal 0.0570495 -0.00280266 0.998367
outer loop
vertex -7.215089 0.710624 5.550000
vertex -7.250000 0.000000 5.550000
vertex -6.900000 0.000000 5.530000
endloop
endfacet
facet normal 0.0570495 -0.00280268 0.998367
outer loop
vertex -7.215089 0.710624 5.550000
vertex -6.900000 0.000000 5.530000
vertex -6.866775 0.676318 5.530000
endloop
endfacet
facet normal 0.0570495 0.00280266 0.998367
outer loop
vertex -7.250000 0.000000 5.550000
vertex -7.215089 -0.710624 5.550000
vertex -6.866775 -0.676318 5.530000
endloop
endfacet
facet normal 0.0570495 0.00280268 0.998367
outer loop
vertex -7.250000 0.000000 5.550000
vertex -6.866775 -0.676318 5.530000
vertex -6.900000 0.000000 5.530000
endloop
endfacet
facet normal 0.0565001 0.00838098 0.998367
outer loop
vertex -7.215089 -0.710624 5.550000
vertex -7.110693 -1.414405 5.550000
vertex -6.767418 -1.346123 5.530000
endloop
endfacet
facet normal 0.0565001 0.00838099 0.998367
outer loop
vertex -7.215089 -0.710624 5.550000
vertex -6.767418 -1.346123 5.530000
vertex -6.866775 -0.676318 5.530000
endloop
endfacet
facet normal 0.0554065 0.0138786 0.998367
outer loop
vertex -7.110693 -1.414405 5.550000
vertex -6.937818 -2.104564 5.550000
vertex -6.602888 -2.002964 5.530000
endloop
endfacet
facet normal 0.0554065 0.0138786 0.998367
outer loop
vertex -7.110693 -1.414405 5.550000
vertex -6.602888 -2.002964 5.530000
vertex -6.767418 -1.346123 5.530000
endloop
endfacet
facet normal 0.0537794 0.0192426 0.998367
outer loop
vertex -6.937818 -2.104564 5.550000
vertex -6.698127 -2.774455 5.550000
vertex -6.374769 -2.640516 5.530000
endloop
endfacet
facet normal 0.0537794 0.0192425 0.998367
outer loop
vertex -6.937818 -2.104564 5.550000
vertex -6.374769 -2.640516 5.530000
vertex -6.602888 -2.002964 5.530000
endloop
endfacet
facet normal 0.0516343 0.0244212 0.998367
outer loop
vertex -6.698127 -2.774455 5.550000
vertex -6.393929 -3.417626 5.550000
vertex -6.085257 -3.252637 5.530000
endloop
endfacet
facet normal 0.0516343 0.0244212 0.998367
outer loop
vertex -6.698127 -2.774455 5.550000
vertex -6.085257 -3.252637 5.530000
vertex -6.374769 -2.640516 5.530000
endloop
endfacet
facet normal 0.048992 0.0293647 0.998367
outer loop
vertex -6.393929 -3.417626 5.550000
vertex -6.028155 -4.027884 5.550000
vertex -5.737140 -3.833435 5.530000
endloop
endfacet
facet normal 0.048992 0.0293647 0.998367
outer loop
vertex -6.393929 -3.417626 5.550000
vertex -5.737140 -3.833435 5.530000
vertex -6.085257 -3.252637 5.530000
endloop
endfacet
facet normal 0.0458779 0.0340253 0.998367
outer loop
vertex -6.028155 -4.027884 5.550000
vertex -5.604326 -4.599351 5.550000
vertex -5.333772 -4.377314 5.530000
endloop
endfacet
facet normal 0.0458778 0.0340253 0.998367
outer loop
vertex -6.028155 -4.027884 5.550000
vertex -5.333772 -4.377314 5.530000
vertex -5.737140 -3.833435 5.530000
endloop
endfacet
facet normal 0.0423219 0.0383584 0.998367
outer loop
vertex -5.604326 -4.599351 5.550000
vertex -5.126524 -5.126524 5.550000
vertex -4.879037 -4.879037 5.530000
endloop
endfacet
facet normal 0.0423219 0.0383583 0.998367
outer loop
vertex -5.604326 -4.599351 5.550000
vertex -4.879037 -4.879037 5.530000
vertex -5.333772 -4.377314 5.530000
endloop
endfacet
facet normal 0.0383583 0.0423219 0.998367
outer loop
vertex -5.126524 -5.126524 5.550000
vertex -4.599351 -5.604326 5.550000
vertex -4.377314 -5.333772 5.530000
endloop
endfacet
facet normal 0.0383583 0.0423219 0.998367
outer loop
vertex -5.126524 -5.126524 5.550000
vertex -4.377314 -5.333772 5.530000
vertex -4.879037 -4.879037 5.530000
endloop
endfacet
facet normal 0.0340253 0.0458778 0.998367
outer loop
vertex -4.599351 -5.604326 5.550000
vertex -4.027884 -6.028155 5.550000
vertex -3.833435 -5.737140 5.530000
endloop
endfacet
facet normal 0.0340253 0.0458779 0.998367
outer loop
vertex -4.599351 -5.604326 5.550000
vertex -3.833435 -5.737140 5.530000
vertex -4.377314 -5.333772 5.530000
endloop
endfacet
facet normal 0.0293647 0.048992 0.998367
outer loop
vertex -4.027884 -6.028155 5.550000
vertex -3.417626 -6.393929 5.550000
vertex -3.252637 -6.085257 5.530000
endloop
endfacet
facet normal 0.0293647 0.048992 0.998367
outer loop
vertex -4.027884 -6.028155 5.550000
vertex -3.252637 -6.085257 5.530000
vertex -3.833435 -5.737140 5.530000
endloop
endfacet
facet normal 0.0244212 0.0516343 0.998367
outer loop
vertex -3.417626 -6.393929 5.550000
vertex -2.774455 -6.698127 5.550000
vertex -2.640516 -6.374769 5.530000
endloop
endfacet
facet normal 0.0244212 0.0516343 0.998367
outer loop
vertex -3.417626 -6.393929 5.550000
vertex -2.640516 -6.374769 5.530000
vertex -3.252637 -6.085257 5.530000
endloop
endfacet
facet normal 0.0192426 0.0537794 0.998367
outer loop
vertex -2.774455 -6.698127 5.550000
vertex -2.104564 -6.937818 5.550000
vertex -2.002964 -6.602888 5.530000
endloop
endfacet
facet normal 0.0192426 0.0537794 0.998367
outer loop
vertex -2.774455 -6.698127 5.550000
vertex -2.002964 -6.602888 5.530000
vertex -2.640516 -6.374769 5.530000
endloop
endfacet
facet normal 0.0138786 0.0554065 0.998367
outer loop
vertex -2.104564 -6.937818 5.550000
vertex -1.414405 -7.110693 5.550000
vertex -1.346123 -6.767418 5.530000
endloop
endfacet
facet normal 0.0138786 0.0554065 0.998367
outer loop
vertex -2.104564 -6.937818 5.550000
vertex -1.346123 -6.767418 5.530000
vertex -2.002964 -6.602888 5.530000
endloop
endfacet
facet normal 0.00838099 0.0565001 0.998367
outer loop
vertex -1.414405 -7.110693 5.550000
vertex -0.710624 -7.215089 5.550000
vertex -0.676318 -6.866775 5.530000
endloop
endfacet
facet normal 0.00838099 0.0565001 0.998367
outer loop
vertex -1.414405 -7.110693 5.550000
vertex -0.676318 -6.866775 5.530000
vertex -1.346123 -6.767418 5.530000
endloop
endfacet
facet normal 0.00280266 0.0570495 0.998367
outer loop
vertex -0.710624 -7.215089 5.550000
vertex -0.000000 -7.250000 5.550000
vertex -0.000000 -6.900000 5.530000
endloop
endfacet
facet normal 0.00280268 0.0570495 0.998367
outer loop
vertex -0.710624 -7.215089 5.550000
vertex -0.000000 -6.900000 5.530000
vertex -0.676318 -6.866775 5.530000
endloop
endfacet
facet normal -0.00280266 0.0570495 0.998367
outer loop
vertex -0.000000 -7.250000 5.550000
vertex 0.710624 -7.215089 5.550000
vertex 0.676318 -6.866775 5.530000
endloop
endfacet
facet normal -0.00280268 0.0570495 0.998367
outer loop
vertex -0.000000 -7.250000 5.550000
vertex 0.676318 -6.866775 5.530000
vertex -0.000000 -6.900000 5.530000
endloop
endfacet
facet normal -0.00838098 0.0565001 0.998367
outer loop
vertex 0.710624 -7.215089 5.550000
vertex 1.414405 -7.110693 5.550000
vertex 1.346123 -6.767418 5.530000
endloop
endfacet
facet normal -0.00838099 0.0565001 0.998367
outer loop
vertex 0.710624 -7.215089 5.550000
vertex 1.346123 -6.767418 5.530000
vertex 0.676318 -6.866775 5.530000
endloop
endfacet
facet normal -0.0138786 0.0554065 0.998367
outer loop
vertex 1.414405 -7.110693 5.550000
vertex 2.104564 -6.937818 5.550000
vertex 2.002964 -6.602888 5.530000
endloop
endfacet
facet normal -0.0138786 0.0554065 0.998367
outer loop
vertex 1.414405 -7.110693 5.550000
vertex 2.002964 -6.602888 5.530000
vertex 1.346123 -6.767418 5.530000
endloop
endfacet
facet normal -0.0192426 0.0537794 0.998367
outer loop
vertex 2.104564 -6.937818 5.550000
vertex 2.774455 -6.698127 5.550000
vertex 2.640516 -6.374769 5.530000
endloop
endfacet
facet normal -0.0192425 0.0537794 0.998367
outer loop
vertex 2.104564 -6.937818 5.550000
vertex 2.640516 -6.374769 5.530000
vertex 2.002964 -6.602888 5.530000
endloop
endfacet
facet normal -0.0244212 0.0516343 0.998367
outer loop
vertex 2.774455 -6.698127 5.550000
vertex 3.417626 -6.393929 5.550000
vertex 3.252637 -6.085257 5.530000
endloop
endfacet
facet normal -0.0244212 0.0516343 0.998367
outer loop
vertex 2.774455 -6.698127 5.550000
vertex 3.252637 -6.085257 5.530000
vertex 2.640516 -6.374769 5.530000
endloop
endfacet
facet normal -0.0293647 0.048992 0.998367
outer loop
vertex 3.417626 -6.393929 5.550000
vertex 4.027884 -6.028155 5.550000
vertex 3.833435 -5.737140 5.530000
endloop
endfacet
facet normal -0.0293647 0.048992 0.998367
outer loop
vertex 3.417626 -6.393929 5.550000
vertex 3.833435 -5.737140 5.530000
vertex 3.252637 -6.085257 5.530000
endloop
endfacet
facet normal -0.0340253 0.0458779 0.998367
outer loop
vertex 4.027884 -6.028155 5.550000
vertex 4.599351 -5.604326 5.550000
vertex 4.377314 -5.333772 5.530000
endloop
endfacet
facet normal -0.0340253 0.0458778 0.998367
outer loop
vertex 4.027884 -6.028155 5.550000
vertex 4.377314 -5.333772 5.530000
vertex 3.833435 -5.737140 5.530000
endloop
endfacet
facet normal -0.0383584 0.0423219 0.998367
outer loop
vertex 4.599351 -5.604326 5.550000
vertex 5.126524 -5.126524 5.550000
vertex 4.879037 -4.879037 5.530000
endloop
endfacet
facet normal -0.0383583 0.0423219 0.998367
outer loop
vertex 4.599351 -5.604326 5.550000
vertex 4.879037 -4.879037 5.530000
vertex 4.377314 -5.333772 5.530000
endloop
endfacet
facet normal -0.0423219 0.0383583 0.998367
outer loop
vertex 5.126524 -5.126524 5.550000
vertex 5.604326 -4.599351 5.550000
vertex 5.333772 -4.377314 5.530000
endloop
endfacet
facet normal -0.0423219 0.0383583 0.998367
outer loop
vertex 5.126524 -5.126524 5.550000
vertex 5.333772 -4.377314 5.530000
vertex 4.879037 -4.879037 5.530000
endloop
endfacet
facet normal -0.0458778 0.0340253 0.998367
outer loop
vertex 5.604326 -4.599351 5.550000
vertex 6.028155 -4.027884 5.550000
vertex 5.737140 -3.833435 5.530000
endloop
endfacet
facet normal -0.0458779 0.0340253 0.998367
outer loop
vertex 5.604326 -4.599351 5.550000
vertex 5.737140 -3.833435 5.530000
vertex 5.333772 -4.377314 5.530000
endloop
endfacet
facet normal -0.048992 0.0293647 0.998367
outer loop
vertex 6.028155 -4.027884 5.550000
vertex 6.393929 -3.417626 5.550000
vertex 6.085257 -3.252637 5.530000
endloop
endfacet
facet normal -0.048992 0.0293647 0.998367
outer loop
vertex 6.028155 -4.027884 5.550000
vertex 6.085257 -3.252637 5.530000
vertex 5.737140 -3.833435 5.530000
endloop
endfacet
facet normal -0.0516343 0.0244212 0.998367
outer loop
vertex 6.393929 -3.417626 5.550000
vertex 6.698127 -2.774455 5.550000
vertex 6.374769 -2.640516 5.530000
endloop
endfacet
facet normal -0.0516343 0.0244212 0.998367
outer loop
vertex 6.393929 -3.417626 5.550000
vertex 6.374769 -2.640516 5.530000
vertex 6.085257 -3.252637 5.530000
endloop
endfacet
facet normal -0.0537794 0.0192426 0.998367
outer loop
vertex 6.698127 -2.774455 5.550000
vertex 6.937818 -2.104564 5.550000
vertex 6.602888 -2.002964 5.530000
endloop
endfacet
facet normal -0.0537794 0.0192426 0.998367
outer loop
vertex 6.698127 -2.774455 5.550000
vertex 6.602888 -2.002964 5.530000
vertex 6.374769 -2.640516 5.530000
endloop
endfacet
facet normal -0.0554065 0.0138786 0.998367
outer loop
vertex 6.937818 -2.104564 5.550000
vertex 7.110693 -1.414405 5.550000
vertex 6.767418 -1.346123 5.530000
endloop
endfacet
facet normal -0.0554065 0.0138786 0.998367
outer loop
vertex 6.937818 -2.104564 5.550000
vertex 6.767418 -1.346123 5.530000
vertex 6.602888 -2.002964 5.530000
endloop
endfacet
facet normal -0.0565001 0.00838099 0.998367
outer loop
vertex 7.110693 -1.414405 5.550000
vertex 7.215089 -0.710624 5.550000
vertex 6.866775 -0.676318 5.530000
endloop
endfacet
facet normal -0.0565001 0.00838099 0.998367
outer loop
vertex 7.110693 -1.414405 5.550000
vertex 6.866775 -0.676318 5.530000
vertex 6.767418 -1.346123 5.530000
endloop
endfacet
facet normal -0.0570495 0.00280266 0.998367
outer loop
vertex 7.215089 -0.710624 5.550000
vertex 7.250000 0.000000 5.550000
vertex 6.900000 -0.000000 5.530000
endloop
endfacet
facet normal -0.0570495 0.00280268 0.998367
outer loop
vertex 7.215089 -0.710624 5.550000
vertex 6.900000 -0.000000 5.530000
vertex 6.866775 -0.676318 5.530000
endloop
endfacet
facet normal -0.397532 -0.0195296 0.91738
outer loop
vertex 6.900000 -0.000000 5.530000
vertex 6.866775 0.676318 5.530000
vertex 6.568219 0.646913 5.400000
endloop
endfacet
facet normal -0.397532 -0.0195294 0.917381
outer loop
vertex 6.900000 -0.000000 5.530000
vertex 6.568219 0.646913 5.400000
vertex 6.600000 -0.000000 5.400000
endloop
endfacet
facet normal -0.393703 -0.0584004 0.917381
outer loop
vertex 6.866775 0.676318 5.530000
vertex 6.767418 1.346123 5.530000
vertex 6.473183 1.287596 5.400000
endloop
endfacet
facet normal -0.393703 -0.0584005 0.917381
outer loop
vertex 6.866775 0.676318 5.530000
vertex 6.473183 1.287596 5.400000
vertex 6.568219 0.646913 5.400000
endloop
endfacet
facet normal -0.386084 -0.0967091 0.91738
outer loop
vertex 6.767418 1.346123 5.530000
vertex 6.602888 2.002964 5.530000
vertex 6.315806 1.915879 5.400000
endloop
endfacet
facet normal -0.386083 -0.0967086 0.917381
outer loop
vertex 6.767418 1.346123 5.530000
vertex 6.315806 1.915879 5.400000
vertex 6.473183 1.287596 5.400000
endloop
endfacet
facet normal -0.374745 -0.134086 0.917381
outer loop
vertex 6.602888 2.002964 5.530000
vertex 6.374769 2.640516 5.530000
vertex 6.097605 2.525711 5.400000
endloop
endfacet
facet normal -0.374746 -0.134086 0.91738
outer loop
vertex 6.602888 2.002964 5.530000
vertex 6.097605 2.525711 5.400000
vertex 6.315806 1.915879 5.400000
endloop
endfacet
facet normal -0.359798 -0.170172 0.91738
outer loop
vertex 6.374769 2.640516 5.530000
vertex 6.085257 3.252637 5.530000
vertex 5.820680 3.111218 5.400000
endloop
endfacet
facet normal -0.359798 -0.170172 0.917381
outer loop
vertex 6.374769 2.640516 5.530000
vertex 5.820680 3.111218 5.400000
vertex 6.097605 2.525711 5.400000
endloop
endfacet
facet normal -0.341386 -0.204619 0.91738
outer loop
vertex 6.085257 3.252637 5.530000
vertex 5.737140 3.833435 5.530000
vertex 5.487700 3.666764 5.400000
endloop
endfacet
facet normal -0.341386 -0.204619 0.917381
outer loop
vertex 6.085257 3.252637 5.530000
vertex 5.487700 3.666764 5.400000
vertex 5.820680 3.111218 5.400000
endloop
endfacet
facet normal -0.319686 -0.237095 0.917381
outer loop
vertex 5.737140 3.833435 5.530000
vertex 5.333772 4.377314 5.530000
vertex 5.101869 4.186996 5.400000
endloop
endfacet
facet normal -0.319686 -0.237095 0.91738
outer loop
vertex 5.737140 3.833435 5.530000
vertex 5.101869 4.186996 5.400000
vertex 5.487700 3.666764 5.400000
endloop
endfacet
facet normal -0.294907 -0.267288 0.91738
outer loop
vertex 5.333772 4.377314 5.530000
vertex 4.879037 4.879037 5.530000
vertex 4.666905 4.666905 5.400000
endloop
endfacet
facet normal -0.294907 -0.267288 0.917381
outer loop
vertex 5.333772 4.377314 5.530000
vertex 4.666905 4.666905 5.400000
vertex 5.101869 4.186996 5.400000
endloop
endfacet
facet normal -0.267288 -0.294907 0.917381
outer loop
vertex 4.879037 4.879037 5.530000
vertex 4.377314 5.333772 5.530000
vertex 4.186996 5.101869 5.400000
endloop
endfacet
facet normal -0.267288 -0.294907 0.91738
outer loop
vertex 4.879037 4.879037 5.530000
vertex 4.186996 5.101869 5.400000
vertex 4.666905 4.666905 5.400000
endloop
endfacet
facet normal -0.237095 -0.319686 0.91738
outer loop
vertex 4.377314 5.333772 5.530000
vertex 3.833435 5.737140 5.530000
vertex 3.666764 5.487700 5.400000
endloop
endfacet
facet normal -0.237095 -0.319686 0.917381
outer loop
vertex 4.377314 5.333772 5.530000
vertex 3.666764 5.487700 5.400000
vertex 4.186996 5.101869 5.400000
endloop
endfacet
facet normal -0.204619 -0.341386 0.91738
outer loop
vertex 3.833435 5.737140 5.530000
vertex 3.252637 6.085257 5.530000
vertex 3.111218 5.820680 5.400000
endloop
endfacet
facet normal -0.204619 -0.341386 0.91738
outer loop
vertex 3.833435 5.737140 5.530000
vertex 3.111218 5.820680 5.400000
vertex 3.666764 5.487700 5.400000
endloop
endfacet
facet normal -0.170172 -0.359798 0.917381
outer loop
vertex 3.252637 6.085257 5.530000
vertex 2.640516 6.374769 5.530000
vertex 2.525711 6.097605 5.400000
endloop
endfacet
facet normal -0.170172 -0.359798 0.917381
outer loop
vertex 3.252637 6.085257 5.530000
vertex 2.525711 6.097605 5.400000
vertex 3.111218 5.820680 5.400000
endloop
endfacet
facet normal -0.134086 -0.374746 0.91738
outer loop
vertex 2.640516 6.374769 5.530000
vertex 2.002964 6.602888 5.530000
vertex 1.915879 6.315806 5.400000
endloop
endfacet
facet normal -0.134086 -0.374745 0.917381
outer loop
vertex 2.640516 6.374769 5.530000
vertex 1.915879 6.315806 5.400000
vertex 2.525711 6.097605 5.400000
endloop
endfacet
facet normal -0.0967089 -0.386083 0.917381
outer loop
vertex 2.002964 6.602888 5.530000
vertex 1.346123 6.767418 5.530000
vertex 1.287596 6.473183 5.400000
endloop
endfacet
facet normal -0.0967088 -0.386084 0.91738
outer loop
vertex 2.002964 6.602888 5.530000
vertex 1.287596 6.473183 5.400000
vertex 1.915879 6.315806 5.400000
endloop
endfacet
facet normal -0.0584004 -0.393703 0.91738
outer loop
vertex 1.346123 6.767418 5.530000
vertex 0.676318 6.866775 5.530000
vertex 0.646913 6.568219 5.400000
endloop
endfacet
facet normal -0.0584005 -0.393703 0.917381
outer loop
vertex 1.346123 6.767418 5.530000
vertex 0.646913 6.568219 5.400000
vertex 1.287596 6.473183 5.400000
endloop
endfacet
facet normal -0.0195296 -0.397532 0.917381
outer loop
vertex 0.676318 6.866775 5.530000
vertex 0.000000 6.900000 5.530000
vertex 0.000000 6.600000 5.400000
endloop
endfacet
facet normal -0.0195294 -0.397532 0.91738
outer loop
vertex 0.676318 6.866775 5.530000
vertex 0.000000 6.600000 5.400000
vertex 0.646913 6.568219 5.400000
endloop
endfacet
facet normal 0.0195296 -0.397532 0.91738
outer loop
vertex 0.000000 6.900000 5.530000
vertex -0.676318 6.866775 5.530000
vertex -0.646913 6.568219 5.400000
endloop
endfacet
facet normal 0.0195294 -0.397532 0.917381
outer loop
vertex 0.000000 6.900000 5.530000
vertex -0.646913 6.568219 5.400000
vertex 0.000000 6.600000 5.400000
endloop
endfacet
facet normal 0.0584004 -0.393703 0.917381
outer loop
vertex -0.676318 6.866775 5.530000
vertex -1.346123 6.767418 5.530000
vertex -1.287596 6.473183 5.400000
endloop
endfacet
facet normal 0.0584005 -0.393703 0.917381
outer loop
vertex -0.676318 6.866775 5.530000
vertex -1.287596 6.473183 5.400000
vertex -0.646913 6.568219 5.400000
endloop
endfacet
facet normal 0.0967091 -0.386084 0.91738
outer loop
vertex -1.346123 6.767418 5.530000
vertex -2.002964 6.602888 5.530000
vertex -1.915879 6.315806 5.400000
endloop
endfacet
facet normal 0.0967086 -0.386083 0.917381
outer loop
vertex -1.346123 6.767418 5.530000
vertex -1.915879 6.315806 5.400000
vertex -1.287596 6.473183 5.400000
endloop
endfacet
facet normal 0.134086 -0.374745 0.917381
outer loop
vertex -2.002964 6.602888 5.530000
vertex -2.640516 6.374769 5.530000
vertex -2.525711 6.097605 5.400000
endloop
endfacet
facet normal 0.134086 -0.374746 0.91738
outer loop
vertex -2.002964 6.602888 5.530000
vertex -2.525711 6.097605 5.400000
vertex -1.915879 6.315806 5.400000
endloop
endfacet
facet normal 0.170172 -0.359798 0.91738
outer loop
vertex -2.640516 6.374769 5.530000
vertex -3.252637 6.085257 5.530000
vertex -3.111218 5.820680 5.400000
endloop
endfacet
facet normal 0.170172 -0.359798 0.917381
outer loop
vertex -2.640516 6.374769 5.530000
vertex -3.111218 5.820680 5.400000
vertex -2.525711 6.097605 5.400000
endloop
endfacet
facet normal 0.204619 -0.341386 0.91738
outer loop
vertex -3.252637 6.085257 5.530000
vertex -3.833435 5.737140 5.530000
vertex -3.666764 5.487700 5.400000
endloop
endfacet
facet normal 0.204619 -0.341386 0.917381
outer loop
vertex -3.252637 6.085257 5.530000
vertex -3.666764 5.487700 5.400000
vertex -3.111218 5.820680 5.400000
endloop
endfacet
facet normal 0.237095 -0.319686 0.917381
outer loop
vertex -3.833435 5.737140 5.530000
vertex -4.377314 5.333772 5.530000
vertex -4.186996 5.101869 5.400000
endloop
endfacet
facet normal 0.237095 -0.319686 0.91738
outer loop
vertex -3.833435 5.737140 5.530000
vertex -4.186996 5.101869 5.400000
vertex -3.666764 5.487700 5.400000
endloop
endfacet
facet normal 0.267288 -0.294907 0.91738
outer loop
vertex -4.377314 5.333772 5.530000
vertex -4.879037 4.879037 5.530000
vertex -4.666905 4.666905 5.400000
endloop
endfacet
facet normal 0.267288 -0.294907 0.917381
outer loop
vertex -4.377314 5.333772 5.530000
vertex -4.666905 4.666905 5.400000
vertex -4.186996 5.101869 5.400000
endloop
endfacet
facet normal 0.294907 -0.267288 0.917381
outer loop
vertex -4.879037 4.879037 5.530000
vertex -5.333772 4.377314 5.530000
vertex -5.101869 4.186996 5.400000
endloop
endfacet
facet normal 0.294907 -0.267288 0.91738
outer loop
vertex -4.879037 4.879037 5.530000
vertex -5.101869 4.186996 5.400000
vertex -4.666905 4.666905 5.400000
endloop
endfacet
facet normal 0.319686 -0.237095 0.91738
outer loop
vertex -5.333772 4.377314 5.530000
vertex -5.737140 3.833435 5.530000
vertex -5.487700 3.666764 5.400000
endloop
endfacet
facet normal 0.319686 -0.237095 0.917381
outer loop
vertex -5.333772 4.377314 5.530000
vertex -5.487700 3.666764 5.400000
vertex -5.101869 4.186996 5.400000
endloop
endfacet
facet normal 0.341386 -0.204619 0.91738
outer loop
vertex -5.737140 3.833435 5.530000
vertex -6.085257 3.252637 5.530000
vertex -5.820680 3.111218 5.400000
endloop
endfacet
facet normal 0.341386 -0.204619 0.91738
outer loop
vertex -5.737140 3.833435 5.530000
vertex -5.820680 3.111218 5.400000
vertex -5.487700 3.666764 5.400000
endloop
endfacet
facet normal 0.359798 -0.170172 0.917381
outer loop
vertex -6.085257 3.252637 5.530000
vertex -6.374769 2.640516 5.530000
vertex -6.097605 2.525711 5.400000
endloop
endfacet
facet normal 0.359798 -0.170172 0.917381
outer loop
vertex -6.085257 3.252637 5.530000
vertex -6.097605 2.525711 5.400000
vertex -5.820680 3.111218 5.400000
endloop
endfacet
facet normal 0.374746 -0.134086 0.91738
outer loop
vertex -6.374769 2.640516 5.530000
vertex -6.602888 2.002964 5.530000
vertex -6.315806 1.915879 5.400000
endloop
endfacet
facet normal 0.374745 -0.134086 0.917381
outer loop
vertex -6.374769 2.640516 5.530000
vertex -6.315806 1.915879 5.400000
vertex -6.097605 2.525711 5.400000
endloop
endfacet
facet normal 0.386083 -0.0967089 0.917381
outer loop
vertex -6.602888 2.002964 5.530000
vertex -6.767418 1.346123 5.530000
vertex -6.473183 1.287596 5.400000
endloop
endfacet
facet normal 0.386084 -0.0967088 0.91738
outer loop
vertex -6.602888 2.002964 5.530000
vertex -6.473183 1.287596 5.400000
vertex -6.315806 1.915879 5.400000
endloop
endfacet
facet normal 0.393703 -0.0584004 0.91738
outer loop
vertex -6.767418 1.346123 5.530000
vertex -6.866775 0.676318 5.530000
vertex -6.568219 0.646913 5.400000
endloop
endfacet
facet normal 0.393703 -0.0584005 0.917381
outer loop
vertex -6.767418 1.346123 5.530000
vertex -6.568219 0.646913 5.400000
vertex -6.473183 1.287596 5.400000
endloop
endfacet
facet normal 0.397532 -0.0195296 0.917381
outer loop
vertex -6.866775 0.676318 5.530000
vertex -6.900000 0.000000 5.530000
vertex -6.600000 0.000000 5.400000
endloop
endfacet
facet normal 0.397532 -0.0195294 0.91738
outer loop
vertex -6.866775 0.676318 5.530000
vertex -6.600000 0.000000 5.400000
vertex -6.568219 0.646913 5.400000
endloop
endfacet
facet normal 0.397532 0.0195296 0.91738
outer loop
vertex -6.900000 0.000000 5.530000
vertex -6.866775 -0.676318 5.530000
vertex -6.568219 -0.646913 5.400000
endloop
endfacet
facet normal 0.397532 0.0195294 0.917381
outer loop
vertex -6.900000 0.000000 5.530000
vertex -6.568219 -0.646913 5.400000
vertex -6.600000 0.000000 5.400000
endloop
endfacet
facet normal 0.393703 0.0584004 0.917381
outer loop
vertex -6.866775 -0.676318 5.530000
vertex -6.767418 -1.346123 5.530000
vertex -6.473183 -1.287596 5.400000
endloop
endfacet
facet normal 0.393703 0.0584005 0.917381
outer loop
vertex -6.866775 -0.676318 5.530000
vertex -6.473183 -1.287596 5.400000
vertex -6.568219 -0.646913 5.400000
endloop
endfacet
facet normal 0.386084 0.0967091 0.91738
outer loop
vertex -6.767418 -1.346123 5.530000
vertex -6.602888 -2.002964 5.530000
vertex -6.315806 -1.915879 5.400000
endloop
endfacet
facet normal 0.386083 0.0967086 0.917381
outer loop
vertex -6.767418 -1.346123 5.530000
vertex -6.315806 -1.915879 5.400000
vertex -6.473183 -1.287596 5.400000
endloop
endfacet
facet normal 0.374745 0.134086 0.917381
outer loop
vertex -6.602888 -2.002964 5.530000
vertex -6.374769 -2.640516 5.530000
vertex -6.097605 -2.525711 5.400000
endloop
endfacet
facet normal 0.374746 0.134086 0.91738
outer loop
vertex -6.602888 -2.002964 5.530000
vertex -6.097605 -2.525711 5.400000
vertex -6.315806 -1.915879 5.400000
endloop
endfacet
facet normal 0.359798 0.170172 0.91738
outer loop
vertex -6.374769 -2.640516 5.530000
vertex -6.085257 -3.252637 5.530000
vertex -5.820680 -3.111218 5.400000
endloop
endfacet
facet normal 0.359798 0.170172 0.917381
outer loop
vertex -6.374769 -2.640516 5.530000
vertex -5.820680 -3.111218 5.400000
vertex -6.097605 -2.525711 5.400000
endloop
endfacet
facet normal 0.341386 0.204619 0.91738
outer loop
vertex -6.085257 -3.252637 5.530000
vertex -5.737140 -3.833435 5.530000
vertex -5.487700 -3.666764 5.400000
endloop
endfacet
facet normal 0.341386 0.204619 0.917381
outer loop
vertex -6.085257 -3.252637 5.530000
vertex -5.487700 -3.666764 5.400000
vertex -5.820680 -3.111218 5.400000
endloop
endfacet
facet normal 0.319686 0.237095 0.917381
outer loop
vertex -5.737140 -3.833435 5.530000
vertex -5.333772 -4.377314 5.530000
vertex -5.101869 -4.186996 5.400000
endloop
endfacet
facet normal 0.319686 0.237095 0.91738
outer loop
vertex -5.737140 -3.833435 5.530000
vertex -5.101869 -4.186996 5.400000
vertex -5.487700 -3.666764 5.400000
endloop
endfacet
facet normal 0.294907 0.267288 0.91738
outer loop
vertex -5.333772 -4.377314 5.530000
vertex -4.879037 -4.879037 5.530000
vertex -4.666905 -4.666905 5.400000
endloop
endfacet
facet normal 0.294907 0.267288 0.917381
outer loop
vertex -5.333772 -4.377314 5.530000
vertex -4.666905 -4.666905 5.400000
vertex -5.101869 -4.186996 5.400000
endloop
endfacet
facet normal 0.267288 0.294907 0.917381
outer loop
vertex -4.879037 -4.879037 5.530000
vertex -4.377314 -5.333772 5.530000
vertex -4.186996 -5.101869 5.400000
endloop
endfacet
facet normal 0.267288 0.294907 0.91738
outer loop
vertex -4.879037 -4.879037 5.530000
vertex -4.186996 -5.101869 5.400000
vertex -4.666905 -4.666905 5.400000
endloop
endfacet
facet normal 0.237095 0.319686 0.91738
outer loop
vertex -4.377314 -5.333772 5.530000
vertex -3.833435 -5.737140 5.530000
vertex -3.666764 -5.487700 5.400000
endloop
endfacet
facet normal 0.237095 0.319686 0.917381
outer loop
vertex -4.377314 -5.333772 5.530000
vertex -3.666764 -5.487700 5.400000
vertex -4.186996 -5.101869 5.400000
endloop
endfacet
facet normal 0.204619 0.341386 0.91738
outer loop
vertex -3.833435 -5.737140 5.530000
vertex -3.252637 -6.085257 5.530000
vertex -3.111218 -5.820680 5.400000
endloop
endfacet
facet normal 0.204619 0.341386 0.91738
outer loop
vertex -3.833435 -5.737140 5.530000
vertex -3.111218 -5.820680 5.400000
vertex -3.666764 -5.487700 5.400000
endloop
endfacet
facet normal 0.170172 0.359798 0.917381
outer loop
vertex -3.252637 -6.085257 5.530000
vertex -2.640516 -6.374769 5.530000
vertex -2.525711 -6.097605 5.400000
endloop
endfacet
facet normal 0.170172 0.359798 0.917381
outer loop
vertex -3.252637 -6.085257 5.530000
vertex -2.525711 -6.097605 5.400000
vertex -3.111218 -5.820680 5.400000
endloop
endfacet
facet normal 0.134086 0.374746 0.91738
outer loop
vertex -2.640516 -6.374769 5.530000
vertex -2.002964 -6.602888 5.530000
vertex -1.915879 -6.315806 5.400000
endloop
endfacet
facet normal 0.134086 0.374745 0.917381
outer loop
vertex -2.640516 -6.374769 5.530000
vertex -1.915879 -6.315806 5.400000
vertex -2.525711 -6.097605 5.400000
endloop
endfacet
facet normal 0.0967089 0.386083 0.917381
outer loop
vertex -2.002964 -6.602888 5.530000
vertex -1.346123 -6.767418 5.530000
vertex -1.287596 -6.473183 5.400000
endloop
endfacet
facet normal 0.0967088 0.386084 0.91738
outer loop
vertex -2.002964 -6.602888 5.530000
vertex -1.287596 -6.473183 5.400000
vertex -1.915879 -6.315806 5.400000
endloop
endfacet
facet normal 0.0584004 0.393703 0.91738
outer loop
vertex -1.346123 -6.767418 5.530000
vertex -0.676318 -6.866775 5.530000
vertex -0.646913 -6.568219 5.400000
endloop
endfacet
facet normal 0.0584005 0.393703 0.917381
outer loop
vertex -1.346123 -6.767418 5.530000
vertex -0.646913 -6.568219 5.400000
vertex -1.287596 -6.473183 5.400000
endloop
endfacet
facet normal 0.0195296 0.397532 0.917381
outer loop
vertex -0.676318 -6.866775 5.530000
vertex -0.000000 -6.900000 5.530000
vertex -0.000000 -6.600000 5.400000
endloop
endfacet
facet normal 0.0195294 0.397532 0.91738
outer loop
vertex -0.676318 -6.866775 5.530000
vertex -0.000000 -6.600000 5.400000
vertex -0.646913 -6.568219 5.400000
endloop
endfacet
facet normal -0.0195296 0.397532 0.91738
outer loop
vertex -0.000000 -6.900000 5.530000
vertex 0.676318 -6.866775 5.530000
vertex 0.646913 -6.568219 5.400000
endloop
endfacet
facet normal -0.0195294 0.397532 0.917381
outer loop
vertex -0.000000 -6.900000 5.530000
vertex 0.646913 -6.568219 5.400000
vertex -0.000000 -6.600000 5.400000
endloop
endfacet
facet normal -0.0584004 0.393703 0.917381
outer loop
vertex 0.676318 -6.866775 5.530000
vertex 1.346123 -6.767418 5.530000
vertex 1.287596 -6.473183 5.400000
endloop
endfacet
facet normal -0.0584005 0.393703 0.917381
outer loop
vertex 0.676318 -6.866775 5.530000
vertex 1.287596 -6.473183 5.400000
vertex 0.646913 -6.568219 5.400000
endloop
endfacet
facet normal -0.0967091 0.386084 0.91738
outer loop
vertex 1.346123 -6.767418 5.530000
vertex 2.002964 -6.602888 5.530000
vertex 1.915879 -6.315806 5.400000
endloop
endfacet
facet normal -0.0967086 0.386083 0.917381
outer loop
vertex 1.346123 -6.767418 5.530000
vertex 1.915879 -6.315806 5.400000
vertex 1.287596 -6.473183 5.400000
endloop
endfacet
facet normal -0.134086 0.374745 0.917381
outer loop
vertex 2.002964 -6.602888 5.530000
vertex 2.640516 -6.374769 5.530000
vertex 2.525711 -6.097605 5.400000
endloop
endfacet
facet normal -0.134086 0.374746 0.91738
outer loop
vertex 2.002964 -6.602888 5.530000
vertex 2.525711 -6.097605 5.400000
vertex 1.915879 -6.315806 5.400000
endloop
endfacet
facet normal -0.170172 0.359798 0.91738
outer loop
vertex 2.640516 -6.374769 5.530000
vertex 3.252637 -6.085257 5.530000
vertex 3.111218 -5.820680 5.400000
endloop
endfacet
facet normal -0.170172 0.359798 0.917381
outer loop
vertex 2.640516 -6.374769 5.530000
vertex 3.111218 -5.820680 5.400000
vertex 2.525711 -6.097605 5.400000
endloop
endfacet
facet normal -0.204619 0.341386 0.91738
outer loop
vertex 3.252637 -6.085257 5.530000
vertex 3.833435 -5.737140 5.530000
vertex 3.666764 -5.487700 5.400000
endloop
endfacet
facet normal -0.204619 0.341386 0.917381
outer loop
vertex 3.252637 -6.085257 5.530000
vertex 3.666764 -5.487700 5.400000
vertex 3.111218 -5.820680 5.400000
endloop
endfacet
facet normal -0.237095 0.319686 0.917381
outer loop
vertex 3.833435 -5.737140 5.530000
vertex 4.377314 -5.333772 5.530000
vertex 4.186996 -5.101869 5.400000
endloop
endfacet
facet normal -0.237095 0.319686 0.91738
outer loop
vertex 3.833435 -5.737140 5.530000
vertex 4.186996 -5.101869 5.400000
vertex 3.666764 -5.487700 5.400000
endloop
endfacet
facet normal -0.267288 0.294907 0.91738
outer loop
vertex 4.377314 -5.333772 5.530000
vertex 4.879037 -4.879037 5.530000
vertex 4.666905 -4.666905 5.400000
endloop
endfacet
facet normal -0.267288 0.294907 0.917381
outer loop
vertex 4.377314 -5.333772 5.530000
vertex 4.666905 -4.666905 5.400000
vertex 4.186996 -5.101869 5.400000
endloop
endfacet
facet normal -0.294907 0.267288 0.917381
outer loop
vertex 4.879037 -4.879037 5.530000
vertex 5.333772 -4.377314 5.530000
vertex 5.101869 -4.186996 5.400000
endloop
endfacet
facet normal -0.294907 0.267288 0.91738
outer loop
vertex 4.879037 -4.879037 5.530000
vertex 5.101869 -4.186996 5.400000
vertex 4.666905 -4.666905 5.400000
endloop
endfacet
facet normal -0.319686 0.237095 0.91738
outer loop
vertex 5.333772 -4.377314 5.530000
vertex 5.737140 -3.833435 5.530000
vertex 5.487700 -3.666764 5.400000
endloop
endfacet
facet normal -0.319686 0.237095 0.917381
outer loop
vertex 5.333772 -4.377314 5.530000
vertex 5.487700 -3.666764 5.400000
vertex 5.101869 -4.186996 5.400000
endloop
endfacet
facet normal -0.341386 0.204619 0.91738
outer loop
vertex 5.737140 -3.833435 5.530000
vertex 6.085257 -3.252637 5.530000
vertex 5.820680 -3.111218 5.400000
endloop
endfacet
facet normal -0.341386 0.204619 0.91738
outer loop
vertex 5.737140 -3.833435 5.530000
vertex 5.820680 -3.111218 5.400000
vertex 5.487700 -3.666764 5.400000
endloop
endfacet
facet normal -0.359798 0.170172 0.917381
outer loop
vertex 6.085257 -3.252637 5.530000
vertex 6.374769 -2.640516 5.530000
vertex 6.097605 -2.525711 5.400000
endloop
endfacet
facet normal -0.359798 0.170172 0.917381
outer loop
vertex 6.085257 -3.252637 5.530000
vertex 6.097605 -2.525711 5.400000
vertex 5.820680 -3.111218 5.400000
endloop
endfacet
facet normal -0.374746 0.134086 0.91738
outer loop
vertex 6.374769 -2.640516 5.530000
vertex 6.602888 -2.002964 5.530000
vertex 6.315806 -1.915879 5.400000
endloop
endfacet
facet normal -0.374745 0.134086 0.917381
outer loop
vertex 6.374769 -2.640516 5.530000
vertex 6.315806 -1.915879 5.400000
vertex 6.097605 -2.525711 5.400000
endloop
endfacet
facet normal -0.386083 0.0967089 0.917381
outer loop
vertex 6.602888 -2.002964 5.530000
vertex 6.767418 -1.346123 5.530000
vertex 6.473183 -1.287596 5.400000
endloop
endfacet
facet normal -0.386084 0.0967088 0.91738
outer loop
vertex 6.602888 -2.002964 5.530000
vertex 6.473183 -1.287596 5.400000
vertex 6.315806 -1.915879 5.400000
endloop
endfacet
facet normal -0.393703 0.0584004 0.91738
outer loop
vertex 6.767418 -1.346123 5.530000
vertex 6.866775 -0.676318 5.530000
vertex 6.568219 -0.646913 5.400000
endloop
endfacet
facet normal -0.393703 0.0584005 0.917381
outer loop
vertex 6.767418 -1.346123 5.530000
vertex 6.568219 -0.646913 5.400000
vertex 6.473183 -1.287596 5.400000
endloop
endfacet
facet normal -0.397532 0.0195296 0.917381
outer loop
vertex 6.866775 -0.676318 5.530000
vertex 6.900000 -0.000000 5.530000
vertex 6.600000 -0.000000 5.400000
endloop
endfacet
facet normal -0.397532 0.0195294 0.91738
outer loop
vertex 6.866775 -0.676318 5.530000
vertex 6.600000 -0.000000 5.400000
vertex 6.568219 -0.646913 5.400000
endloop
endfacet
facet normal -0.454365 -0.0223215 0.890536
outer loop
vertex 6.600000 -0.000000 5.400000
vertex 6.568219 0.646913 5.400000
vertex 6.070627 0.597905 5.144892
endloop
endfacet
facet normal -0.454365 -0.0223216 0.890536
outer loop
vertex 6.600000 -0.000000 5.400000
vertex 6.070627 0.597905 5.144892
vertex 6.100000 -0.000000 5.144892
endloop
endfacet
facet normal -0.44999 -0.0667498 0.890536
outer loop
vertex 6.568219 0.646913 5.400000
vertex 6.473183 1.287596 5.400000
vertex 5.982790 1.190051 5.144892
endloop
endfacet
facet normal -0.449989 -0.0667497 0.890536
outer loop
vertex 6.568219 0.646913 5.400000
vertex 5.982790 1.190051 5.144892
vertex 6.070627 0.597905 5.144892
endloop
endfacet
facet normal -0.44128 -0.110535 0.890536
outer loop
vertex 6.473183 1.287596 5.400000
vertex 6.315806 1.915879 5.400000
vertex 5.837336 1.770737 5.144892
endloop
endfacet
facet normal -0.44128 -0.110535 0.890536
outer loop
vertex 6.473183 1.287596 5.400000
vertex 5.837336 1.770737 5.144892
vertex 5.982790 1.190051 5.144892
endloop
endfacet
facet normal -0.428321 -0.153256 0.890536
outer loop
vertex 6.315806 1.915879 5.400000
vertex 6.097605 2.525711 5.400000
vertex 5.635665 2.334369 5.144892
endloop
endfacet
facet normal -0.428321 -0.153256 0.890536
outer loop
vertex 6.315806 1.915879 5.400000
vertex 5.635665 2.334369 5.144892
vertex 5.837336 1.770737 5.144892
endloop
endfacet
facet normal -0.411237 -0.194501 0.890536
outer loop
vertex 6.097605 2.525711 5.400000
vertex 5.820680 3.111218 5.400000
vertex 5.379720 2.875520 5.144892
endloop
endfacet
facet normal -0.411237 -0.1945 0.890536
outer loop
vertex 6.097605 2.525711 5.400000
vertex 5.379720 2.875520 5.144892
vertex 5.635665 2.334369 5.144892
endloop
endfacet
facet normal -0.390192 -0.233872 0.890536
outer loop
vertex 5.820680 3.111218 5.400000
vertex 5.487700 3.666764 5.400000
vertex 5.071965 3.388978 5.144892
endloop
endfacet
facet normal -0.390192 -0.233872 0.890536
outer loop
vertex 5.820680 3.111218 5.400000
vertex 5.071965 3.388978 5.144892
vertex 5.379720 2.875520 5.144892
endloop
endfacet
facet normal -0.36539 -0.270992 0.890536
outer loop
vertex 5.487700 3.666764 5.400000
vertex 5.101869 4.186996 5.400000
vertex 4.715364 3.869799 5.144892
endloop
endfacet
facet normal -0.36539 -0.270992 0.890536
outer loop
vertex 5.487700 3.666764 5.400000
vertex 4.715364 3.869799 5.144892
vertex 5.071965 3.388978 5.144892
endloop
endfacet
facet normal -0.337068 -0.305501 0.890536
outer loop
vertex 5.101869 4.186996 5.400000
vertex 4.666905 4.666905 5.400000
vertex 4.313351 4.313351 5.144892
endloop
endfacet
facet normal -0.337068 -0.305502 0.890536
outer loop
vertex 5.101869 4.186996 5.400000
vertex 4.313351 4.313351 5.144892
vertex 4.715364 3.869799 5.144892
endloop
endfacet
facet normal -0.305501 -0.337069 0.890536
outer loop
vertex 4.666905 4.666905 5.400000
vertex 4.186996 5.101869 5.400000
vertex 3.869799 4.715364 5.144892
endloop
endfacet
facet normal -0.305501 -0.337068 0.890536
outer loop
vertex 4.666905 4.666905 5.400000
vertex 3.869799 4.715364 5.144892
vertex 4.313351 4.313351 5.144892
endloop
endfacet
facet normal -0.270992 -0.36539 0.890536
outer loop
vertex 4.186996 5.101869 5.400000
vertex 3.666764 5.487700 5.400000
vertex 3.388978 5.071965 5.144892
endloop
endfacet
facet normal -0.270992 -0.36539 0.890536
outer loop
vertex 4.186996 5.101869 5.400000
vertex 3.388978 5.071965 5.144892
vertex 3.869799 4.715364 5.144892
endloop
endfacet
facet normal -0.233872 -0.390192 0.890536
outer loop
vertex 3.666764 5.487700 5.400000
vertex 3.111218 5.820680 5.400000
vertex 2.875520 5.379720 5.144892
endloop
endfacet
facet normal -0.233872 -0.390192 0.890536
outer loop
vertex 3.666764 5.487700 5.400000
vertex 2.875520 5.379720 5.144892
vertex 3.388978 5.071965 5.144892
endloop
endfacet
facet normal -0.194501 -0.411237 0.890536
outer loop
vertex 3.111218 5.820680 5.400000
vertex 2.525711 6.097605 5.400000
vertex 2.334369 5.635665 5.144892
endloop
endfacet
facet normal -0.1945 -0.411237 0.890536
outer loop
vertex 3.111218 5.820680 5.400000
vertex 2.334369 5.635665 5.144892
vertex 2.875520 5.379720 5.144892
endloop
endfacet
facet normal -0.153256 -0.428321 0.890536
outer loop
vertex 2.525711 6.097605 5.400000
vertex 1.915879 6.315806 5.400000
vertex 1.770737 5.837336 5.144892
endloop
endfacet
facet normal -0.153256 -0.428321 0.890536
outer loop
vertex 2.525711 6.097605 5.400000
vertex 1.770737 5.837336 5.144892
vertex 2.334369 5.635665 5.144892
endloop
endfacet
facet normal -0.110535 -0.44128 0.890536
outer loop
vertex 1.915879 6.315806 5.400000
vertex 1.287596 6.473183 5.400000
vertex 1.190051 5.982790 5.144892
endloop
endfacet
facet normal -0.110535 -0.44128 0.890536
outer loop
vertex 1.915879 6.315806 5.400000
vertex 1.190051 5.982790 5.144892
vertex 1.770737 5.837336 5.144892
endloop
endfacet
facet normal -0.0667497 -0.449989 0.890536
outer loop
vertex 1.287596 6.473183 5.400000
vertex 0.646913 6.568219 5.400000
vertex 0.597905 6.070627 5.144892
endloop
endfacet
facet normal -0.0667498 -0.449989 0.890536
outer loop
vertex 1.287596 6.473183 5.400000
vertex 0.597905 6.070627 5.144892
vertex 1.190051 5.982790 5.144892
endloop
endfacet
facet normal -0.0223215 -0.454365 0.890536
outer loop
vertex 0.646913 6.568219 5.400000
vertex 0.000000 6.600000 5.400000
vertex 0.000000 6.100000 5.144892
endloop
endfacet
facet normal -0.0223216 -0.454365 0.890536
outer loop
vertex 0.646913 6.568219 5.400000
vertex 0.000000 6.100000 5.144892
vertex 0.597905 6.070627 5.144892
endloop
endfacet
facet normal 0.0223215 -0.454365 0.890536
outer loop
vertex 0.000000 6.600000 5.400000
vertex -0.646913 6.568219 5.400000
vertex -0.597905 6.070627 5.144892
endloop
endfacet
facet normal 0.0223216 -0.454365 0.890536
outer loop
vertex 0.000000 6.600000 5.400000
vertex -0.597905 6.070627 5.144892
vertex 0.000000 6.100000 5.144892
endloop
endfacet
facet normal 0.0667498 -0.44999 0.890536
outer loop
vertex -0.646913 6.568219 5.400000
vertex -1.287596 6.473183 5.400000
vertex -1.190051 5.982790 5.144892
endloop
endfacet
facet normal 0.0667497 -0.449989 0.890536
outer loop
vertex -0.646913 6.568219 5.400000
vertex -1.190051 5.982790 5.144892
vertex -0.597905 6.070627 5.144892
endloop
endfacet
facet normal 0.110535 -0.44128 0.890536
outer loop
vertex -1.287596 6.473183 5.400000
vertex -1.915879 6.315806 5.400000
vertex -1.770737 5.837336 5.144892
endloop
endfacet
facet normal 0.110535 -0.44128 0.890536
outer loop
vertex -1.287596 6.473183 5.400000
vertex -1.770737 5.837336 5.144892
vertex -1.190051 5.982790 5.144892
endloop
endfacet
facet normal 0.153256 -0.428321 0.890536
outer loop
vertex -1.915879 6.315806 5.400000
vertex -2.525711 6.097605 5.400000
vertex -2.334369 5.635665 5.144892
endloop
endfacet
facet normal 0.153256 -0.428321 0.890536
outer loop
vertex -1.915879 6.315806 5.400000
vertex -2.334369 5.635665 5.144892
vertex -1.770737 5.837336 5.144892
endloop
endfacet
facet normal 0.194501 -0.411237 0.890536
outer loop
vertex -2.525711 6.097605 5.400000
vertex -3.111218 5.820680 5.400000
vertex -2.875520 5.379720 5.144892
endloop
endfacet
facet normal 0.1945 -0.411237 0.890536
outer loop
vertex -2.525711 6.097605 5.400000
vertex -2.875520 5.379720 5.144892
vertex -2.334369 5.635665 5.144892
endloop
endfacet
facet normal 0.233872 -0.390192 0.890536
outer loop
vertex -3.111218 5.820680 5.400000
vertex -3.666764 5.487700 5.400000
vertex -3.388978 5.071965 5.144892
endloop
endfacet
facet normal 0.233872 -0.390192 0.890536
outer loop
vertex -3.111218 5.820680 5.400000
vertex -3.388978 5.071965 5.144892
vertex -2.875520 5.379720 5.144892
endloop
endfacet
facet normal 0.270992 -0.36539 0.890536
outer loop
vertex -3.666764 5.487700 5.400000
vertex -4.186996 5.101869 5.400000
vertex -3.869799 4.715364 5.144892
endloop
endfacet
facet normal 0.270992 -0.36539 0.890536
outer loop
vertex -3.666764 5.487700 5.400000
vertex -3.869799 4.715364 5.144892
vertex -3.388978 5.071965 5.144892
endloop
endfacet
facet normal 0.305501 -0.337068 0.890536
outer loop
vertex -4.186996 5.101869 5.400000
vertex -4.666905 4.666905 5.400000
vertex -4.313351 4.313351 5.144892
endloop
endfacet
facet normal 0.305502 -0.337068 0.890536
outer loop
vertex -4.186996 5.101869 5.400000
vertex -4.313351 4.313351 5.144892
vertex -3.869799 4.715364 5.144892
endloop
endfacet
facet normal 0.337069 -0.305501 0.890536
outer loop
vertex -4.666905 4.666905 5.400000
vertex -5.101869 4.186996 5.400000
vertex -4.715364 3.869799 5.144892
endloop
endfacet
facet normal 0.337068 -0.305501 0.890536
outer loop
vertex -4.666905 4.666905 5.400000
vertex -4.715364 3.869799 5.144892
vertex -4.313351 4.313351 5.144892
endloop
endfacet
facet normal 0.36539 -0.270992 0.890536
outer loop
vertex -5.101869 4.186996 5.400000
vertex -5.487700 3.666764 5.400000
vertex -5.071965 3.388978 5.144892
endloop
endfacet
facet normal 0.36539 -0.270992 0.890536
outer loop
vertex -5.101869 4.186996 5.400000
vertex -5.071965 3.388978 5.144892
vertex -4.715364 3.869799 5.144892
endloop
endfacet
facet normal 0.390192 -0.233872 0.890536
outer loop
vertex -5.487700 3.666764 5.400000
vertex -5.820680 3.111218 5.400000
vertex -5.379720 2.875520 5.144892
endloop
endfacet
facet normal 0.390192 -0.233872 0.890536
outer loop
vertex -5.487700 3.666764 5.400000
vertex -5.379720 2.875520 5.144892
vertex -5.071965 3.388978 5.144892
endloop
endfacet
facet normal 0.411237 -0.194501 0.890536
outer loop
vertex -5.820680 3.111218 5.400000
vertex -6.097605 2.525711 5.400000
vertex -5.635665 2.334369 5.144892
endloop
endfacet
facet normal 0.411237 -0.1945 0.890536
outer loop
vertex -5.820680 3.111218 5.400000
vertex -5.635665 2.334369 5.144892
vertex -5.379720 2.875520 5.144892
endloop
endfacet
facet normal 0.428321 -0.153256 0.890536
outer loop
vertex -6.097605 2.525711 5.400000
vertex -6.315806 1.915879 5.400000
vertex -5.837336 1.770737 5.144892
endloop
endfacet
facet normal 0.428321 -0.153256 0.890536
outer loop
vertex -6.097605 2.525711 5.400000
vertex -5.837336 1.770737 5.144892
vertex -5.635665 2.334369 5.144892
endloop
endfacet
facet normal 0.44128 -0.110535 0.890536
outer loop
vertex -6.315806 1.915879 5.400000
vertex -6.473183 1.287596 5.400000
vertex -5.982790 1.190051 5.144892
endloop
endfacet
facet normal 0.44128 -0.110535 0.890536
outer loop
vertex -6.315806 1.915879 5.400000
vertex -5.982790 1.190051 5.144892
vertex -5.837336 1.770737 5.144892
endloop
endfacet
facet normal 0.449989 -0.0667497 0.890536
outer loop
vertex -6.473183 1.287596 5.400000
vertex -6.568219 0.646913 5.400000
vertex -6.070627 0.597905 5.144892
endloop
endfacet
facet normal 0.449989 -0.0667498 0.890536
outer loop
vertex -6.473183 1.287596 5.400000
vertex -6.070627 0.597905 5.144892
vertex -5.982790 1.190051 5.144892
endloop
endfacet
facet normal 0.454365 -0.0223215 0.890536
outer loop
vertex -6.568219 0.646913 5.400000
vertex -6.600000 0.000000 5.400000
vertex -6.100000 0.000000 5.144892
endloop
endfacet
facet normal 0.454365 -0.0223216 0.890536
outer loop
vertex -6.568219 0.646913 5.400000
vertex -6.100000 0.000000 5.144892
vertex -6.070627 0.597905 5.144892
endloop
endfacet
facet normal 0.454365 0.0223215 0.890536
outer loop
vertex -6.600000 0.000000 5.400000
vertex -6.568219 -0.646913 5.400000
vertex -6.070627 -0.597905 5.144892
endloop
endfacet
facet normal 0.454365 0.0223216 0.890536
outer loop
vertex -6.600000 0.000000 5.400000
vertex -6.070627 -0.597905 5.144892
vertex -6.100000 0.000000 5.144892
endloop
endfacet
facet normal 0.44999 0.0667498 0.890536
outer loop
vertex -6.568219 -0.646913 5.400000
vertex -6.473183 -1.287596 5.400000
vertex -5.982790 -1.190051 5.144892
endloop
endfacet
facet normal 0.449989 0.0667497 0.890536
outer loop
vertex -6.568219 -0.646913 5.400000
vertex -5.982790 -1.190051 5.144892
vertex -6.070627 -0.597905 5.144892
endloop
endfacet
facet normal 0.44128 0.110535 0.890536
outer loop
vertex -6.473183 -1.287596 5.400000
vertex -6.315806 -1.915879 5.400000
vertex -5.837336 -1.770737 5.144892
endloop
endfacet
facet normal 0.44128 0.110535 0.890536
outer loop
vertex -6.473183 -1.287596 5.400000
vertex -5.837336 -1.770737 5.144892
vertex -5.982790 -1.190051 5.144892
endloop
endfacet
facet normal 0.428321 0.153256 0.890536
outer loop
vertex -6.315806 -1.915879 5.400000
vertex -6.097605 -2.525711 5.400000
vertex -5.635665 -2.334369 5.144892
endloop
endfacet
facet normal 0.428321 0.153256 0.890536
outer loop
vertex -6.315806 -1.915879 5.400000
vertex -5.635665 -2.334369 5.144892
vertex -5.837336 -1.770737 5.144892
endloop
endfacet
facet normal 0.411237 0.194501 0.890536
outer loop
vertex -6.097605 -2.525711 5.400000
vertex -5.820680 -3.111218 5.400000
vertex -5.379720 -2.875520 5.144892
endloop
endfacet
facet normal 0.411237 0.1945 0.890536
outer loop
vertex -6.097605 -2.525711 5.400000
vertex -5.379720 -2.875520 5.144892
vertex -5.635665 -2.334369 5.144892
endloop
endfacet
facet normal 0.390192 0.233872 0.890536
outer loop
vertex -5.820680 -3.111218 5.400000
vertex -5.487700 -3.666764 5.400000
vertex -5.071965 -3.388978 5.144892
endloop
endfacet
facet normal 0.390192 0.233872 0.890536
outer loop
vertex -5.820680 -3.111218 5.400000
vertex -5.071965 -3.388978 5.144892
vertex -5.379720 -2.875520 5.144892
endloop
endfacet
facet normal 0.36539 0.270992 0.890536
outer loop
vertex -5.487700 -3.666764 5.400000
vertex -5.101869 -4.186996 5.400000
vertex -4.715364 -3.869799 5.144892
endloop
endfacet
facet normal 0.36539 0.270992 0.890536
outer loop
vertex -5.487700 -3.666764 5.400000
vertex -4.715364 -3.869799 5.144892
vertex -5.071965 -3.388978 5.144892
endloop
endfacet
facet normal 0.337068 0.305501 0.890536
outer loop
vertex -5.101869 -4.186996 5.400000
vertex -4.666905 -4.666905 5.400000
vertex -4.313351 -4.313351 5.144892
endloop
endfacet
facet normal 0.337068 0.305502 0.890536
outer loop
vertex -5.101869 -4.186996 5.400000
vertex -4.313351 -4.313351 5.144892
vertex -4.715364 -3.869799 5.144892
endloop
endfacet
facet normal 0.305501 0.337069 0.890536
outer loop
vertex -4.666905 -4.666905 5.400000
vertex -4.186996 -5.101869 5.400000
vertex -3.869799 -4.715364 5.144892
endloop
endfacet
facet normal 0.305501 0.337068 0.890536
outer loop
vertex -4.666905 -4.666905 5.400000
vertex -3.869799 -4.715364 5.144892
vertex -4.313351 -4.313351 5.144892
endloop
endfacet
facet normal 0.270992 0.36539 0.890536
outer loop
vertex -4.186996 -5.101869 5.400000
vertex -3.666764 -5.487700 5.400000
vertex -3.388978 -5.071965 5.144892
endloop
endfacet
facet normal 0.270992 0.36539 0.890536
outer loop
vertex -4.186996 -5.101869 5.400000
vertex -3.388978 -5.071965 5.144892
vertex -3.869799 -4.715364 5.144892
endloop
endfacet
facet normal 0.233872 0.390192 0.890536
outer loop
vertex -3.666764 -5.487700 5.400000
vertex -3.111218 -5.820680 5.400000
vertex -2.875520 -5.379720 5.144892
endloop
endfacet
facet normal 0.233872 0.390192 0.890536
outer loop
vertex -3.666764 -5.487700 5.400000
vertex -2.875520 -5.379720 5.144892
vertex -3.388978 -5.071965 5.144892
endloop
endfacet
facet normal 0.194501 0.411237 0.890536
outer loop
vertex -3.111218 -5.820680 5.400000
vertex -2.525711 -6.097605 5.400000
vertex -2.334369 -5.635665 5.144892
endloop
endfacet
facet normal 0.1945 0.411237 0.890536
outer loop
vertex -3.111218 -5.820680 5.400000
vertex -2.334369 -5.635665 5.144892
vertex -2.875520 -5.379720 5.144892
endloop
endfacet
facet normal 0.153256 0.428321 0.890536
outer loop
vertex -2.525711 -6.097605 5.400000
vertex -1.915879 -6.315806 5.400000
vertex -1.770737 -5.837336 5.144892
endloop
endfacet
facet normal 0.153256 0.428321 0.890536
outer loop
vertex -2.525711 -6.097605 5.400000
vertex -1.770737 -5.837336 5.144892
vertex -2.334369 -5.635665 5.144892
endloop
endfacet
facet normal 0.110535 0.44128 0.890536
outer loop
vertex -1.915879 -6.315806 5.400000
vertex -1.287596 -6.473183 5.400000
vertex -1.190051 -5.982790 5.144892
endloop
endfacet
facet normal 0.110535 0.44128 0.890536
outer loop
vertex -1.915879 -6.315806 5.400000
vertex -1.190051 -5.982790 5.144892
vertex -1.770737 -5.837336 5.144892
endloop
endfacet
facet normal 0.0667497 0.449989 0.890536
outer loop
vertex -1.287596 -6.473183 5.400000
vertex -0.646913 -6.568219 5.400000
vertex -0.597905 -6.070627 5.144892
endloop
endfacet
facet normal 0.0667498 0.449989 0.890536
outer loop
vertex -1.287596 -6.473183 5.400000
vertex -0.597905 -6.070627 5.144892
vertex -1.190051 -5.982790 5.144892
endloop
endfacet
facet normal 0.0223215 0.454365 0.890536
outer loop
vertex -0.646913 -6.568219 5.400000
vertex -0.000000 -6.600000 5.400000
vertex -0.000000 -6.100000 5.144892
endloop
endfacet
facet normal 0.0223216 0.454365 0.890536
outer loop
vertex -0.646913 -6.568219 5.400000
vertex -0.000000 -6.100000 5.144892
vertex -0.597905 -6.070627 5.144892
endloop
endfacet
facet normal -0.0223215 0.454365 0.890536
outer loop
vertex -0.000000 -6.600000 5.400000
vertex 0.646913 -6.568219 5.400000
vertex 0.597905 -6.070627 5.144892
endloop
endfacet
facet normal -0.0223216 0.454365 0.890536
outer loop
vertex -0.000000 -6.600000 5.400000
vertex 0.597905 -6.070627 5.144892
vertex -0.000000 -6.100000 5.144892
endloop
endfacet
facet normal -0.0667498 0.44999 0.890536
outer loop
vertex 0.646913 -6.568219 5.400000
vertex 1.287596 -6.473183 5.400000
vertex 1.190051 -5.982790 5.144892
endloop
endfacet
facet normal -0.0667497 0.449989 0.890536
outer loop
vertex 0.646913 -6.568219 5.400000
vertex 1.190051 -5.982790 5.144892
vertex 0.597905 -6.070627 5.144892
endloop
endfacet
facet normal -0.110535 0.44128 0.890536
outer loop
vertex 1.287596 -6.473183 5.400000
vertex 1.915879 -6.315806 5.400000
vertex 1.770737 -5.837336 5.144892
endloop
endfacet
facet normal -0.110535 0.44128 0.890536
outer loop
vertex 1.287596 -6.473183 5.400000
vertex 1.770737 -5.837336 5.144892
vertex 1.190051 -5.982790 5.144892
endloop
endfacet
facet normal -0.153256 0.428321 0.890536
outer loop
vertex 1.915879 -6.315806 5.400000
vertex 2.525711 -6.097605 5.400000
vertex 2.334369 -5.635665 5.144892
endloop
endfacet
facet normal -0.153256 0.428321 0.890536
outer loop
vertex 1.915879 -6.315806 5.400000
vertex 2.334369 -5.635665 5.144892
vertex 1.770737 -5.837336 5.144892
endloop
endfacet
facet normal -0.194501 0.411237 0.890536
outer loop
vertex 2.525711 -6.097605 5.400000
vertex 3.111218 -5.820680 5.400000
vertex 2.875520 -5.379720 5.144892
endloop
endfacet
facet normal -0.1945 0.411237 0.890536
outer loop
vertex 2.525711 -6.097605 5.400000
vertex 2.875520 -5.379720 5.144892
vertex 2.334369 -5.635665 5.144892
endloop
endfacet
facet normal -0.233872 0.390192 0.890536
outer loop
vertex 3.111218 -5.820680 5.400000
vertex 3.666764 -5.487700 5.400000
vertex 3.388978 -5.071965 5.144892
endloop
endfacet
facet normal -0.233872 0.390192 0.890536
outer loop
vertex 3.111218 -5.820680 5.400000
vertex 3.388978 -5.071965 5.144892
vertex 2.875520 -5.379720 5.144892
endloop
endfacet
facet normal -0.270992 0.36539 0.890536
outer loop
vertex 3.666764 -5.487700 5.400000
vertex 4.186996 -5.101869 5.400000
vertex 3.869799 -4.715364 5.144892
endloop
endfacet
facet normal -0.270992 0.36539 0.890536
outer loop
vertex 3.666764 -5.487700 5.400000
vertex 3.869799 -4.715364 5.144892
vertex 3.388978 -5.071965 5.144892
endloop
endfacet
facet normal -0.305501 0.337068 0.890536
outer loop
vertex 4.186996 -5.101869 5.400000
vertex 4.666905 -4.666905 5.400000
vertex 4.313351 -4.313351 5.144892
endloop
endfacet
facet normal -0.305502 0.337068 0.890536
outer loop
vertex 4.186996 -5.101869 5.400000
vertex 4.313351 -4.313351 5.144892
vertex 3.869799 -4.715364 5.144892
endloop
endfacet
facet normal -0.337069 0.305501 0.890536
outer loop
vertex 4.666905 -4.666905 5.400000
vertex 5.101869 -4.186996 5.400000
vertex 4.715364 -3.869799 5.144892
endloop
endfacet
facet normal -0.337068 0.305501 0.890536
outer loop
vertex 4.666905 -4.666905 5.400000
vertex 4.715364 -3.869799 5.144892
vertex 4.313351 -4.313351 5.144892
endloop
endfacet
facet normal -0.36539 0.270992 0.890536
outer loop
vertex 5.101869 -4.186996 5.400000
vertex 5.487700 -3.666764 5.400000
vertex 5.071965 -3.388978 5.144892
endloop
endfacet
facet normal -0.36539 0.270992 0.890536
outer loop
vertex 5.101869 -4.186996 5.400000
vertex 5.071965 -3.388978 5.144892
vertex 4.715364 -3.869799 5.144892
endloop
endfacet
facet normal -0.390192 0.233872 0.890536
outer loop
vertex 5.487700 -3.666764 5.400000
vertex 5.820680 -3.111218 5.400000
vertex 5.379720 -2.875520 5.144892
endloop
endfacet
facet normal -0.390192 0.233872 0.890536
outer loop
vertex 5.487700 -3.666764 5.400000
vertex 5.379720 -2.875520 5.144892
vertex 5.071965 -3.388978 5.144892
endloop
endfacet
facet normal -0.411237 0.194501 0.890536
outer loop
vertex 5.820680 -3.111218 5.400000
vertex 6.097605 -2.525711 5.400000
vertex 5.635665 -2.334369 5.144892
endloop
endfacet
facet normal -0.411237 0.1945 0.890536
outer loop
vertex 5.820680 -3.111218 5.400000
vertex 5.635665 -2.334369 5.144892
vertex 5.379720 -2.875520 5.144892
endloop
endfacet
facet normal -0.428321 0.153256 0.890536
outer loop
vertex 6.097605 -2.525711 5.400000
vertex 6.315806 -1.915879 5.400000
vertex 5.837336 -1.770737 5.144892
endloop
endfacet
facet normal -0.428321 0.153256 0.890536
outer loop
vertex 6.097605 -2.525711 5.400000
vertex 5.837336 -1.770737 5.144892
vertex 5.635665 -2.334369 5.144892
endloop
endfacet
facet normal -0.44128 0.110535 0.890536
outer loop
vertex 6.315806 -1.915879 5.400000
vertex 6.473183 -1.287596 5.400000
vertex 5.982790 -1.190051 5.144892
endloop
endfacet
facet normal -0.44128 0.110535 0.890536
outer loop
vertex 6.315806 -1.915879 5.400000
vertex 5.982790 -1.190051 5.144892
vertex 5.837336 -1.770737 5.144892
endloop
endfacet
facet normal -0.449989 0.0667497 0.890536
outer loop
vertex 6.473183 -1.287596 5.400000
vertex 6.568219 -0.646913 5.400000
vertex 6.070627 -0.597905 5.144892
endloop
endfacet
facet normal -0.449989 0.0667498 0.890536
outer loop
vertex 6.473183 -1.287596 5.400000
vertex 6.070627 -0.597905 5.144892
vertex 5.982790 -1.190051 5.144892
endloop
endfacet
facet normal -0.454365 0.0223215 0.890536
outer loop
vertex 6.568219 -0.646913 5.400000
vertex 6.600000 -0.000000 5.400000
vertex 6.100000 -0.000000 5.144892
endloop
endfacet
facet normal -0.454365 0.0223216 0.890536
outer loop
vertex 6.568219 -0.646913 5.400000
vertex 6.100000 -0.000000 5.144892
vertex 6.070627 -0.597905 5.144892
endloop
endfacet
facet normal -0.414799 -0.0203777 0.909685
outer loop
vertex 6.100000 -0.000000 5.144892
vertex 6.070627 0.597905 5.144892
vertex 5.224720 0.514590 4.757309
endloop
endfacet
facet normal -0.414799 -0.0203776 0.909685
outer loop
vertex 6.100000 -0.000000 5.144892
vertex 5.224720 0.514590 4.757309
vertex 5.250000 0.000000 4.757309
endloop
endfacet
facet normal -0.410804 -0.0609371 0.909685
outer loop
vertex 6.070627 0.597905 5.144892
vertex 5.982790 1.190051 5.144892
vertex 5.149123 1.024224 4.757309
endloop
endfacet
facet normal -0.410804 -0.0609372 0.909685
outer loop
vertex 6.070627 0.597905 5.144892
vertex 5.149123 1.024224 4.757309
vertex 5.224720 0.514590 4.757309
endloop
endfacet
facet normal -0.402853 -0.100909 0.909685
outer loop
vertex 5.982790 1.190051 5.144892
vertex 5.837336 1.770737 5.144892
vertex 5.023937 1.523995 4.757309
endloop
endfacet
facet normal -0.402853 -0.100909 0.909685
outer loop
vertex 5.982790 1.190051 5.144892
vertex 5.023937 1.523995 4.757309
vertex 5.149123 1.024224 4.757309
endloop
endfacet
facet normal -0.391022 -0.13991 0.909685
outer loop
vertex 5.837336 1.770737 5.144892
vertex 5.635665 2.334369 5.144892
vertex 4.850368 2.009088 4.757309
endloop
endfacet
facet normal -0.391022 -0.13991 0.909685
outer loop
vertex 5.837336 1.770737 5.144892
vertex 4.850368 2.009088 4.757309
vertex 5.023937 1.523995 4.757309
endloop
endfacet
facet normal -0.375426 -0.177563 0.909685
outer loop
vertex 5.635665 2.334369 5.144892
vertex 5.379720 2.875520 5.144892
vertex 4.630086 2.474833 4.757309
endloop
endfacet
facet normal -0.375426 -0.177563 0.909685
outer loop
vertex 5.635665 2.334369 5.144892
vertex 4.630086 2.474833 4.757309
vertex 4.850368 2.009088 4.757309
endloop
endfacet
facet normal -0.356214 -0.213506 0.909685
outer loop
vertex 5.379720 2.875520 5.144892
vertex 5.071965 3.388978 5.144892
vertex 4.365215 2.916744 4.757309
endloop
endfacet
facet normal -0.356214 -0.213506 0.909685
outer loop
vertex 5.379720 2.875520 5.144892
vertex 4.365215 2.916744 4.757309
vertex 4.630086 2.474833 4.757309
endloop
endfacet
facet normal -0.333571 -0.247393 0.909685
outer loop
vertex 5.071965 3.388978 5.144892
vertex 4.715364 3.869799 5.144892
vertex 4.058305 3.330565 4.757309
endloop
endfacet
facet normal -0.333571 -0.247393 0.909685
outer loop
vertex 5.071965 3.388978 5.144892
vertex 4.058305 3.330565 4.757309
vertex 4.365215 2.916744 4.757309
endloop
endfacet
facet normal -0.307716 -0.278898 0.909685
outer loop
vertex 4.715364 3.869799 5.144892
vertex 4.313351 4.313351 5.144892
vertex 3.712311 3.712311 4.757309
endloop
endfacet
facet normal -0.307716 -0.278897 0.909685
outer loop
vertex 4.715364 3.869799 5.144892
vertex 3.712311 3.712311 4.757309
vertex 4.058305 3.330565 4.757309
endloop
endfacet
facet normal -0.278898 -0.307716 0.909685
outer loop
vertex 4.313351 4.313351 5.144892
vertex 3.869799 4.715364 5.144892
vertex 3.330565 4.058305 4.757309
endloop
endfacet
facet normal -0.278898 -0.307716 0.909685
outer loop
vertex 4.313351 4.313351 5.144892
vertex 3.330565 4.058305 4.757309
vertex 3.712311 3.712311 4.757309
endloop
endfacet
facet normal -0.247393 -0.333571 0.909685
outer loop
vertex 3.869799 4.715364 5.144892
vertex 3.388978 5.071965 5.144892
vertex 2.916744 4.365215 4.757309
endloop
endfacet
facet normal -0.247393 -0.333571 0.909685
outer loop
vertex 3.869799 4.715364 5.144892
vertex 2.916744 4.365215 4.757309
vertex 3.330565 4.058305 4.757309
endloop
endfacet
facet normal -0.213506 -0.356214 0.909685
outer loop
vertex 3.388978 5.071965 5.144892
vertex 2.875520 5.379720 5.144892
vertex 2.474833 4.630086 4.757309
endloop
endfacet
facet normal -0.213506 -0.356214 0.909685
outer loop
vertex 3.388978 5.071965 5.144892
vertex 2.474833 4.630086 4.757309
vertex 2.916744 4.365215 4.757309
endloop
endfacet
facet normal -0.177563 -0.375426 0.909685
outer loop
vertex 2.875520 5.379720 5.144892
vertex 2.334369 5.635665 5.144892
vertex 2.009088 4.850368 4.757309
endloop
endfacet
facet normal -0.177563 -0.375425 0.909685
outer loop
vertex 2.875520 5.379720 5.144892
vertex 2.009088 4.850368 4.757309
vertex 2.474833 4.630086 4.757309
endloop
endfacet
facet normal -0.13991 -0.391022 0.909685
outer loop
vertex 2.334369 5.635665 5.144892
vertex 1.770737 5.837336 5.144892
vertex 1.523995 5.023937 4.757309
endloop
endfacet
facet normal -0.13991 -0.391022 0.909685
outer loop
vertex 2.334369 5.635665 5.144892
vertex 1.523995 5.023937 4.757309
vertex 2.009088 4.850368 4.757309
endloop
endfacet
facet normal -0.100909 -0.402853 0.909685
outer loop
vertex 1.770737 5.837336 5.144892
vertex 1.190051 5.982790 5.144892
vertex 1.024224 5.149123 4.757309
endloop
endfacet
facet normal -0.100909 -0.402853 0.909685
outer loop
vertex 1.770737 5.837336 5.144892
vertex 1.024224 5.149123 4.757309
vertex 1.523995 5.023937 4.757309
endloop
endfacet
facet normal -0.0609371 -0.410804 0.909685
outer loop
vertex 1.190051 5.982790 5.144892
vertex 0.597905 6.070627 5.144892
vertex 0.514590 5.224720 4.757309
endloop
endfacet
facet normal -0.0609371 -0.410804 0.909685
outer loop
vertex 1.190051 5.982790 5.144892
vertex 0.514590 5.224720 4.757309
vertex 1.024224 5.149123 4.757309
endloop
endfacet
facet normal -0.0203777 -0.414798 0.909685
outer loop
vertex 0.597905 6.070627 5.144892
vertex 0.000000 6.100000 5.144892
vertex 0.000000 5.250000 4.757309
endloop
endfacet
facet normal -0.0203776 -0.414799 0.909685
outer loop
vertex 0.597905 6.070627 5.144892
vertex 0.000000 5.250000 4.757309
vertex 0.514590 5.224720 4.757309
endloop
endfacet
facet normal 0.0203777 -0.414799 0.909685
outer loop
vertex 0.000000 6.100000 5.144892
vertex -0.597905 6.070627 5.144892
vertex -0.514590 5.224720 4.757309
endloop
endfacet
facet normal 0.0203776 -0.414799 0.909685
outer loop
vertex 0.000000 6.100000 5.144892
vertex -0.514590 5.224720 4.757309
vertex 0.000000 5.250000 4.757309
endloop
endfacet
facet normal 0.0609371 -0.410804 0.909685
outer loop
vertex -0.597905 6.070627 5.144892
vertex -1.190051 5.982790 5.144892
vertex -1.024224 5.149123 4.757309
endloop
endfacet
facet normal 0.0609372 -0.410804 0.909685
outer loop
vertex -0.597905 6.070627 5.144892
vertex -1.024224 5.149123 4.757309
vertex -0.514590 5.224720 4.757309
endloop
endfacet
facet normal 0.100909 -0.402853 0.909685
outer loop
vertex -1.190051 5.982790 5.144892
vertex -1.770737 5.837336 5.144892
vertex -1.523995 5.023937 4.757309
endloop
endfacet
facet normal 0.100909 -0.402853 0.909685
outer loop
vertex -1.190051 5.982790 5.144892
vertex -1.523995 5.023937 4.757309
vertex -1.024224 5.149123 4.757309
endloop
endfacet
facet normal 0.13991 -0.391022 0.909685
outer loop
vertex -1.770737 5.837336 5.144892
vertex -2.334369 5.635665 5.144892
vertex -2.009088 4.850368 4.757309
endloop
endfacet
facet normal 0.13991 -0.391022 0.909685
outer loop
vertex -1.770737 5.837336 5.144892
vertex -2.009088 4.850368 4.757309
vertex -1.523995 5.023937 4.757309
endloop
endfacet
facet normal 0.177563 -0.375426 0.909685
outer loop
vertex -2.334369 5.635665 5.144892
vertex -2.875520 5.379720 5.144892
vertex -2.474833 4.630086 4.757309
endloop
endfacet
facet normal 0.177563 -0.375426 0.909685
outer loop
vertex -2.334369 5.635665 5.144892
vertex -2.474833 4.630086 4.757309
vertex -2.009088 4.850368 4.757309
endloop
endfacet
facet normal 0.213506 -0.356214 0.909685
outer loop
vertex -2.875520 5.379720 5.144892
vertex -3.388978 5.071965 5.144892
vertex -2.916744 4.365215 4.757309
endloop
endfacet
facet normal 0.213506 -0.356214 0.909685
outer loop
vertex -2.875520 5.379720 5.144892
vertex -2.916744 4.365215 4.757309
vertex -2.474833 4.630086 4.757309
endloop
endfacet
facet normal 0.247393 -0.333571 0.909685
outer loop
vertex -3.388978 5.071965 5.144892
vertex -3.869799 4.715364 5.144892
vertex -3.330565 4.058305 4.757309
endloop
endfacet
facet normal 0.247393 -0.333571 0.909685
outer loop
vertex -3.388978 5.071965 5.144892
vertex -3.330565 4.058305 4.757309
vertex -2.916744 4.365215 4.757309
endloop
endfacet
facet normal 0.278898 -0.307716 0.909685
outer loop
vertex -3.869799 4.715364 5.144892
vertex -4.313351 4.313351 5.144892
vertex -3.712311 3.712311 4.757309
endloop
endfacet
facet normal 0.278897 -0.307716 0.909685
outer loop
vertex -3.869799 4.715364 5.144892
vertex -3.712311 3.712311 4.757309
vertex -3.330565 4.058305 4.757309
endloop
endfacet
facet normal 0.307716 -0.278898 0.909685
outer loop
vertex -4.313351 4.313351 5.144892
vertex -4.715364 3.869799 5.144892
vertex -4.058305 3.330565 4.757309
endloop
endfacet
facet normal 0.307716 -0.278898 0.909685
outer loop
vertex -4.313351 4.313351 5.144892
vertex -4.058305 3.330565 4.757309
vertex -3.712311 3.712311 4.757309
endloop
endfacet
facet normal 0.333571 -0.247393 0.909685
outer loop
vertex -4.715364 3.869799 5.144892
vertex -5.071965 3.388978 5.144892
vertex -4.365215 2.916744 4.757309
endloop
endfacet
facet normal 0.333571 -0.247393 0.909685
outer loop
vertex -4.715364 3.869799 5.144892
vertex -4.365215 2.916744 4.757309
vertex -4.058305 3.330565 4.757309
endloop
endfacet
facet normal 0.356214 -0.213506 0.909685
outer loop
vertex -5.071965 3.388978 5.144892
vertex -5.379720 2.875520 5.144892
vertex -4.630086 2.474833 4.757309
endloop
endfacet
facet normal 0.356214 -0.213506 0.909685
outer loop
vertex -5.071965 3.388978 5.144892
vertex -4.630086 2.474833 4.757309
vertex -4.365215 2.916744 4.757309
endloop
endfacet
facet normal 0.375426 -0.177563 0.909685
outer loop
vertex -5.379720 2.875520 5.144892
vertex -5.635665 2.334369 5.144892
vertex -4.850368 2.009088 4.757309
endloop
endfacet
facet normal 0.375425 -0.177563 0.909685
outer loop
vertex -5.379720 2.875520 5.144892
vertex -4.850368 2.009088 4.757309
vertex -4.630086 2.474833 4.757309
endloop
endfacet
facet normal 0.391022 -0.13991 0.909685
outer loop
vertex -5.635665 2.334369 5.144892
vertex -5.837336 1.770737 5.144892
vertex -5.023937 1.523995 4.757309
endloop
endfacet
facet normal 0.391022 -0.13991 0.909685
outer loop
vertex -5.635665 2.334369 5.144892
vertex -5.023937 1.523995 4.757309
vertex -4.850368 2.009088 4.757309
endloop
endfacet
facet normal 0.402853 -0.100909 0.909685
outer loop
vertex -5.837336 1.770737 5.144892
vertex -5.982790 1.190051 5.144892
vertex -5.149123 1.024224 4.757309
endloop
endfacet
facet normal 0.402853 -0.100909 0.909685
outer loop
vertex -5.837336 1.770737 5.144892
vertex -5.149123 1.024224 4.757309
vertex -5.023937 1.523995 4.757309
endloop
endfacet
facet normal 0.410804 -0.0609371 0.909685
outer loop
vertex -5.982790 1.190051 5.144892
vertex -6.070627 0.597905 5.144892
vertex -5.224720 0.514590 4.757309
endloop
endfacet
facet normal 0.410804 -0.0609371 0.909685
outer loop
vertex -5.982790 1.190051 5.144892
vertex -5.224720 0.514590 4.757309
vertex -5.149123 1.024224 4.757309
endloop
endfacet
facet normal 0.414798 -0.0203777 0.909685
outer loop
vertex -6.070627 0.597905 5.144892
vertex -6.100000 0.000000 5.144892
vertex -5.250000 0.000000 4.757309
endloop
endfacet
facet normal 0.414799 -0.0203776 0.909685
outer loop
vertex -6.070627 0.597905 5.144892
vertex -5.250000 0.000000 4.757309
vertex -5.224720 0.514590 4.757309
endloop
endfacet
facet normal 0.414799 0.0203777 0.909685
outer loop
vertex -6.100000 0.000000 5.144892
vertex -6.070627 -0.597905 5.144892
vertex -5.224720 -0.514590 4.757309
endloop
endfacet
facet normal 0.414799 0.0203776 0.909685
outer loop
vertex -6.100000 0.000000 5.144892
vertex -5.224720 -0.514590 4.757309
vertex -5.250000 0.000000 4.757309
endloop
endfacet
facet normal 0.410804 0.0609371 0.909685
outer loop
vertex -6.070627 -0.597905 5.144892
vertex -5.982790 -1.190051 5.144892
vertex -5.149123 -1.024224 4.757309
endloop
endfacet
facet normal 0.410804 0.0609372 0.909685
outer loop
vertex -6.070627 -0.597905 5.144892
vertex -5.149123 -1.024224 4.757309
vertex -5.224720 -0.514590 4.757309
endloop
endfacet
facet normal 0.402853 0.100909 0.909685
outer loop
vertex -5.982790 -1.190051 5.144892
vertex -5.837336 -1.770737 5.144892
vertex -5.023937 -1.523995 4.757309
endloop
endfacet
facet normal 0.402853 0.100909 0.909685
outer loop
vertex -5.982790 -1.190051 5.144892
vertex -5.023937 -1.523995 4.757309
vertex -5.149123 -1.024224 4.757309
endloop
endfacet
facet normal 0.391022 0.13991 0.909685
outer loop
vertex -5.837336 -1.770737 5.144892
vertex -5.635665 -2.334369 5.144892
vertex -4.850368 -2.009088 4.757309
endloop
endfacet
facet normal 0.391022 0.13991 0.909685
outer loop
vertex -5.837336 -1.770737 5.144892
vertex -4.850368 -2.009088 4.757309
vertex -5.023937 -1.523995 4.757309
endloop
endfacet
facet normal 0.375426 0.177563 0.909685
outer loop
vertex -5.635665 -2.334369 5.144892
vertex -5.379720 -2.875520 5.144892
vertex -4.630086 -2.474833 4.757309
endloop
endfacet
facet normal 0.375426 0.177563 0.909685
outer loop
vertex -5.635665 -2.334369 5.144892
vertex -4.630086 -2.474833 4.757309
vertex -4.850368 -2.009088 4.757309
endloop
endfacet
facet normal 0.356214 0.213506 0.909685
outer loop
vertex -5.379720 -2.875520 5.144892
vertex -5.071965 -3.388978 5.144892
vertex -4.365215 -2.916744 4.757309
endloop
endfacet
facet normal 0.356214 0.213506 0.909685
outer loop
vertex -5.379720 -2.875520 5.144892
vertex -4.365215 -2.916744 4.757309
vertex -4.630086 -2.474833 4.757309
endloop
endfacet
facet normal 0.333571 0.247393 0.909685
outer loop
vertex -5.071965 -3.388978 5.144892
vertex -4.715364 -3.869799 5.144892
vertex -4.058305 -3.330565 4.757309
endloop
endfacet
facet normal 0.333571 0.247393 0.909685
outer loop
vertex -5.071965 -3.388978 5.144892
vertex -4.058305 -3.330565 4.757309
vertex -4.365215 -2.916744 4.757309
endloop
endfacet
facet normal 0.307716 0.278898 0.909685
outer loop
vertex -4.715364 -3.869799 5.144892
vertex -4.313351 -4.313351 5.144892
vertex -3.712311 -3.712311 4.757309
endloop
endfacet
facet normal 0.307716 0.278897 0.909685
outer loop
vertex -4.715364 -3.869799 5.144892
vertex -3.712311 -3.712311 4.757309
vertex -4.058305 -3.330565 4.757309
endloop
endfacet
facet normal 0.278898 0.307716 0.909685
outer loop
vertex -4.313351 -4.313351 5.144892
vertex -3.869799 -4.715364 5.144892
vertex -3.330565 -4.058305 4.757309
endloop
endfacet
facet normal 0.278898 0.307716 0.909685
outer loop
vertex -4.313351 -4.313351 5.144892
vertex -3.330565 -4.058305 4.757309
vertex -3.712311 -3.712311 4.757309
endloop
endfacet
facet normal 0.247393 0.333571 0.909685
outer loop
vertex -3.869799 -4.715364 5.144892
vertex -3.388978 -5.071965 5.144892
vertex -2.916744 -4.365215 4.757309
endloop
endfacet
facet normal 0.247393 0.333571 0.909685
outer loop
vertex -3.869799 -4.715364 5.144892
vertex -2.916744 -4.365215 4.757309
vertex -3.330565 -4.058305 4.757309
endloop
endfacet
facet normal 0.213506 0.356214 0.909685
outer loop
vertex -3.388978 -5.071965 5.144892
vertex -2.875520 -5.379720 5.144892
vertex -2.474833 -4.630086 4.757309
endloop
endfacet
facet normal 0.213506 0.356214 0.909685
outer loop
vertex -3.388978 -5.071965 5.144892
vertex -2.474833 -4.630086 4.757309
vertex -2.916744 -4.365215 4.757309
endloop
endfacet
facet normal 0.177563 0.375426 0.909685
outer loop
vertex -2.875520 -5.379720 5.144892
vertex -2.334369 -5.635665 5.144892
vertex -2.009088 -4.850368 4.757309
endloop
endfacet
facet normal 0.177563 0.375425 0.909685
outer loop
vertex -2.875520 -5.379720 5.144892
vertex -2.009088 -4.850368 4.757309
vertex -2.474833 -4.630086 4.757309
endloop
endfacet
facet normal 0.13991 0.391022 0.909685
outer loop
vertex -2.334369 -5.635665 5.144892
vertex -1.770737 -5.837336 5.144892
vertex -1.523995 -5.023937 4.757309
endloop
endfacet
facet normal 0.13991 0.391022 0.909685
outer loop
vertex -2.334369 -5.635665 5.144892
vertex -1.523995 -5.023937 4.757309
vertex -2.009088 -4.850368 4.757309
endloop
endfacet
facet normal 0.100909 0.402853 0.909685
outer loop
vertex -1.770737 -5.837336 5.144892
vertex -1.190051 -5.982790 5.144892
vertex -1.024224 -5.149123 4.757309
endloop
endfacet
facet normal 0.100909 0.402853 0.909685
outer loop
vertex -1.770737 -5.837336 5.144892
vertex -1.024224 -5.149123 4.757309
vertex -1.523995 -5.023937 4.757309
endloop
endfacet
facet normal 0.0609371 0.410804 0.909685
outer loop
vertex -1.190051 -5.982790 5.144892
vertex -0.597905 -6.070627 5.144892
vertex -0.514590 -5.224720 4.757309
endloop
endfacet
facet normal 0.0609371 0.410804 0.909685
outer loop
vertex -1.190051 -5.982790 5.144892
vertex -0.514590 -5.224720 4.757309
vertex -1.024224 -5.149123 4.757309
endloop
endfacet
facet normal 0.0203777 0.414798 0.909685
outer loop
vertex -0.597905 -6.070627 5.144892
vertex -0.000000 -6.100000 5.144892
vertex -0.000000 -5.250000 4.757309
endloop
endfacet
facet normal 0.0203776 0.414799 0.909685
outer loop
vertex -0.597905 -6.070627 5.144892
vertex -0.000000 -5.250000 4.757309
vertex -0.514590 -5.224720 4.757309
endloop
endfacet
facet normal -0.0203777 0.414799 0.909685
outer loop
vertex -0.000000 -6.100000 5.144892
vertex 0.597905 -6.070627 5.144892
vertex 0.514590 -5.224720 4.757309
endloop
endfacet
facet normal -0.0203776 0.414799 0.909685
outer loop
vertex -0.000000 -6.100000 5.144892
vertex 0.514590 -5.224720 4.757309
vertex -0.000000 -5.250000 4.757309
endloop
endfacet
facet normal -0.0609371 0.410804 0.909685
outer loop
vertex 0.597905 -6.070627 5.144892
vertex 1.190051 -5.982790 5.144892
vertex 1.024224 -5.149123 4.757309
endloop
endfacet
facet normal -0.0609372 0.410804 0.909685
outer loop
vertex 0.597905 -6.070627 5.144892
vertex 1.024224 -5.149123 4.757309
vertex 0.514590 -5.224720 4.757309
endloop
endfacet
facet normal -0.100909 0.402853 0.909685
outer loop
vertex 1.190051 -5.982790 5.144892
vertex 1.770737 -5.837336 5.144892
vertex 1.523995 -5.023937 4.757309
endloop
endfacet
facet normal -0.100909 0.402853 0.909685
outer loop
vertex 1.190051 -5.982790 5.144892
vertex 1.523995 -5.023937 4.757309
vertex 1.024224 -5.149123 4.757309
endloop
endfacet
facet normal -0.13991 0.391022 0.909685
outer loop
vertex 1.770737 -5.837336 5.144892
vertex 2.334369 -5.635665 5.144892
vertex 2.009088 -4.850368 4.757309
endloop
endfacet
facet normal -0.13991 0.391022 0.909685
outer loop
vertex 1.770737 -5.837336 5.144892
vertex 2.009088 -4.850368 4.757309
vertex 1.523995 -5.023937 4.757309
endloop
endfacet
facet normal -0.177563 0.375426 0.909685
outer loop
vertex 2.334369 -5.635665 5.144892
vertex 2.875520 -5.379720 5.144892
vertex 2.474833 -4.630086 4.757309
endloop
endfacet
facet normal -0.177563 0.375426 0.909685
outer loop
vertex 2.334369 -5.635665 5.144892
vertex 2.474833 -4.630086 4.757309
vertex 2.009088 -4.850368 4.757309
endloop
endfacet
facet normal -0.213506 0.356214 0.909685
outer loop
vertex 2.875520 -5.379720 5.144892
vertex 3.388978 -5.071965 5.144892
vertex 2.916744 -4.365215 4.757309
endloop
endfacet
facet normal -0.213506 0.356214 0.909685
outer loop
vertex 2.875520 -5.379720 5.144892
vertex 2.916744 -4.365215 4.757309
vertex 2.474833 -4.630086 4.757309
endloop
endfacet
facet normal -0.247393 0.333571 0.909685
outer loop
vertex 3.388978 -5.071965 5.144892
vertex 3.869799 -4.715364 5.144892
vertex 3.330565 -4.058305 4.757309
endloop
endfacet
facet normal -0.247393 0.333571 0.909685
outer loop
vertex 3.388978 -5.071965 5.144892
vertex 3.330565 -4.058305 4.757309
vertex 2.916744 -4.365215 4.757309
endloop
endfacet
facet normal -0.278898 0.307716 0.909685
outer loop
vertex 3.869799 -4.715364 5.144892
vertex 4.313351 -4.313351 5.144892
vertex 3.712311 -3.712311 4.757309
endloop
endfacet
facet normal -0.278897 0.307716 0.909685
outer loop
vertex 3.869799 -4.715364 5.144892
vertex 3.712311 -3.712311 4.757309
vertex 3.330565 -4.058305 4.757309
endloop
endfacet
facet normal -0.307716 0.278898 0.909685
outer loop
vertex 4.313351 -4.313351 5.144892
vertex 4.715364 -3.869799 5.144892
vertex 4.058305 -3.330565 4.757309
endloop
endfacet
facet normal -0.307716 0.278898 0.909685
outer loop
vertex 4.313351 -4.313351 5.144892
vertex 4.058305 -3.330565 4.757309
vertex 3.712311 -3.712311 4.757309
endloop
endfacet
facet normal -0.333571 0.247393 0.909685
outer loop
vertex 4.715364 -3.869799 5.144892
vertex 5.071965 -3.388978 5.144892
vertex 4.365215 -2.916744 4.757309
endloop
endfacet
facet normal -0.333571 0.247393 0.909685
outer loop
vertex 4.715364 -3.869799 5.144892
vertex 4.365215 -2.916744 4.757309
vertex 4.058305 -3.330565 4.757309
endloop
endfacet
facet normal -0.356214 0.213506 0.909685
outer loop
vertex 5.071965 -3.388978 5.144892
vertex 5.379720 -2.875520 5.144892
vertex 4.630086 -2.474833 4.757309
endloop
endfacet
facet normal -0.356214 0.213506 0.909685
outer loop
vertex 5.071965 -3.388978 5.144892
vertex 4.630086 -2.474833 4.757309
vertex 4.365215 -2.916744 4.757309
endloop
endfacet
facet normal -0.375426 0.177563 0.909685
outer loop
vertex 5.379720 -2.875520 5.144892
vertex 5.635665 -2.334369 5.144892
vertex 4.850368 -2.009088 4.757309
endloop
endfacet
facet normal -0.375425 0.177563 0.909685
outer loop
vertex 5.379720 -2.875520 5.144892
vertex 4.850368 -2.009088 4.757309
vertex 4.630086 -2.474833 4.757309
endloop
endfacet
facet normal -0.391022 0.13991 0.909685
outer loop
vertex 5.635665 -2.334369 5.144892
vertex 5.837336 -1.770737 5.144892
vertex 5.023937 -1.523995 4.757309
endloop
endfacet
facet normal -0.391022 0.13991 0.909685
outer loop
vertex 5.635665 -2.334369 5.144892
vertex 5.023937 -1.523995 4.757309
vertex 4.850368 -2.009088 4.757309
endloop
endfacet
facet normal -0.402853 0.100909 0.909685
outer loop
vertex 5.837336 -1.770737 5.144892
vertex 5.982790 -1.190051 5.144892
vertex 5.149123 -1.024224 4.757309
endloop
endfacet
facet normal -0.402853 0.100909 0.909685
outer loop
vertex 5.837336 -1.770737 5.144892
vertex 5.149123 -1.024224 4.757309
vertex 5.023937 -1.523995 4.757309
endloop
endfacet
facet normal -0.410804 0.0609371 0.909685
outer loop
vertex 5.982790 -1.190051 5.144892
vertex 6.070627 -0.597905 5.144892
vertex 5.224720 -0.514590 4.757309
endloop
endfacet
facet normal -0.410804 0.0609371 0.909685
outer loop
vertex 5.982790 -1.190051 5.144892
vertex 5.224720 -0.514590 4.757309
vertex 5.149123 -1.024224 4.757309
endloop
endfacet
facet normal -0.414798 0.0203777 0.909685
outer loop
vertex 6.070627 -0.597905 5.144892
vertex 6.100000 -0.000000 5.144892
vertex 5.250000 0.000000 4.757309
endloop
endfacet
facet normal -0.414799 0.0203776 0.909685
outer loop
vertex 6.070627 -0.597905 5.144892
vertex 5.250000 0.000000 4.757309
vertex 5.224720 -0.514590 4.757309
endloop
endfacet
facet normal -0.351589 -0.0172723 0.935995
outer loop
vertex 5.250000 0.000000 4.757309
vertex 5.224720 0.514590 4.757309
vertex 4.080257 0.401870 4.325333
endloop
endfacet
facet normal -0.351589 -0.0172724 0.935995
outer loop
vertex 5.250000 0.000000 4.757309
vertex 4.080257 0.401870 4.325333
vertex 4.100000 -0.000000 4.325333
endloop
endfacet
facet normal -0.348203 -0.0516512 0.935995
outer loop
vertex 5.224720 0.514590 4.757309
vertex 5.149123 1.024224 4.757309
vertex 4.021220 0.799870 4.325333
endloop
endfacet
facet normal -0.348203 -0.0516511 0.935995
outer loop
vertex 5.224720 0.514590 4.757309
vertex 4.021220 0.799870 4.325333
vertex 4.080257 0.401870 4.325333
endloop
endfacet
facet normal -0.341464 -0.0855323 0.935995
outer loop
vertex 5.149123 1.024224 4.757309
vertex 5.023937 1.523995 4.757309
vertex 3.923455 1.190167 4.325333
endloop
endfacet
facet normal -0.341464 -0.0855323 0.935995
outer loop
vertex 5.149123 1.024224 4.757309
vertex 3.923455 1.190167 4.325333
vertex 4.021220 0.799870 4.325333
endloop
endfacet
facet normal -0.331436 -0.11859 0.935995
outer loop
vertex 5.023937 1.523995 4.757309
vertex 4.850368 2.009088 4.757309
vertex 3.787906 1.569002 4.325333
endloop
endfacet
facet normal -0.331436 -0.11859 0.935995
outer loop
vertex 5.023937 1.523995 4.757309
vertex 3.787906 1.569002 4.325333
vertex 3.923455 1.190167 4.325333
endloop
endfacet
facet normal -0.318216 -0.150505 0.935995
outer loop
vertex 4.850368 2.009088 4.757309
vertex 4.630086 2.474833 4.757309
vertex 3.615877 1.932727 4.325333
endloop
endfacet
facet normal -0.318216 -0.150505 0.935995
outer loop
vertex 4.850368 2.009088 4.757309
vertex 3.615877 1.932727 4.325333
vertex 3.787906 1.569002 4.325333
endloop
endfacet
facet normal -0.301932 -0.180971 0.935995
outer loop
vertex 4.630086 2.474833 4.757309
vertex 4.365215 2.916744 4.757309
vertex 3.409025 2.277838 4.325333
endloop
endfacet
facet normal -0.301932 -0.180971 0.935995
outer loop
vertex 4.630086 2.474833 4.757309
vertex 3.409025 2.277838 4.325333
vertex 3.615877 1.932727 4.325333
endloop
endfacet
facet normal -0.28274 -0.209694 0.935995
outer loop
vertex 4.365215 2.916744 4.757309
vertex 4.058305 3.330565 4.757309
vertex 3.169343 2.601012 4.325333
endloop
endfacet
facet normal -0.28274 -0.209694 0.935995
outer loop
vertex 4.365215 2.916744 4.757309
vertex 3.169343 2.601012 4.325333
vertex 3.409025 2.277838 4.325333
endloop
endfacet
facet normal -0.260825 -0.236398 0.935995
outer loop
vertex 4.058305 3.330565 4.757309
vertex 3.712311 3.712311 4.757309
vertex 2.899138 2.899138 4.325333
endloop
endfacet
facet normal -0.260825 -0.236398 0.935995
outer loop
vertex 4.058305 3.330565 4.757309
vertex 2.899138 2.899138 4.325333
vertex 3.169343 2.601012 4.325333
endloop
endfacet
facet normal -0.236398 -0.260825 0.935995
outer loop
vertex 3.712311 3.712311 4.757309
vertex 3.330565 4.058305 4.757309
vertex 2.601012 3.169343 4.325333
endloop
endfacet
facet normal -0.236398 -0.260825 0.935995
outer loop
vertex 3.712311 3.712311 4.757309
vertex 2.601012 3.169343 4.325333
vertex 2.899138 2.899138 4.325333
endloop
endfacet
facet normal -0.209694 -0.28274 0.935995
outer loop
vertex 3.330565 4.058305 4.757309
vertex 2.916744 4.365215 4.757309
vertex 2.277838 3.409025 4.325333
endloop
endfacet
facet normal -0.209694 -0.28274 0.935995
outer loop
vertex 3.330565 4.058305 4.757309
vertex 2.277838 3.409025 4.325333
vertex 2.601012 3.169343 4.325333
endloop
endfacet
facet normal -0.180971 -0.301932 0.935995
outer loop
vertex 2.916744 4.365215 4.757309
vertex 2.474833 4.630086 4.757309
vertex 1.932727 3.615877 4.325333
endloop
endfacet
facet normal -0.180971 -0.301932 0.935995
outer loop
vertex 2.916744 4.365215 4.757309
vertex 1.932727 3.615877 4.325333
vertex 2.277838 3.409025 4.325333
endloop
endfacet
facet normal -0.150505 -0.318216 0.935995
outer loop
vertex 2.474833 4.630086 4.757309
vertex 2.009088 4.850368 4.757309
vertex 1.569002 3.787906 4.325333
endloop
endfacet
facet normal -0.150505 -0.318216 0.935995
outer loop
vertex 2.474833 4.630086 4.757309
vertex 1.569002 3.787906 4.325333
vertex 1.932727 3.615877 4.325333
endloop
endfacet
facet normal -0.11859 -0.331436 0.935995
outer loop
vertex 2.009088 4.850368 4.757309
vertex 1.523995 5.023937 4.757309
vertex 1.190167 3.923455 4.325333
endloop
endfacet
facet normal -0.11859 -0.331436 0.935995
outer loop
vertex 2.009088 4.850368 4.757309
vertex 1.190167 3.923455 4.325333
vertex 1.569002 3.787906 4.325333
endloop
endfacet
facet normal -0.0855323 -0.341464 0.935995
outer loop
vertex 1.523995 5.023937 4.757309
vertex 1.024224 5.149123 4.757309
vertex 0.799870 4.021220 4.325333
endloop
endfacet
facet normal -0.0855323 -0.341464 0.935995
outer loop
vertex 1.523995 5.023937 4.757309
vertex 0.799870 4.021220 4.325333
vertex 1.190167 3.923455 4.325333
endloop
endfacet
facet normal -0.0516512 -0.348203 0.935995
outer loop
vertex 1.024224 5.149123 4.757309
vertex 0.514590 5.224720 4.757309
vertex 0.401870 4.080257 4.325333
endloop
endfacet
facet normal -0.0516511 -0.348203 0.935995
outer loop
vertex 1.024224 5.149123 4.757309
vertex 0.401870 4.080257 4.325333
vertex 0.799870 4.021220 4.325333
endloop
endfacet
facet normal -0.0172723 -0.351589 0.935995
outer loop
vertex 0.514590 5.224720 4.757309
vertex 0.000000 5.250000 4.757309
vertex 0.000000 4.100000 4.325333
endloop
endfacet
facet normal -0.0172724 -0.351589 0.935995
outer loop
vertex 0.514590 5.224720 4.757309
vertex 0.000000 4.100000 4.325333
vertex 0.401870 4.080257 4.325333
endloop
endfacet
facet normal 0.0172723 -0.351589 0.935995
outer loop
vertex 0.000000 5.250000 4.757309
vertex -0.514590 5.224720 4.757309
vertex -0.401870 4.080257 4.325333
endloop
endfacet
facet normal 0.0172724 -0.351589 0.935995
outer loop
vertex 0.000000 5.250000 4.757309
vertex -0.401870 4.080257 4.325333
vertex 0.000000 4.100000 4.325333
endloop
endfacet
facet normal 0.0516512 -0.348203 0.935995
outer loop
vertex -0.514590 5.224720 4.757309
vertex -1.024224 5.149123 4.757309
vertex -0.799870 4.021220 4.325333
endloop
endfacet
facet normal 0.0516511 -0.348203 0.935995
outer loop
vertex -0.514590 5.224720 4.757309
vertex -0.799870 4.021220 4.325333
vertex -0.401870 4.080257 4.325333
endloop
endfacet
facet normal 0.0855323 -0.341464 0.935995
outer loop
vertex -1.024224 5.149123 4.757309
vertex -1.523995 5.023937 4.757309
vertex -1.190167 3.923455 4.325333
endloop
endfacet
facet normal 0.0855323 -0.341464 0.935995
outer loop
vertex -1.024224 5.149123 4.757309
vertex -1.190167 3.923455 4.325333
vertex -0.799870 4.021220 4.325333
endloop
endfacet
facet normal 0.11859 -0.331436 0.935995
outer loop
vertex -1.523995 5.023937 4.757309
vertex -2.009088 4.850368 4.757309
vertex -1.569002 3.787906 4.325333
endloop
endfacet
facet normal 0.11859 -0.331436 0.935995
outer loop
vertex -1.523995 5.023937 4.757309
vertex -1.569002 3.787906 4.325333
vertex -1.190167 3.923455 4.325333
endloop
endfacet
facet normal 0.150505 -0.318216 0.935995
outer loop
vertex -2.009088 4.850368 4.757309
vertex -2.474833 4.630086 4.757309
vertex -1.932727 3.615877 4.325333
endloop
endfacet
facet normal 0.150505 -0.318216 0.935995
outer loop
vertex -2.009088 4.850368 4.757309
vertex -1.932727 3.615877 4.325333
vertex -1.569002 3.787906 4.325333
endloop
endfacet
facet normal 0.180971 -0.301932 0.935995
outer loop
vertex -2.474833 4.630086 4.757309
vertex -2.916744 4.365215 4.757309
vertex -2.277838 3.409025 4.325333
endloop
endfacet
facet normal 0.180971 -0.301932 0.935995
outer loop
vertex -2.474833 4.630086 4.757309
vertex -2.277838 3.409025 4.325333
vertex -1.932727 3.615877 4.325333
endloop
endfacet
facet normal 0.209694 -0.28274 0.935995
outer loop
vertex -2.916744 4.365215 4.757309
vertex -3.330565 4.058305 4.757309
vertex -2.601012 3.169343 4.325333
endloop
endfacet
facet normal 0.209694 -0.28274 0.935995
outer loop
vertex -2.916744 4.365215 4.757309
vertex -2.601012 3.169343 4.325333
vertex -2.277838 3.409025 4.325333
endloop
endfacet
facet normal 0.236398 -0.260825 0.935995
outer loop
vertex -3.330565 4.058305 4.757309
vertex -3.712311 3.712311 4.757309
vertex -2.899138 2.899138 4.325333
endloop
endfacet
facet normal 0.236398 -0.260825 0.935995
outer loop
vertex -3.330565 4.058305 4.757309
vertex -2.899138 2.899138 4.325333
vertex -2.601012 3.169343 4.325333
endloop
endfacet
facet normal 0.260825 -0.236398 0.935995
outer loop
vertex -3.712311 3.712311 4.757309
vertex -4.058305 3.330565 4.757309
vertex -3.169343 2.601012 4.325333
endloop
endfacet
facet normal 0.260825 -0.236398 0.935995
outer loop
vertex -3.712311 3.712311 4.757309
vertex -3.169343 2.601012 4.325333
vertex -2.899138 2.899138 4.325333
endloop
endfacet
facet normal 0.28274 -0.209694 0.935995
outer loop
vertex -4.058305 3.330565 4.757309
vertex -4.365215 2.916744 4.757309
vertex -3.409025 2.277838 4.325333
endloop
endfacet
facet normal 0.28274 -0.209694 0.935995
outer loop
vertex -4.058305 3.330565 4.757309
vertex -3.409025 2.277838 4.325333
vertex -3.169343 2.601012 4.325333
endloop
endfacet
facet normal 0.301932 -0.180971 0.935995
outer loop
vertex -4.365215 2.916744 4.757309
vertex -4.630086 2.474833 4.757309
vertex -3.615877 1.932727 4.325333
endloop
endfacet
facet normal 0.301932 -0.180971 0.935995
outer loop
vertex -4.365215 2.916744 4.757309
vertex -3.615877 1.932727 4.325333
vertex -3.409025 2.277838 4.325333
endloop
endfacet
facet normal 0.318216 -0.150505 0.935995
outer loop
vertex -4.630086 2.474833 4.757309
vertex -4.850368 2.009088 4.757309
vertex -3.787906 1.569002 4.325333
endloop
endfacet
facet normal 0.318216 -0.150505 0.935995
outer loop
vertex -4.630086 2.474833 4.757309
vertex -3.787906 1.569002 4.325333
vertex -3.615877 1.932727 4.325333
endloop
endfacet
facet normal 0.331436 -0.11859 0.935995
outer loop
vertex -4.850368 2.009088 4.757309
vertex -5.023937 1.523995 4.757309
vertex -3.923455 1.190167 4.325333
endloop
endfacet
facet normal 0.331436 -0.11859 0.935995
outer loop
vertex -4.850368 2.009088 4.757309
vertex -3.923455 1.190167 4.325333
vertex -3.787906 1.569002 4.325333
endloop
endfacet
facet normal 0.341464 -0.0855323 0.935995
outer loop
vertex -5.023937 1.523995 4.757309
vertex -5.149123 1.024224 4.757309
vertex -4.021220 0.799870 4.325333
endloop
endfacet
facet normal 0.341464 -0.0855323 0.935995
outer loop
vertex -5.023937 1.523995 4.757309
vertex -4.021220 0.799870 4.325333
vertex -3.923455 1.190167 4.325333
endloop
endfacet
facet normal 0.348203 -0.0516512 0.935995
outer loop
vertex -5.149123 1.024224 4.757309
vertex -5.224720 0.514590 4.757309
vertex -4.080257 0.401870 4.325333
endloop
endfacet
facet normal 0.348203 -0.0516511 0.935995
outer loop
vertex -5.149123 1.024224 4.757309
vertex -4.080257 0.401870 4.325333
vertex -4.021220 0.799870 4.325333
endloop
endfacet
facet normal 0.351589 -0.0172723 0.935995
outer loop
vertex -5.224720 0.514590 4.757309
vertex -5.250000 0.000000 4.757309
vertex -4.100000 0.000000 4.325333
endloop
endfacet
facet normal 0.351589 -0.0172724 0.935995
outer loop
vertex -5.224720 0.514590 4.757309
vertex -4.100000 0.000000 4.325333
vertex -4.080257 0.401870 4.325333
endloop
endfacet
facet normal 0.351589 0.0172723 0.935995
outer loop
vertex -5.250000 0.000000 4.757309
vertex -5.224720 -0.514590 4.757309
vertex -4.080257 -0.401870 4.325333
endloop
endfacet
facet normal 0.351589 0.0172724 0.935995
outer loop
vertex -5.250000 0.000000 4.757309
vertex -4.080257 -0.401870 4.325333
vertex -4.100000 0.000000 4.325333
endloop
endfacet
facet normal 0.348203 0.0516512 0.935995
outer loop
vertex -5.224720 -0.514590 4.757309
vertex -5.149123 -1.024224 4.757309
vertex -4.021220 -0.799870 4.325333
endloop
endfacet
facet normal 0.348203 0.0516511 0.935995
outer loop
vertex -5.224720 -0.514590 4.757309
vertex -4.021220 -0.799870 4.325333
vertex -4.080257 -0.401870 4.325333
endloop
endfacet
facet normal 0.341464 0.0855323 0.935995
outer loop
vertex -5.149123 -1.024224 4.757309
vertex -5.023937 -1.523995 4.757309
vertex -3.923455 -1.190167 4.325333
endloop
endfacet
facet normal 0.341464 0.0855323 0.935995
outer loop
vertex -5.149123 -1.024224 4.757309
vertex -3.923455 -1.190167 4.325333
vertex -4.021220 -0.799870 4.325333
endloop
endfacet
facet normal 0.331436 0.11859 0.935995
outer loop
vertex -5.023937 -1.523995 4.757309
vertex -4.850368 -2.009088 4.757309
vertex -3.787906 -1.569002 4.325333
endloop
endfacet
facet normal 0.331436 0.11859 0.935995
outer loop
vertex -5.023937 -1.523995 4.757309
vertex -3.787906 -1.569002 4.325333
vertex -3.923455 -1.190167 4.325333
endloop
endfacet
facet normal 0.318216 0.150505 0.935995
outer loop
vertex -4.850368 -2.009088 4.757309
vertex -4.630086 -2.474833 4.757309
vertex -3.615877 -1.932727 4.325333
endloop
endfacet
facet normal 0.318216 0.150505 0.935995
outer loop
vertex -4.850368 -2.009088 4.757309
vertex -3.615877 -1.932727 4.325333
vertex -3.787906 -1.569002 4.325333
endloop
endfacet
facet normal 0.301932 0.180971 0.935995
outer loop
vertex -4.630086 -2.474833 4.757309
vertex -4.365215 -2.916744 4.757309
vertex -3.409025 -2.277838 4.325333
endloop
endfacet
facet normal 0.301932 0.180971 0.935995
outer loop
vertex -4.630086 -2.474833 4.757309
vertex -3.409025 -2.277838 4.325333
vertex -3.615877 -1.932727 4.325333
endloop
endfacet
facet normal 0.28274 0.209694 0.935995
outer loop
vertex -4.365215 -2.916744 4.757309
vertex -4.058305 -3.330565 4.757309
vertex -3.169343 -2.601012 4.325333
endloop
endfacet
facet normal 0.28274 0.209694 0.935995
outer loop
vertex -4.365215 -2.916744 4.757309
vertex -3.169343 -2.601012 4.325333
vertex -3.409025 -2.277838 4.325333
endloop
endfacet
facet normal 0.260825 0.236398 0.935995
outer loop
vertex -4.058305 -3.330565 4.757309
vertex -3.712311 -3.712311 4.757309
vertex -2.899138 -2.899138 4.325333
endloop
endfacet
facet normal 0.260825 0.236398 0.935995
outer loop
vertex -4.058305 -3.330565 4.757309
vertex -2.899138 -2.899138 4.325333
vertex -3.169343 -2.601012 4.325333
endloop
endfacet
facet normal 0.236398 0.260825 0.935995
outer loop
vertex -3.712311 -3.712311 4.757309
vertex -3.330565 -4.058305 4.757309
vertex -2.601012 -3.169343 4.325333
endloop
endfacet
facet normal 0.236398 0.260825 0.935995
outer loop
vertex -3.712311 -3.712311 4.757309
vertex -2.601012 -3.169343 4.325333
vertex -2.899138 -2.899138 4.325333
endloop
endfacet
facet normal 0.209694 0.28274 0.935995
outer loop
vertex -3.330565 -4.058305 4.757309
vertex -2.916744 -4.365215 4.757309
vertex -2.277838 -3.409025 4.325333
endloop
endfacet
facet normal 0.209694 0.28274 0.935995
outer loop
vertex -3.330565 -4.058305 4.757309
vertex -2.277838 -3.409025 4.325333
vertex -2.601012 -3.169343 4.325333
endloop
endfacet
facet normal 0.180971 0.301932 0.935995
outer loop
vertex -2.916744 -4.365215 4.757309
vertex -2.474833 -4.630086 4.757309
vertex -1.932727 -3.615877 4.325333
endloop
endfacet
facet normal 0.180971 0.301932 0.935995
outer loop
vertex -2.916744 -4.365215 4.757309
vertex -1.932727 -3.615877 4.325333
vertex -2.277838 -3.409025 4.325333
endloop
endfacet
facet normal 0.150505 0.318216 0.935995
outer loop
vertex -2.474833 -4.630086 4.757309
vertex -2.009088 -4.850368 4.757309
vertex -1.569002 -3.787906 4.325333
endloop
endfacet
facet normal 0.150505 0.318216 0.935995
outer loop
vertex -2.474833 -4.630086 4.757309
vertex -1.569002 -3.787906 4.325333
vertex -1.932727 -3.615877 4.325333
endloop
endfacet
facet normal 0.11859 0.331436 0.935995
outer loop
vertex -2.009088 -4.850368 4.757309
vertex -1.523995 -5.023937 4.757309
vertex -1.190167 -3.923455 4.325333
endloop
endfacet
facet normal 0.11859 0.331436 0.935995
outer loop
vertex -2.009088 -4.850368 4.757309
vertex -1.190167 -3.923455 4.325333
vertex -1.569002 -3.787906 4.325333
endloop
endfacet
facet normal 0.0855323 0.341464 0.935995
outer loop
vertex -1.523995 -5.023937 4.757309
vertex -1.024224 -5.149123 4.757309
vertex -0.799870 -4.021220 4.325333
endloop
endfacet
facet normal 0.0855323 0.341464 0.935995
outer loop
vertex -1.523995 -5.023937 4.757309
vertex -0.799870 -4.021220 4.325333
vertex -1.190167 -3.923455 4.325333
endloop
endfacet
facet normal 0.0516512 0.348203 0.935995
outer loop
vertex -1.024224 -5.149123 4.757309
vertex -0.514590 -5.224720 4.757309
vertex -0.401870 -4.080257 4.325333
endloop
endfacet
facet normal 0.0516511 0.348203 0.935995
outer loop
vertex -1.024224 -5.149123 4.757309
vertex -0.401870 -4.080257 4.325333
vertex -0.799870 -4.021220 4.325333
endloop
endfacet
facet normal 0.0172723 0.351589 0.935995
outer loop
vertex -0.514590 -5.224720 4.757309
vertex -0.000000 -5.250000 4.757309
vertex -0.000000 -4.100000 4.325333
endloop
endfacet
facet normal 0.0172724 0.351589 0.935995
outer loop
vertex -0.514590 -5.224720 4.757309
vertex -0.000000 -4.100000 4.325333
vertex -0.401870 -4.080257 4.325333
endloop
endfacet
facet normal -0.0172723 0.351589 0.935995
outer loop
vertex -0.000000 -5.250000 4.757309
vertex 0.514590 -5.224720 4.757309
vertex 0.401870 -4.080257 4.325333
endloop
endfacet
facet normal -0.0172724 0.351589 0.935995
outer loop
vertex -0.000000 -5.250000 4.757309
vertex 0.401870 -4.080257 4.325333
vertex -0.000000 -4.100000 4.325333
endloop
endfacet
facet normal -0.0516512 0.348203 0.935995
outer loop
vertex 0.514590 -5.224720 4.757309
vertex 1.024224 -5.149123 4.757309
vertex 0.799870 -4.021220 4.325333
endloop
endfacet
facet normal -0.0516511 0.348203 0.935995
outer loop
vertex 0.514590 -5.224720 4.757309
vertex 0.799870 -4.021220 4.325333
vertex 0.401870 -4.080257 4.325333
endloop
endfacet
facet normal -0.0855323 0.341464 0.935995
outer loop
vertex 1.024224 -5.149123 4.757309
vertex 1.523995 -5.023937 4.757309
vertex 1.190167 -3.923455 4.325333
endloop
endfacet
facet normal -0.0855323 0.341464 0.935995
outer loop
vertex 1.024224 -5.149123 4.757309
vertex 1.190167 -3.923455 4.325333
vertex 0.799870 -4.021220 4.325333
endloop
endfacet
facet normal -0.11859 0.331436 0.935995
outer loop
vertex 1.523995 -5.023937 4.757309
vertex 2.009088 -4.850368 4.757309
vertex 1.569002 -3.787906 4.325333
endloop
endfacet
facet normal -0.11859 0.331436 0.935995
outer loop
vertex 1.523995 -5.023937 4.757309
vertex 1.569002 -3.787906 4.325333
vertex 1.190167 -3.923455 4.325333
endloop
endfacet
facet normal -0.150505 0.318216 0.935995
outer loop
vertex 2.009088 -4.850368 4.757309
vertex 2.474833 -4.630086 4.757309
vertex 1.932727 -3.615877 4.325333
endloop
endfacet
facet normal -0.150505 0.318216 0.935995
outer loop
vertex 2.009088 -4.850368 4.757309
vertex 1.932727 -3.615877 4.325333
vertex 1.569002 -3.787906 4.325333
endloop
endfacet
facet normal -0.180971 0.301932 0.935995
outer loop
vertex 2.474833 -4.630086 4.757309
vertex 2.916744 -4.365215 4.757309
vertex 2.277838 -3.409025 4.325333
endloop
endfacet
facet normal -0.180971 0.301932 0.935995
outer loop
vertex 2.474833 -4.630086 4.757309
vertex 2.277838 -3.409025 4.325333
vertex 1.932727 -3.615877 4.325333
endloop
endfacet
facet normal -0.209694 0.28274 0.935995
outer loop
vertex 2.916744 -4.365215 4.757309
vertex 3.330565 -4.058305 4.757309
vertex 2.601012 -3.169343 4.325333
endloop
endfacet
facet normal -0.209694 0.28274 0.935995
outer loop
vertex 2.916744 -4.365215 4.757309
vertex 2.601012 -3.169343 4.325333
vertex 2.277838 -3.409025 4.325333
endloop
endfacet
facet normal -0.236398 0.260825 0.935995
outer loop
vertex 3.330565 -4.058305 4.757309
vertex 3.712311 -3.712311 4.757309
vertex 2.899138 -2.899138 4.325333
endloop
endfacet
facet normal -0.236398 0.260825 0.935995
outer loop
vertex 3.330565 -4.058305 4.757309
vertex 2.899138 -2.899138 4.325333
vertex 2.601012 -3.169343 4.325333
endloop
endfacet
facet normal -0.260825 0.236398 0.935995
outer loop
vertex 3.712311 -3.712311 4.757309
vertex 4.058305 -3.330565 4.757309
vertex 3.169343 -2.601012 4.325333
endloop
endfacet
facet normal -0.260825 0.236398 0.935995
outer loop
vertex 3.712311 -3.712311 4.757309
vertex 3.169343 -2.601012 4.325333
vertex 2.899138 -2.899138 4.325333
endloop
endfacet
facet normal -0.28274 0.209694 0.935995
outer loop
vertex 4.058305 -3.330565 4.757309
vertex 4.365215 -2.916744 4.757309
vertex 3.409025 -2.277838 4.325333
endloop
endfacet
facet normal -0.28274 0.209694 0.935995
outer loop
vertex 4.058305 -3.330565 4.757309
vertex 3.409025 -2.277838 4.325333
vertex 3.169343 -2.601012 4.325333
endloop
endfacet
facet normal -0.301932 0.180971 0.935995
outer loop
vertex 4.365215 -2.916744 4.757309
vertex 4.630086 -2.474833 4.757309
vertex 3.615877 -1.932727 4.325333
endloop
endfacet
facet normal -0.301932 0.180971 0.935995
outer loop
vertex 4.365215 -2.916744 4.757309
vertex 3.615877 -1.932727 4.325333
vertex 3.409025 -2.277838 4.325333
endloop
endfacet
facet normal -0.318216 0.150505 0.935995
outer loop
vertex 4.630086 -2.474833 4.757309
vertex 4.850368 -2.009088 4.757309
vertex 3.787906 -1.569002 4.325333
endloop
endfacet
facet normal -0.318216 0.150505 0.935995
outer loop
vertex 4.630086 -2.474833 4.757309
vertex 3.787906 -1.569002 4.325333
vertex 3.615877 -1.932727 4.325333
endloop
endfacet
facet normal -0.331436 0.11859 0.935995
outer loop
vertex 4.850368 -2.009088 4.757309
vertex 5.023937 -1.523995 4.757309
vertex 3.923455 -1.190167 4.325333
endloop
endfacet
facet normal -0.331436 0.11859 0.935995
outer loop
vertex 4.850368 -2.009088 4.757309
vertex 3.923455 -1.190167 4.325333
vertex 3.787906 -1.569002 4.325333
endloop
endfacet
facet normal -0.341464 0.0855323 0.935995
outer loop
vertex 5.023937 -1.523995 4.757309
vertex 5.149123 -1.024224 4.757309
vertex 4.021220 -0.799870 4.325333
endloop
endfacet
facet normal -0.341464 0.0855323 0.935995
outer loop
vertex 5.023937 -1.523995 4.757309
vertex 4.021220 -0.799870 4.325333
vertex 3.923455 -1.190167 4.325333
endloop
endfacet
facet normal -0.348203 0.0516512 0.935995
outer loop
vertex 5.149123 -1.024224 4.757309
vertex 5.224720 -0.514590 4.757309
vertex 4.080257 -0.401870 4.325333
endloop
endfacet
facet normal -0.348203 0.0516511 0.935995
outer loop
vertex 5.149123 -1.024224 4.757309
vertex 4.080257 -0.401870 4.325333
vertex 4.021220 -0.799870 4.325333
endloop
endfacet
facet normal -0.351589 0.0172723 0.935995
outer loop
vertex 5.224720 -0.514590 4.757309
vertex 5.250000 0.000000 4.757309
vertex 4.100000 -0.000000 4.325333
endloop
endfacet
facet normal -0.351589 0.0172724 0.935995
outer loop
vertex 5.224720 -0.514590 4.757309
vertex 4.100000 -0.000000 4.325333
vertex 4.080257 -0.401870 4.325333
endloop
endfacet
facet normal -0.267107 -0.013122 0.963578
outer loop
vertex 4.100000 -0.000000 4.325333
vertex 4.080257 0.401870 4.325333
vertex 2.786517 0.274448 3.964968
endloop
endfacet
facet normal -0.267107 -0.0131222 0.963578
outer loop
vertex 4.100000 -0.000000 4.325333
vertex 2.786517 0.274448 3.964968
vertex 2.800000 0.000000 3.964968
endloop
endfacet
facet normal -0.264535 -0.03924 0.963578
outer loop
vertex 4.080257 0.401870 4.325333
vertex 4.021220 0.799870 4.325333
vertex 2.746199 0.546253 3.964968
endloop
endfacet
facet normal -0.264535 -0.0392399 0.963578
outer loop
vertex 4.080257 0.401870 4.325333
vertex 2.746199 0.546253 3.964968
vertex 2.786517 0.274448 3.964968
endloop
endfacet
facet normal -0.259415 -0.06498 0.963578
outer loop
vertex 4.021220 0.799870 4.325333
vertex 3.923455 1.190167 4.325333
vertex 2.679433 0.812797 3.964968
endloop
endfacet
facet normal -0.259415 -0.0649801 0.963578
outer loop
vertex 4.021220 0.799870 4.325333
vertex 2.679433 0.812797 3.964968
vertex 2.746199 0.546253 3.964968
endloop
endfacet
facet normal -0.251796 -0.0900942 0.963578
outer loop
vertex 3.923455 1.190167 4.325333
vertex 3.787906 1.569002 4.325333
vertex 2.586863 1.071514 3.964968
endloop
endfacet
facet normal -0.251796 -0.090094 0.963578
outer loop
vertex 3.923455 1.190167 4.325333
vertex 2.586863 1.071514 3.964968
vertex 2.679433 0.812797 3.964968
endloop
endfacet
facet normal -0.241753 -0.114341 0.963578
outer loop
vertex 3.787906 1.569002 4.325333
vertex 3.615877 1.932727 4.325333
vertex 2.469379 1.319911 3.964968
endloop
endfacet
facet normal -0.241753 -0.114341 0.963577
outer loop
vertex 3.787906 1.569002 4.325333
vertex 2.469379 1.319911 3.964968
vertex 2.586863 1.071514 3.964968
endloop
endfacet
facet normal -0.229382 -0.137486 0.963578
outer loop
vertex 3.615877 1.932727 4.325333
vertex 3.409025 2.277838 4.325333
vertex 2.328115 1.555597 3.964968
endloop
endfacet
facet normal -0.229382 -0.137486 0.963578
outer loop
vertex 3.615877 1.932727 4.325333
vertex 2.328115 1.555597 3.964968
vertex 2.469379 1.319911 3.964968
endloop
endfacet
facet normal -0.214801 -0.159308 0.963577
outer loop
vertex 2.263832 1.665886 3.968872
vertex 2.265060 1.640616 3.964968
vertex 2.328115 1.555597 3.964968
endloop
endfacet
facet normal -0.214801 -0.159307 0.963578
outer loop
vertex 2.328115 1.555597 3.964968
vertex 3.409025 2.277838 4.325333
vertex 3.169343 2.601012 4.325333
endloop
endfacet
facet normal -0.214801 -0.159308 0.963578
outer loop
vertex 3.169343 2.601012 4.325333
vertex 2.229947 1.830070 3.988463
vertex 2.244695 1.780542 3.983562
endloop
endfacet
facet normal -0.214801 -0.159307 0.963578
outer loop
vertex 2.244695 1.780542 3.983562
vertex 2.263832 1.665886 3.968872
vertex 2.328115 1.555597 3.964968
endloop
endfacet
facet normal -0.214801 -0.159308 0.963578
outer loop
vertex 2.328115 1.555597 3.964968
vertex 3.169343 2.601012 4.325333
vertex 2.244695 1.780542 3.983562
endloop
endfacet
facet normal -0.198155 -0.179591 0.963578
outer loop
vertex 2.220589 1.861499 3.992396
vertex 2.229947 1.830070 3.988463
vertex 3.169343 2.601012 4.325333
endloop
endfacet
facet normal -0.198152 -0.179595 0.963577
outer loop
vertex 3.169343 2.601012 4.325333
vertex 2.899138 2.899138 4.325333
vertex 2.091196 2.091196 4.008599
endloop
endfacet
facet normal -0.198152 -0.179595 0.963577
outer loop
vertex 3.169343 2.601012 4.325333
vertex 2.091196 2.091196 4.008599
vertex 2.130649 2.040511 4.007266
endloop
endfacet
facet normal -0.198152 -0.179595 0.963577
outer loop
vertex 2.173891 1.967949 4.002634
vertex 2.220589 1.861499 3.992396
vertex 3.169343 2.601012 4.325333
endloop
endfacet
facet normal -0.198152 -0.179595 0.963577
outer loop
vertex 3.169343 2.601012 4.325333
vertex 2.130649 2.040511 4.007266
vertex 2.173891 1.967949 4.002634
endloop
endfacet
facet normal -0.179595 -0.198152 0.963578
outer loop
vertex 2.059248 2.132240 4.011085
vertex 2.091196 2.091196 4.008599
vertex 2.899138 2.899138 4.325333
endloop
endfacet
facet normal -0.179595 -0.198152 0.963577
outer loop
vertex 2.899138 2.899138 4.325333
vertex 2.601012 3.169343 4.325333
vertex 1.874007 2.283484 4.007661
endloop
endfacet
facet normal -0.179593 -0.198155 0.963577
outer loop
vertex 2.899138 2.899138 4.325333
vertex 1.874007 2.283484 4.007661
vertex 1.907782 2.263361 4.009818
endloop
endfacet
facet normal -0.179594 -0.198152 0.963578
outer loop
vertex 1.999516 2.191966 4.012234
vertex 2.059248 2.132240 4.011085
vertex 2.899138 2.899138 4.325333
endloop
endfacet
facet normal -0.179596 -0.19815 0.963578
outer loop
vertex 2.899138 2.899138 4.325333
vertex 1.907782 2.263361 4.009818
vertex 1.999516 2.191966 4.012234
endloop
endfacet
facet normal -0.159308 -0.214801 0.963578
outer loop
vertex 1.835216 2.306596 4.006400
vertex 1.874007 2.283484 4.007661
vertex 2.601012 3.169343 4.325333
endloop
endfacet
facet normal -0.159308 -0.214801 0.963577
outer loop
vertex 2.601012 3.169343 4.325333
vertex 2.277838 3.409025 4.325333
vertex 1.594464 2.386284 3.984361
endloop
endfacet
facet normal -0.159311 -0.214797 0.963578
outer loop
vertex 2.601012 3.169343 4.325333
vertex 1.594464 2.386284 3.984361
vertex 1.647804 2.377385 3.991196
endloop
endfacet
facet normal -0.159308 -0.214801 0.963578
outer loop
vertex 1.728763 2.353286 3.999208
vertex 1.835216 2.306596 4.006400
vertex 2.601012 3.169343 4.325333
endloop
endfacet
facet normal -0.159306 -0.214803 0.963577
outer loop
vertex 2.601012 3.169343 4.325333
vertex 1.647804 2.377385 3.991196
vertex 1.728763 2.353286 3.999208
endloop
endfacet
facet normal -0.137485 -0.229382 0.963577
outer loop
vertex 1.533146 2.396513 3.978047
vertex 1.594464 2.386284 3.984361
vertex 2.277838 3.409025 4.325333
endloop
endfacet
facet normal -0.137486 -0.229382 0.963578
outer loop
vertex 2.277838 3.409025 4.325333
vertex 1.932727 3.615877 4.325333
vertex 1.319911 2.469379 3.964968
endloop
endfacet
facet normal -0.137476 -0.229365 0.963583
outer loop
vertex 1.319911 2.469379 3.964968
vertex 1.437253 2.399047 3.964968
vertex 1.448748 2.400000 3.966835
endloop
endfacet
facet normal -0.137487 -0.229381 0.963578
outer loop
vertex 1.448748 2.400000 3.966835
vertex 1.533146 2.396513 3.978047
vertex 2.277838 3.409025 4.325333
endloop
endfacet
facet normal -0.137485 -0.229382 0.963577
outer loop
vertex 2.277838 3.409025 4.325333
vertex 1.319911 2.469379 3.964968
vertex 1.448748 2.400000 3.966835
endloop
endfacet
facet normal -0.114341 -0.241753 0.963578
outer loop
vertex 1.932727 3.615877 4.325333
vertex 1.569002 3.787906 4.325333
vertex 1.071514 2.586863 3.964968
endloop
endfacet
facet normal -0.114341 -0.241753 0.963577
outer loop
vertex 1.932727 3.615877 4.325333
vertex 1.071514 2.586863 3.964968
vertex 1.319911 2.469379 3.964968
endloop
endfacet
facet normal -0.0900942 -0.251796 0.963578
outer loop
vertex 1.569002 3.787906 4.325333
vertex 1.190167 3.923455 4.325333
vertex 0.812797 2.679433 3.964968
endloop
endfacet
facet normal -0.0900941 -0.251796 0.963578
outer loop
vertex 1.569002 3.787906 4.325333
vertex 0.812797 2.679433 3.964968
vertex 1.071514 2.586863 3.964968
endloop
endfacet
facet normal -0.06498 -0.259415 0.963578
outer loop
vertex 1.190167 3.923455 4.325333
vertex 0.799870 4.021220 4.325333
vertex 0.546253 2.746199 3.964968
endloop
endfacet
facet normal -0.0649801 -0.259415 0.963577
outer loop
vertex 1.190167 3.923455 4.325333
vertex 0.546253 2.746199 3.964968
vertex 0.812797 2.679433 3.964968
endloop
endfacet
facet normal -0.03924 -0.264535 0.963578
outer loop
vertex 0.799870 4.021220 4.325333
vertex 0.401870 4.080257 4.325333
vertex 0.274448 2.786517 3.964968
endloop
endfacet
facet normal -0.0392399 -0.264535 0.963578
outer loop
vertex 0.799870 4.021220 4.325333
vertex 0.274448 2.786517 3.964968
vertex 0.546253 2.746199 3.964968
endloop
endfacet
facet normal -0.013122 -0.267107 0.963578
outer loop
vertex 0.401870 4.080257 4.325333
vertex 0.000000 4.100000 4.325333
vertex 0.000000 2.800000 3.964968
endloop
endfacet
facet normal -0.0131222 -0.267107 0.963578
outer loop
vertex 0.401870 4.080257 4.325333
vertex 0.000000 2.800000 3.964968
vertex 0.274448 2.786517 3.964968
endloop
endfacet
facet normal 0.013122 -0.267107 0.963578
outer loop
vertex 0.000000 4.100000 4.325333
vertex -0.401870 4.080257 4.325333
vertex -0.274448 2.786517 3.964968
endloop
endfacet
facet normal 0.0131222 -0.267107 0.963578
outer loop
vertex 0.000000 4.100000 4.325333
vertex -0.274448 2.786517 3.964968
vertex 0.000000 2.800000 3.964968
endloop
endfacet
facet normal 0.03924 -0.264535 0.963578
outer loop
vertex -0.401870 4.080257 4.325333
vertex -0.799870 4.021220 4.325333
vertex -0.546253 2.746199 3.964968
endloop
endfacet
facet normal 0.0392399 -0.264535 0.963578
outer loop
vertex -0.401870 4.080257 4.325333
vertex -0.546253 2.746199 3.964968
vertex -0.274448 2.786517 3.964968
endloop
endfacet
facet normal 0.06498 -0.259415 0.963578
outer loop
vertex -0.799870 4.021220 4.325333
vertex -1.190167 3.923455 4.325333
vertex -0.812797 2.679433 3.964968
endloop
endfacet
facet normal 0.0649801 -0.259415 0.963578
outer loop
vertex -0.799870 4.021220 4.325333
vertex -0.812797 2.679433 3.964968
vertex -0.546253 2.746199 3.964968
endloop
endfacet
facet normal 0.0900942 -0.251796 0.963578
outer loop
vertex -1.190167 3.923455 4.325333
vertex -1.569002 3.787906 4.325333
vertex -1.071514 2.586863 3.964968
endloop
endfacet
facet normal 0.090094 -0.251796 0.963578
outer loop
vertex -1.190167 3.923455 4.325333
vertex -1.071514 2.586863 3.964968
vertex -0.812797 2.679433 3.964968
endloop
endfacet
facet normal 0.114341 -0.241753 0.963578
outer loop
vertex -1.569002 3.787906 4.325333
vertex -1.932727 3.615877 4.325333
vertex -1.319911 2.469379 3.964968
endloop
endfacet
facet normal 0.114341 -0.241753 0.963577
outer loop
vertex -1.569002 3.787906 4.325333
vertex -1.319911 2.469379 3.964968
vertex -1.071514 2.586863 3.964968
endloop
endfacet
facet normal 0.137485 -0.229381 0.963578
outer loop
vertex -1.517934 2.397958 3.976220
vertex -1.440472 2.397118 3.964968
vertex -1.319911 2.469379 3.964968
endloop
endfacet
facet normal 0.137486 -0.229382 0.963578
outer loop
vertex -1.319911 2.469379 3.964968
vertex -1.932727 3.615877 4.325333
vertex -2.277838 3.409025 4.325333
endloop
endfacet
facet normal 0.137486 -0.229382 0.963578
outer loop
vertex -2.277838 3.409025 4.325333
vertex -1.594314 2.386059 3.984286
vertex -1.517934 2.397958 3.976220
endloop
endfacet
facet normal 0.137486 -0.229382 0.963577
outer loop
vertex -1.319911 2.469379 3.964968
vertex -2.277838 3.409025 4.325333
vertex -1.517934 2.397958 3.976220
endloop
endfacet
facet normal 0.159307 -0.214801 0.963577
outer loop
vertex -1.650088 2.377370 3.991570
vertex -1.594314 2.386059 3.984286
vertex -2.277838 3.409025 4.325333
endloop
endfacet
facet normal 0.159308 -0.214801 0.963578
outer loop
vertex -2.277838 3.409025 4.325333
vertex -2.601012 3.169343 4.325333
vertex -1.873926 2.283386 4.007626
endloop
endfacet
facet normal 0.159308 -0.214801 0.963577
outer loop
vertex -1.793069 2.328284 4.004267
vertex -1.650088 2.377370 3.991570
vertex -2.277838 3.409025 4.325333
endloop
endfacet
facet normal 0.159307 -0.214801 0.963577
outer loop
vertex -2.277838 3.409025 4.325333
vertex -1.873926 2.283386 4.007626
vertex -1.793069 2.328284 4.004267
endloop
endfacet
facet normal 0.179592 -0.198154 0.963578
outer loop
vertex -1.910057 2.263323 4.010234
vertex -1.873926 2.283386 4.007626
vertex -2.601012 3.169343 4.325333
endloop
endfacet
facet normal 0.179594 -0.198152 0.963578
outer loop
vertex -2.601012 3.169343 4.325333
vertex -2.899138 2.899138 4.325333
vertex -2.092446 2.092446 4.009089
endloop
endfacet
facet normal 0.179594 -0.198152 0.963578
outer loop
vertex -2.601012 3.169343 4.325333
vertex -2.092446 2.092446 4.009089
vertex -2.061512 2.132191 4.011497
endloop
endfacet
facet normal 0.179597 -0.198151 0.963577
outer loop
vertex -2.014703 2.180030 4.012610
vertex -1.910057 2.263323 4.010234
vertex -2.601012 3.169343 4.325333
endloop
endfacet
facet normal 0.179593 -0.198152 0.963578
outer loop
vertex -2.601012 3.169343 4.325333
vertex -2.061512 2.132191 4.011497
vertex -2.014703 2.180030 4.012610
endloop
endfacet
facet normal 0.198149 -0.179597 0.963578
outer loop
vertex -2.132869 2.040511 4.007722
vertex -2.092446 2.092446 4.009089
vertex -2.899138 2.899138 4.325333
endloop
endfacet
facet normal 0.198152 -0.179595 0.963578
outer loop
vertex -2.899138 2.899138 4.325333
vertex -3.169343 2.601012 4.325333
vertex -2.230797 1.830768 3.988768
endloop
endfacet
facet normal 0.198153 -0.179594 0.963577
outer loop
vertex -2.197830 1.923523 3.999276
vertex -2.132869 2.040511 4.007722
vertex -2.899138 2.899138 4.325333
endloop
endfacet
facet normal 0.198152 -0.179595 0.963578
outer loop
vertex -2.899138 2.899138 4.325333
vertex -2.230797 1.830768 3.988768
vertex -2.197830 1.923523 3.999276
endloop
endfacet
facet normal 0.214802 -0.159307 0.963577
outer loop
vertex -2.242622 1.797499 3.985903
vertex -2.230797 1.830768 3.988768
vertex -3.169343 2.601012 4.325333
endloop
endfacet
facet normal 0.214801 -0.159308 0.963578
outer loop
vertex -3.169343 2.601012 4.325333
vertex -3.409025 2.277838 4.325333
vertex -2.328115 1.555597 3.964968
endloop
endfacet
facet normal 0.214801 -0.159308 0.963578
outer loop
vertex -2.328115 1.555597 3.964968
vertex -2.267508 1.637316 3.964968
vertex -2.267508 1.648323 3.966788
endloop
endfacet
facet normal 0.214801 -0.159307 0.963577
outer loop
vertex -2.267508 1.648323 3.966788
vertex -2.242622 1.797499 3.985903
vertex -3.169343 2.601012 4.325333
endloop
endfacet
facet normal 0.214801 -0.159308 0.963577
outer loop
vertex -3.169343 2.601012 4.325333
vertex -2.328115 1.555597 3.964968
vertex -2.267508 1.648323 3.966788
endloop
endfacet
facet normal 0.229382 -0.137486 0.963578
outer loop
vertex -3.409025 2.277838 4.325333
vertex -3.615877 1.932727 4.325333
vertex -2.469379 1.319911 3.964968
endloop
endfacet
facet normal 0.229382 -0.137486 0.963577
outer loop
vertex -3.409025 2.277838 4.325333
vertex -2.469379 1.319911 3.964968
vertex -2.328115 1.555597 3.964968
endloop
endfacet
facet normal 0.241753 -0.114341 0.963578
outer loop
vertex -3.615877 1.932727 4.325333
vertex -3.787906 1.569002 4.325333
vertex -2.586863 1.071514 3.964968
endloop
endfacet
facet normal 0.241753 -0.114341 0.963577
outer loop
vertex -3.615877 1.932727 4.325333
vertex -2.586863 1.071514 3.964968
vertex -2.469379 1.319911 3.964968
endloop
endfacet
facet normal 0.251796 -0.0900942 0.963578
outer loop
vertex -3.787906 1.569002 4.325333
vertex -3.923455 1.190167 4.325333
vertex -2.679433 0.812797 3.964968
endloop
endfacet
facet normal 0.251796 -0.0900941 0.963578
outer loop
vertex -3.787906 1.569002 4.325333
vertex -2.679433 0.812797 3.964968
vertex -2.586863 1.071514 3.964968
endloop
endfacet
facet normal 0.259415 -0.06498 0.963578
outer loop
vertex -3.923455 1.190167 4.325333
vertex -4.021220 0.799870 4.325333
vertex -2.746199 0.546253 3.964968
endloop
endfacet
facet normal 0.259415 -0.0649801 0.963577
outer loop
vertex -3.923455 1.190167 4.325333
vertex -2.746199 0.546253 3.964968
vertex -2.679433 0.812797 3.964968
endloop
endfacet
facet normal 0.264535 -0.03924 0.963578
outer loop
vertex -4.021220 0.799870 4.325333
vertex -4.080257 0.401870 4.325333
vertex -2.786517 0.274448 3.964968
endloop
endfacet
facet normal 0.264535 -0.0392399 0.963578
outer loop
vertex -4.021220 0.799870 4.325333
vertex -2.786517 0.274448 3.964968
vertex -2.746199 0.546253 3.964968
endloop
endfacet
facet normal 0.267107 -0.013122 0.963578
outer loop
vertex -4.080257 0.401870 4.325333
vertex -4.100000 0.000000 4.325333
vertex -2.800000 0.000000 3.964968
endloop
endfacet
facet normal 0.267107 -0.0131222 0.963578
outer loop
vertex -4.080257 0.401870 4.325333
vertex -2.800000 0.000000 3.964968
vertex -2.786517 0.274448 3.964968
endloop
endfacet
facet normal 0.267107 0.013122 0.963578
outer loop
vertex -4.100000 0.000000 4.325333
vertex -4.080257 -0.401870 4.325333
vertex -2.786517 -0.274448 3.964968
endloop
endfacet
facet normal 0.267107 0.0131222 0.963578
outer loop
vertex -4.100000 0.000000 4.325333
vertex -2.786517 -0.274448 3.964968
vertex -2.800000 0.000000 3.964968
endloop
endfacet
facet normal 0.264535 0.03924 0.963578
outer loop
vertex -4.080257 -0.401870 4.325333
vertex -4.021220 -0.799870 4.325333
vertex -2.746199 -0.546253 3.964968
endloop
endfacet
facet normal 0.264535 0.0392399 0.963578
outer loop
vertex -4.080257 -0.401870 4.325333
vertex -2.746199 -0.546253 3.964968
vertex -2.786517 -0.274448 3.964968
endloop
endfacet
facet normal 0.259415 0.06498 0.963578
outer loop
vertex -4.021220 -0.799870 4.325333
vertex -3.923455 -1.190167 4.325333
vertex -2.679433 -0.812797 3.964968
endloop
endfacet
facet normal 0.259415 0.0649801 0.963578
outer loop
vertex -4.021220 -0.799870 4.325333
vertex -2.679433 -0.812797 3.964968
vertex -2.746199 -0.546253 3.964968
endloop
endfacet
facet normal 0.251796 0.0900942 0.963578
outer loop
vertex -3.923455 -1.190167 4.325333
vertex -3.787906 -1.569002 4.325333
vertex -2.586863 -1.071514 3.964968
endloop
endfacet
facet normal 0.251796 0.090094 0.963578
outer loop
vertex -3.923455 -1.190167 4.325333
vertex -2.586863 -1.071514 3.964968
vertex -2.679433 -0.812797 3.964968
endloop
endfacet
facet normal 0.241753 0.114341 0.963578
outer loop
vertex -3.787906 -1.569002 4.325333
vertex -3.615877 -1.932727 4.325333
vertex -2.469379 -1.319911 3.964968
endloop
endfacet
facet normal 0.241753 0.114341 0.963577
outer loop
vertex -3.787906 -1.569002 4.325333
vertex -2.469379 -1.319911 3.964968
vertex -2.586863 -1.071514 3.964968
endloop
endfacet
facet normal 0.229382 0.137486 0.963578
outer loop
vertex -3.615877 -1.932727 4.325333
vertex -3.409025 -2.277838 4.325333
vertex -2.328115 -1.555597 3.964968
endloop
endfacet
facet normal 0.229382 0.137486 0.963578
outer loop
vertex -3.615877 -1.932727 4.325333
vertex -2.328115 -1.555597 3.964968
vertex -2.469379 -1.319911 3.964968
endloop
endfacet
facet normal 0.214798 0.159305 0.963579
outer loop
vertex -2.267508 -1.650361 3.967125
vertex -2.267508 -1.637316 3.964968
vertex -2.328115 -1.555597 3.964968
endloop
endfacet
facet normal 0.214801 0.159307 0.963578
outer loop
vertex -2.328115 -1.555597 3.964968
vertex -3.409025 -2.277838 4.325333
vertex -3.169343 -2.601012 4.325333
endloop
endfacet
facet normal 0.214802 0.159307 0.963577
outer loop
vertex -3.169343 -2.601012 4.325333
vertex -2.232154 -1.831882 3.989254
vertex -2.259952 -1.716864 3.976435
endloop
endfacet
facet normal 0.214801 0.159307 0.963578
outer loop
vertex -2.259952 -1.716864 3.976435
vertex -2.267508 -1.650361 3.967125
vertex -2.328115 -1.555597 3.964968
endloop
endfacet
facet normal 0.214801 0.159307 0.963577
outer loop
vertex -2.328115 -1.555597 3.964968
vertex -3.169343 -2.601012 4.325333
vertex -2.259952 -1.716864 3.976435
endloop
endfacet
facet normal 0.198142 0.179607 0.963577
outer loop
vertex -2.228532 -1.846869 3.991303
vertex -2.232154 -1.831882 3.989254
vertex -3.169343 -2.601012 4.325333
endloop
endfacet
facet normal 0.198152 0.179595 0.963578
outer loop
vertex -3.169343 -2.601012 4.325333
vertex -2.899138 -2.899138 4.325333
vertex -2.093336 -2.093336 4.009438
endloop
endfacet
facet normal 0.198152 0.179595 0.963577
outer loop
vertex -3.169343 -2.601012 4.325333
vertex -2.093336 -2.093336 4.009438
vertex -2.132907 -2.042495 4.008100
endloop
endfacet
facet normal 0.198153 0.179593 0.963578
outer loop
vertex -2.197802 -1.925621 3.999661
vertex -2.228532 -1.846869 3.991303
vertex -3.169343 -2.601012 4.325333
endloop
endfacet
facet normal 0.198152 0.179594 0.963577
outer loop
vertex -3.169343 -2.601012 4.325333
vertex -2.132907 -2.042495 4.008100
vertex -2.197802 -1.925621 3.999661
endloop
endfacet
facet normal 0.179594 0.198152 0.963578
outer loop
vertex -2.061469 -2.134278 4.011918
vertex -2.093336 -2.093336 4.009438
vertex -2.899138 -2.899138 4.325333
endloop
endfacet
facet normal 0.179595 0.198152 0.963577
outer loop
vertex -2.899138 -2.899138 4.325333
vertex -2.601012 -3.169343 4.325333
vertex -1.875579 -2.285400 4.008348
endloop
endfacet
facet normal 0.179599 0.198145 0.963578
outer loop
vertex -2.899138 -2.899138 4.325333
vertex -1.875579 -2.285400 4.008348
vertex -1.895303 -2.275001 4.009886
endloop
endfacet
facet normal 0.179594 0.198152 0.963578
outer loop
vertex -1.964102 -2.225879 4.012608
vertex -2.061469 -2.134278 4.011918
vertex -2.899138 -2.899138 4.325333
endloop
endfacet
facet normal 0.179594 0.198153 0.963577
outer loop
vertex -2.899138 -2.899138 4.325333
vertex -1.895303 -2.275001 4.009886
vertex -1.964102 -2.225879 4.012608
endloop
endfacet
facet normal 0.159308 0.214801 0.963578
outer loop
vertex -1.777051 -2.337349 4.003639
vertex -1.875579 -2.285400 4.008348
vertex -2.601012 -3.169343 4.325333
endloop
endfacet
facet normal 0.159308 0.214801 0.963577
outer loop
vertex -2.601012 -3.169343 4.325333
vertex -2.277838 -3.409025 4.325333
vertex -1.595028 -2.387128 3.984642
endloop
endfacet
facet normal 0.159307 0.214802 0.963577
outer loop
vertex -1.667045 -2.375114 3.993871
vertex -1.777051 -2.337349 4.003639
vertex -2.601012 -3.169343 4.325333
endloop
endfacet
facet normal 0.159309 0.214799 0.963578
outer loop
vertex -2.601012 -3.169343 4.325333
vertex -1.595028 -2.387128 3.984642
vertex -1.667045 -2.375114 3.993871
endloop
endfacet
facet normal 0.137486 0.229382 0.963578
outer loop
vertex -1.517869 -2.400000 3.976697
vertex -1.595028 -2.387128 3.984642
vertex -2.277838 -3.409025 4.325333
endloop
endfacet
facet normal 0.137486 0.229382 0.963578
outer loop
vertex -2.277838 -3.409025 4.325333
vertex -1.932727 -3.615877 4.325333
vertex -1.319911 -2.469379 3.964968
endloop
endfacet
facet normal 0.137485 0.22938 0.963578
outer loop
vertex -1.319911 -2.469379 3.964968
vertex -1.435663 -2.400000 3.964968
vertex -1.517869 -2.400000 3.976697
endloop
endfacet
facet normal 0.137486 0.229382 0.963578
outer loop
vertex -2.277838 -3.409025 4.325333
vertex -1.319911 -2.469379 3.964968
vertex -1.517869 -2.400000 3.976697
endloop
endfacet
facet normal 0.114341 0.241753 0.963578
outer loop
vertex -1.932727 -3.615877 4.325333
vertex -1.569002 -3.787906 4.325333
vertex -1.071514 -2.586863 3.964968
endloop
endfacet
facet normal 0.114341 0.241753 0.963577
outer loop
vertex -1.932727 -3.615877 4.325333
vertex -1.071514 -2.586863 3.964968
vertex -1.319911 -2.469379 3.964968
endloop
endfacet
facet normal 0.0900942 0.251796 0.963578
outer loop
vertex -1.569002 -3.787906 4.325333
vertex -1.190167 -3.923455 4.325333
vertex -0.812797 -2.679433 3.964968
endloop
endfacet
facet normal 0.0900941 0.251796 0.963578
outer loop
vertex -1.569002 -3.787906 4.325333
vertex -0.812797 -2.679433 3.964968
vertex -1.071514 -2.586863 3.964968
endloop
endfacet
facet normal 0.06498 0.259415 0.963578
outer loop
vertex -1.190167 -3.923455 4.325333
vertex -0.799870 -4.021220 4.325333
vertex -0.546253 -2.746199 3.964968
endloop
endfacet
facet normal 0.0649801 0.259415 0.963577
outer loop
vertex -1.190167 -3.923455 4.325333
vertex -0.546253 -2.746199 3.964968
vertex -0.812797 -2.679433 3.964968
endloop
endfacet
facet normal 0.03924 0.264535 0.963578
outer loop
vertex -0.799870 -4.021220 4.325333
vertex -0.401870 -4.080257 4.325333
vertex -0.274448 -2.786517 3.964968
endloop
endfacet
facet normal 0.0392399 0.264535 0.963578
outer loop
vertex -0.799870 -4.021220 4.325333
vertex -0.274448 -2.786517 3.964968
vertex -0.546253 -2.746199 3.964968
endloop
endfacet
facet normal 0.013122 0.267107 0.963578
outer loop
vertex -0.401870 -4.080257 4.325333
vertex -0.000000 -4.100000 4.325333
vertex -0.000000 -2.800000 3.964968
endloop
endfacet
facet normal 0.0131222 0.267107 0.963578
outer loop
vertex -0.401870 -4.080257 4.325333
vertex -0.000000 -2.800000 3.964968
vertex -0.274448 -2.786517 3.964968
endloop
endfacet
facet normal -0.013122 0.267107 0.963578
outer loop
vertex -0.000000 -4.100000 4.325333
vertex 0.401870 -4.080257 4.325333
vertex 0.274448 -2.786517 3.964968
endloop
endfacet
facet normal -0.0131222 0.267107 0.963578
outer loop
vertex -0.000000 -4.100000 4.325333
vertex 0.274448 -2.786517 3.964968
vertex -0.000000 -2.800000 3.964968
endloop
endfacet
facet normal -0.03924 0.264535 0.963578
outer loop
vertex 0.401870 -4.080257 4.325333
vertex 0.799870 -4.021220 4.325333
vertex 0.546253 -2.746199 3.964968
endloop
endfacet
facet normal -0.0392399 0.264535 0.963578
outer loop
vertex 0.401870 -4.080257 4.325333
vertex 0.546253 -2.746199 3.964968
vertex 0.274448 -2.786517 3.964968
endloop
endfacet
facet normal -0.06498 0.259415 0.963578
outer loop
vertex 0.799870 -4.021220 4.325333
vertex 1.190167 -3.923455 4.325333
vertex 0.812797 -2.679433 3.964968
endloop
endfacet
facet normal -0.0649801 0.259415 0.963578
outer loop
vertex 0.799870 -4.021220 4.325333
vertex 0.812797 -2.679433 3.964968
vertex 0.546253 -2.746199 3.964968
endloop
endfacet
facet normal -0.0900942 0.251796 0.963578
outer loop
vertex 1.190167 -3.923455 4.325333
vertex 1.569002 -3.787906 4.325333
vertex 1.071514 -2.586863 3.964968
endloop
endfacet
facet normal -0.090094 0.251796 0.963578
outer loop
vertex 1.190167 -3.923455 4.325333
vertex 1.071514 -2.586863 3.964968
vertex 0.812797 -2.679433 3.964968
endloop
endfacet
facet normal -0.114341 0.241753 0.963578
outer loop
vertex 1.569002 -3.787906 4.325333
vertex 1.932727 -3.615877 4.325333
vertex 1.319911 -2.469379 3.964968
endloop
endfacet
facet normal -0.114341 0.241753 0.963577
outer loop
vertex 1.569002 -3.787906 4.325333
vertex 1.319911 -2.469379 3.964968
vertex 1.071514 -2.586863 3.964968
endloop
endfacet
facet normal -0.137486 0.229382 0.963578
outer loop
vertex 1.932727 -3.615877 4.325333
vertex 2.277838 -3.409025 4.325333
vertex 1.555597 -2.328115 3.964968
endloop
endfacet
facet normal -0.137486 0.229382 0.963578
outer loop
vertex 1.932727 -3.615877 4.325333
vertex 1.555597 -2.328115 3.964968
vertex 1.319911 -2.469379 3.964968
endloop
endfacet
facet normal -0.159308 0.214801 0.963578
outer loop
vertex 2.277838 -3.409025 4.325333
vertex 2.601012 -3.169343 4.325333
vertex 1.776301 -2.164429 3.964968
endloop
endfacet
facet normal -0.159308 0.214801 0.963578
outer loop
vertex 2.277838 -3.409025 4.325333
vertex 1.776301 -2.164429 3.964968
vertex 1.555597 -2.328115 3.964968
endloop
endfacet
facet normal -0.179595 0.198152 0.963578
outer loop
vertex 2.601012 -3.169343 4.325333
vertex 2.899138 -2.899138 4.325333
vertex 1.979899 -1.979899 3.964968
endloop
endfacet
facet normal -0.179595 0.198152 0.963578
outer loop
vertex 2.601012 -3.169343 4.325333
vertex 1.979899 -1.979899 3.964968
vertex 1.776301 -2.164429 3.964968
endloop
endfacet
facet normal -0.198152 0.179595 0.963578
outer loop
vertex 2.899138 -2.899138 4.325333
vertex 3.169343 -2.601012 4.325333
vertex 2.164429 -1.776301 3.964968
endloop
endfacet
facet normal -0.198152 0.179595 0.963578
outer loop
vertex 2.899138 -2.899138 4.325333
vertex 2.164429 -1.776301 3.964968
vertex 1.979899 -1.979899 3.964968
endloop
endfacet
facet normal -0.214801 0.159308 0.963578
outer loop
vertex 3.169343 -2.601012 4.325333
vertex 3.409025 -2.277838 4.325333
vertex 2.328115 -1.555597 3.964968
endloop
endfacet
facet normal -0.214801 0.159308 0.963578
outer loop
vertex 3.169343 -2.601012 4.325333
vertex 2.328115 -1.555597 3.964968
vertex 2.164429 -1.776301 3.964968
endloop
endfacet
facet normal -0.229382 0.137486 0.963578
outer loop
vertex 3.409025 -2.277838 4.325333
vertex 3.615877 -1.932727 4.325333
vertex 2.469379 -1.319911 3.964968
endloop
endfacet
facet normal -0.229382 0.137486 0.963577
outer loop
vertex 3.409025 -2.277838 4.325333
vertex 2.469379 -1.319911 3.964968
vertex 2.328115 -1.555597 3.964968
endloop
endfacet
facet normal -0.241753 0.114341 0.963578
outer loop
vertex 3.615877 -1.932727 4.325333
vertex 3.787906 -1.569002 4.325333
vertex 2.586863 -1.071514 3.964968
endloop
endfacet
facet normal -0.241753 0.114341 0.963577
outer loop
vertex 3.615877 -1.932727 4.325333
vertex 2.586863 -1.071514 3.964968
vertex 2.469379 -1.319911 3.964968
endloop
endfacet
facet normal -0.251796 0.0900942 0.963578
outer loop
vertex 3.787906 -1.569002 4.325333
vertex 3.923455 -1.190167 4.325333
vertex 2.679433 -0.812797 3.964968
endloop
endfacet
facet normal -0.251796 0.0900941 0.963578
outer loop
vertex 3.787906 -1.569002 4.325333
vertex 2.679433 -0.812797 3.964968
vertex 2.586863 -1.071514 3.964968
endloop
endfacet
facet normal -0.259415 0.06498 0.963578
outer loop
vertex 3.923455 -1.190167 4.325333
vertex 4.021220 -0.799870 4.325333
vertex 2.746199 -0.546253 3.964968
endloop
endfacet
facet normal -0.259415 0.0649801 0.963577
outer loop
vertex 3.923455 -1.190167 4.325333
vertex 2.746199 -0.546253 3.964968
vertex 2.679433 -0.812797 3.964968
endloop
endfacet
facet normal -0.264535 0.03924 0.963578
outer loop
vertex 4.021220 -0.799870 4.325333
vertex 4.080257 -0.401870 4.325333
vertex 2.786517 -0.274448 3.964968
endloop
endfacet
facet normal -0.264535 0.0392399 0.963578
outer loop
vertex 4.021220 -0.799870 4.325333
vertex 2.786517 -0.274448 3.964968
vertex 2.746199 -0.546253 3.964968
endloop
endfacet
facet normal -0.267107 0.013122 0.963578
outer loop
vertex 4.080257 -0.401870 4.325333
vertex 4.100000 -0.000000 4.325333
vertex 2.800000 0.000000 3.964968
endloop
endfacet
facet normal -0.267107 0.0131222 0.963578
outer loop
vertex 4.080257 -0.401870 4.325333
vertex 2.800000 0.000000 3.964968
vertex 2.786517 -0.274448 3.964968
endloop
endfacet
facet normal -0.166375 -0.0081735 0.986029
outer loop
vertex 1.445118 0.000000 3.736355
vertex 2.800000 0.000000 3.964968
vertex 2.786517 0.274448 3.964968
endloop
endfacet
facet normal -0.166376 -0.00817347 0.986029
outer loop
vertex 2.786517 0.274448 3.964968
vertex 1.568221 0.154456 3.758407
vertex 1.562385 0.142933 3.757326
endloop
endfacet
facet normal -0.166375 -0.00817596 0.986029
outer loop
vertex 1.482402 0.034956 3.742936
vertex 1.445118 0.000000 3.736355
vertex 2.786517 0.274448 3.964968
endloop
endfacet
facet normal -0.166376 -0.00817238 0.986029
outer loop
vertex 2.786517 0.274448 3.964968
vertex 1.562385 0.142933 3.757326
vertex 1.482402 0.034956 3.742936
endloop
endfacet
facet normal -0.164773 -0.0244406 0.986029
outer loop
vertex 1.614915 0.246653 3.768495
vertex 1.568221 0.154456 3.758407
vertex 2.786517 0.274448 3.964968
endloop
endfacet
facet normal -0.164773 -0.0244417 0.986029
outer loop
vertex 2.786517 0.274448 3.964968
vertex 2.746199 0.546253 3.964968
vertex 1.642357 0.326685 3.775064
endloop
endfacet
facet normal -0.164773 -0.0244426 0.986029
outer loop
vertex 2.786517 0.274448 3.964968
vertex 1.642357 0.326685 3.775064
vertex 1.614915 0.246653 3.768495
endloop
endfacet
facet normal -0.161584 -0.0404748 0.986029
outer loop
vertex 1.642357 0.326685 3.775064
vertex 2.746199 0.546253 3.964968
vertex 2.679433 0.812797 3.964968
endloop
endfacet
facet normal -0.161584 -0.0404744 0.986029
outer loop
vertex 2.679433 0.812797 3.964968
vertex 1.666715 0.505592 3.786400
vertex 1.666205 0.448092 3.783956
endloop
endfacet
facet normal -0.161569 -0.0405082 0.98603
outer loop
vertex 1.643640 0.330428 3.775429
vertex 1.642357 0.326685 3.775064
vertex 2.679433 0.812797 3.964968
endloop
endfacet
facet normal -0.161584 -0.0404752 0.986029
outer loop
vertex 2.679433 0.812797 3.964968
vertex 1.666205 0.448092 3.783956
vertex 1.643640 0.330428 3.775429
endloop
endfacet
facet normal -0.156839 -0.0561177 0.986029
outer loop
vertex 1.666715 0.505592 3.786400
vertex 2.679433 0.812797 3.964968
vertex 2.586863 1.071514 3.964968
endloop
endfacet
facet normal -0.156839 -0.0561178 0.986029
outer loop
vertex 1.666715 0.505592 3.786400
vertex 2.586863 1.071514 3.964968
vertex 1.668359 0.691057 3.797217
endloop
endfacet
facet normal -0.150578 -0.0712176 0.98603
outer loop
vertex 1.234690 0.659955 3.728742
vertex 1.242156 0.644169 3.728742
vertex 1.242589 0.664178 3.730253
endloop
endfacet
facet normal -0.150583 -0.0712204 0.986029
outer loop
vertex 1.790849 0.852184 3.827561
vertex 1.669402 0.808754 3.805877
vertex 1.668359 0.691057 3.797217
endloop
endfacet
facet normal -0.150583 -0.0712205 0.986029
outer loop
vertex 1.668359 0.691057 3.797217
vertex 2.586863 1.071514 3.964968
vertex 2.469379 1.319911 3.964968
endloop
endfacet
facet normal -0.150584 -0.0712191 0.986029
outer loop
vertex 2.469379 1.319911 3.964968
vertex 2.124947 1.135808 3.899070
vertex 2.101952 1.099767 3.892955
endloop
endfacet
facet normal -0.150583 -0.0712211 0.986029
outer loop
vertex 2.469379 1.319911 3.964968
vertex 2.101952 1.099767 3.892955
vertex 2.012435 1.000393 3.872106
endloop
endfacet
facet normal -0.150582 -0.0712212 0.986029
outer loop
vertex 1.907782 0.917108 3.850108
vertex 1.790849 0.852184 3.827561
vertex 1.668359 0.691057 3.797217
endloop
endfacet
facet normal -0.150581 -0.0712236 0.986029
outer loop
vertex 2.469379 1.319911 3.964968
vertex 2.012435 1.000393 3.872106
vertex 1.907782 0.917108 3.850108
endloop
endfacet
facet normal -0.150583 -0.07122 0.986029
outer loop
vertex 1.668359 0.691057 3.797217
vertex 2.469379 1.319911 3.964968
vertex 1.907782 0.917108 3.850108
endloop
endfacet
facet normal -0.142881 -0.0856311 0.986029
outer loop
vertex 1.245718 0.808754 3.743263
vertex 1.222703 0.816984 3.740643
vertex 1.164057 0.777798 3.728742
endloop
endfacet
facet normal -0.142872 -0.085634 0.98603
outer loop
vertex 1.164057 0.777798 3.728742
vertex 1.234690 0.659955 3.728742
vertex 1.242589 0.664178 3.730253
endloop
endfacet
facet normal -0.142878 -0.0856382 0.986028
outer loop
vertex 1.164057 0.777798 3.728742
vertex 1.242589 0.664178 3.730253
vertex 1.245718 0.808754 3.743263
endloop
endfacet
facet normal -0.142878 -0.0856374 0.986028
outer loop
vertex 2.469379 1.319911 3.964968
vertex 2.328115 1.555597 3.964968
vertex 2.261283 1.510941 3.951406
endloop
endfacet
facet normal -0.142876 -0.0856362 0.986029
outer loop
vertex 2.469379 1.319911 3.964968
vertex 2.261283 1.510941 3.951406
vertex 2.257722 1.465578 3.946950
endloop
endfacet
facet normal -0.142878 -0.0856362 0.986029
outer loop
vertex 2.173891 1.212519 3.912824
vertex 2.124947 1.135808 3.899070
vertex 2.469379 1.319911 3.964968
endloop
endfacet
facet normal -0.142877 -0.0856376 0.986029
outer loop
vertex 2.469379 1.319911 3.964968
vertex 2.257722 1.465578 3.946950
vertex 2.226291 1.335575 3.931104
endloop
endfacet
facet normal -0.142877 -0.0856367 0.986029
outer loop
vertex 2.469379 1.319911 3.964968
vertex 2.226291 1.335575 3.931104
vertex 2.173891 1.212519 3.912824
endloop
endfacet
facet normal -0.133799 -0.0992269 0.986028
outer loop
vertex 1.778454 1.380584 3.872772
vertex 1.808585 1.436260 3.882463
vertex 1.827498 1.499789 3.891423
endloop
endfacet
facet normal -0.133791 -0.0992337 0.986029
outer loop
vertex 1.827498 1.499789 3.891423
vertex 1.472110 1.208130 3.813848
vertex 1.520651 1.212152 3.820840
endloop
endfacet
facet normal -0.133798 -0.0992229 0.986029
outer loop
vertex 1.520651 1.212152 3.820840
vertex 1.582020 1.227693 3.830731
vertex 1.667210 1.269340 3.846482
endloop
endfacet
facet normal -0.133798 -0.0992271 0.986028
outer loop
vertex 1.667210 1.269340 3.846482
vertex 1.739570 1.330626 3.862468
vertex 1.778454 1.380584 3.872772
endloop
endfacet
facet normal -0.133796 -0.0992281 0.986029
outer loop
vertex 1.778454 1.380584 3.872772
vertex 1.827498 1.499789 3.891423
vertex 1.520651 1.212152 3.820840
endloop
endfacet
facet normal -0.133795 -0.0992297 0.986029
outer loop
vertex 1.520651 1.212152 3.820840
vertex 1.667210 1.269340 3.846482
vertex 1.778454 1.380584 3.872772
endloop
endfacet
facet normal -0.133796 -0.0992296 0.986028
outer loop
vertex 2.261283 1.510941 3.951406
vertex 2.328115 1.555597 3.964968
vertex 2.267508 1.590234 3.960230
endloop
endfacet
facet normal -0.133796 -0.0992299 0.986028
outer loop
vertex 2.328115 1.555597 3.964968
vertex 2.265060 1.640616 3.964968
vertex 2.267508 1.590234 3.960230
endloop
endfacet
facet normal -0.133792 -0.0992269 0.986029
outer loop
vertex 1.124271 0.852184 3.730829
vertex 1.098121 0.866703 3.728742
vertex 1.164057 0.777798 3.728742
endloop
endfacet
facet normal -0.133795 -0.0992287 0.986029
outer loop
vertex 1.124271 0.852184 3.730829
vertex 1.164057 0.777798 3.728742
vertex 1.222703 0.816984 3.740643
endloop
endfacet
facet normal -0.123424 -0.111867 0.986028
outer loop
vertex 1.839560 1.621888 3.906785
vertex 1.829140 1.684331 3.912565
vertex 1.808585 1.744208 3.916785
endloop
endfacet
facet normal -0.123426 -0.111864 0.986029
outer loop
vertex 1.808585 1.744208 3.916785
vertex 1.785979 1.785979 3.918694
vertex 1.262303 1.262303 3.793732
endloop
endfacet
facet normal -0.123423 -0.111862 0.986029
outer loop
vertex 1.262303 1.262303 3.793732
vertex 1.333099 1.227693 3.798667
vertex 1.394469 1.212152 3.804586
endloop
endfacet
facet normal -0.123426 -0.111878 0.986027
outer loop
vertex 1.394469 1.212152 3.804586
vertex 1.457560 1.206924 3.811890
vertex 1.472110 1.208130 3.813848
endloop
endfacet
facet normal -0.123419 -0.111873 0.986029
outer loop
vertex 1.472110 1.208130 3.813848
vertex 1.827498 1.499789 3.891423
vertex 1.835642 1.527144 3.895545
endloop
endfacet
facet normal -0.123414 -0.111865 0.98603
outer loop
vertex 1.835642 1.527144 3.895545
vertex 1.839560 1.621888 3.906785
vertex 1.808585 1.744208 3.916785
endloop
endfacet
facet normal -0.123425 -0.111866 0.986029
outer loop
vertex 1.808585 1.744208 3.916785
vertex 1.262303 1.262303 3.793732
vertex 1.394469 1.212152 3.804586
endloop
endfacet
facet normal -0.123425 -0.111865 0.986029
outer loop
vertex 1.394469 1.212152 3.804586
vertex 1.472110 1.208130 3.813848
vertex 1.835642 1.527144 3.895545
endloop
endfacet
facet normal -0.123425 -0.111866 0.986029
outer loop
vertex 1.808585 1.744208 3.916785
vertex 1.394469 1.212152 3.804586
vertex 1.835642 1.527144 3.895545
endloop
endfacet
facet normal -0.111869 -0.123428 0.986028
outer loop
vertex 1.778454 1.799885 3.919581
vertex 1.739570 1.849843 3.921423
vertex 1.667210 1.911128 3.920885
endloop
endfacet
facet normal -0.111866 -0.123424 0.986029
outer loop
vertex 1.667210 1.911128 3.920885
vertex 1.596708 1.945594 3.917201
vertex 1.135216 1.383264 3.794455
endloop
endfacet
facet normal -0.111879 -0.123435 0.986026
outer loop
vertex 1.135216 1.383264 3.794455
vertex 1.136666 1.380584 3.794284
vertex 1.175550 1.330626 3.792442
endloop
endfacet
facet normal -0.111867 -0.123425 0.986028
outer loop
vertex 1.175550 1.330626 3.792442
vertex 1.247909 1.269340 3.792980
vertex 1.262303 1.262303 3.793732
endloop
endfacet
facet normal -0.111863 -0.123428 0.986028
outer loop
vertex 1.262303 1.262303 3.793732
vertex 1.785979 1.785979 3.918694
vertex 1.778454 1.799885 3.919581
endloop
endfacet
facet normal -0.111866 -0.123424 0.986029
outer loop
vertex 1.778454 1.799885 3.919581
vertex 1.667210 1.911128 3.920885
vertex 1.135216 1.383264 3.794455
endloop
endfacet
facet normal -0.111869 -0.123428 0.986028
outer loop
vertex 1.135216 1.383264 3.794455
vertex 1.175550 1.330626 3.792442
vertex 1.262303 1.262303 3.793732
endloop
endfacet
facet normal -0.111866 -0.123424 0.986029
outer loop
vertex 1.135216 1.383264 3.794455
vertex 1.262303 1.262303 3.793732
vertex 1.778454 1.799885 3.919581
endloop
endfacet
facet normal -0.0992296 -0.133799 0.986028
outer loop
vertex 1.520651 1.968316 3.912630
vertex 1.457560 1.973544 3.906990
vertex 1.394469 1.968316 3.899931
endloop
endfacet
facet normal -0.099254 -0.133723 0.986036
outer loop
vertex 1.394469 1.968316 3.899931
vertex 1.303586 1.941259 3.887114
vertex 1.293438 1.935767 3.885348
endloop
endfacet
facet normal -0.0992282 -0.133796 0.986029
outer loop
vertex 1.293438 1.935767 3.885348
vertex 1.075905 1.610206 3.819280
vertex 1.074250 1.590234 3.816404
endloop
endfacet
facet normal -0.0992191 -0.133792 0.98603
outer loop
vertex 1.074250 1.590234 3.816404
vertex 1.079478 1.527144 3.808369
vertex 1.106535 1.436260 3.798760
endloop
endfacet
facet normal -0.0992275 -0.133797 0.986029
outer loop
vertex 1.106535 1.436260 3.798760
vertex 1.135216 1.383264 3.794455
vertex 1.596708 1.945594 3.917201
endloop
endfacet
facet normal -0.0992245 -0.133787 0.98603
outer loop
vertex 1.596708 1.945594 3.917201
vertex 1.582020 1.952775 3.916697
vertex 1.520651 1.968316 3.912630
endloop
endfacet
facet normal -0.0992297 -0.133795 0.986029
outer loop
vertex 1.520651 1.968316 3.912630
vertex 1.394469 1.968316 3.899931
vertex 1.293438 1.935767 3.885348
endloop
endfacet
facet normal -0.0992312 -0.133794 0.986029
outer loop
vertex 1.293438 1.935767 3.885348
vertex 1.074250 1.590234 3.816404
vertex 1.106535 1.436260 3.798760
endloop
endfacet
facet normal -0.0992272 -0.133797 0.986029
outer loop
vertex 1.106535 1.436260 3.798760
vertex 1.596708 1.945594 3.917201
vertex 1.520651 1.968316 3.912630
endloop
endfacet
facet normal -0.0992297 -0.133795 0.986029
outer loop
vertex 1.293438 1.935767 3.885348
vertex 1.106535 1.436260 3.798760
vertex 1.520651 1.968316 3.912630
endloop
endfacet
facet normal -0.0856365 -0.142878 0.986029
outer loop
vertex 0.699936 1.309488 3.743053
vertex 0.659955 1.234690 3.728742
vertex 0.741228 1.212519 3.732588
endloop
endfacet
facet normal -0.0856356 -0.142875 0.986029
outer loop
vertex 0.659955 1.234690 3.728742
vertex 0.768650 1.169541 3.728742
vertex 0.741228 1.212519 3.732588
endloop
endfacet
facet normal -0.0856379 -0.142878 0.986028
outer loop
vertex 1.437253 2.399047 3.964968
vertex 1.319911 2.469379 3.964968
vertex 1.332903 2.390397 3.954652
endloop
endfacet
facet normal -0.0856344 -0.142878 0.986029
outer loop
vertex 1.319911 2.469379 3.964968
vertex 1.270723 2.377356 3.947362
vertex 1.332903 2.390397 3.954652
endloop
endfacet
facet normal -0.0856465 -0.14287 0.986029
outer loop
vertex 1.197951 1.872244 3.867850
vertex 1.136666 1.799885 3.852042
vertex 1.106535 1.744208 3.841358
endloop
endfacet
facet normal -0.0856417 -0.142877 0.986028
outer loop
vertex 1.106535 1.744208 3.841358
vertex 1.079478 1.653325 3.825839
vertex 1.075905 1.610206 3.819280
endloop
endfacet
facet normal -0.085635 -0.142879 0.986029
outer loop
vertex 1.075905 1.610206 3.819280
vertex 1.293438 1.935767 3.885348
vertex 1.247909 1.911128 3.877823
endloop
endfacet
facet normal -0.0856398 -0.142875 0.986029
outer loop
vertex 1.247909 1.911128 3.877823
vertex 1.197951 1.872244 3.867850
vertex 1.106535 1.744208 3.841358
endloop
endfacet
facet normal -0.0856353 -0.142879 0.986029
outer loop
vertex 1.106535 1.744208 3.841358
vertex 1.075905 1.610206 3.819280
vertex 1.247909 1.911128 3.877823
endloop
endfacet
facet normal -0.0712203 -0.150583 0.986029
outer loop
vertex 0.657397 1.465578 3.763818
vertex 0.649007 1.566841 3.778676
vertex 0.535757 1.293431 3.728742
endloop
endfacet
facet normal -0.0712207 -0.150583 0.986029
outer loop
vertex 0.535757 1.293431 3.728742
vertex 0.659955 1.234690 3.728742
vertex 0.699936 1.309488 3.743053
endloop
endfacet
facet normal -0.0712204 -0.150583 0.986029
outer loop
vertex 0.688828 1.335575 3.746234
vertex 0.657397 1.465578 3.763818
vertex 0.535757 1.293431 3.728742
endloop
endfacet
facet normal -0.071221 -0.150581 0.986029
outer loop
vertex 0.535757 1.293431 3.728742
vertex 0.699936 1.309488 3.743053
vertex 0.688828 1.335575 3.746234
endloop
endfacet
facet normal -0.0712239 -0.15058 0.986029
outer loop
vertex 1.250232 2.373058 3.945225
vertex 1.270723 2.377356 3.947362
vertex 1.319911 2.469379 3.964968
endloop
endfacet
facet normal -0.0712204 -0.150583 0.986029
outer loop
vertex 1.071514 2.586863 3.964968
vertex 0.900654 2.174371 3.889632
vertex 0.953238 2.223841 3.900985
endloop
endfacet
facet normal -0.0712201 -0.150583 0.986029
outer loop
vertex 1.071514 2.586863 3.964968
vertex 0.953238 2.223841 3.900985
vertex 1.064404 2.298208 3.920372
endloop
endfacet
facet normal -0.0712205 -0.150583 0.986029
outer loop
vertex 1.250232 2.373058 3.945225
vertex 1.319911 2.469379 3.964968
vertex 1.071514 2.586863 3.964968
endloop
endfacet
facet normal -0.0712204 -0.150583 0.986029
outer loop
vertex 1.071514 2.586863 3.964968
vertex 1.064404 2.298208 3.920372
vertex 1.140350 2.335336 3.931528
endloop
endfacet
facet normal -0.0712212 -0.150583 0.986029
outer loop
vertex 1.071514 2.586863 3.964968
vertex 1.140350 2.335336 3.931528
vertex 1.250232 2.373058 3.945225
endloop
endfacet
facet normal -0.0561195 -0.156838 0.986029
outer loop
vertex 0.855871 2.132240 3.880382
vertex 0.900654 2.174371 3.889632
vertex 1.071514 2.586863 3.964968
endloop
endfacet
facet normal -0.0561177 -0.156839 0.986029
outer loop
vertex 1.071514 2.586863 3.964968
vertex 0.812797 2.679433 3.964968
vertex 0.406399 1.339716 3.728742
endloop
endfacet
facet normal -0.0561177 -0.156839 0.986029
outer loop
vertex 0.406399 1.339716 3.728742
vertex 0.535757 1.293431 3.728742
vertex 0.649007 1.566841 3.778676
endloop
endfacet
facet normal -0.0561216 -0.156835 0.986029
outer loop
vertex 0.406399 1.339716 3.728742
vertex 0.649007 1.566841 3.778676
vertex 0.647793 1.581488 3.780937
endloop
endfacet
facet normal -0.0561189 -0.156838 0.986029
outer loop
vertex 0.784434 2.040457 3.861717
vertex 0.855871 2.132240 3.880382
vertex 1.071514 2.586863 3.964968
endloop
endfacet
facet normal -0.0560707 -0.156864 0.986027
outer loop
vertex 0.719510 1.923523 3.839423
vertex 0.784434 2.040457 3.861717
vertex 1.071514 2.586863 3.964968
endloop
endfacet
facet normal -0.0561173 -0.156839 0.986029
outer loop
vertex 0.406399 1.339716 3.728742
vertex 0.647793 1.581488 3.780937
vertex 0.657388 1.714826 3.802692
endloop
endfacet
facet normal -0.0561145 -0.156841 0.986028
outer loop
vertex 0.406399 1.339716 3.728742
vertex 0.657388 1.714826 3.802692
vertex 0.674736 1.797562 3.816839
endloop
endfacet
facet normal -0.0561592 -0.156816 0.98603
outer loop
vertex 0.719510 1.923523 3.839423
vertex 1.071514 2.586863 3.964968
vertex 0.406399 1.339716 3.728742
endloop
endfacet
facet normal -0.0561177 -0.156839 0.986029
outer loop
vertex 0.406399 1.339716 3.728742
vertex 0.674736 1.797562 3.816839
vertex 0.719510 1.923523 3.839423
endloop
endfacet
facet normal -0.0404748 -0.161584 0.986029
outer loop
vertex 0.812797 2.679433 3.964968
vertex 0.546253 2.746199 3.964968
vertex 0.273126 1.373099 3.728742
endloop
endfacet
facet normal -0.0404748 -0.161584 0.986029
outer loop
vertex 0.812797 2.679433 3.964968
vertex 0.273126 1.373099 3.728742
vertex 0.406399 1.339716 3.728742
endloop
endfacet
facet normal -0.0244417 -0.164773 0.986029
outer loop
vertex 0.546253 2.746199 3.964968
vertex 0.274448 2.786517 3.964968
vertex 0.137224 1.393259 3.728742
endloop
endfacet
facet normal -0.0244417 -0.164773 0.986029
outer loop
vertex 0.546253 2.746199 3.964968
vertex 0.137224 1.393259 3.728742
vertex 0.273126 1.373099 3.728742
endloop
endfacet
facet normal -0.00817353 -0.166376 0.986029
outer loop
vertex 0.274448 2.786517 3.964968
vertex 0.000000 2.800000 3.964968
vertex 0.000000 1.400000 3.728742
endloop
endfacet
facet normal -0.00817349 -0.166376 0.986029
outer loop
vertex 0.274448 2.786517 3.964968
vertex 0.000000 1.400000 3.728742
vertex 0.137224 1.393259 3.728742
endloop
endfacet
facet normal 0.00817353 -0.166375 0.986029
outer loop
vertex 0.000000 2.800000 3.964968
vertex -0.274448 2.786517 3.964968
vertex -0.137224 1.393259 3.728742
endloop
endfacet
facet normal 0.00817349 -0.166375 0.986029
outer loop
vertex 0.000000 2.800000 3.964968
vertex -0.137224 1.393259 3.728742
vertex 0.000000 1.400000 3.728742
endloop
endfacet
facet normal 0.0244417 -0.164773 0.986029
outer loop
vertex -0.274448 2.786517 3.964968
vertex -0.546253 2.746199 3.964968
vertex -0.273126 1.373099 3.728742
endloop
endfacet
facet normal 0.0244417 -0.164773 0.986029
outer loop
vertex -0.274448 2.786517 3.964968
vertex -0.273126 1.373099 3.728742
vertex -0.137224 1.393259 3.728742
endloop
endfacet
facet normal 0.0404748 -0.161584 0.986029
outer loop
vertex -0.546253 2.746199 3.964968
vertex -0.812797 2.679433 3.964968
vertex -0.406399 1.339716 3.728742
endloop
endfacet
facet normal 0.0404749 -0.161584 0.986029
outer loop
vertex -0.546253 2.746199 3.964968
vertex -0.406399 1.339716 3.728742
vertex -0.273126 1.373099 3.728742
endloop
endfacet
facet normal 0.0561114 -0.156841 0.986029
outer loop
vertex -0.650013 1.599013 3.783851
vertex -0.651837 1.573674 3.779924
vertex -0.535757 1.293431 3.728742
endloop
endfacet
facet normal 0.0561177 -0.156839 0.986029
outer loop
vertex -0.535757 1.293431 3.728742
vertex -0.406399 1.339716 3.728742
vertex -0.812797 2.679433 3.964968
endloop
endfacet
facet normal 0.0561178 -0.156839 0.986029
outer loop
vertex -0.812797 2.679433 3.964968
vertex -1.071514 2.586863 3.964968
vertex -0.898679 2.169603 3.888762
endloop
endfacet
facet normal 0.0561169 -0.156839 0.986029
outer loop
vertex -0.812797 2.679433 3.964968
vertex -0.898679 2.169603 3.888762
vertex -0.858092 2.132240 3.880509
endloop
endfacet
facet normal 0.0561158 -0.156839 0.986029
outer loop
vertex -0.662509 1.732209 3.805748
vertex -0.650013 1.599013 3.783851
vertex -0.535757 1.293431 3.728742
endloop
endfacet
facet normal 0.0561136 -0.15684 0.986029
outer loop
vertex -0.691029 1.844831 3.825285
vertex -0.662509 1.732209 3.805748
vertex -0.535757 1.293431 3.728742
endloop
endfacet
facet normal 0.0561162 -0.156839 0.986029
outer loop
vertex -0.812797 2.679433 3.964968
vertex -0.858092 2.132240 3.880509
vertex -0.777087 2.025813 3.858970
endloop
endfacet
facet normal 0.0561203 -0.156839 0.986028
outer loop
vertex -0.812797 2.679433 3.964968
vertex -0.777087 2.025813 3.858970
vertex -0.714679 1.907444 3.836590
endloop
endfacet
facet normal 0.0561198 -0.156838 0.986029
outer loop
vertex -0.691029 1.844831 3.825285
vertex -0.535757 1.293431 3.728742
vertex -0.812797 2.679433 3.964968
endloop
endfacet
facet normal 0.0561051 -0.156841 0.986029
outer loop
vertex -0.812797 2.679433 3.964968
vertex -0.714679 1.907444 3.836590
vertex -0.691029 1.844831 3.825285
endloop
endfacet
facet normal 0.0712208 -0.150583 0.986028
outer loop
vertex -0.701172 1.311801 3.743495
vertex -0.659955 1.234690 3.728742
vertex -0.535757 1.293431 3.728742
endloop
endfacet
facet normal 0.0712217 -0.150582 0.986029
outer loop
vertex -0.535757 1.293431 3.728742
vertex -0.651837 1.573674 3.779924
vertex -0.659618 1.465578 3.763978
endloop
endfacet
facet normal 0.071221 -0.150582 0.986029
outer loop
vertex -0.691049 1.335575 3.746395
vertex -0.701172 1.311801 3.743495
vertex -0.535757 1.293431 3.728742
endloop
endfacet
facet normal 0.0712207 -0.150583 0.986029
outer loop
vertex -0.535757 1.293431 3.728742
vertex -0.659618 1.465578 3.763978
vertex -0.691049 1.335575 3.746395
endloop
endfacet
facet normal 0.0712208 -0.150583 0.986029
outer loop
vertex -1.071514 2.586863 3.964968
vertex -1.319911 2.469379 3.964968
vertex -1.269627 2.375305 3.946969
endloop
endfacet
facet normal 0.0712188 -0.150582 0.986029
outer loop
vertex -1.071514 2.586863 3.964968
vertex -1.269627 2.375305 3.946969
vertex -1.205184 2.358986 3.939822
endloop
endfacet
facet normal 0.0712214 -0.150583 0.986028
outer loop
vertex -0.969313 2.234626 3.903794
vertex -0.898679 2.169603 3.888762
vertex -1.071514 2.586863 3.964968
endloop
endfacet
facet normal 0.0712218 -0.150583 0.986028
outer loop
vertex -1.071514 2.586863 3.964968
vertex -1.205184 2.358986 3.939822
vertex -1.082124 2.306596 3.922933
endloop
endfacet
facet normal 0.0712202 -0.150583 0.986029
outer loop
vertex -1.071514 2.586863 3.964968
vertex -1.082124 2.306596 3.922933
vertex -0.969313 2.234626 3.903794
endloop
endfacet
facet normal 0.0856565 -0.142868 0.986028
outer loop
vertex -1.088200 1.684331 3.831089
vertex -1.122669 1.772669 3.846883
vertex -1.157295 1.825668 3.857570
endloop
endfacet
facet normal 0.085643 -0.142871 0.986029
outer loop
vertex -1.157295 1.825668 3.857570
vertex -1.224346 1.892719 3.873109
vertex -1.277345 1.927345 3.882730
endloop
endfacet
facet normal 0.085616 -0.142891 0.986028
outer loop
vertex -1.277345 1.927345 3.882730
vertex -1.292150 1.933839 3.884956
vertex -1.078126 1.613529 3.819955
endloop
endfacet
facet normal 0.0856938 -0.14287 0.986025
outer loop
vertex -1.078126 1.613529 3.819955
vertex -1.077780 1.621888 3.821136
vertex -1.088200 1.684331 3.831089
endloop
endfacet
facet normal 0.0856372 -0.142877 0.986029
outer loop
vertex -1.088200 1.684331 3.831089
vertex -1.157295 1.825668 3.857570
vertex -1.277345 1.927345 3.882730
endloop
endfacet
facet normal 0.085635 -0.142879 0.986029
outer loop
vertex -1.277345 1.927345 3.882730
vertex -1.078126 1.613529 3.819955
vertex -1.088200 1.684331 3.831089
endloop
endfacet
facet normal 0.0856378 -0.142878 0.986028
outer loop
vertex -1.319911 2.469379 3.964968
vertex -1.440472 2.397118 3.964968
vertex -1.384129 2.396507 3.959986
endloop
endfacet
facet normal 0.0856397 -0.142876 0.986028
outer loop
vertex -1.317806 2.387506 3.952922
vertex -1.269627 2.375305 3.946969
vertex -1.319911 2.469379 3.964968
endloop
endfacet
facet normal 0.0856356 -0.142876 0.986029
outer loop
vertex -1.319911 2.469379 3.964968
vertex -1.384129 2.396507 3.959986
vertex -1.317806 2.387506 3.952922
endloop
endfacet
facet normal 0.0856354 -0.142874 0.986029
outer loop
vertex -0.743449 1.212519 3.732781
vertex -0.772245 1.167386 3.728742
vertex -0.659955 1.234690 3.728742
endloop
endfacet
facet normal 0.0856364 -0.142878 0.986029
outer loop
vertex -0.743449 1.212519 3.732781
vertex -0.659955 1.234690 3.728742
vertex -0.701172 1.311801 3.743495
endloop
endfacet
facet normal 0.099229 -0.133805 0.986027
outer loop
vertex -1.396689 1.968316 3.900155
vertex -1.459780 1.973544 3.907213
vertex -1.553877 1.961815 3.915091
endloop
endfacet
facet normal 0.0992302 -0.133795 0.986029
outer loop
vertex -1.553877 1.961815 3.915091
vertex -1.596402 1.945222 3.917119
vertex -1.138181 1.386878 3.795244
endloop
endfacet
facet normal 0.0992179 -0.133792 0.98603
outer loop
vertex -1.138181 1.386878 3.795244
vertex -1.108755 1.436260 3.798983
vertex -1.081698 1.527144 3.808593
endloop
endfacet
facet normal 0.0992308 -0.133794 0.986029
outer loop
vertex -1.081698 1.527144 3.808593
vertex -1.078126 1.613529 3.819955
vertex -1.292150 1.933839 3.884956
endloop
endfacet
facet normal 0.0992339 -0.133787 0.986029
outer loop
vertex -1.292150 1.933839 3.884956
vertex -1.335320 1.952775 3.891870
vertex -1.396689 1.968316 3.900155
endloop
endfacet
facet normal 0.0992287 -0.133796 0.986029
outer loop
vertex -1.396689 1.968316 3.900155
vertex -1.553877 1.961815 3.915091
vertex -1.138181 1.386878 3.795244
endloop
endfacet
facet normal 0.0992277 -0.133796 0.986029
outer loop
vertex -1.138181 1.386878 3.795244
vertex -1.081698 1.527144 3.808593
vertex -1.292150 1.933839 3.884956
endloop
endfacet
facet normal 0.0992312 -0.133795 0.986028
outer loop
vertex -1.138181 1.386878 3.795244
vertex -1.292150 1.933839 3.884956
vertex -1.396689 1.968316 3.900155
endloop
endfacet
facet normal 0.111873 -0.123432 0.986027
outer loop
vertex -1.695214 1.892719 3.921758
vertex -1.762265 1.825668 3.920972
vertex -1.787319 1.787319 3.919014
endloop
endfacet
facet normal 0.111867 -0.123423 0.986029
outer loop
vertex -1.787319 1.787319 3.919014
vertex -1.263213 1.263213 3.793949
vertex -1.200172 1.308224 3.792431
endloop
endfacet
facet normal 0.111854 -0.123415 0.986031
outer loop
vertex -1.200172 1.308224 3.792431
vertex -1.157295 1.354801 3.793397
vertex -1.138181 1.386878 3.795244
endloop
endfacet
facet normal 0.111864 -0.123427 0.986029
outer loop
vertex -1.138181 1.386878 3.795244
vertex -1.596402 1.945222 3.917119
vertex -1.642215 1.927345 3.920079
endloop
endfacet
facet normal 0.111876 -0.123435 0.986026
outer loop
vertex -1.642215 1.927345 3.920079
vertex -1.695214 1.892719 3.921758
vertex -1.787319 1.787319 3.919014
endloop
endfacet
facet normal 0.111866 -0.123424 0.986029
outer loop
vertex -1.787319 1.787319 3.919014
vertex -1.200172 1.308224 3.792431
vertex -1.138181 1.386878 3.795244
endloop
endfacet
facet normal 0.111866 -0.123425 0.986029
outer loop
vertex -1.787319 1.787319 3.919014
vertex -1.138181 1.386878 3.795244
vertex -1.642215 1.927345 3.920079
endloop
endfacet
facet normal 0.123423 -0.111865 0.986029
outer loop
vertex -1.378328 1.256874 3.807639
vertex -1.331593 1.229147 3.798644
vertex -1.277345 1.253123 3.794574
endloop
endfacet
facet normal 0.123423 -0.111867 0.986029
outer loop
vertex -1.277345 1.253123 3.794574
vertex -1.263213 1.263213 3.793949
vertex -1.787319 1.787319 3.919014
endloop
endfacet
facet normal 0.123426 -0.111864 0.986029
outer loop
vertex -1.787319 1.787319 3.919014
vertex -1.796891 1.772669 3.918550
vertex -1.822321 1.714695 3.915156
endloop
endfacet
facet normal 0.123417 -0.111866 0.98603
outer loop
vertex -1.822321 1.714695 3.915156
vertex -1.837862 1.653325 3.910139
vertex -1.843090 1.590234 3.903635
endloop
endfacet
facet normal 0.123415 -0.111867 0.98603
outer loop
vertex -1.843090 1.590234 3.903635
vertex -1.837862 1.527144 3.895823
vertex -1.831836 1.503349 3.892370
endloop
endfacet
facet normal 0.123424 -0.111867 0.986029
outer loop
vertex -1.831836 1.503349 3.892370
vertex -1.533403 1.258431 3.827227
vertex -1.459936 1.273045 3.819689
endloop
endfacet
facet normal 0.123423 -0.111884 0.986027
outer loop
vertex -1.459936 1.273045 3.819689
vertex -1.378328 1.256874 3.807639
vertex -1.277345 1.253123 3.794574
endloop
endfacet
facet normal 0.123426 -0.111864 0.986029
outer loop
vertex -1.277345 1.253123 3.794574
vertex -1.787319 1.787319 3.919014
vertex -1.822321 1.714695 3.915156
endloop
endfacet
facet normal 0.123418 -0.111866 0.986029
outer loop
vertex -1.822321 1.714695 3.915156
vertex -1.843090 1.590234 3.903635
vertex -1.831836 1.503349 3.892370
endloop
endfacet
facet normal 0.123425 -0.111866 0.986029
outer loop
vertex -1.831836 1.503349 3.892370
vertex -1.459936 1.273045 3.819689
vertex -1.277345 1.253123 3.794574
endloop
endfacet
facet normal 0.123424 -0.111866 0.986028
outer loop
vertex -1.277345 1.253123 3.794574
vertex -1.822321 1.714695 3.915156
vertex -1.831836 1.503349 3.892370
endloop
endfacet
facet normal 0.133796 -0.0992302 0.986028
outer loop
vertex -2.267508 1.637316 3.964968
vertex -2.328115 1.555597 3.964968
vertex -2.267508 1.532146 3.954384
endloop
endfacet
facet normal 0.1338 -0.0992208 0.986029
outer loop
vertex -2.328115 1.555597 3.964968
vertex -2.265412 1.513700 3.952244
vertex -2.267508 1.532146 3.954384
endloop
endfacet
facet normal 0.133794 -0.0992311 0.986029
outer loop
vertex -1.796891 1.407799 3.878012
vertex -1.762265 1.354801 3.867980
vertex -1.719389 1.308224 3.857475
endloop
endfacet
facet normal 0.133799 -0.099223 0.986029
outer loop
vertex -1.719389 1.308224 3.857475
vertex -1.669431 1.269340 3.846783
vertex -1.587967 1.229147 3.831684
endloop
endfacet
facet normal 0.13381 -0.0992118 0.986028
outer loop
vertex -1.541232 1.256874 3.828133
vertex -1.533403 1.258431 3.827227
vertex -1.831836 1.503349 3.892370
endloop
endfacet
facet normal 0.133793 -0.0992328 0.986029
outer loop
vertex -1.719389 1.308224 3.857475
vertex -1.587967 1.229147 3.831684
vertex -1.541232 1.256874 3.828133
endloop
endfacet
facet normal 0.133796 -0.0992288 0.986028
outer loop
vertex -1.822321 1.465774 3.887297
vertex -1.796891 1.407799 3.878012
vertex -1.719389 1.308224 3.857475
endloop
endfacet
facet normal 0.133793 -0.0992314 0.986029
outer loop
vertex -1.541232 1.256874 3.828133
vertex -1.831836 1.503349 3.892370
vertex -1.822321 1.465774 3.887297
endloop
endfacet
facet normal 0.133794 -0.0992307 0.986029
outer loop
vertex -1.719389 1.308224 3.857475
vertex -1.541232 1.256874 3.828133
vertex -1.822321 1.465774 3.887297
endloop
endfacet
facet normal 0.133796 -0.0992309 0.986028
outer loop
vertex -1.223412 0.817458 3.740787
vertex -1.164057 0.777798 3.728742
vertex -1.126491 0.852184 3.731130
endloop
endfacet
facet normal 0.1338 -0.0992328 0.986028
outer loop
vertex -1.164057 0.777798 3.728742
vertex -1.096567 0.868798 3.728742
vertex -1.126491 0.852184 3.731130
endloop
endfacet
facet normal 0.142875 -0.0856359 0.986029
outer loop
vertex -1.246552 0.666296 3.731011
vertex -1.234690 0.659955 3.728742
vertex -1.164057 0.777798 3.728742
endloop
endfacet
facet normal 0.142876 -0.0856422 0.986028
outer loop
vertex -1.164057 0.777798 3.728742
vertex -1.223412 0.817458 3.740787
vertex -1.246552 0.809167 3.743420
endloop
endfacet
facet normal 0.142877 -0.0856376 0.986029
outer loop
vertex -1.164057 0.777798 3.728742
vertex -1.246552 0.809167 3.743420
vertex -1.246552 0.666296 3.731011
endloop
endfacet
facet normal 0.142875 -0.0856391 0.986029
outer loop
vertex -2.259952 1.465643 3.947278
vertex -2.265412 1.513700 3.952244
vertex -2.328115 1.555597 3.964968
endloop
endfacet
facet normal 0.142877 -0.085637 0.986029
outer loop
vertex -2.469379 1.319911 3.964968
vertex -2.129214 1.138089 3.899886
vertex -2.167754 1.197079 3.910594
endloop
endfacet
facet normal 0.142877 -0.0856372 0.986029
outer loop
vertex -2.228512 1.335575 3.931426
vertex -2.259952 1.465643 3.947278
vertex -2.328115 1.555597 3.964968
endloop
endfacet
facet normal 0.142877 -0.0856363 0.986029
outer loop
vertex -2.469379 1.319911 3.964968
vertex -2.167754 1.197079 3.910594
vertex -2.228512 1.335575 3.931426
endloop
endfacet
facet normal 0.142877 -0.0856372 0.986029
outer loop
vertex -2.328115 1.555597 3.964968
vertex -2.469379 1.319911 3.964968
vertex -2.228512 1.335575 3.931426
endloop
endfacet
facet normal 0.150583 -0.0712217 0.986029
outer loop
vertex -2.586863 1.071514 3.964968
vertex -1.673008 0.692983 3.798066
vertex -1.673008 0.809167 3.806458
endloop
endfacet
facet normal 0.150585 -0.0712132 0.986029
outer loop
vertex -2.586863 1.071514 3.964968
vertex -1.673008 0.809167 3.806458
vertex -1.837436 0.873873 3.836242
endloop
endfacet
facet normal 0.150583 -0.0712205 0.986029
outer loop
vertex -2.129214 1.138089 3.899886
vertex -2.469379 1.319911 3.964968
vertex -2.586863 1.071514 3.964968
endloop
endfacet
facet normal 0.150583 -0.0712254 0.986028
outer loop
vertex -2.104211 1.099819 3.893303
vertex -2.129214 1.138089 3.899886
vertex -2.586863 1.071514 3.964968
endloop
endfacet
facet normal 0.150583 -0.0712196 0.986029
outer loop
vertex -2.586863 1.071514 3.964968
vertex -1.837436 0.873873 3.836242
vertex -1.964051 0.956586 3.861553
endloop
endfacet
facet normal 0.150583 -0.0712204 0.986029
outer loop
vertex -2.061512 1.048278 3.883060
vertex -2.104211 1.099819 3.893303
vertex -2.586863 1.071514 3.964968
endloop
endfacet
facet normal 0.150583 -0.0712202 0.986029
outer loop
vertex -1.964051 0.956586 3.861553
vertex -2.061512 1.048278 3.883060
vertex -2.586863 1.071514 3.964968
endloop
endfacet
facet normal 0.150581 -0.0712196 0.986029
outer loop
vertex -1.234690 0.659955 3.728742
vertex -1.246552 0.666296 3.731011
vertex -1.246552 0.634875 3.728742
endloop
endfacet
facet normal 0.156839 -0.0561177 0.986029
outer loop
vertex -2.586863 1.071514 3.964968
vertex -2.679433 0.812797 3.964968
vertex -1.673008 0.507501 3.787510
endloop
endfacet
facet normal 0.156839 -0.0561174 0.986029
outer loop
vertex -2.586863 1.071514 3.964968
vertex -1.673008 0.507501 3.787510
vertex -1.673008 0.692983 3.798066
endloop
endfacet
facet normal 0.161584 -0.0404748 0.986029
outer loop
vertex -2.679433 0.812797 3.964968
vertex -2.746199 0.546253 3.964968
vertex -1.673008 0.332782 3.780338
endloop
endfacet
facet normal 0.161584 -0.0404745 0.986029
outer loop
vertex -2.679433 0.812797 3.964968
vertex -1.673008 0.332782 3.780338
vertex -1.673008 0.507501 3.787510
endloop
endfacet
facet normal 0.164773 -0.0244417 0.986029
outer loop
vertex -2.746199 0.546253 3.964968
vertex -2.786517 0.274448 3.964968
vertex -1.673008 0.164777 3.776173
endloop
endfacet
facet normal 0.164773 -0.0244428 0.986029
outer loop
vertex -2.746199 0.546253 3.964968
vertex -1.673008 0.164777 3.776173
vertex -1.673008 0.332782 3.780338
endloop
endfacet
facet normal 0.166376 -0.00817353 0.986029
outer loop
vertex -2.786517 0.274448 3.964968
vertex -2.800000 0.000000 3.964968
vertex -1.673008 0.000000 3.774807
endloop
endfacet
facet normal 0.166376 -0.0081736 0.986029
outer loop
vertex -2.786517 0.274448 3.964968
vertex -1.673008 0.000000 3.774807
vertex -1.673008 0.164777 3.776173
endloop
endfacet
facet normal 0.166376 0.00817353 0.986029
outer loop
vertex -2.800000 0.000000 3.964968
vertex -2.786517 -0.274448 3.964968
vertex -1.673008 -0.164777 3.776173
endloop
endfacet
facet normal 0.166376 0.00817361 0.986029
outer loop
vertex -2.800000 0.000000 3.964968
vertex -1.673008 -0.164777 3.776173
vertex -1.673008 0.000000 3.774807
endloop
endfacet
facet normal 0.164773 0.0244417 0.986029
outer loop
vertex -2.786517 -0.274448 3.964968
vertex -2.746199 -0.546253 3.964968
vertex -1.673008 -0.332782 3.780338
endloop
endfacet
facet normal 0.164773 0.0244427 0.986029
outer loop
vertex -2.786517 -0.274448 3.964968
vertex -1.673008 -0.332782 3.780338
vertex -1.673008 -0.164777 3.776173
endloop
endfacet
facet normal 0.161584 0.0404748 0.986029
outer loop
vertex -2.746199 -0.546253 3.964968
vertex -2.679433 -0.812797 3.964968
vertex -1.673008 -0.507501 3.787510
endloop
endfacet
facet normal 0.161584 0.0404744 0.986029
outer loop
vertex -2.746199 -0.546253 3.964968
vertex -1.673008 -0.507501 3.787510
vertex -1.673008 -0.332782 3.780338
endloop
endfacet
facet normal 0.156839 0.0561177 0.986029
outer loop
vertex -2.679433 -0.812797 3.964968
vertex -2.586863 -1.071514 3.964968
vertex -1.673008 -0.692983 3.798066
endloop
endfacet
facet normal 0.156839 0.0561174 0.986029
outer loop
vertex -2.679433 -0.812797 3.964968
vertex -1.673008 -0.692983 3.798066
vertex -1.673008 -0.507501 3.787510
endloop
endfacet
facet normal 0.15059 0.0712239 0.986027
outer loop
vertex -1.234690 -0.659955 3.728742
vertex -1.246536 -0.634909 3.728742
vertex -1.246539 -0.666289 3.731009
endloop
endfacet
facet normal 0.150583 0.0712206 0.986029
outer loop
vertex -1.673008 -0.692983 3.798066
vertex -2.586863 -1.071514 3.964968
vertex -2.469379 -1.319911 3.964968
endloop
endfacet
facet normal 0.150582 0.0712226 0.986029
outer loop
vertex -2.469379 -1.319911 3.964968
vertex -2.127124 -1.136972 3.899486
vertex -2.049622 -1.037397 3.880458
endloop
endfacet
facet normal 0.150585 0.0712168 0.986028
outer loop
vertex -2.469379 -1.319911 3.964968
vertex -2.049622 -1.037397 3.880458
vertex -1.950195 -0.947841 3.858805
endloop
endfacet
facet normal 0.150583 0.0712208 0.986028
outer loop
vertex -1.837436 -0.875911 3.836390
vertex -1.673008 -0.811205 3.806605
vertex -1.673008 -0.692983 3.798066
endloop
endfacet
facet normal 0.150581 0.071223 0.986029
outer loop
vertex -1.673008 -0.692983 3.798066
vertex -2.469379 -1.319911 3.964968
vertex -1.950195 -0.947841 3.858805
endloop
endfacet
facet normal 0.150582 0.0712225 0.986029
outer loop
vertex -1.950195 -0.947841 3.858805
vertex -1.837436 -0.875911 3.836390
vertex -1.673008 -0.692983 3.798066
endloop
endfacet
facet normal 0.142878 0.085635 0.986029
outer loop
vertex -2.142474 -1.156693 3.903423
vertex -2.127124 -1.136972 3.899486
vertex -2.469379 -1.319911 3.964968
endloop
endfacet
facet normal 0.142876 0.0856365 0.986029
outer loop
vertex -2.469379 -1.319911 3.964968
vertex -2.328115 -1.555597 3.964968
vertex -2.264191 -1.512884 3.951996
endloop
endfacet
facet normal 0.142877 0.0856372 0.986029
outer loop
vertex -2.469379 -1.319911 3.964968
vertex -2.264191 -1.512884 3.951996
vertex -2.246930 -1.402029 3.939867
endloop
endfacet
facet normal 0.142878 0.0856361 0.986029
outer loop
vertex -2.204857 -1.275002 3.922738
vertex -2.142474 -1.156693 3.903423
vertex -2.469379 -1.319911 3.964968
endloop
endfacet
facet normal 0.142877 0.0856384 0.986028
outer loop
vertex -2.469379 -1.319911 3.964968
vertex -2.246930 -1.402029 3.939867
vertex -2.204857 -1.275002 3.922738
endloop
endfacet
facet normal 0.142873 0.085636 0.986029
outer loop
vertex -1.246539 -0.666289 3.731009
vertex -1.246552 -0.811205 3.743597
vertex -1.226099 -0.819254 3.741332
endloop
endfacet
facet normal 0.142877 0.0856373 0.986029
outer loop
vertex -1.226099 -0.819254 3.741332
vertex -1.164057 -0.777798 3.728742
vertex -1.234690 -0.659955 3.728742
endloop
endfacet
facet normal 0.142886 0.0856376 0.986027
outer loop
vertex -1.226099 -0.819254 3.741332
vertex -1.234690 -0.659955 3.728742
vertex -1.246539 -0.666289 3.731009
endloop
endfacet
facet normal 0.133802 0.0992235 0.986028
outer loop
vertex -1.719389 -1.310262 3.857680
vertex -1.780674 -1.382622 3.873278
vertex -1.822321 -1.467812 3.887502
endloop
endfacet
facet normal 0.133789 0.0992366 0.986029
outer loop
vertex -1.822321 -1.467812 3.887502
vertex -1.831185 -1.502815 3.892227
vertex -1.535899 -1.260479 3.827772
endloop
endfacet
facet normal 0.133796 0.0992268 0.986029
outer loop
vertex -1.541520 -1.258774 3.828363
vertex -1.587951 -1.231179 3.831887
vertex -1.642215 -1.255161 3.841663
endloop
endfacet
facet normal 0.13378 0.09925 0.986029
outer loop
vertex -1.822321 -1.467812 3.887502
vertex -1.535899 -1.260479 3.827772
vertex -1.541520 -1.258774 3.828363
endloop
endfacet
facet normal 0.133798 0.0992264 0.986028
outer loop
vertex -1.642215 -1.255161 3.841663
vertex -1.719389 -1.310262 3.857680
vertex -1.822321 -1.467812 3.887502
endloop
endfacet
facet normal 0.133796 0.0992277 0.986029
outer loop
vertex -1.822321 -1.467812 3.887502
vertex -1.541520 -1.258774 3.828363
vertex -1.642215 -1.255161 3.841663
endloop
endfacet
facet normal 0.133794 0.0992285 0.986029
outer loop
vertex -2.328115 -1.555597 3.964968
vertex -2.267508 -1.637316 3.964968
vertex -2.267508 -1.534184 3.954589
endloop
endfacet
facet normal 0.133794 0.0992289 0.986029
outer loop
vertex -2.328115 -1.555597 3.964968
vertex -2.267508 -1.534184 3.954589
vertex -2.264191 -1.512884 3.951996
endloop
endfacet
facet normal 0.133795 0.0992295 0.986029
outer loop
vertex -1.164057 -0.777798 3.728742
vertex -1.226099 -0.819254 3.741332
vertex -1.095071 -0.870816 3.728742
endloop
endfacet
facet normal 0.123425 0.111864 0.986029
outer loop
vertex -1.277345 -1.255161 3.794805
vertex -1.331609 -1.231179 3.798876
vertex -1.378040 -1.258774 3.807819
endloop
endfacet
facet normal 0.123425 0.111867 0.986028
outer loop
vertex -1.277345 -1.255161 3.794805
vertex -1.378040 -1.258774 3.807819
vertex -1.418336 -1.270998 3.814250
endloop
endfacet
facet normal 0.123424 0.111867 0.986029
outer loop
vertex -1.788125 -1.788125 3.919206
vertex -1.263927 -1.263927 3.794120
vertex -1.277345 -1.255161 3.794805
endloop
endfacet
facet normal 0.123366 0.111842 0.986039
outer loop
vertex -1.831361 -1.686369 3.913074
vertex -1.796891 -1.774708 3.918781
vertex -1.788125 -1.788125 3.919206
endloop
endfacet
facet normal 0.123415 0.111866 0.98603
outer loop
vertex -1.837862 -1.529182 3.896055
vertex -1.841781 -1.623926 3.907294
vertex -1.831361 -1.686369 3.913074
endloop
endfacet
facet normal 0.123429 0.111861 0.986029
outer loop
vertex -1.535899 -1.260479 3.827772
vertex -1.831185 -1.502815 3.892227
vertex -1.837862 -1.529182 3.896055
endloop
endfacet
facet normal 0.123423 0.111868 0.986029
outer loop
vertex -1.501224 -1.270998 3.824625
vertex -1.535899 -1.260479 3.827772
vertex -1.837862 -1.529182 3.896055
endloop
endfacet
facet normal 0.123424 0.111866 0.986029
outer loop
vertex -1.837862 -1.529182 3.896055
vertex -1.831361 -1.686369 3.913074
vertex -1.788125 -1.788125 3.919206
endloop
endfacet
facet normal 0.123425 0.111865 0.986029
outer loop
vertex -1.788125 -1.788125 3.919206
vertex -1.277345 -1.255161 3.794805
vertex -1.418336 -1.270998 3.814250
endloop
endfacet
facet normal 0.123426 0.111864 0.986029
outer loop
vertex -1.418336 -1.270998 3.814250
vertex -1.501224 -1.270998 3.824625
vertex -1.837862 -1.529182 3.896055
endloop
endfacet
facet normal 0.123425 0.111866 0.986029
outer loop
vertex -1.418336 -1.270998 3.814250
vertex -1.837862 -1.529182 3.896055
vertex -1.788125 -1.788125 3.919206
endloop
endfacet
facet normal 0.111876 0.123436 0.986026
outer loop
vertex -1.762265 -1.827706 3.921227
vertex -1.719389 -1.874282 3.922193
vertex -1.642215 -1.929383 3.920334
endloop
endfacet
facet normal 0.111863 0.123427 0.986029
outer loop
vertex -1.642215 -1.929383 3.920334
vertex -1.598971 -1.948352 3.917803
vertex -1.137896 -1.386531 3.795168
endloop
endfacet
facet normal 0.111853 0.123411 0.986032
outer loop
vertex -1.137896 -1.386531 3.795168
vertex -1.157295 -1.356839 3.793652
vertex -1.224346 -1.289787 3.792866
endloop
endfacet
facet normal 0.111863 0.123428 0.986029
outer loop
vertex -1.224346 -1.289787 3.792866
vertex -1.263927 -1.263927 3.794120
vertex -1.788125 -1.788125 3.919206
endloop
endfacet
facet normal 0.111867 0.123424 0.986029
outer loop
vertex -1.788125 -1.788125 3.919206
vertex -1.762265 -1.827706 3.921227
vertex -1.642215 -1.929383 3.920334
endloop
endfacet
facet normal 0.111867 0.123424 0.986029
outer loop
vertex -1.642215 -1.929383 3.920334
vertex -1.137896 -1.386531 3.795168
vertex -1.224346 -1.289787 3.792866
endloop
endfacet
facet normal 0.111866 0.123424 0.986029
outer loop
vertex -1.642215 -1.929383 3.920334
vertex -1.224346 -1.289787 3.792866
vertex -1.788125 -1.788125 3.919206
endloop
endfacet
facet normal 0.099189 0.133779 0.986035
outer loop
vertex -1.088200 -1.498175 3.805316
vertex -1.122669 -1.409837 3.796798
vertex -1.137896 -1.386531 3.795168
endloop
endfacet
facet normal 0.0992273 0.133797 0.986028
outer loop
vertex -1.137896 -1.386531 3.795168
vertex -1.598971 -1.948352 3.917803
vertex -1.584241 -1.954813 3.917197
endloop
endfacet
facet normal 0.0992276 0.133776 0.986031
outer loop
vertex -1.584241 -1.954813 3.917197
vertex -1.491434 -1.974273 3.910498
vertex -1.428127 -1.974273 3.904127
endloop
endfacet
facet normal 0.0992309 0.133793 0.986029
outer loop
vertex -1.428127 -1.974273 3.904127
vertex -1.365683 -1.963853 3.896429
vertex -1.305806 -1.943297 3.887614
endloop
endfacet
facet normal 0.0992279 0.133796 0.986029
outer loop
vertex -1.305806 -1.943297 3.887614
vertex -1.293616 -1.936034 3.885401
vertex -1.080090 -1.616468 3.820551
endloop
endfacet
facet normal 0.0992146 0.133795 0.98603
outer loop
vertex -1.080090 -1.616468 3.820551
vertex -1.077780 -1.560619 3.812741
vertex -1.088200 -1.498175 3.805316
endloop
endfacet
facet normal 0.0992289 0.133796 0.986029
outer loop
vertex -1.088200 -1.498175 3.805316
vertex -1.137896 -1.386531 3.795168
vertex -1.584241 -1.954813 3.917197
endloop
endfacet
facet normal 0.0992299 0.133797 0.986028
outer loop
vertex -1.584241 -1.954813 3.917197
vertex -1.428127 -1.974273 3.904127
vertex -1.305806 -1.943297 3.887614
endloop
endfacet
facet normal 0.099228 0.133796 0.986029
outer loop
vertex -1.305806 -1.943297 3.887614
vertex -1.080090 -1.616468 3.820551
vertex -1.088200 -1.498175 3.805316
endloop
endfacet
facet normal 0.0992301 0.133795 0.986029
outer loop
vertex -1.584241 -1.954813 3.917197
vertex -1.305806 -1.943297 3.887614
vertex -1.088200 -1.498175 3.805316
endloop
endfacet
facet normal 0.0856361 0.142877 0.986029
outer loop
vertex -0.701831 -1.313034 3.743731
vertex -0.659955 -1.234690 3.728742
vertex -0.751806 -1.199117 3.731565
endloop
endfacet
facet normal 0.0856347 0.142873 0.986029
outer loop
vertex -0.659955 -1.234690 3.728742
vertex -0.770573 -1.168388 3.728742
vertex -0.751806 -1.199117 3.731565
endloop
endfacet
facet normal 0.0856369 0.142877 0.986029
outer loop
vertex -1.401692 -2.400000 3.962018
vertex -1.435663 -2.400000 3.964968
vertex -1.319911 -2.469379 3.964968
endloop
endfacet
facet normal 0.0856362 0.142877 0.986029
outer loop
vertex -1.319911 -2.469379 3.964968
vertex -1.269961 -2.375929 3.947089
vertex -1.335189 -2.392444 3.955147
endloop
endfacet
facet normal 0.0856373 0.142877 0.986029
outer loop
vertex -1.401692 -2.400000 3.962018
vertex -1.319911 -2.469379 3.964968
vertex -1.335189 -2.392444 3.955147
endloop
endfacet
facet normal 0.0856214 0.142886 0.986029
outer loop
vertex -1.177770 -1.851881 3.863146
vertex -1.122669 -1.774708 3.847178
vertex -1.097239 -1.716733 3.836569
endloop
endfacet
facet normal 0.0856626 0.142872 0.986027
outer loop
vertex -1.097239 -1.716733 3.836569
vertex -1.081698 -1.655363 3.826327
vertex -1.080090 -1.616468 3.820551
endloop
endfacet
facet normal 0.0856357 0.142878 0.986029
outer loop
vertex -1.080090 -1.616468 3.820551
vertex -1.293616 -1.936034 3.885401
vertex -1.224346 -1.894758 3.873405
endloop
endfacet
facet normal 0.0856435 0.142873 0.986029
outer loop
vertex -1.224346 -1.894758 3.873405
vertex -1.177770 -1.851881 3.863146
vertex -1.097239 -1.716733 3.836569
endloop
endfacet
facet normal 0.0856382 0.142876 0.986029
outer loop
vertex -1.097239 -1.716733 3.836569
vertex -1.080090 -1.616468 3.820551
vertex -1.224346 -1.894758 3.873405
endloop
endfacet
facet normal 0.0712199 0.150583 0.986029
outer loop
vertex -0.659608 -1.467681 3.764298
vertex -0.650994 -1.571638 3.779552
vertex -0.535757 -1.293431 3.728742
endloop
endfacet
facet normal 0.0712202 0.150582 0.986029
outer loop
vertex -0.535757 -1.293431 3.728742
vertex -0.659955 -1.234690 3.728742
vertex -0.701831 -1.313034 3.743731
endloop
endfacet
facet normal 0.0712199 0.150583 0.986029
outer loop
vertex -0.691049 -1.337613 3.746706
vertex -0.659608 -1.467681 3.764298
vertex -0.535757 -1.293431 3.728742
endloop
endfacet
facet normal 0.0712202 0.150582 0.986029
outer loop
vertex -0.535757 -1.293431 3.728742
vertex -0.701831 -1.313034 3.743731
vertex -0.691049 -1.337613 3.746706
endloop
endfacet
facet normal 0.0712214 0.150582 0.986029
outer loop
vertex -1.188577 -2.355324 3.938064
vertex -1.269961 -2.375929 3.947089
vertex -1.319911 -2.469379 3.964968
endloop
endfacet
facet normal 0.0712178 0.150585 0.986029
outer loop
vertex -1.071514 -2.586863 3.964968
vertex -0.901394 -2.176159 3.889959
vertex -0.917824 -2.194004 3.893871
endloop
endfacet
facet normal 0.0712228 0.150582 0.986029
outer loop
vertex -1.071514 -2.586863 3.964968
vertex -0.917824 -2.194004 3.893871
vertex -0.969365 -2.236704 3.904115
endloop
endfacet
facet normal 0.0712205 0.150583 0.986029
outer loop
vertex -1.188577 -2.355324 3.938064
vertex -1.319911 -2.469379 3.964968
vertex -1.071514 -2.586863 3.964968
endloop
endfacet
facet normal 0.0712194 0.150583 0.986029
outer loop
vertex -1.071514 -2.586863 3.964968
vertex -0.969365 -2.236704 3.904115
vertex -1.066625 -2.300246 3.920844
endloop
endfacet
facet normal 0.0712214 0.150583 0.986028
outer loop
vertex -1.071514 -2.586863 3.964968
vertex -1.066625 -2.300246 3.920844
vertex -1.188577 -2.355324 3.938064
endloop
endfacet
facet normal 0.0561182 0.156839 0.986029
outer loop
vertex -0.815388 -2.082740 3.870205
vertex -0.901394 -2.176159 3.889959
vertex -1.071514 -2.586863 3.964968
endloop
endfacet
facet normal 0.0561177 0.156839 0.986029
outer loop
vertex -1.071514 -2.586863 3.964968
vertex -0.812797 -2.679433 3.964968
vertex -0.406399 -1.339716 3.728742
endloop
endfacet
facet normal 0.0561177 0.156839 0.986029
outer loop
vertex -0.406399 -1.339716 3.728742
vertex -0.535757 -1.293431 3.728742
vertex -0.650994 -1.571638 3.779552
endloop
endfacet
facet normal 0.0561174 0.156839 0.986029
outer loop
vertex -0.406399 -1.339716 3.728742
vertex -0.650994 -1.571638 3.779552
vertex -0.650014 -1.583461 3.781377
endloop
endfacet
facet normal 0.056099 0.156848 0.986028
outer loop
vertex -0.777052 -2.027795 3.859283
vertex -0.815388 -2.082740 3.870205
vertex -1.071514 -2.586863 3.964968
endloop
endfacet
facet normal 0.0561747 0.156809 0.98603
outer loop
vertex -0.721758 -1.925621 3.839885
vertex -0.777052 -2.027795 3.859283
vertex -1.071514 -2.586863 3.964968
endloop
endfacet
facet normal 0.0561181 0.156839 0.986029
outer loop
vertex -0.406399 -1.339716 3.728742
vertex -0.650014 -1.583461 3.781377
vertex -0.652053 -1.650361 3.792134
endloop
endfacet
facet normal 0.0561194 0.156838 0.986029
outer loop
vertex -0.406399 -1.339716 3.728742
vertex -0.652053 -1.650361 3.792134
vertex -0.672645 -1.782580 3.814337
endloop
endfacet
facet normal 0.056116 0.15684 0.986029
outer loop
vertex -0.721758 -1.925621 3.839885
vertex -1.071514 -2.586863 3.964968
vertex -0.406399 -1.339716 3.728742
endloop
endfacet
facet normal 0.0561149 0.15684 0.986028
outer loop
vertex -0.406399 -1.339716 3.728742
vertex -0.672645 -1.782580 3.814337
vertex -0.721758 -1.925621 3.839885
endloop
endfacet
facet normal 0.0404748 0.161584 0.986029
outer loop
vertex -0.812797 -2.679433 3.964968
vertex -0.546253 -2.746199 3.964968
vertex -0.273126 -1.373099 3.728742
endloop
endfacet
facet normal 0.0404748 0.161584 0.986029
outer loop
vertex -0.812797 -2.679433 3.964968
vertex -0.273126 -1.373099 3.728742
vertex -0.406399 -1.339716 3.728742
endloop
endfacet
facet normal 0.0244417 0.164773 0.986029
outer loop
vertex -0.546253 -2.746199 3.964968
vertex -0.274448 -2.786517 3.964968
vertex -0.137224 -1.393259 3.728742
endloop
endfacet
facet normal 0.0244417 0.164773 0.986029
outer loop
vertex -0.546253 -2.746199 3.964968
vertex -0.137224 -1.393259 3.728742
vertex -0.273126 -1.373099 3.728742
endloop
endfacet
facet normal 0.00817353 0.166376 0.986029
outer loop
vertex -0.274448 -2.786517 3.964968
vertex -0.000000 -2.800000 3.964968
vertex -0.000000 -1.400000 3.728742
endloop
endfacet
facet normal 0.00817349 0.166376 0.986029
outer loop
vertex -0.274448 -2.786517 3.964968
vertex -0.000000 -1.400000 3.728742
vertex -0.137224 -1.393259 3.728742
endloop
endfacet
facet normal -0.00817353 0.166375 0.986029
outer loop
vertex -0.000000 -2.800000 3.964968
vertex 0.274448 -2.786517 3.964968
vertex 0.137224 -1.393259 3.728742
endloop
endfacet
facet normal -0.00817349 0.166375 0.986029
outer loop
vertex -0.000000 -2.800000 3.964968
vertex 0.137224 -1.393259 3.728742
vertex -0.000000 -1.400000 3.728742
endloop
endfacet
facet normal -0.0244417 0.164773 0.986029
outer loop
vertex 0.274448 -2.786517 3.964968
vertex 0.546253 -2.746199 3.964968
vertex 0.273126 -1.373099 3.728742
endloop
endfacet
facet normal -0.0244417 0.164773 0.986029
outer loop
vertex 0.274448 -2.786517 3.964968
vertex 0.273126 -1.373099 3.728742
vertex 0.137224 -1.393259 3.728742
endloop
endfacet
facet normal -0.0404748 0.161584 0.986029
outer loop
vertex 0.546253 -2.746199 3.964968
vertex 0.812797 -2.679433 3.964968
vertex 0.406399 -1.339716 3.728742
endloop
endfacet
facet normal -0.0404749 0.161584 0.986029
outer loop
vertex 0.546253 -2.746199 3.964968
vertex 0.406399 -1.339716 3.728742
vertex 0.273126 -1.373099 3.728742
endloop
endfacet
facet normal -0.0561177 0.156839 0.986029
outer loop
vertex 0.812797 -2.679433 3.964968
vertex 1.071514 -2.586863 3.964968
vertex 0.535757 -1.293431 3.728742
endloop
endfacet
facet normal -0.0561177 0.156839 0.986029
outer loop
vertex 0.812797 -2.679433 3.964968
vertex 0.535757 -1.293431 3.728742
vertex 0.406399 -1.339716 3.728742
endloop
endfacet
facet normal -0.0712206 0.150583 0.986029
outer loop
vertex 1.071514 -2.586863 3.964968
vertex 1.319911 -2.469379 3.964968
vertex 0.659955 -1.234690 3.728742
endloop
endfacet
facet normal -0.0712206 0.150583 0.986029
outer loop
vertex 1.071514 -2.586863 3.964968
vertex 0.659955 -1.234690 3.728742
vertex 0.535757 -1.293431 3.728742
endloop
endfacet
facet normal -0.0856372 0.142877 0.986029
outer loop
vertex 1.319911 -2.469379 3.964968
vertex 1.555597 -2.328115 3.964968
vertex 0.777798 -1.164057 3.728742
endloop
endfacet
facet normal -0.0856372 0.142877 0.986029
outer loop
vertex 1.319911 -2.469379 3.964968
vertex 0.777798 -1.164057 3.728742
vertex 0.659955 -1.234690 3.728742
endloop
endfacet
facet normal -0.0992294 0.133795 0.986029
outer loop
vertex 1.555597 -2.328115 3.964968
vertex 1.776301 -2.164429 3.964968
vertex 0.888151 -1.082215 3.728742
endloop
endfacet
facet normal -0.0992293 0.133795 0.986029
outer loop
vertex 1.555597 -2.328115 3.964968
vertex 0.888151 -1.082215 3.728742
vertex 0.777798 -1.164057 3.728742
endloop
endfacet
facet normal -0.111866 0.123425 0.986029
outer loop
vertex 1.776301 -2.164429 3.964968
vertex 1.979899 -1.979899 3.964968
vertex 0.989949 -0.989949 3.728742
endloop
endfacet
facet normal -0.111866 0.123425 0.986029
outer loop
vertex 1.776301 -2.164429 3.964968
vertex 0.989949 -0.989949 3.728742
vertex 0.888151 -1.082215 3.728742
endloop
endfacet
facet normal -0.123425 0.111866 0.986029
outer loop
vertex 1.979899 -1.979899 3.964968
vertex 2.164429 -1.776301 3.964968
vertex 1.082215 -0.888151 3.728742
endloop
endfacet
facet normal -0.123425 0.111866 0.986029
outer loop
vertex 1.979899 -1.979899 3.964968
vertex 1.082215 -0.888151 3.728742
vertex 0.989949 -0.989949 3.728742
endloop
endfacet
facet normal -0.133795 0.0992294 0.986029
outer loop
vertex 2.164429 -1.776301 3.964968
vertex 2.328115 -1.555597 3.964968
vertex 1.164057 -0.777798 3.728742
endloop
endfacet
facet normal -0.133795 0.0992294 0.986029
outer loop
vertex 2.164429 -1.776301 3.964968
vertex 1.164057 -0.777798 3.728742
vertex 1.082215 -0.888151 3.728742
endloop
endfacet
facet normal -0.142877 0.0856372 0.986029
outer loop
vertex 2.328115 -1.555597 3.964968
vertex 2.469379 -1.319911 3.964968
vertex 1.234690 -0.659955 3.728742
endloop
endfacet
facet normal -0.142877 0.0856372 0.986029
outer loop
vertex 2.328115 -1.555597 3.964968
vertex 1.234690 -0.659955 3.728742
vertex 1.164057 -0.777798 3.728742
endloop
endfacet
facet normal -0.150583 0.0712206 0.986029
outer loop
vertex 2.469379 -1.319911 3.964968
vertex 2.586863 -1.071514 3.964968
vertex 1.293431 -0.535757 3.728742
endloop
endfacet
facet normal -0.150583 0.0712206 0.986029
outer loop
vertex 2.469379 -1.319911 3.964968
vertex 1.293431 -0.535757 3.728742
vertex 1.234690 -0.659955 3.728742
endloop
endfacet
facet normal -0.156839 0.0561177 0.986029
outer loop
vertex 2.586863 -1.071514 3.964968
vertex 2.679433 -0.812797 3.964968
vertex 1.339716 -0.406399 3.728742
endloop
endfacet
facet normal -0.156839 0.0561177 0.986029
outer loop
vertex 2.586863 -1.071514 3.964968
vertex 1.339716 -0.406399 3.728742
vertex 1.293431 -0.535757 3.728742
endloop
endfacet
facet normal -0.161584 0.0404748 0.986029
outer loop
vertex 2.679433 -0.812797 3.964968
vertex 2.746199 -0.546253 3.964968
vertex 1.373099 -0.273126 3.728742
endloop
endfacet
facet normal -0.161584 0.0404748 0.986029
outer loop
vertex 2.679433 -0.812797 3.964968
vertex 1.373099 -0.273126 3.728742
vertex 1.339716 -0.406399 3.728742
endloop
endfacet
facet normal -0.164773 0.0244417 0.986029
outer loop
vertex 2.746199 -0.546253 3.964968
vertex 2.786517 -0.274448 3.964968
vertex 1.393259 -0.137224 3.728742
endloop
endfacet
facet normal -0.164773 0.0244417 0.986029
outer loop
vertex 2.746199 -0.546253 3.964968
vertex 1.393259 -0.137224 3.728742
vertex 1.373099 -0.273126 3.728742
endloop
endfacet
facet normal -0.166376 0.00817363 0.986029
outer loop
vertex 1.445118 0.000000 3.736355
vertex 1.397822 -0.044344 3.728742
vertex 1.393259 -0.137224 3.728742
endloop
endfacet
facet normal -0.166375 0.00817356 0.986029
outer loop
vertex 1.393259 -0.137224 3.728742
vertex 2.786517 -0.274448 3.964968
vertex 2.800000 0.000000 3.964968
endloop
endfacet
facet normal -0.166375 0.00817341 0.986029
outer loop
vertex 1.393259 -0.137224 3.728742
vertex 2.800000 0.000000 3.964968
vertex 1.445118 0.000000 3.736355
endloop
endfacet
facet normal -0.0564793 -0.0141478 0.998304
outer loop
vertex 1.195198 0.362559 3.719944
vertex 0.704326 0.213655 3.690063
vertex 0.957959 0.213915 3.704416
endloop
endfacet
facet normal -0.0564835 -0.014137 0.998303
outer loop
vertex 0.957959 0.213915 3.704416
vertex 1.043793 0.234533 3.709564
vertex 1.095197 0.260566 3.712842
endloop
endfacet
facet normal -0.056464 -0.0141633 0.998304
outer loop
vertex 1.095197 0.260566 3.712842
vertex 1.140891 0.295336 3.715919
vertex 1.179616 0.337706 3.718711
endloop
endfacet
facet normal -0.0564781 -0.0141498 0.998303
outer loop
vertex 1.179616 0.337706 3.718711
vertex 1.195198 0.362559 3.719944
vertex 0.957959 0.213915 3.704416
endloop
endfacet
facet normal -0.0564807 -0.014145 0.998303
outer loop
vertex 0.957959 0.213915 3.704416
vertex 1.095197 0.260566 3.712842
vertex 1.179616 0.337706 3.718711
endloop
endfacet
facet normal -0.0548362 -0.0196086 0.998303
outer loop
vertex 1.195198 0.362559 3.719944
vertex 1.210146 0.386401 3.721234
vertex 1.238363 0.468881 3.724404
endloop
endfacet
facet normal -0.0548207 -0.0196151 0.998304
outer loop
vertex 1.238363 0.468881 3.724404
vertex 1.239325 0.513345 3.725330
vertex 0.515341 0.213461 3.679681
endloop
endfacet
facet normal -0.0548207 -0.0196156 0.998304
outer loop
vertex 0.515341 0.213461 3.679681
vertex 0.704326 0.213655 3.690063
vertex 1.195198 0.362559 3.719944
endloop
endfacet
facet normal -0.0548208 -0.0196148 0.998304
outer loop
vertex 1.238363 0.468881 3.724404
vertex 0.515341 0.213461 3.679681
vertex 1.195198 0.362559 3.719944
endloop
endfacet
facet normal -0.0526345 -0.0248941 0.998304
outer loop
vertex 1.239325 0.513345 3.725330
vertex 1.242156 0.644169 3.728742
vertex 1.234690 0.659955 3.728742
endloop
endfacet
facet normal -0.0526339 -0.0248945 0.998304
outer loop
vertex 1.234690 0.659955 3.728742
vertex 0.399135 0.213342 3.673552
vertex 0.515341 0.213461 3.679681
endloop
endfacet
facet normal -0.0526341 -0.0248941 0.998303
outer loop
vertex 1.234690 0.659955 3.728742
vertex 0.515341 0.213461 3.679681
vertex 1.239325 0.513345 3.725330
endloop
endfacet
facet normal -0.0499406 -0.0299332 0.998303
outer loop
vertex 0.399135 0.213342 3.673552
vertex 1.234690 0.659955 3.728742
vertex 1.164057 0.777798 3.728742
endloop
endfacet
facet normal -0.0499391 -0.0299353 0.998304
outer loop
vertex 0.399135 0.213342 3.673552
vertex 1.164057 0.777798 3.728742
vertex 0.319166 0.213260 3.669549
endloop
endfacet
facet normal -0.0467677 -0.0346822 0.998304
outer loop
vertex 1.073045 0.880626 3.728051
vertex 0.259784 0.213199 3.666765
vertex 0.319166 0.213260 3.669549
endloop
endfacet
facet normal -0.046766 -0.0346841 0.998304
outer loop
vertex 0.319166 0.213260 3.669549
vertex 1.164057 0.777798 3.728742
vertex 1.098121 0.866703 3.728742
endloop
endfacet
facet normal -0.0467654 -0.0346849 0.998304
outer loop
vertex 0.319166 0.213260 3.669549
vertex 1.098121 0.866703 3.728742
vertex 1.073045 0.880626 3.728051
endloop
endfacet
facet normal -0.04314 -0.0391027 0.998304
outer loop
vertex 0.213151 0.213151 3.664748
vertex 0.259784 0.213199 3.666765
vertex 1.073045 0.880626 3.728051
endloop
endfacet
facet normal -0.0431406 -0.0391015 0.998304
outer loop
vertex 1.007338 0.917108 3.726640
vertex 0.957094 0.957094 3.726035
vertex 0.213151 0.213151 3.664748
endloop
endfacet
facet normal -0.0431424 -0.0390996 0.998304
outer loop
vertex 1.073045 0.880626 3.728051
vertex 1.007338 0.917108 3.726640
vertex 0.213151 0.213151 3.664748
endloop
endfacet
facet normal -0.0391035 -0.0431387 0.998304
outer loop
vertex 0.174897 0.213112 3.663248
vertex 0.213151 0.213151 3.664748
vertex 0.957094 0.957094 3.726035
endloop
endfacet
facet normal -0.0391001 -0.0431422 0.998304
outer loop
vertex 0.902685 1.000393 3.725775
vertex 0.859942 1.047843 3.726152
vertex 0.174897 0.213112 3.663248
endloop
endfacet
facet normal -0.039101 -0.0431413 0.998304
outer loop
vertex 0.957094 0.957094 3.726035
vertex 0.902685 1.000393 3.725775
vertex 0.174897 0.213112 3.663248
endloop
endfacet
facet normal -0.0346787 -0.0467707 0.998303
outer loop
vertex 0.142375 0.213079 3.662116
vertex 0.174897 0.213112 3.663248
vertex 0.859942 1.047843 3.726152
endloop
endfacet
facet normal -0.0346836 -0.0467663 0.998304
outer loop
vertex 0.813168 1.099767 3.726959
vertex 0.774908 1.159732 3.728439
vertex 0.142375 0.213079 3.662116
endloop
endfacet
facet normal -0.0346849 -0.0467654 0.998303
outer loop
vertex 0.859942 1.047843 3.726152
vertex 0.813168 1.099767 3.726959
vertex 0.142375 0.213079 3.662116
endloop
endfacet
facet normal -0.0299314 -0.0499376 0.998304
outer loop
vertex 0.774908 1.159732 3.728439
vertex 0.768650 1.169541 3.728742
vertex 0.659955 1.234690 3.728742
endloop
endfacet
facet normal -0.0299414 -0.0499364 0.998304
outer loop
vertex 0.659955 1.234690 3.728742
vertex 0.113877 0.213050 3.661260
vertex 0.142375 0.213079 3.662116
endloop
endfacet
facet normal -0.0299332 -0.0499404 0.998304
outer loop
vertex 0.659955 1.234690 3.728742
vertex 0.142375 0.213079 3.662116
vertex 0.774908 1.159732 3.728439
endloop
endfacet
facet normal -0.0248941 -0.0526341 0.998303
outer loop
vertex 0.113877 0.213050 3.661260
vertex 0.659955 1.234690 3.728742
vertex 0.535757 1.293431 3.728742
endloop
endfacet
facet normal -0.024889 -0.0526361 0.998304
outer loop
vertex 0.113877 0.213050 3.661260
vertex 0.535757 1.293431 3.728742
vertex 0.088237 0.213023 3.660619
endloop
endfacet
facet normal -0.0196151 -0.0548206 0.998304
outer loop
vertex 0.088237 0.213023 3.660619
vertex 0.535757 1.293431 3.728742
vertex 0.406399 1.339716 3.728742
endloop
endfacet
facet normal -0.01962 -0.0548193 0.998304
outer loop
vertex 0.088237 0.213023 3.660619
vertex 0.406399 1.339716 3.728742
vertex 0.064613 0.212999 3.660154
endloop
endfacet
facet normal -0.0141474 -0.0564794 0.998303
outer loop
vertex 0.064613 0.212999 3.660154
vertex 0.406399 1.339716 3.728742
vertex 0.273126 1.373099 3.728742
endloop
endfacet
facet normal -0.014138 -0.0564811 0.998304
outer loop
vertex 0.064613 0.212999 3.660154
vertex 0.273126 1.373099 3.728742
vertex 0.042364 0.212976 3.659837
endloop
endfacet
facet normal -0.00854324 -0.0575939 0.998304
outer loop
vertex 0.042364 0.212976 3.659837
vertex 0.273126 1.373099 3.728742
vertex 0.137224 1.393259 3.728742
endloop
endfacet
facet normal -0.00855377 -0.0575931 0.998304
outer loop
vertex 0.042364 0.212976 3.659837
vertex 0.137224 1.393259 3.728742
vertex 0.020974 0.212955 3.659653
endloop
endfacet
facet normal -0.00285695 -0.0581542 0.998304
outer loop
vertex 0.020974 0.212955 3.659653
vertex 0.137224 1.393259 3.728742
vertex 0.000000 1.400000 3.728742
endloop
endfacet
facet normal -0.00285681 -0.0581542 0.998304
outer loop
vertex 0.020974 0.212955 3.659653
vertex 0.000000 1.400000 3.728742
vertex 0.000000 0.212933 3.659592
endloop
endfacet
facet normal 0.00285702 -0.0581542 0.998303
outer loop
vertex 0.000000 0.212933 3.659592
vertex 0.000000 1.400000 3.728742
vertex -0.137224 1.393259 3.728742
endloop
endfacet
facet normal 0.00286314 -0.0581535 0.998304
outer loop
vertex 0.000000 0.212933 3.659592
vertex -0.137224 1.393259 3.728742
vertex -0.020970 0.212912 3.659651
endloop
endfacet
facet normal 0.00854322 -0.057594 0.998304
outer loop
vertex -0.137224 1.393259 3.728742
vertex -0.273126 1.373099 3.728742
vertex -0.042346 0.212890 3.659832
endloop
endfacet
facet normal 0.00854353 -0.057594 0.998304
outer loop
vertex -0.137224 1.393259 3.728742
vertex -0.042346 0.212890 3.659832
vertex -0.020970 0.212912 3.659651
endloop
endfacet
facet normal 0.0141473 -0.0564792 0.998304
outer loop
vertex -0.273126 1.373099 3.728742
vertex -0.406399 1.339716 3.728742
vertex -0.064572 0.212867 3.660146
endloop
endfacet
facet normal 0.0141505 -0.0564786 0.998304
outer loop
vertex -0.273126 1.373099 3.728742
vertex -0.064572 0.212867 3.660146
vertex -0.042346 0.212890 3.659832
endloop
endfacet
facet normal 0.0196151 -0.0548207 0.998303
outer loop
vertex -0.406399 1.339716 3.728742
vertex -0.535757 1.293431 3.728742
vertex -0.088162 0.212843 3.660608
endloop
endfacet
facet normal 0.0196099 -0.0548222 0.998304
outer loop
vertex -0.406399 1.339716 3.728742
vertex -0.088162 0.212843 3.660608
vertex -0.064572 0.212867 3.660146
endloop
endfacet
facet normal 0.0248941 -0.052634 0.998303
outer loop
vertex -0.535757 1.293431 3.728742
vertex -0.659955 1.234690 3.728742
vertex -0.113753 0.212816 3.661245
endloop
endfacet
facet normal 0.0248967 -0.052633 0.998304
outer loop
vertex -0.535757 1.293431 3.728742
vertex -0.113753 0.212816 3.661245
vertex -0.088162 0.212843 3.660608
endloop
endfacet
facet normal 0.0299332 -0.0499406 0.998304
outer loop
vertex -0.113753 0.212816 3.661245
vertex -0.659955 1.234690 3.728742
vertex -0.772245 1.167386 3.728742
endloop
endfacet
facet normal 0.0299191 -0.0499499 0.998303
outer loop
vertex -0.772245 1.167386 3.728742
vertex -0.776044 1.161432 3.728558
vertex -0.142180 0.212787 3.662096
endloop
endfacet
facet normal 0.0299335 -0.0499403 0.998304
outer loop
vertex -0.772245 1.167386 3.728742
vertex -0.142180 0.212787 3.662096
vertex -0.113753 0.212816 3.661245
endloop
endfacet
facet normal 0.0346826 -0.0467674 0.998303
outer loop
vertex -0.861000 1.049132 3.726249
vertex -0.174603 0.212754 3.663221
vertex -0.142180 0.212787 3.662096
endloop
endfacet
facet normal 0.0346866 -0.0467643 0.998303
outer loop
vertex -0.142180 0.212787 3.662096
vertex -0.776044 1.161432 3.728558
vertex -0.815388 1.099767 3.727036
endloop
endfacet
facet normal 0.0346819 -0.0467678 0.998304
outer loop
vertex -0.142180 0.212787 3.662096
vertex -0.815388 1.099767 3.727036
vertex -0.861000 1.049132 3.726249
endloop
endfacet
facet normal 0.0391004 -0.0431419 0.998304
outer loop
vertex -0.904905 1.000393 3.725862
vertex -0.958077 0.958077 3.726116
vertex -0.212715 0.212715 3.664712
endloop
endfacet
facet normal 0.039101 -0.0431412 0.998304
outer loop
vertex -0.212715 0.212715 3.664712
vertex -0.174603 0.212754 3.663221
vertex -0.861000 1.049132 3.726249
endloop
endfacet
facet normal 0.0391025 -0.04314 0.998303
outer loop
vertex -0.904905 1.000393 3.725862
vertex -0.212715 0.212715 3.664712
vertex -0.861000 1.049132 3.726249
endloop
endfacet
facet normal 0.0431408 -0.0391017 0.998304
outer loop
vertex -1.009558 0.917108 3.726736
vertex -1.073941 0.881361 3.728118
vertex -0.259136 0.212667 3.666716
endloop
endfacet
facet normal 0.0431401 -0.0391021 0.998303
outer loop
vertex -0.259136 0.212667 3.666716
vertex -0.212715 0.212715 3.664712
vertex -0.958077 0.958077 3.726116
endloop
endfacet
facet normal 0.0431422 -0.0391002 0.998303
outer loop
vertex -1.009558 0.917108 3.726736
vertex -0.259136 0.212667 3.666716
vertex -0.958077 0.958077 3.726116
endloop
endfacet
facet normal 0.046766 -0.0346841 0.998304
outer loop
vertex -1.073941 0.881361 3.728118
vertex -1.096567 0.868798 3.728742
vertex -1.164057 0.777798 3.728742
endloop
endfacet
facet normal 0.0467657 -0.0346851 0.998304
outer loop
vertex -1.164057 0.777798 3.728742
vertex -0.318189 0.212607 3.669480
vertex -0.259136 0.212667 3.666716
endloop
endfacet
facet normal 0.0467661 -0.0346842 0.998304
outer loop
vertex -1.164057 0.777798 3.728742
vertex -0.259136 0.212667 3.666716
vertex -1.073941 0.881361 3.728118
endloop
endfacet
facet normal 0.0499406 -0.0299332 0.998304
outer loop
vertex -1.164057 0.777798 3.728742
vertex -1.234690 0.659955 3.728742
vertex -0.397607 0.212525 3.673451
endloop
endfacet
facet normal 0.0499421 -0.0299311 0.998304
outer loop
vertex -1.164057 0.777798 3.728742
vertex -0.397607 0.212525 3.673451
vertex -0.318189 0.212607 3.669480
endloop
endfacet
facet normal 0.052634 -0.024894 0.998304
outer loop
vertex -0.397607 0.212525 3.673451
vertex -1.234690 0.659955 3.728742
vertex -1.246552 0.634875 3.728742
endloop
endfacet
facet normal 0.0526339 -0.0248945 0.998304
outer loop
vertex -1.246552 0.634875 3.728742
vertex -1.246552 0.516339 3.725786
vertex -0.512797 0.212407 3.679521
endloop
endfacet
facet normal 0.052633 -0.0248961 0.998304
outer loop
vertex -1.246552 0.634875 3.728742
vertex -0.512797 0.212407 3.679521
vertex -0.397607 0.212525 3.673451
endloop
endfacet
facet normal 0.0548212 -0.0196139 0.998304
outer loop
vertex -0.699582 0.212216 3.689774
vertex -0.512797 0.212407 3.679521
vertex -1.246552 0.516339 3.725786
endloop
endfacet
facet normal 0.0548209 -0.0196145 0.998304
outer loop
vertex -0.699582 0.212216 3.689774
vertex -1.246552 0.516339 3.725786
vertex -1.246552 0.378137 3.723071
endloop
endfacet
facet normal 0.0564793 -0.0141474 0.998304
outer loop
vertex -0.939422 0.211970 3.703340
vertex -0.699582 0.212216 3.689774
vertex -1.246552 0.378137 3.723071
endloop
endfacet
facet normal 0.0564789 -0.0141474 0.998304
outer loop
vertex -1.246552 0.378137 3.723071
vertex -1.246552 0.247955 3.721226
vertex -1.021070 0.203103 3.707834
endloop
endfacet
facet normal 0.0564802 -0.0141457 0.998303
outer loop
vertex -1.246552 0.378137 3.723071
vertex -1.021070 0.203103 3.707834
vertex -0.939422 0.211970 3.703340
endloop
endfacet
facet normal 0.0575935 -0.00854404 0.998304
outer loop
vertex -1.080194 0.196683 3.711190
vertex -1.021070 0.203103 3.707834
vertex -1.246552 0.247955 3.721226
endloop
endfacet
facet normal 0.057593 -0.00854393 0.998304
outer loop
vertex -1.246552 0.247955 3.721226
vertex -1.246552 0.140814 3.720309
vertex -1.147446 0.179479 3.714922
endloop
endfacet
facet normal 0.057594 -0.00854243 0.998303
outer loop
vertex -1.147446 0.179479 3.714922
vertex -1.080194 0.196683 3.711190
vertex -1.246552 0.247955 3.721226
endloop
endfacet
facet normal 0.0564741 0.0141612 0.998304
outer loop
vertex -0.960160 -0.215953 3.704570
vertex -1.018473 -0.227129 3.708027
vertex -1.072333 -0.248433 3.711376
endloop
endfacet
facet normal 0.0564861 0.0141389 0.998303
outer loop
vertex -1.072333 -0.248433 3.711376
vertex -1.121028 -0.278963 3.714564
vertex -1.163399 -0.317688 3.717510
endloop
endfacet
facet normal 0.0564793 0.0141481 0.998303
outer loop
vertex -1.163399 -0.317688 3.717510
vertex -1.194235 -0.362267 3.719886
vertex -0.711059 -0.215698 3.690473
endloop
endfacet
facet normal 0.05648 0.0141408 0.998304
outer loop
vertex -0.711059 -0.215698 3.690473
vertex -0.960160 -0.215953 3.704570
vertex -1.072333 -0.248433 3.711376
endloop
endfacet
facet normal 0.0564794 0.0141477 0.998304
outer loop
vertex -1.072333 -0.248433 3.711376
vertex -1.163399 -0.317688 3.717510
vertex -0.711059 -0.215698 3.690473
endloop
endfacet
facet normal 0.0548133 0.019618 0.998304
outer loop
vertex -1.194235 -0.362267 3.719886
vertex -1.212340 -0.388442 3.721394
vertex -1.240558 -0.470925 3.724565
endloop
endfacet
facet normal 0.0548202 0.0196165 0.998303
outer loop
vertex -1.240558 -0.470925 3.724565
vertex -1.244618 -0.515538 3.725664
vertex -0.520267 -0.215502 3.679992
endloop
endfacet
facet normal 0.0548202 0.0196173 0.998303
outer loop
vertex -0.520267 -0.215502 3.679992
vertex -0.711059 -0.215698 3.690473
vertex -1.194235 -0.362267 3.719886
endloop
endfacet
facet normal 0.0548208 0.0196148 0.998304
outer loop
vertex -1.240558 -0.470925 3.724565
vertex -0.520267 -0.215502 3.679992
vertex -1.194235 -0.362267 3.719886
endloop
endfacet
facet normal 0.0526655 0.0248931 0.998302
outer loop
vertex -1.244618 -0.515538 3.725664
vertex -1.246527 -0.536512 3.726288
vertex -1.246536 -0.634909 3.728742
endloop
endfacet
facet normal 0.0526341 0.0248941 0.998303
outer loop
vertex -1.246536 -0.634909 3.728742
vertex -1.234690 -0.659955 3.728742
vertex -0.402950 -0.215382 3.673804
endloop
endfacet
facet normal 0.0526343 0.0248937 0.998304
outer loop
vertex -0.402950 -0.215382 3.673804
vertex -0.520267 -0.215502 3.679992
vertex -1.244618 -0.515538 3.725664
endloop
endfacet
facet normal 0.0526343 0.0248937 0.998304
outer loop
vertex -1.246536 -0.634909 3.728742
vertex -0.402950 -0.215382 3.673804
vertex -1.244618 -0.515538 3.725664
endloop
endfacet
facet normal 0.0499406 0.0299332 0.998303
outer loop
vertex -0.402950 -0.215382 3.673804
vertex -1.234690 -0.659955 3.728742
vertex -1.164057 -0.777798 3.728742
endloop
endfacet
facet normal 0.0499406 0.0299333 0.998304
outer loop
vertex -0.402950 -0.215382 3.673804
vertex -1.164057 -0.777798 3.728742
vertex -0.322217 -0.215299 3.669762
endloop
endfacet
facet normal 0.0467653 0.0346854 0.998304
outer loop
vertex -0.262267 -0.215237 3.666952
vertex -0.322217 -0.215299 3.669762
vertex -1.164057 -0.777798 3.728742
endloop
endfacet
facet normal 0.0467562 0.0346768 0.998304
outer loop
vertex -1.164057 -0.777798 3.728742
vertex -1.095071 -0.870816 3.728742
vertex -1.082124 -0.875911 3.728312
endloop
endfacet
facet normal 0.0467661 0.0346843 0.998303
outer loop
vertex -1.082124 -0.875911 3.728312
vertex -1.073870 -0.881303 3.728113
vertex -0.262267 -0.215237 3.666952
endloop
endfacet
facet normal 0.0467657 0.0346848 0.998303
outer loop
vertex -1.164057 -0.777798 3.728742
vertex -1.082124 -0.875911 3.728312
vertex -0.262267 -0.215237 3.666952
endloop
endfacet
facet normal 0.0431414 0.039101 0.998304
outer loop
vertex -0.262267 -0.215237 3.666952
vertex -1.073870 -0.881303 3.728113
vertex -0.957393 -0.957393 3.726060
endloop
endfacet
facet normal 0.0431406 0.0391017 0.998304
outer loop
vertex -0.262267 -0.215237 3.666952
vertex -0.957393 -0.957393 3.726060
vertex -0.215189 -0.215189 3.664916
endloop
endfacet
facet normal 0.0391025 0.0431399 0.998304
outer loop
vertex -0.176569 -0.215149 3.663401
vertex -0.215189 -0.215189 3.664916
vertex -0.957393 -0.957393 3.726060
endloop
endfacet
facet normal 0.0391008 0.0431414 0.998303
outer loop
vertex -0.955509 -0.958624 3.726039
vertex -0.860262 -1.048233 3.726181
vertex -0.176569 -0.215149 3.663401
endloop
endfacet
facet normal 0.0391434 0.0430969 0.998304
outer loop
vertex -0.957393 -0.957393 3.726060
vertex -0.955509 -0.958624 3.726039
vertex -0.176569 -0.215149 3.663401
endloop
endfacet
facet normal 0.0346833 0.0467668 0.998303
outer loop
vertex -0.143736 -0.215116 3.662259
vertex -0.176569 -0.215149 3.663401
vertex -0.860262 -1.048233 3.726181
endloop
endfacet
facet normal 0.0346636 0.0467838 0.998303
outer loop
vertex -0.143736 -0.215116 3.662259
vertex -0.860262 -1.048233 3.726181
vertex -0.858048 -1.050316 3.726202
endloop
endfacet
facet normal 0.0346876 0.0467637 0.998304
outer loop
vertex -0.786691 -1.141996 3.728017
vertex -0.775405 -1.160476 3.728491
vertex -0.143736 -0.215116 3.662259
endloop
endfacet
facet normal 0.0346847 0.0467657 0.998304
outer loop
vertex -0.858048 -1.050316 3.726202
vertex -0.786691 -1.141996 3.728017
vertex -0.143736 -0.215116 3.662259
endloop
endfacet
facet normal 0.0299465 0.0499628 0.998302
outer loop
vertex -0.775405 -1.160476 3.728491
vertex -0.770573 -1.168388 3.728742
vertex -0.659955 -1.234690 3.728742
endloop
endfacet
facet normal 0.0299305 0.049942 0.998304
outer loop
vertex -0.659955 -1.234690 3.728742
vertex -0.114966 -0.215086 3.661395
vertex -0.143736 -0.215116 3.662259
endloop
endfacet
facet normal 0.0299324 0.049941 0.998304
outer loop
vertex -0.659955 -1.234690 3.728742
vertex -0.143736 -0.215116 3.662259
vertex -0.775405 -1.160476 3.728491
endloop
endfacet
facet normal 0.0248941 0.052634 0.998304
outer loop
vertex -0.114966 -0.215086 3.661395
vertex -0.659955 -1.234690 3.728742
vertex -0.535757 -1.293431 3.728742
endloop
endfacet
facet normal 0.0249011 0.0526313 0.998303
outer loop
vertex -0.114966 -0.215086 3.661395
vertex -0.535757 -1.293431 3.728742
vertex -0.089081 -0.215060 3.660748
endloop
endfacet
facet normal 0.0196151 0.0548208 0.998304
outer loop
vertex -0.089081 -0.215060 3.660748
vertex -0.535757 -1.293431 3.728742
vertex -0.406399 -1.339716 3.728742
endloop
endfacet
facet normal 0.0196133 0.0548213 0.998303
outer loop
vertex -0.089081 -0.215060 3.660748
vertex -0.406399 -1.339716 3.728742
vertex -0.065230 -0.215035 3.660278
endloop
endfacet
facet normal 0.0141474 0.0564793 0.998304
outer loop
vertex -0.065230 -0.215035 3.660278
vertex -0.406399 -1.339716 3.728742
vertex -0.273126 -1.373099 3.728742
endloop
endfacet
facet normal 0.0141413 0.0564804 0.998304
outer loop
vertex -0.065230 -0.215035 3.660278
vertex -0.273126 -1.373099 3.728742
vertex -0.042769 -0.215012 3.659958
endloop
endfacet
facet normal 0.0085432 0.057594 0.998304
outer loop
vertex -0.042769 -0.215012 3.659958
vertex -0.273126 -1.373099 3.728742
vertex -0.137224 -1.393259 3.728742
endloop
endfacet
facet normal 0.00854934 0.0575935 0.998303
outer loop
vertex -0.042769 -0.215012 3.659958
vertex -0.137224 -1.393259 3.728742
vertex -0.021175 -0.214990 3.659772
endloop
endfacet
facet normal 0.00285694 0.0581541 0.998304
outer loop
vertex -0.021175 -0.214990 3.659772
vertex -0.137224 -1.393259 3.728742
vertex -0.000000 -1.400000 3.728742
endloop
endfacet
facet normal 0.00285167 0.058154 0.998304
outer loop
vertex -0.021175 -0.214990 3.659772
vertex -0.000000 -1.400000 3.728742
vertex -0.000000 -0.214968 3.659710
endloop
endfacet
facet normal -0.0028569 0.058154 0.998304
outer loop
vertex -0.000000 -0.214968 3.659710
vertex -0.000000 -1.400000 3.728742
vertex 0.137224 -1.393259 3.728742
endloop
endfacet
facet normal -0.00285909 0.0581538 0.998303
outer loop
vertex -0.000000 -0.214968 3.659710
vertex 0.137224 -1.393259 3.728742
vertex 0.021170 -0.214947 3.659770
endloop
endfacet
facet normal -0.00854323 0.0575939 0.998304
outer loop
vertex 0.021170 -0.214947 3.659770
vertex 0.137224 -1.393259 3.728742
vertex 0.273126 -1.373099 3.728742
endloop
endfacet
facet normal -0.0085404 0.0575945 0.998303
outer loop
vertex 0.021170 -0.214947 3.659770
vertex 0.273126 -1.373099 3.728742
vertex 0.042751 -0.214924 3.659953
endloop
endfacet
facet normal -0.0141474 0.0564793 0.998303
outer loop
vertex 0.042751 -0.214924 3.659953
vertex 0.273126 -1.373099 3.728742
vertex 0.406399 -1.339716 3.728742
endloop
endfacet
facet normal -0.0141445 0.0564802 0.998304
outer loop
vertex 0.042751 -0.214924 3.659953
vertex 0.406399 -1.339716 3.728742
vertex 0.065190 -0.214901 3.660270
endloop
endfacet
facet normal -0.0196151 0.0548207 0.998304
outer loop
vertex 0.065190 -0.214901 3.660270
vertex 0.406399 -1.339716 3.728742
vertex 0.535757 -1.293431 3.728742
endloop
endfacet
facet normal -0.0196148 0.0548208 0.998304
outer loop
vertex 0.065190 -0.214901 3.660270
vertex 0.535757 -1.293431 3.728742
vertex 0.089005 -0.214877 3.660736
endloop
endfacet
facet normal -0.0248941 0.0526341 0.998304
outer loop
vertex 0.089005 -0.214877 3.660736
vertex 0.535757 -1.293431 3.728742
vertex 0.659955 -1.234690 3.728742
endloop
endfacet
facet normal -0.0248918 0.0526353 0.998303
outer loop
vertex 0.089005 -0.214877 3.660736
vertex 0.659955 -1.234690 3.728742
vertex 0.114840 -0.214850 3.661379
endloop
endfacet
facet normal -0.0299333 0.0499407 0.998303
outer loop
vertex 0.114840 -0.214850 3.661379
vertex 0.659955 -1.234690 3.728742
vertex 0.777798 -1.164057 3.728742
endloop
endfacet
facet normal -0.0299327 0.049941 0.998304
outer loop
vertex 0.114840 -0.214850 3.661379
vertex 0.777798 -1.164057 3.728742
vertex 0.143539 -0.214821 3.662238
endloop
endfacet
facet normal -0.0346842 0.0467662 0.998303
outer loop
vertex 0.143539 -0.214821 3.662238
vertex 0.777798 -1.164057 3.728742
vertex 0.888151 -1.082215 3.728742
endloop
endfacet
facet normal -0.0346891 0.0467619 0.998304
outer loop
vertex 0.143539 -0.214821 3.662238
vertex 0.888151 -1.082215 3.728742
vertex 0.176272 -0.214787 3.663374
endloop
endfacet
facet normal -0.039101 0.0431413 0.998304
outer loop
vertex 0.176272 -0.214787 3.663374
vertex 0.888151 -1.082215 3.728742
vertex 0.989949 -0.989949 3.728742
endloop
endfacet
facet normal -0.0391024 0.0431397 0.998304
outer loop
vertex 0.176272 -0.214787 3.663374
vertex 0.989949 -0.989949 3.728742
vertex 0.214748 -0.214748 3.664879
endloop
endfacet
facet normal -0.0431412 0.0391009 0.998304
outer loop
vertex 0.214748 -0.214748 3.664879
vertex 0.989949 -0.989949 3.728742
vertex 1.082215 -0.888151 3.728742
endloop
endfacet
facet normal -0.0431384 0.0391045 0.998304
outer loop
vertex 0.214748 -0.214748 3.664879
vertex 1.082215 -0.888151 3.728742
vertex 0.261613 -0.214700 3.666903
endloop
endfacet
facet normal -0.0467661 0.0346842 0.998303
outer loop
vertex 0.261613 -0.214700 3.666903
vertex 1.082215 -0.888151 3.728742
vertex 1.164057 -0.777798 3.728742
endloop
endfacet
facet normal -0.0467664 0.0346836 0.998304
outer loop
vertex 0.261613 -0.214700 3.666903
vertex 1.164057 -0.777798 3.728742
vertex 0.321230 -0.214639 3.669693
endloop
endfacet
facet normal -0.0499406 0.0299332 0.998304
outer loop
vertex 0.321230 -0.214639 3.669693
vertex 1.164057 -0.777798 3.728742
vertex 1.234690 -0.659955 3.728742
endloop
endfacet
facet normal -0.0499416 0.029931 0.998304
outer loop
vertex 0.321230 -0.214639 3.669693
vertex 1.234690 -0.659955 3.728742
vertex 0.401407 -0.214557 3.673702
endloop
endfacet
facet normal -0.052634 0.0248941 0.998304
outer loop
vertex 0.401407 -0.214557 3.673702
vertex 1.234690 -0.659955 3.728742
vertex 1.293431 -0.535757 3.728742
endloop
endfacet
facet normal -0.0526324 0.0248983 0.998304
outer loop
vertex 0.401407 -0.214557 3.673702
vertex 1.293431 -0.535757 3.728742
vertex 0.517697 -0.214437 3.679830
endloop
endfacet
facet normal -0.0548208 0.0196151 0.998304
outer loop
vertex 0.517697 -0.214437 3.679830
vertex 1.293431 -0.535757 3.728742
vertex 1.339716 -0.406399 3.728742
endloop
endfacet
facet normal -0.0548213 0.0196131 0.998304
outer loop
vertex 0.517697 -0.214437 3.679830
vertex 1.339716 -0.406399 3.728742
vertex 0.706268 -0.214244 3.690181
endloop
endfacet
facet normal -0.0564795 0.0141467 0.998303
outer loop
vertex 0.937255 -0.214007 3.703246
vertex 0.706268 -0.214244 3.690181
vertex 1.339716 -0.406399 3.728742
endloop
endfacet
facet normal -0.0564794 0.0141474 0.998304
outer loop
vertex 1.339716 -0.406399 3.728742
vertex 1.373099 -0.273126 3.728742
vertex 1.031674 -0.205213 3.708463
endloop
endfacet
facet normal -0.0564796 0.0141464 0.998303
outer loop
vertex 1.008515 -0.209655 3.707216
vertex 0.937255 -0.214007 3.703246
vertex 1.339716 -0.406399 3.728742
endloop
endfacet
facet normal -0.056475 0.0141541 0.998304
outer loop
vertex 1.339716 -0.406399 3.728742
vertex 1.031674 -0.205213 3.708463
vertex 1.008515 -0.209655 3.707216
endloop
endfacet
facet normal -0.0575942 0.00854306 0.998303
outer loop
vertex 1.126105 -0.187100 3.713756
vertex 1.031674 -0.205213 3.708463
vertex 1.373099 -0.273126 3.728742
endloop
endfacet
facet normal -0.0575938 0.0085432 0.998304
outer loop
vertex 1.373099 -0.273126 3.728742
vertex 1.393259 -0.137224 3.728742
vertex 1.277456 -0.125818 3.721963
endloop
endfacet
facet normal -0.0575942 0.00854298 0.998304
outer loop
vertex 1.271547 -0.129629 3.721655
vertex 1.126105 -0.187100 3.713756
vertex 1.373099 -0.273126 3.728742
endloop
endfacet
facet normal -0.0575947 0.0085426 0.998304
outer loop
vertex 1.373099 -0.273126 3.728742
vertex 1.277456 -0.125818 3.721963
vertex 1.271547 -0.129629 3.721655
endloop
endfacet
facet normal -0.058154 0.00285605 0.998304
outer loop
vertex 1.277456 -0.125818 3.721963
vertex 1.393259 -0.137224 3.728742
vertex 1.384670 -0.056674 3.728011
endloop
endfacet
facet normal -0.0581482 0.00285667 0.998304
outer loop
vertex 1.393259 -0.137224 3.728742
vertex 1.397822 -0.044344 3.728742
vertex 1.384670 -0.056674 3.728011
endloop
endfacet
facet normal 0 0 -1
outer loop
vertex -6.783769 -8.583739 0.000000
vertex -7.033245 -8.494474 0.000000
vertex -7.272771 -8.381187 0.000000
endloop
endfacet
facet normal 0 0 -1
outer loop
vertex -7.272771 -8.381187 0.000000
vertex -7.500040 -8.244968 0.000000
vertex -7.712862 -8.087129 0.000000
endloop
endfacet
facet normal 0 0 -1
outer loop
vertex -7.712862 -8.087129 0.000000
vertex -7.909188 -7.909188 0.000000
vertex -8.087129 -7.712862 0.000000
endloop
endfacet
facet normal 0 0 -1
outer loop
vertex -8.087129 -7.712862 0.000000
vertex -8.244968 -7.500040 0.000000
vertex -8.381187 -7.272771 0.000000
endloop
endfacet
facet normal 0 0 -1
outer loop
vertex -8.381187 -7.272771 0.000000
vertex -8.494474 -7.033245 0.000000
vertex -8.583739 -6.783769 0.000000
endloop
endfacet
facet normal 0 0 -1
outer loop
vertex -8.583739 -6.783769 0.000000
vertex -8.648120 -6.526744 0.000000
vertex -8.686998 -6.264646 0.000000
endloop
endfacet
facet normal 0 0 -1
outer loop
vertex -8.686998 -6.264646 0.000000
vertex -8.700000 -6.000000 0.000000
vertex -8.700000 6.000000 0.000000
endloop
endfacet
facet normal 0 0 -1
outer loop
vertex -8.700000 6.000000 0.000000
vertex -8.686998 6.264646 0.000000
vertex -8.648120 6.526744 0.000000
endloop
endfacet
facet normal 0 0 -1
outer loop
vertex -8.648120 6.526744 0.000000
vertex -8.583739 6.783769 0.000000
vertex -8.494474 7.033245 0.000000
endloop
endfacet
facet normal 0 0 -1
outer loop
vertex -8.494474 7.033245 0.000000
vertex -8.381187 7.272771 0.000000
vertex -8.244968 7.500040 0.000000
endloop
endfacet
facet normal 0 0 -1
outer loop
vertex -8.244968 7.500040 0.000000
vertex -8.087129 7.712862 0.000000
vertex -7.909188 7.909188 0.000000
endloop
endfacet
facet normal 0 0 -1
outer loop
vertex -7.909188 7.909188 0.000000
vertex -7.712862 8.087129 0.000000
vertex -7.500040 8.244968 0.000000
endloop
endfacet
facet normal 0 0 -1
outer loop
vertex -7.500040 8.244968 0.000000
vertex -7.272771 8.381187 0.000000
vertex -7.033245 8.494474 0.000000
endloop
endfacet
facet normal 0 0 -1
outer loop
vertex -7.033245 8.494474 0.000000
vertex -6.783769 8.583739 0.000000
vertex -6.526744 8.648120 0.000000
endloop
endfacet
facet normal 0 0 -1
outer loop
vertex -6.526744 8.648120 0.000000
vertex -6.264646 8.686998 0.000000
vertex -6.000000 8.700000 0.000000
endloop
endfacet
facet normal 0 0 -1
outer loop
vertex -6.000000 8.700000 0.000000
vertex 6.000000 8.700000 0.000000
vertex 6.264646 8.686998 0.000000
endloop
endfacet
facet normal 0 0 -1
outer loop
vertex 6.264646 8.686998 0.000000
vertex 6.526744 8.648120 0.000000
vertex 6.783769 8.583739 0.000000
endloop
endfacet
facet normal 0 -0 -1
outer loop
vertex 6.783769 8.583739 0.000000
vertex 7.033245 8.494474 0.000000
vertex 6.278492 7.304803 0.000000
endloop
endfacet
facet normal 0 0 -1
outer loop
vertex 6.783769 8.583739 0.000000
vertex 6.278492 7.304803 0.000000
vertex 6.056709 7.409699 0.000000
endloop
endfacet
facet normal 0 0 -1
outer loop
vertex -6.000000 8.700000 0.000000
vertex 6.264646 8.686998 0.000000
vertex 6.783769 8.583739 0.000000
endloop
endfacet
facet normal 0 0 -1
outer loop
vertex -7.033245 8.494474 0.000000
vertex -6.526744 8.648120 0.000000
vertex -6.000000 8.700000 0.000000
endloop
endfacet
facet normal 0 0 -1
outer loop
vertex -7.909188 7.909188 0.000000
vertex -7.500040 8.244968 0.000000
vertex -7.033245 8.494474 0.000000
endloop
endfacet
facet normal 0 0 -1
outer loop
vertex -8.494474 7.033245 0.000000
vertex -8.244968 7.500040 0.000000
vertex -7.909188 7.909188 0.000000
endloop
endfacet
facet normal 0 0 -1
outer loop
vertex -8.700000 6.000000 0.000000
vertex -8.648120 6.526744 0.000000
vertex -8.494474 7.033245 0.000000
endloop
endfacet
facet normal 0 0 -1
outer loop
vertex -8.583739 -6.783769 0.000000
vertex -8.686998 -6.264646 0.000000
vertex -8.700000 6.000000 0.000000
endloop
endfacet
facet normal 0 0 -1
outer loop
vertex -8.087129 -7.712862 0.000000
vertex -8.381187 -7.272771 0.000000
vertex -8.583739 -6.783769 0.000000
endloop
endfacet
facet normal 0 0 -1
outer loop
vertex -7.272771 -8.381187 0.000000
vertex -7.712862 -8.087129 0.000000
vertex -8.087129 -7.712862 0.000000
endloop
endfacet
facet normal 0 0 -1
outer loop
vertex -6.526744 -8.648120 0.000000
vertex -6.783769 -8.583739 0.000000
vertex -7.272771 -8.381187 0.000000
endloop
endfacet
facet normal 0 0 -1
outer loop
vertex -6.000000 -8.700000 0.000000
vertex -6.264646 -8.686998 0.000000
vertex -6.526744 -8.648120 0.000000
endloop
endfacet
facet normal 0 0 -1
outer loop
vertex 6.264646 -8.686998 0.000000
vertex 6.000000 -8.700000 0.000000
vertex -6.000000 -8.700000 0.000000
endloop
endfacet
facet normal 0 0 -1
outer loop
vertex 6.783769 -8.583739 0.000000
vertex 6.526744 -8.648120 0.000000
vertex 6.264646 -8.686998 0.000000
endloop
endfacet
facet normal 0 0 -1
outer loop
vertex 7.272771 -8.381187 0.000000
vertex 7.033245 -8.494474 0.000000
vertex 6.783769 -8.583739 0.000000
endloop
endfacet
facet normal 0 0 -1
outer loop
vertex 7.712862 -8.087129 0.000000
vertex 7.500040 -8.244968 0.000000
vertex 7.272771 -8.381187 0.000000
endloop
endfacet
facet normal 0 0 -1
outer loop
vertex 8.087129 -7.712862 0.000000
vertex 7.909188 -7.909188 0.000000
vertex 7.712862 -8.087129 0.000000
endloop
endfacet
facet normal 0 0 -1
outer loop
vertex 8.381187 -7.272771 0.000000
vertex 8.244968 -7.500040 0.000000
vertex 8.087129 -7.712862 0.000000
endloop
endfacet
facet normal 0 0 -1
outer loop
vertex 8.583739 -6.783769 0.000000
vertex 8.494474 -7.033245 0.000000
vertex 8.381187 -7.272771 0.000000
endloop
endfacet
facet normal 0 0 -1
outer loop
vertex 8.686998 -6.264646 0.000000
vertex 8.648120 -6.526744 0.000000
vertex 8.583739 -6.783769 0.000000
endloop
endfacet
facet normal 0 -0 -1
outer loop
vertex 8.700000 6.000000 0.000000
vertex 8.700000 -6.000000 0.000000
vertex 8.686998 -6.264646 0.000000
endloop
endfacet
facet normal 0 0 -1
outer loop
vertex 8.648120 6.526744 0.000000
vertex 8.686998 6.264646 0.000000
vertex 8.700000 6.000000 0.000000
endloop
endfacet
facet normal 0 0 -1
outer loop
vertex 8.494474 7.033245 0.000000
vertex 8.583739 6.783769 0.000000
vertex 8.648120 6.526744 0.000000
endloop
endfacet
facet normal 0 0 -1
outer loop
vertex 7.304803 6.278492 0.000000
vertex 7.275242 6.327812 0.000000
vertex 8.494474 7.033245 0.000000
endloop
endfacet
facet normal 0 0 -1
outer loop
vertex 7.409699 6.056709 0.000000
vertex 7.304803 6.278492 0.000000
vertex 8.494474 7.033245 0.000000
endloop
endfacet
facet normal 0 0 -1
outer loop
vertex 8.494474 7.033245 0.000000
vertex 8.648120 6.526744 0.000000
vertex 8.700000 6.000000 0.000000
endloop
endfacet
facet normal 0 0 -1
outer loop
vertex 8.700000 6.000000 0.000000
vertex 8.686998 -6.264646 0.000000
vertex 8.583739 -6.783769 0.000000
endloop
endfacet
facet normal 0 0 -1
outer loop
vertex 8.583739 -6.783769 0.000000
vertex 8.381187 -7.272771 0.000000
vertex 8.087129 -7.712862 0.000000
endloop
endfacet
facet normal 0 0 -1
outer loop
vertex 8.087129 -7.712862 0.000000
vertex 7.712862 -8.087129 0.000000
vertex 7.272771 -8.381187 0.000000
endloop
endfacet
facet normal 0 0 -1
outer loop
vertex 7.272771 -8.381187 0.000000
vertex 6.783769 -8.583739 0.000000
vertex 6.264646 -8.686998 0.000000
endloop
endfacet
facet normal -0 0 -1
outer loop
vertex 6.264646 -8.686998 0.000000
vertex -6.000000 -8.700000 0.000000
vertex -6.526744 -8.648120 0.000000
endloop
endfacet
facet normal 0 0 -1
outer loop
vertex -6.526744 -8.648120 0.000000
vertex -7.272771 -8.381187 0.000000
vertex -8.087129 -7.712862 0.000000
endloop
endfacet
facet normal 0 0 -1
outer loop
vertex -8.087129 -7.712862 0.000000
vertex -8.583739 -6.783769 0.000000
vertex -8.700000 6.000000 0.000000
endloop
endfacet
facet normal 0 0 -1
outer loop
vertex -8.700000 6.000000 0.000000
vertex -8.494474 7.033245 0.000000
vertex -7.909188 7.909188 0.000000
endloop
endfacet
facet normal 0 0 -1
outer loop
vertex -7.909188 7.909188 0.000000
vertex -7.033245 8.494474 0.000000
vertex -6.000000 8.700000 0.000000
endloop
endfacet
facet normal 0 0 -1
outer loop
vertex 6.783769 8.583739 0.000000
vertex 6.056709 7.409699 0.000000
vertex 5.825712 7.492351 0.000000
endloop
endfacet
facet normal 0 0 -1
outer loop
vertex 6.783769 8.583739 0.000000
vertex 5.825712 7.492351 0.000000
vertex 5.587726 7.551963 0.000000
endloop
endfacet
facet normal 0 0 -1
outer loop
vertex -7.909188 7.909188 0.000000
vertex -6.000000 8.700000 0.000000
vertex 6.783769 8.583739 0.000000
endloop
endfacet
facet normal 0 0 -1
outer loop
vertex -8.087129 -7.712862 0.000000
vertex -8.700000 6.000000 0.000000
vertex -7.909188 7.909188 0.000000
endloop
endfacet
facet normal 0 0 -1
outer loop
vertex 6.264646 -8.686998 0.000000
vertex -6.526744 -8.648120 0.000000
vertex -8.087129 -7.712862 0.000000
endloop
endfacet
facet normal 0 0 -1
outer loop
vertex 8.087129 -7.712862 0.000000
vertex 7.272771 -8.381187 0.000000
vertex 6.264646 -8.686998 0.000000
endloop
endfacet
facet normal 0 0 -1
outer loop
vertex 8.700000 6.000000 0.000000
vertex 8.583739 -6.783769 0.000000
vertex 8.087129 -7.712862 0.000000
endloop
endfacet
facet normal 0 0 -1
outer loop
vertex 7.409699 6.056709 0.000000
vertex 8.494474 7.033245 0.000000
vertex 8.700000 6.000000 0.000000
endloop
endfacet
facet normal 0 0 -1
outer loop
vertex 7.492351 5.825712 0.000000
vertex 7.409699 6.056709 0.000000
vertex 8.700000 6.000000 0.000000
endloop
endfacet
facet normal -0 0 -1
outer loop
vertex 8.087129 -7.712862 0.000000
vertex 6.264646 -8.686998 0.000000
vertex -8.087129 -7.712862 0.000000
endloop
endfacet
facet normal 0 0 -1
outer loop
vertex 6.783769 8.583739 0.000000
vertex 5.587726 7.551963 0.000000
vertex 5.345043 7.587962 0.000000
endloop
endfacet
facet normal 0 0 -1
outer loop
vertex 6.783769 8.583739 0.000000
vertex 5.345043 7.587962 0.000000
vertex 5.100000 7.600000 0.000000
endloop
endfacet
facet normal 0 0 -1
outer loop
vertex 7.551963 5.587726 0.000000
vertex 7.492351 5.825712 0.000000
vertex 8.700000 6.000000 0.000000
endloop
endfacet
facet normal 0 0 -1
outer loop
vertex 7.587962 5.345043 0.000000
vertex 7.551963 5.587726 0.000000
vertex 8.700000 6.000000 0.000000
endloop
endfacet
facet normal 0 0 -1
outer loop
vertex -7.909188 7.909188 0.000000
vertex 6.783769 8.583739 0.000000
vertex 5.100000 7.600000 0.000000
endloop
endfacet
facet normal 0 0 -1
outer loop
vertex -7.909188 7.909188 0.000000
vertex 5.100000 7.600000 0.000000
vertex -5.100000 7.600000 0.000000
endloop
endfacet
facet normal 0 0 -1
outer loop
vertex 7.600000 5.100000 0.000000
vertex 7.587962 5.345043 0.000000
vertex 8.700000 6.000000 0.000000
endloop
endfacet
facet normal 0 0 -1
outer loop
vertex 7.600000 -5.100000 0.000000
vertex 7.600000 5.100000 0.000000
vertex 8.700000 6.000000 0.000000
endloop
endfacet
facet normal 0 0 -1
outer loop
vertex -7.909188 7.909188 0.000000
vertex -5.100000 7.600000 0.000000
vertex -5.345043 7.587962 0.000000
endloop
endfacet
facet normal 0 0 -1
outer loop
vertex -7.909188 7.909188 0.000000
vertex -5.345043 7.587962 0.000000
vertex -5.587726 7.551963 0.000000
endloop
endfacet
facet normal 0 0 -1
outer loop
vertex 7.600000 -5.100000 0.000000
vertex 8.700000 6.000000 0.000000
vertex 8.087129 -7.712862 0.000000
endloop
endfacet
facet normal 0 0 -1
outer loop
vertex 7.587962 -5.345043 0.000000
vertex 7.600000 -5.100000 0.000000
vertex 8.087129 -7.712862 0.000000
endloop
endfacet
facet normal 0 0 -1
outer loop
vertex -7.909188 7.909188 0.000000
vertex -5.587726 7.551963 0.000000
vertex -5.825712 7.492351 0.000000
endloop
endfacet
facet normal 0 0 -1
outer loop
vertex -7.909188 7.909188 0.000000
vertex -5.825712 7.492351 0.000000
vertex -6.056709 7.409699 0.000000
endloop
endfacet
facet normal 0 0 -1
outer loop
vertex 7.551963 -5.587726 0.000000
vertex 7.587962 -5.345043 0.000000
vertex 8.087129 -7.712862 0.000000
endloop
endfacet
facet normal 0 0 -1
outer loop
vertex 7.492351 -5.825712 0.000000
vertex 7.551963 -5.587726 0.000000
vertex 8.087129 -7.712862 0.000000
endloop
endfacet
facet normal 0 0 -1
outer loop
vertex -7.909188 7.909188 0.000000
vertex -6.056709 7.409699 0.000000
vertex -6.278492 7.304803 0.000000
endloop
endfacet
facet normal 0 0 -1
outer loop
vertex -7.909188 7.909188 0.000000
vertex -6.278492 7.304803 0.000000
vertex -6.488925 7.178674 0.000000
endloop
endfacet
facet normal 0 0 -1
outer loop
vertex 7.409699 -6.056709 0.000000
vertex 7.492351 -5.825712 0.000000
vertex 8.087129 -7.712862 0.000000
endloop
endfacet
facet normal 0 0 -1
outer loop
vertex 7.304803 -6.278492 0.000000
vertex 7.409699 -6.056709 0.000000
vertex 8.087129 -7.712862 0.000000
endloop
endfacet
facet normal 0 0 -1
outer loop
vertex -7.909188 7.909188 0.000000
vertex -6.488925 7.178674 0.000000
vertex -6.685983 7.032526 0.000000
endloop
endfacet
facet normal 0 0 -1
outer loop
vertex -7.909188 7.909188 0.000000
vertex -6.685983 7.032526 0.000000
vertex -6.867767 6.867767 0.000000
endloop
endfacet
facet normal 0 0 -1
outer loop
vertex 7.178674 -6.488925 0.000000
vertex 7.304803 -6.278492 0.000000
vertex 8.087129 -7.712862 0.000000
endloop
endfacet
facet normal 0 0 -1
outer loop
vertex 7.032526 -6.685983 0.000000
vertex 7.178674 -6.488925 0.000000
vertex 8.087129 -7.712862 0.000000
endloop
endfacet
facet normal 0 0 -1
outer loop
vertex -7.909188 7.909188 0.000000
vertex -6.867767 6.867767 0.000000
vertex -7.032526 6.685983 0.000000
endloop
endfacet
facet normal 0 0 -1
outer loop
vertex -7.909188 7.909188 0.000000
vertex -7.032526 6.685983 0.000000
vertex -7.178674 6.488925 0.000000
endloop
endfacet
facet normal 0 0 -1
outer loop
vertex 6.867767 -6.867767 0.000000
vertex 7.032526 -6.685983 0.000000
vertex 8.087129 -7.712862 0.000000
endloop
endfacet
facet normal 0 0 -1
outer loop
vertex 6.685983 -7.032526 0.000000
vertex 6.867767 -6.867767 0.000000
vertex 8.087129 -7.712862 0.000000
endloop
endfacet
facet normal 0 0 -1
outer loop
vertex -7.909188 7.909188 0.000000
vertex -7.178674 6.488925 0.000000
vertex -7.304803 6.278492 0.000000
endloop
endfacet
facet normal 0 0 -1
outer loop
vertex -7.909188 7.909188 0.000000
vertex -7.304803 6.278492 0.000000
vertex -7.409699 6.056709 0.000000
endloop
endfacet
facet normal 0 0 -1
outer loop
vertex 6.488925 -7.178674 0.000000
vertex 6.685983 -7.032526 0.000000
vertex 8.087129 -7.712862 0.000000
endloop
endfacet
facet normal 0 0 -1
outer loop
vertex 6.278492 -7.304803 0.000000
vertex 6.488925 -7.178674 0.000000
vertex 8.087129 -7.712862 0.000000
endloop
endfacet
facet normal 0 0 -1
outer loop
vertex -7.909188 7.909188 0.000000
vertex -7.409699 6.056709 0.000000
vertex -7.492351 5.825712 0.000000
endloop
endfacet
facet normal 0 0 -1
outer loop
vertex -7.909188 7.909188 0.000000
vertex -7.492351 5.825712 0.000000
vertex -7.551963 5.587726 0.000000
endloop
endfacet
facet normal 0 0 -1
outer loop
vertex 6.056709 -7.409699 0.000000
vertex 6.278492 -7.304803 0.000000
vertex 8.087129 -7.712862 0.000000
endloop
endfacet
facet normal 0 0 -1
outer loop
vertex 5.825712 -7.492351 0.000000
vertex 6.056709 -7.409699 0.000000
vertex 8.087129 -7.712862 0.000000
endloop
endfacet
facet normal 0 0 -1
outer loop
vertex -7.909188 7.909188 0.000000
vertex -7.551963 5.587726 0.000000
vertex -7.587962 5.345043 0.000000
endloop
endfacet
facet normal 0 0 -1
outer loop
vertex -7.909188 7.909188 0.000000
vertex -7.587962 5.345043 0.000000
vertex -7.600000 5.100000 0.000000
endloop
endfacet
facet normal 0 0 -1
outer loop
vertex 5.587726 -7.551963 0.000000
vertex 5.825712 -7.492351 0.000000
vertex 8.087129 -7.712862 0.000000
endloop
endfacet
facet normal 0 0 -1
outer loop
vertex 5.345043 -7.587962 0.000000
vertex 5.587726 -7.551963 0.000000
vertex 8.087129 -7.712862 0.000000
endloop
endfacet
facet normal 0 0 -1
outer loop
vertex -8.087129 -7.712862 0.000000
vertex -7.909188 7.909188 0.000000
vertex -7.600000 5.100000 0.000000
endloop
endfacet
facet normal 0 0 -1
outer loop
vertex -8.087129 -7.712862 0.000000
vertex -7.600000 5.100000 0.000000
vertex -7.600000 -5.100000 0.000000
endloop
endfacet
facet normal 0 0 -1
outer loop
vertex 5.100000 -7.600000 0.000000
vertex 5.345043 -7.587962 0.000000
vertex 8.087129 -7.712862 0.000000
endloop
endfacet
facet normal 0 0 -1
outer loop
vertex -5.100000 -7.600000 0.000000
vertex 5.100000 -7.600000 0.000000
vertex 8.087129 -7.712862 0.000000
endloop
endfacet
facet normal 0 0 -1
outer loop
vertex -8.087129 -7.712862 0.000000
vertex -7.600000 -5.100000 0.000000
vertex -7.587962 -5.345043 0.000000
endloop
endfacet
facet normal 0 0 -1
outer loop
vertex -8.087129 -7.712862 0.000000
vertex -7.587962 -5.345043 0.000000
vertex -7.551963 -5.587726 0.000000
endloop
endfacet
facet normal 0 -0 -1
outer loop
vertex -5.100000 -7.600000 0.000000
vertex 8.087129 -7.712862 0.000000
vertex -8.087129 -7.712862 0.000000
endloop
endfacet
facet normal 0 -0 -1
outer loop
vertex -5.345043 -7.587962 0.000000
vertex -5.100000 -7.600000 0.000000
vertex -8.087129 -7.712862 0.000000
endloop
endfacet
facet normal 0 0 -1
outer loop
vertex -8.087129 -7.712862 0.000000
vertex -7.551963 -5.587726 0.000000
vertex -7.492351 -5.825712 0.000000
endloop
endfacet
facet normal 0 0 -1
outer loop
vertex -8.087129 -7.712862 0.000000
vertex -7.492351 -5.825712 0.000000
vertex -7.409699 -6.056709 0.000000
endloop
endfacet
facet normal 0 -0 -1
outer loop
vertex -5.587726 -7.551963 0.000000
vertex -5.345043 -7.587962 0.000000
vertex -8.087129 -7.712862 0.000000
endloop
endfacet
facet normal 0 -0 -1
outer loop
vertex -5.825712 -7.492351 0.000000
vertex -5.587726 -7.551963 0.000000
vertex -8.087129 -7.712862 0.000000
endloop
endfacet
facet normal 0 0 -1
outer loop
vertex -8.087129 -7.712862 0.000000
vertex -7.409699 -6.056709 0.000000
vertex -7.304803 -6.278492 0.000000
endloop
endfacet
facet normal 0 0 -1
outer loop
vertex -8.087129 -7.712862 0.000000
vertex -7.304803 -6.278492 0.000000
vertex -7.178674 -6.488925 0.000000
endloop
endfacet
facet normal 0 -0 -1
outer loop
vertex -6.056709 -7.409699 0.000000
vertex -5.825712 -7.492351 0.000000
vertex -8.087129 -7.712862 0.000000
endloop
endfacet
facet normal 0 -0 -1
outer loop
vertex -6.278492 -7.304803 0.000000
vertex -6.056709 -7.409699 0.000000
vertex -8.087129 -7.712862 0.000000
endloop
endfacet
facet normal 0 0 -1
outer loop
vertex -8.087129 -7.712862 0.000000
vertex -7.178674 -6.488925 0.000000
vertex -7.032526 -6.685983 0.000000
endloop
endfacet
facet normal 0 0 -1
outer loop
vertex -8.087129 -7.712862 0.000000
vertex -7.032526 -6.685983 0.000000
vertex -6.867767 -6.867767 0.000000
endloop
endfacet
facet normal 0 -0 -1
outer loop
vertex -6.488925 -7.178674 0.000000
vertex -6.278492 -7.304803 0.000000
vertex -8.087129 -7.712862 0.000000
endloop
endfacet
facet normal 0 0 -1
outer loop
vertex -8.087129 -7.712862 0.000000
vertex -6.867767 -6.867767 0.000000
vertex -6.685983 -7.032526 0.000000
endloop
endfacet
facet normal 0 0 -1
outer loop
vertex -8.087129 -7.712862 0.000000
vertex -6.685983 -7.032526 0.000000
vertex -6.488925 -7.178674 0.000000
endloop
endfacet
facet normal 0 0 -1
outer loop
vertex 7.909188 7.909188 0.000000
vertex 8.087129 7.712862 0.000000
vertex 8.244968 7.500040 0.000000
endloop
endfacet
facet normal 0 0 -1
outer loop
vertex 8.244968 7.500040 0.000000
vertex 8.381187 7.272771 0.000000
vertex 8.494474 7.033245 0.000000
endloop
endfacet
facet normal 0 0 -1
outer loop
vertex 8.494474 7.033245 0.000000
vertex 7.275242 6.327812 0.000000
vertex 7.178674 6.488925 0.000000
endloop
endfacet
facet normal 0 0 -1
outer loop
vertex 8.494474 7.033245 0.000000
vertex 7.178674 6.488925 0.000000
vertex 7.032526 6.685983 0.000000
endloop
endfacet
facet normal 0 0 -1
outer loop
vertex 7.909188 7.909188 0.000000
vertex 8.244968 7.500040 0.000000
vertex 8.494474 7.033245 0.000000
endloop
endfacet
facet normal 0 0 -1
outer loop
vertex 7.500040 8.244968 0.000000
vertex 7.712862 8.087129 0.000000
vertex 7.909188 7.909188 0.000000
endloop
endfacet
facet normal 0 0 -1
outer loop
vertex 7.033245 8.494474 0.000000
vertex 7.272771 8.381187 0.000000
vertex 7.500040 8.244968 0.000000
endloop
endfacet
facet normal 0 0 -1
outer loop
vertex 6.488925 7.178674 0.000000
vertex 6.278492 7.304803 0.000000
vertex 7.033245 8.494474 0.000000
endloop
endfacet
facet normal 0 0 -1
outer loop
vertex 6.685983 7.032526 0.000000
vertex 6.488925 7.178674 0.000000
vertex 7.033245 8.494474 0.000000
endloop
endfacet
facet normal 0 0 -1
outer loop
vertex 7.033245 8.494474 0.000000
vertex 7.500040 8.244968 0.000000
vertex 7.909188 7.909188 0.000000
endloop
endfacet
facet normal 0 -0 -1
outer loop
vertex 7.909188 7.909188 0.000000
vertex 8.494474 7.033245 0.000000
vertex 7.032526 6.685983 0.000000
endloop
endfacet
facet normal 0 0 -1
outer loop
vertex 6.867767 6.867767 0.000000
vertex 6.685983 7.032526 0.000000
vertex 7.033245 8.494474 0.000000
endloop
endfacet
facet normal 0 0 -1
outer loop
vertex 7.909188 7.909188 0.000000
vertex 7.032526 6.685983 0.000000
vertex 6.867767 6.867767 0.000000
endloop
endfacet
facet normal 0 0 -1
outer loop
vertex 6.867767 6.867767 0.000000
vertex 7.033245 8.494474 0.000000
vertex 7.909188 7.909188 0.000000
endloop
endfacet
facet normal -0.998795 -0.0490679 0
outer loop
vertex 7.600000 5.100000 0.000000
vertex 7.600000 5.100000 2.450000
vertex 7.587962 5.345043 2.450000
endloop
endfacet
facet normal -0.998795 -0.0490679 0
outer loop
vertex 7.600000 5.100000 0.000000
vertex 7.587962 5.345043 2.450000
vertex 7.587962 5.345043 0.000000
endloop
endfacet
facet normal -0.989177 -0.146729 0
outer loop
vertex 7.587962 5.345043 0.000000
vertex 7.587962 5.345043 2.450000
vertex 7.551963 5.587726 2.450000
endloop
endfacet
facet normal -0.989177 -0.146729 0
outer loop
vertex 7.587962 5.345043 0.000000
vertex 7.551963 5.587726 2.450000
vertex 7.551963 5.587726 0.000000
endloop
endfacet
facet normal -0.970031 -0.24298 0
outer loop
vertex 7.551963 5.587726 0.000000
vertex 7.551963 5.587726 2.450000
vertex 7.492351 5.825712 2.450000
endloop
endfacet
facet normal -0.970031 -0.24298 0
outer loop
vertex 7.551963 5.587726 0.000000
vertex 7.492351 5.825712 2.450000
vertex 7.492351 5.825712 0.000000
endloop
endfacet
facet normal -0.941544 -0.33689 0
outer loop
vertex 7.492351 5.825712 0.000000
vertex 7.492351 5.825712 2.450000
vertex 7.409699 6.056709 2.450000
endloop
endfacet
facet normal -0.941544 -0.33689 0
outer loop
vertex 7.492351 5.825712 0.000000
vertex 7.409699 6.056709 2.450000
vertex 7.409699 6.056709 0.000000
endloop
endfacet
facet normal -0.903989 -0.427555 0
outer loop
vertex 7.409699 6.056709 0.000000
vertex 7.409699 6.056709 2.450000
vertex 7.304803 6.278492 2.450000
endloop
endfacet
facet normal -0.903989 -0.427555 0
outer loop
vertex 7.409699 6.056709 0.000000
vertex 7.304803 6.278492 2.450000
vertex 7.304803 6.278492 0.000000
endloop
endfacet
facet normal 0 0 1
outer loop
vertex 7.178674 6.488925 0.000000
vertex 7.275242 6.327812 0.000000
vertex 7.304803 6.278492 0.000000
endloop
endfacet
facet normal -0.857728 -0.514103 0
outer loop
vertex 7.304803 6.278492 0.000000
vertex 7.304803 6.278492 2.450000
vertex 7.178674 6.488925 2.450000
endloop
endfacet
facet normal -0.857728 -0.514103 0
outer loop
vertex 7.304803 6.278492 0.000000
vertex 7.178674 6.488925 2.450000
vertex 7.178674 6.488925 0.000000
endloop
endfacet
facet normal -0.803207 -0.5957 0
outer loop
vertex 7.178674 6.488925 2.450000
vertex 7.032526 6.685983 2.450000
vertex 7.032526 6.685983 0.000000
endloop
endfacet
facet normal -0.803207 -0.5957 -0
outer loop
vertex 7.178674 6.488925 2.450000
vertex 7.032526 6.685983 0.000000
vertex 7.178674 6.488925 0.000000
endloop
endfacet
facet normal -0.740951 -0.671559 0
outer loop
vertex 7.032526 6.685983 0.000000
vertex 7.032526 6.685983 2.450000
vertex 6.867767 6.867767 2.450000
endloop
endfacet
facet normal -0.740951 -0.671559 0
outer loop
vertex 7.032526 6.685983 0.000000
vertex 6.867767 6.867767 2.450000
vertex 6.867767 6.867767 0.000000
endloop
endfacet
facet normal -0.671559 -0.740951 0
outer loop
vertex 6.867767 6.867767 0.000000
vertex 6.867767 6.867767 2.450000
vertex 6.685983 7.032526 2.450000
endloop
endfacet
facet normal -0.671559 -0.740951 0
outer loop
vertex 6.867767 6.867767 0.000000
vertex 6.685983 7.032526 2.450000
vertex 6.685983 7.032526 0.000000
endloop
endfacet
facet normal -0.5957 -0.803207 0
outer loop
vertex 6.685983 7.032526 0.000000
vertex 6.685983 7.032526 2.450000
vertex 6.488925 7.178674 2.450000
endloop
endfacet
facet normal -0.5957 -0.803207 0
outer loop
vertex 6.685983 7.032526 0.000000
vertex 6.488925 7.178674 2.450000
vertex 6.488925 7.178674 0.000000
endloop
endfacet
facet normal -0.514103 -0.857728 0
outer loop
vertex 6.488925 7.178674 0.000000
vertex 6.488925 7.178674 2.450000
vertex 6.278492 7.304803 2.450000
endloop
endfacet
facet normal -0.514103 -0.857728 0
outer loop
vertex 6.488925 7.178674 0.000000
vertex 6.278492 7.304803 2.450000
vertex 6.278492 7.304803 0.000000
endloop
endfacet
facet normal -0.427555 -0.903989 0
outer loop
vertex 6.278492 7.304803 0.000000
vertex 6.278492 7.304803 2.450000
vertex 6.056709 7.409699 2.450000
endloop
endfacet
facet normal -0.427555 -0.903989 0
outer loop
vertex 6.278492 7.304803 0.000000
vertex 6.056709 7.409699 2.450000
vertex 6.056709 7.409699 0.000000
endloop
endfacet
facet normal -0.33689 -0.941544 0
outer loop
vertex 6.056709 7.409699 0.000000
vertex 6.056709 7.409699 2.450000
vertex 5.825712 7.492351 2.450000
endloop
endfacet
facet normal -0.33689 -0.941544 0
outer loop
vertex 6.056709 7.409699 0.000000
vertex 5.825712 7.492351 2.450000
vertex 5.825712 7.492351 0.000000
endloop
endfacet
facet normal -0.24298 -0.970031 0
outer loop
vertex 5.825712 7.492351 0.000000
vertex 5.825712 7.492351 2.450000
vertex 5.587726 7.551963 2.450000
endloop
endfacet
facet normal -0.24298 -0.970031 0
outer loop
vertex 5.825712 7.492351 0.000000
vertex 5.587726 7.551963 2.450000
vertex 5.587726 7.551963 0.000000
endloop
endfacet
facet normal -0.146729 -0.989177 0
outer loop
vertex 5.587726 7.551963 0.000000
vertex 5.587726 7.551963 2.450000
vertex 5.345043 7.587962 2.450000
endloop
endfacet
facet normal -0.146729 -0.989177 0
outer loop
vertex 5.587726 7.551963 0.000000
vertex 5.345043 7.587962 2.450000
vertex 5.345043 7.587962 0.000000
endloop
endfacet
facet normal -0.0490679 -0.998795 0
outer loop
vertex 5.345043 7.587962 0.000000
vertex 5.345043 7.587962 2.450000
vertex 5.100000 7.600000 2.450000
endloop
endfacet
facet normal -0.0490679 -0.998795 0
outer loop
vertex 5.345043 7.587962 0.000000
vertex 5.100000 7.600000 2.450000
vertex 5.100000 7.600000 0.000000
endloop
endfacet
facet normal 0 -1 0
outer loop
vertex 5.100000 7.600000 0.000000
vertex 5.100000 7.600000 2.450000
vertex -5.100000 7.600000 2.450000
endloop
endfacet
facet normal 0 -1 0
outer loop
vertex 5.100000 7.600000 0.000000
vertex -5.100000 7.600000 2.450000
vertex -5.100000 7.600000 0.000000
endloop
endfacet
facet normal 0.0490679 -0.998795 0
outer loop
vertex -5.100000 7.600000 0.000000
vertex -5.100000 7.600000 2.450000
vertex -5.345043 7.587962 2.450000
endloop
endfacet
facet normal 0.0490679 -0.998795 0
outer loop
vertex -5.100000 7.600000 0.000000
vertex -5.345043 7.587962 2.450000
vertex -5.345043 7.587962 0.000000
endloop
endfacet
facet normal 0.146729 -0.989177 0
outer loop
vertex -5.345043 7.587962 0.000000
vertex -5.345043 7.587962 2.450000
vertex -5.587726 7.551963 2.450000
endloop
endfacet
facet normal 0.146729 -0.989177 0
outer loop
vertex -5.345043 7.587962 0.000000
vertex -5.587726 7.551963 2.450000
vertex -5.587726 7.551963 0.000000
endloop
endfacet
facet normal 0.24298 -0.970031 0
outer loop
vertex -5.587726 7.551963 0.000000
vertex -5.587726 7.551963 2.450000
vertex -5.825712 7.492351 2.450000
endloop
endfacet
facet normal 0.24298 -0.970031 0
outer loop
vertex -5.587726 7.551963 0.000000
vertex -5.825712 7.492351 2.450000
vertex -5.825712 7.492351 0.000000
endloop
endfacet
facet normal 0.33689 -0.941544 0
outer loop
vertex -5.825712 7.492351 0.000000
vertex -5.825712 7.492351 2.450000
vertex -6.056709 7.409699 2.450000
endloop
endfacet
facet normal 0.33689 -0.941544 0
outer loop
vertex -5.825712 7.492351 0.000000
vertex -6.056709 7.409699 2.450000
vertex -6.056709 7.409699 0.000000
endloop
endfacet
facet normal 0.427555 -0.903989 0
outer loop
vertex -6.056709 7.409699 0.000000
vertex -6.056709 7.409699 2.450000
vertex -6.278492 7.304803 2.450000
endloop
endfacet
facet normal 0.427555 -0.903989 0
outer loop
vertex -6.056709 7.409699 0.000000
vertex -6.278492 7.304803 2.450000
vertex -6.278492 7.304803 0.000000
endloop
endfacet
facet normal 0.514103 -0.857728 0
outer loop
vertex -6.278492 7.304803 0.000000
vertex -6.278492 7.304803 2.450000
vertex -6.488925 7.178674 2.450000
endloop
endfacet
facet normal 0.514103 -0.857728 0
outer loop
vertex -6.278492 7.304803 0.000000
vertex -6.488925 7.178674 2.450000
vertex -6.488925 7.178674 0.000000
endloop
endfacet
facet normal 0.5957 -0.803207 0
outer loop
vertex -6.488925 7.178674 0.000000
vertex -6.488925 7.178674 2.450000
vertex -6.685983 7.032526 2.450000
endloop
endfacet
facet normal 0.5957 -0.803207 0
outer loop
vertex -6.488925 7.178674 0.000000
vertex -6.685983 7.032526 2.450000
vertex -6.685983 7.032526 0.000000
endloop
endfacet
facet normal 0.671559 -0.740951 0
outer loop
vertex -6.685983 7.032526 0.000000
vertex -6.685983 7.032526 2.450000
vertex -6.867767 6.867767 2.450000
endloop
endfacet
facet normal 0.671559 -0.740951 0
outer loop
vertex -6.685983 7.032526 0.000000
vertex -6.867767 6.867767 2.450000
vertex -6.867767 6.867767 0.000000
endloop
endfacet
facet normal 0.740951 -0.671559 0
outer loop
vertex -6.867767 6.867767 0.000000
vertex -6.867767 6.867767 2.450000
vertex -7.032526 6.685983 2.450000
endloop
endfacet
facet normal 0.740951 -0.671559 0
outer loop
vertex -6.867767 6.867767 0.000000
vertex -7.032526 6.685983 2.450000
vertex -7.032526 6.685983 0.000000
endloop
endfacet
facet normal 0.803207 -0.5957 0
outer loop
vertex -7.032526 6.685983 0.000000
vertex -7.032526 6.685983 2.450000
vertex -7.178674 6.488925 2.450000
endloop
endfacet
facet normal 0.803207 -0.5957 0
outer loop
vertex -7.032526 6.685983 0.000000
vertex -7.178674 6.488925 2.450000
vertex -7.178674 6.488925 0.000000
endloop
endfacet
facet normal 0.857728 -0.514103 0
outer loop
vertex -7.178674 6.488925 0.000000
vertex -7.178674 6.488925 2.450000
vertex -7.304803 6.278492 2.450000
endloop
endfacet
facet normal 0.857728 -0.514103 0
outer loop
vertex -7.178674 6.488925 0.000000
vertex -7.304803 6.278492 2.450000
vertex -7.304803 6.278492 0.000000
endloop
endfacet
facet normal 0.903989 -0.427555 0
outer loop
vertex -7.304803 6.278492 0.000000
vertex -7.304803 6.278492 2.450000
vertex -7.409699 6.056709 2.450000
endloop
endfacet
facet normal 0.903989 -0.427555 0
outer loop
vertex -7.304803 6.278492 0.000000
vertex -7.409699 6.056709 2.450000
vertex -7.409699 6.056709 0.000000
endloop
endfacet
facet normal 0.941544 -0.33689 0
outer loop
vertex -7.409699 6.056709 0.000000
vertex -7.409699 6.056709 2.450000
vertex -7.492351 5.825712 2.450000
endloop
endfacet
facet normal 0.941544 -0.33689 0
outer loop
vertex -7.409699 6.056709 0.000000
vertex -7.492351 5.825712 2.450000
vertex -7.492351 5.825712 0.000000
endloop
endfacet
facet normal 0.970031 -0.24298 0
outer loop
vertex -7.492351 5.825712 0.000000
vertex -7.492351 5.825712 2.450000
vertex -7.551963 5.587726 2.450000
endloop
endfacet
facet normal 0.970031 -0.24298 0
outer loop
vertex -7.492351 5.825712 0.000000
vertex -7.551963 5.587726 2.450000
vertex -7.551963 5.587726 0.000000
endloop
endfacet
facet normal 0.989177 -0.146729 0
outer loop
vertex -7.551963 5.587726 0.000000
vertex -7.551963 5.587726 2.450000
vertex -7.587962 5.345043 2.450000
endloop
endfacet
facet normal 0.989177 -0.146729 0
outer loop
vertex -7.551963 5.587726 0.000000
vertex -7.587962 5.345043 2.450000
vertex -7.587962 5.345043 0.000000
endloop
endfacet
facet normal 0.998795 -0.0490679 0
outer loop
vertex -7.587962 5.345043 0.000000
vertex -7.587962 5.345043 2.450000
vertex -7.600000 5.100000 2.450000
endloop
endfacet
facet normal 0.998795 -0.0490679 0
outer loop
vertex -7.587962 5.345043 0.000000
vertex -7.600000 5.100000 2.450000
vertex -7.600000 5.100000 0.000000
endloop
endfacet
facet normal 1 0 -0
outer loop
vertex -7.600000 5.100000 0.000000
vertex -7.600000 5.100000 2.450000
vertex -7.600000 -5.100000 2.450000
endloop
endfacet
facet normal 1 0 0
outer loop
vertex -7.600000 5.100000 0.000000
vertex -7.600000 -5.100000 2.450000
vertex -7.600000 -5.100000 0.000000
endloop
endfacet
facet normal 0.998795 0.0490679 -0
outer loop
vertex -7.600000 -5.100000 0.000000
vertex -7.600000 -5.100000 2.450000
vertex -7.587962 -5.345043 2.450000
endloop
endfacet
facet normal 0.998795 0.0490679 0
outer loop
vertex -7.600000 -5.100000 0.000000
vertex -7.587962 -5.345043 2.450000
vertex -7.587962 -5.345043 0.000000
endloop
endfacet
facet normal 0.989177 0.146729 -0
outer loop
vertex -7.587962 -5.345043 0.000000
vertex -7.587962 -5.345043 2.450000
vertex -7.551963 -5.587726 2.450000
endloop
endfacet
facet normal 0.989177 0.146729 0
outer loop
vertex -7.587962 -5.345043 0.000000
vertex -7.551963 -5.587726 2.450000
vertex -7.551963 -5.587726 0.000000
endloop
endfacet
facet normal 0.970031 0.24298 -0
outer loop
vertex -7.551963 -5.587726 0.000000
vertex -7.551963 -5.587726 2.450000
vertex -7.492351 -5.825712 2.450000
endloop
endfacet
facet normal 0.970031 0.24298 0
outer loop
vertex -7.551963 -5.587726 0.000000
vertex -7.492351 -5.825712 2.450000
vertex -7.492351 -5.825712 0.000000
endloop
endfacet
facet normal 0.941544 0.33689 -0
outer loop
vertex -7.492351 -5.825712 0.000000
vertex -7.492351 -5.825712 2.450000
vertex -7.409699 -6.056709 2.450000
endloop
endfacet
facet normal 0.941544 0.33689 0
outer loop
vertex -7.492351 -5.825712 0.000000
vertex -7.409699 -6.056709 2.450000
vertex -7.409699 -6.056709 0.000000
endloop
endfacet
facet normal 0.903989 0.427555 -0
outer loop
vertex -7.409699 -6.056709 0.000000
vertex -7.409699 -6.056709 2.450000
vertex -7.304803 -6.278492 2.450000
endloop
endfacet
facet normal 0.903989 0.427555 0
outer loop
vertex -7.409699 -6.056709 0.000000
vertex -7.304803 -6.278492 2.450000
vertex -7.304803 -6.278492 0.000000
endloop
endfacet
facet normal 0.857728 0.514103 -0
outer loop
vertex -7.304803 -6.278492 0.000000
vertex -7.304803 -6.278492 2.450000
vertex -7.178674 -6.488925 2.450000
endloop
endfacet
facet normal 0.857728 0.514103 0
outer loop
vertex -7.304803 -6.278492 0.000000
vertex -7.178674 -6.488925 2.450000
vertex -7.178674 -6.488925 0.000000
endloop
endfacet
facet normal 0.803207 0.5957 -0
outer loop
vertex -7.178674 -6.488925 0.000000
vertex -7.178674 -6.488925 2.450000
vertex -7.032526 -6.685983 2.450000
endloop
endfacet
facet normal 0.803207 0.5957 0
outer loop
vertex -7.178674 -6.488925 0.000000
vertex -7.032526 -6.685983 2.450000
vertex -7.032526 -6.685983 0.000000
endloop
endfacet
facet normal 0.740951 0.671559 -0
outer loop
vertex -7.032526 -6.685983 0.000000
vertex -7.032526 -6.685983 2.450000
vertex -6.867767 -6.867767 2.450000
endloop
endfacet
facet normal 0.740951 0.671559 0
outer loop
vertex -7.032526 -6.685983 0.000000
vertex -6.867767 -6.867767 2.450000
vertex -6.867767 -6.867767 0.000000
endloop
endfacet
facet normal 0.671559 0.740951 -0
outer loop
vertex -6.867767 -6.867767 0.000000
vertex -6.867767 -6.867767 2.450000
vertex -6.685983 -7.032526 2.450000
endloop
endfacet
facet normal 0.671559 0.740951 0
outer loop
vertex -6.867767 -6.867767 0.000000
vertex -6.685983 -7.032526 2.450000
vertex -6.685983 -7.032526 0.000000
endloop
endfacet
facet normal 0.5957 0.803207 -0
outer loop
vertex -6.685983 -7.032526 0.000000
vertex -6.685983 -7.032526 2.450000
vertex -6.488925 -7.178674 2.450000
endloop
endfacet
facet normal 0.5957 0.803207 0
outer loop
vertex -6.685983 -7.032526 0.000000
vertex -6.488925 -7.178674 2.450000
vertex -6.488925 -7.178674 0.000000
endloop
endfacet
facet normal 0.514103 0.857728 -0
outer loop
vertex -6.488925 -7.178674 0.000000
vertex -6.488925 -7.178674 2.450000
vertex -6.278492 -7.304803 2.450000
endloop
endfacet
facet normal 0.514103 0.857728 0
outer loop
vertex -6.488925 -7.178674 0.000000
vertex -6.278492 -7.304803 2.450000
vertex -6.278492 -7.304803 0.000000
endloop
endfacet
facet normal 0.427555 0.903989 -0
outer loop
vertex -6.278492 -7.304803 0.000000
vertex -6.278492 -7.304803 2.450000
vertex -6.056709 -7.409699 2.450000
endloop
endfacet
facet normal 0.427555 0.903989 0
outer loop
vertex -6.278492 -7.304803 0.000000
vertex -6.056709 -7.409699 2.450000
vertex -6.056709 -7.409699 0.000000
endloop
endfacet
facet normal 0.33689 0.941544 -0
outer loop
vertex -6.056709 -7.409699 0.000000
vertex -6.056709 -7.409699 2.450000
vertex -5.825712 -7.492351 2.450000
endloop
endfacet
facet normal 0.33689 0.941544 0
outer loop
vertex -6.056709 -7.409699 0.000000
vertex -5.825712 -7.492351 2.450000
vertex -5.825712 -7.492351 0.000000
endloop
endfacet
facet normal 0.24298 0.970031 -0
outer loop
vertex -5.825712 -7.492351 0.000000
vertex -5.825712 -7.492351 2.450000
vertex -5.587726 -7.551963 2.450000
endloop
endfacet
facet normal 0.24298 0.970031 0
outer loop
vertex -5.825712 -7.492351 0.000000
vertex -5.587726 -7.551963 2.450000
vertex -5.587726 -7.551963 0.000000
endloop
endfacet
facet normal 0.146729 0.989177 -0
outer loop
vertex -5.587726 -7.551963 0.000000
vertex -5.587726 -7.551963 2.450000
vertex -5.345043 -7.587962 2.450000
endloop
endfacet
facet normal 0.146729 0.989177 0
outer loop
vertex -5.587726 -7.551963 0.000000
vertex -5.345043 -7.587962 2.450000
vertex -5.345043 -7.587962 0.000000
endloop
endfacet
facet normal 0.0490679 0.998795 -0
outer loop
vertex -5.345043 -7.587962 0.000000
vertex -5.345043 -7.587962 2.450000
vertex -5.100000 -7.600000 2.450000
endloop
endfacet
facet normal 0.0490679 0.998795 0
outer loop
vertex -5.345043 -7.587962 0.000000
vertex -5.100000 -7.600000 2.450000
vertex -5.100000 -7.600000 0.000000
endloop
endfacet
facet normal 0 1 0
outer loop
vertex -5.100000 -7.600000 0.000000
vertex -5.100000 -7.600000 2.450000
vertex 5.100000 -7.600000 2.450000
endloop
endfacet
facet normal 0 1 0
outer loop
vertex -5.100000 -7.600000 0.000000
vertex 5.100000 -7.600000 2.450000
vertex 5.100000 -7.600000 0.000000
endloop
endfacet
facet normal -0.0490679 0.998795 0
outer loop
vertex 5.100000 -7.600000 0.000000
vertex 5.100000 -7.600000 2.450000
vertex 5.345043 -7.587962 2.450000
endloop
endfacet
facet normal -0.0490679 0.998795 0
outer loop
vertex 5.100000 -7.600000 0.000000
vertex 5.345043 -7.587962 2.450000
vertex 5.345043 -7.587962 0.000000
endloop
endfacet
facet normal -0.146729 0.989177 0
outer loop
vertex 5.345043 -7.587962 0.000000
vertex 5.345043 -7.587962 2.450000
vertex 5.587726 -7.551963 2.450000
endloop
endfacet
facet normal -0.146729 0.989177 0
outer loop
vertex 5.345043 -7.587962 0.000000
vertex 5.587726 -7.551963 2.450000
vertex 5.587726 -7.551963 0.000000
endloop
endfacet
facet normal -0.24298 0.970031 0
outer loop
vertex 5.587726 -7.551963 0.000000
vertex 5.587726 -7.551963 2.450000
vertex 5.825712 -7.492351 2.450000
endloop
endfacet
facet normal -0.24298 0.970031 0
outer loop
vertex 5.587726 -7.551963 0.000000
vertex 5.825712 -7.492351 2.450000
vertex 5.825712 -7.492351 0.000000
endloop
endfacet
facet normal -0.33689 0.941544 0
outer loop
vertex 5.825712 -7.492351 0.000000
vertex 5.825712 -7.492351 2.450000
vertex 6.056709 -7.409699 2.450000
endloop
endfacet
facet normal -0.33689 0.941544 0
outer loop
vertex 5.825712 -7.492351 0.000000
vertex 6.056709 -7.409699 2.450000
vertex 6.056709 -7.409699 0.000000
endloop
endfacet
facet normal -0.427555 0.903989 0
outer loop
vertex 6.056709 -7.409699 0.000000
vertex 6.056709 -7.409699 2.450000
vertex 6.278492 -7.304803 2.450000
endloop
endfacet
facet normal -0.427555 0.903989 0
outer loop
vertex 6.056709 -7.409699 0.000000
vertex 6.278492 -7.304803 2.450000
vertex 6.278492 -7.304803 0.000000
endloop
endfacet
facet normal -0.514103 0.857728 0
outer loop
vertex 6.278492 -7.304803 0.000000
vertex 6.278492 -7.304803 2.450000
vertex 6.488925 -7.178674 2.450000
endloop
endfacet
facet normal -0.514103 0.857728 0
outer loop
vertex 6.278492 -7.304803 0.000000
vertex 6.488925 -7.178674 2.450000
vertex 6.488925 -7.178674 0.000000
endloop
endfacet
facet normal -0.5957 0.803207 0
outer loop
vertex 6.488925 -7.178674 0.000000
vertex 6.488925 -7.178674 2.450000
vertex 6.685983 -7.032526 2.450000
endloop
endfacet
facet normal -0.5957 0.803207 0
outer loop
vertex 6.488925 -7.178674 0.000000
vertex 6.685983 -7.032526 2.450000
vertex 6.685983 -7.032526 0.000000
endloop
endfacet
facet normal -0.671559 0.740951 0
outer loop
vertex 6.685983 -7.032526 0.000000
vertex 6.685983 -7.032526 2.450000
vertex 6.867767 -6.867767 2.450000
endloop
endfacet
facet normal -0.671559 0.740951 0
outer loop
vertex 6.685983 -7.032526 0.000000
vertex 6.867767 -6.867767 2.450000
vertex 6.867767 -6.867767 0.000000
endloop
endfacet
facet normal -0.740951 0.671559 0
outer loop
vertex 6.867767 -6.867767 0.000000
vertex 6.867767 -6.867767 2.450000
vertex 7.032526 -6.685983 2.450000
endloop
endfacet
facet normal -0.740951 0.671559 0
outer loop
vertex 6.867767 -6.867767 0.000000
vertex 7.032526 -6.685983 2.450000
vertex 7.032526 -6.685983 0.000000
endloop
endfacet
facet normal -0.803207 0.5957 0
outer loop
vertex 7.032526 -6.685983 0.000000
vertex 7.032526 -6.685983 2.450000
vertex 7.178674 -6.488925 2.450000
endloop
endfacet
facet normal -0.803207 0.5957 0
outer loop
vertex 7.032526 -6.685983 0.000000
vertex 7.178674 -6.488925 2.450000
vertex 7.178674 -6.488925 0.000000
endloop
endfacet
facet normal -0.857728 0.514103 0
outer loop
vertex 7.178674 -6.488925 0.000000
vertex 7.178674 -6.488925 2.450000
vertex 7.304803 -6.278492 2.450000
endloop
endfacet
facet normal -0.857728 0.514103 0
outer loop
vertex 7.178674 -6.488925 0.000000
vertex 7.304803 -6.278492 2.450000
vertex 7.304803 -6.278492 0.000000
endloop
endfacet
facet normal -0.903989 0.427555 0
outer loop
vertex 7.304803 -6.278492 0.000000
vertex 7.304803 -6.278492 2.450000
vertex 7.409699 -6.056709 2.450000
endloop
endfacet
facet normal -0.903989 0.427555 0
outer loop
vertex 7.304803 -6.278492 0.000000
vertex 7.409699 -6.056709 2.450000
vertex 7.409699 -6.056709 0.000000
endloop
endfacet
facet normal -0.941544 0.33689 0
outer loop
vertex 7.409699 -6.056709 0.000000
vertex 7.409699 -6.056709 2.450000
vertex 7.492351 -5.825712 2.450000
endloop
endfacet
facet normal -0.941544 0.33689 0
outer loop
vertex 7.409699 -6.056709 0.000000
vertex 7.492351 -5.825712 2.450000
vertex 7.492351 -5.825712 0.000000
endloop
endfacet
facet normal -0.970031 0.24298 0
outer loop
vertex 7.492351 -5.825712 0.000000
vertex 7.492351 -5.825712 2.450000
vertex 7.551963 -5.587726 2.450000
endloop
endfacet
facet normal -0.970031 0.24298 0
outer loop
vertex 7.492351 -5.825712 0.000000
vertex 7.551963 -5.587726 2.450000
vertex 7.551963 -5.587726 0.000000
endloop
endfacet
facet normal -0.989177 0.146729 0
outer loop
vertex 7.551963 -5.587726 0.000000
vertex 7.551963 -5.587726 2.450000
vertex 7.587962 -5.345043 2.450000
endloop
endfacet
facet normal -0.989177 0.146729 0
outer loop
vertex 7.551963 -5.587726 0.000000
vertex 7.587962 -5.345043 2.450000
vertex 7.587962 -5.345043 0.000000
endloop
endfacet
facet normal -0.998795 0.0490679 0
outer loop
vertex 7.587962 -5.345043 0.000000
vertex 7.587962 -5.345043 2.450000
vertex 7.600000 -5.100000 2.450000
endloop
endfacet
facet normal -0.998795 0.0490679 0
outer loop
vertex 7.587962 -5.345043 0.000000
vertex 7.600000 -5.100000 2.450000
vertex 7.600000 -5.100000 0.000000
endloop
endfacet
facet normal -1 0 0
outer loop
vertex 7.600000 -5.100000 0.000000
vertex 7.600000 -5.100000 2.450000
vertex 7.600000 5.100000 2.450000
endloop
endfacet
facet normal -1 0 0
outer loop
vertex 7.600000 -5.100000 0.000000
vertex 7.600000 5.100000 2.450000
vertex 7.600000 5.100000 0.000000
endloop
endfacet
facet normal -0.706681 -0.0347165 -0.706681
outer loop
vertex 7.600000 5.100000 2.450000
vertex 7.350000 5.100000 2.700000
vertex 7.339166 5.320539 2.700000
endloop
endfacet
facet normal -0.706681 -0.0347171 -0.70668
outer loop
vertex 7.600000 5.100000 2.450000
vertex 7.339166 5.320539 2.700000
vertex 7.587962 5.345043 2.450000
endloop
endfacet
facet normal -0.699875 -0.103816 -0.70668
outer loop
vertex 7.587962 5.345043 2.450000
vertex 7.339166 5.320539 2.700000
vertex 7.306767 5.538953 2.700000
endloop
endfacet
facet normal -0.699875 -0.103816 -0.70668
outer loop
vertex 7.587962 5.345043 2.450000
vertex 7.306767 5.538953 2.700000
vertex 7.551963 5.587726 2.450000
endloop
endfacet
facet normal -0.686329 -0.171917 -0.70668
outer loop
vertex 7.551963 5.587726 2.450000
vertex 7.306767 5.538953 2.700000
vertex 7.253116 5.753140 2.700000
endloop
endfacet
facet normal -0.686329 -0.171916 -0.706681
outer loop
vertex 7.551963 5.587726 2.450000
vertex 7.253116 5.753140 2.700000
vertex 7.492351 5.825712 2.450000
endloop
endfacet
facet normal -0.666173 -0.23836 -0.706681
outer loop
vertex 7.492351 5.825712 2.450000
vertex 7.253116 5.753140 2.700000
vertex 7.178729 5.961038 2.700000
endloop
endfacet
facet normal -0.666173 -0.238361 -0.706681
outer loop
vertex 7.492351 5.825712 2.450000
vertex 7.178729 5.961038 2.700000
vertex 7.409699 6.056709 2.450000
endloop
endfacet
facet normal -0.639602 -0.302509 -0.706681
outer loop
vertex 7.409699 6.056709 2.450000
vertex 7.178729 5.961038 2.700000
vertex 7.084323 6.160643 2.700000
endloop
endfacet
facet normal -0.639602 -0.302509 -0.706681
outer loop
vertex 7.409699 6.056709 2.450000
vertex 7.084323 6.160643 2.700000
vertex 7.304803 6.278492 2.450000
endloop
endfacet
facet normal -0.606871 -0.363745 -0.706681
outer loop
vertex 7.304803 6.278492 2.450000
vertex 7.084323 6.160643 2.700000
vertex 6.970807 6.350033 2.700000
endloop
endfacet
facet normal -0.606871 -0.363745 -0.706681
outer loop
vertex 7.304803 6.278492 2.450000
vertex 6.970807 6.350033 2.700000
vertex 7.178674 6.488925 2.450000
endloop
endfacet
facet normal -0.568295 -0.421477 -0.706681
outer loop
vertex 7.178674 6.488925 2.450000
vertex 6.970807 6.350033 2.700000
vertex 6.839273 6.527385 2.700000
endloop
endfacet
facet normal -0.568295 -0.421477 -0.706681
outer loop
vertex 7.178674 6.488925 2.450000
vertex 6.839273 6.527385 2.700000
vertex 7.032526 6.685983 2.450000
endloop
endfacet
facet normal -0.524248 -0.475149 -0.706681
outer loop
vertex 7.032526 6.685983 2.450000
vertex 6.839273 6.527385 2.700000
vertex 6.690990 6.690990 2.700000
endloop
endfacet
facet normal -0.524248 -0.47515 -0.70668
outer loop
vertex 7.032526 6.685983 2.450000
vertex 6.690990 6.690990 2.700000
vertex 6.867767 6.867767 2.450000
endloop
endfacet
facet normal -0.475149 -0.524248 -0.70668
outer loop
vertex 6.867767 6.867767 2.450000
vertex 6.690990 6.690990 2.700000
vertex 6.527385 6.839273 2.700000
endloop
endfacet
facet normal -0.47515 -0.524247 -0.706681
outer loop
vertex 6.867767 6.867767 2.450000
vertex 6.527385 6.839273 2.700000
vertex 6.685983 7.032526 2.450000
endloop
endfacet
facet normal -0.421477 -0.568296 -0.706681
outer loop
vertex 6.685983 7.032526 2.450000
vertex 6.527385 6.839273 2.700000
vertex 6.350033 6.970807 2.700000
endloop
endfacet
facet normal -0.421477 -0.568295 -0.706681
outer loop
vertex 6.685983 7.032526 2.450000
vertex 6.350033 6.970807 2.700000
vertex 6.488925 7.178674 2.450000
endloop
endfacet
facet normal -0.363745 -0.60687 -0.706681
outer loop
vertex 6.488925 7.178674 2.450000
vertex 6.350033 6.970807 2.700000
vertex 6.160643 7.084323 2.700000
endloop
endfacet
facet normal -0.363745 -0.606871 -0.706681
outer loop
vertex 6.488925 7.178674 2.450000
vertex 6.160643 7.084323 2.700000
vertex 6.278492 7.304803 2.450000
endloop
endfacet
facet normal -0.302509 -0.639602 -0.706681
outer loop
vertex 6.278492 7.304803 2.450000
vertex 6.160643 7.084323 2.700000
vertex 5.961038 7.178729 2.700000
endloop
endfacet
facet normal -0.302509 -0.639602 -0.706681
outer loop
vertex 6.278492 7.304803 2.450000
vertex 5.961038 7.178729 2.700000
vertex 6.056709 7.409699 2.450000
endloop
endfacet
facet normal -0.23836 -0.666173 -0.706681
outer loop
vertex 6.056709 7.409699 2.450000
vertex 5.961038 7.178729 2.700000
vertex 5.753140 7.253116 2.700000
endloop
endfacet
facet normal -0.23836 -0.666173 -0.706681
outer loop
vertex 6.056709 7.409699 2.450000
vertex 5.753140 7.253116 2.700000
vertex 5.825712 7.492351 2.450000
endloop
endfacet
facet normal -0.171917 -0.686328 -0.706681
outer loop
vertex 5.825712 7.492351 2.450000
vertex 5.753140 7.253116 2.700000
vertex 5.538953 7.306767 2.700000
endloop
endfacet
facet normal -0.171916 -0.686329 -0.706681
outer loop
vertex 5.825712 7.492351 2.450000
vertex 5.538953 7.306767 2.700000
vertex 5.587726 7.551963 2.450000
endloop
endfacet
facet normal -0.103816 -0.699875 -0.70668
outer loop
vertex 5.587726 7.551963 2.450000
vertex 5.538953 7.306767 2.700000
vertex 5.320539 7.339166 2.700000
endloop
endfacet
facet normal -0.103816 -0.699875 -0.70668
outer loop
vertex 5.587726 7.551963 2.450000
vertex 5.320539 7.339166 2.700000
vertex 5.345043 7.587962 2.450000
endloop
endfacet
facet normal -0.0347165 -0.706681 -0.70668
outer loop
vertex 5.345043 7.587962 2.450000
vertex 5.320539 7.339166 2.700000
vertex 5.100000 7.350000 2.700000
endloop
endfacet
facet normal -0.0347171 -0.706681 -0.706681
outer loop
vertex 5.345043 7.587962 2.450000
vertex 5.100000 7.350000 2.700000
vertex 5.100000 7.600000 2.450000
endloop
endfacet
facet normal 0 -0.707107 -0.707107
outer loop
vertex 5.100000 7.600000 2.450000
vertex 5.100000 7.350000 2.700000
vertex -5.100000 7.350000 2.700000
endloop
endfacet
facet normal -0 -0.707107 -0.707107
outer loop
vertex 5.100000 7.600000 2.450000
vertex -5.100000 7.350000 2.700000
vertex -5.100000 7.600000 2.450000
endloop
endfacet
facet normal 0.0347165 -0.706681 -0.706681
outer loop
vertex -5.100000 7.600000 2.450000
vertex -5.100000 7.350000 2.700000
vertex -5.320539 7.339166 2.700000
endloop
endfacet
facet normal 0.0347171 -0.706681 -0.70668
outer loop
vertex -5.100000 7.600000 2.450000
vertex -5.320539 7.339166 2.700000
vertex -5.345043 7.587962 2.450000
endloop
endfacet
facet normal 0.103816 -0.699875 -0.70668
outer loop
vertex -5.345043 7.587962 2.450000
vertex -5.320539 7.339166 2.700000
vertex -5.538953 7.306767 2.700000
endloop
endfacet
facet normal 0.103816 -0.699875 -0.70668
outer loop
vertex -5.345043 7.587962 2.450000
vertex -5.538953 7.306767 2.700000
vertex -5.587726 7.551963 2.450000
endloop
endfacet
facet normal 0.171917 -0.686329 -0.70668
outer loop
vertex -5.587726 7.551963 2.450000
vertex -5.538953 7.306767 2.700000
vertex -5.753140 7.253116 2.700000
endloop
endfacet
facet normal 0.171916 -0.686329 -0.706681
outer loop
vertex -5.587726 7.551963 2.450000
vertex -5.753140 7.253116 2.700000
vertex -5.825712 7.492351 2.450000
endloop
endfacet
facet normal 0.23836 -0.666173 -0.706681
outer loop
vertex -5.825712 7.492351 2.450000
vertex -5.753140 7.253116 2.700000
vertex -5.961038 7.178729 2.700000
endloop
endfacet
facet normal 0.238361 -0.666173 -0.706681
outer loop
vertex -5.825712 7.492351 2.450000
vertex -5.961038 7.178729 2.700000
vertex -6.056709 7.409699 2.450000
endloop
endfacet
facet normal 0.302509 -0.639602 -0.706681
outer loop
vertex -6.056709 7.409699 2.450000
vertex -5.961038 7.178729 2.700000
vertex -6.160643 7.084323 2.700000
endloop
endfacet
facet normal 0.302509 -0.639602 -0.706681
outer loop
vertex -6.056709 7.409699 2.450000
vertex -6.160643 7.084323 2.700000
vertex -6.278492 7.304803 2.450000
endloop
endfacet
facet normal 0.363745 -0.606871 -0.706681
outer loop
vertex -6.278492 7.304803 2.450000
vertex -6.160643 7.084323 2.700000
vertex -6.350033 6.970807 2.700000
endloop
endfacet
facet normal 0.363745 -0.606871 -0.706681
outer loop
vertex -6.278492 7.304803 2.450000
vertex -6.350033 6.970807 2.700000
vertex -6.488925 7.178674 2.450000
endloop
endfacet
facet normal 0.421477 -0.568295 -0.706681
outer loop
vertex -6.488925 7.178674 2.450000
vertex -6.350033 6.970807 2.700000
vertex -6.527385 6.839273 2.700000
endloop
endfacet
facet normal 0.421477 -0.568295 -0.706681
outer loop
vertex -6.488925 7.178674 2.450000
vertex -6.527385 6.839273 2.700000
vertex -6.685983 7.032526 2.450000
endloop
endfacet
facet normal 0.475149 -0.524248 -0.706681
outer loop
vertex -6.685983 7.032526 2.450000
vertex -6.527385 6.839273 2.700000
vertex -6.690990 6.690990 2.700000
endloop
endfacet
facet normal 0.47515 -0.524248 -0.70668
outer loop
vertex -6.685983 7.032526 2.450000
vertex -6.690990 6.690990 2.700000
vertex -6.867767 6.867767 2.450000
endloop
endfacet
facet normal 0.524248 -0.475149 -0.70668
outer loop
vertex -6.867767 6.867767 2.450000
vertex -6.690990 6.690990 2.700000
vertex -6.839273 6.527385 2.700000
endloop
endfacet
facet normal 0.524247 -0.47515 -0.706681
outer loop
vertex -6.867767 6.867767 2.450000
vertex -6.839273 6.527385 2.700000
vertex -7.032526 6.685983 2.450000
endloop
endfacet
facet normal 0.568296 -0.421477 -0.706681
outer loop
vertex -7.032526 6.685983 2.450000
vertex -6.839273 6.527385 2.700000
vertex -6.970807 6.350033 2.700000
endloop
endfacet
facet normal 0.568295 -0.421477 -0.706681
outer loop
vertex -7.032526 6.685983 2.450000
vertex -6.970807 6.350033 2.700000
vertex -7.178674 6.488925 2.450000
endloop
endfacet
facet normal 0.60687 -0.363745 -0.706681
outer loop
vertex -7.178674 6.488925 2.450000
vertex -6.970807 6.350033 2.700000
vertex -7.084323 6.160643 2.700000
endloop
endfacet
facet normal 0.606871 -0.363745 -0.706681
outer loop
vertex -7.178674 6.488925 2.450000
vertex -7.084323 6.160643 2.700000
vertex -7.304803 6.278492 2.450000
endloop
endfacet
facet normal 0.639602 -0.302509 -0.706681
outer loop
vertex -7.304803 6.278492 2.450000
vertex -7.084323 6.160643 2.700000
vertex -7.178729 5.961038 2.700000
endloop
endfacet
facet normal 0.639602 -0.302509 -0.706681
outer loop
vertex -7.304803 6.278492 2.450000
vertex -7.178729 5.961038 2.700000
vertex -7.409699 6.056709 2.450000
endloop
endfacet
facet normal 0.666173 -0.23836 -0.706681
outer loop
vertex -7.409699 6.056709 2.450000
vertex -7.178729 5.961038 2.700000
vertex -7.253116 5.753140 2.700000
endloop
endfacet
facet normal 0.666173 -0.23836 -0.706681
outer loop
vertex -7.409699 6.056709 2.450000
vertex -7.253116 5.753140 2.700000
vertex -7.492351 5.825712 2.450000
endloop
endfacet
facet normal 0.686328 -0.171917 -0.706681
outer loop
vertex -7.492351 5.825712 2.450000
vertex -7.253116 5.753140 2.700000
vertex -7.306767 5.538953 2.700000
endloop
endfacet
facet normal 0.686329 -0.171916 -0.706681
outer loop
vertex -7.492351 5.825712 2.450000
vertex -7.306767 5.538953 2.700000
vertex -7.551963 5.587726 2.450000
endloop
endfacet
facet normal 0.699875 -0.103816 -0.70668
outer loop
vertex -7.551963 5.587726 2.450000
vertex -7.306767 5.538953 2.700000
vertex -7.339166 5.320539 2.700000
endloop
endfacet
facet normal 0.699875 -0.103816 -0.70668
outer loop
vertex -7.551963 5.587726 2.450000
vertex -7.339166 5.320539 2.700000
vertex -7.587962 5.345043 2.450000
endloop
endfacet
facet normal 0.706681 -0.0347165 -0.70668
outer loop
vertex -7.587962 5.345043 2.450000
vertex -7.339166 5.320539 2.700000
vertex -7.350000 5.100000 2.700000
endloop
endfacet
facet normal 0.706681 -0.0347171 -0.706681
outer loop
vertex -7.587962 5.345043 2.450000
vertex -7.350000 5.100000 2.700000
vertex -7.600000 5.100000 2.450000
endloop
endfacet
facet normal 0.707107 0 -0.707107
outer loop
vertex -7.600000 5.100000 2.450000
vertex -7.350000 5.100000 2.700000
vertex -7.350000 -5.100000 2.700000
endloop
endfacet
facet normal 0.707107 0 -0.707107
outer loop
vertex -7.600000 5.100000 2.450000
vertex -7.350000 -5.100000 2.700000
vertex -7.600000 -5.100000 2.450000
endloop
endfacet
facet normal 0.706681 0.0347165 -0.706681
outer loop
vertex -7.600000 -5.100000 2.450000
vertex -7.350000 -5.100000 2.700000
vertex -7.339166 -5.320539 2.700000
endloop
endfacet
facet normal 0.706681 0.0347171 -0.70668
outer loop
vertex -7.600000 -5.100000 2.450000
vertex -7.339166 -5.320539 2.700000
vertex -7.587962 -5.345043 2.450000
endloop
endfacet
facet normal 0.699875 0.103816 -0.70668
outer loop
vertex -7.587962 -5.345043 2.450000
vertex -7.339166 -5.320539 2.700000
vertex -7.306767 -5.538953 2.700000
endloop
endfacet
facet normal 0.699875 0.103816 -0.70668
outer loop
vertex -7.587962 -5.345043 2.450000
vertex -7.306767 -5.538953 2.700000
vertex -7.551963 -5.587726 2.450000
endloop
endfacet
facet normal 0.686329 0.171917 -0.70668
outer loop
vertex -7.551963 -5.587726 2.450000
vertex -7.306767 -5.538953 2.700000
vertex -7.253116 -5.753140 2.700000
endloop
endfacet
facet normal 0.686329 0.171916 -0.706681
outer loop
vertex -7.551963 -5.587726 2.450000
vertex -7.253116 -5.753140 2.700000
vertex -7.492351 -5.825712 2.450000
endloop
endfacet
facet normal 0.666173 0.23836 -0.706681
outer loop
vertex -7.492351 -5.825712 2.450000
vertex -7.253116 -5.753140 2.700000
vertex -7.178729 -5.961038 2.700000
endloop
endfacet
facet normal 0.666173 0.238361 -0.706681
outer loop
vertex -7.492351 -5.825712 2.450000
vertex -7.178729 -5.961038 2.700000
vertex -7.409699 -6.056709 2.450000
endloop
endfacet
facet normal 0.639602 0.302509 -0.706681
outer loop
vertex -7.409699 -6.056709 2.450000
vertex -7.178729 -5.961038 2.700000
vertex -7.084323 -6.160643 2.700000
endloop
endfacet
facet normal 0.639602 0.302509 -0.706681
outer loop
vertex -7.409699 -6.056709 2.450000
vertex -7.084323 -6.160643 2.700000
vertex -7.304803 -6.278492 2.450000
endloop
endfacet
facet normal 0.606871 0.363745 -0.706681
outer loop
vertex -7.304803 -6.278492 2.450000
vertex -7.084323 -6.160643 2.700000
vertex -6.970807 -6.350033 2.700000
endloop
endfacet
facet normal 0.606871 0.363745 -0.706681
outer loop
vertex -7.304803 -6.278492 2.450000
vertex -6.970807 -6.350033 2.700000
vertex -7.178674 -6.488925 2.450000
endloop
endfacet
facet normal 0.568295 0.421477 -0.706681
outer loop
vertex -7.178674 -6.488925 2.450000
vertex -6.970807 -6.350033 2.700000
vertex -6.839273 -6.527385 2.700000
endloop
endfacet
facet normal 0.568295 0.421477 -0.706681
outer loop
vertex -7.178674 -6.488925 2.450000
vertex -6.839273 -6.527385 2.700000
vertex -7.032526 -6.685983 2.450000
endloop
endfacet
facet normal 0.524248 0.475149 -0.706681
outer loop
vertex -7.032526 -6.685983 2.450000
vertex -6.839273 -6.527385 2.700000
vertex -6.690990 -6.690990 2.700000
endloop
endfacet
facet normal 0.524248 0.47515 -0.70668
outer loop
vertex -7.032526 -6.685983 2.450000
vertex -6.690990 -6.690990 2.700000
vertex -6.867767 -6.867767 2.450000
endloop
endfacet
facet normal 0.475149 0.524248 -0.70668
outer loop
vertex -6.867767 -6.867767 2.450000
vertex -6.690990 -6.690990 2.700000
vertex -6.527385 -6.839273 2.700000
endloop
endfacet
facet normal 0.47515 0.524247 -0.706681
outer loop
vertex -6.867767 -6.867767 2.450000
vertex -6.527385 -6.839273 2.700000
vertex -6.685983 -7.032526 2.450000
endloop
endfacet
facet normal 0.421477 0.568296 -0.706681
outer loop
vertex -6.685983 -7.032526 2.450000
vertex -6.527385 -6.839273 2.700000
vertex -6.350033 -6.970807 2.700000
endloop
endfacet
facet normal 0.421477 0.568295 -0.706681
outer loop
vertex -6.685983 -7.032526 2.450000
vertex -6.350033 -6.970807 2.700000
vertex -6.488925 -7.178674 2.450000
endloop
endfacet
facet normal 0.363745 0.60687 -0.706681
outer loop
vertex -6.488925 -7.178674 2.450000
vertex -6.350033 -6.970807 2.700000
vertex -6.160643 -7.084323 2.700000
endloop
endfacet
facet normal 0.363745 0.606871 -0.706681
outer loop
vertex -6.488925 -7.178674 2.450000
vertex -6.160643 -7.084323 2.700000
vertex -6.278492 -7.304803 2.450000
endloop
endfacet
facet normal 0.302509 0.639602 -0.706681
outer loop
vertex -6.278492 -7.304803 2.450000
vertex -6.160643 -7.084323 2.700000
vertex -5.961038 -7.178729 2.700000
endloop
endfacet
facet normal 0.302509 0.639602 -0.706681
outer loop
vertex -6.278492 -7.304803 2.450000
vertex -5.961038 -7.178729 2.700000
vertex -6.056709 -7.409699 2.450000
endloop
endfacet
facet normal 0.23836 0.666173 -0.706681
outer loop
vertex -6.056709 -7.409699 2.450000
vertex -5.961038 -7.178729 2.700000
vertex -5.753140 -7.253116 2.700000
endloop
endfacet
facet normal 0.23836 0.666173 -0.706681
outer loop
vertex -6.056709 -7.409699 2.450000
vertex -5.753140 -7.253116 2.700000
vertex -5.825712 -7.492351 2.450000
endloop
endfacet
facet normal 0.171917 0.686328 -0.706681
outer loop
vertex -5.825712 -7.492351 2.450000
vertex -5.753140 -7.253116 2.700000
vertex -5.538953 -7.306767 2.700000
endloop
endfacet
facet normal 0.171916 0.686329 -0.706681
outer loop
vertex -5.825712 -7.492351 2.450000
vertex -5.538953 -7.306767 2.700000
vertex -5.587726 -7.551963 2.450000
endloop
endfacet
facet normal 0.103816 0.699875 -0.70668
outer loop
vertex -5.587726 -7.551963 2.450000
vertex -5.538953 -7.306767 2.700000
vertex -5.320539 -7.339166 2.700000
endloop
endfacet
facet normal 0.103816 0.699875 -0.70668
outer loop
vertex -5.587726 -7.551963 2.450000
vertex -5.320539 -7.339166 2.700000
vertex -5.345043 -7.587962 2.450000
endloop
endfacet
facet normal 0.0347165 0.706681 -0.70668
outer loop
vertex -5.345043 -7.587962 2.450000
vertex -5.320539 -7.339166 2.700000
vertex -5.100000 -7.350000 2.700000
endloop
endfacet
facet normal 0.0347171 0.706681 -0.706681
outer loop
vertex -5.345043 -7.587962 2.450000
vertex -5.100000 -7.350000 2.700000
vertex -5.100000 -7.600000 2.450000
endloop
endfacet
facet normal 0 0.707107 -0.707107
outer loop
vertex -5.100000 -7.600000 2.450000
vertex -5.100000 -7.350000 2.700000
vertex 5.100000 -7.350000 2.700000
endloop
endfacet
facet normal 0 0.707107 -0.707107
outer loop
vertex -5.100000 -7.600000 2.450000
vertex 5.100000 -7.350000 2.700000
vertex 5.100000 -7.600000 2.450000
endloop
endfacet
facet normal -0.0347165 0.706681 -0.706681
outer loop
vertex 5.100000 -7.600000 2.450000
vertex 5.100000 -7.350000 2.700000
vertex 5.320539 -7.339166 2.700000
endloop
endfacet
facet normal -0.0347171 0.706681 -0.70668
outer loop
vertex 5.100000 -7.600000 2.450000
vertex 5.320539 -7.339166 2.700000
vertex 5.345043 -7.587962 2.450000
endloop
endfacet
facet normal -0.103816 0.699875 -0.70668
outer loop
vertex 5.345043 -7.587962 2.450000
vertex 5.320539 -7.339166 2.700000
vertex 5.538953 -7.306767 2.700000
endloop
endfacet
facet normal -0.103816 0.699875 -0.70668
outer loop
vertex 5.345043 -7.587962 2.450000
vertex 5.538953 -7.306767 2.700000
vertex 5.587726 -7.551963 2.450000
endloop
endfacet
facet normal -0.171917 0.686329 -0.70668
outer loop
vertex 5.587726 -7.551963 2.450000
vertex 5.538953 -7.306767 2.700000
vertex 5.753140 -7.253116 2.700000
endloop
endfacet
facet normal -0.171916 0.686329 -0.706681
outer loop
vertex 5.587726 -7.551963 2.450000
vertex 5.753140 -7.253116 2.700000
vertex 5.825712 -7.492351 2.450000
endloop
endfacet
facet normal -0.23836 0.666173 -0.706681
outer loop
vertex 5.825712 -7.492351 2.450000
vertex 5.753140 -7.253116 2.700000
vertex 5.961038 -7.178729 2.700000
endloop
endfacet
facet normal -0.238361 0.666173 -0.706681
outer loop
vertex 5.825712 -7.492351 2.450000
vertex 5.961038 -7.178729 2.700000
vertex 6.056709 -7.409699 2.450000
endloop
endfacet
facet normal -0.302509 0.639602 -0.706681
outer loop
vertex 6.056709 -7.409699 2.450000
vertex 5.961038 -7.178729 2.700000
vertex 6.160643 -7.084323 2.700000
endloop
endfacet
facet normal -0.302509 0.639602 -0.706681
outer loop
vertex 6.056709 -7.409699 2.450000
vertex 6.160643 -7.084323 2.700000
vertex 6.278492 -7.304803 2.450000
endloop
endfacet
facet normal -0.363745 0.606871 -0.706681
outer loop
vertex 6.278492 -7.304803 2.450000
vertex 6.160643 -7.084323 2.700000
vertex 6.350033 -6.970807 2.700000
endloop
endfacet
facet normal -0.363745 0.606871 -0.706681
outer loop
vertex 6.278492 -7.304803 2.450000
vertex 6.350033 -6.970807 2.700000
vertex 6.488925 -7.178674 2.450000
endloop
endfacet
facet normal -0.421477 0.568295 -0.706681
outer loop
vertex 6.488925 -7.178674 2.450000
vertex 6.350033 -6.970807 2.700000
vertex 6.527385 -6.839273 2.700000
endloop
endfacet
facet normal -0.421477 0.568295 -0.706681
outer loop
vertex 6.488925 -7.178674 2.450000
vertex 6.527385 -6.839273 2.700000
vertex 6.685983 -7.032526 2.450000
endloop
endfacet
facet normal -0.475149 0.524248 -0.706681
outer loop
vertex 6.685983 -7.032526 2.450000
vertex 6.527385 -6.839273 2.700000
vertex 6.690990 -6.690990 2.700000
endloop
endfacet
facet normal -0.47515 0.524248 -0.70668
outer loop
vertex 6.685983 -7.032526 2.450000
vertex 6.690990 -6.690990 2.700000
vertex 6.867767 -6.867767 2.450000
endloop
endfacet
facet normal -0.524248 0.475149 -0.70668
outer loop
vertex 6.867767 -6.867767 2.450000
vertex 6.690990 -6.690990 2.700000
vertex 6.839273 -6.527385 2.700000
endloop
endfacet
facet normal -0.524247 0.47515 -0.706681
outer loop
vertex 6.867767 -6.867767 2.450000
vertex 6.839273 -6.527385 2.700000
vertex 7.032526 -6.685983 2.450000
endloop
endfacet
facet normal -0.568296 0.421477 -0.706681
outer loop
vertex 7.032526 -6.685983 2.450000
vertex 6.839273 -6.527385 2.700000
vertex 6.970807 -6.350033 2.700000
endloop
endfacet
facet normal -0.568295 0.421477 -0.706681
outer loop
vertex 7.032526 -6.685983 2.450000
vertex 6.970807 -6.350033 2.700000
vertex 7.178674 -6.488925 2.450000
endloop
endfacet
facet normal -0.60687 0.363745 -0.706681
outer loop
vertex 7.178674 -6.488925 2.450000
vertex 6.970807 -6.350033 2.700000
vertex 7.084323 -6.160643 2.700000
endloop
endfacet
facet normal -0.606871 0.363745 -0.706681
outer loop
vertex 7.178674 -6.488925 2.450000
vertex 7.084323 -6.160643 2.700000
vertex 7.304803 -6.278492 2.450000
endloop
endfacet
facet normal -0.639602 0.302509 -0.706681
outer loop
vertex 7.304803 -6.278492 2.450000
vertex 7.084323 -6.160643 2.700000
vertex 7.178729 -5.961038 2.700000
endloop
endfacet
facet normal -0.639602 0.302509 -0.706681
outer loop
vertex 7.304803 -6.278492 2.450000
vertex 7.178729 -5.961038 2.700000
vertex 7.409699 -6.056709 2.450000
endloop
endfacet
facet normal -0.666173 0.23836 -0.706681
outer loop
vertex 7.409699 -6.056709 2.450000
vertex 7.178729 -5.961038 2.700000
vertex 7.253116 -5.753140 2.700000
endloop
endfacet
facet normal -0.666173 0.23836 -0.706681
outer loop
vertex 7.409699 -6.056709 2.450000
vertex 7.253116 -5.753140 2.700000
vertex 7.492351 -5.825712 2.450000
endloop
endfacet
facet normal -0.686328 0.171917 -0.706681
outer loop
vertex 7.492351 -5.825712 2.450000
vertex 7.253116 -5.753140 2.700000
vertex 7.306767 -5.538953 2.700000
endloop
endfacet
facet normal -0.686329 0.171916 -0.706681
outer loop
vertex 7.492351 -5.825712 2.450000
vertex 7.306767 -5.538953 2.700000
vertex 7.551963 -5.587726 2.450000
endloop
endfacet
facet normal -0.699875 0.103816 -0.70668
outer loop
vertex 7.551963 -5.587726 2.450000
vertex 7.306767 -5.538953 2.700000
vertex 7.339166 -5.320539 2.700000
endloop
endfacet
facet normal -0.699875 0.103816 -0.70668
outer loop
vertex 7.551963 -5.587726 2.450000
vertex 7.339166 -5.320539 2.700000
vertex 7.587962 -5.345043 2.450000
endloop
endfacet
facet normal -0.706681 0.0347165 -0.70668
outer loop
vertex 7.587962 -5.345043 2.450000
vertex 7.339166 -5.320539 2.700000
vertex 7.350000 -5.100000 2.700000
endloop
endfacet
facet normal -0.706681 0.0347171 -0.706681
outer loop
vertex 7.587962 -5.345043 2.450000
vertex 7.350000 -5.100000 2.700000
vertex 7.600000 -5.100000 2.450000
endloop
endfacet
facet normal -0.707107 0 -0.707107
outer loop
vertex 7.600000 -5.100000 2.450000
vertex 7.350000 -5.100000 2.700000
vertex 7.350000 5.100000 2.700000
endloop
endfacet
facet normal -0.707107 0 -0.707107
outer loop
vertex 7.600000 -5.100000 2.450000
vertex 7.350000 5.100000 2.700000
vertex 7.600000 5.100000 2.450000
endloop
endfacet
facet normal 0 0 -1
outer loop
vertex -5.320539 -7.339166 2.700000
vertex -5.538953 -7.306767 2.700000
vertex -5.753140 -7.253116 2.700000
endloop
endfacet
facet normal 0 0 -1
outer loop
vertex -5.753140 -7.253116 2.700000
vertex -5.961038 -7.178729 2.700000
vertex -6.160643 -7.084323 2.700000
endloop
endfacet
facet normal 0 0 -1
outer loop
vertex -6.160643 -7.084323 2.700000
vertex -6.350033 -6.970807 2.700000
vertex -6.527385 -6.839273 2.700000
endloop
endfacet
facet normal 0 0 -1
outer loop
vertex -6.527385 -6.839273 2.700000
vertex -6.690990 -6.690990 2.700000
vertex -6.839273 -6.527385 2.700000
endloop
endfacet
facet normal 0 0 -1
outer loop
vertex -6.839273 -6.527385 2.700000
vertex -6.970807 -6.350033 2.700000
vertex -1.909188 -1.909188 2.700000
endloop
endfacet
facet normal 0 0 -1
outer loop
vertex -6.839273 -6.527385 2.700000
vertex -1.909188 -1.909188 2.700000
vertex -1.643656 -2.142054 2.700000
endloop
endfacet
facet normal 0 0 -1
outer loop
vertex -6.160643 -7.084323 2.700000
vertex -6.527385 -6.839273 2.700000
vertex -6.839273 -6.527385 2.700000
endloop
endfacet
facet normal 0 0 -1
outer loop
vertex -5.320539 -7.339166 2.700000
vertex -5.753140 -7.253116 2.700000
vertex -6.160643 -7.084323 2.700000
endloop
endfacet
facet normal 0 0 -1
outer loop
vertex 5.100000 -7.350000 2.700000
vertex -5.100000 -7.350000 2.700000
vertex -5.320539 -7.339166 2.700000
endloop
endfacet
facet normal 0 0 -1
outer loop
vertex 5.538953 -7.306767 2.700000
vertex 5.320539 -7.339166 2.700000
vertex 5.100000 -7.350000 2.700000
endloop
endfacet
facet normal 0 0 -1
outer loop
vertex 5.961038 -7.178729 2.700000
vertex 5.753140 -7.253116 2.700000
vertex 5.538953 -7.306767 2.700000
endloop
endfacet
facet normal 0 0 -1
outer loop
vertex 1.651043 -2.135576 2.700000
vertex 6.160643 -7.084323 2.700000
vertex 5.961038 -7.178729 2.700000
endloop
endfacet
facet normal 0 0 -1
outer loop
vertex 1.643656 -2.142054 2.700000
vertex 1.651043 -2.135576 2.700000
vertex 5.961038 -7.178729 2.700000
endloop
endfacet
facet normal 0 0 -1
outer loop
vertex 5.961038 -7.178729 2.700000
vertex 5.538953 -7.306767 2.700000
vertex 5.100000 -7.350000 2.700000
endloop
endfacet
facet normal 0 0 -1
outer loop
vertex 5.100000 -7.350000 2.700000
vertex -5.320539 -7.339166 2.700000
vertex -6.160643 -7.084323 2.700000
endloop
endfacet
facet normal 0 0 -1
outer loop
vertex -6.160643 -7.084323 2.700000
vertex -6.839273 -6.527385 2.700000
vertex -1.643656 -2.142054 2.700000
endloop
endfacet
facet normal 0 0 -1
outer loop
vertex -6.160643 -7.084323 2.700000
vertex -1.643656 -2.142054 2.700000
vertex -1.350000 -2.338269 2.700000
endloop
endfacet
facet normal -0 0 -1
outer loop
vertex 5.961038 -7.178729 2.700000
vertex 5.100000 -7.350000 2.700000
vertex -6.160643 -7.084323 2.700000
endloop
endfacet
facet normal 0 0 -1
outer loop
vertex 1.350000 -2.338269 2.700000
vertex 1.643656 -2.142054 2.700000
vertex 5.961038 -7.178729 2.700000
endloop
endfacet
facet normal 0 0 -1
outer loop
vertex 1.033245 -2.494475 2.700000
vertex 1.350000 -2.338269 2.700000
vertex 5.961038 -7.178729 2.700000
endloop
endfacet
facet normal 0 0 -1
outer loop
vertex 5.961038 -7.178729 2.700000
vertex -6.160643 -7.084323 2.700000
vertex -1.350000 -2.338269 2.700000
endloop
endfacet
facet normal 0 0 -1
outer loop
vertex 5.961038 -7.178729 2.700000
vertex -1.350000 -2.338269 2.700000
vertex -1.033245 -2.494475 2.700000
endloop
endfacet
facet normal 0 0 -1
outer loop
vertex 0.698811 -2.608000 2.700000
vertex 1.033245 -2.494475 2.700000
vertex 5.961038 -7.178729 2.700000
endloop
endfacet
facet normal 0 0 -1
outer loop
vertex 0.352421 -2.676901 2.700000
vertex 0.698811 -2.608000 2.700000
vertex 5.961038 -7.178729 2.700000
endloop
endfacet
facet normal 0 0 -1
outer loop
vertex 5.961038 -7.178729 2.700000
vertex -1.033245 -2.494475 2.700000
vertex -0.698811 -2.608000 2.700000
endloop
endfacet
facet normal 0 0 -1
outer loop
vertex 5.961038 -7.178729 2.700000
vertex -0.698811 -2.608000 2.700000
vertex -0.352421 -2.676901 2.700000
endloop
endfacet
facet normal 0 0 -1
outer loop
vertex -0.000000 -2.700000 2.700000
vertex 0.352421 -2.676901 2.700000
vertex 5.961038 -7.178729 2.700000
endloop
endfacet
facet normal 0 0 -1
outer loop
vertex -0.352421 -2.676901 2.700000
vertex -0.000000 -2.700000 2.700000
vertex 5.961038 -7.178729 2.700000
endloop
endfacet
facet normal 0 0 -1
outer loop
vertex -7.339166 5.320539 2.700000
vertex -7.306767 5.538953 2.700000
vertex -7.253116 5.753140 2.700000
endloop
endfacet
facet normal 0 0 -1
outer loop
vertex -7.253116 5.753140 2.700000
vertex -7.178729 5.961038 2.700000
vertex -7.084323 6.160643 2.700000
endloop
endfacet
facet normal 0 0 -1
outer loop
vertex -7.084323 6.160643 2.700000
vertex -6.970807 6.350033 2.700000
vertex -6.839273 6.527385 2.700000
endloop
endfacet
facet normal 0 0 -1
outer loop
vertex -6.839273 6.527385 2.700000
vertex -6.690990 6.690990 2.700000
vertex -6.527385 6.839273 2.700000
endloop
endfacet
facet normal 0 0 -1
outer loop
vertex -6.527385 6.839273 2.700000
vertex -6.350033 6.970807 2.700000
vertex -6.160643 7.084323 2.700000
endloop
endfacet
facet normal 0 0 -1
outer loop
vertex -6.160643 7.084323 2.700000
vertex -5.961038 7.178729 2.700000
vertex -5.753140 7.253116 2.700000
endloop
endfacet
facet normal 0 0 -1
outer loop
vertex -5.753140 7.253116 2.700000
vertex -5.538953 7.306767 2.700000
vertex -5.320539 7.339166 2.700000
endloop
endfacet
facet normal 0 0 -1
outer loop
vertex -5.320539 7.339166 2.700000
vertex -5.100000 7.350000 2.700000
vertex 5.100000 7.350000 2.700000
endloop
endfacet
facet normal 0 0 -1
outer loop
vertex 5.100000 7.350000 2.700000
vertex 5.320539 7.339166 2.700000
vertex 5.538953 7.306767 2.700000
endloop
endfacet
facet normal 0 0 -1
outer loop
vertex 5.538953 7.306767 2.700000
vertex 5.753140 7.253116 2.700000
vertex 5.961038 7.178729 2.700000
endloop
endfacet
facet normal 0 0 -1
outer loop
vertex 5.961038 7.178729 2.700000
vertex 6.160643 7.084323 2.700000
vertex 6.350033 6.970807 2.700000
endloop
endfacet
facet normal 0 0 -1
outer loop
vertex 6.350033 6.970807 2.700000
vertex 6.527385 6.839273 2.700000
vertex 6.690990 6.690990 2.700000
endloop
endfacet
facet normal 0 0 -1
outer loop
vertex 6.690990 6.690990 2.700000
vertex 6.839273 6.527385 2.700000
vertex 6.970807 6.350033 2.700000
endloop
endfacet
facet normal 0 0 -1
outer loop
vertex 6.970807 6.350033 2.700000
vertex 7.084323 6.160643 2.700000
vertex 7.178729 5.961038 2.700000
endloop
endfacet
facet normal 0 0 -1
outer loop
vertex 7.178729 5.961038 2.700000
vertex 7.253116 5.753140 2.700000
vertex 7.306767 5.538953 2.700000
endloop
endfacet
facet normal 0 0 -1
outer loop
vertex 7.306767 5.538953 2.700000
vertex 7.339166 5.320539 2.700000
vertex 7.350000 5.100000 2.700000
endloop
endfacet
facet normal 0 -0 -1
outer loop
vertex 7.350000 5.100000 2.700000
vertex 7.350000 -5.100000 2.700000
vertex 7.339166 -5.320539 2.700000
endloop
endfacet
facet normal 0 0 -1
outer loop
vertex 7.339166 -5.320539 2.700000
vertex 7.306767 -5.538953 2.700000
vertex 7.253116 -5.753140 2.700000
endloop
endfacet
facet normal 0 0 -1
outer loop
vertex 7.253116 -5.753140 2.700000
vertex 7.178729 -5.961038 2.700000
vertex 7.084323 -6.160643 2.700000
endloop
endfacet
facet normal 0 0 -1
outer loop
vertex 7.084323 -6.160643 2.700000
vertex 6.970807 -6.350033 2.700000
vertex 6.839273 -6.527385 2.700000
endloop
endfacet
facet normal 0 0 -1
outer loop
vertex 6.839273 -6.527385 2.700000
vertex 6.690990 -6.690990 2.700000
vertex 6.527385 -6.839273 2.700000
endloop
endfacet
facet normal 0 0 -1
outer loop
vertex 6.527385 -6.839273 2.700000
vertex 6.350033 -6.970807 2.700000
vertex 6.160643 -7.084323 2.700000
endloop
endfacet
facet normal 0 0 -1
outer loop
vertex 6.160643 -7.084323 2.700000
vertex 1.651043 -2.135576 2.700000
vertex 1.909188 -1.909188 2.700000
endloop
endfacet
facet normal 0 0 -1
outer loop
vertex 6.160643 -7.084323 2.700000
vertex 1.909188 -1.909188 2.700000
vertex 2.142054 -1.643656 2.700000
endloop
endfacet
facet normal 0 0 -1
outer loop
vertex 6.839273 -6.527385 2.700000
vertex 6.527385 -6.839273 2.700000
vertex 6.160643 -7.084323 2.700000
endloop
endfacet
facet normal 0 0 -1
outer loop
vertex 7.253116 -5.753140 2.700000
vertex 7.084323 -6.160643 2.700000
vertex 6.839273 -6.527385 2.700000
endloop
endfacet
facet normal 0 0 -1
outer loop
vertex 7.350000 5.100000 2.700000
vertex 7.339166 -5.320539 2.700000
vertex 7.253116 -5.753140 2.700000
endloop
endfacet
facet normal 0 0 -1
outer loop
vertex 7.178729 5.961038 2.700000
vertex 7.306767 5.538953 2.700000
vertex 7.350000 5.100000 2.700000
endloop
endfacet
facet normal 0 0 -1
outer loop
vertex 6.690990 6.690990 2.700000
vertex 6.970807 6.350033 2.700000
vertex 7.178729 5.961038 2.700000
endloop
endfacet
facet normal 0 0 -1
outer loop
vertex 5.961038 7.178729 2.700000
vertex 6.350033 6.970807 2.700000
vertex 6.690990 6.690990 2.700000
endloop
endfacet
facet normal 0 0 -1
outer loop
vertex 5.100000 7.350000 2.700000
vertex 5.538953 7.306767 2.700000
vertex 5.961038 7.178729 2.700000
endloop
endfacet
facet normal 0 0 -1
outer loop
vertex -5.753140 7.253116 2.700000
vertex -5.320539 7.339166 2.700000
vertex 5.100000 7.350000 2.700000
endloop
endfacet
facet normal 0 0 -1
outer loop
vertex -6.527385 6.839273 2.700000
vertex -6.160643 7.084323 2.700000
vertex -5.753140 7.253116 2.700000
endloop
endfacet
facet normal 0 0 -1
outer loop
vertex -7.084323 6.160643 2.700000
vertex -6.839273 6.527385 2.700000
vertex -6.527385 6.839273 2.700000
endloop
endfacet
facet normal 0 0 -1
outer loop
vertex -7.339166 5.320539 2.700000
vertex -7.253116 5.753140 2.700000
vertex -7.084323 6.160643 2.700000
endloop
endfacet
facet normal 0 0 -1
outer loop
vertex -7.350000 -5.100000 2.700000
vertex -7.350000 5.100000 2.700000
vertex -7.339166 5.320539 2.700000
endloop
endfacet
facet normal 0 0 -1
outer loop
vertex -7.306767 -5.538953 2.700000
vertex -7.339166 -5.320539 2.700000
vertex -7.350000 -5.100000 2.700000
endloop
endfacet
facet normal 0 0 -1
outer loop
vertex -7.178729 -5.961038 2.700000
vertex -7.253116 -5.753140 2.700000
vertex -7.306767 -5.538953 2.700000
endloop
endfacet
facet normal 0 0 -1
outer loop
vertex -6.970807 -6.350033 2.700000
vertex -7.084323 -6.160643 2.700000
vertex -7.178729 -5.961038 2.700000
endloop
endfacet
facet normal 0 -0 -1
outer loop
vertex -2.142054 -1.643656 2.700000
vertex -1.909188 -1.909188 2.700000
vertex -6.970807 -6.350033 2.700000
endloop
endfacet
facet normal 0 -0 -1
outer loop
vertex -2.338269 -1.350000 2.700000
vertex -2.142054 -1.643656 2.700000
vertex -6.970807 -6.350033 2.700000
endloop
endfacet
facet normal 0 0 -1
outer loop
vertex -6.970807 -6.350033 2.700000
vertex -7.178729 -5.961038 2.700000
vertex -7.306767 -5.538953 2.700000
endloop
endfacet
facet normal 0 0 -1
outer loop
vertex -7.306767 -5.538953 2.700000
vertex -7.350000 -5.100000 2.700000
vertex -7.339166 5.320539 2.700000
endloop
endfacet
facet normal 0 0 -1
outer loop
vertex -7.339166 5.320539 2.700000
vertex -7.084323 6.160643 2.700000
vertex -6.527385 6.839273 2.700000
endloop
endfacet
facet normal 0 0 -1
outer loop
vertex -6.527385 6.839273 2.700000
vertex -5.753140 7.253116 2.700000
vertex 5.100000 7.350000 2.700000
endloop
endfacet
facet normal 0 0 -1
outer loop
vertex 5.100000 7.350000 2.700000
vertex 5.961038 7.178729 2.700000
vertex 6.690990 6.690990 2.700000
endloop
endfacet
facet normal 0 0 -1
outer loop
vertex 6.690990 6.690990 2.700000
vertex 7.178729 5.961038 2.700000
vertex 7.350000 5.100000 2.700000
endloop
endfacet
facet normal 0 0 -1
outer loop
vertex 7.350000 5.100000 2.700000
vertex 7.253116 -5.753140 2.700000
vertex 6.839273 -6.527385 2.700000
endloop
endfacet
facet normal -0 0 -1
outer loop
vertex 6.839273 -6.527385 2.700000
vertex 6.160643 -7.084323 2.700000
vertex 2.142054 -1.643656 2.700000
endloop
endfacet
facet normal 0 0 -1
outer loop
vertex 6.839273 -6.527385 2.700000
vertex 2.142054 -1.643656 2.700000
vertex 2.338269 -1.350000 2.700000
endloop
endfacet
facet normal 0 0 -1
outer loop
vertex 6.690990 6.690990 2.700000
vertex 7.350000 5.100000 2.700000
vertex 6.839273 -6.527385 2.700000
endloop
endfacet
facet normal 0 0 -1
outer loop
vertex -6.527385 6.839273 2.700000
vertex 5.100000 7.350000 2.700000
vertex 6.690990 6.690990 2.700000
endloop
endfacet
facet normal 0 0 -1
outer loop
vertex -7.306767 -5.538953 2.700000
vertex -7.339166 5.320539 2.700000
vertex -6.527385 6.839273 2.700000
endloop
endfacet
facet normal 0 0 -1
outer loop
vertex -2.338269 -1.350000 2.700000
vertex -6.970807 -6.350033 2.700000
vertex -7.306767 -5.538953 2.700000
endloop
endfacet
facet normal 0 -0 -1
outer loop
vertex -2.494475 -1.033245 2.700000
vertex -2.338269 -1.350000 2.700000
vertex -7.306767 -5.538953 2.700000
endloop
endfacet
facet normal 0 -0 -1
outer loop
vertex 6.690990 6.690990 2.700000
vertex 6.839273 -6.527385 2.700000
vertex 2.338269 -1.350000 2.700000
endloop
endfacet
facet normal 0 0 -1
outer loop
vertex 6.690990 6.690990 2.700000
vertex 2.338269 -1.350000 2.700000
vertex 2.494475 -1.033245 2.700000
endloop
endfacet
facet normal -0 0 -1
outer loop
vertex -2.494475 -1.033245 2.700000
vertex -7.306767 -5.538953 2.700000
vertex -6.527385 6.839273 2.700000
endloop
endfacet
facet normal -0 -0 -1
outer loop
vertex -2.608000 -0.698811 2.700000
vertex -2.494475 -1.033245 2.700000
vertex -6.527385 6.839273 2.700000
endloop
endfacet
facet normal 0 0 -1
outer loop
vertex 6.690990 6.690990 2.700000
vertex 2.494475 -1.033245 2.700000
vertex 2.608000 -0.698811 2.700000
endloop
endfacet
facet normal 0 0 -1
outer loop
vertex 6.690990 6.690990 2.700000
vertex 2.608000 -0.698811 2.700000
vertex 2.676901 -0.352421 2.700000
endloop
endfacet
facet normal -0 -0 -1
outer loop
vertex -2.676901 -0.352421 2.700000
vertex -2.608000 -0.698811 2.700000
vertex -6.527385 6.839273 2.700000
endloop
endfacet
facet normal -0 -0 -1
outer loop
vertex -2.700000 0.000000 2.700000
vertex -2.676901 -0.352421 2.700000
vertex -6.527385 6.839273 2.700000
endloop
endfacet
facet normal 0 0 -1
outer loop
vertex 6.690990 6.690990 2.700000
vertex 2.676901 -0.352421 2.700000
vertex 2.700000 0.000000 2.700000
endloop
endfacet
facet normal 0 0 -1
outer loop
vertex 6.690990 6.690990 2.700000
vertex 2.700000 0.000000 2.700000
vertex 2.676901 0.352421 2.700000
endloop
endfacet
facet normal -0 0 -1
outer loop
vertex -2.676901 0.352421 2.700000
vertex -2.700000 0.000000 2.700000
vertex -6.527385 6.839273 2.700000
endloop
endfacet
facet normal -0 0 -1
outer loop
vertex -2.608000 0.698811 2.700000
vertex -2.676901 0.352421 2.700000
vertex -6.527385 6.839273 2.700000
endloop
endfacet
facet normal 0 0 -1
outer loop
vertex 6.690990 6.690990 2.700000
vertex 2.676901 0.352421 2.700000
vertex 2.608000 0.698811 2.700000
endloop
endfacet
facet normal 0 0 -1
outer loop
vertex 6.690990 6.690990 2.700000
vertex 2.608000 0.698811 2.700000
vertex 2.494475 1.033245 2.700000
endloop
endfacet
facet normal -0 0 -1
outer loop
vertex -2.494475 1.033245 2.700000
vertex -2.608000 0.698811 2.700000
vertex -6.527385 6.839273 2.700000
endloop
endfacet
facet normal -0 0 -1
outer loop
vertex -2.338269 1.350000 2.700000
vertex -2.494475 1.033245 2.700000
vertex -6.527385 6.839273 2.700000
endloop
endfacet
facet normal 0 0 -1
outer loop
vertex 6.690990 6.690990 2.700000
vertex 2.494475 1.033245 2.700000
vertex 2.338269 1.350000 2.700000
endloop
endfacet
facet normal 0 0 -1
outer loop
vertex 6.690990 6.690990 2.700000
vertex 2.338269 1.350000 2.700000
vertex 2.142054 1.643656 2.700000
endloop
endfacet
facet normal -0 0 -1
outer loop
vertex -2.142054 1.643656 2.700000
vertex -2.338269 1.350000 2.700000
vertex -6.527385 6.839273 2.700000
endloop
endfacet
facet normal -0 0 -1
outer loop
vertex -1.909188 1.909188 2.700000
vertex -2.142054 1.643656 2.700000
vertex -6.527385 6.839273 2.700000
endloop
endfacet
facet normal 0 0 -1
outer loop
vertex 6.690990 6.690990 2.700000
vertex 2.142054 1.643656 2.700000
vertex 1.909188 1.909188 2.700000
endloop
endfacet
facet normal 0 0 -1
outer loop
vertex 6.690990 6.690990 2.700000
vertex 1.909188 1.909188 2.700000
vertex 1.643656 2.142054 2.700000
endloop
endfacet
facet normal -0 0 -1
outer loop
vertex -1.643656 2.142054 2.700000
vertex -1.909188 1.909188 2.700000
vertex -6.527385 6.839273 2.700000
endloop
endfacet
facet normal -0 0 -1
outer loop
vertex -1.350000 2.338269 2.700000
vertex -1.643656 2.142054 2.700000
vertex -6.527385 6.839273 2.700000
endloop
endfacet
facet normal 0 0 -1
outer loop
vertex 6.690990 6.690990 2.700000
vertex 1.643656 2.142054 2.700000
vertex 1.350000 2.338269 2.700000
endloop
endfacet
facet normal 0 0 -1
outer loop
vertex 6.690990 6.690990 2.700000
vertex 1.350000 2.338269 2.700000
vertex 1.033245 2.494475 2.700000
endloop
endfacet
facet normal 0 0 -1
outer loop
vertex -1.350000 2.338269 2.700000
vertex -6.527385 6.839273 2.700000
vertex 6.690990 6.690990 2.700000
endloop
endfacet
facet normal -0 0 -1
outer loop
vertex -1.033245 2.494475 2.700000
vertex -1.350000 2.338269 2.700000
vertex 6.690990 6.690990 2.700000
endloop
endfacet
facet normal 0 0 -1
outer loop
vertex 6.690990 6.690990 2.700000
vertex 1.033245 2.494475 2.700000
vertex 0.698811 2.608000 2.700000
endloop
endfacet
facet normal 0 0 -1
outer loop
vertex 6.690990 6.690990 2.700000
vertex 0.698811 2.608000 2.700000
vertex 0.352421 2.676901 2.700000
endloop
endfacet
facet normal -0 0 -1
outer loop
vertex -0.698811 2.608000 2.700000
vertex -1.033245 2.494475 2.700000
vertex 6.690990 6.690990 2.700000
endloop
endfacet
facet normal -0 0 -1
outer loop
vertex -0.352421 2.676901 2.700000
vertex -0.698811 2.608000 2.700000
vertex 6.690990 6.690990 2.700000
endloop
endfacet
facet normal 0 0 -1
outer loop
vertex 6.690990 6.690990 2.700000
vertex 0.352421 2.676901 2.700000
vertex 0.000000 2.700000 2.700000
endloop
endfacet
facet normal 0 0 -1
outer loop
vertex 6.690990 6.690990 2.700000
vertex 0.000000 2.700000 2.700000
vertex -0.352421 2.676901 2.700000
endloop
endfacet
facet normal 0.997859 0.0654033 0
outer loop
vertex 2.700000 0.000000 2.700000
vertex 2.700000 0.000000 0.250000
vertex 2.676901 0.352421 0.250000
endloop
endfacet
facet normal 0.997859 0.0654033 0
outer loop
vertex 2.700000 0.000000 2.700000
vertex 2.676901 0.352421 0.250000
vertex 2.676901 0.352421 2.700000
endloop
endfacet
facet normal 0.980785 0.19509 0
outer loop
vertex 2.676901 0.352421 2.700000
vertex 2.676901 0.352421 0.250000
vertex 2.608000 0.698811 0.250000
endloop
endfacet
facet normal 0.980785 0.19509 0
outer loop
vertex 2.676901 0.352421 2.700000
vertex 2.608000 0.698811 0.250000
vertex 2.608000 0.698811 2.700000
endloop
endfacet
facet normal 0.94693 0.32144 0
outer loop
vertex 2.608000 0.698811 2.700000
vertex 2.608000 0.698811 0.250000
vertex 2.494475 1.033245 0.250000
endloop
endfacet
facet normal 0.94693 0.32144 0
outer loop
vertex 2.608000 0.698811 2.700000
vertex 2.494475 1.033245 0.250000
vertex 2.494475 1.033245 2.700000
endloop
endfacet
facet normal 0.896873 0.442289 0
outer loop
vertex 2.494475 1.033245 2.700000
vertex 2.494475 1.033245 0.250000
vertex 2.338269 1.350000 0.250000
endloop
endfacet
facet normal 0.896873 0.442289 0
outer loop
vertex 2.494475 1.033245 2.700000
vertex 2.338269 1.350000 0.250000
vertex 2.338269 1.350000 2.700000
endloop
endfacet
facet normal 0.83147 0.55557 0
outer loop
vertex 2.338269 1.350000 2.700000
vertex 2.338269 1.350000 0.250000
vertex 2.142054 1.643656 0.250000
endloop
endfacet
facet normal 0.83147 0.55557 0
outer loop
vertex 2.338269 1.350000 2.700000
vertex 2.142054 1.643656 0.250000
vertex 2.142054 1.643656 2.700000
endloop
endfacet
facet normal 0.75184 0.659346 0
outer loop
vertex 2.142054 1.643656 2.700000
vertex 2.142054 1.643656 0.250000
vertex 1.909188 1.909188 0.250000
endloop
endfacet
facet normal 0.75184 0.659346 0
outer loop
vertex 2.142054 1.643656 2.700000
vertex 1.909188 1.909188 0.250000
vertex 1.909188 1.909188 2.700000
endloop
endfacet
facet normal 0.659346 0.75184 0
outer loop
vertex 1.909188 1.909188 0.250000
vertex 1.643656 2.142054 0.250000
vertex 1.643656 2.142054 2.700000
endloop
endfacet
facet normal 0.659346 0.75184 -0
outer loop
vertex 1.909188 1.909188 0.250000
vertex 1.643656 2.142054 2.700000
vertex 1.909188 1.909188 2.700000
endloop
endfacet
facet normal 0.55557 0.83147 0
outer loop
vertex 1.643656 2.142054 0.250000
vertex 1.350000 2.338269 0.250000
vertex 1.350000 2.338269 2.700000
endloop
endfacet
facet normal 0.55557 0.83147 -0
outer loop
vertex 1.643656 2.142054 0.250000
vertex 1.350000 2.338269 2.700000
vertex 1.643656 2.142054 2.700000
endloop
endfacet
facet normal 0.442289 0.896873 0
outer loop
vertex 1.350000 2.338269 0.250000
vertex 1.033245 2.494475 0.250000
vertex 1.033245 2.494475 2.700000
endloop
endfacet
facet normal 0.442289 0.896873 -0
outer loop
vertex 1.350000 2.338269 0.250000
vertex 1.033245 2.494475 2.700000
vertex 1.350000 2.338269 2.700000
endloop
endfacet
facet normal 0.32144 0.94693 0
outer loop
vertex 1.033245 2.494475 0.250000
vertex 0.698811 2.608000 0.250000
vertex 0.698811 2.608000 2.700000
endloop
endfacet
facet normal 0.32144 0.94693 -0
outer loop
vertex 1.033245 2.494475 0.250000
vertex 0.698811 2.608000 2.700000
vertex 1.033245 2.494475 2.700000
endloop
endfacet
facet normal 0.19509 0.980785 0
outer loop
vertex 0.698811 2.608000 0.250000
vertex 0.352421 2.676901 0.250000
vertex 0.352421 2.676901 2.700000
endloop
endfacet
facet normal 0.19509 0.980785 -0
outer loop
vertex 0.698811 2.608000 0.250000
vertex 0.352421 2.676901 2.700000
vertex 0.698811 2.608000 2.700000
endloop
endfacet
facet normal 0.0654033 0.997859 0
outer loop
vertex 0.352421 2.676901 0.250000
vertex 0.000000 2.700000 0.250000
vertex 0.000000 2.700000 2.700000
endloop
endfacet
facet normal 0.0654033 0.997859 -0
outer loop
vertex 0.352421 2.676901 0.250000
vertex 0.000000 2.700000 2.700000
vertex 0.352421 2.676901 2.700000
endloop
endfacet
facet normal -0.0654033 0.997859 0
outer loop
vertex 0.000000 2.700000 0.250000
vertex -0.352421 2.676901 0.250000
vertex -0.352421 2.676901 2.700000
endloop
endfacet
facet normal -0.0654033 0.997859 0
outer loop
vertex 0.000000 2.700000 0.250000
vertex -0.352421 2.676901 2.700000
vertex 0.000000 2.700000 2.700000
endloop
endfacet
facet normal -0.19509 0.980785 0
outer loop
vertex -0.352421 2.676901 0.250000
vertex -0.698811 2.608000 0.250000
vertex -0.698811 2.608000 2.700000
endloop
endfacet
facet normal -0.19509 0.980785 0
outer loop
vertex -0.352421 2.676901 0.250000
vertex -0.698811 2.608000 2.700000
vertex -0.352421 2.676901 2.700000
endloop
endfacet
facet normal -0.32144 0.94693 0
outer loop
vertex -0.698811 2.608000 0.250000
vertex -1.033245 2.494475 0.250000
vertex -1.033245 2.494475 2.700000
endloop
endfacet
facet normal -0.32144 0.94693 0
outer loop
vertex -0.698811 2.608000 0.250000
vertex -1.033245 2.494475 2.700000
vertex -0.698811 2.608000 2.700000
endloop
endfacet
facet normal -0.442289 0.896873 0
outer loop
vertex -1.033245 2.494475 0.250000
vertex -1.350000 2.338269 0.250000
vertex -1.350000 2.338269 2.700000
endloop
endfacet
facet normal -0.442289 0.896873 0
outer loop
vertex -1.033245 2.494475 0.250000
vertex -1.350000 2.338269 2.700000
vertex -1.033245 2.494475 2.700000
endloop
endfacet
facet normal -0.55557 0.83147 0
outer loop
vertex -1.350000 2.338269 0.250000
vertex -1.643656 2.142054 0.250000
vertex -1.643656 2.142054 2.700000
endloop
endfacet
facet normal -0.55557 0.83147 0
outer loop
vertex -1.350000 2.338269 0.250000
vertex -1.643656 2.142054 2.700000
vertex -1.350000 2.338269 2.700000
endloop
endfacet
facet normal -0.659346 0.75184 0
outer loop
vertex -1.643656 2.142054 0.250000
vertex -1.909188 1.909188 0.250000
vertex -1.909188 1.909188 2.700000
endloop
endfacet
facet normal -0.659346 0.75184 0
outer loop
vertex -1.643656 2.142054 0.250000
vertex -1.909188 1.909188 2.700000
vertex -1.643656 2.142054 2.700000
endloop
endfacet
facet normal -0.75184 0.659346 0
outer loop
vertex -1.909188 1.909188 0.250000
vertex -2.142054 1.643656 0.250000
vertex -2.142054 1.643656 2.700000
endloop
endfacet
facet normal -0.75184 0.659346 0
outer loop
vertex -1.909188 1.909188 0.250000
vertex -2.142054 1.643656 2.700000
vertex -1.909188 1.909188 2.700000
endloop
endfacet
facet normal -0.83147 0.55557 0
outer loop
vertex -2.142054 1.643656 0.250000
vertex -2.338269 1.350000 0.250000
vertex -2.338269 1.350000 2.700000
endloop
endfacet
facet normal -0.83147 0.55557 0
outer loop
vertex -2.142054 1.643656 0.250000
vertex -2.338269 1.350000 2.700000
vertex -2.142054 1.643656 2.700000
endloop
endfacet
facet normal -0.896873 0.442289 0
outer loop
vertex -2.338269 1.350000 0.250000
vertex -2.494475 1.033245 0.250000
vertex -2.494475 1.033245 2.700000
endloop
endfacet
facet normal -0.896873 0.442289 0
outer loop
vertex -2.338269 1.350000 0.250000
vertex -2.494475 1.033245 2.700000
vertex -2.338269 1.350000 2.700000
endloop
endfacet
facet normal -0.94693 0.32144 0
outer loop
vertex -2.494475 1.033245 0.250000
vertex -2.608000 0.698811 0.250000
vertex -2.608000 0.698811 2.700000
endloop
endfacet
facet normal -0.94693 0.32144 0
outer loop
vertex -2.494475 1.033245 0.250000
vertex -2.608000 0.698811 2.700000
vertex -2.494475 1.033245 2.700000
endloop
endfacet
facet normal -0.980785 0.19509 0
outer loop
vertex -2.608000 0.698811 0.250000
vertex -2.676901 0.352421 0.250000
vertex -2.676901 0.352421 2.700000
endloop
endfacet
facet normal -0.980785 0.19509 0
outer loop
vertex -2.608000 0.698811 0.250000
vertex -2.676901 0.352421 2.700000
vertex -2.608000 0.698811 2.700000
endloop
endfacet
facet normal -0.997859 0.0654033 0
outer loop
vertex -2.676901 0.352421 0.250000
vertex -2.700000 0.000000 0.250000
vertex -2.700000 0.000000 2.700000
endloop
endfacet
facet normal -0.997859 0.0654033 0
outer loop
vertex -2.676901 0.352421 0.250000
vertex -2.700000 0.000000 2.700000
vertex -2.676901 0.352421 2.700000
endloop
endfacet
facet normal -0.997859 -0.0654033 0
outer loop
vertex -2.700000 0.000000 0.250000
vertex -2.676901 -0.352421 0.250000
vertex -2.676901 -0.352421 2.700000
endloop
endfacet
facet normal -0.997859 -0.0654033 0
outer loop
vertex -2.700000 0.000000 0.250000
vertex -2.676901 -0.352421 2.700000
vertex -2.700000 0.000000 2.700000
endloop
endfacet
facet normal -0.980785 -0.19509 0
outer loop
vertex -2.676901 -0.352421 0.250000
vertex -2.608000 -0.698811 0.250000
vertex -2.608000 -0.698811 2.700000
endloop
endfacet
facet normal -0.980785 -0.19509 0
outer loop
vertex -2.676901 -0.352421 0.250000
vertex -2.608000 -0.698811 2.700000
vertex -2.676901 -0.352421 2.700000
endloop
endfacet
facet normal -0.94693 -0.32144 0
outer loop
vertex -2.608000 -0.698811 0.250000
vertex -2.494475 -1.033245 0.250000
vertex -2.494475 -1.033245 2.700000
endloop
endfacet
facet normal -0.94693 -0.32144 0
outer loop
vertex -2.608000 -0.698811 0.250000
vertex -2.494475 -1.033245 2.700000
vertex -2.608000 -0.698811 2.700000
endloop
endfacet
facet normal -0.896873 -0.442289 0
outer loop
vertex -2.494475 -1.033245 0.250000
vertex -2.338269 -1.350000 0.250000
vertex -2.338269 -1.350000 2.700000
endloop
endfacet
facet normal -0.896873 -0.442289 0
outer loop
vertex -2.494475 -1.033245 0.250000
vertex -2.338269 -1.350000 2.700000
vertex -2.494475 -1.033245 2.700000
endloop
endfacet
facet normal -0.83147 -0.55557 0
outer loop
vertex -2.338269 -1.350000 0.250000
vertex -2.142054 -1.643656 0.250000
vertex -2.142054 -1.643656 2.700000
endloop
endfacet
facet normal -0.83147 -0.55557 0
outer loop
vertex -2.338269 -1.350000 0.250000
vertex -2.142054 -1.643656 2.700000
vertex -2.338269 -1.350000 2.700000
endloop
endfacet
facet normal -0.75184 -0.659346 0
outer loop
vertex -2.142054 -1.643656 0.250000
vertex -1.909188 -1.909188 0.250000
vertex -1.909188 -1.909188 2.700000
endloop
endfacet
facet normal -0.75184 -0.659346 0
outer loop
vertex -2.142054 -1.643656 0.250000
vertex -1.909188 -1.909188 2.700000
vertex -2.142054 -1.643656 2.700000
endloop
endfacet
facet normal -0.659346 -0.75184 -0
outer loop
vertex -1.909188 -1.909188 2.700000
vertex -1.909188 -1.909188 0.250000
vertex -1.643656 -2.142054 0.250000
endloop
endfacet
facet normal -0.659346 -0.75184 0
outer loop
vertex -1.909188 -1.909188 2.700000
vertex -1.643656 -2.142054 0.250000
vertex -1.643656 -2.142054 2.700000
endloop
endfacet
facet normal -0.55557 -0.83147 -0
outer loop
vertex -1.643656 -2.142054 2.700000
vertex -1.643656 -2.142054 0.250000
vertex -1.350000 -2.338269 0.250000
endloop
endfacet
facet normal -0.55557 -0.83147 0
outer loop
vertex -1.643656 -2.142054 2.700000
vertex -1.350000 -2.338269 0.250000
vertex -1.350000 -2.338269 2.700000
endloop
endfacet
facet normal -0.442289 -0.896873 -0
outer loop
vertex -1.350000 -2.338269 2.700000
vertex -1.350000 -2.338269 0.250000
vertex -1.033245 -2.494475 0.250000
endloop
endfacet
facet normal -0.442289 -0.896873 0
outer loop
vertex -1.350000 -2.338269 2.700000
vertex -1.033245 -2.494475 0.250000
vertex -1.033245 -2.494475 2.700000
endloop
endfacet
facet normal -0.32144 -0.94693 -0
outer loop
vertex -1.033245 -2.494475 2.700000
vertex -1.033245 -2.494475 0.250000
vertex -0.698811 -2.608000 0.250000
endloop
endfacet
facet normal -0.32144 -0.94693 0
outer loop
vertex -1.033245 -2.494475 2.700000
vertex -0.698811 -2.608000 0.250000
vertex -0.698811 -2.608000 2.700000
endloop
endfacet
facet normal -0.19509 -0.980785 -0
outer loop
vertex -0.698811 -2.608000 2.700000
vertex -0.698811 -2.608000 0.250000
vertex -0.352421 -2.676901 0.250000
endloop
endfacet
facet normal -0.19509 -0.980785 0
outer loop
vertex -0.698811 -2.608000 2.700000
vertex -0.352421 -2.676901 0.250000
vertex -0.352421 -2.676901 2.700000
endloop
endfacet
facet normal -0.0654033 -0.997859 -0
outer loop
vertex -0.352421 -2.676901 2.700000
vertex -0.352421 -2.676901 0.250000
vertex -0.000000 -2.700000 0.250000
endloop
endfacet
facet normal -0.0654033 -0.997859 0
outer loop
vertex -0.352421 -2.676901 2.700000
vertex -0.000000 -2.700000 0.250000
vertex -0.000000 -2.700000 2.700000
endloop
endfacet
facet normal 0.0654033 -0.997859 0
outer loop
vertex -0.000000 -2.700000 2.700000
vertex -0.000000 -2.700000 0.250000
vertex 0.352421 -2.676901 0.250000
endloop
endfacet
facet normal 0.0654033 -0.997859 0
outer loop
vertex -0.000000 -2.700000 2.700000
vertex 0.352421 -2.676901 0.250000
vertex 0.352421 -2.676901 2.700000
endloop
endfacet
facet normal 0.19509 -0.980785 0
outer loop
vertex 0.352421 -2.676901 2.700000
vertex 0.352421 -2.676901 0.250000
vertex 0.698811 -2.608000 0.250000
endloop
endfacet
facet normal 0.19509 -0.980785 0
outer loop
vertex 0.352421 -2.676901 2.700000
vertex 0.698811 -2.608000 0.250000
vertex 0.698811 -2.608000 2.700000
endloop
endfacet
facet normal 0.32144 -0.94693 0
outer loop
vertex 0.698811 -2.608000 2.700000
vertex 0.698811 -2.608000 0.250000
vertex 1.033245 -2.494475 0.250000
endloop
endfacet
facet normal 0.32144 -0.94693 0
outer loop
vertex 0.698811 -2.608000 2.700000
vertex 1.033245 -2.494475 0.250000
vertex 1.033245 -2.494475 2.700000
endloop
endfacet
facet normal 0.442289 -0.896873 0
outer loop
vertex 1.033245 -2.494475 2.700000
vertex 1.033245 -2.494475 0.250000
vertex 1.350000 -2.338269 0.250000
endloop
endfacet
facet normal 0.442289 -0.896873 0
outer loop
vertex 1.033245 -2.494475 2.700000
vertex 1.350000 -2.338269 0.250000
vertex 1.350000 -2.338269 2.700000
endloop
endfacet
facet normal 0.55557 -0.83147 0
outer loop
vertex 1.350000 -2.338269 2.700000
vertex 1.350000 -2.338269 0.250000
vertex 1.643656 -2.142054 0.250000
endloop
endfacet
facet normal 0.55557 -0.83147 0
outer loop
vertex 1.350000 -2.338269 2.700000
vertex 1.643656 -2.142054 0.250000
vertex 1.643656 -2.142054 2.700000
endloop
endfacet
facet normal 0.65935 -0.751836 0
outer loop
vertex 1.651043 -2.135576 2.700000
vertex 1.643656 -2.142054 2.700000
vertex 1.643656 -2.142054 0.250000
endloop
endfacet
facet normal 0.659346 -0.75184 0
outer loop
vertex 1.643656 -2.142054 0.250000
vertex 1.909188 -1.909188 0.250000
vertex 1.909188 -1.909188 2.700000
endloop
endfacet
facet normal 0.659346 -0.75184 2.28344e-08
outer loop
vertex 1.651043 -2.135576 2.700000
vertex 1.643656 -2.142054 0.250000
vertex 1.909188 -1.909188 2.700000
endloop
endfacet
facet normal 0.75184 -0.659346 0
outer loop
vertex 1.909188 -1.909188 2.700000
vertex 1.909188 -1.909188 0.250000
vertex 2.142054 -1.643656 0.250000
endloop
endfacet
facet normal 0.75184 -0.659346 0
outer loop
vertex 1.909188 -1.909188 2.700000
vertex 2.142054 -1.643656 0.250000
vertex 2.142054 -1.643656 2.700000
endloop
endfacet
facet normal 0.83147 -0.55557 0
outer loop
vertex 2.142054 -1.643656 2.700000
vertex 2.142054 -1.643656 0.250000
vertex 2.338269 -1.350000 0.250000
endloop
endfacet
facet normal 0.83147 -0.55557 0
outer loop
vertex 2.142054 -1.643656 2.700000
vertex 2.338269 -1.350000 0.250000
vertex 2.338269 -1.350000 2.700000
endloop
endfacet
facet normal 0.896873 -0.442289 0
outer loop
vertex 2.338269 -1.350000 2.700000
vertex 2.338269 -1.350000 0.250000
vertex 2.494475 -1.033245 0.250000
endloop
endfacet
facet normal 0.896873 -0.442289 0
outer loop
vertex 2.338269 -1.350000 2.700000
vertex 2.494475 -1.033245 0.250000
vertex 2.494475 -1.033245 2.700000
endloop
endfacet
facet normal 0.94693 -0.32144 0
outer loop
vertex 2.494475 -1.033245 2.700000
vertex 2.494475 -1.033245 0.250000
vertex 2.608000 -0.698811 0.250000
endloop
endfacet
facet normal 0.94693 -0.32144 0
outer loop
vertex 2.494475 -1.033245 2.700000
vertex 2.608000 -0.698811 0.250000
vertex 2.608000 -0.698811 2.700000
endloop
endfacet
facet normal 0.980785 -0.19509 0
outer loop
vertex 2.608000 -0.698811 2.700000
vertex 2.608000 -0.698811 0.250000
vertex 2.676901 -0.352421 0.250000
endloop
endfacet
facet normal 0.980785 -0.19509 0
outer loop
vertex 2.608000 -0.698811 2.700000
vertex 2.676901 -0.352421 0.250000
vertex 2.676901 -0.352421 2.700000
endloop
endfacet
facet normal 0.997859 -0.0654033 0
outer loop
vertex 2.676901 -0.352421 2.700000
vertex 2.676901 -0.352421 0.250000
vertex 2.700000 0.000000 0.250000
endloop
endfacet
facet normal 0.997859 -0.0654033 0
outer loop
vertex 2.676901 -0.352421 2.700000
vertex 2.700000 0.000000 0.250000
vertex 2.700000 0.000000 2.700000
endloop
endfacet
facet normal 0 0 -1
outer loop
vertex 2.142054 -1.643656 0.250000
vertex 1.909188 -1.909188 0.250000
vertex 1.643656 -2.142054 0.250000
endloop
endfacet
facet normal 0 0 -1
outer loop
vertex 1.643656 -2.142054 0.250000
vertex 1.350000 -2.338269 0.250000
vertex 1.033245 -2.494475 0.250000
endloop
endfacet
facet normal 0 0 -1
outer loop
vertex 1.033245 -2.494475 0.250000
vertex 0.698811 -2.608000 0.250000
vertex 0.352421 -2.676901 0.250000
endloop
endfacet
facet normal -0 0 -1
outer loop
vertex 0.352421 -2.676901 0.250000
vertex -0.000000 -2.700000 0.250000
vertex -0.352421 -2.676901 0.250000
endloop
endfacet
facet normal 0 0 -1
outer loop
vertex -0.352421 -2.676901 0.250000
vertex -0.698811 -2.608000 0.250000
vertex -1.033245 -2.494475 0.250000
endloop
endfacet
facet normal 0 0 -1
outer loop
vertex -1.033245 -2.494475 0.250000
vertex -1.350000 -2.338269 0.250000
vertex -1.643656 -2.142054 0.250000
endloop
endfacet
facet normal 0 0 -1
outer loop
vertex -1.643656 -2.142054 0.250000
vertex -1.909188 -1.909188 0.250000
vertex -2.142054 -1.643656 0.250000
endloop
endfacet
facet normal 0 0 -1
outer loop
vertex -2.142054 -1.643656 0.250000
vertex -2.338269 -1.350000 0.250000
vertex -2.494475 -1.033245 0.250000
endloop
endfacet
facet normal 0 0 -1
outer loop
vertex -2.494475 -1.033245 0.250000
vertex -2.608000 -0.698811 0.250000
vertex -2.676901 -0.352421 0.250000
endloop
endfacet
facet normal 0 0 -1
outer loop
vertex -2.676901 -0.352421 0.250000
vertex -2.700000 0.000000 0.250000
vertex -2.676901 0.352421 0.250000
endloop
endfacet
facet normal 0 0 -1
outer loop
vertex -2.676901 0.352421 0.250000
vertex -2.608000 0.698811 0.250000
vertex -2.494475 1.033245 0.250000
endloop
endfacet
facet normal 0 0 -1
outer loop
vertex -2.494475 1.033245 0.250000
vertex -2.075000 0.625000 0.250000
vertex -2.075000 -0.625000 0.250000
endloop
endfacet
facet normal 0 0 -1
outer loop
vertex -2.075000 -0.625000 0.250000
vertex -0.625000 -0.625000 0.250000
vertex -0.625000 -2.075000 0.250000
endloop
endfacet
facet normal 0 0 -1
outer loop
vertex 0.625000 -2.075000 0.250000
vertex 0.625000 -0.625000 0.250000
vertex 2.075000 -0.625000 0.250000
endloop
endfacet
facet normal 0 0 -1
outer loop
vertex 0.625000 -2.075000 0.250000
vertex 2.075000 -0.625000 0.250000
vertex 2.494475 -1.033245 0.250000
endloop
endfacet
facet normal 0 0 -1
outer loop
vertex 2.494475 -1.033245 0.250000
vertex 2.338269 -1.350000 0.250000
vertex 2.142054 -1.643656 0.250000
endloop
endfacet
facet normal 0 0 -1
outer loop
vertex 2.142054 -1.643656 0.250000
vertex 1.643656 -2.142054 0.250000
vertex 1.033245 -2.494475 0.250000
endloop
endfacet
facet normal 0 0 -1
outer loop
vertex 1.033245 -2.494475 0.250000
vertex 0.352421 -2.676901 0.250000
vertex -0.352421 -2.676901 0.250000
endloop
endfacet
facet normal 0 0 -1
outer loop
vertex -0.352421 -2.676901 0.250000
vertex -1.033245 -2.494475 0.250000
vertex -1.643656 -2.142054 0.250000
endloop
endfacet
facet normal 0 0 -1
outer loop
vertex -1.643656 -2.142054 0.250000
vertex -2.142054 -1.643656 0.250000
vertex -2.494475 -1.033245 0.250000
endloop
endfacet
facet normal 0 0 -1
outer loop
vertex -2.494475 -1.033245 0.250000
vertex -2.676901 -0.352421 0.250000
vertex -2.676901 0.352421 0.250000
endloop
endfacet
facet normal 0 0 -1
outer loop
vertex -2.676901 0.352421 0.250000
vertex -2.494475 1.033245 0.250000
vertex -2.075000 -0.625000 0.250000
endloop
endfacet
facet normal 0 0 -1
outer loop
vertex -2.494475 -1.033245 0.250000
vertex -2.676901 0.352421 0.250000
vertex -2.075000 -0.625000 0.250000
endloop
endfacet
facet normal 0 0 -1
outer loop
vertex -0.352421 -2.676901 0.250000
vertex -1.643656 -2.142054 0.250000
vertex -2.494475 -1.033245 0.250000
endloop
endfacet
facet normal 0 0 -1
outer loop
vertex 2.142054 -1.643656 0.250000
vertex 1.033245 -2.494475 0.250000
vertex -0.352421 -2.676901 0.250000
endloop
endfacet
facet normal 0 0 -1
outer loop
vertex 0.625000 -2.075000 0.250000
vertex 2.494475 -1.033245 0.250000
vertex 2.142054 -1.643656 0.250000
endloop
endfacet
facet normal 0 0 -1
outer loop
vertex -2.494475 -1.033245 0.250000
vertex -2.075000 -0.625000 0.250000
vertex -0.625000 -2.075000 0.250000
endloop
endfacet
facet normal 0 -0 -1
outer loop
vertex 0.625000 -2.075000 0.250000
vertex 2.142054 -1.643656 0.250000
vertex -0.352421 -2.676901 0.250000
endloop
endfacet
facet normal 0 0 -1
outer loop
vertex -0.352421 -2.676901 0.250000
vertex -2.494475 -1.033245 0.250000
vertex -0.625000 -2.075000 0.250000
endloop
endfacet
facet normal 0 0 -1
outer loop
vertex -0.352421 -2.676901 0.250000
vertex -0.625000 -2.075000 0.250000
vertex 0.625000 -2.075000 0.250000
endloop
endfacet
facet normal 0 0 -1
outer loop
vertex -2.494475 1.033245 0.250000
vertex -2.338269 1.350000 0.250000
vertex -2.142054 1.643656 0.250000
endloop
endfacet
facet normal 0 0 -1
outer loop
vertex -2.142054 1.643656 0.250000
vertex -1.909188 1.909188 0.250000
vertex -1.643656 2.142054 0.250000
endloop
endfacet
facet normal 0 0 -1
outer loop
vertex -1.643656 2.142054 0.250000
vertex -1.350000 2.338269 0.250000
vertex -1.033245 2.494475 0.250000
endloop
endfacet
facet normal 0 0 -1
outer loop
vertex -1.033245 2.494475 0.250000
vertex -0.698811 2.608000 0.250000
vertex -0.352421 2.676901 0.250000
endloop
endfacet
facet normal 0 0 -1
outer loop
vertex -0.352421 2.676901 0.250000
vertex 0.000000 2.700000 0.250000
vertex 0.352421 2.676901 0.250000
endloop
endfacet
facet normal 0 0 -1
outer loop
vertex 0.352421 2.676901 0.250000
vertex 0.698811 2.608000 0.250000
vertex 1.033245 2.494475 0.250000
endloop
endfacet
facet normal 0 0 -1
outer loop
vertex 1.033245 2.494475 0.250000
vertex 1.350000 2.338269 0.250000
vertex 1.643656 2.142054 0.250000
endloop
endfacet
facet normal 0 0 -1
outer loop
vertex 1.643656 2.142054 0.250000
vertex 1.909188 1.909188 0.250000
vertex 2.142054 1.643656 0.250000
endloop
endfacet
facet normal 0 0 -1
outer loop
vertex 2.142054 1.643656 0.250000
vertex 2.338269 1.350000 0.250000
vertex 2.494475 1.033245 0.250000
endloop
endfacet
facet normal 0 0 -1
outer loop
vertex 2.494475 1.033245 0.250000
vertex 2.608000 0.698811 0.250000
vertex 2.676901 0.352421 0.250000
endloop
endfacet
facet normal 0 0 -1
outer loop
vertex 2.676901 0.352421 0.250000
vertex 2.700000 0.000000 0.250000
vertex 2.676901 -0.352421 0.250000
endloop
endfacet
facet normal 0 0 -1
outer loop
vertex 2.676901 -0.352421 0.250000
vertex 2.608000 -0.698811 0.250000
vertex 2.494475 -1.033245 0.250000
endloop
endfacet
facet normal 0 0 -1
outer loop
vertex 2.494475 -1.033245 0.250000
vertex 2.075000 -0.625000 0.250000
vertex 2.075000 0.625000 0.250000
endloop
endfacet
facet normal 0 0 -1
outer loop
vertex 2.075000 0.625000 0.250000
vertex 0.625000 0.625000 0.250000
vertex 0.625000 2.075000 0.250000
endloop
endfacet
facet normal 0 -0 -1
outer loop
vertex -0.625000 2.075000 0.250000
vertex -0.625000 0.625000 0.250000
vertex -2.075000 0.625000 0.250000
endloop
endfacet
facet normal 0 0 -1
outer loop
vertex -0.625000 2.075000 0.250000
vertex -2.075000 0.625000 0.250000
vertex -2.494475 1.033245 0.250000
endloop
endfacet
facet normal 0 0 -1
outer loop
vertex -2.494475 1.033245 0.250000
vertex -2.142054 1.643656 0.250000
vertex -1.643656 2.142054 0.250000
endloop
endfacet
facet normal 0 0 -1
outer loop
vertex -1.643656 2.142054 0.250000
vertex -1.033245 2.494475 0.250000
vertex -0.352421 2.676901 0.250000
endloop
endfacet
facet normal 0 0 -1
outer loop
vertex -0.352421 2.676901 0.250000
vertex 0.352421 2.676901 0.250000
vertex 1.033245 2.494475 0.250000
endloop
endfacet
facet normal 0 0 -1
outer loop
vertex 1.033245 2.494475 0.250000
vertex 1.643656 2.142054 0.250000
vertex 2.142054 1.643656 0.250000
endloop
endfacet
facet normal 0 0 -1
outer loop
vertex 2.142054 1.643656 0.250000
vertex 2.494475 1.033245 0.250000
vertex 2.676901 0.352421 0.250000
endloop
endfacet
facet normal 0 -0 -1
outer loop
vertex 2.676901 0.352421 0.250000
vertex 2.676901 -0.352421 0.250000
vertex 2.494475 -1.033245 0.250000
endloop
endfacet
facet normal -0 0 -1
outer loop
vertex 2.676901 0.352421 0.250000
vertex 2.494475 -1.033245 0.250000
vertex 2.075000 0.625000 0.250000
endloop
endfacet
facet normal 0 0 -1
outer loop
vertex 1.033245 2.494475 0.250000
vertex 2.142054 1.643656 0.250000
vertex 2.676901 0.352421 0.250000
endloop
endfacet
facet normal 0 0 -1
outer loop
vertex -1.643656 2.142054 0.250000
vertex -0.352421 2.676901 0.250000
vertex 1.033245 2.494475 0.250000
endloop
endfacet
facet normal -0 0 -1
outer loop
vertex -0.625000 2.075000 0.250000
vertex -2.494475 1.033245 0.250000
vertex -1.643656 2.142054 0.250000
endloop
endfacet
facet normal 0 0 -1
outer loop
vertex 2.676901 0.352421 0.250000
vertex 2.075000 0.625000 0.250000
vertex 0.625000 2.075000 0.250000
endloop
endfacet
facet normal 0 0 -1
outer loop
vertex 0.625000 2.075000 0.250000
vertex -0.625000 2.075000 0.250000
vertex -1.643656 2.142054 0.250000
endloop
endfacet
facet normal 0 -0 -1
outer loop
vertex 1.033245 2.494475 0.250000
vertex 2.676901 0.352421 0.250000
vertex 0.625000 2.075000 0.250000
endloop
endfacet
facet normal 0 0 -1
outer loop
vertex -1.643656 2.142054 0.250000
vertex 1.033245 2.494475 0.250000
vertex 0.625000 2.075000 0.250000
endloop
endfacet
facet normal 0 1 0
outer loop
vertex -0.625000 -2.075000 0.250000
vertex -0.625000 -2.075000 2.550000
vertex 0.625000 -2.075000 2.550000
endloop
endfacet
facet normal 0 1 0
outer loop
vertex -0.625000 -2.075000 0.250000
vertex 0.625000 -2.075000 2.550000
vertex 0.625000 -2.075000 0.250000
endloop
endfacet
facet normal -1 0 0
outer loop
vertex 0.625000 -2.075000 0.250000
vertex 0.625000 -2.075000 2.550000
vertex 0.625000 -0.625000 2.550000
endloop
endfacet
facet normal -1 0 0
outer loop
vertex 0.625000 -2.075000 0.250000
vertex 0.625000 -0.625000 2.550000
vertex 0.625000 -0.625000 0.250000
endloop
endfacet
facet normal 0 1 0
outer loop
vertex 0.625000 -0.625000 0.250000
vertex 0.625000 -0.625000 2.550000
vertex 2.075000 -0.625000 2.550000
endloop
endfacet
facet normal 0 1 0
outer loop
vertex 0.625000 -0.625000 0.250000
vertex 2.075000 -0.625000 2.550000
vertex 2.075000 -0.625000 0.250000
endloop
endfacet
facet normal -1 0 0
outer loop
vertex 2.075000 -0.625000 2.550000
vertex 2.075000 0.625000 2.550000
vertex 2.075000 0.625000 0.250000
endloop
endfacet
facet normal -1 0 0
outer loop
vertex 2.075000 -0.625000 2.550000
vertex 2.075000 0.625000 0.250000
vertex 2.075000 -0.625000 0.250000
endloop
endfacet
facet normal 0 -1 0
outer loop
vertex 2.075000 0.625000 0.250000
vertex 2.075000 0.625000 2.550000
vertex 0.625000 0.625000 2.550000
endloop
endfacet
facet normal 0 -1 0
outer loop
vertex 2.075000 0.625000 0.250000
vertex 0.625000 0.625000 2.550000
vertex 0.625000 0.625000 0.250000
endloop
endfacet
facet normal -1 0 0
outer loop
vertex 0.625000 0.625000 0.250000
vertex 0.625000 0.625000 2.550000
vertex 0.625000 2.075000 2.550000
endloop
endfacet
facet normal -1 0 0
outer loop
vertex 0.625000 0.625000 0.250000
vertex 0.625000 2.075000 2.550000
vertex 0.625000 2.075000 0.250000
endloop
endfacet
facet normal 0 -1 0
outer loop
vertex 0.625000 2.075000 0.250000
vertex 0.625000 2.075000 2.550000
vertex -0.625000 2.075000 2.550000
endloop
endfacet
facet normal 0 -1 0
outer loop
vertex 0.625000 2.075000 0.250000
vertex -0.625000 2.075000 2.550000
vertex -0.625000 2.075000 0.250000
endloop
endfacet
facet normal 1 0 -0
outer loop
vertex -0.625000 2.075000 0.250000
vertex -0.625000 2.075000 2.550000
vertex -0.625000 0.625000 2.550000
endloop
endfacet
facet normal 1 0 0
outer loop
vertex -0.625000 2.075000 0.250000
vertex -0.625000 0.625000 2.550000
vertex -0.625000 0.625000 0.250000
endloop
endfacet
facet normal 0 -1 0
outer loop
vertex -0.625000 0.625000 0.250000
vertex -0.625000 0.625000 2.550000
vertex -2.075000 0.625000 2.550000
endloop
endfacet
facet normal 0 -1 0
outer loop
vertex -0.625000 0.625000 0.250000
vertex -2.075000 0.625000 2.550000
vertex -2.075000 0.625000 0.250000
endloop
endfacet
facet normal 1 0 -0
outer loop
vertex -2.075000 0.625000 0.250000
vertex -2.075000 0.625000 2.550000
vertex -2.075000 -0.625000 2.550000
endloop
endfacet
facet normal 1 0 0
outer loop
vertex -2.075000 0.625000 0.250000
vertex -2.075000 -0.625000 2.550000
vertex -2.075000 -0.625000 0.250000
endloop
endfacet
facet normal 0 1 0
outer loop
vertex -2.075000 -0.625000 0.250000
vertex -2.075000 -0.625000 2.550000
vertex -0.625000 -0.625000 2.550000
endloop
endfacet
facet normal 0 1 0
outer loop
vertex -2.075000 -0.625000 0.250000
vertex -0.625000 -0.625000 2.550000
vertex -0.625000 -0.625000 0.250000
endloop
endfacet
facet normal 1 0 -0
outer loop
vertex -0.625000 -0.625000 0.250000
vertex -0.625000 -0.625000 2.550000
vertex -0.625000 -2.075000 2.550000
endloop
endfacet
facet normal 1 0 0
outer loop
vertex -0.625000 -0.625000 0.250000
vertex -0.625000 -2.075000 2.550000
vertex -0.625000 -2.075000 0.250000
endloop
endfacet
facet normal 0 0 -1
outer loop
vertex -0.625000 -0.625000 2.550000
vertex -2.075000 -0.625000 2.550000
vertex -2.075000 0.625000 2.550000
endloop
endfacet
facet normal 0 0 -1
outer loop
vertex -0.625000 0.625000 2.550000
vertex -0.625000 2.075000 2.550000
vertex 0.625000 2.075000 2.550000
endloop
endfacet
facet normal 0 0 -1
outer loop
vertex -0.625000 -0.625000 2.550000
vertex -2.075000 0.625000 2.550000
vertex -0.625000 0.625000 2.550000
endloop
endfacet
facet normal 0 0 -1
outer loop
vertex 0.625000 -2.075000 2.550000
vertex -0.625000 -2.075000 2.550000
vertex -0.625000 -0.625000 2.550000
endloop
endfacet
facet normal 0 -0 -1
outer loop
vertex 2.075000 0.625000 2.550000
vertex 2.075000 -0.625000 2.550000
vertex 0.625000 -0.625000 2.550000
endloop
endfacet
facet normal -0 -0 -1
outer loop
vertex 0.625000 -0.625000 2.550000
vertex 0.625000 -2.075000 2.550000
vertex -0.625000 -0.625000 2.550000
endloop
endfacet
facet normal 0 0 -1
outer loop
vertex -0.625000 -0.625000 2.550000
vertex -0.625000 0.625000 2.550000
vertex 0.625000 2.075000 2.550000
endloop
endfacet
facet normal 0 0 -1
outer loop
vertex 0.625000 0.625000 2.550000
vertex 2.075000 0.625000 2.550000
vertex 0.625000 -0.625000 2.550000
endloop
endfacet
facet normal 0 0 -1
outer loop
vertex -0.625000 -0.625000 2.550000
vertex 0.625000 2.075000 2.550000
vertex 0.625000 0.625000 2.550000
endloop
endfacet
facet normal 0 -0 -1
outer loop
vertex 0.625000 0.625000 2.550000
vertex 0.625000 -0.625000 2.550000
vertex -0.625000 -0.625000 2.550000
endloop
endfacet
facet normal 0.0761612 -0.151681 0.985491
outer loop
vertex -1.157295 1.825668 3.637711
vertex -1.122669 1.772669 3.626878
vertex -0.777087 2.025813 3.639133
endloop
endfacet
facet normal 0.0777122 -0.154623 0.984912
outer loop
vertex -0.858092 2.132240 3.662232
vertex -1.157295 1.825668 3.637711
vertex -0.777087 2.025813 3.639133
endloop
endfacet
facet normal 0.0897717 -0.165347 0.982141
outer loop
vertex -1.082124 2.306596 3.710788
vertex -1.277345 1.927345 3.664783
vertex -0.969313 2.234626 3.688360
endloop
endfacet
facet normal 0.103379 -0.170815 0.979865
outer loop
vertex -1.317806 2.387506 3.748770
vertex -1.335320 1.952775 3.674833
vertex -1.205184 2.358986 3.731916
endloop
endfacet
facet normal 0.114248 -0.172215 0.978412
outer loop
vertex -1.517934 2.397958 3.773578
vertex -1.459780 1.973544 3.692085
vertex -1.384129 2.396507 3.757699
endloop
endfacet
facet normal 0.1219 -0.171339 0.977642
outer loop
vertex -1.650088 2.377370 3.786448
vertex -1.553877 1.961815 3.701623
vertex -1.517934 2.397958 3.773578
endloop
endfacet
facet normal 0.137407 -0.165959 0.976513
outer loop
vertex -1.793069 2.328284 3.796947
vertex -1.910057 2.263323 3.802368
vertex -1.642215 1.927345 3.707580
endloop
endfacet
facet normal 0.153627 -0.150314 0.976629
outer loop
vertex -2.132869 2.040511 3.800033
vertex -1.796891 1.772669 3.705959
vertex -1.762265 1.825668 3.708669
endloop
endfacet
facet normal 0.115916 -0.085056 0.98961
outer loop
vertex -1.459936 1.273045 3.600737
vertex -1.331593 1.229147 3.581931
vertex -1.378328 1.256874 3.589788
endloop
endfacet
facet normal 0.116228 -0.0850587 0.989574
outer loop
vertex -1.587967 1.229147 3.612001
vertex -1.459936 1.273045 3.600737
vertex -1.541232 1.256874 3.608895
endloop
endfacet
facet normal 0.155752 -0.147671 0.976696
outer loop
vertex -2.132869 2.040511 3.800033
vertex -2.197830 1.923523 3.792704
vertex -1.796891 1.772669 3.705959
endloop
endfacet
facet normal 0.157361 -0.143598 0.977045
outer loop
vertex -2.197830 1.923523 3.792704
vertex -1.822321 1.714695 3.701534
vertex -1.796891 1.772669 3.705959
endloop
endfacet
facet normal 0.161326 -0.132733 0.977935
outer loop
vertex -2.242622 1.797499 3.781855
vertex -2.267508 1.648323 3.765713
vertex -1.837862 1.653325 3.695515
endloop
endfacet
facet normal 0.161365 -0.128882 0.978443
outer loop
vertex -2.267508 1.648323 3.765713
vertex -1.843090 1.590234 3.688067
vertex -1.837862 1.653325 3.695515
endloop
endfacet
facet normal 0.161566 -0.11986 0.979556
outer loop
vertex -2.267508 1.532146 3.750869
vertex -2.259952 1.465643 3.741486
vertex -1.837862 1.527144 3.679392
endloop
endfacet
facet normal 0.15845 -0.106423 0.981615
outer loop
vertex -2.167754 1.197079 3.696356
vertex -1.796891 1.407799 3.659338
vertex -2.228512 1.335575 3.721179
endloop
endfacet
facet normal 0.144522 -0.0887547 0.985513
outer loop
vertex -1.669431 1.269340 3.626696
vertex -1.719389 1.308224 3.637524
vertex -1.964051 0.956586 3.641735
endloop
endfacet
facet normal 0.136632 -0.0839551 0.987058
outer loop
vertex -1.587967 1.229147 3.612001
vertex -1.669431 1.269340 3.626696
vertex -1.837436 0.873873 3.616315
endloop
endfacet
facet normal 0.141206 0.0861536 0.986224
outer loop
vertex -1.950195 -0.947841 3.638887
vertex -1.642215 -1.255161 3.621637
vertex -1.837436 -0.875911 3.616459
endloop
endfacet
facet normal 0.152757 0.0967219 0.983519
outer loop
vertex -2.142474 -1.156693 3.688160
vertex -1.780674 -1.382622 3.654185
vertex -2.049622 -1.037397 3.662006
endloop
endfacet
facet normal 0.159974 0.110614 0.980904
outer loop
vertex -2.204857 -1.275002 3.710613
vertex -2.246930 -1.402029 3.731799
vertex -1.822321 -1.467812 3.669968
endloop
endfacet
facet normal 0.161815 0.12523 0.978843
outer loop
vertex -2.267508 -1.534184 3.751120
vertex -2.267508 -1.650361 3.765984
vertex -1.841781 -1.623926 3.692224
endloop
endfacet
facet normal 0.158061 0.14197 0.97717
outer loop
vertex -2.228532 -1.846869 3.786553
vertex -2.197802 -1.925621 3.793024
vertex -1.831361 -1.686369 3.698990
endloop
endfacet
facet normal 0.155749 0.147826 0.976673
outer loop
vertex -2.197802 -1.925621 3.793024
vertex -2.132907 -2.042495 3.800365
vertex -1.796891 -1.774708 3.706249
endloop
endfacet
facet normal 0.146782 0.159205 0.976273
outer loop
vertex -2.061469 -2.134278 3.803728
vertex -1.964102 -2.225879 3.804027
vertex -1.719389 -1.874282 3.709898
endloop
endfacet
facet normal 0.141608 0.16285 0.976436
outer loop
vertex -1.964102 -2.225879 3.804027
vertex -1.895303 -2.275001 3.802242
vertex -1.642215 -1.929383 3.707896
endloop
endfacet
facet normal 0.116392 0.0855007 0.989516
outer loop
vertex -1.501224 -1.270998 3.605439
vertex -1.587951 -1.231179 3.612200
vertex -1.541520 -1.258774 3.609123
endloop
endfacet
facet normal 0.115761 0.0854651 0.989593
outer loop
vertex -1.378040 -1.258774 3.589948
vertex -1.331609 -1.231179 3.582133
vertex -1.418336 -1.270998 3.595717
endloop
endfacet
facet normal 0.160815 0.13282 0.978007
outer loop
vertex -1.841781 -1.623926 3.692224
vertex -2.259952 -1.716864 3.773606
vertex -1.831361 -1.686369 3.698990
endloop
endfacet
facet normal 0.12241 0.171525 0.977545
outer loop
vertex -1.667045 -2.375114 3.788277
vertex -1.517869 -2.400000 3.773964
vertex -1.491434 -1.974273 3.695953
endloop
endfacet
facet normal 0.109523 0.171934 0.979001
outer loop
vertex -1.428127 -1.974273 3.688528
vertex -1.401692 -2.400000 3.760337
vertex -1.335189 -2.392444 3.751570
endloop
endfacet
facet normal 0.0955871 0.168644 0.981031
outer loop
vertex -1.305806 -1.943297 3.670218
vertex -1.188577 -2.355324 3.729625
vertex -1.066625 -2.300246 3.708274
endloop
endfacet
facet normal 0.0894062 0.165147 0.982208
outer loop
vertex -0.969365 -2.236704 3.688737
vertex -1.224346 -1.894758 3.654453
vertex -1.066625 -2.300246 3.708274
endloop
endfacet
facet normal 0.0769895 0.15296 0.985229
outer loop
vertex -0.777052 -2.027795 3.639453
vertex -1.122669 -1.774708 3.627168
vertex -0.815388 -2.082740 3.650979
endloop
endfacet
facet normal 0.0725512 0.145186 0.986741
outer loop
vertex -1.097239 -1.716733 3.616768
vertex -1.122669 -1.774708 3.627168
vertex -0.721758 -1.925621 3.619896
endloop
endfacet
facet normal 0.0688297 0.13382 0.988613
outer loop
vertex -0.652053 -1.650361 3.576504
vertex -1.081698 -1.655363 3.607094
vertex -0.672645 -1.782580 3.595835
endloop
endfacet
facet normal 0.0685992 0.122729 0.990067
outer loop
vertex -0.659608 -1.467681 3.554018
vertex -1.077780 -1.560619 3.594513
vertex -0.650014 -1.583461 3.567706
endloop
endfacet
facet normal 0.072547 0.107661 0.991537
outer loop
vertex -0.751806 -1.199117 3.530473
vertex -1.122669 -1.409837 3.580488
vertex -0.691049 -1.337613 3.541066
endloop
endfacet
facet normal 0.0837057 0.0922127 0.992215
outer loop
vertex -0.955509 -0.958624 3.523598
vertex -1.224346 -1.289787 3.577055
vertex -0.858048 -1.050316 3.523897
endloop
endfacet
facet normal 0.0986714 0.0821924 0.99172
outer loop
vertex -1.246552 -0.811205 3.538864
vertex -1.331609 -1.231179 3.582133
vertex -1.082124 -0.875911 3.527867
endloop
endfacet
facet normal -0.0972584 -0.00642284 0.995238
outer loop
vertex 1.384670 -0.056674 3.527156
vertex 1.095197 0.260566 3.500915
vertex 1.271547 -0.129629 3.515630
endloop
endfacet
facet normal -0.0899368 -0.00250632 0.995944
outer loop
vertex 1.271547 -0.129629 3.515630
vertex 1.043793 0.234533 3.495980
vertex 1.126105 -0.187100 3.502352
endloop
endfacet
facet normal -0.108336 -0.0169166 0.99397
outer loop
vertex 1.562385 0.142933 3.548888
vertex 1.179616 0.337706 3.510484
vertex 1.482402 0.034956 3.538333
endloop
endfacet
facet normal -0.111988 -0.0230557 0.993442
outer loop
vertex 1.614915 0.246653 3.557217
vertex 1.210146 0.386401 3.514832
vertex 1.562385 0.142933 3.548888
endloop
endfacet
facet normal -0.11572 -0.0341689 0.992694
outer loop
vertex 1.666205 0.448092 3.569600
vertex 1.238363 0.468881 3.520442
vertex 1.643640 0.330428 3.562920
endloop
endfacet
facet normal -0.138615 -0.0845543 0.98673
outer loop
vertex 1.907782 0.917108 3.630011
vertex 1.667210 1.269340 3.626399
vertex 1.790849 0.852184 3.608021
endloop
endfacet
facet normal -0.150531 -0.0939702 0.984129
outer loop
vertex 2.101952 1.099767 3.676090
vertex 1.739570 1.330626 3.642704
vertex 2.012435 1.000393 3.652908
endloop
endfacet
facet normal -0.158522 -0.106865 0.981555
outer loop
vertex 2.226291 1.335575 3.720781
vertex 1.808585 1.436260 3.664284
vertex 2.173891 1.212519 3.698921
endloop
endfacet
facet normal -0.161603 -0.121521 0.979345
outer loop
vertex 1.835642 1.527144 3.679065
vertex 2.257722 1.465578 3.741073
vertex 2.267508 1.590234 3.758156
endloop
endfacet
facet normal -0.159461 -0.138292 0.97747
outer loop
vertex 2.220589 1.861499 3.787313
vertex 1.829140 1.684331 3.698388
vertex 2.244695 1.780542 3.779792
endloop
endfacet
facet normal -0.154673 -0.148807 0.976695
outer loop
vertex 2.130649 2.040511 3.799653
vertex 1.778454 1.799885 3.707217
vertex 2.173891 1.967949 3.795445
endloop
endfacet
facet normal -0.1475 -0.157909 0.976375
outer loop
vertex 1.999516 2.191966 3.803647
vertex 1.739570 1.849843 3.709046
vertex 2.059248 2.132240 3.803011
endloop
endfacet
facet normal -0.138368 -0.165059 0.976529
outer loop
vertex 1.835216 2.306596 3.799052
vertex 1.667210 1.911128 3.708402
vertex 1.907782 2.263361 3.802026
endloop
endfacet
facet normal -0.127825 -0.169826 0.977149
outer loop
vertex 1.647804 2.377385 3.786149
vertex 1.582020 1.952775 3.703747
vertex 1.728763 2.353286 3.792551
endloop
endfacet
facet normal -0.116499 -0.171922 0.978198
outer loop
vertex 1.448748 2.400000 3.765726
vertex 1.457560 1.973544 3.691824
vertex 1.533146 2.396513 3.775165
endloop
endfacet
facet normal -0.10507 -0.171208 0.979616
outer loop
vertex 1.332903 2.390397 3.750932
vertex 1.250232 2.373058 3.739035
vertex 1.394469 1.968316 3.683768
endloop
endfacet
facet normal -0.0995352 -0.169804 0.980438
outer loop
vertex 1.250232 2.373058 3.739035
vertex 1.140350 2.335336 3.721346
vertex 1.303586 1.941259 3.669667
endloop
endfacet
facet normal -0.0780175 -0.154886 0.984847
outer loop
vertex 0.855871 2.132240 3.662080
vertex 0.784434 2.040457 3.641986
vertex 1.136666 1.799885 3.632055
endloop
endfacet
facet normal -0.0739855 -0.149032 0.986061
outer loop
vertex 0.784434 2.040457 3.641986
vertex 0.719510 1.923523 3.619441
vertex 1.136666 1.799885 3.632055
endloop
endfacet
facet normal -0.0738437 -0.148545 0.986145
outer loop
vertex 1.106535 1.744208 3.621412
vertex 1.136666 1.799885 3.632055
vertex 0.719510 1.923523 3.619441
endloop
endfacet
facet normal -0.0692931 -0.136014 0.988281
outer loop
vertex 0.674736 1.797562 3.598103
vertex 0.657388 1.714826 3.585500
vertex 1.079478 1.653325 3.606631
endloop
endfacet
facet normal -0.0685691 -0.122583 0.990087
outer loop
vertex 1.079478 1.527144 3.590508
vertex 1.074250 1.590234 3.597957
vertex 0.657397 1.465578 3.553654
endloop
endfacet
facet normal -0.0696856 -0.115399 0.990872
outer loop
vertex 0.688828 1.335575 3.540724
vertex 1.079478 1.527144 3.590508
vertex 0.657397 1.465578 3.553654
endloop
endfacet
facet normal -0.0758306 -0.101009 0.991991
outer loop
vertex 0.813168 1.099767 3.525156
vertex 1.136666 1.380584 3.578479
vertex 0.741228 1.212519 3.531137
endloop
endfacet
facet normal -0.0865107 -0.089471 0.992225
outer loop
vertex 1.007338 0.917108 3.524556
vertex 1.247909 1.269340 3.577293
vertex 0.902685 1.000393 3.522942
endloop
endfacet
facet normal -0.0999715 -0.0817048 0.99163
outer loop
vertex 1.245718 0.808754 3.538621
vertex 1.333099 1.227693 3.581948
vertex 1.124271 0.852184 3.529955
endloop
endfacet
facet normal 0.084972 0.00135934 0.996382
outer loop
vertex -1.080194 0.196683 3.498430
vertex -1.147446 0.179479 3.504189
vertex -1.018473 -0.227129 3.493745
endloop
endfacet
facet normal 0.0896727 0.00286103 0.995967
outer loop
vertex -1.246552 0.140814 3.513223
vertex -1.018473 -0.227129 3.493745
vertex -1.147446 0.179479 3.504189
endloop
endfacet
facet normal 0.093125 -0.0849125 0.992027
outer loop
vertex -1.009558 0.917108 3.524736
vertex -1.277345 1.253123 3.578636
vertex -1.126491 0.852184 3.530156
endloop
endfacet
facet normal 0.0808933 -0.0948129 0.992203
outer loop
vertex -0.815388 1.099767 3.525301
vertex -1.157295 1.354801 3.577547
vertex -0.904905 1.000393 3.523103
endloop
endfacet
facet normal 0.0698617 -0.115398 0.99086
outer loop
vertex -0.659618 1.465578 3.553771
vertex -1.081698 1.527144 3.590701
vertex -0.691049 1.335575 3.540847
endloop
endfacet
facet normal 0.0686671 -0.123083 0.990018
outer loop
vertex -0.650013 1.599013 3.569694
vertex -1.081698 1.527144 3.590701
vertex -0.659618 1.465578 3.553771
endloop
endfacet
facet normal 0.0832616 -0.160533 0.983512
outer loop
vertex -0.969313 2.234626 3.688360
vertex -1.224346 1.892719 3.654143
vertex -0.858092 2.132240 3.662232
endloop
endfacet
facet normal 0.0735879 -0.148203 0.986215
outer loop
vertex -0.714679 1.907444 3.616688
vertex -0.777087 2.025813 3.639133
vertex -1.122669 1.772669 3.626878
endloop
endfacet
facet normal 0.129874 -0.169354 0.976961
outer loop
vertex -1.650088 2.377370 3.786448
vertex -1.793069 2.328284 3.796947
vertex -1.553877 1.961815 3.701623
endloop
endfacet
facet normal 0.151643 -0.153648 0.97642
outer loop
vertex -2.061512 2.132191 3.803377
vertex -2.132869 2.040511 3.800033
vertex -1.762265 1.825668 3.708669
endloop
endfacet
facet normal 0.116075 -0.0845993 0.989631
outer loop
vertex -1.587967 1.229147 3.612001
vertex -1.331593 1.229147 3.581931
vertex -1.459936 1.273045 3.600737
endloop
endfacet
facet normal 0.159039 -0.140649 0.977202
outer loop
vertex -2.197830 1.923523 3.792704
vertex -2.242622 1.797499 3.781855
vertex -1.822321 1.714695 3.701534
endloop
endfacet
facet normal 0.161959 -0.125068 0.97884
outer loop
vertex -2.267508 1.648323 3.765713
vertex -2.267508 1.532146 3.750869
vertex -1.843090 1.590234 3.688067
endloop
endfacet
facet normal 0.160855 -0.114175 0.980352
outer loop
vertex -2.259952 1.465643 3.741486
vertex -2.228512 1.335575 3.721179
vertex -1.837862 1.527144 3.679392
endloop
endfacet
facet normal 0.133425 -0.0816959 0.987686
outer loop
vertex -1.673008 0.809167 3.588751
vertex -1.587967 1.229147 3.612001
vertex -1.837436 0.873873 3.616315
endloop
endfacet
facet normal 0.147323 0.0907017 0.984921
outer loop
vertex -2.049622 -1.037397 3.662006
vertex -1.719389 -1.310262 3.637739
vertex -1.950195 -0.947841 3.638887
endloop
endfacet
facet normal 0.161623 0.118078 0.979763
outer loop
vertex -2.246930 -1.402029 3.731799
vertex -2.267508 -1.534184 3.751120
vertex -1.837862 -1.529182 3.679643
endloop
endfacet
facet normal 0.160507 0.136152 0.977599
outer loop
vertex -2.259952 -1.716864 3.773606
vertex -2.228532 -1.846869 3.786553
vertex -1.831361 -1.686369 3.698990
endloop
endfacet
facet normal 0.151639 0.153805 0.976396
outer loop
vertex -2.132907 -2.042495 3.800365
vertex -2.061469 -2.134278 3.803728
vertex -1.762265 -1.827706 3.708968
endloop
endfacet
facet normal 0.116073 0.0847944 0.989615
outer loop
vertex -1.418336 -1.270998 3.595717
vertex -1.331609 -1.231179 3.582133
vertex -1.501224 -1.270998 3.605439
endloop
endfacet
facet normal 0.158062 0.141968 0.97717
outer loop
vertex -1.831361 -1.686369 3.698990
vertex -2.197802 -1.925621 3.793024
vertex -1.796891 -1.774708 3.706249
endloop
endfacet
facet normal 0.114754 0.172151 0.978364
outer loop
vertex -1.428127 -1.974273 3.688528
vertex -1.517869 -2.400000 3.773964
vertex -1.401692 -2.400000 3.760337
endloop
endfacet
facet normal 0.0997799 0.169749 0.980423
outer loop
vertex -1.305806 -1.943297 3.670218
vertex -1.365683 -1.963853 3.679871
vertex -1.188577 -2.355324 3.729625
endloop
endfacet
facet normal 0.0701072 0.137986 0.98795
outer loop
vertex -1.081698 -1.655363 3.607094
vertex -1.097239 -1.716733 3.616768
vertex -0.672645 -1.782580 3.595835
endloop
endfacet
facet normal 0.0688385 0.128017 0.98938
outer loop
vertex -0.650014 -1.583461 3.567706
vertex -1.077780 -1.560619 3.594513
vertex -0.652053 -1.650361 3.576504
endloop
endfacet
facet normal 0.0786554 0.097575 0.992115
outer loop
vertex -0.786691 -1.141996 3.527257
vertex -0.858048 -1.050316 3.523897
vertex -1.157295 -1.356839 3.577769
endloop
endfacet
facet normal 0.0902219 0.086908 0.992122
outer loop
vertex -1.082124 -0.875911 3.527867
vertex -1.277345 -1.255161 3.578841
vertex -0.955509 -0.958624 3.523598
endloop
endfacet
facet normal -0.084119 -0.00136283 0.996455
outer loop
vertex 1.043793 0.234533 3.495980
vertex 0.957959 0.213915 3.488706
vertex 1.126105 -0.187100 3.502352
endloop
endfacet
facet normal -0.103274 -0.0111696 0.99459
outer loop
vertex 1.482402 0.034956 3.538333
vertex 1.140891 0.295336 3.505796
vertex 1.384670 -0.056674 3.527156
endloop
endfacet
facet normal -0.116413 -0.0502326 0.99193
outer loop
vertex 1.669402 0.808754 3.588240
vertex 1.238363 0.468881 3.520442
vertex 1.666205 0.448092 3.569600
endloop
endfacet
facet normal -0.144897 -0.0888584 0.985449
outer loop
vertex 2.012435 1.000393 3.652908
vertex 1.667210 1.269340 3.626399
vertex 1.907782 0.917108 3.630011
endloop
endfacet
facet normal -0.160683 -0.114176 0.98038
outer loop
vertex 1.835642 1.527144 3.679065
vertex 2.226291 1.335575 3.720781
vertex 2.257722 1.465578 3.741073
endloop
endfacet
facet normal -0.151361 -0.153571 0.976476
outer loop
vertex 2.059248 2.132240 3.803011
vertex 1.739570 1.849843 3.709046
vertex 2.130649 2.040511 3.799653
endloop
endfacet
facet normal -0.143146 -0.16176 0.976393
outer loop
vertex 1.907782 2.263361 3.802026
vertex 1.667210 1.911128 3.708402
vertex 1.999516 2.191966 3.803647
endloop
endfacet
facet normal -0.110756 -0.171918 0.978865
outer loop
vertex 1.332903 2.390397 3.750932
vertex 1.394469 1.968316 3.683768
vertex 1.448748 2.400000 3.765726
endloop
endfacet
facet normal -0.122239 -0.171359 0.977596
outer loop
vertex 1.533146 2.396513 3.775165
vertex 1.520651 1.968316 3.698545
vertex 1.647804 2.377385 3.786149
endloop
endfacet
facet normal -0.0795055 -0.156114 0.984534
outer loop
vertex 1.136666 1.799885 3.632055
vertex 1.197951 1.872244 3.648477
vertex 0.855871 2.132240 3.662080
endloop
endfacet
facet normal -0.07085 -0.142071 0.987318
outer loop
vertex 0.719510 1.923523 3.619441
vertex 0.674736 1.797562 3.598103
vertex 1.106535 1.744208 3.621412
endloop
endfacet
facet normal -0.0705679 -0.139626 0.987687
outer loop
vertex 1.079478 1.653325 3.606631
vertex 1.106535 1.744208 3.621412
vertex 0.674736 1.797562 3.598103
endloop
endfacet
facet normal -0.0721108 -0.107951 0.991537
outer loop
vertex 0.741228 1.212519 3.531137
vertex 1.106535 1.436260 3.582064
vertex 0.688828 1.335575 3.540724
endloop
endfacet
facet normal -0.0806376 -0.0947426 0.99223
outer loop
vertex 0.902685 1.000393 3.522942
vertex 1.175550 1.330626 3.576649
vertex 0.813168 1.099767 3.525156
endloop
endfacet
facet normal 0.0824331 0.00098723 0.996596
outer loop
vertex -1.018473 -0.227129 3.493745
vertex -0.960160 -0.215953 3.488911
vertex -1.080194 0.196683 3.498430
endloop
endfacet
facet normal 0.0866403 -0.0894094 0.992219
outer loop
vertex -0.904905 1.000393 3.523103
vertex -1.200172 1.308224 3.576624
vertex -1.009558 0.917108 3.524736
endloop
endfacet
facet normal 0.0722875 -0.107949 0.991525
outer loop
vertex -0.691049 1.335575 3.540847
vertex -1.108755 1.436260 3.582262
vertex -0.743449 1.212519 3.531270
endloop
endfacet
facet normal 0.10338 -0.170815 0.979865
outer loop
vertex -1.396689 1.968316 3.684017
vertex -1.335320 1.952775 3.674833
vertex -1.317806 2.387506 3.748770
endloop
endfacet
facet normal 0.110952 -0.171698 0.978882
outer loop
vertex -1.459780 1.973544 3.692085
vertex -1.396689 1.968316 3.684017
vertex -1.384129 2.396507 3.757699
endloop
endfacet
facet normal 0.14784 -0.157358 0.976413
outer loop
vertex -2.014703 2.180030 3.804000
vertex -2.061512 2.132191 3.803377
vertex -1.762265 1.825668 3.708669
endloop
endfacet
facet normal 0.161522 -0.121277 0.979389
outer loop
vertex -1.843090 1.590234 3.688067
vertex -2.267508 1.532146 3.750869
vertex -1.837862 1.527144 3.679392
endloop
endfacet
facet normal 0.159965 -0.136388 0.977655
outer loop
vertex -2.242622 1.797499 3.781855
vertex -1.837862 1.653325 3.695515
vertex -1.822321 1.714695 3.701534
endloop
endfacet
facet normal 0.116135 -0.0783307 0.99014
outer loop
vertex -1.331593 1.229147 3.581931
vertex -1.587967 1.229147 3.612001
vertex -1.673008 0.809167 3.588751
endloop
endfacet
facet normal 0.156948 0.103639 0.982154
outer loop
vertex -2.204857 -1.275002 3.710613
vertex -1.780674 -1.382622 3.654185
vertex -2.142474 -1.156693 3.688160
endloop
endfacet
facet normal 0.161385 0.130453 0.978232
outer loop
vertex -2.267508 -1.650361 3.765984
vertex -2.259952 -1.716864 3.773606
vertex -1.841781 -1.623926 3.692224
endloop
endfacet
facet normal 0.116073 0.0847912 0.989615
outer loop
vertex -1.587951 -1.231179 3.612200
vertex -1.501224 -1.270998 3.605439
vertex -1.331609 -1.231179 3.582133
endloop
endfacet
facet normal 0.153621 0.150474 0.976605
outer loop
vertex -1.796891 -1.774708 3.706249
vertex -2.132907 -2.042495 3.800365
vertex -1.762265 -1.827706 3.708968
endloop
endfacet
facet normal 0.103299 0.171262 0.979795
outer loop
vertex -1.365683 -1.963853 3.679871
vertex -1.335189 -2.392444 3.751570
vertex -1.188577 -2.355324 3.729625
endloop
endfacet
facet normal 0.068941 0.128517 0.989308
outer loop
vertex -1.081698 -1.655363 3.607094
vertex -0.652053 -1.650361 3.576504
vertex -1.077780 -1.560619 3.594513
endloop
endfacet
facet normal 0.0757476 0.10211 0.991885
outer loop
vertex -0.786691 -1.141996 3.527257
vertex -1.122669 -1.409837 3.580488
vertex -0.751806 -1.199117 3.530473
endloop
endfacet
facet normal -0.0932561 -0.00459915 0.995632
outer loop
vertex 1.043793 0.234533 3.495980
vertex 1.271547 -0.129629 3.515630
vertex 1.095197 0.260566 3.500915
endloop
endfacet
facet normal -0.155073 -0.100075 0.982821
outer loop
vertex 2.173891 1.212519 3.698921
vertex 1.778454 1.380584 3.653641
vertex 2.101952 1.099767 3.676090
endloop
endfacet
facet normal -0.133234 -0.167763 0.976783
outer loop
vertex 1.728763 2.353286 3.792551
vertex 1.582020 1.952775 3.703747
vertex 1.835216 2.306596 3.799052
endloop
endfacet
facet normal -0.144424 -0.160267 0.976451
outer loop
vertex 1.667210 1.911128 3.708402
vertex 1.739570 1.849843 3.709046
vertex 1.999516 2.191966 3.803647
endloop
endfacet
facet normal -0.0826783 -0.160241 0.983609
outer loop
vertex 0.953238 2.223841 3.685187
vertex 0.855871 2.132240 3.662080
vertex 1.197951 1.872244 3.648477
endloop
endfacet
facet normal -0.0685024 -0.130305 0.989105
outer loop
vertex 1.074250 1.590234 3.597957
vertex 1.079478 1.653325 3.606631
vertex 0.657388 1.714826 3.585500
endloop
endfacet
facet normal -0.0930023 -0.0850082 0.99203
outer loop
vertex 1.124271 0.852184 3.529955
vertex 1.247909 1.269340 3.577293
vertex 1.007338 0.917108 3.524556
endloop
endfacet
facet normal 0.076161 -0.101107 0.991956
outer loop
vertex -0.743449 1.212519 3.531270
vertex -1.157295 1.354801 3.577547
vertex -0.815388 1.099767 3.525301
endloop
endfacet
facet normal 0.0961414 -0.168488 0.981004
outer loop
vertex -1.335320 1.952775 3.674833
vertex -1.277345 1.927345 3.664783
vertex -1.082124 2.306596 3.710788
endloop
endfacet
facet normal 0.147423 -0.157659 0.976427
outer loop
vertex -2.014703 2.180030 3.804000
vertex -1.762265 1.825668 3.708669
vertex -1.695214 1.892719 3.709372
endloop
endfacet
facet normal 0.160639 -0.113717 0.98044
outer loop
vertex -1.837862 1.527144 3.679392
vertex -2.228512 1.335575 3.721179
vertex -1.822321 1.465774 3.669728
endloop
endfacet
facet normal 0.161458 0.12334 0.979142
outer loop
vertex -2.267508 -1.534184 3.751120
vertex -1.841781 -1.623926 3.692224
vertex -1.837862 -1.529182 3.679643
endloop
endfacet
facet normal 0.148854 0.156522 0.976393
outer loop
vertex -1.762265 -1.827706 3.708968
vertex -2.061469 -2.134278 3.803728
vertex -1.719389 -1.874282 3.709898
endloop
endfacet
facet normal -0.151363 -0.153568 0.976476
outer loop
vertex 1.739570 1.849843 3.709046
vertex 1.778454 1.799885 3.707217
vertex 2.130649 2.040511 3.799653
endloop
endfacet
facet normal -0.0862599 -0.16266 0.982904
outer loop
vertex 1.197951 1.872244 3.648477
vertex 1.247909 1.911128 3.659297
vertex 0.953238 2.223841 3.685187
endloop
endfacet
facet normal -0.0683565 -0.129809 0.98918
outer loop
vertex 0.657388 1.714826 3.585500
vertex 0.647793 1.581488 3.567339
vertex 1.074250 1.590234 3.597957
endloop
endfacet
facet normal -0.0787728 -0.0976406 0.992099
outer loop
vertex 1.136666 1.380584 3.578479
vertex 0.813168 1.099767 3.525156
vertex 1.175550 1.330626 3.576649
endloop
endfacet
facet normal 0.143846 -0.1616 0.976316
outer loop
vertex -1.910057 2.263323 3.802368
vertex -2.014703 2.180030 3.804000
vertex -1.695214 1.892719 3.709372
endloop
endfacet
facet normal 0.15845 -0.106423 0.981615
outer loop
vertex -1.822321 1.465774 3.669728
vertex -2.228512 1.335575 3.721179
vertex -1.796891 1.407799 3.659338
endloop
endfacet
facet normal 0.160422 0.113933 0.980451
outer loop
vertex -2.246930 -1.402029 3.731799
vertex -1.837862 -1.529182 3.679643
vertex -1.822321 -1.467812 3.669968
endloop
endfacet
facet normal 0.141608 0.16285 0.976436
outer loop
vertex -1.719389 -1.874282 3.709898
vertex -1.964102 -2.225879 3.804027
vertex -1.642215 -1.929383 3.707896
endloop
endfacet
facet normal -0.0886925 -0.164903 0.982314
outer loop
vertex 1.064404 2.298208 3.707708
vertex 0.953238 2.223841 3.685187
vertex 1.247909 1.911128 3.659297
endloop
endfacet
facet normal -0.0685699 -0.122581 0.990087
outer loop
vertex 0.647793 1.581488 3.567339
vertex 0.657397 1.465578 3.553654
vertex 1.074250 1.590234 3.597957
endloop
endfacet
facet normal 0.140058 -0.16384 0.976494
outer loop
vertex -1.910057 2.263323 3.802368
vertex -1.695214 1.892719 3.709372
vertex -1.642215 1.927345 3.707580
endloop
endfacet
facet normal 0.154799 -0.0997726 0.982895
outer loop
vertex -2.167754 1.197079 3.696356
vertex -2.104211 1.099819 3.676476
vertex -1.796891 1.407799 3.659338
endloop
endfacet
facet normal 0.157278 0.105045 0.981952
outer loop
vertex -1.780674 -1.382622 3.654185
vertex -2.204857 -1.275002 3.710613
vertex -1.822321 -1.467812 3.669968
endloop
endfacet
facet normal 0.13651 0.166608 0.976528
outer loop
vertex -1.895303 -2.275001 3.802242
vertex -1.777051 -2.337349 3.796349
vertex -1.642215 -1.929383 3.707896
endloop
endfacet
facet normal -0.0926355 -0.166689 0.981648
outer loop
vertex 1.247909 1.911128 3.659297
vertex 1.303586 1.941259 3.669667
vertex 1.064404 2.298208 3.707708
endloop
endfacet
facet normal -0.070808 -0.113157 0.991051
outer loop
vertex 1.106535 1.436260 3.582064
vertex 1.079478 1.527144 3.590508
vertex 0.688828 1.335575 3.540724
endloop
endfacet
facet normal 0.131536 -0.168261 0.976927
outer loop
vertex -1.793069 2.328284 3.796947
vertex -1.642215 1.927345 3.707580
vertex -1.553877 1.961815 3.701623
endloop
endfacet
facet normal 0.154798 -0.0997716 0.982895
outer loop
vertex -1.762265 1.354801 3.648505
vertex -1.796891 1.407799 3.659338
vertex -2.104211 1.099819 3.676476
endloop
endfacet
facet normal 0.151233 0.0955266 0.983872
outer loop
vertex -1.719389 -1.310262 3.637739
vertex -2.049622 -1.037397 3.662006
vertex -1.780674 -1.382622 3.654185
endloop
endfacet
facet normal 0.133321 0.167716 0.976779
outer loop
vertex -1.642215 -1.929383 3.707896
vertex -1.777051 -2.337349 3.796349
vertex -1.584241 -1.954813 3.704349
endloop
endfacet
facet normal -0.0942291 -0.167722 0.981321
outer loop
vertex 1.140350 2.335336 3.721346
vertex 1.064404 2.298208 3.707708
vertex 1.303586 1.941259 3.669667
endloop
endfacet
facet normal -0.0744644 -0.104161 0.991769
outer loop
vertex 1.106535 1.436260 3.582064
vertex 0.741228 1.212519 3.531137
vertex 1.136666 1.380584 3.578479
endloop
endfacet
facet normal 0.120462 -0.171252 0.977835
outer loop
vertex -1.517934 2.397958 3.773578
vertex -1.553877 1.961815 3.701623
vertex -1.459780 1.973544 3.692085
endloop
endfacet
facet normal 0.151747 -0.0955821 0.983787
outer loop
vertex -2.104211 1.099819 3.676476
vertex -2.061512 1.048278 3.664882
vertex -1.762265 1.354801 3.648505
endloop
endfacet
facet normal 0.142923 0.0878964 0.985823
outer loop
vertex -1.642215 -1.255161 3.621637
vertex -1.950195 -0.947841 3.638887
vertex -1.719389 -1.310262 3.637739
endloop
endfacet
facet normal 0.129866 0.169496 0.976937
outer loop
vertex -1.777051 -2.337349 3.796349
vertex -1.667045 -2.375114 3.788277
vertex -1.584241 -1.954813 3.704349
endloop
endfacet
facet normal -0.101469 -0.170006 0.980205
outer loop
vertex 1.250232 2.373058 3.739035
vertex 1.303586 1.941259 3.669667
vertex 1.394469 1.968316 3.683768
endloop
endfacet
facet normal -0.0855945 -0.0906416 0.992198
outer loop
vertex 1.175550 1.330626 3.576649
vertex 0.902685 1.000393 3.522942
vertex 1.247909 1.269340 3.577293
endloop
endfacet
facet normal 0.108528 -0.171674 0.979158
outer loop
vertex -1.384129 2.396507 3.757699
vertex -1.396689 1.968316 3.684017
vertex -1.317806 2.387506 3.748770
endloop
endfacet
facet normal 0.150047 -0.0938998 0.98421
outer loop
vertex -1.719389 1.308224 3.637524
vertex -1.762265 1.354801 3.648505
vertex -2.061512 1.048278 3.664882
endloop
endfacet
facet normal 0.135037 0.0829936 0.987359
outer loop
vertex -1.642215 -1.255161 3.621637
vertex -1.587951 -1.231179 3.612200
vertex -1.837436 -0.875911 3.616459
endloop
endfacet
facet normal 0.12422 0.170713 0.977459
outer loop
vertex -1.584241 -1.954813 3.704349
vertex -1.667045 -2.375114 3.788277
vertex -1.491434 -1.974273 3.695953
endloop
endfacet
facet normal -0.110754 -0.171919 0.978865
outer loop
vertex 1.448748 2.400000 3.765726
vertex 1.394469 1.968316 3.683768
vertex 1.457560 1.973544 3.691824
endloop
endfacet
facet normal -0.0954033 -0.0842777 0.991865
outer loop
vertex 1.247909 1.269340 3.577293
vertex 1.124271 0.852184 3.529955
vertex 1.333099 1.227693 3.581948
endloop
endfacet
facet normal 0.0965583 -0.168777 0.980913
outer loop
vertex -1.205184 2.358986 3.731916
vertex -1.335320 1.952775 3.674833
vertex -1.082124 2.306596 3.710788
endloop
endfacet
facet normal 0.148058 -0.0912241 0.984762
outer loop
vertex -2.061512 1.048278 3.664882
vertex -1.964051 0.956586 3.641735
vertex -1.719389 1.308224 3.637524
endloop
endfacet
facet normal 0.133423 0.0818564 0.987673
outer loop
vertex -1.673008 -0.811205 3.588884
vertex -1.837436 -0.875911 3.616459
vertex -1.587951 -1.231179 3.612200
endloop
endfacet
facet normal 0.114757 0.17215 0.978363
outer loop
vertex -1.491434 -1.974273 3.695953
vertex -1.517869 -2.400000 3.773964
vertex -1.428127 -1.974273 3.688528
endloop
endfacet
facet normal -0.118401 -0.17155 0.978035
outer loop
vertex 1.457560 1.973544 3.691824
vertex 1.520651 1.968316 3.698545
vertex 1.533146 2.396513 3.775165
endloop
endfacet
facet normal -0.104459 -0.0807292 0.991247
outer loop
vertex 1.245718 0.808754 3.538621
vertex 1.394469 1.212152 3.587150
vertex 1.333099 1.227693 3.581948
endloop
endfacet
facet normal 0.0894094 -0.164991 0.982234
outer loop
vertex -1.224346 1.892719 3.654143
vertex -0.969313 2.234626 3.688360
vertex -1.277345 1.927345 3.664783
endloop
endfacet
facet normal 0.141736 -0.0860997 0.986153
outer loop
vertex -1.964051 0.956586 3.641735
vertex -1.837436 0.873873 3.616315
vertex -1.669431 1.269340 3.626696
endloop
endfacet
facet normal 0.116134 0.078491 0.990127
outer loop
vertex -1.587951 -1.231179 3.612200
vertex -1.331609 -1.231179 3.582133
vertex -1.673008 -0.811205 3.588884
endloop
endfacet
facet normal 0.107164 0.171461 0.979345
outer loop
vertex -1.365683 -1.963853 3.679871
vertex -1.428127 -1.974273 3.688528
vertex -1.335189 -2.392444 3.751570
endloop
endfacet
facet normal -0.125928 -0.170157 0.977338
outer loop
vertex 1.520651 1.968316 3.698545
vertex 1.582020 1.952775 3.703747
vertex 1.647804 2.377385 3.786149
endloop
endfacet
facet normal -0.111983 -0.0778832 0.990653
outer loop
vertex 1.245718 0.808754 3.538621
vertex 1.457560 1.206924 3.593871
vertex 1.394469 1.212152 3.587150
endloop
endfacet
facet normal 0.0821954 -0.158915 0.983865
outer loop
vertex -1.157295 1.825668 3.637711
vertex -0.858092 2.132240 3.662232
vertex -1.224346 1.892719 3.654143
endloop
endfacet
facet normal 0.116135 -0.0783307 0.99014
outer loop
vertex -1.673008 0.809167 3.588751
vertex -1.246552 0.809167 3.538731
vertex -1.331593 1.229147 3.581931
endloop
endfacet
facet normal 0.0970134 0.0833667 0.991785
outer loop
vertex -1.277345 -1.255161 3.578841
vertex -1.082124 -0.875911 3.527867
vertex -1.331609 -1.231179 3.582133
endloop
endfacet
facet normal 0.0912253 0.165817 0.981928
outer loop
vertex -1.305806 -1.943297 3.670218
vertex -1.066625 -2.300246 3.708274
vertex -1.224346 -1.894758 3.654453
endloop
endfacet
facet normal -0.13483 -0.166615 0.97676
outer loop
vertex 1.582020 1.952775 3.703747
vertex 1.667210 1.911128 3.708402
vertex 1.835216 2.306596 3.799052
endloop
endfacet
facet normal -0.115985 -0.0757137 0.990361
outer loop
vertex 1.245718 0.808754 3.538621
vertex 1.669402 0.808754 3.588240
vertex 1.457560 1.206924 3.593871
endloop
endfacet
facet normal 0.071962 -0.143216 0.987072
outer loop
vertex -1.122669 1.772669 3.626878
vertex -1.088200 1.684331 3.611548
vertex -0.714679 1.907444 3.616688
endloop
endfacet
facet normal 0.100105 -0.0817282 0.991615
outer loop
vertex -1.246552 0.809167 3.538731
vertex -1.126491 0.852184 3.530156
vertex -1.331593 1.229147 3.581931
endloop
endfacet
facet normal 0.090222 0.0869078 0.992122
outer loop
vertex -1.224346 -1.289787 3.577055
vertex -0.955509 -0.958624 3.523598
vertex -1.277345 -1.255161 3.578841
endloop
endfacet
facet normal 0.0852111 0.162107 0.983087
outer loop
vertex -0.969365 -2.236704 3.688737
vertex -0.917824 -2.194004 3.677229
vertex -1.224346 -1.894758 3.654453
endloop
endfacet
facet normal -0.155458 -0.147034 0.976839
outer loop
vertex 1.778454 1.799885 3.707217
vertex 1.808585 1.744208 3.703631
vertex 2.173891 1.967949 3.795445
endloop
endfacet
facet normal -0.119943 -0.0778105 0.989727
outer loop
vertex 1.520651 1.212152 3.601928
vertex 1.457560 1.206924 3.593871
vertex 1.669402 0.808754 3.588240
endloop
endfacet
facet normal 0.0717013 -0.142782 0.987154
outer loop
vertex -0.691029 1.844831 3.605914
vertex -0.714679 1.907444 3.616688
vertex -1.088200 1.684331 3.611548
endloop
endfacet
facet normal 0.116134 0.0784915 0.990127
outer loop
vertex -1.673008 -0.811205 3.588884
vertex -1.331609 -1.231179 3.582133
vertex -1.246552 -0.811205 3.538864
endloop
endfacet
facet normal 0.0835212 0.160408 0.983511
outer loop
vertex -1.177770 -1.851881 3.643505
vertex -1.224346 -1.894758 3.654453
vertex -0.917824 -2.194004 3.677229
endloop
endfacet
facet normal -0.157517 -0.14374 0.976999
outer loop
vertex 2.173891 1.967949 3.795445
vertex 1.808585 1.744208 3.703631
vertex 2.220589 1.861499 3.787313
endloop
endfacet
facet normal -0.11617 -0.0505432 0.991942
outer loop
vertex 1.238363 0.468881 3.520442
vertex 1.669402 0.808754 3.588240
vertex 1.245718 0.808754 3.538621
endloop
endfacet
facet normal 0.0697495 -0.137923 0.987984
outer loop
vertex -0.662509 1.732209 3.588179
vertex -0.691029 1.844831 3.605914
vertex -1.088200 1.684331 3.611548
endloop
endfacet
facet normal 0.0828894 0.0934508 0.992167
outer loop
vertex -1.157295 -1.356839 3.577769
vertex -0.858048 -1.050316 3.523897
vertex -1.224346 -1.289787 3.577055
endloop
endfacet
facet normal 0.0804363 0.158126 0.984137
outer loop
vertex -0.917824 -2.194004 3.677229
vertex -0.815388 -2.082740 3.650979
vertex -1.177770 -1.851881 3.643505
endloop
endfacet
facet normal -0.15864 -0.140048 0.977354
outer loop
vertex 1.808585 1.744208 3.703631
vertex 1.829140 1.684331 3.698388
vertex 2.220589 1.861499 3.787313
endloop
endfacet
facet normal -0.127376 -0.0805125 0.988581
outer loop
vertex 1.582020 1.227693 3.611100
vertex 1.520651 1.212152 3.601928
vertex 1.669402 0.808754 3.588240
endloop
endfacet
facet normal 0.0693485 -0.134086 0.98854
outer loop
vertex -1.088200 1.684331 3.611548
vertex -1.077780 1.621888 3.602347
vertex -0.662509 1.732209 3.588179
endloop
endfacet
facet normal 0.0766581 0.100977 0.991931
outer loop
vertex -1.122669 -1.409837 3.580488
vertex -0.786691 -1.141996 3.527257
vertex -1.157295 -1.356839 3.577769
endloop
endfacet
facet normal 0.0773488 0.153312 0.985146
outer loop
vertex -1.122669 -1.774708 3.627168
vertex -1.177770 -1.851881 3.643505
vertex -0.815388 -2.082740 3.650979
endloop
endfacet
facet normal -0.160863 -0.132696 0.978016
outer loop
vertex 2.244695 1.780542 3.779792
vertex 1.829140 1.684331 3.698388
vertex 2.263832 1.665886 3.767383
endloop
endfacet
facet normal -0.1318 -0.0813997 0.987929
outer loop
vertex 1.669402 0.808754 3.588240
vertex 1.790849 0.852184 3.608021
vertex 1.582020 1.227693 3.611100
endloop
endfacet
facet normal 0.0684997 -0.130828 0.989036
outer loop
vertex -0.650013 1.599013 3.569694
vertex -0.662509 1.732209 3.588179
vertex -1.077780 1.621888 3.602347
endloop
endfacet
facet normal 0.0721996 0.109633 0.991347
outer loop
vertex -1.088200 -1.498175 3.587747
vertex -0.691049 -1.337613 3.541066
vertex -1.122669 -1.409837 3.580488
endloop
endfacet
facet normal 0.0738872 0.148766 0.986108
outer loop
vertex -0.777052 -2.027795 3.639453
vertex -0.721758 -1.925621 3.619896
vertex -1.122669 -1.774708 3.627168
endloop
endfacet
facet normal -0.160863 -0.132695 0.978016
outer loop
vertex 1.829140 1.684331 3.698388
vertex 1.839560 1.621888 3.691629
vertex 2.263832 1.665886 3.767383
endloop
endfacet
facet normal -0.113855 -0.0285895 0.993086
outer loop
vertex 1.210146 0.386401 3.514832
vertex 1.643640 0.330428 3.562920
vertex 1.238363 0.468881 3.520442
endloop
endfacet
facet normal 0.068897 -0.124521 0.989822
outer loop
vertex -1.081698 1.527144 3.590701
vertex -0.650013 1.599013 3.569694
vertex -1.077780 1.621888 3.602347
endloop
endfacet
facet normal 0.070673 0.14182 0.987366
outer loop
vertex -0.721758 -1.925621 3.619896
vertex -0.672645 -1.782580 3.595835
vertex -1.097239 -1.716733 3.616768
endloop
endfacet
facet normal -0.161542 -0.12721 0.978633
outer loop
vertex 2.263832 1.665886 3.767383
vertex 1.839560 1.621888 3.691629
vertex 2.267508 1.590234 3.758156
endloop
endfacet
facet normal -0.13626 -0.0838733 0.987116
outer loop
vertex 1.582020 1.227693 3.611100
vertex 1.790849 0.852184 3.608021
vertex 1.667210 1.269340 3.626399
endloop
endfacet
facet normal 0.0709841 -0.113156 0.991038
outer loop
vertex -1.108755 1.436260 3.582262
vertex -0.691049 1.335575 3.540847
vertex -1.081698 1.527144 3.590701
endloop
endfacet
facet normal 0.0694838 0.118924 0.990469
outer loop
vertex -0.659608 -1.467681 3.554018
vertex -1.088200 -1.498175 3.587747
vertex -1.077780 -1.560619 3.594513
endloop
endfacet
facet normal -0.16133 -0.123184 0.979182
outer loop
vertex 1.839560 1.621888 3.691629
vertex 1.835642 1.527144 3.679065
vertex 2.267508 1.590234 3.758156
endloop
endfacet
facet normal 0.07567 -0.1025 0.991851
outer loop
vertex -1.157295 1.354801 3.577547
vertex -0.743449 1.212519 3.531270
vertex -1.108755 1.436260 3.582262
endloop
endfacet
facet normal 0.069755 0.115535 0.990851
outer loop
vertex -0.659608 -1.467681 3.554018
vertex -0.691049 -1.337613 3.541066
vertex -1.088200 -1.498175 3.587747
endloop
endfacet
facet normal -0.159654 -0.111986 0.980801
outer loop
vertex 1.808585 1.436260 3.664284
vertex 2.226291 1.335575 3.720781
vertex 1.835642 1.527144 3.679065
endloop
endfacet
facet normal 0.081322 -0.0945067 0.992197
outer loop
vertex -1.200172 1.308224 3.576624
vertex -0.904905 1.000393 3.523103
vertex -1.157295 1.354801 3.577547
endloop
endfacet
facet normal 0.116326 0.053696 0.991759
outer loop
vertex -1.246552 -0.811205 3.538864
vertex -1.246527 -0.536512 3.523988
vertex -1.673008 -0.811205 3.588884
endloop
endfacet
facet normal -0.156329 -0.103169 0.982302
outer loop
vertex 1.778454 1.380584 3.653641
vertex 2.173891 1.212519 3.698921
vertex 1.808585 1.436260 3.664284
endloop
endfacet
facet normal 0.088899 -0.0882953 0.992119
outer loop
vertex -1.277345 1.253123 3.578636
vertex -1.009558 0.917108 3.524736
vertex -1.200172 1.308224 3.576624
endloop
endfacet
facet normal 0.126608 0.0376087 0.99124
outer loop
vertex -1.246527 -0.536512 3.523988
vertex -1.240558 -0.470925 3.520737
vertex -1.673008 -0.811205 3.588884
endloop
endfacet
facet normal -0.152285 -0.0968016 0.983585
outer loop
vertex 1.739570 1.330626 3.642704
vertex 2.101952 1.099767 3.676090
vertex 1.778454 1.380584 3.653641
endloop
endfacet
facet normal 0.0970943 -0.0833887 0.991776
outer loop
vertex -1.277345 1.253123 3.578636
vertex -1.331593 1.229147 3.581931
vertex -1.126491 0.852184 3.530156
endloop
endfacet
facet normal 0.140715 0.019405 0.98986
outer loop
vertex -1.240558 -0.470925 3.520737
vertex -1.212340 -0.388442 3.515109
vertex -1.673008 -0.811205 3.588884
endloop
endfacet
facet normal -0.145773 -0.0900048 0.985215
outer loop
vertex 1.667210 1.269340 3.626399
vertex 2.012435 1.000393 3.652908
vertex 1.739570 1.330626 3.642704
endloop
endfacet
facet normal 0.116409 -0.0378779 0.992479
outer loop
vertex -1.673008 0.809167 3.588751
vertex -1.246552 0.140814 3.513223
vertex -1.246552 0.809167 3.538731
endloop
endfacet
facet normal 0.146482 0.0129929 0.989128
outer loop
vertex -1.246552 0.140814 3.513223
vertex -1.673008 -0.811205 3.588884
vertex -1.212340 -0.388442 3.515109
endloop
endfacet
facet normal -0.113852 -0.0285635 0.993087
outer loop
vertex 1.614915 0.246653 3.557217
vertex 1.643640 0.330428 3.562920
vertex 1.210146 0.386401 3.514832
endloop
endfacet
facet normal 0.174514 8.06983e-05 0.984655
outer loop
vertex -1.673008 0.809167 3.588751
vertex -1.673008 -0.811205 3.588884
vertex -1.246552 0.140814 3.513223
endloop
endfacet
facet normal -0.10982 -0.0198757 0.993753
outer loop
vertex 1.179616 0.337706 3.510484
vertex 1.562385 0.142933 3.548888
vertex 1.210146 0.386401 3.514832
endloop
endfacet
facet normal 0.11922 0.0112438 0.992804
outer loop
vertex -1.163399 -0.317688 3.508431
vertex -1.246552 0.140814 3.513223
vertex -1.212340 -0.388442 3.515109
endloop
endfacet
facet normal -0.105262 -0.0138076 0.994349
outer loop
vertex 1.140891 0.295336 3.505796
vertex 1.482402 0.034956 3.538333
vertex 1.179616 0.337706 3.510484
endloop
endfacet
facet normal 0.105127 0.00867105 0.994421
outer loop
vertex -1.121028 -0.278963 3.503614
vertex -1.246552 0.140814 3.513223
vertex -1.163399 -0.317688 3.508431
endloop
endfacet
facet normal -0.0996956 -0.00866805 0.99498
outer loop
vertex 1.095197 0.260566 3.500915
vertex 1.384670 -0.056674 3.527156
vertex 1.140891 0.295336 3.505796
endloop
endfacet
facet normal 0.0970157 0.0062262 0.995263
outer loop
vertex -1.072333 -0.248433 3.498676
vertex -1.246552 0.140814 3.513223
vertex -1.121028 -0.278963 3.503614
endloop
endfacet
facet normal -0.0823043 -0.000596772 0.996607
outer loop
vertex 1.008515 -0.209655 3.492627
vertex 1.126105 -0.187100 3.502352
vertex 0.957959 0.213915 3.488706
endloop
endfacet
facet normal 0.0899739 0.00304919 0.995939
outer loop
vertex -1.018473 -0.227129 3.493745
vertex -1.246552 0.140814 3.513223
vertex -1.072333 -0.248433 3.498676
endloop
endfacet
facet normal -0.0769045 5.17316e-05 0.997038
outer loop
vertex 0.937255 -0.214007 3.487131
vertex 1.008515 -0.209655 3.492627
vertex 0.957959 0.213915 3.488706
endloop
endfacet
facet normal 0.0791043 1.26426e-05 0.996866
outer loop
vertex -0.939422 0.211970 3.487260
vertex -1.080194 0.196683 3.498430
vertex -0.960160 -0.215953 3.488911
endloop
endfacet
facet normal -0.000758493 -0.00364328 0.999993
outer loop
vertex 0.957959 0.213915 3.488706
vertex -0.939422 0.211970 3.487260
vertex 0.937255 -0.214007 3.487131
endloop
endfacet
facet normal 0.000933967 0.00381299 0.999992
outer loop
vertex -0.960160 -0.215953 3.488911
vertex 0.937255 -0.214007 3.487131
vertex -0.939422 0.211970 3.487260
endloop
endfacet
facet normal 0.837166 0.546948 0
outer loop
vertex -1.122669 1.772669 3.846883
vertex -1.122669 1.772669 3.626878
vertex -1.157295 1.825668 3.637711
endloop
endfacet
facet normal 0.837166 0.546948 0
outer loop
vertex -1.122669 1.772669 3.846883
vertex -1.157295 1.825668 3.637711
vertex -1.157295 1.825668 3.857570
endloop
endfacet
facet normal -0.795728 -0.605654 0
outer loop
vertex -0.858092 2.132240 3.662232
vertex -0.777087 2.025813 3.639133
vertex -0.777087 2.025813 3.858970
endloop
endfacet
facet normal -0.795728 -0.605654 0
outer loop
vertex -0.858092 2.132240 3.662232
vertex -0.777087 2.025813 3.858970
vertex -0.858092 2.132240 3.880509
endloop
endfacet
facet normal -0.537839 -0.843048 -0
outer loop
vertex -1.082124 2.306596 3.922933
vertex -1.082124 2.306596 3.710788
vertex -0.969313 2.234626 3.688360
endloop
endfacet
facet normal -0.537839 -0.843048 0
outer loop
vertex -1.082124 2.306596 3.922933
vertex -0.969313 2.234626 3.688360
vertex -0.969313 2.234626 3.903794
endloop
endfacet
facet normal -0.245487 -0.9694 0
outer loop
vertex -1.269627 2.375305 3.946969
vertex -1.317806 2.387506 3.952922
vertex -1.317806 2.387506 3.748770
endloop
endfacet
facet normal -0.245488 -0.9694 0
outer loop
vertex -1.317806 2.387506 3.748770
vertex -1.205184 2.358986 3.731916
vertex -1.205184 2.358986 3.939822
endloop
endfacet
facet normal -0.245489 -0.969399 6.53873e-07
outer loop
vertex -1.317806 2.387506 3.748770
vertex -1.205184 2.358986 3.939822
vertex -1.269627 2.375305 3.946969
endloop
endfacet
facet normal -0.0108427 -0.999941 0
outer loop
vertex -1.440472 2.397118 3.964968
vertex -1.517934 2.397958 3.976220
vertex -1.517934 2.397958 3.773578
endloop
endfacet
facet normal -0.0108436 -0.999941 0
outer loop
vertex -1.517934 2.397958 3.773578
vertex -1.384129 2.396507 3.757699
vertex -1.384129 2.396507 3.959986
endloop
endfacet
facet normal -0.0108448 -0.999941 8.42891e-07
outer loop
vertex -1.517934 2.397958 3.773578
vertex -1.384129 2.396507 3.959986
vertex -1.440472 2.397118 3.964968
endloop
endfacet
facet normal 0.153931 -0.988082 0
outer loop
vertex -1.594314 2.386059 3.984286
vertex -1.650088 2.377370 3.991570
vertex -1.650088 2.377370 3.786448
endloop
endfacet
facet normal 0.153931 -0.988082 0
outer loop
vertex -1.650088 2.377370 3.786448
vertex -1.517934 2.397958 3.773578
vertex -1.517934 2.397958 3.976220
endloop
endfacet
facet normal 0.153931 -0.988082 7.39223e-08
outer loop
vertex -1.650088 2.377370 3.786448
vertex -1.517934 2.397958 3.976220
vertex -1.594314 2.386059 3.984286
endloop
endfacet
facet normal 0.48546 -0.874259 0
outer loop
vertex -1.873926 2.283386 4.007626
vertex -1.910057 2.263323 4.010234
vertex -1.910057 2.263323 3.802368
endloop
endfacet
facet normal 0.485458 -0.87426 0
outer loop
vertex -1.910057 2.263323 3.802368
vertex -1.793069 2.328284 3.796947
vertex -1.793069 2.328284 4.004267
endloop
endfacet
facet normal 0.485458 -0.87426 5.11383e-07
outer loop
vertex -1.910057 2.263323 3.802368
vertex -1.793069 2.328284 4.004267
vertex -1.873926 2.283386 4.007626
endloop
endfacet
facet normal -0.837166 0.546948 0
outer loop
vertex -1.762265 1.825668 3.920972
vertex -1.762265 1.825668 3.708669
vertex -1.796891 1.772669 3.705959
endloop
endfacet
facet normal -0.837168 0.546945 0
outer loop
vertex -1.796891 1.772669 3.705959
vertex -1.796891 1.772669 3.918550
vertex -1.787319 1.787319 3.919014
endloop
endfacet
facet normal -0.837166 0.54695 -4.30934e-07
outer loop
vertex -1.796891 1.772669 3.705959
vertex -1.787319 1.787319 3.919014
vertex -1.762265 1.825668 3.920972
endloop
endfacet
facet normal -0.510241 -0.860031 -0
outer loop
vertex -1.378328 1.256874 3.807639
vertex -1.378328 1.256874 3.589788
vertex -1.331593 1.229147 3.581931
endloop
endfacet
facet normal -0.510241 -0.860031 0
outer loop
vertex -1.378328 1.256874 3.807639
vertex -1.331593 1.229147 3.581931
vertex -1.331593 1.229147 3.798644
endloop
endfacet
facet normal -0.194375 -0.980927 -0
outer loop
vertex -1.459936 1.273045 3.819689
vertex -1.459936 1.273045 3.600737
vertex -1.378328 1.256874 3.589788
endloop
endfacet
facet normal -0.194375 -0.980927 0
outer loop
vertex -1.459936 1.273045 3.819689
vertex -1.378328 1.256874 3.589788
vertex -1.378328 1.256874 3.807639
endloop
endfacet
facet normal 0.195097 -0.980784 0
outer loop
vertex -1.533403 1.258431 3.827227
vertex -1.541232 1.256874 3.828133
vertex -1.541232 1.256874 3.608895
endloop
endfacet
facet normal 0.195093 -0.980785 0
outer loop
vertex -1.541232 1.256874 3.608895
vertex -1.459936 1.273045 3.600737
vertex -1.459936 1.273045 3.819689
endloop
endfacet
facet normal 0.195092 -0.980785 1.56028e-07
outer loop
vertex -1.541232 1.256874 3.608895
vertex -1.459936 1.273045 3.819689
vertex -1.533403 1.258431 3.827227
endloop
endfacet
facet normal 0.51024 -0.860032 0
outer loop
vertex -1.587967 1.229147 3.831684
vertex -1.587967 1.229147 3.612001
vertex -1.541232 1.256874 3.608895
endloop
endfacet
facet normal 0.51024 -0.860032 0
outer loop
vertex -1.587967 1.229147 3.831684
vertex -1.541232 1.256874 3.608895
vertex -1.541232 1.256874 3.828133
endloop
endfacet
facet normal 0.87426 -0.485458 0
outer loop
vertex -2.197830 1.923523 3.999276
vertex -2.197830 1.923523 3.792704
vertex -2.132869 2.040511 3.800033
endloop
endfacet
facet normal 0.87426 -0.485458 0
outer loop
vertex -2.197830 1.923523 3.999276
vertex -2.132869 2.040511 3.800033
vertex -2.132869 2.040511 4.007722
endloop
endfacet
facet normal -0.915771 0.4017 0
outer loop
vertex -1.796891 1.772669 3.705959
vertex -1.822321 1.714695 3.701534
vertex -1.822321 1.714695 3.915156
endloop
endfacet
facet normal -0.915771 0.4017 0
outer loop
vertex -1.796891 1.772669 3.705959
vertex -1.822321 1.714695 3.915156
vertex -1.796891 1.772669 3.918550
endloop
endfacet
facet normal 0.986369 -0.16455 0
outer loop
vertex -2.267508 1.648323 3.966788
vertex -2.267508 1.648323 3.765713
vertex -2.242622 1.797499 3.781855
endloop
endfacet
facet normal 0.986369 -0.16455 0
outer loop
vertex -2.267508 1.648323 3.966788
vertex -2.242622 1.797499 3.781855
vertex -2.242622 1.797499 3.985903
endloop
endfacet
facet normal -0.996584 0.0825822 0
outer loop
vertex -1.837862 1.653325 3.695515
vertex -1.843090 1.590234 3.688067
vertex -1.843090 1.590234 3.903635
endloop
endfacet
facet normal -0.996584 0.0825822 0
outer loop
vertex -1.837862 1.653325 3.695515
vertex -1.843090 1.590234 3.903635
vertex -1.837862 1.653325 3.910139
endloop
endfacet
facet normal 0.993607 0.112894 0
outer loop
vertex -2.265412 1.513700 3.952244
vertex -2.259952 1.465643 3.947278
vertex -2.259952 1.465643 3.741486
endloop
endfacet
facet normal 0.993607 0.112892 0
outer loop
vertex -2.259952 1.465643 3.741486
vertex -2.267508 1.532146 3.750869
vertex -2.267508 1.532146 3.954384
endloop
endfacet
facet normal 0.993608 0.112887 1.57397e-06
outer loop
vertex -2.259952 1.465643 3.741486
vertex -2.267508 1.532146 3.954384
vertex -2.265412 1.513700 3.952244
endloop
endfacet
facet normal 0.915754 0.40174 0
outer loop
vertex -2.167754 1.197079 3.910594
vertex -2.167754 1.197079 3.696356
vertex -2.228512 1.335575 3.721179
endloop
endfacet
facet normal 0.915754 0.40174 0
outer loop
vertex -2.167754 1.197079 3.910594
vertex -2.228512 1.335575 3.721179
vertex -2.228512 1.335575 3.931426
endloop
endfacet
facet normal -0.614213 -0.78914 -0
outer loop
vertex -1.719389 1.308224 3.857475
vertex -1.719389 1.308224 3.637524
vertex -1.669431 1.269340 3.626696
endloop
endfacet
facet normal -0.614213 -0.78914 0
outer loop
vertex -1.719389 1.308224 3.857475
vertex -1.669431 1.269340 3.626696
vertex -1.669431 1.269340 3.846783
endloop
endfacet
facet normal -0.442461 -0.896787 -0
outer loop
vertex -1.669431 1.269340 3.846783
vertex -1.669431 1.269340 3.626696
vertex -1.587967 1.229147 3.612001
endloop
endfacet
facet normal -0.442462 -0.896788 0
outer loop
vertex -1.669431 1.269340 3.846783
vertex -1.587967 1.229147 3.612001
vertex -1.587967 1.229147 3.831684
endloop
endfacet
facet normal 0.537803 -0.843071 0
outer loop
vertex -1.950195 -0.947841 3.858805
vertex -1.950195 -0.947841 3.638887
vertex -1.837436 -0.875911 3.616459
endloop
endfacet
facet normal 0.537803 -0.843071 0
outer loop
vertex -1.950195 -0.947841 3.858805
vertex -1.837436 -0.875911 3.616459
vertex -1.837436 -0.875911 3.836390
endloop
endfacet
facet normal 0.789139 -0.614215 0
outer loop
vertex -2.127124 -1.136972 3.899486
vertex -2.142474 -1.156693 3.903423
vertex -2.142474 -1.156693 3.688160
endloop
endfacet
facet normal 0.78914 -0.614213 0
outer loop
vertex -2.142474 -1.156693 3.688160
vertex -2.049622 -1.037397 3.662006
vertex -2.049622 -1.037397 3.880458
endloop
endfacet
facet normal 0.78914 -0.614213 -3.25986e-07
outer loop
vertex -2.142474 -1.156693 3.688160
vertex -2.049622 -1.037397 3.880458
vertex -2.127124 -1.136972 3.899486
endloop
endfacet
facet normal 0.949286 -0.314414 0
outer loop
vertex -2.246930 -1.402029 3.939867
vertex -2.246930 -1.402029 3.731799
vertex -2.204857 -1.275002 3.710613
endloop
endfacet
facet normal 0.949286 -0.314414 0
outer loop
vertex -2.246930 -1.402029 3.939867
vertex -2.204857 -1.275002 3.710613
vertex -2.204857 -1.275002 3.922738
endloop
endfacet
facet normal 1 0 0
outer loop
vertex -2.267508 -1.637316 3.964968
vertex -2.267508 -1.650361 3.967125
vertex -2.267508 -1.650361 3.765984
endloop
endfacet
facet normal 1 -0 0
outer loop
vertex -2.267508 -1.650361 3.765984
vertex -2.267508 -1.534184 3.751120
vertex -2.267508 -1.534184 3.954589
endloop
endfacet
facet normal 1 0 0
outer loop
vertex -2.267508 -1.650361 3.765984
vertex -2.267508 -1.534184 3.954589
vertex -2.267508 -1.637316 3.964968
endloop
endfacet
facet normal 0.931588 0.363517 0
outer loop
vertex -2.197802 -1.925621 3.999661
vertex -2.197802 -1.925621 3.793024
vertex -2.228532 -1.846869 3.786553
endloop
endfacet
facet normal 0.931588 0.363517 0
outer loop
vertex -2.197802 -1.925621 3.999661
vertex -2.228532 -1.846869 3.786553
vertex -2.228532 -1.846869 3.991303
endloop
endfacet
facet normal 0.874268 0.485444 0
outer loop
vertex -2.132907 -2.042495 4.008100
vertex -2.132907 -2.042495 3.800365
vertex -2.197802 -1.925621 3.793024
endloop
endfacet
facet normal 0.874268 0.485444 0
outer loop
vertex -2.132907 -2.042495 4.008100
vertex -2.197802 -1.925621 3.793024
vertex -2.197802 -1.925621 3.999661
endloop
endfacet
facet normal 0.685211 0.728344 0
outer loop
vertex -1.964102 -2.225879 3.804027
vertex -2.061469 -2.134278 3.803728
vertex -2.061469 -2.134278 4.011918
endloop
endfacet
facet normal 0.685211 0.728344 -0
outer loop
vertex -1.964102 -2.225879 3.804027
vertex -2.061469 -2.134278 4.011918
vertex -1.964102 -2.225879 4.012608
endloop
endfacet
facet normal 0.581081 0.813846 0
outer loop
vertex -1.895303 -2.275001 3.802242
vertex -1.964102 -2.225879 3.804027
vertex -1.964102 -2.225879 4.012608
endloop
endfacet
facet normal 0.581081 0.813846 -0
outer loop
vertex -1.895303 -2.275001 3.802242
vertex -1.964102 -2.225879 4.012608
vertex -1.895303 -2.275001 4.009886
endloop
endfacet
facet normal 0.510904 0.859638 0
outer loop
vertex -1.541520 -1.258774 3.609123
vertex -1.587951 -1.231179 3.612200
vertex -1.587951 -1.231179 3.831887
endloop
endfacet
facet normal 0.510904 0.859638 -0
outer loop
vertex -1.541520 -1.258774 3.609123
vertex -1.587951 -1.231179 3.831887
vertex -1.541520 -1.258774 3.828363
endloop
endfacet
facet normal 0.290291 0.956938 0
outer loop
vertex -1.501224 -1.270998 3.824625
vertex -1.501224 -1.270998 3.605439
vertex -1.541520 -1.258774 3.609123
endloop
endfacet
facet normal 0.290292 0.956938 -0
outer loop
vertex -1.541520 -1.258774 3.609123
vertex -1.541520 -1.258774 3.828363
vertex -1.535899 -1.260479 3.827772
endloop
endfacet
facet normal 0.290291 0.956938 1.09947e-08
outer loop
vertex -1.541520 -1.258774 3.609123
vertex -1.535899 -1.260479 3.827772
vertex -1.501224 -1.270998 3.824625
endloop
endfacet
facet normal -0.510904 0.859638 0
outer loop
vertex -1.331609 -1.231179 3.582133
vertex -1.378040 -1.258774 3.589948
vertex -1.378040 -1.258774 3.807819
endloop
endfacet
facet normal -0.510904 0.859638 0
outer loop
vertex -1.331609 -1.231179 3.582133
vertex -1.378040 -1.258774 3.807819
vertex -1.331609 -1.231179 3.798876
endloop
endfacet
facet normal -0.290291 0.956939 0
outer loop
vertex -1.378040 -1.258774 3.589948
vertex -1.418336 -1.270998 3.595717
vertex -1.418336 -1.270998 3.814250
endloop
endfacet
facet normal -0.290291 0.956939 0
outer loop
vertex -1.378040 -1.258774 3.589948
vertex -1.418336 -1.270998 3.814250
vertex -1.378040 -1.258774 3.807819
endloop
endfacet
facet normal -0.986361 -0.164596 0
outer loop
vertex -1.841781 -1.623926 3.692224
vertex -1.831361 -1.686369 3.698990
vertex -1.831361 -1.686369 3.913074
endloop
endfacet
facet normal -0.986361 -0.164596 0
outer loop
vertex -1.841781 -1.623926 3.692224
vertex -1.831361 -1.686369 3.913074
vertex -1.841781 -1.623926 3.907294
endloop
endfacet
facet normal 0.16455 0.986369 0
outer loop
vertex -1.517869 -2.400000 3.976697
vertex -1.517869 -2.400000 3.773964
vertex -1.667045 -2.375114 3.788277
endloop
endfacet
facet normal 0.16455 0.986369 -0
outer loop
vertex -1.667045 -2.375114 3.788277
vertex -1.667045 -2.375114 3.993871
vertex -1.595028 -2.387128 3.984642
endloop
endfacet
facet normal 0.16455 0.986369 -2.92119e-08
outer loop
vertex -1.667045 -2.375114 3.788277
vertex -1.595028 -2.387128 3.984642
vertex -1.517869 -2.400000 3.976697
endloop
endfacet
facet normal -0.112895 0.993607 0
outer loop
vertex -1.335189 -2.392444 3.751570
vertex -1.401692 -2.400000 3.760337
vertex -1.401692 -2.400000 3.962018
endloop
endfacet
facet normal -0.112895 0.993607 0
outer loop
vertex -1.335189 -2.392444 3.751570
vertex -1.401692 -2.400000 3.962018
vertex -1.335189 -2.392444 3.955147
endloop
endfacet
facet normal -0.411605 0.911362 0
outer loop
vertex -1.066625 -2.300246 3.708274
vertex -1.188577 -2.355324 3.729625
vertex -1.188577 -2.355324 3.938064
endloop
endfacet
facet normal -0.411605 0.911362 0
outer loop
vertex -1.066625 -2.300246 3.708274
vertex -1.188577 -2.355324 3.938064
vertex -1.066625 -2.300246 3.920844
endloop
endfacet
facet normal -0.546941 0.837171 0
outer loop
vertex -0.969365 -2.236704 3.688737
vertex -1.066625 -2.300246 3.708274
vertex -1.066625 -2.300246 3.920844
endloop
endfacet
facet normal -0.546941 0.837171 0
outer loop
vertex -0.969365 -2.236704 3.688737
vertex -1.066625 -2.300246 3.920844
vertex -0.969365 -2.236704 3.904115
endloop
endfacet
facet normal -0.820111 0.572205 0
outer loop
vertex -0.777052 -2.027795 3.639453
vertex -0.815388 -2.082740 3.650979
vertex -0.815388 -2.082740 3.870205
endloop
endfacet
facet normal -0.820111 0.572205 0
outer loop
vertex -0.777052 -2.027795 3.639453
vertex -0.815388 -2.082740 3.870205
vertex -0.777052 -2.027795 3.859283
endloop
endfacet
facet normal 0.915775 -0.401692 0
outer loop
vertex -1.122669 -1.774708 3.847178
vertex -1.122669 -1.774708 3.627168
vertex -1.097239 -1.716733 3.616768
endloop
endfacet
facet normal 0.915775 -0.401692 0
outer loop
vertex -1.122669 -1.774708 3.847178
vertex -1.097239 -1.716733 3.616768
vertex -1.097239 -1.716733 3.836569
endloop
endfacet
facet normal -0.988089 0.153886 0
outer loop
vertex -0.652053 -1.650361 3.576504
vertex -0.672645 -1.782580 3.595835
vertex -0.672645 -1.782580 3.814337
endloop
endfacet
facet normal -0.988089 0.153886 0
outer loop
vertex -0.652053 -1.650361 3.576504
vertex -0.672645 -1.782580 3.814337
vertex -0.652053 -1.650361 3.792134
endloop
endfacet
facet normal -0.996584 -0.0825812 -0
outer loop
vertex -0.659608 -1.467681 3.764298
vertex -0.659608 -1.467681 3.554018
vertex -0.650014 -1.583461 3.567706
endloop
endfacet
facet normal -0.996584 -0.0825814 0
outer loop
vertex -0.650014 -1.583461 3.567706
vertex -0.650014 -1.583461 3.781377
vertex -0.650994 -1.571638 3.779552
endloop
endfacet
facet normal -0.996584 -0.0825812 -1.43695e-08
outer loop
vertex -0.650014 -1.583461 3.567706
vertex -0.650994 -1.571638 3.779552
vertex -0.659608 -1.467681 3.764298
endloop
endfacet
facet normal -0.915756 -0.401734 0
outer loop
vertex -0.701831 -1.313034 3.743731
vertex -0.751806 -1.199117 3.731565
vertex -0.751806 -1.199117 3.530473
endloop
endfacet
facet normal -0.915756 -0.401734 0
outer loop
vertex -0.751806 -1.199117 3.530473
vertex -0.691049 -1.337613 3.541066
vertex -0.691049 -1.337613 3.746706
endloop
endfacet
facet normal -0.915756 -0.401735 -4.34893e-07
outer loop
vertex -0.751806 -1.199117 3.530473
vertex -0.691049 -1.337613 3.746706
vertex -0.701831 -1.313034 3.743731
endloop
endfacet
facet normal -0.685222 -0.728335 0
outer loop
vertex -0.860262 -1.048233 3.726181
vertex -0.955509 -0.958624 3.726039
vertex -0.955509 -0.958624 3.523598
endloop
endfacet
facet normal -0.685222 -0.728334 0
outer loop
vertex -0.955509 -0.958624 3.523598
vertex -0.858048 -1.050316 3.523897
vertex -0.858048 -1.050316 3.726202
endloop
endfacet
facet normal -0.685233 -0.728324 1.06316e-05
outer loop
vertex -0.955509 -0.958624 3.523598
vertex -0.858048 -1.050316 3.726202
vertex -0.860262 -1.048233 3.726181
endloop
endfacet
facet normal -0.366187 -0.930541 0
outer loop
vertex -1.226099 -0.819254 3.741332
vertex -1.246552 -0.811205 3.743597
vertex -1.246552 -0.811205 3.538864
endloop
endfacet
facet normal -0.366188 -0.930541 0
outer loop
vertex -1.246552 -0.811205 3.538864
vertex -1.082124 -0.875911 3.527867
vertex -1.082124 -0.875911 3.728312
endloop
endfacet
facet normal -0.366188 -0.930541 1.29412e-07
outer loop
vertex -1.095071 -0.870816 3.728742
vertex -1.226099 -0.819254 3.741332
vertex -1.246552 -0.811205 3.538864
endloop
endfacet
facet normal -0.366188 -0.930541 0
outer loop
vertex -1.246552 -0.811205 3.538864
vertex -1.082124 -0.875911 3.728312
vertex -1.095071 -0.870816 3.728742
endloop
endfacet
facet normal -0.541982 0.84039 0
outer loop
vertex 1.384670 -0.056674 3.728011
vertex 1.384670 -0.056674 3.527156
vertex 1.271547 -0.129629 3.515630
endloop
endfacet
facet normal -0.541986 0.840388 0
outer loop
vertex 1.271547 -0.129629 3.515630
vertex 1.271547 -0.129629 3.721655
vertex 1.277456 -0.125818 3.721963
endloop
endfacet
facet normal -0.541982 0.84039 -1.58361e-07
outer loop
vertex 1.271547 -0.129629 3.515630
vertex 1.277456 -0.125818 3.721963
vertex 1.384670 -0.056674 3.728011
endloop
endfacet
facet normal -0.367497 0.930025 0
outer loop
vertex 1.271547 -0.129629 3.515630
vertex 1.126105 -0.187100 3.502352
vertex 1.126105 -0.187100 3.713756
endloop
endfacet
facet normal -0.367497 0.930025 0
outer loop
vertex 1.271547 -0.129629 3.515630
vertex 1.126105 -0.187100 3.713756
vertex 1.271547 -0.129629 3.721655
endloop
endfacet
facet normal -0.803557 0.595228 0
outer loop
vertex 1.562385 0.142933 3.548888
vertex 1.482402 0.034956 3.538333
vertex 1.482402 0.034956 3.742936
endloop
endfacet
facet normal -0.803557 0.595228 0
outer loop
vertex 1.562385 0.142933 3.548888
vertex 1.482402 0.034956 3.742936
vertex 1.562385 0.142933 3.757326
endloop
endfacet
facet normal -0.89211 0.451818 0
outer loop
vertex 1.614915 0.246653 3.768495
vertex 1.614915 0.246653 3.557217
vertex 1.562385 0.142933 3.548888
endloop
endfacet
facet normal -0.892109 0.45182 0
outer loop
vertex 1.562385 0.142933 3.548888
vertex 1.562385 0.142933 3.757326
vertex 1.568221 0.154456 3.758407
endloop
endfacet
facet normal -0.89211 0.451818 1.62269e-07
outer loop
vertex 1.562385 0.142933 3.548888
vertex 1.568221 0.154456 3.758407
vertex 1.614915 0.246653 3.768495
endloop
endfacet
facet normal -0.982103 0.188343 0
outer loop
vertex 1.666205 0.448092 3.569600
vertex 1.643640 0.330428 3.562920
vertex 1.643640 0.330428 3.775429
endloop
endfacet
facet normal -0.982103 0.188343 0
outer loop
vertex 1.666205 0.448092 3.569600
vertex 1.643640 0.330428 3.775429
vertex 1.666205 0.448092 3.783956
endloop
endfacet
facet normal -0.485421 0.87428 0
outer loop
vertex 1.907782 0.917108 3.630011
vertex 1.790849 0.852184 3.608021
vertex 1.790849 0.852184 3.827561
endloop
endfacet
facet normal -0.485421 0.87428 0
outer loop
vertex 1.907782 0.917108 3.630011
vertex 1.790849 0.852184 3.827561
vertex 1.907782 0.917108 3.850108
endloop
endfacet
facet normal -0.742994 0.669297 0
outer loop
vertex 2.101952 1.099767 3.676090
vertex 2.012435 1.000393 3.652908
vertex 2.012435 1.000393 3.872106
endloop
endfacet
facet normal -0.742994 0.669298 0
outer loop
vertex 2.101952 1.099767 3.676090
vertex 2.012435 1.000393 3.872106
vertex 2.101952 1.099767 3.892955
endloop
endfacet
facet normal -0.920059 0.391781 0
outer loop
vertex 2.226291 1.335575 3.720781
vertex 2.173891 1.212519 3.698921
vertex 2.173891 1.212519 3.912824
endloop
endfacet
facet normal -0.920059 0.391781 0
outer loop
vertex 2.226291 1.335575 3.720781
vertex 2.173891 1.212519 3.912824
vertex 2.226291 1.335575 3.931104
endloop
endfacet
facet normal -0.996933 0.078264 0
outer loop
vertex 2.261283 1.510941 3.951406
vertex 2.267508 1.590234 3.960230
vertex 2.267508 1.590234 3.758156
endloop
endfacet
facet normal -0.996933 0.0782642 0
outer loop
vertex 2.267508 1.590234 3.758156
vertex 2.257722 1.465578 3.741073
vertex 2.257722 1.465578 3.946950
endloop
endfacet
facet normal -0.996933 0.0782647 2.7361e-07
outer loop
vertex 2.267508 1.590234 3.758156
vertex 2.257722 1.465578 3.946950
vertex 2.261283 1.510941 3.951406
endloop
endfacet
facet normal -0.958415 -0.285378 0
outer loop
vertex 2.229947 1.830070 3.988463
vertex 2.220589 1.861499 3.992396
vertex 2.220589 1.861499 3.787313
endloop
endfacet
facet normal -0.958414 -0.285381 0
outer loop
vertex 2.220589 1.861499 3.787313
vertex 2.244695 1.780542 3.779792
vertex 2.244695 1.780542 3.983562
endloop
endfacet
facet normal -0.958414 -0.285383 -8.96085e-07
outer loop
vertex 2.229947 1.830070 3.988463
vertex 2.220589 1.861499 3.787313
vertex 2.244695 1.780542 3.983562
endloop
endfacet
facet normal -0.85903 -0.511924 0
outer loop
vertex 2.130649 2.040511 3.799653
vertex 2.173891 1.967949 3.795445
vertex 2.173891 1.967949 4.002634
endloop
endfacet
facet normal -0.859031 -0.511924 0
outer loop
vertex 2.130649 2.040511 3.799653
vertex 2.173891 1.967949 4.002634
vertex 2.130649 2.040511 4.007266
endloop
endfacet
facet normal -0.707072 -0.707142 -0
outer loop
vertex 1.999516 2.191966 4.012234
vertex 1.999516 2.191966 3.803647
vertex 2.059248 2.132240 3.803011
endloop
endfacet
facet normal -0.707071 -0.707142 0
outer loop
vertex 1.999516 2.191966 4.012234
vertex 2.059248 2.132240 3.803011
vertex 2.059248 2.132240 4.011085
endloop
endfacet
facet normal -0.511842 -0.85908 0
outer loop
vertex 1.874007 2.283484 4.007661
vertex 1.835216 2.306596 4.006400
vertex 1.835216 2.306596 3.799052
endloop
endfacet
facet normal -0.511843 -0.859079 0
outer loop
vertex 1.835216 2.306596 3.799052
vertex 1.907782 2.263361 3.802026
vertex 1.907782 2.263361 4.009818
endloop
endfacet
facet normal -0.511844 -0.859079 4.45313e-07
outer loop
vertex 1.835216 2.306596 3.799052
vertex 1.907782 2.263361 4.009818
vertex 1.874007 2.283484 4.007661
endloop
endfacet
facet normal -0.285296 -0.958439 -0
outer loop
vertex 1.647804 2.377385 3.991196
vertex 1.647804 2.377385 3.786149
vertex 1.728763 2.353286 3.792551
endloop
endfacet
facet normal -0.285296 -0.958439 0
outer loop
vertex 1.647804 2.377385 3.991196
vertex 1.728763 2.353286 3.792551
vertex 1.728763 2.353286 3.999208
endloop
endfacet
facet normal -0.0412822 -0.999148 -0
outer loop
vertex 1.448748 2.400000 3.966835
vertex 1.448748 2.400000 3.765726
vertex 1.533146 2.396513 3.775165
endloop
endfacet
facet normal -0.0412822 -0.999148 0
outer loop
vertex 1.448748 2.400000 3.966835
vertex 1.533146 2.396513 3.775165
vertex 1.533146 2.396513 3.978047
endloop
endfacet
facet normal 0.205269 -0.978706 0
outer loop
vertex 1.270723 2.377356 3.947362
vertex 1.250232 2.373058 3.945225
vertex 1.250232 2.373058 3.739035
endloop
endfacet
facet normal 0.205269 -0.978706 0
outer loop
vertex 1.250232 2.373058 3.739035
vertex 1.332903 2.390397 3.750932
vertex 1.332903 2.390397 3.954652
endloop
endfacet
facet normal 0.205268 -0.978706 4.89404e-08
outer loop
vertex 1.250232 2.373058 3.739035
vertex 1.332903 2.390397 3.954652
vertex 1.270723 2.377356 3.947362
endloop
endfacet
facet normal 0.324696 -0.945818 0
outer loop
vertex 1.140350 2.335336 3.931528
vertex 1.140350 2.335336 3.721346
vertex 1.250232 2.373058 3.739035
endloop
endfacet
facet normal 0.324696 -0.945818 0
outer loop
vertex 1.140350 2.335336 3.931528
vertex 1.250232 2.373058 3.739035
vertex 1.250232 2.373058 3.945225
endloop
endfacet
facet normal 0.789143 -0.61421 0
outer loop
vertex 0.784434 2.040457 3.861717
vertex 0.784434 2.040457 3.641986
vertex 0.855871 2.132240 3.662080
endloop
endfacet
facet normal 0.789143 -0.614209 0
outer loop
vertex 0.784434 2.040457 3.861717
vertex 0.855871 2.132240 3.662080
vertex 0.855871 2.132240 3.880382
endloop
endfacet
facet normal 0.874282 -0.485418 0
outer loop
vertex 0.719510 1.923523 3.839423
vertex 0.719510 1.923523 3.619441
vertex 0.784434 2.040457 3.641986
endloop
endfacet
facet normal 0.874282 -0.485418 0
outer loop
vertex 0.719510 1.923523 3.839423
vertex 0.784434 2.040457 3.641986
vertex 0.784434 2.040457 3.861717
endloop
endfacet
facet normal -0.879472 0.47595 0
outer loop
vertex 1.136666 1.799885 3.632055
vertex 1.106535 1.744208 3.621412
vertex 1.106535 1.744208 3.841358
endloop
endfacet
facet normal -0.879473 0.47595 0
outer loop
vertex 1.136666 1.799885 3.632055
vertex 1.106535 1.744208 3.841358
vertex 1.136666 1.799885 3.852042
endloop
endfacet
facet normal 0.978717 -0.205217 0
outer loop
vertex 0.657388 1.714826 3.802692
vertex 0.657388 1.714826 3.585500
vertex 0.674736 1.797562 3.598103
endloop
endfacet
facet normal 0.978716 -0.205217 0
outer loop
vertex 0.657388 1.714826 3.802692
vertex 0.674736 1.797562 3.598103
vertex 0.674736 1.797562 3.816839
endloop
endfacet
facet normal -0.996584 -0.0825832 0
outer loop
vertex 1.074250 1.590234 3.597957
vertex 1.079478 1.527144 3.590508
vertex 1.079478 1.527144 3.808369
endloop
endfacet
facet normal -0.996584 -0.0825833 0
outer loop
vertex 1.074250 1.590234 3.597957
vertex 1.079478 1.527144 3.808369
vertex 1.074250 1.590234 3.816404
endloop
endfacet
facet normal 0.971995 0.235001 0
outer loop
vertex 0.688828 1.335575 3.746234
vertex 0.688828 1.335575 3.540724
vertex 0.657397 1.465578 3.553654
endloop
endfacet
facet normal 0.971995 0.235001 0
outer loop
vertex 0.688828 1.335575 3.746234
vertex 0.657397 1.465578 3.553654
vertex 0.657397 1.465578 3.763818
endloop
endfacet
facet normal 0.843022 0.537879 0
outer loop
vertex 0.774908 1.159732 3.728439
vertex 0.813168 1.099767 3.726959
vertex 0.813168 1.099767 3.525156
endloop
endfacet
facet normal 0.843022 0.537879 0
outer loop
vertex 0.813168 1.099767 3.525156
vertex 0.741228 1.212519 3.531137
vertex 0.741228 1.212519 3.732588
endloop
endfacet
facet normal 0.843021 0.53788 -5.21532e-07
outer loop
vertex 0.768650 1.169541 3.728742
vertex 0.774908 1.159732 3.728439
vertex 0.813168 1.099767 3.525156
endloop
endfacet
facet normal 0.843022 0.53788 -2.31426e-07
outer loop
vertex 0.813168 1.099767 3.525156
vertex 0.741228 1.212519 3.732588
vertex 0.768650 1.169541 3.728742
endloop
endfacet
facet normal 0.622699 0.782461 0
outer loop
vertex 0.957094 0.957094 3.726035
vertex 1.007338 0.917108 3.726640
vertex 1.007338 0.917108 3.524556
endloop
endfacet
facet normal 0.622699 0.782462 0
outer loop
vertex 1.007338 0.917108 3.524556
vertex 0.902685 1.000393 3.522942
vertex 0.902685 1.000393 3.725775
endloop
endfacet
facet normal 0.622698 0.782462 -2.98787e-07
outer loop
vertex 0.957094 0.957094 3.726035
vertex 1.007338 0.917108 3.524556
vertex 0.902685 1.000393 3.725775
endloop
endfacet
facet normal 0.33672 0.941605 0
outer loop
vertex 1.222703 0.816984 3.740643
vertex 1.245718 0.808754 3.743263
vertex 1.245718 0.808754 3.538621
endloop
endfacet
facet normal 0.336722 0.941604 0
outer loop
vertex 1.245718 0.808754 3.538621
vertex 1.124271 0.852184 3.529955
vertex 1.124271 0.852184 3.730829
endloop
endfacet
facet normal 0.336722 0.941604 2.1802e-07
outer loop
vertex 1.245718 0.808754 3.538621
vertex 1.124271 0.852184 3.730829
vertex 1.222703 0.816984 3.740643
endloop
endfacet
facet normal 0.247833 -0.968803 0
outer loop
vertex -1.147446 0.179479 3.714922
vertex -1.147446 0.179479 3.504189
vertex -1.080194 0.196683 3.498430
endloop
endfacet
facet normal 0.247833 -0.968803 0
outer loop
vertex -1.147446 0.179479 3.714922
vertex -1.080194 0.196683 3.498430
vertex -1.080194 0.196683 3.711190
endloop
endfacet
facet normal 0.363457 -0.931611 0
outer loop
vertex -1.246552 0.140814 3.720309
vertex -1.246552 0.140814 3.513223
vertex -1.147446 0.179479 3.504189
endloop
endfacet
facet normal 0.363457 -0.931611 0
outer loop
vertex -1.246552 0.140814 3.720309
vertex -1.147446 0.179479 3.504189
vertex -1.147446 0.179479 3.714922
endloop
endfacet
facet normal -0.485422 0.87428 0
outer loop
vertex -1.073941 0.881361 3.728118
vertex -1.009558 0.917108 3.726736
vertex -1.009558 0.917108 3.524736
endloop
endfacet
facet normal -0.485421 0.87428 0
outer loop
vertex -1.009558 0.917108 3.524736
vertex -1.126491 0.852184 3.530156
vertex -1.126491 0.852184 3.731130
endloop
endfacet
facet normal -0.485421 0.87428 1.78499e-07
outer loop
vertex -1.096567 0.868798 3.728742
vertex -1.073941 0.881361 3.728118
vertex -1.009558 0.917108 3.524736
endloop
endfacet
facet normal -0.485421 0.874281 5.52325e-07
outer loop
vertex -1.009558 0.917108 3.524736
vertex -1.126491 0.852184 3.731130
vertex -1.096567 0.868798 3.728742
endloop
endfacet
facet normal -0.742995 0.669297 0
outer loop
vertex -0.861000 1.049132 3.726249
vertex -0.815388 1.099767 3.727036
vertex -0.815388 1.099767 3.525301
endloop
endfacet
facet normal -0.742995 0.669297 0
outer loop
vertex -0.815388 1.099767 3.525301
vertex -0.904905 1.000393 3.523103
vertex -0.904905 1.000393 3.725862
endloop
endfacet
facet normal -0.742995 0.669297 -1.76278e-07
outer loop
vertex -0.861000 1.049132 3.726249
vertex -0.815388 1.099767 3.525301
vertex -0.904905 1.000393 3.725862
endloop
endfacet
facet normal -0.971995 0.235 0
outer loop
vertex -0.659618 1.465578 3.553771
vertex -0.691049 1.335575 3.540847
vertex -0.691049 1.335575 3.746395
endloop
endfacet
facet normal -0.971995 0.235 0
outer loop
vertex -0.659618 1.465578 3.553771
vertex -0.691049 1.335575 3.746395
vertex -0.659618 1.465578 3.763978
endloop
endfacet
facet normal -0.997419 0.0717968 0
outer loop
vertex -0.650013 1.599013 3.783851
vertex -0.650013 1.599013 3.569694
vertex -0.659618 1.465578 3.553771
endloop
endfacet
facet normal -0.997419 0.071797 0
outer loop
vertex -0.659618 1.465578 3.553771
vertex -0.659618 1.465578 3.763978
vertex -0.651837 1.573674 3.779924
endloop
endfacet
facet normal -0.997419 0.0717959 5.47085e-07
outer loop
vertex -0.659618 1.465578 3.553771
vertex -0.651837 1.573674 3.779924
vertex -0.650013 1.599013 3.783851
endloop
endfacet
facet normal -0.677281 -0.735724 0
outer loop
vertex -0.898679 2.169603 3.888762
vertex -0.969313 2.234626 3.903794
vertex -0.969313 2.234626 3.688360
endloop
endfacet
facet normal -0.677281 -0.735725 0
outer loop
vertex -0.969313 2.234626 3.688360
vertex -0.858092 2.132240 3.662232
vertex -0.858092 2.132240 3.880509
endloop
endfacet
facet normal -0.677281 -0.735725 -4.32345e-07
outer loop
vertex -0.969313 2.234626 3.688360
vertex -0.858092 2.132240 3.880509
vertex -0.898679 2.169603 3.888762
endloop
endfacet
facet normal -0.884584 -0.466381 0
outer loop
vertex -0.777087 2.025813 3.639133
vertex -0.714679 1.907444 3.616688
vertex -0.714679 1.907444 3.836590
endloop
endfacet
facet normal -0.884584 -0.466381 0
outer loop
vertex -0.777087 2.025813 3.639133
vertex -0.714679 1.907444 3.836590
vertex -0.777087 2.025813 3.858970
endloop
endfacet
facet normal 0.324703 -0.945816 0
outer loop
vertex -1.793069 2.328284 4.004267
vertex -1.793069 2.328284 3.796947
vertex -1.650088 2.377370 3.786448
endloop
endfacet
facet normal 0.324703 -0.945816 0
outer loop
vertex -1.793069 2.328284 4.004267
vertex -1.650088 2.377370 3.786448
vertex -1.650088 2.377370 3.991570
endloop
endfacet
facet normal 0.789143 -0.61421 0
outer loop
vertex -2.092446 2.092446 4.009089
vertex -2.132869 2.040511 4.007722
vertex -2.132869 2.040511 3.800033
endloop
endfacet
facet normal 0.789142 -0.61421 0
outer loop
vertex -2.132869 2.040511 3.800033
vertex -2.061512 2.132191 3.803377
vertex -2.061512 2.132191 4.011497
endloop
endfacet
facet normal 0.789142 -0.614211 4.0412e-07
outer loop
vertex -2.132869 2.040511 3.800033
vertex -2.061512 2.132191 4.011497
vertex -2.092446 2.092446 4.009089
endloop
endfacet
facet normal 0.942254 -0.334899 0
outer loop
vertex -2.230797 1.830768 3.988768
vertex -2.242622 1.797499 3.985903
vertex -2.242622 1.797499 3.781855
endloop
endfacet
facet normal 0.942254 -0.334899 0
outer loop
vertex -2.242622 1.797499 3.781855
vertex -2.197830 1.923523 3.792704
vertex -2.197830 1.923523 3.999276
endloop
endfacet
facet normal 0.942254 -0.3349 2.91078e-08
outer loop
vertex -2.242622 1.797499 3.781855
vertex -2.197830 1.923523 3.999276
vertex -2.230797 1.830768 3.988768
endloop
endfacet
facet normal 1 0 0
outer loop
vertex -2.267508 1.637316 3.964968
vertex -2.267508 1.532146 3.954384
vertex -2.267508 1.532146 3.750869
endloop
endfacet
facet normal 1 0 0
outer loop
vertex -2.267508 1.532146 3.750869
vertex -2.267508 1.648323 3.765713
vertex -2.267508 1.648323 3.966788
endloop
endfacet
facet normal 1 0 0
outer loop
vertex -2.267508 1.532146 3.750869
vertex -2.267508 1.648323 3.966788
vertex -2.267508 1.637316 3.964968
endloop
endfacet
facet normal 0.972007 0.234953 0
outer loop
vertex -2.228512 1.335575 3.931426
vertex -2.228512 1.335575 3.721179
vertex -2.259952 1.465643 3.741486
endloop
endfacet
facet normal 0.972007 0.234953 0
outer loop
vertex -2.228512 1.335575 3.931426
vertex -2.259952 1.465643 3.741486
vertex -2.259952 1.465643 3.947278
endloop
endfacet
facet normal 0.366188 0.930541 0
outer loop
vertex -1.673008 0.809167 3.588751
vertex -1.837436 0.873873 3.616315
vertex -1.837436 0.873873 3.836242
endloop
endfacet
facet normal 0.366188 0.930541 -0
outer loop
vertex -1.673008 0.809167 3.588751
vertex -1.837436 0.873873 3.836242
vertex -1.673008 0.809167 3.806458
endloop
endfacet
facet normal 0.669261 -0.743028 0
outer loop
vertex -2.049622 -1.037397 3.880458
vertex -2.049622 -1.037397 3.662006
vertex -1.950195 -0.947841 3.638887
endloop
endfacet
facet normal 0.669261 -0.743028 0
outer loop
vertex -2.049622 -1.037397 3.880458
vertex -1.950195 -0.947841 3.638887
vertex -1.950195 -0.947841 3.858805
endloop
endfacet
facet normal 0.988093 -0.15386 0
outer loop
vertex -2.264191 -1.512884 3.951996
vertex -2.267508 -1.534184 3.954589
vertex -2.267508 -1.534184 3.751120
endloop
endfacet
facet normal 0.988093 -0.153858 0
outer loop
vertex -2.267508 -1.534184 3.751120
vertex -2.246930 -1.402029 3.731799
vertex -2.246930 -1.402029 3.939867
endloop
endfacet
facet normal 0.988093 -0.153858 -1.8383e-07
outer loop
vertex -2.267508 -1.534184 3.751120
vertex -2.246930 -1.402029 3.939867
vertex -2.264191 -1.512884 3.951996
endloop
endfacet
facet normal 0.972013 0.234926 0
outer loop
vertex -2.232154 -1.831882 3.989254
vertex -2.228532 -1.846869 3.991303
vertex -2.228532 -1.846869 3.786553
endloop
endfacet
facet normal 0.972015 0.234919 0
outer loop
vertex -2.228532 -1.846869 3.786553
vertex -2.259952 -1.716864 3.773606
vertex -2.259952 -1.716864 3.976435
endloop
endfacet
facet normal 0.972015 0.234919 5.72855e-07
outer loop
vertex -2.228532 -1.846869 3.786553
vertex -2.259952 -1.716864 3.976435
vertex -2.232154 -1.831882 3.989254
endloop
endfacet
facet normal 0.789139 0.614215 0
outer loop
vertex -2.093336 -2.093336 4.009438
vertex -2.061469 -2.134278 4.011918
vertex -2.061469 -2.134278 3.803728
endloop
endfacet
facet normal 0.78914 0.614214 0
outer loop
vertex -2.061469 -2.134278 3.803728
vertex -2.132907 -2.042495 3.800365
vertex -2.132907 -2.042495 4.008100
endloop
endfacet
facet normal 0.78914 0.614213 6.99063e-07
outer loop
vertex -2.061469 -2.134278 3.803728
vertex -2.132907 -2.042495 4.008100
vertex -2.093336 -2.093336 4.009438
endloop
endfacet
facet normal 0 1 0
outer loop
vertex -1.418336 -1.270998 3.595717
vertex -1.501224 -1.270998 3.605439
vertex -1.501224 -1.270998 3.824625
endloop
endfacet
facet normal 0 1 -0
outer loop
vertex -1.418336 -1.270998 3.595717
vertex -1.501224 -1.270998 3.824625
vertex -1.418336 -1.270998 3.814250
endloop
endfacet
facet normal -0.931591 -0.363509 0
outer loop
vertex -1.831361 -1.686369 3.698990
vertex -1.796891 -1.774708 3.706249
vertex -1.796891 -1.774708 3.918781
endloop
endfacet
facet normal -0.931591 -0.363509 0
outer loop
vertex -1.831361 -1.686369 3.698990
vertex -1.796891 -1.774708 3.918781
vertex -1.831361 -1.686369 3.913074
endloop
endfacet
facet normal 0 1 0
outer loop
vertex -1.401692 -2.400000 3.962018
vertex -1.401692 -2.400000 3.760337
vertex -1.517869 -2.400000 3.773964
endloop
endfacet
facet normal 0 1 0
outer loop
vertex -1.517869 -2.400000 3.773964
vertex -1.517869 -2.400000 3.976697
vertex -1.435663 -2.400000 3.964968
endloop
endfacet
facet normal 0 1 0
outer loop
vertex -1.517869 -2.400000 3.773964
vertex -1.435663 -2.400000 3.964968
vertex -1.401692 -2.400000 3.962018
endloop
endfacet
facet normal 0.324702 -0.945816 0
outer loop
vertex -1.365683 -1.963853 3.896429
vertex -1.365683 -1.963853 3.679871
vertex -1.305806 -1.943297 3.670218
endloop
endfacet
facet normal 0.324702 -0.945816 0
outer loop
vertex -1.365683 -1.963853 3.896429
vertex -1.305806 -1.943297 3.670218
vertex -1.305806 -1.943297 3.887614
endloop
endfacet
facet normal 0.9694 -0.245487 0
outer loop
vertex -1.097239 -1.716733 3.836569
vertex -1.097239 -1.716733 3.616768
vertex -1.081698 -1.655363 3.607094
endloop
endfacet
facet normal 0.9694 -0.245487 0
outer loop
vertex -1.097239 -1.716733 3.836569
vertex -1.081698 -1.655363 3.607094
vertex -1.081698 -1.655363 3.826327
endloop
endfacet
facet normal -0.999536 0.0304645 0
outer loop
vertex -0.650014 -1.583461 3.567706
vertex -0.652053 -1.650361 3.576504
vertex -0.652053 -1.650361 3.792134
endloop
endfacet
facet normal -0.999536 0.0304645 0
outer loop
vertex -0.650014 -1.583461 3.567706
vertex -0.652053 -1.650361 3.792134
vertex -0.650014 -1.583461 3.781377
endloop
endfacet
facet normal -0.789142 -0.61421 0
outer loop
vertex -0.858048 -1.050316 3.523897
vertex -0.786691 -1.141996 3.527257
vertex -0.786691 -1.141996 3.728017
endloop
endfacet
facet normal -0.789142 -0.61421 0
outer loop
vertex -0.858048 -1.050316 3.523897
vertex -0.786691 -1.141996 3.728017
vertex -0.858048 -1.050316 3.726202
endloop
endfacet
facet normal -0.546905 -0.837195 0
outer loop
vertex -1.073870 -0.881303 3.728113
vertex -1.082124 -0.875911 3.728312
vertex -1.082124 -0.875911 3.527867
endloop
endfacet
facet normal -0.546908 -0.837193 0
outer loop
vertex -1.082124 -0.875911 3.527867
vertex -0.955509 -0.958624 3.523598
vertex -0.955509 -0.958624 3.726039
endloop
endfacet
facet normal -0.546908 -0.837193 2.00426e-07
outer loop
vertex -0.957393 -0.957393 3.726060
vertex -1.073870 -0.881303 3.728113
vertex -1.082124 -0.875911 3.527867
endloop
endfacet
facet normal -0.5469 -0.837198 -6.22076e-06
outer loop
vertex -1.082124 -0.875911 3.527867
vertex -0.955509 -0.958624 3.726039
vertex -0.957393 -0.957393 3.726060
endloop
endfacet
facet normal 0.233564 -0.972341 0
outer loop
vertex 0.957959 0.213915 3.704416
vertex 0.957959 0.213915 3.488706
vertex 1.043793 0.234533 3.495980
endloop
endfacet
facet normal 0.233564 -0.972341 0
outer loop
vertex 0.957959 0.213915 3.704416
vertex 1.043793 0.234533 3.495980
vertex 1.043793 0.234533 3.709564
endloop
endfacet
facet normal -0.683967 0.729513 0
outer loop
vertex 1.445118 0.000000 3.736355
vertex 1.482402 0.034956 3.742936
vertex 1.482402 0.034956 3.538333
endloop
endfacet
facet normal -0.683966 0.729514 0
outer loop
vertex 1.482402 0.034956 3.538333
vertex 1.384670 -0.056674 3.527156
vertex 1.384670 -0.056674 3.728011
endloop
endfacet
facet normal -0.683966 0.729514 2.46429e-07
outer loop
vertex 1.397822 -0.044344 3.728742
vertex 1.445118 0.000000 3.736355
vertex 1.482402 0.034956 3.538333
endloop
endfacet
facet normal -0.683965 0.729515 9.26724e-07
outer loop
vertex 1.482402 0.034956 3.538333
vertex 1.384670 -0.056674 3.728011
vertex 1.397822 -0.044344 3.728742
endloop
endfacet
facet normal -0.999961 0.00886378 0
outer loop
vertex 1.669402 0.808754 3.805877
vertex 1.669402 0.808754 3.588240
vertex 1.666205 0.448092 3.569600
endloop
endfacet
facet normal -0.999961 0.00886462 0
outer loop
vertex 1.666205 0.448092 3.569600
vertex 1.666205 0.448092 3.783956
vertex 1.666715 0.505592 3.786400
endloop
endfacet
facet normal -0.999961 0.00886413 -5.28162e-07
outer loop
vertex 1.668359 0.691057 3.797217
vertex 1.669402 0.808754 3.805877
vertex 1.666205 0.448092 3.569600
endloop
endfacet
facet normal -0.999961 0.00886331 3.46997e-07
outer loop
vertex 1.666205 0.448092 3.569600
vertex 1.666715 0.505592 3.786400
vertex 1.668359 0.691057 3.797217
endloop
endfacet
facet normal -0.622699 0.782461 0
outer loop
vertex 2.012435 1.000393 3.652908
vertex 1.907782 0.917108 3.630011
vertex 1.907782 0.917108 3.850108
endloop
endfacet
facet normal -0.622699 0.782461 0
outer loop
vertex 2.012435 1.000393 3.652908
vertex 1.907782 0.917108 3.850108
vertex 2.012435 1.000393 3.872106
endloop
endfacet
facet normal -0.971995 0.235 0
outer loop
vertex 2.257722 1.465578 3.741073
vertex 2.226291 1.335575 3.720781
vertex 2.226291 1.335575 3.931104
endloop
endfacet
facet normal -0.971995 0.235 0
outer loop
vertex 2.257722 1.465578 3.741073
vertex 2.226291 1.335575 3.931104
vertex 2.257722 1.465578 3.946950
endloop
endfacet
facet normal -0.789118 -0.614242 -0
outer loop
vertex 2.059248 2.132240 4.011085
vertex 2.059248 2.132240 3.803011
vertex 2.130649 2.040511 3.799653
endloop
endfacet
facet normal -0.789117 -0.614244 0
outer loop
vertex 2.130649 2.040511 3.799653
vertex 2.130649 2.040511 4.007266
vertex 2.091196 2.091196 4.008599
endloop
endfacet
facet normal -0.789119 -0.61424 -1.4568e-06
outer loop
vertex 2.130649 2.040511 3.799653
vertex 2.091196 2.091196 4.008599
vertex 2.059248 2.132240 4.011085
endloop
endfacet
facet normal -0.614188 -0.789159 -0
outer loop
vertex 1.907782 2.263361 4.009818
vertex 1.907782 2.263361 3.802026
vertex 1.999516 2.191966 3.803647
endloop
endfacet
facet normal -0.614188 -0.789159 0
outer loop
vertex 1.907782 2.263361 4.009818
vertex 1.999516 2.191966 3.803647
vertex 1.999516 2.191966 4.012234
endloop
endfacet
facet normal 0.0826112 -0.996582 0
outer loop
vertex 1.437253 2.399047 3.964968
vertex 1.332903 2.390397 3.954652
vertex 1.332903 2.390397 3.750932
endloop
endfacet
facet normal 0.0826121 -0.996582 0
outer loop
vertex 1.332903 2.390397 3.750932
vertex 1.448748 2.400000 3.765726
vertex 1.448748 2.400000 3.966835
endloop
endfacet
facet normal 0.0826211 -0.996581 -4.86502e-06
outer loop
vertex 1.332903 2.390397 3.750932
vertex 1.448748 2.400000 3.966835
vertex 1.437253 2.399047 3.964968
endloop
endfacet
facet normal -0.164551 -0.986368 0
outer loop
vertex 1.594464 2.386284 3.984361
vertex 1.533146 2.396513 3.978047
vertex 1.533146 2.396513 3.775165
endloop
endfacet
facet normal -0.164553 -0.986368 0
outer loop
vertex 1.533146 2.396513 3.775165
vertex 1.647804 2.377385 3.786149
vertex 1.647804 2.377385 3.991196
endloop
endfacet
facet normal -0.164555 -0.986368 1.20822e-06
outer loop
vertex 1.533146 2.396513 3.775165
vertex 1.647804 2.377385 3.991196
vertex 1.594464 2.386284 3.984361
endloop
endfacet
facet normal -0.763084 0.646299 0
outer loop
vertex 1.197951 1.872244 3.648477
vertex 1.136666 1.799885 3.632055
vertex 1.136666 1.799885 3.852042
endloop
endfacet
facet normal -0.763084 0.646299 0
outer loop
vertex 1.197951 1.872244 3.648477
vertex 1.136666 1.799885 3.852042
vertex 1.197951 1.872244 3.867850
endloop
endfacet
facet normal 0.942243 -0.334929 0
outer loop
vertex 0.674736 1.797562 3.816839
vertex 0.674736 1.797562 3.598103
vertex 0.719510 1.923523 3.619441
endloop
endfacet
facet normal 0.942243 -0.334929 0
outer loop
vertex 0.674736 1.797562 3.816839
vertex 0.719510 1.923523 3.619441
vertex 0.719510 1.923523 3.839423
endloop
endfacet
facet normal -0.958428 0.285335 0
outer loop
vertex 1.106535 1.744208 3.621412
vertex 1.079478 1.653325 3.606631
vertex 1.079478 1.653325 3.825839
endloop
endfacet
facet normal -0.958428 0.285335 0
outer loop
vertex 1.106535 1.744208 3.621412
vertex 1.079478 1.653325 3.825839
vertex 1.106535 1.744208 3.841358
endloop
endfacet
facet normal 0.920058 0.391782 0
outer loop
vertex 0.699936 1.309488 3.743053
vertex 0.741228 1.212519 3.732588
vertex 0.741228 1.212519 3.531137
endloop
endfacet
facet normal 0.920058 0.391782 0
outer loop
vertex 0.741228 1.212519 3.531137
vertex 0.688828 1.335575 3.540724
vertex 0.688828 1.335575 3.746234
endloop
endfacet
facet normal 0.920059 0.391781 6.56651e-07
outer loop
vertex 0.741228 1.212519 3.531137
vertex 0.688828 1.335575 3.746234
vertex 0.699936 1.309488 3.743053
endloop
endfacet
facet normal 0.742995 0.669297 0
outer loop
vertex 0.859942 1.047843 3.726152
vertex 0.902685 1.000393 3.725775
vertex 0.902685 1.000393 3.522942
endloop
endfacet
facet normal 0.742995 0.669297 0
outer loop
vertex 0.902685 1.000393 3.522942
vertex 0.813168 1.099767 3.525156
vertex 0.813168 1.099767 3.726959
endloop
endfacet
facet normal 0.742995 0.669297 -2.30365e-07
outer loop
vertex 0.902685 1.000393 3.522942
vertex 0.813168 1.099767 3.726959
vertex 0.859942 1.047843 3.726152
endloop
endfacet
facet normal -0.188229 0.982125 0
outer loop
vertex -0.960160 -0.215953 3.488911
vertex -1.018473 -0.227129 3.493745
vertex -1.018473 -0.227129 3.708027
endloop
endfacet
facet normal -0.188229 0.982125 0
outer loop
vertex -0.960160 -0.215953 3.488911
vertex -1.018473 -0.227129 3.708027
vertex -0.960160 -0.215953 3.704570
endloop
endfacet
facet normal -0.622699 0.782461 0
outer loop
vertex -0.958077 0.958077 3.726116
vertex -0.904905 1.000393 3.725862
vertex -0.904905 1.000393 3.523103
endloop
endfacet
facet normal -0.622699 0.782461 0
outer loop
vertex -0.904905 1.000393 3.523103
vertex -1.009558 0.917108 3.524736
vertex -1.009558 0.917108 3.726736
endloop
endfacet
facet normal -0.622699 0.782461 -1.92354e-07
outer loop
vertex -0.958077 0.958077 3.726116
vertex -0.904905 1.000393 3.523103
vertex -1.009558 0.917108 3.726736
endloop
endfacet
facet normal -0.920058 0.391782 0
outer loop
vertex -0.691049 1.335575 3.746395
vertex -0.691049 1.335575 3.540847
vertex -0.743449 1.212519 3.531270
endloop
endfacet
facet normal -0.920058 0.391781 0
outer loop
vertex -0.743449 1.212519 3.531270
vertex -0.743449 1.212519 3.732781
vertex -0.701172 1.311801 3.743495
endloop
endfacet
facet normal -0.920058 0.391782 -3.60216e-07
outer loop
vertex -0.743449 1.212519 3.531270
vertex -0.701172 1.311801 3.743495
vertex -0.691049 1.335575 3.746395
endloop
endfacet
facet normal 0.245488 0.969399 0
outer loop
vertex -1.335320 1.952775 3.674833
vertex -1.396689 1.968316 3.684017
vertex -1.396689 1.968316 3.900155
endloop
endfacet
facet normal 0.245488 0.9694 -0
outer loop
vertex -1.335320 1.952775 3.674833
vertex -1.396689 1.968316 3.900155
vertex -1.335320 1.952775 3.891870
endloop
endfacet
facet normal 0.0825822 0.996584 0
outer loop
vertex -1.396689 1.968316 3.684017
vertex -1.459780 1.973544 3.692085
vertex -1.459780 1.973544 3.907213
endloop
endfacet
facet normal 0.0825822 0.996584 -0
outer loop
vertex -1.396689 1.968316 3.684017
vertex -1.459780 1.973544 3.907213
vertex -1.396689 1.968316 3.900155
endloop
endfacet
facet normal 0.714761 -0.699369 0
outer loop
vertex -2.061512 2.132191 4.011497
vertex -2.061512 2.132191 3.803377
vertex -2.014703 2.180030 3.804000
endloop
endfacet
facet normal 0.714761 -0.699369 0
outer loop
vertex -2.061512 2.132191 4.011497
vertex -2.014703 2.180030 3.804000
vertex -2.014703 2.180030 4.012610
endloop
endfacet
facet normal -0.996584 -0.0825833 0
outer loop
vertex -1.843090 1.590234 3.688067
vertex -1.837862 1.527144 3.679392
vertex -1.837862 1.527144 3.895823
endloop
endfacet
facet normal -0.996584 -0.0825833 0
outer loop
vertex -1.843090 1.590234 3.688067
vertex -1.837862 1.527144 3.895823
vertex -1.843090 1.590234 3.903635
endloop
endfacet
facet normal -0.9694 0.245485 0
outer loop
vertex -1.822321 1.714695 3.701534
vertex -1.837862 1.653325 3.695515
vertex -1.837862 1.653325 3.910139
endloop
endfacet
facet normal -0.9694 0.245485 0
outer loop
vertex -1.822321 1.714695 3.701534
vertex -1.837862 1.653325 3.910139
vertex -1.822321 1.714695 3.915156
endloop
endfacet
facet normal 0.884563 -0.466421 0
outer loop
vertex -2.204857 -1.275002 3.922738
vertex -2.204857 -1.275002 3.710613
vertex -2.142474 -1.156693 3.688160
endloop
endfacet
facet normal 0.884563 -0.466421 0
outer loop
vertex -2.204857 -1.275002 3.922738
vertex -2.142474 -1.156693 3.688160
vertex -2.142474 -1.156693 3.903423
endloop
endfacet
facet normal 0.993607 0.112892 0
outer loop
vertex -2.259952 -1.716864 3.976435
vertex -2.259952 -1.716864 3.773606
vertex -2.267508 -1.650361 3.765984
endloop
endfacet
facet normal 0.993607 0.112892 0
outer loop
vertex -2.259952 -1.716864 3.976435
vertex -2.267508 -1.650361 3.765984
vertex -2.267508 -1.650361 3.967125
endloop
endfacet
facet normal -0.837161 -0.546956 -0
outer loop
vertex -1.796891 -1.774708 3.918781
vertex -1.796891 -1.774708 3.706249
vertex -1.762265 -1.827706 3.708968
endloop
endfacet
facet normal -0.837161 -0.546956 0
outer loop
vertex -1.762265 -1.827706 3.708968
vertex -1.762265 -1.827706 3.921227
vertex -1.788125 -1.788125 3.919206
endloop
endfacet
facet normal -0.837162 -0.546956 -2.06073e-07
outer loop
vertex -1.762265 -1.827706 3.708968
vertex -1.788125 -1.788125 3.919206
vertex -1.796891 -1.774708 3.918781
endloop
endfacet
facet normal -0.24544 0.969412 0
outer loop
vertex -1.269961 -2.375929 3.947089
vertex -1.188577 -2.355324 3.938064
vertex -1.188577 -2.355324 3.729625
endloop
endfacet
facet normal -0.24544 0.969412 0
outer loop
vertex -1.188577 -2.355324 3.729625
vertex -1.335189 -2.392444 3.751570
vertex -1.335189 -2.392444 3.955147
endloop
endfacet
facet normal -0.24544 0.969412 2.66933e-07
outer loop
vertex -1.188577 -2.355324 3.729625
vertex -1.335189 -2.392444 3.955147
vertex -1.269961 -2.375929 3.947089
endloop
endfacet
facet normal 0.999146 -0.0413166 0
outer loop
vertex -1.080090 -1.616468 3.820551
vertex -1.081698 -1.655363 3.826327
vertex -1.081698 -1.655363 3.607094
endloop
endfacet
facet normal 0.999146 -0.0413175 0
outer loop
vertex -1.081698 -1.655363 3.607094
vertex -1.077780 -1.560619 3.594513
vertex -1.077780 -1.560619 3.812741
endloop
endfacet
facet normal 0.999146 -0.0413182 2.9138e-07
outer loop
vertex -1.081698 -1.655363 3.607094
vertex -1.077780 -1.560619 3.812741
vertex -1.080090 -1.616468 3.820551
endloop
endfacet
facet normal -0.85343 -0.521208 0
outer loop
vertex -0.775405 -1.160476 3.728491
vertex -0.786691 -1.141996 3.728017
vertex -0.786691 -1.141996 3.527257
endloop
endfacet
facet normal -0.85343 -0.521208 0
outer loop
vertex -0.786691 -1.141996 3.527257
vertex -0.751806 -1.199117 3.530473
vertex -0.751806 -1.199117 3.731565
endloop
endfacet
facet normal -0.853432 -0.521204 4.53686e-07
outer loop
vertex -0.770573 -1.168388 3.728742
vertex -0.775405 -1.160476 3.728491
vertex -0.786691 -1.141996 3.527257
endloop
endfacet
facet normal -0.853429 -0.521209 -3.41091e-07
outer loop
vertex -0.786691 -1.141996 3.527257
vertex -0.751806 -1.199117 3.731565
vertex -0.770573 -1.168388 3.728742
endloop
endfacet
facet normal 0.451803 -0.892118 0
outer loop
vertex 1.043793 0.234533 3.709564
vertex 1.043793 0.234533 3.495980
vertex 1.095197 0.260566 3.500915
endloop
endfacet
facet normal 0.451803 -0.892118 0
outer loop
vertex 1.043793 0.234533 3.709564
vertex 1.095197 0.260566 3.500915
vertex 1.095197 0.260566 3.712842
endloop
endfacet
facet normal -0.843025 0.537874 0
outer loop
vertex 2.124947 1.135808 3.899070
vertex 2.173891 1.212519 3.912824
vertex 2.173891 1.212519 3.698921
endloop
endfacet
facet normal -0.843025 0.537874 0
outer loop
vertex 2.173891 1.212519 3.698921
vertex 2.101952 1.099767 3.676090
vertex 2.101952 1.099767 3.892955
endloop
endfacet
facet normal -0.843026 0.537873 -3.06584e-07
outer loop
vertex 2.173891 1.212519 3.698921
vertex 2.101952 1.099767 3.892955
vertex 2.124947 1.135808 3.899070
endloop
endfacet
facet normal -0.401662 -0.915788 -0
outer loop
vertex 1.728763 2.353286 3.999208
vertex 1.728763 2.353286 3.792551
vertex 1.835216 2.306596 3.799052
endloop
endfacet
facet normal -0.401662 -0.915788 0
outer loop
vertex 1.728763 2.353286 3.999208
vertex 1.835216 2.306596 3.799052
vertex 1.835216 2.306596 4.006400
endloop
endfacet
facet normal 0.646294 0.763088 0
outer loop
vertex 1.739570 1.849843 3.709046
vertex 1.667210 1.911128 3.708402
vertex 1.667210 1.911128 3.920885
endloop
endfacet
facet normal 0.646294 0.763088 -0
outer loop
vertex 1.739570 1.849843 3.709046
vertex 1.667210 1.911128 3.920885
vertex 1.739570 1.849843 3.921423
endloop
endfacet
facet normal 0.685212 -0.728343 0
outer loop
vertex 0.900654 2.174371 3.889632
vertex 0.855871 2.132240 3.880382
vertex 0.855871 2.132240 3.662080
endloop
endfacet
facet normal 0.685211 -0.728344 0
outer loop
vertex 0.855871 2.132240 3.662080
vertex 0.953238 2.223841 3.685187
vertex 0.953238 2.223841 3.900985
endloop
endfacet
facet normal 0.68521 -0.728345 7.69663e-07
outer loop
vertex 0.855871 2.132240 3.662080
vertex 0.953238 2.223841 3.900985
vertex 0.900654 2.174371 3.889632
endloop
endfacet
facet normal -0.996584 0.0825822 0
outer loop
vertex 1.079478 1.653325 3.825839
vertex 1.079478 1.653325 3.606631
vertex 1.074250 1.590234 3.597957
endloop
endfacet
facet normal -0.996584 0.0825842 0
outer loop
vertex 1.074250 1.590234 3.597957
vertex 1.074250 1.590234 3.816404
vertex 1.075905 1.610206 3.819280
endloop
endfacet
facet normal -0.996584 0.0825812 2.71945e-07
outer loop
vertex 1.074250 1.590234 3.597957
vertex 1.075905 1.610206 3.819280
vertex 1.079478 1.653325 3.825839
endloop
endfacet
facet normal 0.485421 0.87428 0
outer loop
vertex 1.098121 0.866703 3.728742
vertex 1.124271 0.852184 3.730829
vertex 1.124271 0.852184 3.529955
endloop
endfacet
facet normal 0.485421 0.87428 0
outer loop
vertex 1.124271 0.852184 3.529955
vertex 1.007338 0.917108 3.524556
vertex 1.007338 0.917108 3.726640
endloop
endfacet
facet normal 0.485422 0.87428 7.12062e-08
outer loop
vertex 1.073045 0.880626 3.728051
vertex 1.098121 0.866703 3.728742
vertex 1.124271 0.852184 3.529955
endloop
endfacet
facet normal 0.485421 0.87428 -1.24419e-07
outer loop
vertex 1.124271 0.852184 3.529955
vertex 1.007338 0.917108 3.726640
vertex 1.073045 0.880626 3.728051
endloop
endfacet
facet normal -0.843025 0.537875 0
outer loop
vertex -0.772245 1.167386 3.728742
vertex -0.743449 1.212519 3.732781
vertex -0.743449 1.212519 3.531270
endloop
endfacet
facet normal -0.843025 0.537874 0
outer loop
vertex -0.743449 1.212519 3.531270
vertex -0.815388 1.099767 3.525301
vertex -0.815388 1.099767 3.727036
endloop
endfacet
facet normal -0.843029 0.537868 -1.98925e-06
outer loop
vertex -0.776044 1.161432 3.728558
vertex -0.772245 1.167386 3.728742
vertex -0.743449 1.212519 3.531270
endloop
endfacet
facet normal -0.843025 0.537874 1.44284e-07
outer loop
vertex -0.743449 1.212519 3.531270
vertex -0.815388 1.099767 3.727036
vertex -0.776044 1.161432 3.728558
endloop
endfacet
facet normal 0.401692 0.915775 0
outer loop
vertex -1.277345 1.927345 3.882730
vertex -1.277345 1.927345 3.664783
vertex -1.335320 1.952775 3.674833
endloop
endfacet
facet normal 0.401691 0.915775 -0
outer loop
vertex -1.335320 1.952775 3.674833
vertex -1.335320 1.952775 3.891870
vertex -1.292150 1.933839 3.884956
endloop
endfacet
facet normal 0.401695 0.915774 -8.64319e-07
outer loop
vertex -1.335320 1.952775 3.674833
vertex -1.292150 1.933839 3.884956
vertex -1.277345 1.927345 3.882730
endloop
endfacet
facet normal -0.707107 0.707106 0
outer loop
vertex -1.695214 1.892719 3.709372
vertex -1.762265 1.825668 3.708669
vertex -1.762265 1.825668 3.920972
endloop
endfacet
facet normal -0.707107 0.707106 0
outer loop
vertex -1.695214 1.892719 3.709372
vertex -1.762265 1.825668 3.920972
vertex -1.695214 1.892719 3.921758
endloop
endfacet
facet normal -0.9694 -0.245485 -0
outer loop
vertex -1.837862 1.527144 3.895823
vertex -1.837862 1.527144 3.679392
vertex -1.822321 1.465774 3.669728
endloop
endfacet
facet normal -0.969401 -0.245484 0
outer loop
vertex -1.822321 1.465774 3.669728
vertex -1.822321 1.465774 3.887297
vertex -1.831836 1.503349 3.892370
endloop
endfacet
facet normal -0.9694 -0.245487 6.00526e-07
outer loop
vertex -1.822321 1.465774 3.669728
vertex -1.831836 1.503349 3.892370
vertex -1.837862 1.527144 3.895823
endloop
endfacet
facet normal -0.999146 0.0413288 0
outer loop
vertex -1.837862 -1.529182 3.679643
vertex -1.841781 -1.623926 3.692224
vertex -1.841781 -1.623926 3.907294
endloop
endfacet
facet normal -0.999146 0.0413288 0
outer loop
vertex -1.837862 -1.529182 3.679643
vertex -1.841781 -1.623926 3.907294
vertex -1.837862 -1.529182 3.896055
endloop
endfacet
facet normal -0.735726 -0.67728 0
outer loop
vertex -1.762265 -1.827706 3.708968
vertex -1.719389 -1.874282 3.709898
vertex -1.719389 -1.874282 3.922193
endloop
endfacet
facet normal -0.735726 -0.677279 0
outer loop
vertex -1.762265 -1.827706 3.708968
vertex -1.719389 -1.874282 3.922193
vertex -1.762265 -1.827706 3.921227
endloop
endfacet
facet normal 0.78914 0.614213 0
outer loop
vertex 1.778454 1.799885 3.919581
vertex 1.778454 1.799885 3.707217
vertex 1.739570 1.849843 3.709046
endloop
endfacet
facet normal 0.78914 0.614213 0
outer loop
vertex 1.778454 1.799885 3.919581
vertex 1.739570 1.849843 3.709046
vertex 1.739570 1.849843 3.921423
endloop
endfacet
facet normal -0.614214 0.789139 0
outer loop
vertex 1.247909 1.911128 3.659297
vertex 1.197951 1.872244 3.648477
vertex 1.197951 1.872244 3.867850
endloop
endfacet
facet normal -0.614214 0.789139 0
outer loop
vertex 1.247909 1.911128 3.659297
vertex 1.197951 1.872244 3.867850
vertex 1.247909 1.911128 3.877823
endloop
endfacet
facet normal 0.997421 -0.0717742 0
outer loop
vertex 0.647793 1.581488 3.780937
vertex 0.647793 1.581488 3.567339
vertex 0.657388 1.714826 3.585500
endloop
endfacet
facet normal 0.997421 -0.0717742 0
outer loop
vertex 0.647793 1.581488 3.780937
vertex 0.657388 1.714826 3.585500
vertex 0.657388 1.714826 3.802692
endloop
endfacet
facet normal -0.78914 -0.614213 0
outer loop
vertex 1.136666 1.380584 3.578479
vertex 1.175550 1.330626 3.576649
vertex 1.175550 1.330626 3.792442
endloop
endfacet
facet normal -0.78914 -0.614213 0
outer loop
vertex 1.136666 1.380584 3.578479
vertex 1.175550 1.330626 3.792442
vertex 1.136666 1.380584 3.794284
endloop
endfacet
facet normal 0.62276 -0.782413 0
outer loop
vertex -2.014703 2.180030 4.012610
vertex -2.014703 2.180030 3.804000
vertex -1.910057 2.263323 3.802368
endloop
endfacet
facet normal 0.622761 -0.782413 0
outer loop
vertex -2.014703 2.180030 4.012610
vertex -1.910057 2.263323 3.802368
vertex -1.910057 2.263323 4.010234
endloop
endfacet
facet normal -0.915774 -0.401694 0
outer loop
vertex -1.822321 1.465774 3.669728
vertex -1.796891 1.407799 3.659338
vertex -1.796891 1.407799 3.878012
endloop
endfacet
facet normal -0.915774 -0.401694 0
outer loop
vertex -1.822321 1.465774 3.669728
vertex -1.796891 1.407799 3.878012
vertex -1.822321 1.465774 3.887297
endloop
endfacet
facet normal -0.9694 0.245485 0
outer loop
vertex -1.822321 -1.467812 3.887502
vertex -1.822321 -1.467812 3.669968
vertex -1.837862 -1.529182 3.679643
endloop
endfacet
facet normal -0.9694 0.245487 0
outer loop
vertex -1.837862 -1.529182 3.679643
vertex -1.837862 -1.529182 3.896055
vertex -1.831185 -1.502815 3.892227
endloop
endfacet
facet normal -0.969401 0.245483 4.66142e-07
outer loop
vertex -1.837862 -1.529182 3.679643
vertex -1.831185 -1.502815 3.892227
vertex -1.822321 -1.467812 3.887502
endloop
endfacet
facet normal -0.581076 -0.813849 -0
outer loop
vertex -1.719389 -1.874282 3.922193
vertex -1.719389 -1.874282 3.709898
vertex -1.642215 -1.929383 3.707896
endloop
endfacet
facet normal -0.581076 -0.813849 0
outer loop
vertex -1.719389 -1.874282 3.922193
vertex -1.642215 -1.929383 3.707896
vertex -1.642215 -1.929383 3.920334
endloop
endfacet
facet normal 0.556027 -0.831164 0
outer loop
vertex 0.953238 2.223841 3.900985
vertex 0.953238 2.223841 3.685187
vertex 1.064404 2.298208 3.707708
endloop
endfacet
facet normal 0.556027 -0.831165 0
outer loop
vertex 0.953238 2.223841 3.900985
vertex 1.064404 2.298208 3.707708
vertex 1.064404 2.298208 3.920372
endloop
endfacet
facet normal 0.996585 0.0825739 0
outer loop
vertex 0.649007 1.566841 3.778676
vertex 0.657397 1.465578 3.763818
vertex 0.657397 1.465578 3.553654
endloop
endfacet
facet normal 0.996585 0.0825742 0
outer loop
vertex 0.657397 1.465578 3.553654
vertex 0.647793 1.581488 3.567339
vertex 0.647793 1.581488 3.780937
endloop
endfacet
facet normal 0.996585 0.0825765 -1.17264e-06
outer loop
vertex 0.657397 1.465578 3.553654
vertex 0.647793 1.581488 3.780937
vertex 0.649007 1.566841 3.778676
endloop
endfacet
facet normal -0.546948 0.837166 0
outer loop
vertex -1.642215 1.927345 3.707580
vertex -1.695214 1.892719 3.709372
vertex -1.695214 1.892719 3.921758
endloop
endfacet
facet normal -0.546948 0.837166 0
outer loop
vertex -1.642215 1.927345 3.707580
vertex -1.695214 1.892719 3.921758
vertex -1.642215 1.927345 3.920079
endloop
endfacet
facet normal 0.837167 0.546947 0
outer loop
vertex -2.129214 1.138089 3.899886
vertex -2.104211 1.099819 3.893303
vertex -2.104211 1.099819 3.676476
endloop
endfacet
facet normal 0.837168 0.546946 0
outer loop
vertex -2.104211 1.099819 3.676476
vertex -2.167754 1.197079 3.696356
vertex -2.167754 1.197079 3.910594
endloop
endfacet
facet normal 0.837168 0.546946 1.67911e-07
outer loop
vertex -2.104211 1.099819 3.676476
vertex -2.167754 1.197079 3.910594
vertex -2.129214 1.138089 3.899886
endloop
endfacet
facet normal -0.89839 0.439199 0
outer loop
vertex -1.780674 -1.382622 3.654185
vertex -1.822321 -1.467812 3.669968
vertex -1.822321 -1.467812 3.887502
endloop
endfacet
facet normal -0.89839 0.439199 0
outer loop
vertex -1.780674 -1.382622 3.654185
vertex -1.822321 -1.467812 3.887502
vertex -1.780674 -1.382622 3.873278
endloop
endfacet
facet normal 0.466391 0.884579 0
outer loop
vertex -1.777051 -2.337349 4.003639
vertex -1.777051 -2.337349 3.796349
vertex -1.895303 -2.275001 3.802242
endloop
endfacet
facet normal 0.466389 0.88458 -0
outer loop
vertex -1.895303 -2.275001 3.802242
vertex -1.895303 -2.275001 4.009886
vertex -1.875579 -2.285400 4.008348
endloop
endfacet
facet normal 0.466391 0.884579 -2.42299e-07
outer loop
vertex -1.895303 -2.275001 3.802242
vertex -1.875579 -2.285400 4.008348
vertex -1.777051 -2.337349 4.003639
endloop
endfacet
facet normal -0.475948 0.879473 0
outer loop
vertex 1.303586 1.941259 3.887114
vertex 1.303586 1.941259 3.669667
vertex 1.247909 1.911128 3.659297
endloop
endfacet
facet normal -0.475948 0.879473 0
outer loop
vertex 1.247909 1.911128 3.659297
vertex 1.247909 1.911128 3.877823
vertex 1.293438 1.935767 3.885348
endloop
endfacet
facet normal -0.475949 0.879473 2.31277e-07
outer loop
vertex 1.247909 1.911128 3.659297
vertex 1.293438 1.935767 3.885348
vertex 1.303586 1.941259 3.887114
endloop
endfacet
facet normal -0.958429 -0.285332 0
outer loop
vertex 1.079478 1.527144 3.590508
vertex 1.106535 1.436260 3.582064
vertex 1.106535 1.436260 3.798760
endloop
endfacet
facet normal -0.958429 -0.285332 0
outer loop
vertex 1.079478 1.527144 3.590508
vertex 1.106535 1.436260 3.798760
vertex 1.079478 1.527144 3.808369
endloop
endfacet
facet normal -0.363511 0.93159 0
outer loop
vertex -1.553877 1.961815 3.915091
vertex -1.553877 1.961815 3.701623
vertex -1.642215 1.927345 3.707580
endloop
endfacet
facet normal -0.363512 0.93159 0
outer loop
vertex -1.642215 1.927345 3.707580
vertex -1.642215 1.927345 3.920079
vertex -1.596402 1.945222 3.917119
endloop
endfacet
facet normal -0.36351 0.93159 -4.09542e-07
outer loop
vertex -1.642215 1.927345 3.707580
vertex -1.596402 1.945222 3.917119
vertex -1.553877 1.961815 3.915091
endloop
endfacet
facet normal -0.837161 -0.546956 0
outer loop
vertex -1.796891 1.407799 3.659338
vertex -1.762265 1.354801 3.648505
vertex -1.762265 1.354801 3.867980
endloop
endfacet
facet normal -0.837161 -0.546956 0
outer loop
vertex -1.796891 1.407799 3.659338
vertex -1.762265 1.354801 3.867980
vertex -1.796891 1.407799 3.878012
endloop
endfacet
facet normal -0.763088 0.646294 0
outer loop
vertex -1.719389 -1.310262 3.637739
vertex -1.780674 -1.382622 3.654185
vertex -1.780674 -1.382622 3.873278
endloop
endfacet
facet normal -0.763088 0.646294 0
outer loop
vertex -1.719389 -1.310262 3.637739
vertex -1.780674 -1.382622 3.873278
vertex -1.719389 -1.310262 3.857680
endloop
endfacet
facet normal -0.401698 -0.915772 0
outer loop
vertex -1.598971 -1.948352 3.917803
vertex -1.642215 -1.929383 3.920334
vertex -1.642215 -1.929383 3.707896
endloop
endfacet
facet normal -0.401698 -0.915772 0
outer loop
vertex -1.642215 -1.929383 3.707896
vertex -1.584241 -1.954813 3.704349
vertex -1.584241 -1.954813 3.917197
endloop
endfacet
facet normal -0.4017 -0.915771 6.83809e-07
outer loop
vertex -1.642215 -1.929383 3.707896
vertex -1.584241 -1.954813 3.917197
vertex -1.598971 -1.948352 3.917803
endloop
endfacet
facet normal 0.439199 -0.89839 0
outer loop
vertex 1.064404 2.298208 3.920372
vertex 1.064404 2.298208 3.707708
vertex 1.140350 2.335336 3.721346
endloop
endfacet
facet normal 0.439199 -0.89839 0
outer loop
vertex 1.064404 2.298208 3.920372
vertex 1.140350 2.335336 3.721346
vertex 1.140350 2.335336 3.931528
endloop
endfacet
facet normal -0.879469 -0.475957 -0
outer loop
vertex 1.106535 1.436260 3.798760
vertex 1.106535 1.436260 3.582064
vertex 1.136666 1.380584 3.578479
endloop
endfacet
facet normal -0.879477 -0.475942 0
outer loop
vertex 1.136666 1.380584 3.578479
vertex 1.136666 1.380584 3.794284
vertex 1.135216 1.383264 3.794455
endloop
endfacet
facet normal -0.879468 -0.475958 2.55751e-07
outer loop
vertex 1.136666 1.380584 3.578479
vertex 1.135216 1.383264 3.794455
vertex 1.106535 1.436260 3.798760
endloop
endfacet
facet normal -0.123691 0.992321 0
outer loop
vertex -1.459780 1.973544 3.692085
vertex -1.553877 1.961815 3.701623
vertex -1.553877 1.961815 3.915091
endloop
endfacet
facet normal -0.123691 0.992321 0
outer loop
vertex -1.459780 1.973544 3.692085
vertex -1.553877 1.961815 3.915091
vertex -1.459780 1.973544 3.907213
endloop
endfacet
facet normal 0.770068 0.637962 0
outer loop
vertex -2.061512 1.048278 3.883060
vertex -2.061512 1.048278 3.664882
vertex -2.104211 1.099819 3.676476
endloop
endfacet
facet normal 0.770068 0.637962 0
outer loop
vertex -2.061512 1.048278 3.883060
vertex -2.104211 1.099819 3.676476
vertex -2.104211 1.099819 3.893303
endloop
endfacet
facet normal -0.581075 0.81385 0
outer loop
vertex -1.642215 -1.255161 3.621637
vertex -1.719389 -1.310262 3.637739
vertex -1.719389 -1.310262 3.857680
endloop
endfacet
facet normal -0.581075 0.81385 0
outer loop
vertex -1.642215 -1.255161 3.621637
vertex -1.719389 -1.310262 3.857680
vertex -1.642215 -1.255161 3.841663
endloop
endfacet
facet normal 0.324699 0.945817 0
outer loop
vertex -1.667045 -2.375114 3.788277
vertex -1.777051 -2.337349 3.796349
vertex -1.777051 -2.337349 4.003639
endloop
endfacet
facet normal 0.324699 0.945817 -0
outer loop
vertex -1.667045 -2.375114 3.788277
vertex -1.777051 -2.337349 4.003639
vertex -1.667045 -2.375114 3.993871
endloop
endfacet
facet normal -0.285335 0.958428 0
outer loop
vertex 1.394469 1.968316 3.683768
vertex 1.303586 1.941259 3.669667
vertex 1.303586 1.941259 3.887114
endloop
endfacet
facet normal -0.285335 0.958428 0
outer loop
vertex 1.394469 1.968316 3.683768
vertex 1.303586 1.941259 3.887114
vertex 1.394469 1.968316 3.899931
endloop
endfacet
facet normal -0.646306 -0.763079 -0
outer loop
vertex 1.175550 1.330626 3.792442
vertex 1.175550 1.330626 3.576649
vertex 1.247909 1.269340 3.577293
endloop
endfacet
facet normal -0.646306 -0.763079 0
outer loop
vertex 1.175550 1.330626 3.792442
vertex 1.247909 1.269340 3.577293
vertex 1.247909 1.269340 3.792980
endloop
endfacet
facet normal -0.134482 -0.990916 -0
outer loop
vertex -1.384129 2.396507 3.959986
vertex -1.384129 2.396507 3.757699
vertex -1.317806 2.387506 3.748770
endloop
endfacet
facet normal -0.134482 -0.990916 0
outer loop
vertex -1.384129 2.396507 3.959986
vertex -1.317806 2.387506 3.748770
vertex -1.317806 2.387506 3.952922
endloop
endfacet
facet normal -0.735734 -0.677271 0
outer loop
vertex -1.762265 1.354801 3.648505
vertex -1.719389 1.308224 3.637524
vertex -1.719389 1.308224 3.857475
endloop
endfacet
facet normal -0.735734 -0.677271 0
outer loop
vertex -1.762265 1.354801 3.648505
vertex -1.719389 1.308224 3.857475
vertex -1.762265 1.354801 3.867980
endloop
endfacet
facet normal -0.404233 0.914656 0
outer loop
vertex -1.587951 -1.231179 3.612200
vertex -1.642215 -1.255161 3.621637
vertex -1.642215 -1.255161 3.841663
endloop
endfacet
facet normal -0.404233 0.914656 0
outer loop
vertex -1.587951 -1.231179 3.612200
vertex -1.642215 -1.255161 3.841663
vertex -1.587951 -1.231179 3.831887
endloop
endfacet
facet normal -0.205219 -0.978716 -0
outer loop
vertex -1.584241 -1.954813 3.917197
vertex -1.584241 -1.954813 3.704349
vertex -1.491434 -1.974273 3.695953
endloop
endfacet
facet normal -0.205219 -0.978716 0
outer loop
vertex -1.584241 -1.954813 3.917197
vertex -1.491434 -1.974273 3.695953
vertex -1.491434 -1.974273 3.910498
endloop
endfacet
facet normal -0.0825822 0.996584 0
outer loop
vertex 1.457560 1.973544 3.691824
vertex 1.394469 1.968316 3.683768
vertex 1.394469 1.968316 3.899931
endloop
endfacet
facet normal -0.0825822 0.996584 0
outer loop
vertex 1.457560 1.973544 3.691824
vertex 1.394469 1.968316 3.899931
vertex 1.457560 1.973544 3.906990
endloop
endfacet
facet normal -0.439199 -0.89839 0
outer loop
vertex 1.262303 1.262303 3.793732
vertex 1.247909 1.269340 3.792980
vertex 1.247909 1.269340 3.577293
endloop
endfacet
facet normal -0.439198 -0.89839 0
outer loop
vertex 1.247909 1.269340 3.577293
vertex 1.333099 1.227693 3.581948
vertex 1.333099 1.227693 3.798667
endloop
endfacet
facet normal -0.439198 -0.89839 -6.51438e-08
outer loop
vertex 1.247909 1.269340 3.577293
vertex 1.333099 1.227693 3.798667
vertex 1.262303 1.262303 3.793732
endloop
endfacet
facet normal -0.391706 -0.92009 -0
outer loop
vertex -1.205184 2.358986 3.939822
vertex -1.205184 2.358986 3.731916
vertex -1.082124 2.306596 3.710788
endloop
endfacet
facet normal -0.391706 -0.92009 0
outer loop
vertex -1.205184 2.358986 3.939822
vertex -1.082124 2.306596 3.710788
vertex -1.082124 2.306596 3.922933
endloop
endfacet
facet normal 0.685222 0.728334 0
outer loop
vertex -1.964051 0.956586 3.641735
vertex -2.061512 1.048278 3.664882
vertex -2.061512 1.048278 3.883060
endloop
endfacet
facet normal 0.685222 0.728334 -0
outer loop
vertex -1.964051 0.956586 3.641735
vertex -2.061512 1.048278 3.883060
vertex -1.964051 0.956586 3.861553
endloop
endfacet
facet normal 0.366188 -0.930541 0
outer loop
vertex -1.837436 -0.875911 3.836390
vertex -1.837436 -0.875911 3.616459
vertex -1.673008 -0.811205 3.588884
endloop
endfacet
facet normal 0.366188 -0.930541 0
outer loop
vertex -1.837436 -0.875911 3.836390
vertex -1.673008 -0.811205 3.588884
vertex -1.673008 -0.811205 3.806605
endloop
endfacet
facet normal 0 -1 0
outer loop
vertex -1.491434 -1.974273 3.910498
vertex -1.491434 -1.974273 3.695953
vertex -1.428127 -1.974273 3.688528
endloop
endfacet
facet normal 0 -1 0
outer loop
vertex -1.491434 -1.974273 3.910498
vertex -1.428127 -1.974273 3.688528
vertex -1.428127 -1.974273 3.904127
endloop
endfacet
facet normal 0.082582 0.996584 0
outer loop
vertex 1.520651 1.968316 3.698545
vertex 1.457560 1.973544 3.691824
vertex 1.457560 1.973544 3.906990
endloop
endfacet
facet normal 0.082582 0.996584 -0
outer loop
vertex 1.520651 1.968316 3.698545
vertex 1.457560 1.973544 3.906990
vertex 1.520651 1.968316 3.912630
endloop
endfacet
facet normal -0.245485 -0.9694 -0
outer loop
vertex 1.333099 1.227693 3.798667
vertex 1.333099 1.227693 3.581948
vertex 1.394469 1.212152 3.587150
endloop
endfacet
facet normal -0.245485 -0.9694 0
outer loop
vertex 1.333099 1.227693 3.798667
vertex 1.394469 1.212152 3.587150
vertex 1.394469 1.212152 3.804586
endloop
endfacet
facet normal 0.546949 0.837166 0
outer loop
vertex -1.224346 1.892719 3.654143
vertex -1.277345 1.927345 3.664783
vertex -1.277345 1.927345 3.882730
endloop
endfacet
facet normal 0.546949 0.837166 -0
outer loop
vertex -1.224346 1.892719 3.654143
vertex -1.277345 1.927345 3.882730
vertex -1.224346 1.892719 3.873109
endloop
endfacet
facet normal 0.546908 0.837193 0
outer loop
vertex -1.837436 0.873873 3.616315
vertex -1.964051 0.956586 3.641735
vertex -1.964051 0.956586 3.861553
endloop
endfacet
facet normal 0.546908 0.837193 -0
outer loop
vertex -1.837436 0.873873 3.616315
vertex -1.964051 0.956586 3.861553
vertex -1.837436 0.873873 3.836242
endloop
endfacet
facet normal 0.164593 -0.986362 0
outer loop
vertex -1.428127 -1.974273 3.904127
vertex -1.428127 -1.974273 3.688528
vertex -1.365683 -1.963853 3.679871
endloop
endfacet
facet normal 0.164593 -0.986362 0
outer loop
vertex -1.428127 -1.974273 3.904127
vertex -1.365683 -1.963853 3.679871
vertex -1.365683 -1.963853 3.896429
endloop
endfacet
facet normal 0.245488 0.9694 0
outer loop
vertex 1.582020 1.952775 3.703747
vertex 1.520651 1.968316 3.698545
vertex 1.520651 1.968316 3.912630
endloop
endfacet
facet normal 0.245488 0.9694 -0
outer loop
vertex 1.582020 1.952775 3.703747
vertex 1.520651 1.968316 3.912630
vertex 1.582020 1.952775 3.916697
endloop
endfacet
facet normal -0.0825822 -0.996584 -0
outer loop
vertex 1.394469 1.212152 3.804586
vertex 1.394469 1.212152 3.587150
vertex 1.457560 1.206924 3.593871
endloop
endfacet
facet normal -0.0825822 -0.996584 0
outer loop
vertex 1.394469 1.212152 3.804586
vertex 1.457560 1.206924 3.593871
vertex 1.457560 1.206924 3.811890
endloop
endfacet
facet normal 0.707107 0.707107 0
outer loop
vertex -1.157295 1.825668 3.637711
vertex -1.224346 1.892719 3.654143
vertex -1.224346 1.892719 3.873109
endloop
endfacet
facet normal 0.707107 0.707107 -0
outer loop
vertex -1.157295 1.825668 3.637711
vertex -1.224346 1.892719 3.873109
vertex -1.157295 1.825668 3.857570
endloop
endfacet
facet normal 0.404233 0.914656 0
outer loop
vertex -1.277345 -1.255161 3.578841
vertex -1.331609 -1.231179 3.582133
vertex -1.331609 -1.231179 3.798876
endloop
endfacet
facet normal 0.404233 0.914656 -0
outer loop
vertex -1.277345 -1.255161 3.578841
vertex -1.331609 -1.231179 3.798876
vertex -1.277345 -1.255161 3.794805
endloop
endfacet
facet normal 0.51188 -0.859057 0
outer loop
vertex -1.293616 -1.936034 3.885401
vertex -1.305806 -1.943297 3.887614
vertex -1.305806 -1.943297 3.670218
endloop
endfacet
facet normal 0.51188 -0.859057 0
outer loop
vertex -1.305806 -1.943297 3.670218
vertex -1.224346 -1.894758 3.654453
vertex -1.224346 -1.894758 3.873405
endloop
endfacet
facet normal 0.511881 -0.859057 -1.32882e-08
outer loop
vertex -1.305806 -1.943297 3.670218
vertex -1.224346 -1.894758 3.873405
vertex -1.293616 -1.936034 3.885401
endloop
endfacet
facet normal 0.439198 0.89839 0
outer loop
vertex 1.667210 1.911128 3.920885
vertex 1.667210 1.911128 3.708402
vertex 1.582020 1.952775 3.703747
endloop
endfacet
facet normal 0.439199 0.89839 -0
outer loop
vertex 1.582020 1.952775 3.703747
vertex 1.582020 1.952775 3.916697
vertex 1.596708 1.945594 3.917201
endloop
endfacet
facet normal 0.439198 0.89839 8.02108e-08
outer loop
vertex 1.582020 1.952775 3.703747
vertex 1.596708 1.945594 3.917201
vertex 1.667210 1.911128 3.920885
endloop
endfacet
facet normal 0.931593 0.363503 0
outer loop
vertex -1.088200 1.684331 3.831089
vertex -1.088200 1.684331 3.611548
vertex -1.122669 1.772669 3.626878
endloop
endfacet
facet normal 0.931593 0.363503 0
outer loop
vertex -1.088200 1.684331 3.831089
vertex -1.122669 1.772669 3.626878
vertex -1.122669 1.772669 3.846883
endloop
endfacet
facet normal -0.337296 0.941399 0
outer loop
vertex -1.126491 0.852184 3.731130
vertex -1.126491 0.852184 3.530156
vertex -1.246552 0.809167 3.538731
endloop
endfacet
facet normal -0.337296 0.941399 0
outer loop
vertex -1.246552 0.809167 3.538731
vertex -1.246552 0.809167 3.743420
vertex -1.223412 0.817458 3.740787
endloop
endfacet
facet normal -0.337296 0.941399 1.10661e-08
outer loop
vertex -1.246552 0.809167 3.538731
vertex -1.223412 0.817458 3.740787
vertex -1.126491 0.852184 3.731130
endloop
endfacet
facet normal 0.546949 0.837166 0
outer loop
vertex -1.224346 -1.289787 3.792866
vertex -1.224346 -1.289787 3.577055
vertex -1.277345 -1.255161 3.578841
endloop
endfacet
facet normal 0.546946 0.837168 -0
outer loop
vertex -1.277345 -1.255161 3.578841
vertex -1.277345 -1.255161 3.794805
vertex -1.263927 -1.263927 3.794120
endloop
endfacet
facet normal 0.54695 0.837165 -4.39477e-07
outer loop
vertex -1.277345 -1.255161 3.578841
vertex -1.263927 -1.263927 3.794120
vertex -1.224346 -1.289787 3.792866
endloop
endfacet
facet normal -0.63797 0.770061 0
outer loop
vertex -0.917824 -2.194004 3.677229
vertex -0.969365 -2.236704 3.688737
vertex -0.969365 -2.236704 3.904115
endloop
endfacet
facet normal -0.63797 0.770061 0
outer loop
vertex -0.917824 -2.194004 3.677229
vertex -0.969365 -2.236704 3.904115
vertex -0.917824 -2.194004 3.893871
endloop
endfacet
facet normal 0.879473 0.475949 0
outer loop
vertex 1.785979 1.785979 3.918694
vertex 1.808585 1.744208 3.916785
vertex 1.808585 1.744208 3.703631
endloop
endfacet
facet normal 0.879472 0.47595 0
outer loop
vertex 1.808585 1.744208 3.703631
vertex 1.778454 1.799885 3.707217
vertex 1.778454 1.799885 3.919581
endloop
endfacet
facet normal 0.879471 0.475952 -6.58632e-07
outer loop
vertex 1.808585 1.744208 3.703631
vertex 1.778454 1.799885 3.919581
vertex 1.785979 1.785979 3.918694
endloop
endfacet
facet normal 0.0825799 -0.996584 0
outer loop
vertex 1.472110 1.208130 3.813848
vertex 1.457560 1.206924 3.811890
vertex 1.457560 1.206924 3.593871
endloop
endfacet
facet normal 0.082582 -0.996584 0
outer loop
vertex 1.457560 1.206924 3.593871
vertex 1.520651 1.212152 3.601928
vertex 1.520651 1.212152 3.820840
endloop
endfacet
facet normal 0.0825827 -0.996584 -1.84429e-07
outer loop
vertex 1.457560 1.206924 3.593871
vertex 1.520651 1.212152 3.820840
vertex 1.472110 1.208130 3.813848
endloop
endfacet
facet normal -0.935491 -0.353351 0
outer loop
vertex -0.714679 1.907444 3.616688
vertex -0.691029 1.844831 3.605914
vertex -0.691029 1.844831 3.825285
endloop
endfacet
facet normal -0.935491 -0.353351 0
outer loop
vertex -0.714679 1.907444 3.616688
vertex -0.691029 1.844831 3.825285
vertex -0.714679 1.907444 3.836590
endloop
endfacet
facet normal 0.677288 -0.735718 0
outer loop
vertex -1.224346 -1.894758 3.873405
vertex -1.224346 -1.894758 3.654453
vertex -1.177770 -1.851881 3.643505
endloop
endfacet
facet normal 0.677288 -0.735718 0
outer loop
vertex -1.224346 -1.894758 3.873405
vertex -1.177770 -1.851881 3.643505
vertex -1.177770 -1.851881 3.863146
endloop
endfacet
facet normal -0.915759 -0.401728 0
outer loop
vertex 2.173891 1.967949 3.795445
vertex 2.220589 1.861499 3.787313
vertex 2.220589 1.861499 3.992396
endloop
endfacet
facet normal -0.915759 -0.401728 0
outer loop
vertex 2.173891 1.967949 3.795445
vertex 2.220589 1.861499 3.992396
vertex 2.173891 1.967949 4.002634
endloop
endfacet
facet normal 0.999766 -0.0216361 0
outer loop
vertex 1.239325 0.513345 3.725330
vertex 1.238363 0.468881 3.724404
vertex 1.238363 0.468881 3.520442
endloop
endfacet
facet normal 0.999766 -0.0216353 0
outer loop
vertex 1.238363 0.468881 3.520442
vertex 1.245718 0.808754 3.538621
vertex 1.245718 0.808754 3.743263
endloop
endfacet
facet normal 0.999766 -0.021635 -3.89455e-07
outer loop
vertex 1.238363 0.468881 3.520442
vertex 1.245718 0.808754 3.743263
vertex 1.242589 0.664178 3.730253
endloop
endfacet
facet normal 0.999766 -0.0216347 -3.0568e-07
outer loop
vertex 1.242156 0.644169 3.728742
vertex 1.239325 0.513345 3.725330
vertex 1.238363 0.468881 3.520442
endloop
endfacet
facet normal 0.999766 -0.0216396 3.87661e-06
outer loop
vertex 1.238363 0.468881 3.520442
vertex 1.242589 0.664178 3.730253
vertex 1.242156 0.644169 3.728742
endloop
endfacet
facet normal -0.9694 -0.245487 0
outer loop
vertex -0.691029 1.844831 3.605914
vertex -0.662509 1.732209 3.588179
vertex -0.662509 1.732209 3.805748
endloop
endfacet
facet normal -0.9694 -0.245487 0
outer loop
vertex -0.691029 1.844831 3.605914
vertex -0.662509 1.732209 3.805748
vertex -0.691029 1.844831 3.825285
endloop
endfacet
facet normal 0.707111 0.707102 0
outer loop
vertex -1.157295 -1.356839 3.793652
vertex -1.157295 -1.356839 3.577769
vertex -1.224346 -1.289787 3.577055
endloop
endfacet
facet normal 0.707111 0.707102 0
outer loop
vertex -1.157295 -1.356839 3.793652
vertex -1.224346 -1.289787 3.577055
vertex -1.224346 -1.289787 3.792866
endloop
endfacet
facet normal -0.73569 0.677318 0
outer loop
vertex -0.815388 -2.082740 3.870205
vertex -0.815388 -2.082740 3.650979
vertex -0.917824 -2.194004 3.677229
endloop
endfacet
facet normal -0.735688 0.677321 0
outer loop
vertex -0.917824 -2.194004 3.677229
vertex -0.917824 -2.194004 3.893871
vertex -0.901394 -2.176159 3.889959
endloop
endfacet
facet normal -0.735691 0.677318 4.95442e-07
outer loop
vertex -0.917824 -2.194004 3.677229
vertex -0.901394 -2.176159 3.889959
vertex -0.815388 -2.082740 3.870205
endloop
endfacet
facet normal 0.945821 0.324687 0
outer loop
vertex 1.829140 1.684331 3.912565
vertex 1.829140 1.684331 3.698388
vertex 1.808585 1.744208 3.703631
endloop
endfacet
facet normal 0.945821 0.324687 0
outer loop
vertex 1.829140 1.684331 3.912565
vertex 1.808585 1.744208 3.703631
vertex 1.808585 1.744208 3.916785
endloop
endfacet
facet normal 0.245488 -0.9694 0
outer loop
vertex 1.520651 1.212152 3.820840
vertex 1.520651 1.212152 3.601928
vertex 1.582020 1.227693 3.611100
endloop
endfacet
facet normal 0.245488 -0.969399 0
outer loop
vertex 1.520651 1.212152 3.820840
vertex 1.582020 1.227693 3.611100
vertex 1.582020 1.227693 3.830731
endloop
endfacet
facet normal 0.986361 0.164596 0
outer loop
vertex -1.077780 1.621888 3.821136
vertex -1.077780 1.621888 3.602347
vertex -1.088200 1.684331 3.611548
endloop
endfacet
facet normal 0.986361 0.164596 0
outer loop
vertex -1.077780 1.621888 3.821136
vertex -1.088200 1.684331 3.611548
vertex -1.088200 1.684331 3.831089
endloop
endfacet
facet normal 0.837161 0.546956 0
outer loop
vertex -1.137896 -1.386531 3.795168
vertex -1.122669 -1.409837 3.796798
vertex -1.122669 -1.409837 3.580488
endloop
endfacet
facet normal 0.837162 0.546955 0
outer loop
vertex -1.122669 -1.409837 3.580488
vertex -1.157295 -1.356839 3.577769
vertex -1.157295 -1.356839 3.793652
endloop
endfacet
facet normal 0.837162 0.546955 1.90066e-07
outer loop
vertex -1.122669 -1.409837 3.580488
vertex -1.157295 -1.356839 3.793652
vertex -1.137896 -1.386531 3.795168
endloop
endfacet
facet normal 0.813846 -0.581081 0
outer loop
vertex -1.177770 -1.851881 3.863146
vertex -1.177770 -1.851881 3.643505
vertex -1.122669 -1.774708 3.627168
endloop
endfacet
facet normal 0.813846 -0.581081 0
outer loop
vertex -1.177770 -1.851881 3.863146
vertex -1.122669 -1.774708 3.627168
vertex -1.122669 -1.774708 3.847178
endloop
endfacet
facet normal -0.986355 -0.164632 0
outer loop
vertex 2.244695 1.780542 3.779792
vertex 2.263832 1.665886 3.767383
vertex 2.263832 1.665886 3.968872
endloop
endfacet
facet normal -0.986355 -0.164632 0
outer loop
vertex 2.244695 1.780542 3.779792
vertex 2.263832 1.665886 3.968872
vertex 2.244695 1.780542 3.983562
endloop
endfacet
facet normal -0.336722 0.941604 0
outer loop
vertex 1.790849 0.852184 3.608021
vertex 1.669402 0.808754 3.588240
vertex 1.669402 0.808754 3.805877
endloop
endfacet
facet normal -0.336722 0.941604 0
outer loop
vertex 1.790849 0.852184 3.608021
vertex 1.669402 0.808754 3.805877
vertex 1.790849 0.852184 3.827561
endloop
endfacet
facet normal -0.995628 -0.0934064 0
outer loop
vertex -0.662509 1.732209 3.588179
vertex -0.650013 1.599013 3.569694
vertex -0.650013 1.599013 3.783851
endloop
endfacet
facet normal -0.995628 -0.0934064 0
outer loop
vertex -0.662509 1.732209 3.588179
vertex -0.650013 1.599013 3.783851
vertex -0.662509 1.732209 3.805748
endloop
endfacet
facet normal 0.931593 0.363503 0
outer loop
vertex -1.088200 -1.498175 3.805316
vertex -1.088200 -1.498175 3.587747
vertex -1.122669 -1.409837 3.580488
endloop
endfacet
facet normal 0.931593 0.363503 0
outer loop
vertex -1.088200 -1.498175 3.805316
vertex -1.122669 -1.409837 3.580488
vertex -1.122669 -1.409837 3.796798
endloop
endfacet
facet normal -0.879473 0.475948 0
outer loop
vertex -0.721758 -1.925621 3.619896
vertex -0.777052 -2.027795 3.639453
vertex -0.777052 -2.027795 3.859283
endloop
endfacet
facet normal -0.879473 0.475948 0
outer loop
vertex -0.721758 -1.925621 3.619896
vertex -0.777052 -2.027795 3.859283
vertex -0.721758 -1.925621 3.839885
endloop
endfacet
facet normal 0.986361 0.164597 0
outer loop
vertex 1.839560 1.621888 3.906785
vertex 1.839560 1.621888 3.691629
vertex 1.829140 1.684331 3.698388
endloop
endfacet
facet normal 0.986361 0.164597 0
outer loop
vertex 1.839560 1.621888 3.906785
vertex 1.829140 1.684331 3.698388
vertex 1.829140 1.684331 3.912565
endloop
endfacet
facet normal 0.946163 -0.32369 0
outer loop
vertex 1.210146 0.386401 3.721234
vertex 1.210146 0.386401 3.514832
vertex 1.238363 0.468881 3.520442
endloop
endfacet
facet normal 0.946163 -0.32369 0
outer loop
vertex 1.210146 0.386401 3.721234
vertex 1.238363 0.468881 3.520442
vertex 1.238363 0.468881 3.724404
endloop
endfacet
facet normal 0.999146 -0.041317 0
outer loop
vertex -1.078126 1.613529 3.819955
vertex -1.081698 1.527144 3.808593
vertex -1.081698 1.527144 3.590701
endloop
endfacet
facet normal 0.999146 -0.0413175 0
outer loop
vertex -1.081698 1.527144 3.590701
vertex -1.077780 1.621888 3.602347
vertex -1.077780 1.621888 3.821136
endloop
endfacet
facet normal 0.999146 -0.0413226 2.13169e-06
outer loop
vertex -1.081698 1.527144 3.590701
vertex -1.077780 1.621888 3.821136
vertex -1.078126 1.613529 3.819955
endloop
endfacet
facet normal -0.945803 0.324741 0
outer loop
vertex -0.672645 -1.782580 3.595835
vertex -0.721758 -1.925621 3.619896
vertex -0.721758 -1.925621 3.839885
endloop
endfacet
facet normal -0.945803 0.324741 0
outer loop
vertex -0.672645 -1.782580 3.595835
vertex -0.721758 -1.925621 3.839885
vertex -0.672645 -1.782580 3.814337
endloop
endfacet
facet normal -0.998822 -0.0485328 -0
outer loop
vertex 2.263832 1.665886 3.968872
vertex 2.263832 1.665886 3.767383
vertex 2.267508 1.590234 3.758156
endloop
endfacet
facet normal -0.998822 -0.0485328 0
outer loop
vertex 2.267508 1.590234 3.758156
vertex 2.267508 1.590234 3.960230
vertex 2.265060 1.640616 3.964968
endloop
endfacet
facet normal -0.998822 -0.0485329 3.17898e-08
outer loop
vertex 2.267508 1.590234 3.758156
vertex 2.265060 1.640616 3.964968
vertex 2.263832 1.665886 3.968872
endloop
endfacet
facet normal 0.439199 -0.89839 0
outer loop
vertex 1.582020 1.227693 3.830731
vertex 1.582020 1.227693 3.611100
vertex 1.667210 1.269340 3.626399
endloop
endfacet
facet normal 0.439199 -0.89839 0
outer loop
vertex 1.582020 1.227693 3.830731
vertex 1.667210 1.269340 3.626399
vertex 1.667210 1.269340 3.846482
endloop
endfacet
facet normal 0.958428 -0.285334 0
outer loop
vertex -1.108755 1.436260 3.798983
vertex -1.108755 1.436260 3.582262
vertex -1.081698 1.527144 3.590701
endloop
endfacet
facet normal 0.958428 -0.285334 0
outer loop
vertex -1.108755 1.436260 3.798983
vertex -1.081698 1.527144 3.590701
vertex -1.081698 1.527144 3.808593
endloop
endfacet
facet normal 0.986362 0.164593 0
outer loop
vertex -1.077780 -1.560619 3.812741
vertex -1.077780 -1.560619 3.594513
vertex -1.088200 -1.498175 3.587747
endloop
endfacet
facet normal 0.986362 0.164593 0
outer loop
vertex -1.077780 -1.560619 3.812741
vertex -1.088200 -1.498175 3.587747
vertex -1.088200 -1.498175 3.805316
endloop
endfacet
facet normal 0.999146 -0.0413187 0
outer loop
vertex 1.835642 1.527144 3.895545
vertex 1.835642 1.527144 3.679065
vertex 1.839560 1.621888 3.691629
endloop
endfacet
facet normal 0.999146 -0.0413187 0
outer loop
vertex 1.835642 1.527144 3.895545
vertex 1.839560 1.621888 3.691629
vertex 1.839560 1.621888 3.906785
endloop
endfacet
facet normal 0.859049 -0.511893 0
outer loop
vertex -1.138181 1.386878 3.795244
vertex -1.157295 1.354801 3.793397
vertex -1.157295 1.354801 3.577547
endloop
endfacet
facet normal 0.859049 -0.511893 0
outer loop
vertex -1.157295 1.354801 3.577547
vertex -1.108755 1.436260 3.582262
vertex -1.108755 1.436260 3.798983
endloop
endfacet
facet normal 0.859049 -0.511893 1.88151e-08
outer loop
vertex -1.157295 1.354801 3.577547
vertex -1.108755 1.436260 3.798983
vertex -1.138181 1.386878 3.795244
endloop
endfacet
facet normal -0.972005 -0.23496 0
outer loop
vertex -0.691049 -1.337613 3.541066
vertex -0.659608 -1.467681 3.554018
vertex -0.659608 -1.467681 3.764298
endloop
endfacet
facet normal -0.972005 -0.23496 0
outer loop
vertex -0.691049 -1.337613 3.541066
vertex -0.659608 -1.467681 3.764298
vertex -0.691049 -1.337613 3.746706
endloop
endfacet
facet normal 0.958429 -0.285333 0
outer loop
vertex 1.827498 1.499789 3.891423
vertex 1.808585 1.436260 3.882463
vertex 1.808585 1.436260 3.664284
endloop
endfacet
facet normal 0.958429 -0.285332 0
outer loop
vertex 1.808585 1.436260 3.664284
vertex 1.835642 1.527144 3.679065
vertex 1.835642 1.527144 3.895545
endloop
endfacet
facet normal 0.958429 -0.285332 -2.99963e-07
outer loop
vertex 1.808585 1.436260 3.664284
vertex 1.835642 1.527144 3.895545
vertex 1.827498 1.499789 3.891423
endloop
endfacet
facet normal 0.735726 -0.677279 0
outer loop
vertex -1.200172 1.308224 3.792431
vertex -1.200172 1.308224 3.576624
vertex -1.157295 1.354801 3.577547
endloop
endfacet
facet normal 0.735726 -0.677279 0
outer loop
vertex -1.200172 1.308224 3.792431
vertex -1.157295 1.354801 3.577547
vertex -1.157295 1.354801 3.793397
endloop
endfacet
facet normal -1 9.08637e-05 0
outer loop
vertex -1.246536 -0.634909 3.728742
vertex -1.246527 -0.536512 3.726288
vertex -1.246527 -0.536512 3.523988
endloop
endfacet
facet normal -1 9.11343e-05 0
outer loop
vertex -1.246527 -0.536512 3.523988
vertex -1.246552 -0.811205 3.538864
vertex -1.246552 -0.811205 3.743597
endloop
endfacet
facet normal -1 9.11842e-05 1.54034e-07
outer loop
vertex -1.246539 -0.666289 3.731009
vertex -1.246536 -0.634909 3.728742
vertex -1.246527 -0.536512 3.523988
endloop
endfacet
facet normal -1 9.13309e-05 2.46001e-07
outer loop
vertex -1.246527 -0.536512 3.523988
vertex -1.246552 -0.811205 3.743597
vertex -1.246539 -0.666289 3.731009
endloop
endfacet
facet normal 0.879469 -0.475957 0
outer loop
vertex 1.778454 1.380584 3.872772
vertex 1.778454 1.380584 3.653641
vertex 1.808585 1.436260 3.664284
endloop
endfacet
facet normal 0.879469 -0.475957 0
outer loop
vertex 1.778454 1.380584 3.872772
vertex 1.808585 1.436260 3.664284
vertex 1.808585 1.436260 3.882463
endloop
endfacet
facet normal 0.581077 -0.813848 0
outer loop
vertex -1.263213 1.263213 3.793949
vertex -1.277345 1.253123 3.794574
vertex -1.277345 1.253123 3.578636
endloop
endfacet
facet normal 0.58108 -0.813846 0
outer loop
vertex -1.277345 1.253123 3.578636
vertex -1.200172 1.308224 3.576624
vertex -1.200172 1.308224 3.792431
endloop
endfacet
facet normal 0.581081 -0.813846 -3.48451e-07
outer loop
vertex -1.277345 1.253123 3.578636
vertex -1.200172 1.308224 3.792431
vertex -1.263213 1.263213 3.793949
endloop
endfacet
facet normal -0.995884 0.0906343 0
outer loop
vertex -1.244618 -0.515538 3.725664
vertex -1.240558 -0.470925 3.724565
vertex -1.240558 -0.470925 3.520737
endloop
endfacet
facet normal -0.995884 0.0906332 0
outer loop
vertex -1.240558 -0.470925 3.520737
vertex -1.246527 -0.536512 3.523988
vertex -1.246527 -0.536512 3.726288
endloop
endfacet
facet normal -0.995885 0.0906309 -7.44899e-07
outer loop
vertex -1.244618 -0.515538 3.725664
vertex -1.240558 -0.470925 3.520737
vertex -1.246527 -0.536512 3.726288
endloop
endfacet
facet normal 0.78914 -0.614213 0
outer loop
vertex 1.739570 1.330626 3.862468
vertex 1.739570 1.330626 3.642704
vertex 1.778454 1.380584 3.653641
endloop
endfacet
facet normal 0.78914 -0.614213 0
outer loop
vertex 1.739570 1.330626 3.862468
vertex 1.778454 1.380584 3.653641
vertex 1.778454 1.380584 3.872772
endloop
endfacet
facet normal 0.404248 -0.914649 0
outer loop
vertex -1.331593 1.229147 3.798644
vertex -1.331593 1.229147 3.581931
vertex -1.277345 1.253123 3.578636
endloop
endfacet
facet normal 0.404249 -0.914649 0
outer loop
vertex -1.331593 1.229147 3.798644
vertex -1.277345 1.253123 3.578636
vertex -1.277345 1.253123 3.794574
endloop
endfacet
facet normal -0.946163 0.323689 0
outer loop
vertex -1.212340 -0.388442 3.515109
vertex -1.240558 -0.470925 3.520737
vertex -1.240558 -0.470925 3.724565
endloop
endfacet
facet normal -0.946163 0.323689 0
outer loop
vertex -1.212340 -0.388442 3.515109
vertex -1.240558 -0.470925 3.724565
vertex -1.212340 -0.388442 3.721394
endloop
endfacet
facet normal 0.6463 -0.763083 0
outer loop
vertex 1.667210 1.269340 3.846482
vertex 1.667210 1.269340 3.626399
vertex 1.739570 1.330626 3.642704
endloop
endfacet
facet normal 0.6463 -0.763083 0
outer loop
vertex 1.667210 1.269340 3.846482
vertex 1.739570 1.330626 3.642704
vertex 1.739570 1.330626 3.862468
endloop
endfacet
facet normal -1 0 0
outer loop
vertex -1.246552 0.666296 3.731011
vertex -1.246552 0.809167 3.743420
vertex -1.246552 0.809167 3.538731
endloop
endfacet
facet normal -1 -0 0
outer loop
vertex -1.246552 0.809167 3.538731
vertex -1.246552 0.140814 3.513223
vertex -1.246552 0.140814 3.720309
endloop
endfacet
facet normal -1 0 0
outer loop
vertex -1.246552 0.809167 3.538731
vertex -1.246552 0.140814 3.720309
vertex -1.246552 0.247955 3.721226
endloop
endfacet
facet normal -1 0 0
outer loop
vertex -1.246552 0.634875 3.728742
vertex -1.246552 0.666296 3.731011
vertex -1.246552 0.809167 3.538731
endloop
endfacet
facet normal -1 0 0
outer loop
vertex -1.246552 0.516339 3.725786
vertex -1.246552 0.634875 3.728742
vertex -1.246552 0.809167 3.538731
endloop
endfacet
facet normal -1 0 0
outer loop
vertex -1.246552 0.809167 3.538731
vertex -1.246552 0.247955 3.721226
vertex -1.246552 0.378137 3.723071
endloop
endfacet
facet normal -1 0 0
outer loop
vertex -1.246552 0.809167 3.538731
vertex -1.246552 0.378137 3.723071
vertex -1.246552 0.516339 3.725786
endloop
endfacet
facet normal -0.945938 0.324348 0
outer loop
vertex 1.642357 0.326685 3.775064
vertex 1.643640 0.330428 3.775429
vertex 1.643640 0.330428 3.562920
endloop
endfacet
facet normal -0.945938 0.324346 0
outer loop
vertex 1.643640 0.330428 3.562920
vertex 1.614915 0.246653 3.557217
vertex 1.614915 0.246653 3.768495
endloop
endfacet
facet normal -0.945938 0.324346 -3.96693e-08
outer loop
vertex 1.642357 0.326685 3.775064
vertex 1.643640 0.330428 3.562920
vertex 1.614915 0.246653 3.768495
endloop
endfacet
facet normal 1 0 0
outer loop
vertex -1.673008 -0.692983 3.798066
vertex -1.673008 -0.811205 3.806605
vertex -1.673008 -0.811205 3.588884
endloop
endfacet
facet normal 1 -0 0
outer loop
vertex -1.673008 -0.811205 3.588884
vertex -1.673008 0.809167 3.588751
vertex -1.673008 0.809167 3.806458
endloop
endfacet
facet normal 1 0 0
outer loop
vertex -1.673008 -0.811205 3.588884
vertex -1.673008 0.809167 3.806458
vertex -1.673008 0.692983 3.798066
endloop
endfacet
facet normal 1 0 0
outer loop
vertex -1.673008 -0.507501 3.787510
vertex -1.673008 -0.692983 3.798066
vertex -1.673008 -0.811205 3.588884
endloop
endfacet
facet normal 1 0 0
outer loop
vertex -1.673008 -0.332782 3.780338
vertex -1.673008 -0.507501 3.787510
vertex -1.673008 -0.811205 3.588884
endloop
endfacet
facet normal 1 0 0
outer loop
vertex -1.673008 -0.811205 3.588884
vertex -1.673008 0.692983 3.798066
vertex -1.673008 0.507501 3.787510
endloop
endfacet
facet normal 1 0 0
outer loop
vertex -1.673008 -0.811205 3.588884
vertex -1.673008 0.507501 3.787510
vertex -1.673008 0.332782 3.780338
endloop
endfacet
facet normal 1 0 0
outer loop
vertex -1.673008 -0.164777 3.776173
vertex -1.673008 -0.332782 3.780338
vertex -1.673008 -0.811205 3.588884
endloop
endfacet
facet normal 1 0 0
outer loop
vertex -1.673008 0.000000 3.774807
vertex -1.673008 -0.164777 3.776173
vertex -1.673008 -0.811205 3.588884
endloop
endfacet
facet normal 1 0 0
outer loop
vertex -1.673008 -0.811205 3.588884
vertex -1.673008 0.332782 3.780338
vertex -1.673008 0.164777 3.776173
endloop
endfacet
facet normal 1 0 0
outer loop
vertex -1.673008 -0.811205 3.588884
vertex -1.673008 0.164777 3.776173
vertex -1.673008 0.000000 3.774807
endloop
endfacet
facet normal 0.847249 -0.531196 0
outer loop
vertex 1.195198 0.362559 3.719944
vertex 1.179616 0.337706 3.718711
vertex 1.179616 0.337706 3.510484
endloop
endfacet
facet normal 0.84725 -0.531195 0
outer loop
vertex 1.179616 0.337706 3.510484
vertex 1.210146 0.386401 3.514832
vertex 1.210146 0.386401 3.721234
endloop
endfacet
facet normal 0.847251 -0.531193 -3.97567e-07
outer loop
vertex 1.179616 0.337706 3.510484
vertex 1.210146 0.386401 3.721234
vertex 1.195198 0.362559 3.719944
endloop
endfacet
facet normal -0.822424 0.568876 0
outer loop
vertex -1.163399 -0.317688 3.717510
vertex -1.163399 -0.317688 3.508431
vertex -1.212340 -0.388442 3.515109
endloop
endfacet
facet normal -0.822423 0.568877 0
outer loop
vertex -1.212340 -0.388442 3.515109
vertex -1.212340 -0.388442 3.721394
vertex -1.194235 -0.362267 3.719886
endloop
endfacet
facet normal -0.822424 0.568875 2.29175e-07
outer loop
vertex -1.212340 -0.388442 3.515109
vertex -1.194235 -0.362267 3.719886
vertex -1.163399 -0.317688 3.717510
endloop
endfacet
facet normal 0.738144 -0.674643 0
outer loop
vertex 1.140891 0.295336 3.715919
vertex 1.140891 0.295336 3.505796
vertex 1.179616 0.337706 3.510484
endloop
endfacet
facet normal 0.738144 -0.674643 0
outer loop
vertex 1.140891 0.295336 3.715919
vertex 1.179616 0.337706 3.510484
vertex 1.179616 0.337706 3.718711
endloop
endfacet
facet normal -0.674634 0.738152 0
outer loop
vertex -1.121028 -0.278963 3.503614
vertex -1.163399 -0.317688 3.508431
vertex -1.163399 -0.317688 3.717510
endloop
endfacet
facet normal -0.674634 0.738152 0
outer loop
vertex -1.121028 -0.278963 3.503614
vertex -1.163399 -0.317688 3.717510
vertex -1.121028 -0.278963 3.714564
endloop
endfacet
facet normal 0.605553 -0.795805 0
outer loop
vertex 1.095197 0.260566 3.712842
vertex 1.095197 0.260566 3.500915
vertex 1.140891 0.295336 3.505796
endloop
endfacet
facet normal 0.605553 -0.795805 0
outer loop
vertex 1.095197 0.260566 3.712842
vertex 1.140891 0.295336 3.505796
vertex 1.140891 0.295336 3.715919
endloop
endfacet
facet normal -0.531195 0.84725 0
outer loop
vertex -1.072333 -0.248433 3.498676
vertex -1.121028 -0.278963 3.503614
vertex -1.121028 -0.278963 3.714564
endloop
endfacet
facet normal -0.531195 0.84725 0
outer loop
vertex -1.072333 -0.248433 3.498676
vertex -1.121028 -0.278963 3.714564
vertex -1.072333 -0.248433 3.711376
endloop
endfacet
facet normal -0.188377 0.982097 0
outer loop
vertex 1.126105 -0.187100 3.713756
vertex 1.126105 -0.187100 3.502352
vertex 1.008515 -0.209655 3.492627
endloop
endfacet
facet normal -0.188377 0.982097 0
outer loop
vertex 1.008515 -0.209655 3.492627
vertex 1.008515 -0.209655 3.707216
vertex 1.031674 -0.205213 3.708463
endloop
endfacet
facet normal -0.188377 0.982097 1.41087e-08
outer loop
vertex 1.008515 -0.209655 3.492627
vertex 1.031674 -0.205213 3.708463
vertex 1.126105 -0.187100 3.713756
endloop
endfacet
facet normal -0.367816 0.929899 0
outer loop
vertex -1.018473 -0.227129 3.493745
vertex -1.072333 -0.248433 3.498676
vertex -1.072333 -0.248433 3.711376
endloop
endfacet
facet normal -0.367816 0.929899 0
outer loop
vertex -1.018473 -0.227129 3.493745
vertex -1.072333 -0.248433 3.711376
vertex -1.018473 -0.227129 3.708027
endloop
endfacet
facet normal -0.0609586 0.99814 0
outer loop
vertex 1.008515 -0.209655 3.492627
vertex 0.937255 -0.214007 3.487131
vertex 0.937255 -0.214007 3.703246
endloop
endfacet
facet normal -0.0609586 0.99814 0
outer loop
vertex 1.008515 -0.209655 3.492627
vertex 0.937255 -0.214007 3.703246
vertex 1.008515 -0.209655 3.707216
endloop
endfacet
facet normal 0.107959 -0.994155 0
outer loop
vertex -1.021070 0.203103 3.707834
vertex -1.080194 0.196683 3.711190
vertex -1.080194 0.196683 3.498430
endloop
endfacet
facet normal 0.107959 -0.994155 0
outer loop
vertex -1.080194 0.196683 3.498430
vertex -0.939422 0.211970 3.487260
vertex -0.939422 0.211970 3.703340
endloop
endfacet
facet normal 0.107959 -0.994155 5.33246e-08
outer loop
vertex -1.080194 0.196683 3.498430
vertex -0.939422 0.211970 3.703340
vertex -1.021070 0.203103 3.707834
endloop
endfacet
facet normal 0.00102508 -0.999999 0
outer loop
vertex -0.699582 0.212216 3.689774
vertex -0.939422 0.211970 3.703340
vertex -0.939422 0.211970 3.487260
endloop
endfacet
facet normal 0.0010251 -0.999999 0
outer loop
vertex -0.939422 0.211970 3.487260
vertex 0.957959 0.213915 3.488706
vertex 0.957959 0.213915 3.704416
endloop
endfacet
facet normal 0.00102507 -0.999999 2.34128e-07
outer loop
vertex -0.939422 0.211970 3.487260
vertex 0.957959 0.213915 3.704416
vertex 0.704326 0.213655 3.690063
endloop
endfacet
facet normal 0.00102513 -0.999999 -6.50188e-08
outer loop
vertex -0.512797 0.212407 3.679521
vertex -0.699582 0.212216 3.689774
vertex -0.939422 0.211970 3.487260
endloop
endfacet
facet normal 0.00102507 -1 7.35356e-08
outer loop
vertex -0.397607 0.212525 3.673451
vertex -0.512797 0.212407 3.679521
vertex -0.939422 0.211970 3.487260
endloop
endfacet
facet normal 0.00102511 -0.999999 -9.85555e-08
outer loop
vertex -0.939422 0.211970 3.487260
vertex 0.704326 0.213655 3.690063
vertex 0.515341 0.213461 3.679681
endloop
endfacet
facet normal 0.00102506 -0.999999 3.11752e-07
outer loop
vertex -0.939422 0.211970 3.487260
vertex 0.515341 0.213461 3.679681
vertex 0.399135 0.213342 3.673552
endloop
endfacet
facet normal 0.00102519 -0.999999 -2.7556e-07
outer loop
vertex -0.318189 0.212607 3.669480
vertex -0.397607 0.212525 3.673451
vertex -0.939422 0.211970 3.487260
endloop
endfacet
facet normal 0.00102501 -0.999999 3.3937e-07
outer loop
vertex -0.259136 0.212667 3.666716
vertex -0.318189 0.212607 3.669480
vertex -0.939422 0.211970 3.487260
endloop
endfacet
facet normal 0.0010253 -1 -1.4156e-06
outer loop
vertex -0.939422 0.211970 3.487260
vertex 0.399135 0.213342 3.673552
vertex 0.319166 0.213260 3.669549
endloop
endfacet
facet normal 0.00102506 -0.999999 2.22627e-07
outer loop
vertex -0.939422 0.211970 3.487260
vertex 0.319166 0.213260 3.669549
vertex 0.259784 0.213199 3.666765
endloop
endfacet
facet normal 0.00102525 -1 -5.8169e-07
outer loop
vertex -0.212715 0.212715 3.664712
vertex -0.259136 0.212667 3.666716
vertex -0.939422 0.211970 3.487260
endloop
endfacet
facet normal 0.00102481 -1 1.22677e-06
outer loop
vertex -0.174603 0.212754 3.663221
vertex -0.212715 0.212715 3.664712
vertex -0.939422 0.211970 3.487260
endloop
endfacet
facet normal 0.0010251 -0.999999 0
outer loop
vertex -0.939422 0.211970 3.487260
vertex 0.259784 0.213199 3.666765
vertex 0.213151 0.213151 3.664748
endloop
endfacet
facet normal 0.00102475 -0.999999 2.23135e-06
outer loop
vertex -0.939422 0.211970 3.487260
vertex 0.213151 0.213151 3.664748
vertex 0.174897 0.213112 3.663248
endloop
endfacet
facet normal 0.00102531 -0.999999 -9.4697e-07
outer loop
vertex -0.142180 0.212787 3.662096
vertex -0.174603 0.212754 3.663221
vertex -0.939422 0.211970 3.487260
endloop
endfacet
facet normal 0.00102482 -0.999999 1.26333e-06
outer loop
vertex -0.113753 0.212816 3.661245
vertex -0.142180 0.212787 3.662096
vertex -0.939422 0.211970 3.487260
endloop
endfacet
facet normal 0.00102552 -0.999999 -2.58246e-06
outer loop
vertex -0.939422 0.211970 3.487260
vertex 0.174897 0.213112 3.663248
vertex 0.142375 0.213079 3.662116
endloop
endfacet
facet normal 0.00102483 -0.999999 1.63571e-06
outer loop
vertex -0.939422 0.211970 3.487260
vertex 0.142375 0.213079 3.662116
vertex 0.113877 0.213050 3.661260
endloop
endfacet
facet normal 0.00102538 -0.999999 -1.39763e-06
outer loop
vertex -0.088162 0.212843 3.660608
vertex -0.113753 0.212816 3.661245
vertex -0.939422 0.211970 3.487260
endloop
endfacet
facet normal 0.0010252 -0.999999 -4.9344e-07
outer loop
vertex -0.064572 0.212867 3.660146
vertex -0.088162 0.212843 3.660608
vertex -0.939422 0.211970 3.487260
endloop
endfacet
facet normal 0.00102518 -0.999999 -5.22643e-07
outer loop
vertex -0.939422 0.211970 3.487260
vertex 0.113877 0.213050 3.661260
vertex 0.088237 0.213023 3.660619
endloop
endfacet
facet normal 0.00102495 -0.999999 8.69003e-07
outer loop
vertex -0.939422 0.211970 3.487260
vertex 0.088237 0.213023 3.660619
vertex 0.064613 0.212999 3.660154
endloop
endfacet
facet normal 0.0010251 -0.999999 3.09271e-08
outer loop
vertex -0.042346 0.212890 3.659832
vertex -0.064572 0.212867 3.660146
vertex -0.939422 0.211970 3.487260
endloop
endfacet
facet normal 0.00102473 -1 1.94084e-06
outer loop
vertex -0.020970 0.212912 3.659651
vertex -0.042346 0.212890 3.659832
vertex -0.939422 0.211970 3.487260
endloop
endfacet
facet normal 0.0010254 -0.999999 -1.74834e-06
outer loop
vertex -0.939422 0.211970 3.487260
vertex 0.064613 0.212999 3.660154
vertex 0.042364 0.212976 3.659837
endloop
endfacet
facet normal 0.00102477 -0.999999 1.87383e-06
outer loop
vertex -0.939422 0.211970 3.487260
vertex 0.042364 0.212976 3.659837
vertex 0.020974 0.212955 3.659653
endloop
endfacet
facet normal 0.00102538 -1 -1.54973e-06
outer loop
vertex 0.000000 0.212933 3.659592
vertex -0.020970 0.212912 3.659651
vertex -0.939422 0.211970 3.487260
endloop
endfacet
facet normal 0.00102518 -0.999999 -4.58205e-07
outer loop
vertex -0.939422 0.211970 3.487260
vertex 0.020974 0.212955 3.659653
vertex 0.000000 0.212933 3.659592
endloop
endfacet
facet normal -0.00102559 1 0
outer loop
vertex 0.706268 -0.214244 3.690181
vertex 0.937255 -0.214007 3.703246
vertex 0.937255 -0.214007 3.487131
endloop
endfacet
facet normal -0.00102561 0.999999 0
outer loop
vertex 0.937255 -0.214007 3.487131
vertex -0.960160 -0.215953 3.488911
vertex -0.960160 -0.215953 3.704570
endloop
endfacet
facet normal -0.00102562 0.999999 -7.64307e-08
outer loop
vertex 0.937255 -0.214007 3.487131
vertex -0.960160 -0.215953 3.704570
vertex -0.711059 -0.215698 3.690473
endloop
endfacet
facet normal -0.00102562 0.999999 -3.6308e-08
outer loop
vertex 0.517697 -0.214437 3.679830
vertex 0.706268 -0.214244 3.690181
vertex 0.937255 -0.214007 3.487131
endloop
endfacet
facet normal -0.00102561 0.999999 -1.31072e-08
outer loop
vertex 0.401407 -0.214557 3.673702
vertex 0.517697 -0.214437 3.679830
vertex 0.937255 -0.214007 3.487131
endloop
endfacet
facet normal -0.00102565 1 -3.46213e-07
outer loop
vertex 0.937255 -0.214007 3.487131
vertex -0.711059 -0.215698 3.690473
vertex -0.520267 -0.215502 3.679992
endloop
endfacet
facet normal -0.00102548 0.999999 9.4117e-07
outer loop
vertex 0.937255 -0.214007 3.487131
vertex -0.520267 -0.215502 3.679992
vertex -0.402950 -0.215382 3.673804
endloop
endfacet
facet normal -0.00102554 0.999999 1.87144e-07
outer loop
vertex 0.321230 -0.214639 3.669693
vertex 0.401407 -0.214557 3.673702
vertex 0.937255 -0.214007 3.487131
endloop
endfacet
facet normal -0.00102576 0.999999 -5.51342e-07
outer loop
vertex 0.261613 -0.214700 3.666903
vertex 0.321230 -0.214639 3.669693
vertex 0.937255 -0.214007 3.487131
endloop
endfacet
facet normal -0.00102571 1 -7.11422e-07
outer loop
vertex 0.937255 -0.214007 3.487131
vertex -0.402950 -0.215382 3.673804
vertex -0.322217 -0.215299 3.669762
endloop
endfacet
facet normal -0.00102553 0.999999 4.87092e-07
outer loop
vertex 0.937255 -0.214007 3.487131
vertex -0.322217 -0.215299 3.669762
vertex -0.262267 -0.215237 3.666952
endloop
endfacet
facet normal -0.00102545 0.999999 6.08937e-07
outer loop
vertex 0.214748 -0.214748 3.664879
vertex 0.261613 -0.214700 3.666903
vertex 0.937255 -0.214007 3.487131
endloop
endfacet
facet normal -0.00102553 1 3.00841e-07
outer loop
vertex 0.176272 -0.214787 3.663374
vertex 0.214748 -0.214748 3.664879
vertex 0.937255 -0.214007 3.487131
endloop
endfacet
facet normal -0.00102548 0.999999 8.50445e-07
outer loop
vertex 0.937255 -0.214007 3.487131
vertex -0.262267 -0.215237 3.666952
vertex -0.215189 -0.215189 3.664916
endloop
endfacet
facet normal -0.00102605 0.999999 -2.84172e-06
outer loop
vertex 0.937255 -0.214007 3.487131
vertex -0.215189 -0.215189 3.664916
vertex -0.176569 -0.215149 3.663401
endloop
endfacet
facet normal -0.00102564 1 -1.97989e-07
outer loop
vertex 0.143539 -0.214821 3.662238
vertex 0.176272 -0.214787 3.663374
vertex 0.937255 -0.214007 3.487131
endloop
endfacet
facet normal -0.00102594 1 -1.54961e-06
outer loop
vertex 0.114840 -0.214850 3.661379
vertex 0.143539 -0.214821 3.662238
vertex 0.937255 -0.214007 3.487131
endloop
endfacet
facet normal -0.00102515 0.999999 2.83616e-06
outer loop
vertex 0.937255 -0.214007 3.487131
vertex -0.176569 -0.215149 3.663401
vertex -0.143736 -0.215116 3.662259
endloop
endfacet
facet normal -0.00102551 0.999999 6.23999e-07
outer loop
vertex 0.937255 -0.214007 3.487131
vertex -0.143736 -0.215116 3.662259
vertex -0.114966 -0.215086 3.661395
endloop
endfacet
facet normal -0.00102553 0.999999 4.06805e-07
outer loop
vertex 0.089005 -0.214877 3.660736
vertex 0.114840 -0.214850 3.661379
vertex 0.937255 -0.214007 3.487131
endloop
endfacet
facet normal -0.00102552 0.999999 4.21998e-07
outer loop
vertex 0.065190 -0.214901 3.660270
vertex 0.089005 -0.214877 3.660736
vertex 0.937255 -0.214007 3.487131
endloop
endfacet
facet normal -0.00102586 0.999999 -1.48938e-06
outer loop
vertex 0.937255 -0.214007 3.487131
vertex -0.114966 -0.215086 3.661395
vertex -0.089081 -0.215060 3.660748
endloop
endfacet
facet normal -0.00102592 0.999999 -1.8774e-06
outer loop
vertex 0.937255 -0.214007 3.487131
vertex -0.089081 -0.215060 3.660748
vertex -0.065230 -0.215035 3.660278
endloop
endfacet
facet normal -0.00102537 0.999999 1.19996e-06
outer loop
vertex 0.042751 -0.214924 3.659953
vertex 0.065190 -0.214901 3.660270
vertex 0.937255 -0.214007 3.487131
endloop
endfacet
facet normal -0.00102604 0.999999 -2.27092e-06
outer loop
vertex 0.021170 -0.214947 3.659770
vertex 0.042751 -0.214924 3.659953
vertex 0.937255 -0.214007 3.487131
endloop
endfacet
facet normal -0.00102563 0.999999 -1.30478e-07
outer loop
vertex 0.937255 -0.214007 3.487131
vertex -0.065230 -0.215035 3.660278
vertex -0.042769 -0.215012 3.659958
endloop
endfacet
facet normal -0.00102543 0.999999 1.00032e-06
outer loop
vertex 0.937255 -0.214007 3.487131
vertex -0.042769 -0.215012 3.659958
vertex -0.021175 -0.214990 3.659772
endloop
endfacet
facet normal -0.00102554 0.999999 4.02126e-07
outer loop
vertex -0.000000 -0.214968 3.659710
vertex 0.021170 -0.214947 3.659770
vertex 0.937255 -0.214007 3.487131
endloop
endfacet
facet normal -0.00102533 0.999999 1.55375e-06
outer loop
vertex 0.937255 -0.214007 3.487131
vertex -0.021175 -0.214990 3.659772
vertex -0.000000 -0.214968 3.659710
endloop
endfacet
endsolid
