solid keycaps/confetti
facet normal 0.758729 0.0372746 -0.650339
outer loop
vertex 8.700000 6.000000 0.000000
vertex 8.686998 6.264646 0.000000
vertex 8.985554 6.294052 0.350000
endloop
endfacet
facet normal 0.758729 0.037275 -0.650339
outer loop
vertex 8.700000 6.000000 0.000000
vertex 8.985554 6.294052 0.350000
vertex 9.000000 6.000000 0.350000
endloop
endfacet
facet normal 0.751421 0.111463 -0.65034
outer loop
vertex 8.686998 6.264646 0.000000
vertex 8.648120 6.526744 0.000000
vertex 8.942356 6.585271 0.350000
endloop
endfacet
facet normal 0.751422 0.111461 -0.650339
outer loop
vertex 8.686998 6.264646 0.000000
vertex 8.942356 6.585271 0.350000
vertex 8.985554 6.294052 0.350000
endloop
endfacet
facet normal 0.736879 0.184577 -0.650339
outer loop
vertex 8.648120 6.526744 0.000000
vertex 8.583739 6.783769 0.000000
vertex 8.870821 6.870854 0.350000
endloop
endfacet
facet normal 0.736878 0.184579 -0.65034
outer loop
vertex 8.648120 6.526744 0.000000
vertex 8.870821 6.870854 0.350000
vertex 8.942356 6.585271 0.350000
endloop
endfacet
facet normal 0.715237 0.255918 -0.65034
outer loop
vertex 8.583739 6.783769 0.000000
vertex 8.494474 7.033245 0.000000
vertex 8.771639 7.148050 0.350000
endloop
endfacet
facet normal 0.715239 0.255916 -0.650339
outer loop
vertex 8.583739 6.783769 0.000000
vertex 8.771639 7.148050 0.350000
vertex 8.870821 6.870854 0.350000
endloop
endfacet
facet normal 0.686711 0.324789 -0.650339
outer loop
vertex 8.494474 7.033245 0.000000
vertex 8.381187 7.272771 0.000000
vertex 8.645763 7.414190 0.350000
endloop
endfacet
facet normal 0.686709 0.324791 -0.65034
outer loop
vertex 8.494474 7.033245 0.000000
vertex 8.645763 7.414190 0.350000
vertex 8.771639 7.148050 0.350000
endloop
endfacet
facet normal 0.651569 0.390535 -0.650339
outer loop
vertex 8.381187 7.272771 0.000000
vertex 8.244968 7.500040 0.000000
vertex 8.494409 7.666711 0.350000
endloop
endfacet
facet normal 0.651569 0.390535 -0.650339
outer loop
vertex 8.381187 7.272771 0.000000
vertex 8.494409 7.666711 0.350000
vertex 8.645763 7.414190 0.350000
endloop
endfacet
facet normal 0.610152 0.452519 -0.650339
outer loop
vertex 8.244968 7.500040 0.000000
vertex 8.087129 7.712862 0.000000
vertex 8.319032 7.903180 0.350000
endloop
endfacet
facet normal 0.610153 0.452519 -0.650339
outer loop
vertex 8.244968 7.500040 0.000000
vertex 8.319032 7.903180 0.350000
vertex 8.494409 7.666711 0.350000
endloop
endfacet
facet normal 0.562858 0.510146 -0.65034
outer loop
vertex 8.087129 7.712862 0.000000
vertex 7.909188 7.909188 0.000000
vertex 8.121321 8.121321 0.350000
endloop
endfacet
facet normal 0.56286 0.510145 -0.650339
outer loop
vertex 8.087129 7.712862 0.000000
vertex 8.121321 8.121321 0.350000
vertex 8.319032 7.903180 0.350000
endloop
endfacet
facet normal 0.510147 0.562858 -0.650339
outer loop
vertex 7.909188 7.909188 0.000000
vertex 7.712862 8.087129 0.000000
vertex 7.903180 8.319032 0.350000
endloop
endfacet
facet normal 0.510145 0.562859 -0.65034
outer loop
vertex 7.909188 7.909188 0.000000
vertex 7.903180 8.319032 0.350000
vertex 8.121321 8.121321 0.350000
endloop
endfacet
facet normal 0.45252 0.610152 -0.650339
outer loop
vertex 7.712862 8.087129 0.000000
vertex 7.500040 8.244968 0.000000
vertex 7.666711 8.494409 0.350000
endloop
endfacet
facet normal 0.452519 0.610152 -0.650339
outer loop
vertex 7.712862 8.087129 0.000000
vertex 7.666711 8.494409 0.350000
vertex 7.903180 8.319032 0.350000
endloop
endfacet
facet normal 0.390535 0.651569 -0.650339
outer loop
vertex 7.500040 8.244968 0.000000
vertex 7.272771 8.381187 0.000000
vertex 7.414190 8.645763 0.350000
endloop
endfacet
facet normal 0.390535 0.651569 -0.650339
outer loop
vertex 7.500040 8.244968 0.000000
vertex 7.414190 8.645763 0.350000
vertex 7.666711 8.494409 0.350000
endloop
endfacet
facet normal 0.324788 0.68671 -0.65034
outer loop
vertex 7.272771 8.381187 0.000000
vertex 7.033245 8.494474 0.000000
vertex 7.148050 8.771639 0.350000
endloop
endfacet
facet normal 0.324791 0.68671 -0.650339
outer loop
vertex 7.272771 8.381187 0.000000
vertex 7.148050 8.771639 0.350000
vertex 7.414190 8.645763 0.350000
endloop
endfacet
facet normal 0.255919 0.715238 -0.650339
outer loop
vertex 7.033245 8.494474 0.000000
vertex 6.783769 8.583739 0.000000
vertex 6.870854 8.870821 0.350000
endloop
endfacet
facet normal 0.255915 0.715238 -0.65034
outer loop
vertex 7.033245 8.494474 0.000000
vertex 6.870854 8.870821 0.350000
vertex 7.148050 8.771639 0.350000
endloop
endfacet
facet normal 0.184576 0.736878 -0.65034
outer loop
vertex 6.783769 8.583739 0.000000
vertex 6.526744 8.648120 0.000000
vertex 6.585271 8.942356 0.350000
endloop
endfacet
facet normal 0.184579 0.736879 -0.650339
outer loop
vertex 6.783769 8.583739 0.000000
vertex 6.585271 8.942356 0.350000
vertex 6.870854 8.870821 0.350000
endloop
endfacet
facet normal 0.111463 0.751422 -0.650339
outer loop
vertex 6.526744 8.648120 0.000000
vertex 6.264646 8.686998 0.000000
vertex 6.294052 8.985554 0.350000
endloop
endfacet
facet normal 0.111461 0.751422 -0.65034
outer loop
vertex 6.526744 8.648120 0.000000
vertex 6.294052 8.985554 0.350000
vertex 6.585271 8.942356 0.350000
endloop
endfacet
facet normal 0.0372746 0.758729 -0.650339
outer loop
vertex 6.264646 8.686998 0.000000
vertex 6.000000 8.700000 0.000000
vertex 6.000000 9.000000 0.350000
endloop
endfacet
facet normal 0.0372751 0.758729 -0.650339
outer loop
vertex 6.264646 8.686998 0.000000
vertex 6.000000 9.000000 0.350000
vertex 6.294052 8.985554 0.350000
endloop
endfacet
facet normal 0 0.759256 -0.650792
outer loop
vertex 6.000000 8.700000 0.000000
vertex -6.000000 8.700000 0.000000
vertex -6.000000 9.000000 0.350000
endloop
endfacet
facet normal 0 0.759256 -0.650792
outer loop
vertex 6.000000 8.700000 0.000000
vertex -6.000000 9.000000 0.350000
vertex 6.000000 9.000000 0.350000
endloop
endfacet
facet normal -0.0372746 0.758729 -0.650339
outer loop
vertex -6.000000 8.700000 0.000000
vertex -6.264646 8.686998 0.000000
vertex -6.294052 8.985554 0.350000
endloop
endfacet
facet normal -0.037275 0.758729 -0.650339
outer loop
vertex -6.000000 8.700000 0.000000
vertex -6.294052 8.985554 0.350000
vertex -6.000000 9.000000 0.350000
endloop
endfacet
facet normal -0.111463 0.751421 -0.65034
outer loop
vertex -6.264646 8.686998 0.000000
vertex -6.526744 8.648120 0.000000
vertex -6.585271 8.942356 0.350000
endloop
endfacet
facet normal -0.111461 0.751422 -0.650339
outer loop
vertex -6.264646 8.686998 0.000000
vertex -6.585271 8.942356 0.350000
vertex -6.294052 8.985554 0.350000
endloop
endfacet
facet normal -0.184577 0.736879 -0.650339
outer loop
vertex -6.526744 8.648120 0.000000
vertex -6.783769 8.583739 0.000000
vertex -6.870854 8.870821 0.350000
endloop
endfacet
facet normal -0.184579 0.736878 -0.65034
outer loop
vertex -6.526744 8.648120 0.000000
vertex -6.870854 8.870821 0.350000
vertex -6.585271 8.942356 0.350000
endloop
endfacet
facet normal -0.255918 0.715237 -0.65034
outer loop
vertex -6.783769 8.583739 0.000000
vertex -7.033245 8.494474 0.000000
vertex -7.148050 8.771639 0.350000
endloop
endfacet
facet normal -0.255916 0.715239 -0.650339
outer loop
vertex -6.783769 8.583739 0.000000
vertex -7.148050 8.771639 0.350000
vertex -6.870854 8.870821 0.350000
endloop
endfacet
facet normal -0.324789 0.686711 -0.650339
outer loop
vertex -7.033245 8.494474 0.000000
vertex -7.272771 8.381187 0.000000
vertex -7.414190 8.645763 0.350000
endloop
endfacet
facet normal -0.324791 0.686709 -0.65034
outer loop
vertex -7.033245 8.494474 0.000000
vertex -7.414190 8.645763 0.350000
vertex -7.148050 8.771639 0.350000
endloop
endfacet
facet normal -0.390535 0.651569 -0.650339
outer loop
vertex -7.272771 8.381187 0.000000
vertex -7.500040 8.244968 0.000000
vertex -7.666711 8.494409 0.350000
endloop
endfacet
facet normal -0.390535 0.651569 -0.650339
outer loop
vertex -7.272771 8.381187 0.000000
vertex -7.666711 8.494409 0.350000
vertex -7.414190 8.645763 0.350000
endloop
endfacet
facet normal -0.452519 0.610152 -0.650339
outer loop
vertex -7.500040 8.244968 0.000000
vertex -7.712862 8.087129 0.000000
vertex -7.903180 8.319032 0.350000
endloop
endfacet
facet normal -0.452519 0.610153 -0.650339
outer loop
vertex -7.500040 8.244968 0.000000
vertex -7.903180 8.319032 0.350000
vertex -7.666711 8.494409 0.350000
endloop
endfacet
facet normal -0.510146 0.562858 -0.65034
outer loop
vertex -7.712862 8.087129 0.000000
vertex -7.909188 7.909188 0.000000
vertex -8.121321 8.121321 0.350000
endloop
endfacet
facet normal -0.510145 0.56286 -0.650339
outer loop
vertex -7.712862 8.087129 0.000000
vertex -8.121321 8.121321 0.350000
vertex -7.903180 8.319032 0.350000
endloop
endfacet
facet normal -0.562858 0.510147 -0.650339
outer loop
vertex -7.909188 7.909188 0.000000
vertex -8.087129 7.712862 0.000000
vertex -8.319032 7.903180 0.350000
endloop
endfacet
facet normal -0.562859 0.510145 -0.65034
outer loop
vertex -7.909188 7.909188 0.000000
vertex -8.319032 7.903180 0.350000
vertex -8.121321 8.121321 0.350000
endloop
endfacet
facet normal -0.610152 0.45252 -0.650339
outer loop
vertex -8.087129 7.712862 0.000000
vertex -8.244968 7.500040 0.000000
vertex -8.494409 7.666711 0.350000
endloop
endfacet
facet normal -0.610152 0.452519 -0.650339
outer loop
vertex -8.087129 7.712862 0.000000
vertex -8.494409 7.666711 0.350000
vertex -8.319032 7.903180 0.350000
endloop
endfacet
facet normal -0.651569 0.390535 -0.650339
outer loop
vertex -8.244968 7.500040 0.000000
vertex -8.381187 7.272771 0.000000
vertex -8.645763 7.414190 0.350000
endloop
endfacet
facet normal -0.651569 0.390535 -0.650339
outer loop
vertex -8.244968 7.500040 0.000000
vertex -8.645763 7.414190 0.350000
vertex -8.494409 7.666711 0.350000
endloop
endfacet
facet normal -0.68671 0.324788 -0.65034
outer loop
vertex -8.381187 7.272771 0.000000
vertex -8.494474 7.033245 0.000000
vertex -8.771639 7.148050 0.350000
endloop
endfacet
facet normal -0.68671 0.324791 -0.650339
outer loop
vertex -8.381187 7.272771 0.000000
vertex -8.771639 7.148050 0.350000
vertex -8.645763 7.414190 0.350000
endloop
endfacet
facet normal -0.715238 0.255919 -0.650339
outer loop
vertex -8.494474 7.033245 0.000000
vertex -8.583739 6.783769 0.000000
vertex -8.870821 6.870854 0.350000
endloop
endfacet
facet normal -0.715238 0.255915 -0.65034
outer loop
vertex -8.494474 7.033245 0.000000
vertex -8.870821 6.870854 0.350000
vertex -8.771639 7.148050 0.350000
endloop
endfacet
facet normal -0.736878 0.184576 -0.65034
outer loop
vertex -8.583739 6.783769 0.000000
vertex -8.648120 6.526744 0.000000
vertex -8.942356 6.585271 0.350000
endloop
endfacet
facet normal -0.736879 0.184579 -0.650339
outer loop
vertex -8.583739 6.783769 0.000000
vertex -8.942356 6.585271 0.350000
vertex -8.870821 6.870854 0.350000
endloop
endfacet
facet normal -0.751422 0.111463 -0.650339
outer loop
vertex -8.648120 6.526744 0.000000
vertex -8.686998 6.264646 0.000000
vertex -8.985554 6.294052 0.350000
endloop
endfacet
facet normal -0.751422 0.111461 -0.65034
outer loop
vertex -8.648120 6.526744 0.000000
vertex -8.985554 6.294052 0.350000
vertex -8.942356 6.585271 0.350000
endloop
endfacet
facet normal -0.758729 0.0372746 -0.650339
outer loop
vertex -8.686998 6.264646 0.000000
vertex -8.700000 6.000000 0.000000
vertex -9.000000 6.000000 0.350000
endloop
endfacet
facet normal -0.758729 0.0372751 -0.650339
outer loop
vertex -8.686998 6.264646 0.000000
vertex -9.000000 6.000000 0.350000
vertex -8.985554 6.294052 0.350000
endloop
endfacet
facet normal -0.759256 -0 -0.650792
outer loop
vertex -8.700000 6.000000 0.000000
vertex -8.700000 -6.000000 0.000000
vertex -9.000000 -6.000000 0.350000
endloop
endfacet
facet normal -0.759256 0 -0.650792
outer loop
vertex -8.700000 6.000000 0.000000
vertex -9.000000 -6.000000 0.350000
vertex -9.000000 6.000000 0.350000
endloop
endfacet
facet normal -0.758729 -0.0372746 -0.650339
outer loop
vertex -8.700000 -6.000000 0.000000
vertex -8.686998 -6.264646 0.000000
vertex -8.985554 -6.294052 0.350000
endloop
endfacet
facet normal -0.758729 -0.037275 -0.650339
outer loop
vertex -8.700000 -6.000000 0.000000
vertex -8.985554 -6.294052 0.350000
vertex -9.000000 -6.000000 0.350000
endloop
endfacet
facet normal -0.751421 -0.111463 -0.65034
outer loop
vertex -8.686998 -6.264646 0.000000
vertex -8.648120 -6.526744 0.000000
vertex -8.942356 -6.585271 0.350000
endloop
endfacet
facet normal -0.751422 -0.111461 -0.650339
outer loop
vertex -8.686998 -6.264646 0.000000
vertex -8.942356 -6.585271 0.350000
vertex -8.985554 -6.294052 0.350000
endloop
endfacet
facet normal -0.736879 -0.184577 -0.650339
outer loop
vertex -8.648120 -6.526744 0.000000
vertex -8.583739 -6.783769 0.000000
vertex -8.870821 -6.870854 0.350000
endloop
endfacet
facet normal -0.736878 -0.184579 -0.65034
outer loop
vertex -8.648120 -6.526744 0.000000
vertex -8.870821 -6.870854 0.350000
vertex -8.942356 -6.585271 0.350000
endloop
endfacet
facet normal -0.715237 -0.255918 -0.65034
outer loop
vertex -8.583739 -6.783769 0.000000
vertex -8.494474 -7.033245 0.000000
vertex -8.771639 -7.148050 0.350000
endloop
endfacet
facet normal -0.715239 -0.255916 -0.650339
outer loop
vertex -8.583739 -6.783769 0.000000
vertex -8.771639 -7.148050 0.350000
vertex -8.870821 -6.870854 0.350000
endloop
endfacet
facet normal -0.686711 -0.324789 -0.650339
outer loop
vertex -8.494474 -7.033245 0.000000
vertex -8.381187 -7.272771 0.000000
vertex -8.645763 -7.414190 0.350000
endloop
endfacet
facet normal -0.686709 -0.324791 -0.65034
outer loop
vertex -8.494474 -7.033245 0.000000
vertex -8.645763 -7.414190 0.350000
vertex -8.771639 -7.148050 0.350000
endloop
endfacet
facet normal -0.651569 -0.390535 -0.650339
outer loop
vertex -8.381187 -7.272771 0.000000
vertex -8.244968 -7.500040 0.000000
vertex -8.494409 -7.666711 0.350000
endloop
endfacet
facet normal -0.651569 -0.390535 -0.650339
outer loop
vertex -8.381187 -7.272771 0.000000
vertex -8.494409 -7.666711 0.350000
vertex -8.645763 -7.414190 0.350000
endloop
endfacet
facet normal -0.610152 -0.452519 -0.650339
outer loop
vertex -8.244968 -7.500040 0.000000
vertex -8.087129 -7.712862 0.000000
vertex -8.319032 -7.903180 0.350000
endloop
endfacet
facet normal -0.610153 -0.452519 -0.650339
outer loop
vertex -8.244968 -7.500040 0.000000
vertex -8.319032 -7.903180 0.350000
vertex -8.494409 -7.666711 0.350000
endloop
endfacet
facet normal -0.562858 -0.510146 -0.65034
outer loop
vertex -8.087129 -7.712862 0.000000
vertex -7.909188 -7.909188 0.000000
vertex -8.121321 -8.121321 0.350000
endloop
endfacet
facet normal -0.56286 -0.510145 -0.650339
outer loop
vertex -8.087129 -7.712862 0.000000
vertex -8.121321 -8.121321 0.350000
vertex -8.319032 -7.903180 0.350000
endloop
endfacet
facet normal -0.510147 -0.562858 -0.650339
outer loop
vertex -7.909188 -7.909188 0.000000
vertex -7.712862 -8.087129 0.000000
vertex -7.903180 -8.319032 0.350000
endloop
endfacet
facet normal -0.510145 -0.562859 -0.65034
outer loop
vertex -7.909188 -7.909188 0.000000
vertex -7.903180 -8.319032 0.350000
vertex -8.121321 -8.121321 0.350000
endloop
endfacet
facet normal -0.45252 -0.610152 -0.650339
outer loop
vertex -7.712862 -8.087129 0.000000
vertex -7.500040 -8.244968 0.000000
vertex -7.666711 -8.494409 0.350000
endloop
endfacet
facet normal -0.452519 -0.610152 -0.650339
outer loop
vertex -7.712862 -8.087129 0.000000
vertex -7.666711 -8.494409 0.350000
vertex -7.903180 -8.319032 0.350000
endloop
endfacet
facet normal -0.390535 -0.651569 -0.650339
outer loop
vertex -7.500040 -8.244968 0.000000
vertex -7.272771 -8.381187 0.000000
vertex -7.414190 -8.645763 0.350000
endloop
endfacet
facet normal -0.390535 -0.651569 -0.650339
outer loop
vertex -7.500040 -8.244968 0.000000
vertex -7.414190 -8.645763 0.350000
vertex -7.666711 -8.494409 0.350000
endloop
endfacet
facet normal -0.324788 -0.68671 -0.65034
outer loop
vertex -7.272771 -8.381187 0.000000
vertex -7.033245 -8.494474 0.000000
vertex -7.148050 -8.771639 0.350000
endloop
endfacet
facet normal -0.324791 -0.68671 -0.650339
outer loop
vertex -7.272771 -8.381187 0.000000
vertex -7.148050 -8.771639 0.350000
vertex -7.414190 -8.645763 0.350000
endloop
endfacet
facet normal -0.255919 -0.715238 -0.650339
outer loop
vertex -7.033245 -8.494474 0.000000
vertex -6.783769 -8.583739 0.000000
vertex -6.870854 -8.870821 0.350000
endloop
endfacet
facet normal -0.255915 -0.715238 -0.65034
outer loop
vertex -7.033245 -8.494474 0.000000
vertex -6.870854 -8.870821 0.350000
vertex -7.148050 -8.771639 0.350000
endloop
endfacet
facet normal -0.184576 -0.736878 -0.65034
outer loop
vertex -6.783769 -8.583739 0.000000
vertex -6.526744 -8.648120 0.000000
vertex -6.585271 -8.942356 0.350000
endloop
endfacet
facet normal -0.184579 -0.736879 -0.650339
outer loop
vertex -6.783769 -8.583739 0.000000
vertex -6.585271 -8.942356 0.350000
vertex -6.870854 -8.870821 0.350000
endloop
endfacet
facet normal -0.111463 -0.751422 -0.650339
outer loop
vertex -6.526744 -8.648120 0.000000
vertex -6.264646 -8.686998 0.000000
vertex -6.294052 -8.985554 0.350000
endloop
endfacet
facet normal -0.111461 -0.751422 -0.65034
outer loop
vertex -6.526744 -8.648120 0.000000
vertex -6.294052 -8.985554 0.350000
vertex -6.585271 -8.942356 0.350000
endloop
endfacet
facet normal -0.0372746 -0.758729 -0.650339
outer loop
vertex -6.264646 -8.686998 0.000000
vertex -6.000000 -8.700000 0.000000
vertex -6.000000 -9.000000 0.350000
endloop
endfacet
facet normal -0.0372751 -0.758729 -0.650339
outer loop
vertex -6.264646 -8.686998 0.000000
vertex -6.000000 -9.000000 0.350000
vertex -6.294052 -8.985554 0.350000
endloop
endfacet
facet normal 0 -0.759256 -0.650792
outer loop
vertex -6.000000 -8.700000 0.000000
vertex 6.000000 -8.700000 0.000000
vertex 6.000000 -9.000000 0.350000
endloop
endfacet
facet normal 0 -0.759256 -0.650792
outer loop
vertex -6.000000 -8.700000 0.000000
vertex 6.000000 -9.000000 0.350000
vertex -6.000000 -9.000000 0.350000
endloop
endfacet
facet normal 0.0372746 -0.758729 -0.650339
outer loop
vertex 6.000000 -8.700000 0.000000
vertex 6.264646 -8.686998 0.000000
vertex 6.294052 -8.985554 0.350000
endloop
endfacet
facet normal 0.037275 -0.758729 -0.650339
outer loop
vertex 6.000000 -8.700000 0.000000
vertex 6.294052 -8.985554 0.350000
vertex 6.000000 -9.000000 0.350000
endloop
endfacet
facet normal 0.111463 -0.751421 -0.65034
outer loop
vertex 6.264646 -8.686998 0.000000
vertex 6.526744 -8.648120 0.000000
vertex 6.585271 -8.942356 0.350000
endloop
endfacet
facet normal 0.111461 -0.751422 -0.650339
outer loop
vertex 6.264646 -8.686998 0.000000
vertex 6.585271 -8.942356 0.350000
vertex 6.294052 -8.985554 0.350000
endloop
endfacet
facet normal 0.184577 -0.736879 -0.650339
outer loop
vertex 6.526744 -8.648120 0.000000
vertex 6.783769 -8.583739 0.000000
vertex 6.870854 -8.870821 0.350000
endloop
endfacet
facet normal 0.184579 -0.736878 -0.65034
outer loop
vertex 6.526744 -8.648120 0.000000
vertex 6.870854 -8.870821 0.350000
vertex 6.585271 -8.942356 0.350000
endloop
endfacet
facet normal 0.255918 -0.715237 -0.65034
outer loop
vertex 6.783769 -8.583739 0.000000
vertex 7.033245 -8.494474 0.000000
vertex 7.148050 -8.771639 0.350000
endloop
endfacet
facet normal 0.255916 -0.715239 -0.650339
outer loop
vertex 6.783769 -8.583739 0.000000
vertex 7.148050 -8.771639 0.350000
vertex 6.870854 -8.870821 0.350000
endloop
endfacet
facet normal 0.324789 -0.686711 -0.650339
outer loop
vertex 7.033245 -8.494474 0.000000
vertex 7.272771 -8.381187 0.000000
vertex 7.414190 -8.645763 0.350000
endloop
endfacet
facet normal 0.324791 -0.686709 -0.65034
outer loop
vertex 7.033245 -8.494474 0.000000
vertex 7.414190 -8.645763 0.350000
vertex 7.148050 -8.771639 0.350000
endloop
endfacet
facet normal 0.390535 -0.651569 -0.650339
outer loop
vertex 7.272771 -8.381187 0.000000
vertex 7.500040 -8.244968 0.000000
vertex 7.666711 -8.494409 0.350000
endloop
endfacet
facet normal 0.390535 -0.651569 -0.650339
outer loop
vertex 7.272771 -8.381187 0.000000
vertex 7.666711 -8.494409 0.350000
vertex 7.414190 -8.645763 0.350000
endloop
endfacet
facet normal 0.452519 -0.610152 -0.650339
outer loop
vertex 7.500040 -8.244968 0.000000
vertex 7.712862 -8.087129 0.000000
vertex 7.903180 -8.319032 0.350000
endloop
endfacet
facet normal 0.452519 -0.610153 -0.650339
outer loop
vertex 7.500040 -8.244968 0.000000
vertex 7.903180 -8.319032 0.350000
vertex 7.666711 -8.494409 0.350000
endloop
endfacet
facet normal 0.510146 -0.562858 -0.65034
outer loop
vertex 7.712862 -8.087129 0.000000
vertex 7.909188 -7.909188 0.000000
vertex 8.121321 -8.121321 0.350000
endloop
endfacet
facet normal 0.510145 -0.56286 -0.650339
outer loop
vertex 7.712862 -8.087129 0.000000
vertex 8.121321 -8.121321 0.350000
vertex 7.903180 -8.319032 0.350000
endloop
endfacet
facet normal 0.562858 -0.510147 -0.650339
outer loop
vertex 7.909188 -7.909188 0.000000
vertex 8.087129 -7.712862 0.000000
vertex 8.319032 -7.903180 0.350000
endloop
endfacet
facet normal 0.562859 -0.510145 -0.65034
outer loop
vertex 7.909188 -7.909188 0.000000
vertex 8.319032 -7.903180 0.350000
vertex 8.121321 -8.121321 0.350000
endloop
endfacet
facet normal 0.610152 -0.45252 -0.650339
outer loop
vertex 8.087129 -7.712862 0.000000
vertex 8.244968 -7.500040 0.000000
vertex 8.494409 -7.666711 0.350000
endloop
endfacet
facet normal 0.610152 -0.452519 -0.650339
outer loop
vertex 8.087129 -7.712862 0.000000
vertex 8.494409 -7.666711 0.350000
vertex 8.319032 -7.903180 0.350000
endloop
endfacet
facet normal 0.651569 -0.390535 -0.650339
outer loop
vertex 8.244968 -7.500040 0.000000
vertex 8.381187 -7.272771 0.000000
vertex 8.645763 -7.414190 0.350000
endloop
endfacet
facet normal 0.651569 -0.390535 -0.650339
outer loop
vertex 8.244968 -7.500040 0.000000
vertex 8.645763 -7.414190 0.350000
vertex 8.494409 -7.666711 0.350000
endloop
endfacet
facet normal 0.68671 -0.324788 -0.65034
outer loop
vertex 8.381187 -7.272771 0.000000
vertex 8.494474 -7.033245 0.000000
vertex 8.771639 -7.148050 0.350000
endloop
endfacet
facet normal 0.68671 -0.324791 -0.650339
outer loop
vertex 8.381187 -7.272771 0.000000
vertex 8.771639 -7.148050 0.350000
vertex 8.645763 -7.414190 0.350000
endloop
endfacet
facet normal 0.715238 -0.255919 -0.650339
outer loop
vertex 8.494474 -7.033245 0.000000
vertex 8.583739 -6.783769 0.000000
vertex 8.870821 -6.870854 0.350000
endloop
endfacet
facet normal 0.715238 -0.255915 -0.65034
outer loop
vertex 8.494474 -7.033245 0.000000
vertex 8.870821 -6.870854 0.350000
vertex 8.771639 -7.148050 0.350000
endloop
endfacet
facet normal 0.736878 -0.184576 -0.65034
outer loop
vertex 8.583739 -6.783769 0.000000
vertex 8.648120 -6.526744 0.000000
vertex 8.942356 -6.585271 0.350000
endloop
endfacet
facet normal 0.736879 -0.184579 -0.650339
outer loop
vertex 8.583739 -6.783769 0.000000
vertex 8.942356 -6.585271 0.350000
vertex 8.870821 -6.870854 0.350000
endloop
endfacet
facet normal 0.751422 -0.111463 -0.650339
outer loop
vertex 8.648120 -6.526744 0.000000
vertex 8.686998 -6.264646 0.000000
vertex 8.985554 -6.294052 0.350000
endloop
endfacet
facet normal 0.751422 -0.111461 -0.65034
outer loop
vertex 8.648120 -6.526744 0.000000
vertex 8.985554 -6.294052 0.350000
vertex 8.942356 -6.585271 0.350000
endloop
endfacet
facet normal 0.758729 -0.0372746 -0.650339
outer loop
vertex 8.686998 -6.264646 0.000000
vertex 8.700000 -6.000000 0.000000
vertex 9.000000 -6.000000 0.350000
endloop
endfacet
facet normal 0.758729 -0.0372751 -0.650339
outer loop
vertex 8.686998 -6.264646 0.000000
vertex 9.000000 -6.000000 0.350000
vertex 8.985554 -6.294052 0.350000
endloop
endfacet
facet normal 0.759256 0 -0.650792
outer loop
vertex 8.700000 -6.000000 0.000000
vertex 8.700000 6.000000 0.000000
vertex 9.000000 6.000000 0.350000
endloop
endfacet
facet normal 0.759256 0 -0.650792
outer loop
vertex 8.700000 -6.000000 0.000000
vertex 9.000000 6.000000 0.350000
vertex 9.000000 -6.000000 0.350000
endloop
endfacet
facet normal 0.998795 0.0490691 0
outer loop
vertex 9.000000 6.000000 0.350000
vertex 8.985554 6.294052 0.350000
vertex 8.985554 6.294052 5.150000
endloop
endfacet
facet normal 0.998795 0.0490691 -0
outer loop
vertex 9.000000 6.000000 0.350000
vertex 8.985554 6.294052 5.150000
vertex 9.000000 6.000000 5.150000
endloop
endfacet
facet normal 0.989177 0.146728 0
outer loop
vertex 8.985554 6.294052 0.350000
vertex 8.942356 6.585271 0.350000
vertex 8.942356 6.585271 5.150000
endloop
endfacet
facet normal 0.989177 0.146728 -0
outer loop
vertex 8.985554 6.294052 0.350000
vertex 8.942356 6.585271 5.150000
vertex 8.985554 6.294052 5.150000
endloop
endfacet
facet normal 0.970031 0.242981 0
outer loop
vertex 8.942356 6.585271 0.350000
vertex 8.870821 6.870854 0.350000
vertex 8.870821 6.870854 5.150000
endloop
endfacet
facet normal 0.970031 0.242981 -0
outer loop
vertex 8.942356 6.585271 0.350000
vertex 8.870821 6.870854 5.150000
vertex 8.942356 6.585271 5.150000
endloop
endfacet
facet normal 0.941544 0.336889 0
outer loop
vertex 8.870821 6.870854 0.350000
vertex 8.771639 7.148050 0.350000
vertex 8.771639 7.148050 5.150000
endloop
endfacet
facet normal 0.941544 0.336889 -0
outer loop
vertex 8.870821 6.870854 0.350000
vertex 8.771639 7.148050 5.150000
vertex 8.870821 6.870854 5.150000
endloop
endfacet
facet normal 0.903988 0.427557 0
outer loop
vertex 8.771639 7.148050 0.350000
vertex 8.645763 7.414190 0.350000
vertex 8.645763 7.414190 5.150000
endloop
endfacet
facet normal 0.903988 0.427557 -0
outer loop
vertex 8.771639 7.148050 0.350000
vertex 8.645763 7.414190 5.150000
vertex 8.771639 7.148050 5.150000
endloop
endfacet
facet normal 0.857729 0.514102 0
outer loop
vertex 8.645763 7.414190 0.350000
vertex 8.494409 7.666711 0.350000
vertex 8.494409 7.666711 5.150000
endloop
endfacet
facet normal 0.857729 0.514102 -0
outer loop
vertex 8.645763 7.414190 0.350000
vertex 8.494409 7.666711 5.150000
vertex 8.645763 7.414190 5.150000
endloop
endfacet
facet normal 0.803208 0.595699 0
outer loop
vertex 8.494409 7.666711 0.350000
vertex 8.319032 7.903180 0.350000
vertex 8.319032 7.903180 5.150000
endloop
endfacet
facet normal 0.803208 0.595699 -0
outer loop
vertex 8.494409 7.666711 0.350000
vertex 8.319032 7.903180 5.150000
vertex 8.494409 7.666711 5.150000
endloop
endfacet
facet normal 0.740952 0.671558 0
outer loop
vertex 8.319032 7.903180 0.350000
vertex 8.121321 8.121321 0.350000
vertex 8.121321 8.121321 5.150000
endloop
endfacet
facet normal 0.740952 0.671558 -0
outer loop
vertex 8.319032 7.903180 0.350000
vertex 8.121321 8.121321 5.150000
vertex 8.319032 7.903180 5.150000
endloop
endfacet
facet normal 0.671558 0.740952 0
outer loop
vertex 8.121321 8.121321 0.350000
vertex 7.903180 8.319032 0.350000
vertex 7.903180 8.319032 5.150000
endloop
endfacet
facet normal 0.671558 0.740952 -0
outer loop
vertex 8.121321 8.121321 0.350000
vertex 7.903180 8.319032 5.150000
vertex 8.121321 8.121321 5.150000
endloop
endfacet
facet normal 0.595699 0.803208 0
outer loop
vertex 7.903180 8.319032 0.350000
vertex 7.666711 8.494409 0.350000
vertex 7.666711 8.494409 5.150000
endloop
endfacet
facet normal 0.595699 0.803208 -0
outer loop
vertex 7.903180 8.319032 0.350000
vertex 7.666711 8.494409 5.150000
vertex 7.903180 8.319032 5.150000
endloop
endfacet
facet normal 0.514102 0.857729 0
outer loop
vertex 7.666711 8.494409 0.350000
vertex 7.414190 8.645763 0.350000
vertex 7.414190 8.645763 5.150000
endloop
endfacet
facet normal 0.514102 0.857729 -0
outer loop
vertex 7.666711 8.494409 0.350000
vertex 7.414190 8.645763 5.150000
vertex 7.666711 8.494409 5.150000
endloop
endfacet
facet normal 0.427557 0.903988 0
outer loop
vertex 7.414190 8.645763 0.350000
vertex 7.148050 8.771639 0.350000
vertex 7.148050 8.771639 5.150000
endloop
endfacet
facet normal 0.427557 0.903988 -0
outer loop
vertex 7.414190 8.645763 0.350000
vertex 7.148050 8.771639 5.150000
vertex 7.414190 8.645763 5.150000
endloop
endfacet
facet normal 0.336889 0.941544 0
outer loop
vertex 7.148050 8.771639 0.350000
vertex 6.870854 8.870821 0.350000
vertex 6.870854 8.870821 5.150000
endloop
endfacet
facet normal 0.336889 0.941544 -0
outer loop
vertex 7.148050 8.771639 0.350000
vertex 6.870854 8.870821 5.150000
vertex 7.148050 8.771639 5.150000
endloop
endfacet
facet normal 0.242981 0.970031 0
outer loop
vertex 6.870854 8.870821 0.350000
vertex 6.585271 8.942356 0.350000
vertex 6.585271 8.942356 5.150000
endloop
endfacet
facet normal 0.242981 0.970031 -0
outer loop
vertex 6.870854 8.870821 0.350000
vertex 6.585271 8.942356 5.150000
vertex 6.870854 8.870821 5.150000
endloop
endfacet
facet normal 0.146728 0.989177 0
outer loop
vertex 6.585271 8.942356 0.350000
vertex 6.294052 8.985554 0.350000
vertex 6.294052 8.985554 5.150000
endloop
endfacet
facet normal 0.146728 0.989177 -0
outer loop
vertex 6.585271 8.942356 0.350000
vertex 6.294052 8.985554 5.150000
vertex 6.585271 8.942356 5.150000
endloop
endfacet
facet normal 0.0490691 0.998795 0
outer loop
vertex 6.294052 8.985554 0.350000
vertex 6.000000 9.000000 0.350000
vertex 6.000000 9.000000 5.150000
endloop
endfacet
facet normal 0.0490691 0.998795 -0
outer loop
vertex 6.294052 8.985554 0.350000
vertex 6.000000 9.000000 5.150000
vertex 6.294052 8.985554 5.150000
endloop
endfacet
facet normal 0 1 0
outer loop
vertex 6.000000 9.000000 0.350000
vertex -6.000000 9.000000 0.350000
vertex -6.000000 9.000000 5.150000
endloop
endfacet
facet normal 0 1 -0
outer loop
vertex 6.000000 9.000000 0.350000
vertex -6.000000 9.000000 5.150000
vertex 6.000000 9.000000 5.150000
endloop
endfacet
facet normal -0.0490691 0.998795 0
outer loop
vertex -6.000000 9.000000 0.350000
vertex -6.294052 8.985554 0.350000
vertex -6.294052 8.985554 5.150000
endloop
endfacet
facet normal -0.0490691 0.998795 0
outer loop
vertex -6.000000 9.000000 0.350000
vertex -6.294052 8.985554 5.150000
vertex -6.000000 9.000000 5.150000
endloop
endfacet
facet normal -0.146728 0.989177 0
outer loop
vertex -6.294052 8.985554 0.350000
vertex -6.585271 8.942356 0.350000
vertex -6.585271 8.942356 5.150000
endloop
endfacet
facet normal -0.146728 0.989177 0
outer loop
vertex -6.294052 8.985554 0.350000
vertex -6.585271 8.942356 5.150000
vertex -6.294052 8.985554 5.150000
endloop
endfacet
facet normal -0.242981 0.970031 0
outer loop
vertex -6.585271 8.942356 0.350000
vertex -6.870854 8.870821 0.350000
vertex -6.870854 8.870821 5.150000
endloop
endfacet
facet normal -0.242981 0.970031 0
outer loop
vertex -6.585271 8.942356 0.350000
vertex -6.870854 8.870821 5.150000
vertex -6.585271 8.942356 5.150000
endloop
endfacet
facet normal -0.336889 0.941544 0
outer loop
vertex -6.870854 8.870821 0.350000
vertex -7.148050 8.771639 0.350000
vertex -7.148050 8.771639 5.150000
endloop
endfacet
facet normal -0.336889 0.941544 0
outer loop
vertex -6.870854 8.870821 0.350000
vertex -7.148050 8.771639 5.150000
vertex -6.870854 8.870821 5.150000
endloop
endfacet
facet normal -0.427557 0.903988 0
outer loop
vertex -7.148050 8.771639 0.350000
vertex -7.414190 8.645763 0.350000
vertex -7.414190 8.645763 5.150000
endloop
endfacet
facet normal -0.427557 0.903988 0
outer loop
vertex -7.148050 8.771639 0.350000
vertex -7.414190 8.645763 5.150000
vertex -7.148050 8.771639 5.150000
endloop
endfacet
facet normal -0.514102 0.857729 0
outer loop
vertex -7.414190 8.645763 0.350000
vertex -7.666711 8.494409 0.350000
vertex -7.666711 8.494409 5.150000
endloop
endfacet
facet normal -0.514102 0.857729 0
outer loop
vertex -7.414190 8.645763 0.350000
vertex -7.666711 8.494409 5.150000
vertex -7.414190 8.645763 5.150000
endloop
endfacet
facet normal -0.595699 0.803208 0
outer loop
vertex -7.666711 8.494409 0.350000
vertex -7.903180 8.319032 0.350000
vertex -7.903180 8.319032 5.150000
endloop
endfacet
facet normal -0.595699 0.803208 0
outer loop
vertex -7.666711 8.494409 0.350000
vertex -7.903180 8.319032 5.150000
vertex -7.666711 8.494409 5.150000
endloop
endfacet
facet normal -0.671558 0.740952 0
outer loop
vertex -7.903180 8.319032 0.350000
vertex -8.121321 8.121321 0.350000
vertex -8.121321 8.121321 5.150000
endloop
endfacet
facet normal -0.671558 0.740952 0
outer loop
vertex -7.903180 8.319032 0.350000
vertex -8.121321 8.121321 5.150000
vertex -7.903180 8.319032 5.150000
endloop
endfacet
facet normal -0.740952 0.671558 0
outer loop
vertex -8.121321 8.121321 0.350000
vertex -8.319032 7.903180 0.350000
vertex -8.319032 7.903180 5.150000
endloop
endfacet
facet normal -0.740952 0.671558 0
outer loop
vertex -8.121321 8.121321 0.350000
vertex -8.319032 7.903180 5.150000
vertex -8.121321 8.121321 5.150000
endloop
endfacet
facet normal -0.803208 0.595699 0
outer loop
vertex -8.319032 7.903180 0.350000
vertex -8.494409 7.666711 0.350000
vertex -8.494409 7.666711 5.150000
endloop
endfacet
facet normal -0.803208 0.595699 0
outer loop
vertex -8.319032 7.903180 0.350000
vertex -8.494409 7.666711 5.150000
vertex -8.319032 7.903180 5.150000
endloop
endfacet
facet normal -0.857729 0.514102 0
outer loop
vertex -8.494409 7.666711 0.350000
vertex -8.645763 7.414190 0.350000
vertex -8.645763 7.414190 5.150000
endloop
endfacet
facet normal -0.857729 0.514102 0
outer loop
vertex -8.494409 7.666711 0.350000
vertex -8.645763 7.414190 5.150000
vertex -8.494409 7.666711 5.150000
endloop
endfacet
facet normal -0.903988 0.427557 0
outer loop
vertex -8.645763 7.414190 0.350000
vertex -8.771639 7.148050 0.350000
vertex -8.771639 7.148050 5.150000
endloop
endfacet
facet normal -0.903988 0.427557 0
outer loop
vertex -8.645763 7.414190 0.350000
vertex -8.771639 7.148050 5.150000
vertex -8.645763 7.414190 5.150000
endloop
endfacet
facet normal -0.941544 0.336889 0
outer loop
vertex -8.771639 7.148050 0.350000
vertex -8.870821 6.870854 0.350000
vertex -8.870821 6.870854 5.150000
endloop
endfacet
facet normal -0.941544 0.336889 0
outer loop
vertex -8.771639 7.148050 0.350000
vertex -8.870821 6.870854 5.150000
vertex -8.771639 7.148050 5.150000
endloop
endfacet
facet normal -0.970031 0.242981 0
outer loop
vertex -8.870821 6.870854 0.350000
vertex -8.942356 6.585271 0.350000
vertex -8.942356 6.585271 5.150000
endloop
endfacet
facet normal -0.970031 0.242981 0
outer loop
vertex -8.870821 6.870854 0.350000
vertex -8.942356 6.585271 5.150000
vertex -8.870821 6.870854 5.150000
endloop
endfacet
facet normal -0.989177 0.146728 0
outer loop
vertex -8.942356 6.585271 0.350000
vertex -8.985554 6.294052 0.350000
vertex -8.985554 6.294052 5.150000
endloop
endfacet
facet normal -0.989177 0.146728 0
outer loop
vertex -8.942356 6.585271 0.350000
vertex -8.985554 6.294052 5.150000
vertex -8.942356 6.585271 5.150000
endloop
endfacet
facet normal -0.998795 0.0490691 0
outer loop
vertex -8.985554 6.294052 0.350000
vertex -9.000000 6.000000 0.350000
vertex -9.000000 6.000000 5.150000
endloop
endfacet
facet normal -0.998795 0.0490691 0
outer loop
vertex -8.985554 6.294052 0.350000
vertex -9.000000 6.000000 5.150000
vertex -8.985554 6.294052 5.150000
endloop
endfacet
facet normal -1 0 0
outer loop
vertex -9.000000 6.000000 0.350000
vertex -9.000000 -6.000000 0.350000
vertex -9.000000 -6.000000 5.150000
endloop
endfacet
facet normal -1 0 0
outer loop
vertex -9.000000 6.000000 0.350000
vertex -9.000000 -6.000000 5.150000
vertex -9.000000 6.000000 5.150000
endloop
endfacet
facet normal -0.998795 -0.0490691 0
outer loop
vertex -9.000000 -6.000000 0.350000
vertex -8.985554 -6.294052 0.350000
vertex -8.985554 -6.294052 5.150000
endloop
endfacet
facet normal -0.998795 -0.0490691 0
outer loop
vertex -9.000000 -6.000000 0.350000
vertex -8.985554 -6.294052 5.150000
vertex -9.000000 -6.000000 5.150000
endloop
endfacet
facet normal -0.989177 -0.146728 0
outer loop
vertex -8.985554 -6.294052 0.350000
vertex -8.942356 -6.585271 0.350000
vertex -8.942356 -6.585271 5.150000
endloop
endfacet
facet normal -0.989177 -0.146728 0
outer loop
vertex -8.985554 -6.294052 0.350000
vertex -8.942356 -6.585271 5.150000
vertex -8.985554 -6.294052 5.150000
endloop
endfacet
facet normal -0.970031 -0.242981 0
outer loop
vertex -8.942356 -6.585271 0.350000
vertex -8.870821 -6.870854 0.350000
vertex -8.870821 -6.870854 5.150000
endloop
endfacet
facet normal -0.970031 -0.242981 0
outer loop
vertex -8.942356 -6.585271 0.350000
vertex -8.870821 -6.870854 5.150000
vertex -8.942356 -6.585271 5.150000
endloop
endfacet
facet normal -0.941544 -0.336889 0
outer loop
vertex -8.870821 -6.870854 0.350000
vertex -8.771639 -7.148050 0.350000
vertex -8.771639 -7.148050 5.150000
endloop
endfacet
facet normal -0.941544 -0.336889 0
outer loop
vertex -8.870821 -6.870854 0.350000
vertex -8.771639 -7.148050 5.150000
vertex -8.870821 -6.870854 5.150000
endloop
endfacet
facet normal -0.903988 -0.427557 0
outer loop
vertex -8.771639 -7.148050 0.350000
vertex -8.645763 -7.414190 0.350000
vertex -8.645763 -7.414190 5.150000
endloop
endfacet
facet normal -0.903988 -0.427557 0
outer loop
vertex -8.771639 -7.148050 0.350000
vertex -8.645763 -7.414190 5.150000
vertex -8.771639 -7.148050 5.150000
endloop
endfacet
facet normal -0.857729 -0.514102 0
outer loop
vertex -8.645763 -7.414190 0.350000
vertex -8.494409 -7.666711 0.350000
vertex -8.494409 -7.666711 5.150000
endloop
endfacet
facet normal -0.857729 -0.514102 0
outer loop
vertex -8.645763 -7.414190 0.350000
vertex -8.494409 -7.666711 5.150000
vertex -8.645763 -7.414190 5.150000
endloop
endfacet
facet normal -0.803208 -0.595699 0
outer loop
vertex -8.494409 -7.666711 0.350000
vertex -8.319032 -7.903180 0.350000
vertex -8.319032 -7.903180 5.150000
endloop
endfacet
facet normal -0.803208 -0.595699 0
outer loop
vertex -8.494409 -7.666711 0.350000
vertex -8.319032 -7.903180 5.150000
vertex -8.494409 -7.666711 5.150000
endloop
endfacet
facet normal -0.740952 -0.671558 0
outer loop
vertex -8.319032 -7.903180 0.350000
vertex -8.121321 -8.121321 0.350000
vertex -8.121321 -8.121321 5.150000
endloop
endfacet
facet normal -0.740952 -0.671558 0
outer loop
vertex -8.319032 -7.903180 0.350000
vertex -8.121321 -8.121321 5.150000
vertex -8.319032 -7.903180 5.150000
endloop
endfacet
facet normal -0.671558 -0.740952 0
outer loop
vertex -8.121321 -8.121321 0.350000
vertex -7.903180 -8.319032 0.350000
vertex -7.903180 -8.319032 5.150000
endloop
endfacet
facet normal -0.671558 -0.740952 0
outer loop
vertex -8.121321 -8.121321 0.350000
vertex -7.903180 -8.319032 5.150000
vertex -8.121321 -8.121321 5.150000
endloop
endfacet
facet normal -0.595699 -0.803208 0
outer loop
vertex -7.903180 -8.319032 0.350000
vertex -7.666711 -8.494409 0.350000
vertex -7.666711 -8.494409 5.150000
endloop
endfacet
facet normal -0.595699 -0.803208 0
outer loop
vertex -7.903180 -8.319032 0.350000
vertex -7.666711 -8.494409 5.150000
vertex -7.903180 -8.319032 5.150000
endloop
endfacet
facet normal -0.514102 -0.857729 0
outer loop
vertex -7.666711 -8.494409 0.350000
vertex -7.414190 -8.645763 0.350000
vertex -7.414190 -8.645763 5.150000
endloop
endfacet
facet normal -0.514102 -0.857729 0
outer loop
vertex -7.666711 -8.494409 0.350000
vertex -7.414190 -8.645763 5.150000
vertex -7.666711 -8.494409 5.150000
endloop
endfacet
facet normal -0.427557 -0.903988 0
outer loop
vertex -7.414190 -8.645763 0.350000
vertex -7.148050 -8.771639 0.350000
vertex -7.148050 -8.771639 5.150000
endloop
endfacet
facet normal -0.427557 -0.903988 0
outer loop
vertex -7.414190 -8.645763 0.350000
vertex -7.148050 -8.771639 5.150000
vertex -7.414190 -8.645763 5.150000
endloop
endfacet
facet normal -0.336889 -0.941544 0
outer loop
vertex -7.148050 -8.771639 0.350000
vertex -6.870854 -8.870821 0.350000
vertex -6.870854 -8.870821 5.150000
endloop
endfacet
facet normal -0.336889 -0.941544 0
outer loop
vertex -7.148050 -8.771639 0.350000
vertex -6.870854 -8.870821 5.150000
vertex -7.148050 -8.771639 5.150000
endloop
endfacet
facet normal -0.242981 -0.970031 0
outer loop
vertex -6.870854 -8.870821 0.350000
vertex -6.585271 -8.942356 0.350000
vertex -6.585271 -8.942356 5.150000
endloop
endfacet
facet normal -0.242981 -0.970031 0
outer loop
vertex -6.870854 -8.870821 0.350000
vertex -6.585271 -8.942356 5.150000
vertex -6.870854 -8.870821 5.150000
endloop
endfacet
facet normal -0.146728 -0.989177 0
outer loop
vertex -6.585271 -8.942356 0.350000
vertex -6.294052 -8.985554 0.350000
vertex -6.294052 -8.985554 5.150000
endloop
endfacet
facet normal -0.146728 -0.989177 0
outer loop
vertex -6.585271 -8.942356 0.350000
vertex -6.294052 -8.985554 5.150000
vertex -6.585271 -8.942356 5.150000
endloop
endfacet
facet normal -0.0490691 -0.998795 0
outer loop
vertex -6.294052 -8.985554 0.350000
vertex -6.000000 -9.000000 0.350000
vertex -6.000000 -9.000000 5.150000
endloop
endfacet
facet normal -0.0490691 -0.998795 0
outer loop
vertex -6.294052 -8.985554 0.350000
vertex -6.000000 -9.000000 5.150000
vertex -6.294052 -8.985554 5.150000
endloop
endfacet
facet normal 0 -1 0
outer loop
vertex -6.000000 -9.000000 0.350000
vertex 6.000000 -9.000000 0.350000
vertex 6.000000 -9.000000 5.150000
endloop
endfacet
facet normal 0 -1 0
outer loop
vertex -6.000000 -9.000000 0.350000
vertex 6.000000 -9.000000 5.150000
vertex -6.000000 -9.000000 5.150000
endloop
endfacet
facet normal 0.0490691 -0.998795 0
outer loop
vertex 6.000000 -9.000000 0.350000
vertex 6.294052 -8.985554 0.350000
vertex 6.294052 -8.985554 5.150000
endloop
endfacet
facet normal 0.0490691 -0.998795 0
outer loop
vertex 6.000000 -9.000000 0.350000
vertex 6.294052 -8.985554 5.150000
vertex 6.000000 -9.000000 5.150000
endloop
endfacet
facet normal 0.146728 -0.989177 0
outer loop
vertex 6.294052 -8.985554 0.350000
vertex 6.585271 -8.942356 0.350000
vertex 6.585271 -8.942356 5.150000
endloop
endfacet
facet normal 0.146728 -0.989177 0
outer loop
vertex 6.294052 -8.985554 0.350000
vertex 6.585271 -8.942356 5.150000
vertex 6.294052 -8.985554 5.150000
endloop
endfacet
facet normal 0.242981 -0.970031 0
outer loop
vertex 6.585271 -8.942356 0.350000
vertex 6.870854 -8.870821 0.350000
vertex 6.870854 -8.870821 5.150000
endloop
endfacet
facet normal 0.242981 -0.970031 0
outer loop
vertex 6.585271 -8.942356 0.350000
vertex 6.870854 -8.870821 5.150000
vertex 6.585271 -8.942356 5.150000
endloop
endfacet
facet normal 0.336889 -0.941544 0
outer loop
vertex 6.870854 -8.870821 0.350000
vertex 7.148050 -8.771639 0.350000
vertex 7.148050 -8.771639 5.150000
endloop
endfacet
facet normal 0.336889 -0.941544 0
outer loop
vertex 6.870854 -8.870821 0.350000
vertex 7.148050 -8.771639 5.150000
vertex 6.870854 -8.870821 5.150000
endloop
endfacet
facet normal 0.427557 -0.903988 0
outer loop
vertex 7.148050 -8.771639 0.350000
vertex 7.414190 -8.645763 0.350000
vertex 7.414190 -8.645763 5.150000
endloop
endfacet
facet normal 0.427557 -0.903988 0
outer loop
vertex 7.148050 -8.771639 0.350000
vertex 7.414190 -8.645763 5.150000
vertex 7.148050 -8.771639 5.150000
endloop
endfacet
facet normal 0.514102 -0.857729 0
outer loop
vertex 7.414190 -8.645763 0.350000
vertex 7.666711 -8.494409 0.350000
vertex 7.666711 -8.494409 5.150000
endloop
endfacet
facet normal 0.514102 -0.857729 0
outer loop
vertex 7.414190 -8.645763 0.350000
vertex 7.666711 -8.494409 5.150000
vertex 7.414190 -8.645763 5.150000
endloop
endfacet
facet normal 0.595699 -0.803208 0
outer loop
vertex 7.666711 -8.494409 0.350000
vertex 7.903180 -8.319032 0.350000
vertex 7.903180 -8.319032 5.150000
endloop
endfacet
facet normal 0.595699 -0.803208 0
outer loop
vertex 7.666711 -8.494409 0.350000
vertex 7.903180 -8.319032 5.150000
vertex 7.666711 -8.494409 5.150000
endloop
endfacet
facet normal 0.671558 -0.740952 0
outer loop
vertex 7.903180 -8.319032 0.350000
vertex 8.121321 -8.121321 0.350000
vertex 8.121321 -8.121321 5.150000
endloop
endfacet
facet normal 0.671558 -0.740952 0
outer loop
vertex 7.903180 -8.319032 0.350000
vertex 8.121321 -8.121321 5.150000
vertex 7.903180 -8.319032 5.150000
endloop
endfacet
facet normal 0.740952 -0.671558 0
outer loop
vertex 8.121321 -8.121321 0.350000
vertex 8.319032 -7.903180 0.350000
vertex 8.319032 -7.903180 5.150000
endloop
endfacet
facet normal 0.740952 -0.671558 0
outer loop
vertex 8.121321 -8.121321 0.350000
vertex 8.319032 -7.903180 5.150000
vertex 8.121321 -8.121321 5.150000
endloop
endfacet
facet normal 0.803208 -0.595699 0
outer loop
vertex 8.319032 -7.903180 0.350000
vertex 8.494409 -7.666711 0.350000
vertex 8.494409 -7.666711 5.150000
endloop
endfacet
facet normal 0.803208 -0.595699 0
outer loop
vertex 8.319032 -7.903180 0.350000
vertex 8.494409 -7.666711 5.150000
vertex 8.319032 -7.903180 5.150000
endloop
endfacet
facet normal 0.857729 -0.514102 0
outer loop
vertex 8.494409 -7.666711 0.350000
vertex 8.645763 -7.414190 0.350000
vertex 8.645763 -7.414190 5.150000
endloop
endfacet
facet normal 0.857729 -0.514102 0
outer loop
vertex 8.494409 -7.666711 0.350000
vertex 8.645763 -7.414190 5.150000
vertex 8.494409 -7.666711 5.150000
endloop
endfacet
facet normal 0.903988 -0.427557 0
outer loop
vertex 8.645763 -7.414190 0.350000
vertex 8.771639 -7.148050 0.350000
vertex 8.771639 -7.148050 5.150000
endloop
endfacet
facet normal 0.903988 -0.427557 0
outer loop
vertex 8.645763 -7.414190 0.350000
vertex 8.771639 -7.148050 5.150000
vertex 8.645763 -7.414190 5.150000
endloop
endfacet
facet normal 0.941544 -0.336889 0
outer loop
vertex 8.771639 -7.148050 0.350000
vertex 8.870821 -6.870854 0.350000
vertex 8.870821 -6.870854 5.150000
endloop
endfacet
facet normal 0.941544 -0.336889 0
outer loop
vertex 8.771639 -7.148050 0.350000
vertex 8.870821 -6.870854 5.150000
vertex 8.771639 -7.148050 5.150000
endloop
endfacet
facet normal 0.970031 -0.242981 0
outer loop
vertex 8.870821 -6.870854 0.350000
vertex 8.942356 -6.585271 0.350000
vertex 8.942356 -6.585271 5.150000
endloop
endfacet
facet normal 0.970031 -0.242981 0
outer loop
vertex 8.870821 -6.870854 0.350000
vertex 8.942356 -6.585271 5.150000
vertex 8.870821 -6.870854 5.150000
endloop
endfacet
facet normal 0.989177 -0.146728 0
outer loop
vertex 8.942356 -6.585271 0.350000
vertex 8.985554 -6.294052 0.350000
vertex 8.985554 -6.294052 5.150000
endloop
endfacet
facet normal 0.989177 -0.146728 0
outer loop
vertex 8.942356 -6.585271 0.350000
vertex 8.985554 -6.294052 5.150000
vertex 8.942356 -6.585271 5.150000
endloop
endfacet
facet normal 0.998795 -0.0490691 0
outer loop
vertex 8.985554 -6.294052 0.350000
vertex 9.000000 -6.000000 0.350000
vertex 9.000000 -6.000000 5.150000
endloop
endfacet
facet normal 0.998795 -0.0490691 0
outer loop
vertex 8.985554 -6.294052 0.350000
vertex 9.000000 -6.000000 5.150000
vertex 8.985554 -6.294052 5.150000
endloop
endfacet
facet normal 1 0 0
outer loop
vertex 9.000000 -6.000000 0.350000
vertex 9.000000 6.000000 0.350000
vertex 9.000000 6.000000 5.150000
endloop
endfacet
facet normal 1 0 0
outer loop
vertex 9.000000 -6.000000 0.350000
vertex 9.000000 6.000000 5.150000
vertex 9.000000 -6.000000 5.150000
endloop
endfacet
facet normal 0.979445 0.0481185 0.195888
outer loop
vertex 9.000000 6.000000 5.150000
vertex 8.985554 6.294052 5.150000
vertex 8.935795 6.289151 5.400000
endloop
endfacet
facet normal 0.979445 0.0481167 0.19589
outer loop
vertex 9.000000 6.000000 5.150000
vertex 8.935795 6.289151 5.400000
vertex 8.950000 6.000000 5.400000
endloop
endfacet
facet normal 0.970012 0.143886 0.195891
outer loop
vertex 8.985554 6.294052 5.150000
vertex 8.942356 6.585271 5.150000
vertex 8.893316 6.575516 5.400000
endloop
endfacet
facet normal 0.970012 0.143889 0.195888
outer loop
vertex 8.985554 6.294052 5.150000
vertex 8.893316 6.575516 5.400000
vertex 8.935795 6.289151 5.400000
endloop
endfacet
facet normal 0.951238 0.238274 0.195888
outer loop
vertex 8.942356 6.585271 5.150000
vertex 8.870821 6.870854 5.150000
vertex 8.822974 6.856340 5.400000
endloop
endfacet
facet normal 0.951238 0.238271 0.195891
outer loop
vertex 8.942356 6.585271 5.150000
vertex 8.822974 6.856340 5.400000
vertex 8.893316 6.575516 5.400000
endloop
endfacet
facet normal 0.923303 0.330362 0.195889
outer loop
vertex 8.870821 6.870854 5.150000
vertex 8.771639 7.148050 5.150000
vertex 8.725445 7.128916 5.400000
endloop
endfacet
facet normal 0.923303 0.330363 0.195888
outer loop
vertex 8.870821 6.870854 5.150000
vertex 8.725445 7.128916 5.400000
vertex 8.822974 6.856340 5.400000
endloop
endfacet
facet normal 0.886475 0.419273 0.195889
outer loop
vertex 8.771639 7.148050 5.150000
vertex 8.645763 7.414190 5.150000
vertex 8.601667 7.390620 5.400000
endloop
endfacet
facet normal 0.886475 0.419273 0.195889
outer loop
vertex 8.771639 7.148050 5.150000
vertex 8.601667 7.390620 5.400000
vertex 8.725445 7.128916 5.400000
endloop
endfacet
facet normal 0.841111 0.504142 0.195889
outer loop
vertex 8.645763 7.414190 5.150000
vertex 8.494409 7.666711 5.150000
vertex 8.452835 7.638932 5.400000
endloop
endfacet
facet normal 0.841111 0.504142 0.195889
outer loop
vertex 8.645763 7.414190 5.150000
vertex 8.452835 7.638932 5.400000
vertex 8.601667 7.390620 5.400000
endloop
endfacet
facet normal 0.787647 0.584158 0.195889
outer loop
vertex 8.494409 7.666711 5.150000
vertex 8.319032 7.903180 5.150000
vertex 8.280381 7.871460 5.400000
endloop
endfacet
facet normal 0.787647 0.584157 0.195889
outer loop
vertex 8.494409 7.666711 5.150000
vertex 8.280381 7.871460 5.400000
vertex 8.452835 7.638932 5.400000
endloop
endfacet
facet normal 0.726597 0.658547 0.19589
outer loop
vertex 8.319032 7.903180 5.150000
vertex 8.121321 8.121321 5.150000
vertex 8.085965 8.085965 5.400000
endloop
endfacet
facet normal 0.726596 0.658548 0.195889
outer loop
vertex 8.319032 7.903180 5.150000
vertex 8.085965 8.085965 5.400000
vertex 8.280381 7.871460 5.400000
endloop
endfacet
facet normal 0.658547 0.726597 0.195889
outer loop
vertex 8.121321 8.121321 5.150000
vertex 7.903180 8.319032 5.150000
vertex 7.871460 8.280381 5.400000
endloop
endfacet
facet normal 0.658548 0.726596 0.19589
outer loop
vertex 8.121321 8.121321 5.150000
vertex 7.871460 8.280381 5.400000
vertex 8.085965 8.085965 5.400000
endloop
endfacet
facet normal 0.584158 0.787647 0.195889
outer loop
vertex 7.903180 8.319032 5.150000
vertex 7.666711 8.494409 5.150000
vertex 7.638932 8.452835 5.400000
endloop
endfacet
facet normal 0.584157 0.787647 0.195889
outer loop
vertex 7.903180 8.319032 5.150000
vertex 7.638932 8.452835 5.400000
vertex 7.871460 8.280381 5.400000
endloop
endfacet
facet normal 0.504142 0.841111 0.195889
outer loop
vertex 7.666711 8.494409 5.150000
vertex 7.414190 8.645763 5.150000
vertex 7.390620 8.601667 5.400000
endloop
endfacet
facet normal 0.504142 0.841111 0.195889
outer loop
vertex 7.666711 8.494409 5.150000
vertex 7.390620 8.601667 5.400000
vertex 7.638932 8.452835 5.400000
endloop
endfacet
facet normal 0.419273 0.886475 0.195889
outer loop
vertex 7.414190 8.645763 5.150000
vertex 7.148050 8.771639 5.150000
vertex 7.128916 8.725445 5.400000
endloop
endfacet
facet normal 0.419273 0.886475 0.195889
outer loop
vertex 7.414190 8.645763 5.150000
vertex 7.128916 8.725445 5.400000
vertex 7.390620 8.601667 5.400000
endloop
endfacet
facet normal 0.330362 0.923303 0.195888
outer loop
vertex 7.148050 8.771639 5.150000
vertex 6.870854 8.870821 5.150000
vertex 6.856340 8.822974 5.400000
endloop
endfacet
facet normal 0.330363 0.923303 0.195889
outer loop
vertex 7.148050 8.771639 5.150000
vertex 6.856340 8.822974 5.400000
vertex 7.128916 8.725445 5.400000
endloop
endfacet
facet normal 0.238274 0.951237 0.195891
outer loop
vertex 6.870854 8.870821 5.150000
vertex 6.585271 8.942356 5.150000
vertex 6.575516 8.893316 5.400000
endloop
endfacet
facet normal 0.238271 0.951239 0.195888
outer loop
vertex 6.870854 8.870821 5.150000
vertex 6.575516 8.893316 5.400000
vertex 6.856340 8.822974 5.400000
endloop
endfacet
facet normal 0.143886 0.970013 0.195888
outer loop
vertex 6.585271 8.942356 5.150000
vertex 6.294052 8.985554 5.150000
vertex 6.289151 8.935795 5.400000
endloop
endfacet
facet normal 0.143888 0.970012 0.195891
outer loop
vertex 6.585271 8.942356 5.150000
vertex 6.289151 8.935795 5.400000
vertex 6.575516 8.893316 5.400000
endloop
endfacet
facet normal 0.0481185 0.979445 0.19589
outer loop
vertex 6.294052 8.985554 5.150000
vertex 6.000000 9.000000 5.150000
vertex 6.000000 8.950000 5.400000
endloop
endfacet
facet normal 0.0481168 0.979445 0.195888
outer loop
vertex 6.294052 8.985554 5.150000
vertex 6.000000 8.950000 5.400000
vertex 6.289151 8.935795 5.400000
endloop
endfacet
facet normal 0 0.98058 0.196117
outer loop
vertex 6.000000 9.000000 5.150000
vertex -6.000000 9.000000 5.150000
vertex -6.000000 8.950000 5.400000
endloop
endfacet
facet normal 0 0.98058 0.196117
outer loop
vertex 6.000000 9.000000 5.150000
vertex -6.000000 8.950000 5.400000
vertex 6.000000 8.950000 5.400000
endloop
endfacet
facet normal -0.0481185 0.979445 0.195888
outer loop
vertex -6.000000 9.000000 5.150000
vertex -6.294052 8.985554 5.150000
vertex -6.289151 8.935795 5.400000
endloop
endfacet
facet normal -0.0481167 0.979445 0.19589
outer loop
vertex -6.000000 9.000000 5.150000
vertex -6.289151 8.935795 5.400000
vertex -6.000000 8.950000 5.400000
endloop
endfacet
facet normal -0.143886 0.970012 0.195891
outer loop
vertex -6.294052 8.985554 5.150000
vertex -6.585271 8.942356 5.150000
vertex -6.575516 8.893316 5.400000
endloop
endfacet
facet normal -0.143889 0.970012 0.195888
outer loop
vertex -6.294052 8.985554 5.150000
vertex -6.575516 8.893316 5.400000
vertex -6.289151 8.935795 5.400000
endloop
endfacet
facet normal -0.238274 0.951238 0.195888
outer loop
vertex -6.585271 8.942356 5.150000
vertex -6.870854 8.870821 5.150000
vertex -6.856340 8.822974 5.400000
endloop
endfacet
facet normal -0.238271 0.951238 0.195891
outer loop
vertex -6.585271 8.942356 5.150000
vertex -6.856340 8.822974 5.400000
vertex -6.575516 8.893316 5.400000
endloop
endfacet
facet normal -0.330362 0.923303 0.195889
outer loop
vertex -6.870854 8.870821 5.150000
vertex -7.148050 8.771639 5.150000
vertex -7.128916 8.725445 5.400000
endloop
endfacet
facet normal -0.330363 0.923303 0.195888
outer loop
vertex -6.870854 8.870821 5.150000
vertex -7.128916 8.725445 5.400000
vertex -6.856340 8.822974 5.400000
endloop
endfacet
facet normal -0.419273 0.886475 0.195889
outer loop
vertex -7.148050 8.771639 5.150000
vertex -7.414190 8.645763 5.150000
vertex -7.390620 8.601667 5.400000
endloop
endfacet
facet normal -0.419273 0.886475 0.195889
outer loop
vertex -7.148050 8.771639 5.150000
vertex -7.390620 8.601667 5.400000
vertex -7.128916 8.725445 5.400000
endloop
endfacet
facet normal -0.504142 0.841111 0.195889
outer loop
vertex -7.414190 8.645763 5.150000
vertex -7.666711 8.494409 5.150000
vertex -7.638932 8.452835 5.400000
endloop
endfacet
facet normal -0.504142 0.841111 0.195889
outer loop
vertex -7.414190 8.645763 5.150000
vertex -7.638932 8.452835 5.400000
vertex -7.390620 8.601667 5.400000
endloop
endfacet
facet normal -0.584158 0.787647 0.195889
outer loop
vertex -7.666711 8.494409 5.150000
vertex -7.903180 8.319032 5.150000
vertex -7.871460 8.280381 5.400000
endloop
endfacet
facet normal -0.584157 0.787647 0.195889
outer loop
vertex -7.666711 8.494409 5.150000
vertex -7.871460 8.280381 5.400000
vertex -7.638932 8.452835 5.400000
endloop
endfacet
facet normal -0.658547 0.726597 0.19589
outer loop
vertex -7.903180 8.319032 5.150000
vertex -8.121321 8.121321 5.150000
vertex -8.085965 8.085965 5.400000
endloop
endfacet
facet normal -0.658548 0.726596 0.195889
outer loop
vertex -7.903180 8.319032 5.150000
vertex -8.085965 8.085965 5.400000
vertex -7.871460 8.280381 5.400000
endloop
endfacet
facet normal -0.726597 0.658547 0.195889
outer loop
vertex -8.121321 8.121321 5.150000
vertex -8.319032 7.903180 5.150000
vertex -8.280381 7.871460 5.400000
endloop
endfacet
facet normal -0.726596 0.658548 0.19589
outer loop
vertex -8.121321 8.121321 5.150000
vertex -8.280381 7.871460 5.400000
vertex -8.085965 8.085965 5.400000
endloop
endfacet
facet normal -0.787647 0.584158 0.195889
outer loop
vertex -8.319032 7.903180 5.150000
vertex -8.494409 7.666711 5.150000
vertex -8.452835 7.638932 5.400000
endloop
endfacet
facet normal -0.787647 0.584157 0.195889
outer loop
vertex -8.319032 7.903180 5.150000
vertex -8.452835 7.638932 5.400000
vertex -8.280381 7.871460 5.400000
endloop
endfacet
facet normal -0.841111 0.504142 0.195889
outer loop
vertex -8.494409 7.666711 5.150000
vertex -8.645763 7.414190 5.150000
vertex -8.601667 7.390620 5.400000
endloop
endfacet
facet normal -0.841111 0.504142 0.195889
outer loop
vertex -8.494409 7.666711 5.150000
vertex -8.601667 7.390620 5.400000
vertex -8.452835 7.638932 5.400000
endloop
endfacet
facet normal -0.886475 0.419273 0.195889
outer loop
vertex -8.645763 7.414190 5.150000
vertex -8.771639 7.148050 5.150000
vertex -8.725445 7.128916 5.400000
endloop
endfacet
facet normal -0.886475 0.419273 0.195889
outer loop
vertex -8.645763 7.414190 5.150000
vertex -8.725445 7.128916 5.400000
vertex -8.601667 7.390620 5.400000
endloop
endfacet
facet normal -0.923303 0.330362 0.195888
outer loop
vertex -8.771639 7.148050 5.150000
vertex -8.870821 6.870854 5.150000
vertex -8.822974 6.856340 5.400000
endloop
endfacet
facet normal -0.923303 0.330363 0.195889
outer loop
vertex -8.771639 7.148050 5.150000
vertex -8.822974 6.856340 5.400000
vertex -8.725445 7.128916 5.400000
endloop
endfacet
facet normal -0.951237 0.238274 0.195891
outer loop
vertex -8.870821 6.870854 5.150000
vertex -8.942356 6.585271 5.150000
vertex -8.893316 6.575516 5.400000
endloop
endfacet
facet normal -0.951239 0.238271 0.195888
outer loop
vertex -8.870821 6.870854 5.150000
vertex -8.893316 6.575516 5.400000
vertex -8.822974 6.856340 5.400000
endloop
endfacet
facet normal -0.970013 0.143886 0.195888
outer loop
vertex -8.942356 6.585271 5.150000
vertex -8.985554 6.294052 5.150000
vertex -8.935795 6.289151 5.400000
endloop
endfacet
facet normal -0.970012 0.143888 0.195891
outer loop
vertex -8.942356 6.585271 5.150000
vertex -8.935795 6.289151 5.400000
vertex -8.893316 6.575516 5.400000
endloop
endfacet
facet normal -0.979445 0.0481185 0.19589
outer loop
vertex -8.985554 6.294052 5.150000
vertex -9.000000 6.000000 5.150000
vertex -8.950000 6.000000 5.400000
endloop
endfacet
facet normal -0.979445 0.0481168 0.195888
outer loop
vertex -8.985554 6.294052 5.150000
vertex -8.950000 6.000000 5.400000
vertex -8.935795 6.289151 5.400000
endloop
endfacet
facet normal -0.98058 0 0.196117
outer loop
vertex -9.000000 6.000000 5.150000
vertex -9.000000 -6.000000 5.150000
vertex -8.950000 -6.000000 5.400000
endloop
endfacet
facet normal -0.98058 0 0.196117
outer loop
vertex -9.000000 6.000000 5.150000
vertex -8.950000 -6.000000 5.400000
vertex -8.950000 6.000000 5.400000
endloop
endfacet
facet normal -0.979445 -0.0481185 0.195888
outer loop
vertex -9.000000 -6.000000 5.150000
vertex -8.985554 -6.294052 5.150000
vertex -8.935795 -6.289151 5.400000
endloop
endfacet
facet normal -0.979445 -0.0481167 0.19589
outer loop
vertex -9.000000 -6.000000 5.150000
vertex -8.935795 -6.289151 5.400000
vertex -8.950000 -6.000000 5.400000
endloop
endfacet
facet normal -0.970012 -0.143886 0.195891
outer loop
vertex -8.985554 -6.294052 5.150000
vertex -8.942356 -6.585271 5.150000
vertex -8.893316 -6.575516 5.400000
endloop
endfacet
facet normal -0.970012 -0.143889 0.195888
outer loop
vertex -8.985554 -6.294052 5.150000
vertex -8.893316 -6.575516 5.400000
vertex -8.935795 -6.289151 5.400000
endloop
endfacet
facet normal -0.951238 -0.238274 0.195888
outer loop
vertex -8.942356 -6.585271 5.150000
vertex -8.870821 -6.870854 5.150000
vertex -8.822974 -6.856340 5.400000
endloop
endfacet
facet normal -0.951238 -0.238271 0.195891
outer loop
vertex -8.942356 -6.585271 5.150000
vertex -8.822974 -6.856340 5.400000
vertex -8.893316 -6.575516 5.400000
endloop
endfacet
facet normal -0.923303 -0.330362 0.195889
outer loop
vertex -8.870821 -6.870854 5.150000
vertex -8.771639 -7.148050 5.150000
vertex -8.725445 -7.128916 5.400000
endloop
endfacet
facet normal -0.923303 -0.330363 0.195888
outer loop
vertex -8.870821 -6.870854 5.150000
vertex -8.725445 -7.128916 5.400000
vertex -8.822974 -6.856340 5.400000
endloop
endfacet
facet normal -0.886475 -0.419273 0.195889
outer loop
vertex -8.771639 -7.148050 5.150000
vertex -8.645763 -7.414190 5.150000
vertex -8.601667 -7.390620 5.400000
endloop
endfacet
facet normal -0.886475 -0.419273 0.195889
outer loop
vertex -8.771639 -7.148050 5.150000
vertex -8.601667 -7.390620 5.400000
vertex -8.725445 -7.128916 5.400000
endloop
endfacet
facet normal -0.841111 -0.504142 0.195889
outer loop
vertex -8.645763 -7.414190 5.150000
vertex -8.494409 -7.666711 5.150000
vertex -8.452835 -7.638932 5.400000
endloop
endfacet
facet normal -0.841111 -0.504142 0.195889
outer loop
vertex -8.645763 -7.414190 5.150000
vertex -8.452835 -7.638932 5.400000
vertex -8.601667 -7.390620 5.400000
endloop
endfacet
facet normal -0.787647 -0.584158 0.195889
outer loop
vertex -8.494409 -7.666711 5.150000
vertex -8.319032 -7.903180 5.150000
vertex -8.280381 -7.871460 5.400000
endloop
endfacet
facet normal -0.787647 -0.584157 0.195889
outer loop
vertex -8.494409 -7.666711 5.150000
vertex -8.280381 -7.871460 5.400000
vertex -8.452835 -7.638932 5.400000
endloop
endfacet
facet normal -0.726597 -0.658547 0.19589
outer loop
vertex -8.319032 -7.903180 5.150000
vertex -8.121321 -8.121321 5.150000
vertex -8.085965 -8.085965 5.400000
endloop
endfacet
facet normal -0.726596 -0.658548 0.195889
outer loop
vertex -8.319032 -7.903180 5.150000
vertex -8.085965 -8.085965 5.400000
vertex -8.280381 -7.871460 5.400000
endloop
endfacet
facet normal -0.658547 -0.726597 0.195889
outer loop
vertex -8.121321 -8.121321 5.150000
vertex -7.903180 -8.319032 5.150000
vertex -7.871460 -8.280381 5.400000
endloop
endfacet
facet normal -0.658548 -0.726596 0.19589
outer loop
vertex -8.121321 -8.121321 5.150000
vertex -7.871460 -8.280381 5.400000
vertex -8.085965 -8.085965 5.400000
endloop
endfacet
facet normal -0.584158 -0.787647 0.195889
outer loop
vertex -7.903180 -8.319032 5.150000
vertex -7.666711 -8.494409 5.150000
vertex -7.638932 -8.452835 5.400000
endloop
endfacet
facet normal -0.584157 -0.787647 0.195889
outer loop
vertex -7.903180 -8.319032 5.150000
vertex -7.638932 -8.452835 5.400000
vertex -7.871460 -8.280381 5.400000
endloop
endfacet
facet normal -0.504142 -0.841111 0.195889
outer loop
vertex -7.666711 -8.494409 5.150000
vertex -7.414190 -8.645763 5.150000
vertex -7.390620 -8.601667 5.400000
endloop
endfacet
facet normal -0.504142 -0.841111 0.195889
outer loop
vertex -7.666711 -8.494409 5.150000
vertex -7.390620 -8.601667 5.400000
vertex -7.638932 -8.452835 5.400000
endloop
endfacet
facet normal -0.419273 -0.886475 0.195889
outer loop
vertex -7.414190 -8.645763 5.150000
vertex -7.148050 -8.771639 5.150000
vertex -7.128916 -8.725445 5.400000
endloop
endfacet
facet normal -0.419273 -0.886475 0.195889
outer loop
vertex -7.414190 -8.645763 5.150000
vertex -7.128916 -8.725445 5.400000
vertex -7.390620 -8.601667 5.400000
endloop
endfacet
facet normal -0.330362 -0.923303 0.195888
outer loop
vertex -7.148050 -8.771639 5.150000
vertex -6.870854 -8.870821 5.150000
vertex -6.856340 -8.822974 5.400000
endloop
endfacet
facet normal -0.330363 -0.923303 0.195889
outer loop
vertex -7.148050 -8.771639 5.150000
vertex -6.856340 -8.822974 5.400000
vertex -7.128916 -8.725445 5.400000
endloop
endfacet
facet normal -0.238274 -0.951237 0.195891
outer loop
vertex -6.870854 -8.870821 5.150000
vertex -6.585271 -8.942356 5.150000
vertex -6.575516 -8.893316 5.400000
endloop
endfacet
facet normal -0.238271 -0.951239 0.195888
outer loop
vertex -6.870854 -8.870821 5.150000
vertex -6.575516 -8.893316 5.400000
vertex -6.856340 -8.822974 5.400000
endloop
endfacet
facet normal -0.143886 -0.970013 0.195888
outer loop
vertex -6.585271 -8.942356 5.150000
vertex -6.294052 -8.985554 5.150000
vertex -6.289151 -8.935795 5.400000
endloop
endfacet
facet normal -0.143888 -0.970012 0.195891
outer loop
vertex -6.585271 -8.942356 5.150000
vertex -6.289151 -8.935795 5.400000
vertex -6.575516 -8.893316 5.400000
endloop
endfacet
facet normal -0.0481185 -0.979445 0.19589
outer loop
vertex -6.294052 -8.985554 5.150000
vertex -6.000000 -9.000000 5.150000
vertex -6.000000 -8.950000 5.400000
endloop
endfacet
facet normal -0.0481168 -0.979445 0.195888
outer loop
vertex -6.294052 -8.985554 5.150000
vertex -6.000000 -8.950000 5.400000
vertex -6.289151 -8.935795 5.400000
endloop
endfacet
facet normal 0 -0.98058 0.196117
outer loop
vertex -6.000000 -9.000000 5.150000
vertex 6.000000 -9.000000 5.150000
vertex 6.000000 -8.950000 5.400000
endloop
endfacet
facet normal 0 -0.98058 0.196117
outer loop
vertex -6.000000 -9.000000 5.150000
vertex 6.000000 -8.950000 5.400000
vertex -6.000000 -8.950000 5.400000
endloop
endfacet
facet normal 0.0481185 -0.979445 0.195888
outer loop
vertex 6.000000 -9.000000 5.150000
vertex 6.294052 -8.985554 5.150000
vertex 6.289151 -8.935795 5.400000
endloop
endfacet
facet normal 0.0481167 -0.979445 0.19589
outer loop
vertex 6.000000 -9.000000 5.150000
vertex 6.289151 -8.935795 5.400000
vertex 6.000000 -8.950000 5.400000
endloop
endfacet
facet normal 0.143886 -0.970012 0.195891
outer loop
vertex 6.294052 -8.985554 5.150000
vertex 6.585271 -8.942356 5.150000
vertex 6.575516 -8.893316 5.400000
endloop
endfacet
facet normal 0.143889 -0.970012 0.195888
outer loop
vertex 6.294052 -8.985554 5.150000
vertex 6.575516 -8.893316 5.400000
vertex 6.289151 -8.935795 5.400000
endloop
endfacet
facet normal 0.238274 -0.951238 0.195888
outer loop
vertex 6.585271 -8.942356 5.150000
vertex 6.870854 -8.870821 5.150000
vertex 6.856340 -8.822974 5.400000
endloop
endfacet
facet normal 0.238271 -0.951238 0.195891
outer loop
vertex 6.585271 -8.942356 5.150000
vertex 6.856340 -8.822974 5.400000
vertex 6.575516 -8.893316 5.400000
endloop
endfacet
facet normal 0.330362 -0.923303 0.195889
outer loop
vertex 6.870854 -8.870821 5.150000
vertex 7.148050 -8.771639 5.150000
vertex 7.128916 -8.725445 5.400000
endloop
endfacet
facet normal 0.330363 -0.923303 0.195888
outer loop
vertex 6.870854 -8.870821 5.150000
vertex 7.128916 -8.725445 5.400000
vertex 6.856340 -8.822974 5.400000
endloop
endfacet
facet normal 0.419273 -0.886475 0.195889
outer loop
vertex 7.148050 -8.771639 5.150000
vertex 7.414190 -8.645763 5.150000
vertex 7.390620 -8.601667 5.400000
endloop
endfacet
facet normal 0.419273 -0.886475 0.195889
outer loop
vertex 7.148050 -8.771639 5.150000
vertex 7.390620 -8.601667 5.400000
vertex 7.128916 -8.725445 5.400000
endloop
endfacet
facet normal 0.504142 -0.841111 0.195889
outer loop
vertex 7.414190 -8.645763 5.150000
vertex 7.666711 -8.494409 5.150000
vertex 7.638932 -8.452835 5.400000
endloop
endfacet
facet normal 0.504142 -0.841111 0.195889
outer loop
vertex 7.414190 -8.645763 5.150000
vertex 7.638932 -8.452835 5.400000
vertex 7.390620 -8.601667 5.400000
endloop
endfacet
facet normal 0.584158 -0.787647 0.195889
outer loop
vertex 7.666711 -8.494409 5.150000
vertex 7.903180 -8.319032 5.150000
vertex 7.871460 -8.280381 5.400000
endloop
endfacet
facet normal 0.584157 -0.787647 0.195889
outer loop
vertex 7.666711 -8.494409 5.150000
vertex 7.871460 -8.280381 5.400000
vertex 7.638932 -8.452835 5.400000
endloop
endfacet
facet normal 0.658547 -0.726597 0.19589
outer loop
vertex 7.903180 -8.319032 5.150000
vertex 8.121321 -8.121321 5.150000
vertex 8.085965 -8.085965 5.400000
endloop
endfacet
facet normal 0.658548 -0.726596 0.195889
outer loop
vertex 7.903180 -8.319032 5.150000
vertex 8.085965 -8.085965 5.400000
vertex 7.871460 -8.280381 5.400000
endloop
endfacet
facet normal 0.726597 -0.658547 0.195889
outer loop
vertex 8.121321 -8.121321 5.150000
vertex 8.319032 -7.903180 5.150000
vertex 8.280381 -7.871460 5.400000
endloop
endfacet
facet normal 0.726596 -0.658548 0.19589
outer loop
vertex 8.121321 -8.121321 5.150000
vertex 8.280381 -7.871460 5.400000
vertex 8.085965 -8.085965 5.400000
endloop
endfacet
facet normal 0.787647 -0.584158 0.195889
outer loop
vertex 8.319032 -7.903180 5.150000
vertex 8.494409 -7.666711 5.150000
vertex 8.452835 -7.638932 5.400000
endloop
endfacet
facet normal 0.787647 -0.584157 0.195889
outer loop
vertex 8.319032 -7.903180 5.150000
vertex 8.452835 -7.638932 5.400000
vertex 8.280381 -7.871460 5.400000
endloop
endfacet
facet normal 0.841111 -0.504142 0.195889
outer loop
vertex 8.494409 -7.666711 5.150000
vertex 8.645763 -7.414190 5.150000
vertex 8.601667 -7.390620 5.400000
endloop
endfacet
facet normal 0.841111 -0.504142 0.195889
outer loop
vertex 8.494409 -7.666711 5.150000
vertex 8.601667 -7.390620 5.400000
vertex 8.452835 -7.638932 5.400000
endloop
endfacet
facet normal 0.886475 -0.419273 0.195889
outer loop
vertex 8.645763 -7.414190 5.150000
vertex 8.771639 -7.148050 5.150000
vertex 8.725445 -7.128916 5.400000
endloop
endfacet
facet normal 0.886475 -0.419273 0.195889
outer loop
vertex 8.645763 -7.414190 5.150000
vertex 8.725445 -7.128916 5.400000
vertex 8.601667 -7.390620 5.400000
endloop
endfacet
facet normal 0.923303 -0.330362 0.195888
outer loop
vertex 8.771639 -7.148050 5.150000
vertex 8.870821 -6.870854 5.150000
vertex 8.822974 -6.856340 5.400000
endloop
endfacet
facet normal 0.923303 -0.330363 0.195889
outer loop
vertex 8.771639 -7.148050 5.150000
vertex 8.822974 -6.856340 5.400000
vertex 8.725445 -7.128916 5.400000
endloop
endfacet
facet normal 0.951237 -0.238274 0.195891
outer loop
vertex 8.870821 -6.870854 5.150000
vertex 8.942356 -6.585271 5.150000
vertex 8.893316 -6.575516 5.400000
endloop
endfacet
facet normal 0.951239 -0.238271 0.195888
outer loop
vertex 8.870821 -6.870854 5.150000
vertex 8.893316 -6.575516 5.400000
vertex 8.822974 -6.856340 5.400000
endloop
endfacet
facet normal 0.970013 -0.143886 0.195888
outer loop
vertex 8.942356 -6.585271 5.150000
vertex 8.985554 -6.294052 5.150000
vertex 8.935795 -6.289151 5.400000
endloop
endfacet
facet normal 0.970012 -0.143888 0.195891
outer loop
vertex 8.942356 -6.585271 5.150000
vertex 8.935795 -6.289151 5.400000
vertex 8.893316 -6.575516 5.400000
endloop
endfacet
facet normal 0.979445 -0.0481185 0.19589
outer loop
vertex 8.985554 -6.294052 5.150000
vertex 9.000000 -6.000000 5.150000
vertex 8.950000 -6.000000 5.400000
endloop
endfacet
facet normal 0.979445 -0.0481168 0.195888
outer loop
vertex 8.985554 -6.294052 5.150000
vertex 8.950000 -6.000000 5.400000
vertex 8.935795 -6.289151 5.400000
endloop
endfacet
facet normal 0.98058 -0 0.196117
outer loop
vertex 9.000000 -6.000000 5.150000
vertex 9.000000 6.000000 5.150000
vertex 8.950000 6.000000 5.400000
endloop
endfacet
facet normal 0.98058 0 0.196117
outer loop
vertex 9.000000 -6.000000 5.150000
vertex 8.950000 6.000000 5.400000
vertex 8.950000 -6.000000 5.400000
endloop
endfacet
facet normal 0.758448 0.03726 0.650667
outer loop
vertex 8.950000 6.000000 5.400000
vertex 8.935795 6.289151 5.400000
vertex 8.811036 6.209249 5.550000
endloop
endfacet
facet normal 0.758447 0.0372586 0.650668
outer loop
vertex 8.950000 6.000000 5.400000
vertex 8.811036 6.209249 5.550000
vertex 8.825000 5.925000 5.550000
endloop
endfacet
facet normal 0.734927 0.109017 0.669326
outer loop
vertex 8.935795 6.289151 5.400000
vertex 8.893316 6.575516 5.400000
vertex 8.769278 6.490762 5.550000
endloop
endfacet
facet normal 0.734927 0.109016 0.669327
outer loop
vertex 8.935795 6.289151 5.400000
vertex 8.769278 6.490762 5.550000
vertex 8.811036 6.209249 5.550000
endloop
endfacet
facet normal 0.70699 0.17709 0.684693
outer loop
vertex 8.893316 6.575516 5.400000
vertex 8.822974 6.856340 5.400000
vertex 8.700127 6.766826 5.550000
endloop
endfacet
facet normal 0.706991 0.177093 0.684691
outer loop
vertex 8.893316 6.575516 5.400000
vertex 8.700127 6.766826 5.550000
vertex 8.769278 6.490762 5.550000
endloop
endfacet
facet normal 0.675107 0.241557 0.697051
outer loop
vertex 8.822974 6.856340 5.400000
vertex 8.725445 7.128916 5.400000
vertex 8.604251 7.034782 5.550000
endloop
endfacet
facet normal 0.675107 0.241556 0.697052
outer loop
vertex 8.822974 6.856340 5.400000
vertex 8.604251 7.034782 5.550000
vertex 8.700127 6.766826 5.550000
endloop
endfacet
facet normal 0.639631 0.302525 0.706648
outer loop
vertex 8.725445 7.128916 5.400000
vertex 8.601667 7.390620 5.400000
vertex 8.482572 7.292050 5.550000
endloop
endfacet
facet normal 0.639631 0.302524 0.706648
outer loop
vertex 8.725445 7.128916 5.400000
vertex 8.482572 7.292050 5.550000
vertex 8.604251 7.034782 5.550000
endloop
endfacet
facet normal 0.600818 0.360116 0.713676
outer loop
vertex 8.601667 7.390620 5.400000
vertex 8.452835 7.638932 5.400000
vertex 8.336262 7.536154 5.550000
endloop
endfacet
facet normal 0.600818 0.360116 0.713676
outer loop
vertex 8.601667 7.390620 5.400000
vertex 8.336262 7.536154 5.550000
vertex 8.482572 7.292050 5.550000
endloop
endfacet
facet normal 0.558832 0.414457 0.718284
outer loop
vertex 8.452835 7.638932 5.400000
vertex 8.280381 7.871460 5.400000
vertex 8.166730 7.764740 5.550000
endloop
endfacet
facet normal 0.558832 0.414459 0.718283
outer loop
vertex 8.452835 7.638932 5.400000
vertex 8.166730 7.764740 5.550000
vertex 8.336262 7.536154 5.550000
endloop
endfacet
facet normal 0.513769 0.465652 0.720562
outer loop
vertex 8.280381 7.871460 5.400000
vertex 8.085965 8.085965 5.400000
vertex 7.975610 7.975610 5.550000
endloop
endfacet
facet normal 0.513769 0.465651 0.720563
outer loop
vertex 8.280381 7.871460 5.400000
vertex 7.975610 7.975610 5.550000
vertex 8.166730 7.764740 5.550000
endloop
endfacet
facet normal 0.465652 0.513768 0.720563
outer loop
vertex 8.085965 8.085965 5.400000
vertex 7.871460 8.280381 5.400000
vertex 7.764740 8.166730 5.550000
endloop
endfacet
facet normal 0.465652 0.513769 0.720562
outer loop
vertex 8.085965 8.085965 5.400000
vertex 7.764740 8.166730 5.550000
vertex 7.975610 7.975610 5.550000
endloop
endfacet
facet normal 0.414458 0.558833 0.718282
outer loop
vertex 7.871460 8.280381 5.400000
vertex 7.638932 8.452835 5.400000
vertex 7.536154 8.336262 5.550000
endloop
endfacet
facet normal 0.414458 0.558831 0.718284
outer loop
vertex 7.871460 8.280381 5.400000
vertex 7.536154 8.336262 5.550000
vertex 7.764740 8.166730 5.550000
endloop
endfacet
facet normal 0.360116 0.600818 0.713676
outer loop
vertex 7.638932 8.452835 5.400000
vertex 7.390620 8.601667 5.400000
vertex 7.292050 8.482572 5.550000
endloop
endfacet
facet normal 0.360116 0.600818 0.713676
outer loop
vertex 7.638932 8.452835 5.400000
vertex 7.292050 8.482572 5.550000
vertex 7.536154 8.336262 5.550000
endloop
endfacet
facet normal 0.302524 0.639631 0.706648
outer loop
vertex 7.390620 8.601667 5.400000
vertex 7.128916 8.725445 5.400000
vertex 7.034782 8.604251 5.550000
endloop
endfacet
facet normal 0.302524 0.639632 0.706648
outer loop
vertex 7.390620 8.601667 5.400000
vertex 7.034782 8.604251 5.550000
vertex 7.292050 8.482572 5.550000
endloop
endfacet
facet normal 0.241557 0.675106 0.697052
outer loop
vertex 7.128916 8.725445 5.400000
vertex 6.856340 8.822974 5.400000
vertex 6.766826 8.700127 5.550000
endloop
endfacet
facet normal 0.241556 0.675108 0.697051
outer loop
vertex 7.128916 8.725445 5.400000
vertex 6.766826 8.700127 5.550000
vertex 7.034782 8.604251 5.550000
endloop
endfacet
facet normal 0.177091 0.706992 0.68469
outer loop
vertex 6.856340 8.822974 5.400000
vertex 6.575516 8.893316 5.400000
vertex 6.490762 8.769278 5.550000
endloop
endfacet
facet normal 0.177093 0.706988 0.684694
outer loop
vertex 6.856340 8.822974 5.400000
vertex 6.490762 8.769278 5.550000
vertex 6.766826 8.700127 5.550000
endloop
endfacet
facet normal 0.109017 0.734927 0.669327
outer loop
vertex 6.575516 8.893316 5.400000
vertex 6.289151 8.935795 5.400000
vertex 6.209249 8.811036 5.550000
endloop
endfacet
facet normal 0.109016 0.734927 0.669326
outer loop
vertex 6.575516 8.893316 5.400000
vertex 6.209249 8.811036 5.550000
vertex 6.490762 8.769278 5.550000
endloop
endfacet
facet normal 0.0372599 0.758447 0.650669
outer loop
vertex 6.289151 8.935795 5.400000
vertex 6.000000 8.950000 5.400000
vertex 5.925000 8.825000 5.550000
endloop
endfacet
facet normal 0.0372587 0.758449 0.650667
outer loop
vertex 6.289151 8.935795 5.400000
vertex 5.925000 8.825000 5.550000
vertex 6.209249 8.811036 5.550000
endloop
endfacet
facet normal 0 0.768221 0.640184
outer loop
vertex 6.000000 8.950000 5.400000
vertex -6.000000 8.950000 5.400000
vertex -5.925000 8.825000 5.550000
endloop
endfacet
facet normal 0 0.768221 0.640184
outer loop
vertex 6.000000 8.950000 5.400000
vertex -5.925000 8.825000 5.550000
vertex 5.925000 8.825000 5.550000
endloop
endfacet
facet normal -0.03726 0.758448 0.650667
outer loop
vertex -6.000000 8.950000 5.400000
vertex -6.289151 8.935795 5.400000
vertex -6.209249 8.811036 5.550000
endloop
endfacet
facet normal -0.0372586 0.758447 0.650668
outer loop
vertex -6.000000 8.950000 5.400000
vertex -6.209249 8.811036 5.550000
vertex -5.925000 8.825000 5.550000
endloop
endfacet
facet normal -0.109017 0.734927 0.669326
outer loop
vertex -6.289151 8.935795 5.400000
vertex -6.575516 8.893316 5.400000
vertex -6.490762 8.769278 5.550000
endloop
endfacet
facet normal -0.109016 0.734927 0.669327
outer loop
vertex -6.289151 8.935795 5.400000
vertex -6.490762 8.769278 5.550000
vertex -6.209249 8.811036 5.550000
endloop
endfacet
facet normal -0.17709 0.70699 0.684693
outer loop
vertex -6.575516 8.893316 5.400000
vertex -6.856340 8.822974 5.400000
vertex -6.766826 8.700127 5.550000
endloop
endfacet
facet normal -0.177093 0.706991 0.684691
outer loop
vertex -6.575516 8.893316 5.400000
vertex -6.766826 8.700127 5.550000
vertex -6.490762 8.769278 5.550000
endloop
endfacet
facet normal -0.241557 0.675107 0.697051
outer loop
vertex -6.856340 8.822974 5.400000
vertex -7.128916 8.725445 5.400000
vertex -7.034782 8.604251 5.550000
endloop
endfacet
facet normal -0.241556 0.675107 0.697052
outer loop
vertex -6.856340 8.822974 5.400000
vertex -7.034782 8.604251 5.550000
vertex -6.766826 8.700127 5.550000
endloop
endfacet
facet normal -0.302525 0.639631 0.706648
outer loop
vertex -7.128916 8.725445 5.400000
vertex -7.390620 8.601667 5.400000
vertex -7.292050 8.482572 5.550000
endloop
endfacet
facet normal -0.302524 0.639631 0.706648
outer loop
vertex -7.128916 8.725445 5.400000
vertex -7.292050 8.482572 5.550000
vertex -7.034782 8.604251 5.550000
endloop
endfacet
facet normal -0.360116 0.600818 0.713676
outer loop
vertex -7.390620 8.601667 5.400000
vertex -7.638932 8.452835 5.400000
vertex -7.536154 8.336262 5.550000
endloop
endfacet
facet normal -0.360116 0.600818 0.713676
outer loop
vertex -7.390620 8.601667 5.400000
vertex -7.536154 8.336262 5.550000
vertex -7.292050 8.482572 5.550000
endloop
endfacet
facet normal -0.414457 0.558832 0.718284
outer loop
vertex -7.638932 8.452835 5.400000
vertex -7.871460 8.280381 5.400000
vertex -7.764740 8.166730 5.550000
endloop
endfacet
facet normal -0.414459 0.558832 0.718283
outer loop
vertex -7.638932 8.452835 5.400000
vertex -7.764740 8.166730 5.550000
vertex -7.536154 8.336262 5.550000
endloop
endfacet
facet normal -0.465652 0.513769 0.720562
outer loop
vertex -7.871460 8.280381 5.400000
vertex -8.085965 8.085965 5.400000
vertex -7.975610 7.975610 5.550000
endloop
endfacet
facet normal -0.465651 0.513769 0.720563
outer loop
vertex -7.871460 8.280381 5.400000
vertex -7.975610 7.975610 5.550000
vertex -7.764740 8.166730 5.550000
endloop
endfacet
facet normal -0.513768 0.465652 0.720563
outer loop
vertex -8.085965 8.085965 5.400000
vertex -8.280381 7.871460 5.400000
vertex -8.166730 7.764740 5.550000
endloop
endfacet
facet normal -0.513769 0.465652 0.720562
outer loop
vertex -8.085965 8.085965 5.400000
vertex -8.166730 7.764740 5.550000
vertex -7.975610 7.975610 5.550000
endloop
endfacet
facet normal -0.558833 0.414458 0.718282
outer loop
vertex -8.280381 7.871460 5.400000
vertex -8.452835 7.638932 5.400000
vertex -8.336262 7.536154 5.550000
endloop
endfacet
facet normal -0.558831 0.414458 0.718284
outer loop
vertex -8.280381 7.871460 5.400000
vertex -8.336262 7.536154 5.550000
vertex -8.166730 7.764740 5.550000
endloop
endfacet
facet normal -0.600818 0.360116 0.713676
outer loop
vertex -8.452835 7.638932 5.400000
vertex -8.601667 7.390620 5.400000
vertex -8.482572 7.292050 5.550000
endloop
endfacet
facet normal -0.600818 0.360116 0.713676
outer loop
vertex -8.452835 7.638932 5.400000
vertex -8.482572 7.292050 5.550000
vertex -8.336262 7.536154 5.550000
endloop
endfacet
facet normal -0.639631 0.302524 0.706648
outer loop
vertex -8.601667 7.390620 5.400000
vertex -8.725445 7.128916 5.400000
vertex -8.604251 7.034782 5.550000
endloop
endfacet
facet normal -0.639632 0.302524 0.706648
outer loop
vertex -8.601667 7.390620 5.400000
vertex -8.604251 7.034782 5.550000
vertex -8.482572 7.292050 5.550000
endloop
endfacet
facet normal -0.675106 0.241557 0.697052
outer loop
vertex -8.725445 7.128916 5.400000
vertex -8.822974 6.856340 5.400000
vertex -8.700127 6.766826 5.550000
endloop
endfacet
facet normal -0.675108 0.241556 0.697051
outer loop
vertex -8.725445 7.128916 5.400000
vertex -8.700127 6.766826 5.550000
vertex -8.604251 7.034782 5.550000
endloop
endfacet
facet normal -0.706992 0.177091 0.68469
outer loop
vertex -8.822974 6.856340 5.400000
vertex -8.893316 6.575516 5.400000
vertex -8.769278 6.490762 5.550000
endloop
endfacet
facet normal -0.706988 0.177093 0.684694
outer loop
vertex -8.822974 6.856340 5.400000
vertex -8.769278 6.490762 5.550000
vertex -8.700127 6.766826 5.550000
endloop
endfacet
facet normal -0.734927 0.109017 0.669327
outer loop
vertex -8.893316 6.575516 5.400000
vertex -8.935795 6.289151 5.400000
vertex -8.811036 6.209249 5.550000
endloop
endfacet
facet normal -0.734927 0.109016 0.669326
outer loop
vertex -8.893316 6.575516 5.400000
vertex -8.811036 6.209249 5.550000
vertex -8.769278 6.490762 5.550000
endloop
endfacet
facet normal -0.758447 0.0372599 0.650669
outer loop
vertex -8.935795 6.289151 5.400000
vertex -8.950000 6.000000 5.400000
vertex -8.825000 5.925000 5.550000
endloop
endfacet
facet normal -0.758449 0.0372587 0.650667
outer loop
vertex -8.935795 6.289151 5.400000
vertex -8.825000 5.925000 5.550000
vertex -8.811036 6.209249 5.550000
endloop
endfacet
facet normal -0.768221 0 0.640184
outer loop
vertex -8.950000 6.000000 5.400000
vertex -8.950000 -6.000000 5.400000
vertex -8.825000 -5.925000 5.550000
endloop
endfacet
facet normal -0.768221 0 0.640184
outer loop
vertex -8.950000 6.000000 5.400000
vertex -8.825000 -5.925000 5.550000
vertex -8.825000 5.925000 5.550000
endloop
endfacet
facet normal -0.758448 -0.03726 0.650667
outer loop
vertex -8.950000 -6.000000 5.400000
vertex -8.935795 -6.289151 5.400000
vertex -8.811036 -6.209249 5.550000
endloop
endfacet
facet normal -0.758447 -0.0372586 0.650668
outer loop
vertex -8.950000 -6.000000 5.400000
vertex -8.811036 -6.209249 5.550000
vertex -8.825000 -5.925000 5.550000
endloop
endfacet
facet normal -0.734927 -0.109017 0.669326
outer loop
vertex -8.935795 -6.289151 5.400000
vertex -8.893316 -6.575516 5.400000
vertex -8.769278 -6.490762 5.550000
endloop
endfacet
facet normal -0.734927 -0.109016 0.669327
outer loop
vertex -8.935795 -6.289151 5.400000
vertex -8.769278 -6.490762 5.550000
vertex -8.811036 -6.209249 5.550000
endloop
endfacet
facet normal -0.70699 -0.17709 0.684693
outer loop
vertex -8.893316 -6.575516 5.400000
vertex -8.822974 -6.856340 5.400000
vertex -8.700127 -6.766826 5.550000
endloop
endfacet
facet normal -0.706991 -0.177093 0.684691
outer loop
vertex -8.893316 -6.575516 5.400000
vertex -8.700127 -6.766826 5.550000
vertex -8.769278 -6.490762 5.550000
endloop
endfacet
facet normal -0.675107 -0.241557 0.697051
outer loop
vertex -8.822974 -6.856340 5.400000
vertex -8.725445 -7.128916 5.400000
vertex -8.604251 -7.034782 5.550000
endloop
endfacet
facet normal -0.675107 -0.241556 0.697052
outer loop
vertex -8.822974 -6.856340 5.400000
vertex -8.604251 -7.034782 5.550000
vertex -8.700127 -6.766826 5.550000
endloop
endfacet
facet normal -0.639631 -0.302525 0.706648
outer loop
vertex -8.725445 -7.128916 5.400000
vertex -8.601667 -7.390620 5.400000
vertex -8.482572 -7.292050 5.550000
endloop
endfacet
facet normal -0.639631 -0.302524 0.706648
outer loop
vertex -8.725445 -7.128916 5.400000
vertex -8.482572 -7.292050 5.550000
vertex -8.604251 -7.034782 5.550000
endloop
endfacet
facet normal -0.600818 -0.360116 0.713676
outer loop
vertex -8.601667 -7.390620 5.400000
vertex -8.452835 -7.638932 5.400000
vertex -8.336262 -7.536154 5.550000
endloop
endfacet
facet normal -0.600818 -0.360116 0.713676
outer loop
vertex -8.601667 -7.390620 5.400000
vertex -8.336262 -7.536154 5.550000
vertex -8.482572 -7.292050 5.550000
endloop
endfacet
facet normal -0.558832 -0.414457 0.718284
outer loop
vertex -8.452835 -7.638932 5.400000
vertex -8.280381 -7.871460 5.400000
vertex -8.166730 -7.764740 5.550000
endloop
endfacet
facet normal -0.558832 -0.414459 0.718283
outer loop
vertex -8.452835 -7.638932 5.400000
vertex -8.166730 -7.764740 5.550000
vertex -8.336262 -7.536154 5.550000
endloop
endfacet
facet normal -0.513769 -0.465652 0.720562
outer loop
vertex -8.280381 -7.871460 5.400000
vertex -8.085965 -8.085965 5.400000
vertex -7.975610 -7.975610 5.550000
endloop
endfacet
facet normal -0.513769 -0.465651 0.720563
outer loop
vertex -8.280381 -7.871460 5.400000
vertex -7.975610 -7.975610 5.550000
vertex -8.166730 -7.764740 5.550000
endloop
endfacet
facet normal -0.465652 -0.513768 0.720563
outer loop
vertex -8.085965 -8.085965 5.400000
vertex -7.871460 -8.280381 5.400000
vertex -7.764740 -8.166730 5.550000
endloop
endfacet
facet normal -0.465652 -0.513769 0.720562
outer loop
vertex -8.085965 -8.085965 5.400000
vertex -7.764740 -8.166730 5.550000
vertex -7.975610 -7.975610 5.550000
endloop
endfacet
facet normal -0.414458 -0.558833 0.718282
outer loop
vertex -7.871460 -8.280381 5.400000
vertex -7.638932 -8.452835 5.400000
vertex -7.536154 -8.336262 5.550000
endloop
endfacet
facet normal -0.414458 -0.558831 0.718284
outer loop
vertex -7.871460 -8.280381 5.400000
vertex -7.536154 -8.336262 5.550000
vertex -7.764740 -8.166730 5.550000
endloop
endfacet
facet normal -0.360116 -0.600818 0.713676
outer loop
vertex -7.638932 -8.452835 5.400000
vertex -7.390620 -8.601667 5.400000
vertex -7.292050 -8.482572 5.550000
endloop
endfacet
facet normal -0.360116 -0.600818 0.713676
outer loop
vertex -7.638932 -8.452835 5.400000
vertex -7.292050 -8.482572 5.550000
vertex -7.536154 -8.336262 5.550000
endloop
endfacet
facet normal -0.302524 -0.639631 0.706648
outer loop
vertex -7.390620 -8.601667 5.400000
vertex -7.128916 -8.725445 5.400000
vertex -7.034782 -8.604251 5.550000
endloop
endfacet
facet normal -0.302524 -0.639632 0.706648
outer loop
vertex -7.390620 -8.601667 5.400000
vertex -7.034782 -8.604251 5.550000
vertex -7.292050 -8.482572 5.550000
endloop
endfacet
facet normal -0.241557 -0.675106 0.697052
outer loop
vertex -7.128916 -8.725445 5.400000
vertex -6.856340 -8.822974 5.400000
vertex -6.766826 -8.700127 5.550000
endloop
endfacet
facet normal -0.241556 -0.675108 0.697051
outer loop
vertex -7.128916 -8.725445 5.400000
vertex -6.766826 -8.700127 5.550000
vertex -7.034782 -8.604251 5.550000
endloop
endfacet
facet normal -0.177091 -0.706992 0.68469
outer loop
vertex -6.856340 -8.822974 5.400000
vertex -6.575516 -8.893316 5.400000
vertex -6.490762 -8.769278 5.550000
endloop
endfacet
facet normal -0.177093 -0.706988 0.684694
outer loop
vertex -6.856340 -8.822974 5.400000
vertex -6.490762 -8.769278 5.550000
vertex -6.766826 -8.700127 5.550000
endloop
endfacet
facet normal -0.109017 -0.734927 0.669327
outer loop
vertex -6.575516 -8.893316 5.400000
vertex -6.289151 -8.935795 5.400000
vertex -6.209249 -8.811036 5.550000
endloop
endfacet
facet normal -0.109016 -0.734927 0.669326
outer loop
vertex -6.575516 -8.893316 5.400000
vertex -6.209249 -8.811036 5.550000
vertex -6.490762 -8.769278 5.550000
endloop
endfacet
facet normal -0.0372599 -0.758447 0.650669
outer loop
vertex -6.289151 -8.935795 5.400000
vertex -6.000000 -8.950000 5.400000
vertex -5.925000 -8.825000 5.550000
endloop
endfacet
facet normal -0.0372587 -0.758449 0.650667
outer loop
vertex -6.289151 -8.935795 5.400000
vertex -5.925000 -8.825000 5.550000
vertex -6.209249 -8.811036 5.550000
endloop
endfacet
facet normal 0 -0.768221 0.640184
outer loop
vertex -6.000000 -8.950000 5.400000
vertex 6.000000 -8.950000 5.400000
vertex 5.925000 -8.825000 5.550000
endloop
endfacet
facet normal 0 -0.768221 0.640184
outer loop
vertex -6.000000 -8.950000 5.400000
vertex 5.925000 -8.825000 5.550000
vertex -5.925000 -8.825000 5.550000
endloop
endfacet
facet normal 0.03726 -0.758448 0.650667
outer loop
vertex 6.000000 -8.950000 5.400000
vertex 6.289151 -8.935795 5.400000
vertex 6.209249 -8.811036 5.550000
endloop
endfacet
facet normal 0.0372586 -0.758447 0.650668
outer loop
vertex 6.000000 -8.950000 5.400000
vertex 6.209249 -8.811036 5.550000
vertex 5.925000 -8.825000 5.550000
endloop
endfacet
facet normal 0.109017 -0.734927 0.669326
outer loop
vertex 6.289151 -8.935795 5.400000
vertex 6.575516 -8.893316 5.400000
vertex 6.490762 -8.769278 5.550000
endloop
endfacet
facet normal 0.109016 -0.734927 0.669327
outer loop
vertex 6.289151 -8.935795 5.400000
vertex 6.490762 -8.769278 5.550000
vertex 6.209249 -8.811036 5.550000
endloop
endfacet
facet normal 0.17709 -0.70699 0.684693
outer loop
vertex 6.575516 -8.893316 5.400000
vertex 6.856340 -8.822974 5.400000
vertex 6.766826 -8.700127 5.550000
endloop
endfacet
facet normal 0.177093 -0.706991 0.684691
outer loop
vertex 6.575516 -8.893316 5.400000
vertex 6.766826 -8.700127 5.550000
vertex 6.490762 -8.769278 5.550000
endloop
endfacet
facet normal 0.241557 -0.675107 0.697051
outer loop
vertex 6.856340 -8.822974 5.400000
vertex 7.128916 -8.725445 5.400000
vertex 7.034782 -8.604251 5.550000
endloop
endfacet
facet normal 0.241556 -0.675107 0.697052
outer loop
vertex 6.856340 -8.822974 5.400000
vertex 7.034782 -8.604251 5.550000
vertex 6.766826 -8.700127 5.550000
endloop
endfacet
facet normal 0.302525 -0.639631 0.706648
outer loop
vertex 7.128916 -8.725445 5.400000
vertex 7.390620 -8.601667 5.400000
vertex 7.292050 -8.482572 5.550000
endloop
endfacet
facet normal 0.302524 -0.639631 0.706648
outer loop
vertex 7.128916 -8.725445 5.400000
vertex 7.292050 -8.482572 5.550000
vertex 7.034782 -8.604251 5.550000
endloop
endfacet
facet normal 0.360116 -0.600818 0.713676
outer loop
vertex 7.390620 -8.601667 5.400000
vertex 7.638932 -8.452835 5.400000
vertex 7.536154 -8.336262 5.550000
endloop
endfacet
facet normal 0.360116 -0.600818 0.713676
outer loop
vertex 7.390620 -8.601667 5.400000
vertex 7.536154 -8.336262 5.550000
vertex 7.292050 -8.482572 5.550000
endloop
endfacet
facet normal 0.414457 -0.558832 0.718284
outer loop
vertex 7.638932 -8.452835 5.400000
vertex 7.871460 -8.280381 5.400000
vertex 7.764740 -8.166730 5.550000
endloop
endfacet
facet normal 0.414459 -0.558832 0.718283
outer loop
vertex 7.638932 -8.452835 5.400000
vertex 7.764740 -8.166730 5.550000
vertex 7.536154 -8.336262 5.550000
endloop
endfacet
facet normal 0.465652 -0.513769 0.720562
outer loop
vertex 7.871460 -8.280381 5.400000
vertex 8.085965 -8.085965 5.400000
vertex 7.975610 -7.975610 5.550000
endloop
endfacet
facet normal 0.465651 -0.513769 0.720563
outer loop
vertex 7.871460 -8.280381 5.400000
vertex 7.975610 -7.975610 5.550000
vertex 7.764740 -8.166730 5.550000
endloop
endfacet
facet normal 0.513768 -0.465652 0.720563
outer loop
vertex 8.085965 -8.085965 5.400000
vertex 8.280381 -7.871460 5.400000
vertex 8.166730 -7.764740 5.550000
endloop
endfacet
facet normal 0.513769 -0.465652 0.720562
outer loop
vertex 8.085965 -8.085965 5.400000
vertex 8.166730 -7.764740 5.550000
vertex 7.975610 -7.975610 5.550000
endloop
endfacet
facet normal 0.558833 -0.414458 0.718282
outer loop
vertex 8.280381 -7.871460 5.400000
vertex 8.452835 -7.638932 5.400000
vertex 8.336262 -7.536154 5.550000
endloop
endfacet
facet normal 0.558831 -0.414458 0.718284
outer loop
vertex 8.280381 -7.871460 5.400000
vertex 8.336262 -7.536154 5.550000
vertex 8.166730 -7.764740 5.550000
endloop
endfacet
facet normal 0.600818 -0.360116 0.713676
outer loop
vertex 8.452835 -7.638932 5.400000
vertex 8.601667 -7.390620 5.400000
vertex 8.482572 -7.292050 5.550000
endloop
endfacet
facet normal 0.600818 -0.360116 0.713676
outer loop
vertex 8.452835 -7.638932 5.400000
vertex 8.482572 -7.292050 5.550000
vertex 8.336262 -7.536154 5.550000
endloop
endfacet
facet normal 0.639631 -0.302524 0.706648
outer loop
vertex 8.601667 -7.390620 5.400000
vertex 8.725445 -7.128916 5.400000
vertex 8.604251 -7.034782 5.550000
endloop
endfacet
facet normal 0.639632 -0.302524 0.706648
outer loop
vertex 8.601667 -7.390620 5.400000
vertex 8.604251 -7.034782 5.550000
vertex 8.482572 -7.292050 5.550000
endloop
endfacet
facet normal 0.675106 -0.241557 0.697052
outer loop
vertex 8.725445 -7.128916 5.400000
vertex 8.822974 -6.856340 5.400000
vertex 8.700127 -6.766826 5.550000
endloop
endfacet
facet normal 0.675108 -0.241556 0.697051
outer loop
vertex 8.725445 -7.128916 5.400000
vertex 8.700127 -6.766826 5.550000
vertex 8.604251 -7.034782 5.550000
endloop
endfacet
facet normal 0.706992 -0.177091 0.68469
outer loop
vertex 8.822974 -6.856340 5.400000
vertex 8.893316 -6.575516 5.400000
vertex 8.769278 -6.490762 5.550000
endloop
endfacet
facet normal 0.706988 -0.177093 0.684694
outer loop
vertex 8.822974 -6.856340 5.400000
vertex 8.769278 -6.490762 5.550000
vertex 8.700127 -6.766826 5.550000
endloop
endfacet
facet normal 0.734927 -0.109017 0.669327
outer loop
vertex 8.893316 -6.575516 5.400000
vertex 8.935795 -6.289151 5.400000
vertex 8.811036 -6.209249 5.550000
endloop
endfacet
facet normal 0.734927 -0.109016 0.669326
outer loop
vertex 8.893316 -6.575516 5.400000
vertex 8.811036 -6.209249 5.550000
vertex 8.769278 -6.490762 5.550000
endloop
endfacet
facet normal 0.758447 -0.0372599 0.650669
outer loop
vertex 8.935795 -6.289151 5.400000
vertex 8.950000 -6.000000 5.400000
vertex 8.825000 -5.925000 5.550000
endloop
endfacet
facet normal 0.758449 -0.0372587 0.650667
outer loop
vertex 8.935795 -6.289151 5.400000
vertex 8.825000 -5.925000 5.550000
vertex 8.811036 -6.209249 5.550000
endloop
endfacet
facet normal 0.768221 -0 0.640184
outer loop
vertex 8.950000 -6.000000 5.400000
vertex 8.950000 6.000000 5.400000
vertex 8.825000 5.925000 5.550000
endloop
endfacet
facet normal 0.768221 0 0.640184
outer loop
vertex 8.950000 -6.000000 5.400000
vertex 8.825000 5.925000 5.550000
vertex 8.825000 -5.925000 5.550000
endloop
endfacet
facet normal 0 0 1
outer loop
vertex 8.825000 5.925000 5.550000
vertex 8.811036 6.209249 5.550000
vertex 7.215089 0.710624 5.550000
endloop
endfacet
facet normal 0 0 1
outer loop
vertex 8.825000 5.925000 5.550000
vertex 7.215089 0.710624 5.550000
vertex 7.250000 0.000000 5.550000
endloop
endfacet
facet normal 0 0 1
outer loop
vertex 8.811036 6.209249 5.550000
vertex 8.769278 6.490762 5.550000
vertex 7.110693 1.414405 5.550000
endloop
endfacet
facet normal 0 0 1
outer loop
vertex 8.811036 6.209249 5.550000
vertex 7.110693 1.414405 5.550000
vertex 7.215089 0.710624 5.550000
endloop
endfacet
facet normal 0 0 1
outer loop
vertex 8.769278 6.490762 5.550000
vertex 8.700127 6.766826 5.550000
vertex 6.937818 2.104564 5.550000
endloop
endfacet
facet normal 0 0 1
outer loop
vertex 8.769278 6.490762 5.550000
vertex 6.937818 2.104564 5.550000
vertex 7.110693 1.414405 5.550000
endloop
endfacet
facet normal 0 0 1
outer loop
vertex 8.700127 6.766826 5.550000
vertex 8.604251 7.034782 5.550000
vertex 6.698127 2.774455 5.550000
endloop
endfacet
facet normal 0 0 1
outer loop
vertex 8.700127 6.766826 5.550000
vertex 6.698127 2.774455 5.550000
vertex 6.937818 2.104564 5.550000
endloop
endfacet
facet normal 0 0 1
outer loop
vertex 8.604251 7.034782 5.550000
vertex 8.482572 7.292050 5.550000
vertex 6.393929 3.417626 5.550000
endloop
endfacet
facet normal 0 0 1
outer loop
vertex 8.604251 7.034782 5.550000
vertex 6.393929 3.417626 5.550000
vertex 6.698127 2.774455 5.550000
endloop
endfacet
facet normal 0 0 1
outer loop
vertex 8.482572 7.292050 5.550000
vertex 8.336262 7.536154 5.550000
vertex 6.028155 4.027884 5.550000
endloop
endfacet
facet normal 0 0 1
outer loop
vertex 8.482572 7.292050 5.550000
vertex 6.028155 4.027884 5.550000
vertex 6.393929 3.417626 5.550000
endloop
endfacet
facet normal 0 0 1
outer loop
vertex 8.336262 7.536154 5.550000
vertex 8.166730 7.764740 5.550000
vertex 5.604326 4.599351 5.550000
endloop
endfacet
facet normal 0 0 1
outer loop
vertex 8.336262 7.536154 5.550000
vertex 5.604326 4.599351 5.550000
vertex 6.028155 4.027884 5.550000
endloop
endfacet
facet normal 0 0 1
outer loop
vertex 8.166730 7.764740 5.550000
vertex 7.975610 7.975610 5.550000
vertex 5.126524 5.126524 5.550000
endloop
endfacet
facet normal 0 0 1
outer loop
vertex 8.166730 7.764740 5.550000
vertex 5.126524 5.126524 5.550000
vertex 5.604326 4.599351 5.550000
endloop
endfacet
facet normal 0 0 1
outer loop
vertex 7.975610 7.975610 5.550000
vertex 7.764740 8.166730 5.550000
vertex 4.599351 5.604326 5.550000
endloop
endfacet
facet normal 0 0 1
outer loop
vertex 7.975610 7.975610 5.550000
vertex 4.599351 5.604326 5.550000
vertex 5.126524 5.126524 5.550000
endloop
endfacet
facet normal 0 0 1
outer loop
vertex 7.764740 8.166730 5.550000
vertex 7.536154 8.336262 5.550000
vertex 4.027884 6.028155 5.550000
endloop
endfacet
facet normal 0 0 1
outer loop
vertex 7.764740 8.166730 5.550000
vertex 4.027884 6.028155 5.550000
vertex 4.599351 5.604326 5.550000
endloop
endfacet
facet normal 0 0 1
outer loop
vertex 7.536154 8.336262 5.550000
vertex 7.292050 8.482572 5.550000
vertex 3.417626 6.393929 5.550000
endloop
endfacet
facet normal 0 0 1
outer loop
vertex 7.536154 8.336262 5.550000
vertex 3.417626 6.393929 5.550000
vertex 4.027884 6.028155 5.550000
endloop
endfacet
facet normal 0 0 1
outer loop
vertex 7.292050 8.482572 5.550000
vertex 7.034782 8.604251 5.550000
vertex 2.774455 6.698127 5.550000
endloop
endfacet
facet normal 0 0 1
outer loop
vertex 7.292050 8.482572 5.550000
vertex 2.774455 6.698127 5.550000
vertex 3.417626 6.393929 5.550000
endloop
endfacet
facet normal 0 0 1
outer loop
vertex 7.034782 8.604251 5.550000
vertex 6.766826 8.700127 5.550000
vertex 2.104564 6.937818 5.550000
endloop
endfacet
facet normal 0 0 1
outer loop
vertex 7.034782 8.604251 5.550000
vertex 2.104564 6.937818 5.550000
vertex 2.774455 6.698127 5.550000
endloop
endfacet
facet normal 0 0 1
outer loop
vertex 6.766826 8.700127 5.550000
vertex 6.490762 8.769278 5.550000
vertex 1.414405 7.110693 5.550000
endloop
endfacet
facet normal 0 0 1
outer loop
vertex 6.766826 8.700127 5.550000
vertex 1.414405 7.110693 5.550000
vertex 2.104564 6.937818 5.550000
endloop
endfacet
facet normal 0 0 1
outer loop
vertex 6.490762 8.769278 5.550000
vertex 6.209249 8.811036 5.550000
vertex 0.710624 7.215089 5.550000
endloop
endfacet
facet normal 0 0 1
outer loop
vertex 6.490762 8.769278 5.550000
vertex 0.710624 7.215089 5.550000
vertex 1.414405 7.110693 5.550000
endloop
endfacet
facet normal 0 0 1
outer loop
vertex 6.209249 8.811036 5.550000
vertex 5.925000 8.825000 5.550000
vertex 0.000000 7.250000 5.550000
endloop
endfacet
facet normal 0 0 1
outer loop
vertex 6.209249 8.811036 5.550000
vertex 0.000000 7.250000 5.550000
vertex 0.710624 7.215089 5.550000
endloop
endfacet
facet normal 0 0 1
outer loop
vertex 5.925000 8.825000 5.550000
vertex -5.925000 8.825000 5.550000
vertex 0.000000 7.250000 5.550000
endloop
endfacet
facet normal 0 0 1
outer loop
vertex -5.925000 8.825000 5.550000
vertex -6.209249 8.811036 5.550000
vertex -0.710624 7.215089 5.550000
endloop
endfacet
facet normal 0 0 1
outer loop
vertex -5.925000 8.825000 5.550000
vertex -0.710624 7.215089 5.550000
vertex 0.000000 7.250000 5.550000
endloop
endfacet
facet normal 0 0 1
outer loop
vertex -6.209249 8.811036 5.550000
vertex -6.490762 8.769278 5.550000
vertex -1.414405 7.110693 5.550000
endloop
endfacet
facet normal 0 0 1
outer loop
vertex -6.209249 8.811036 5.550000
vertex -1.414405 7.110693 5.550000
vertex -0.710624 7.215089 5.550000
endloop
endfacet
facet normal 0 0 1
outer loop
vertex -6.490762 8.769278 5.550000
vertex -6.766826 8.700127 5.550000
vertex -2.104564 6.937818 5.550000
endloop
endfacet
facet normal 0 0 1
outer loop
vertex -6.490762 8.769278 5.550000
vertex -2.104564 6.937818 5.550000
vertex -1.414405 7.110693 5.550000
endloop
endfacet
facet normal 0 0 1
outer loop
vertex -6.766826 8.700127 5.550000
vertex -7.034782 8.604251 5.550000
vertex -2.774455 6.698127 5.550000
endloop
endfacet
facet normal 0 0 1
outer loop
vertex -6.766826 8.700127 5.550000
vertex -2.774455 6.698127 5.550000
vertex -2.104564 6.937818 5.550000
endloop
endfacet
facet normal 0 0 1
outer loop
vertex -7.034782 8.604251 5.550000
vertex -7.292050 8.482572 5.550000
vertex -3.417626 6.393929 5.550000
endloop
endfacet
facet normal 0 0 1
outer loop
vertex -7.034782 8.604251 5.550000
vertex -3.417626 6.393929 5.550000
vertex -2.774455 6.698127 5.550000
endloop
endfacet
facet normal 0 0 1
outer loop
vertex -7.292050 8.482572 5.550000
vertex -7.536154 8.336262 5.550000
vertex -4.027884 6.028155 5.550000
endloop
endfacet
facet normal 0 0 1
outer loop
vertex -7.292050 8.482572 5.550000
vertex -4.027884 6.028155 5.550000
vertex -3.417626 6.393929 5.550000
endloop
endfacet
facet normal 0 0 1
outer loop
vertex -7.536154 8.336262 5.550000
vertex -7.764740 8.166730 5.550000
vertex -4.599351 5.604326 5.550000
endloop
endfacet
facet normal 0 0 1
outer loop
vertex -7.536154 8.336262 5.550000
vertex -4.599351 5.604326 5.550000
vertex -4.027884 6.028155 5.550000
endloop
endfacet
facet normal 0 0 1
outer loop
vertex -7.764740 8.166730 5.550000
vertex -7.975610 7.975610 5.550000
vertex -5.126524 5.126524 5.550000
endloop
endfacet
facet normal 0 0 1
outer loop
vertex -7.764740 8.166730 5.550000
vertex -5.126524 5.126524 5.550000
vertex -4.599351 5.604326 5.550000
endloop
endfacet
facet normal 0 0 1
outer loop
vertex -7.975610 7.975610 5.550000
vertex -8.166730 7.764740 5.550000
vertex -5.604326 4.599351 5.550000
endloop
endfacet
facet normal 0 0 1
outer loop
vertex -7.975610 7.975610 5.550000
vertex -5.604326 4.599351 5.550000
vertex -5.126524 5.126524 5.550000
endloop
endfacet
facet normal 0 0 1
outer loop
vertex -8.166730 7.764740 5.550000
vertex -8.336262 7.536154 5.550000
vertex -6.028155 4.027884 5.550000
endloop
endfacet
facet normal 0 0 1
outer loop
vertex -8.166730 7.764740 5.550000
vertex -6.028155 4.027884 5.550000
vertex -5.604326 4.599351 5.550000
endloop
endfacet
facet normal 0 0 1
outer loop
vertex -8.336262 7.536154 5.550000
vertex -8.482572 7.292050 5.550000
vertex -6.393929 3.417626 5.550000
endloop
endfacet
facet normal 0 0 1
outer loop
vertex -8.336262 7.536154 5.550000
vertex -6.393929 3.417626 5.550000
vertex -6.028155 4.027884 5.550000
endloop
endfacet
facet normal 0 0 1
outer loop
vertex -8.482572 7.292050 5.550000
vertex -8.604251 7.034782 5.550000
vertex -6.698127 2.774455 5.550000
endloop
endfacet
facet normal 0 0 1
outer loop
vertex -8.482572 7.292050 5.550000
vertex -6.698127 2.774455 5.550000
vertex -6.393929 3.417626 5.550000
endloop
endfacet
facet normal 0 0 1
outer loop
vertex -8.604251 7.034782 5.550000
vertex -8.700127 6.766826 5.550000
vertex -6.937818 2.104564 5.550000
endloop
endfacet
facet normal 0 0 1
outer loop
vertex -8.604251 7.034782 5.550000
vertex -6.937818 2.104564 5.550000
vertex -6.698127 2.774455 5.550000
endloop
endfacet
facet normal 0 0 1
outer loop
vertex -8.700127 6.766826 5.550000
vertex -8.769278 6.490762 5.550000
vertex -7.110693 1.414405 5.550000
endloop
endfacet
facet normal 0 0 1
outer loop
vertex -8.700127 6.766826 5.550000
vertex -7.110693 1.414405 5.550000
vertex -6.937818 2.104564 5.550000
endloop
endfacet
facet normal 0 0 1
outer loop
vertex -8.769278 6.490762 5.550000
vertex -8.811036 6.209249 5.550000
vertex -7.215089 0.710624 5.550000
endloop
endfacet
facet normal 0 0 1
outer loop
vertex -8.769278 6.490762 5.550000
vertex -7.215089 0.710624 5.550000
vertex -7.110693 1.414405 5.550000
endloop
endfacet
facet normal 0 0 1
outer loop
vertex -8.811036 6.209249 5.550000
vertex -8.825000 5.925000 5.550000
vertex -7.250000 0.000000 5.550000
endloop
endfacet
facet normal 0 0 1
outer loop
vertex -8.811036 6.209249 5.550000
vertex -7.250000 0.000000 5.550000
vertex -7.215089 0.710624 5.550000
endloop
endfacet
facet normal 0 0 1
outer loop
vertex -8.825000 5.925000 5.550000
vertex -8.825000 -5.925000 5.550000
vertex -7.250000 0.000000 5.550000
endloop
endfacet
facet normal -0 0 1
outer loop
vertex -8.825000 -5.925000 5.550000
vertex -8.811036 -6.209249 5.550000
vertex -7.215089 -0.710624 5.550000
endloop
endfacet
facet normal 0 0 1
outer loop
vertex -8.825000 -5.925000 5.550000
vertex -7.215089 -0.710624 5.550000
vertex -7.250000 0.000000 5.550000
endloop
endfacet
facet normal -0 0 1
outer loop
vertex -8.811036 -6.209249 5.550000
vertex -8.769278 -6.490762 5.550000
vertex -7.110693 -1.414405 5.550000
endloop
endfacet
facet normal 0 0 1
outer loop
vertex -8.811036 -6.209249 5.550000
vertex -7.110693 -1.414405 5.550000
vertex -7.215089 -0.710624 5.550000
endloop
endfacet
facet normal -0 0 1
outer loop
vertex -8.769278 -6.490762 5.550000
vertex -8.700127 -6.766826 5.550000
vertex -6.937818 -2.104564 5.550000
endloop
endfacet
facet normal 0 0 1
outer loop
vertex -8.769278 -6.490762 5.550000
vertex -6.937818 -2.104564 5.550000
vertex -7.110693 -1.414405 5.550000
endloop
endfacet
facet normal -0 0 1
outer loop
vertex -8.700127 -6.766826 5.550000
vertex -8.604251 -7.034782 5.550000
vertex -6.698127 -2.774455 5.550000
endloop
endfacet
facet normal 0 0 1
outer loop
vertex -8.700127 -6.766826 5.550000
vertex -6.698127 -2.774455 5.550000
vertex -6.937818 -2.104564 5.550000
endloop
endfacet
facet normal -0 0 1
outer loop
vertex -8.604251 -7.034782 5.550000
vertex -8.482572 -7.292050 5.550000
vertex -6.393929 -3.417626 5.550000
endloop
endfacet
facet normal 0 0 1
outer loop
vertex -8.604251 -7.034782 5.550000
vertex -6.393929 -3.417626 5.550000
vertex -6.698127 -2.774455 5.550000
endloop
endfacet
facet normal -0 0 1
outer loop
vertex -8.482572 -7.292050 5.550000
vertex -8.336262 -7.536154 5.550000
vertex -6.028155 -4.027884 5.550000
endloop
endfacet
facet normal 0 0 1
outer loop
vertex -8.482572 -7.292050 5.550000
vertex -6.028155 -4.027884 5.550000
vertex -6.393929 -3.417626 5.550000
endloop
endfacet
facet normal -0 0 1
outer loop
vertex -8.336262 -7.536154 5.550000
vertex -8.166730 -7.764740 5.550000
vertex -5.604326 -4.599351 5.550000
endloop
endfacet
facet normal 0 0 1
outer loop
vertex -8.336262 -7.536154 5.550000
vertex -5.604326 -4.599351 5.550000
vertex -6.028155 -4.027884 5.550000
endloop
endfacet
facet normal -0 0 1
outer loop
vertex -8.166730 -7.764740 5.550000
vertex -7.975610 -7.975610 5.550000
vertex -5.126524 -5.126524 5.550000
endloop
endfacet
facet normal 0 0 1
outer loop
vertex -8.166730 -7.764740 5.550000
vertex -5.126524 -5.126524 5.550000
vertex -5.604326 -4.599351 5.550000
endloop
endfacet
facet normal -0 0 1
outer loop
vertex -7.975610 -7.975610 5.550000
vertex -7.764740 -8.166730 5.550000
vertex -4.599351 -5.604326 5.550000
endloop
endfacet
facet normal 0 0 1
outer loop
vertex -7.975610 -7.975610 5.550000
vertex -4.599351 -5.604326 5.550000
vertex -5.126524 -5.126524 5.550000
endloop
endfacet
facet normal -0 0 1
outer loop
vertex -7.764740 -8.166730 5.550000
vertex -7.536154 -8.336262 5.550000
vertex -4.027884 -6.028155 5.550000
endloop
endfacet
facet normal 0 0 1
outer loop
vertex -7.764740 -8.166730 5.550000
vertex -4.027884 -6.028155 5.550000
vertex -4.599351 -5.604326 5.550000
endloop
endfacet
facet normal -0 0 1
outer loop
vertex -7.536154 -8.336262 5.550000
vertex -7.292050 -8.482572 5.550000
vertex -3.417626 -6.393929 5.550000
endloop
endfacet
facet normal 0 0 1
outer loop
vertex -7.536154 -8.336262 5.550000
vertex -3.417626 -6.393929 5.550000
vertex -4.027884 -6.028155 5.550000
endloop
endfacet
facet normal -0 0 1
outer loop
vertex -7.292050 -8.482572 5.550000
vertex -7.034782 -8.604251 5.550000
vertex -2.774455 -6.698127 5.550000
endloop
endfacet
facet normal 0 0 1
outer loop
vertex -7.292050 -8.482572 5.550000
vertex -2.774455 -6.698127 5.550000
vertex -3.417626 -6.393929 5.550000
endloop
endfacet
facet normal -0 0 1
outer loop
vertex -7.034782 -8.604251 5.550000
vertex -6.766826 -8.700127 5.550000
vertex -2.104564 -6.937818 5.550000
endloop
endfacet
facet normal 0 0 1
outer loop
vertex -7.034782 -8.604251 5.550000
vertex -2.104564 -6.937818 5.550000
vertex -2.774455 -6.698127 5.550000
endloop
endfacet
facet normal -0 0 1
outer loop
vertex -6.766826 -8.700127 5.550000
vertex -6.490762 -8.769278 5.550000
vertex -1.414405 -7.110693 5.550000
endloop
endfacet
facet normal 0 0 1
outer loop
vertex -6.766826 -8.700127 5.550000
vertex -1.414405 -7.110693 5.550000
vertex -2.104564 -6.937818 5.550000
endloop
endfacet
facet normal -0 0 1
outer loop
vertex -6.490762 -8.769278 5.550000
vertex -6.209249 -8.811036 5.550000
vertex -0.710624 -7.215089 5.550000
endloop
endfacet
facet normal 0 0 1
outer loop
vertex -6.490762 -8.769278 5.550000
vertex -0.710624 -7.215089 5.550000
vertex -1.414405 -7.110693 5.550000
endloop
endfacet
facet normal -0 0 1
outer loop
vertex -6.209249 -8.811036 5.550000
vertex -5.925000 -8.825000 5.550000
vertex -0.000000 -7.250000 5.550000
endloop
endfacet
facet normal 0 0 1
outer loop
vertex -6.209249 -8.811036 5.550000
vertex -0.000000 -7.250000 5.550000
vertex -0.710624 -7.215089 5.550000
endloop
endfacet
facet normal 0 0 1
outer loop
vertex -5.925000 -8.825000 5.550000
vertex 5.925000 -8.825000 5.550000
vertex -0.000000 -7.250000 5.550000
endloop
endfacet
facet normal 0 -0 1
outer loop
vertex 5.925000 -8.825000 5.550000
vertex 6.209249 -8.811036 5.550000
vertex 0.710624 -7.215089 5.550000
endloop
endfacet
facet normal 0 0 1
outer loop
vertex 5.925000 -8.825000 5.550000
vertex 0.710624 -7.215089 5.550000
vertex -0.000000 -7.250000 5.550000
endloop
endfacet
facet normal 0 -0 1
outer loop
vertex 6.209249 -8.811036 5.550000
vertex 6.490762 -8.769278 5.550000
vertex 1.414405 -7.110693 5.550000
endloop
endfacet
facet normal 0 0 1
outer loop
vertex 6.209249 -8.811036 5.550000
vertex 1.414405 -7.110693 5.550000
vertex 0.710624 -7.215089 5.550000
endloop
endfacet
facet normal 0 -0 1
outer loop
vertex 6.490762 -8.769278 5.550000
vertex 6.766826 -8.700127 5.550000
vertex 2.104564 -6.937818 5.550000
endloop
endfacet
facet normal 0 0 1
outer loop
vertex 6.490762 -8.769278 5.550000
vertex 2.104564 -6.937818 5.550000
vertex 1.414405 -7.110693 5.550000
endloop
endfacet
facet normal 0 -0 1
outer loop
vertex 6.766826 -8.700127 5.550000
vertex 7.034782 -8.604251 5.550000
vertex 2.774455 -6.698127 5.550000
endloop
endfacet
facet normal 0 0 1
outer loop
vertex 6.766826 -8.700127 5.550000
vertex 2.774455 -6.698127 5.550000
vertex 2.104564 -6.937818 5.550000
endloop
endfacet
facet normal 0 -0 1
outer loop
vertex 7.034782 -8.604251 5.550000
vertex 7.292050 -8.482572 5.550000
vertex 3.417626 -6.393929 5.550000
endloop
endfacet
facet normal 0 0 1
outer loop
vertex 7.034782 -8.604251 5.550000
vertex 3.417626 -6.393929 5.550000
vertex 2.774455 -6.698127 5.550000
endloop
endfacet
facet normal 0 -0 1
outer loop
vertex 7.292050 -8.482572 5.550000
vertex 7.536154 -8.336262 5.550000
vertex 4.027884 -6.028155 5.550000
endloop
endfacet
facet normal 0 0 1
outer loop
vertex 7.292050 -8.482572 5.550000
vertex 4.027884 -6.028155 5.550000
vertex 3.417626 -6.393929 5.550000
endloop
endfacet
facet normal 0 -0 1
outer loop
vertex 7.536154 -8.336262 5.550000
vertex 7.764740 -8.166730 5.550000
vertex 4.599351 -5.604326 5.550000
endloop
endfacet
facet normal 0 0 1
outer loop
vertex 7.536154 -8.336262 5.550000
vertex 4.599351 -5.604326 5.550000
vertex 4.027884 -6.028155 5.550000
endloop
endfacet
facet normal 0 -0 1
outer loop
vertex 7.764740 -8.166730 5.550000
vertex 7.975610 -7.975610 5.550000
vertex 5.126524 -5.126524 5.550000
endloop
endfacet
facet normal 0 0 1
outer loop
vertex 7.764740 -8.166730 5.550000
vertex 5.126524 -5.126524 5.550000
vertex 4.599351 -5.604326 5.550000
endloop
endfacet
facet normal 0 -0 1
outer loop
vertex 7.975610 -7.975610 5.550000
vertex 8.166730 -7.764740 5.550000
vertex 5.604326 -4.599351 5.550000
endloop
endfacet
facet normal 0 0 1
outer loop
vertex 7.975610 -7.975610 5.550000
vertex 5.604326 -4.599351 5.550000
vertex 5.126524 -5.126524 5.550000
endloop
endfacet
facet normal 0 -0 1
outer loop
vertex 8.166730 -7.764740 5.550000
vertex 8.336262 -7.536154 5.550000
vertex 6.028155 -4.027884 5.550000
endloop
endfacet
facet normal 0 0 1
outer loop
vertex 8.166730 -7.764740 5.550000
vertex 6.028155 -4.027884 5.550000
vertex 5.604326 -4.599351 5.550000
endloop
endfacet
facet normal 0 -0 1
outer loop
vertex 8.336262 -7.536154 5.550000
vertex 8.482572 -7.292050 5.550000
vertex 6.393929 -3.417626 5.550000
endloop
endfacet
facet normal 0 0 1
outer loop
vertex 8.336262 -7.536154 5.550000
vertex 6.393929 -3.417626 5.550000
vertex 6.028155 -4.027884 5.550000
endloop
endfacet
facet normal 0 -0 1
outer loop
vertex 8.482572 -7.292050 5.550000
vertex 8.604251 -7.034782 5.550000
vertex 6.698127 -2.774455 5.550000
endloop
endfacet
facet normal 0 0 1
outer loop
vertex 8.482572 -7.292050 5.550000
vertex 6.698127 -2.774455 5.550000
vertex 6.393929 -3.417626 5.550000
endloop
endfacet
facet normal 0 -0 1
outer loop
vertex 8.604251 -7.034782 5.550000
vertex 8.700127 -6.766826 5.550000
vertex 6.937818 -2.104564 5.550000
endloop
endfacet
facet normal 0 0 1
outer loop
vertex 8.604251 -7.034782 5.550000
vertex 6.937818 -2.104564 5.550000
vertex 6.698127 -2.774455 5.550000
endloop
endfacet
facet normal 0 -0 1
outer loop
vertex 8.700127 -6.766826 5.550000
vertex 8.769278 -6.490762 5.550000
vertex 7.110693 -1.414405 5.550000
endloop
endfacet
facet normal 0 0 1
outer loop
vertex 8.700127 -6.766826 5.550000
vertex 7.110693 -1.414405 5.550000
vertex 6.937818 -2.104564 5.550000
endloop
endfacet
facet normal 0 -0 1
outer loop
vertex 8.769278 -6.490762 5.550000
vertex 8.811036 -6.209249 5.550000
vertex 7.215089 -0.710624 5.550000
endloop
endfacet
facet normal 0 0 1
outer loop
vertex 8.769278 -6.490762 5.550000
vertex 7.215089 -0.710624 5.550000
vertex 7.110693 -1.414405 5.550000
endloop
endfacet
facet normal 0 -0 1
outer loop
vertex 8.811036 -6.209249 5.550000
vertex 8.825000 -5.925000 5.550000
vertex 7.250000 0.000000 5.550000
endloop
endfacet
facet normal 0 0 1
outer loop
vertex 8.811036 -6.209249 5.550000
vertex 7.250000 0.000000 5.550000
vertex 7.215089 -0.710624 5.550000
endloop
endfacet
facet normal 0 -0 1
outer loop
vertex 8.825000 -5.925000 5.550000
vertex 8.825000 5.925000 5.550000
vertex 7.250000 0.000000 5.550000
endloop
endfacet
facet normal -0.0570495 -0.00280266 0.998367
outer loop
vertex 7.250000 0.000000 5.550000
vertex 7.215089 0.710624 5.550000
vertex 6.866775 0.676318 5.530000
endloop
endfacet
facet normal -0.0570495 -0.00280268 0.998367
outer loop
vertex 7.250000 0.000000 5.550000
vertex 6.866775 0.676318 5.530000
vertex 6.900000 -0.000000 5.530000
endloop
endfacet
facet normal -0.0565001 -0.00838098 0.998367
outer loop
vertex 7.215089 0.710624 5.550000
vertex 7.110693 1.414405 5.550000
vertex 6.767418 1.346123 5.530000
endloop
endfacet
facet normal -0.0565001 -0.00838099 0.998367
outer loop
vertex 7.215089 0.710624 5.550000
vertex 6.767418 1.346123 5.530000
vertex 6.866775 0.676318 5.530000
endloop
endfacet
facet normal -0.0554065 -0.0138786 0.998367
outer loop
vertex 7.110693 1.414405 5.550000
vertex 6.937818 2.104564 5.550000
vertex 6.602888 2.002964 5.530000
endloop
endfacet
facet normal -0.0554065 -0.0138786 0.998367
outer loop
vertex 7.110693 1.414405 5.550000
vertex 6.602888 2.002964 5.530000
vertex 6.767418 1.346123 5.530000
endloop
endfacet
facet normal -0.0537794 -0.0192426 0.998367
outer loop
vertex 6.937818 2.104564 5.550000
vertex 6.698127 2.774455 5.550000
vertex 6.374769 2.640516 5.530000
endloop
endfacet
facet normal -0.0537794 -0.0192425 0.998367
outer loop
vertex 6.937818 2.104564 5.550000
vertex 6.374769 2.640516 5.530000
vertex 6.602888 2.002964 5.530000
endloop
endfacet
facet normal -0.0516343 -0.0244212 0.998367
outer loop
vertex 6.698127 2.774455 5.550000
vertex 6.393929 3.417626 5.550000
vertex 6.085257 3.252637 5.530000
endloop
endfacet
facet normal -0.0516343 -0.0244212 0.998367
outer loop
vertex 6.698127 2.774455 5.550000
vertex 6.085257 3.252637 5.530000
vertex 6.374769 2.640516 5.530000
endloop
endfacet
facet normal -0.048992 -0.0293647 0.998367
outer loop
vertex 6.393929 3.417626 5.550000
vertex 6.028155 4.027884 5.550000
vertex 5.737140 3.833435 5.530000
endloop
endfacet
facet normal -0.048992 -0.0293647 0.998367
outer loop
vertex 6.393929 3.417626 5.550000
vertex 5.737140 3.833435 5.530000
vertex 6.085257 3.252637 5.530000
endloop
endfacet
facet normal -0.0458779 -0.0340253 0.998367
outer loop
vertex 6.028155 4.027884 5.550000
vertex 5.604326 4.599351 5.550000
vertex 5.333772 4.377314 5.530000
endloop
endfacet
facet normal -0.0458778 -0.0340253 0.998367
outer loop
vertex 6.028155 4.027884 5.550000
vertex 5.333772 4.377314 5.530000
vertex 5.737140 3.833435 5.530000
endloop
endfacet
facet normal -0.0423219 -0.0383584 0.998367
outer loop
vertex 5.604326 4.599351 5.550000
vertex 5.126524 5.126524 5.550000
vertex 4.879037 4.879037 5.530000
endloop
endfacet
facet normal -0.0423219 -0.0383583 0.998367
outer loop
vertex 5.604326 4.599351 5.550000
vertex 4.879037 4.879037 5.530000
vertex 5.333772 4.377314 5.530000
endloop
endfacet
facet normal -0.0383583 -0.0423219 0.998367
outer loop
vertex 5.126524 5.126524 5.550000
vertex 4.599351 5.604326 5.550000
vertex 4.377314 5.333772 5.530000
endloop
endfacet
facet normal -0.0383583 -0.0423219 0.998367
outer loop
vertex 5.126524 5.126524 5.550000
vertex 4.377314 5.333772 5.530000
vertex 4.879037 4.879037 5.530000
endloop
endfacet
facet normal -0.0340253 -0.0458778 0.998367
outer loop
vertex 4.599351 5.604326 5.550000
vertex 4.027884 6.028155 5.550000
vertex 3.833435 5.737140 5.530000
endloop
endfacet
facet normal -0.0340253 -0.0458779 0.998367
outer loop
vertex 4.599351 5.604326 5.550000
vertex 3.833435 5.737140 5.530000
vertex 4.377314 5.333772 5.530000
endloop
endfacet
facet normal -0.0293647 -0.048992 0.998367
outer loop
vertex 4.027884 6.028155 5.550000
vertex 3.417626 6.393929 5.550000
vertex 3.252637 6.085257 5.530000
endloop
endfacet
facet normal -0.0293647 -0.048992 0.998367
outer loop
vertex 4.027884 6.028155 5.550000
vertex 3.252637 6.085257 5.530000
vertex 3.833435 5.737140 5.530000
endloop
endfacet
facet normal -0.0244212 -0.0516343 0.998367
outer loop
vertex 3.417626 6.393929 5.550000
vertex 2.774455 6.698127 5.550000
vertex 2.640516 6.374769 5.530000
endloop
endfacet
facet normal -0.0244212 -0.0516343 0.998367
outer loop
vertex 3.417626 6.393929 5.550000
vertex 2.640516 6.374769 5.530000
vertex 3.252637 6.085257 5.530000
endloop
endfacet
facet normal -0.0192426 -0.0537794 0.998367
outer loop
vertex 2.774455 6.698127 5.550000
vertex 2.104564 6.937818 5.550000
vertex 2.002964 6.602888 5.530000
endloop
endfacet
facet normal -0.0192426 -0.0537794 0.998367
outer loop
vertex 2.774455 6.698127 5.550000
vertex 2.002964 6.602888 5.530000
vertex 2.640516 6.374769 5.530000
endloop
endfacet
facet normal -0.0138786 -0.0554065 0.998367
outer loop
vertex 2.104564 6.937818 5.550000
vertex 1.414405 7.110693 5.550000
vertex 1.346123 6.767418 5.530000
endloop
endfacet
facet normal -0.0138786 -0.0554065 0.998367
outer loop
vertex 2.104564 6.937818 5.550000
vertex 1.346123 6.767418 5.530000
vertex 2.002964 6.602888 5.530000
endloop
endfacet
facet normal -0.00838099 -0.0565001 0.998367
outer loop
vertex 1.414405 7.110693 5.550000
vertex 0.710624 7.215089 5.550000
vertex 0.676318 6.866775 5.530000
endloop
endfacet
facet normal -0.00838099 -0.0565001 0.998367
outer loop
vertex 1.414405 7.110693 5.550000
vertex 0.676318 6.866775 5.530000
vertex 1.346123 6.767418 5.530000
endloop
endfacet
facet normal -0.00280266 -0.0570495 0.998367
outer loop
vertex 0.710624 7.215089 5.550000
vertex 0.000000 7.250000 5.550000
vertex 0.000000 6.900000 5.530000
endloop
endfacet
facet normal -0.00280268 -0.0570495 0.998367
outer loop
vertex 0.710624 7.215089 5.550000
vertex 0.000000 6.900000 5.530000
vertex 0.676318 6.866775 5.530000
endloop
endfacet
facet normal 0.00280266 -0.0570495 0.998367
outer loop
vertex 0.000000 7.250000 5.550000
vertex -0.710624 7.215089 5.550000
vertex -0.676318 6.866775 5.530000
endloop
endfacet
facet normal 0.00280268 -0.0570495 0.998367
outer loop
vertex 0.000000 7.250000 5.550000
vertex -0.676318 6.866775 5.530000
vertex 0.000000 6.900000 5.530000
endloop
endfacet
facet normal 0.00838098 -0.0565001 0.998367
outer loop
vertex -0.710624 7.215089 5.550000
vertex -1.414405 7.110693 5.550000
vertex -1.346123 6.767418 5.530000
endloop
endfacet
facet normal 0.00838099 -0.0565001 0.998367
outer loop
vertex -0.710624 7.215089 5.550000
vertex -1.346123 6.767418 5.530000
vertex -0.676318 6.866775 5.530000
endloop
endfacet
facet normal 0.0138786 -0.0554065 0.998367
outer loop
vertex -1.414405 7.110693 5.550000
vertex -2.104564 6.937818 5.550000
vertex -2.002964 6.602888 5.530000
endloop
endfacet
facet normal 0.0138786 -0.0554065 0.998367
outer loop
vertex -1.414405 7.110693 5.550000
vertex -2.002964 6.602888 5.530000
vertex -1.346123 6.767418 5.530000
endloop
endfacet
facet normal 0.0192426 -0.0537794 0.998367
outer loop
vertex -2.104564 6.937818 5.550000
vertex -2.774455 6.698127 5.550000
vertex -2.640516 6.374769 5.530000
endloop
endfacet
facet normal 0.0192425 -0.0537794 0.998367
outer loop
vertex -2.104564 6.937818 5.550000
vertex -2.640516 6.374769 5.530000
vertex -2.002964 6.602888 5.530000
endloop
endfacet
facet normal 0.0244212 -0.0516343 0.998367
outer loop
vertex -2.774455 6.698127 5.550000
vertex -3.417626 6.393929 5.550000
vertex -3.252637 6.085257 5.530000
endloop
endfacet
facet normal 0.0244212 -0.0516343 0.998367
outer loop
vertex -2.774455 6.698127 5.550000
vertex -3.252637 6.085257 5.530000
vertex -2.640516 6.374769 5.530000
endloop
endfacet
facet normal 0.0293647 -0.048992 0.998367
outer loop
vertex -3.417626 6.393929 5.550000
vertex -4.027884 6.028155 5.550000
vertex -3.833435 5.737140 5.530000
endloop
endfacet
facet normal 0.0293647 -0.048992 0.998367
outer loop
vertex -3.417626 6.393929 5.550000
vertex -3.833435 5.737140 5.530000
vertex -3.252637 6.085257 5.530000
endloop
endfacet
facet normal 0.0340253 -0.0458779 0.998367
outer loop
vertex -4.027884 6.028155 5.550000
vertex -4.599351 5.604326 5.550000
vertex -4.377314 5.333772 5.530000
endloop
endfacet
facet normal 0.0340253 -0.0458778 0.998367
outer loop
vertex -4.027884 6.028155 5.550000
vertex -4.377314 5.333772 5.530000
vertex -3.833435 5.737140 5.530000
endloop
endfacet
facet normal 0.0383584 -0.0423219 0.998367
outer loop
vertex -4.599351 5.604326 5.550000
vertex -5.126524 5.126524 5.550000
vertex -4.879037 4.879037 5.530000
endloop
endfacet
facet normal 0.0383583 -0.0423219 0.998367
outer loop
vertex -4.599351 5.604326 5.550000
vertex -4.879037 4.879037 5.530000
vertex -4.377314 5.333772 5.530000
endloop
endfacet
facet normal 0.0423219 -0.0383583 0.998367
outer loop
vertex -5.126524 5.126524 5.550000
vertex -5.604326 4.599351 5.550000
vertex -5.333772 4.377314 5.530000
endloop
endfacet
facet normal 0.0423219 -0.0383583 0.998367
outer loop
vertex -5.126524 5.126524 5.550000
vertex -5.333772 4.377314 5.530000
vertex -4.879037 4.879037 5.530000
endloop
endfacet
facet normal 0.0458778 -0.0340253 0.998367
outer loop
vertex -5.604326 4.599351 5.550000
vertex -6.028155 4.027884 5.550000
vertex -5.737140 3.833435 5.530000
endloop
endfacet
facet normal 0.0458779 -0.0340253 0.998367
outer loop
vertex -5.604326 4.599351 5.550000
vertex -5.737140 3.833435 5.530000
vertex -5.333772 4.377314 5.530000
endloop
endfacet
facet normal 0.048992 -0.0293647 0.998367
outer loop
vertex -6.028155 4.027884 5.550000
vertex -6.393929 3.417626 5.550000
vertex -6.085257 3.252637 5.530000
endloop
endfacet
facet normal 0.048992 -0.0293647 0.998367
outer loop
vertex -6.028155 4.027884 5.550000
vertex -6.085257 3.252637 5.530000
vertex -5.737140 3.833435 5.530000
endloop
endfacet
facet normal 0.0516343 -0.0244212 0.998367
outer loop
vertex -6.393929 3.417626 5.550000
vertex -6.698127 2.774455 5.550000
vertex -6.374769 2.640516 5.530000
endloop
endfacet
facet normal 0.0516343 -0.0244212 0.998367
outer loop
vertex -6.393929 3.417626 5.550000
vertex -6.374769 2.640516 5.530000
vertex -6.085257 3.252637 5.530000
endloop
endfacet
facet normal 0.0537794 -0.0192426 0.998367
outer loop
vertex -6.698127 2.774455 5.550000
vertex -6.937818 2.104564 5.550000
vertex -6.602888 2.002964 5.530000
endloop
endfacet
facet normal 0.0537794 -0.0192426 0.998367
outer loop
vertex -6.698127 2.774455 5.550000
vertex -6.602888 2.002964 5.530000
vertex -6.374769 2.640516 5.530000
endloop
endfacet
facet normal 0.0554065 -0.0138786 0.998367
outer loop
vertex -6.937818 2.104564 5.550000
vertex -7.110693 1.414405 5.550000
vertex -6.767418 1.346123 5.530000
endloop
endfacet
facet normal 0.0554065 -0.0138786 0.998367
outer loop
vertex -6.937818 2.104564 5.550000
vertex -6.767418 1.346123 5.530000
vertex -6.602888 2.002964 5.530000
endloop
endfacet
facet normal 0.0565001 -0.00838099 0.998367
outer loop
vertex -7.110693 1.414405 5.550000
vertex -7.215089 0.710624 5.550000
vertex -6.866775 0.676318 5.530000
endloop
endfacet
facet normal 0.0565001 -0.00838099 0.998367
outer loop
vertex -7.110693 1.414405 5.550000
vertex -6.866775 0.676318 5.530000
vertex -6.767418 1.346123 5.530000
endloop
endfacet
facet normal 0.0570495 -0.00280266 0.998367
outer loop
vertex -7.215089 0.710624 5.550000
vertex -7.250000 0.000000 5.550000
vertex -6.900000 0.000000 5.530000
endloop
endfacet
facet normal 0.0570495 -0.00280268 0.998367
outer loop
vertex -7.215089 0.710624 5.550000
vertex -6.900000 0.000000 5.530000
vertex -6.866775 0.676318 5.530000
endloop
endfacet
facet normal 0.0570495 0.00280266 0.998367
outer loop
vertex -7.250000 0.000000 5.550000
vertex -7.215089 -0.710624 5.550000
vertex -6.866775 -0.676318 5.530000
endloop
endfacet
facet normal 0.0570495 0.00280268 0.998367
outer loop
vertex -7.250000 0.000000 5.550000
vertex -6.866775 -0.676318 5.530000
vertex -6.900000 0.000000 5.530000
endloop
endfacet
facet normal 0.0565001 0.00838098 0.998367
outer loop
vertex -7.215089 -0.710624 5.550000
vertex -7.110693 -1.414405 5.550000
vertex -6.767418 -1.346123 5.530000
endloop
endfacet
facet normal 0.0565001 0.00838099 0.998367
outer loop
vertex -7.215089 -0.710624 5.550000
vertex -6.767418 -1.346123 5.530000
vertex -6.866775 -0.676318 5.530000
endloop
endfacet
facet normal 0.0554065 0.0138786 0.998367
outer loop
vertex -7.110693 -1.414405 5.550000
vertex -6.937818 -2.104564 5.550000
vertex -6.602888 -2.002964 5.530000
endloop
endfacet
facet normal 0.0554065 0.0138786 0.998367
outer loop
vertex -7.110693 -1.414405 5.550000
vertex -6.602888 -2.002964 5.530000
vertex -6.767418 -1.346123 5.530000
endloop
endfacet
facet normal 0.0537794 0.0192426 0.998367
outer loop
vertex -6.937818 -2.104564 5.550000
vertex -6.698127 -2.774455 5.550000
vertex -6.374769 -2.640516 5.530000
endloop
endfacet
facet normal 0.0537794 0.0192425 0.998367
outer loop
vertex -6.937818 -2.104564 5.550000
vertex -6.374769 -2.640516 5.530000
vertex -6.602888 -2.002964 5.530000
endloop
endfacet
facet normal 0.0516343 0.0244212 0.998367
outer loop
vertex -6.698127 -2.774455 5.550000
vertex -6.393929 -3.417626 5.550000
vertex -6.085257 -3.252637 5.530000
endloop
endfacet
facet normal 0.0516343 0.0244212 0.998367
outer loop
vertex -6.698127 -2.774455 5.550000
vertex -6.085257 -3.252637 5.530000
vertex -6.374769 -2.640516 5.530000
endloop
endfacet
facet normal 0.048992 0.0293647 0.998367
outer loop
vertex -6.393929 -3.417626 5.550000
vertex -6.028155 -4.027884 5.550000
vertex -5.737140 -3.833435 5.530000
endloop
endfacet
facet normal 0.048992 0.0293647 0.998367
outer loop
vertex -6.393929 -3.417626 5.550000
vertex -5.737140 -3.833435 5.530000
vertex -6.085257 -3.252637 5.530000
endloop
endfacet
facet normal 0.0458779 0.0340253 0.998367
outer loop
vertex -6.028155 -4.027884 5.550000
vertex -5.604326 -4.599351 5.550000
vertex -5.333772 -4.377314 5.530000
endloop
endfacet
facet normal 0.0458778 0.0340253 0.998367
outer loop
vertex -6.028155 -4.027884 5.550000
vertex -5.333772 -4.377314 5.530000
vertex -5.737140 -3.833435 5.530000
endloop
endfacet
facet normal 0.0423219 0.0383584 0.998367
outer loop
vertex -5.604326 -4.599351 5.550000
vertex -5.126524 -5.126524 5.550000
vertex -4.879037 -4.879037 5.530000
endloop
endfacet
facet normal 0.0423219 0.0383583 0.998367
outer loop
vertex -5.604326 -4.599351 5.550000
vertex -4.879037 -4.879037 5.530000
vertex -5.333772 -4.377314 5.530000
endloop
endfacet
facet normal 0.0383583 0.0423219 0.998367
outer loop
vertex -5.126524 -5.126524 5.550000
vertex -4.599351 -5.604326 5.550000
vertex -4.377314 -5.333772 5.530000
endloop
endfacet
facet normal 0.0383583 0.0423219 0.998367
outer loop
vertex -5.126524 -5.126524 5.550000
vertex -4.377314 -5.333772 5.530000
vertex -4.879037 -4.879037 5.530000
endloop
endfacet
facet normal 0.0340253 0.0458778 0.998367
outer loop
vertex -4.599351 -5.604326 5.550000
vertex -4.027884 -6.028155 5.550000
vertex -3.833435 -5.737140 5.530000
endloop
endfacet
facet normal 0.0340253 0.0458779 0.998367
outer loop
vertex -4.599351 -5.604326 5.550000
vertex -3.833435 -5.737140 5.530000
vertex -4.377314 -5.333772 5.530000
endloop
endfacet
facet normal 0.0293647 0.048992 0.998367
outer loop
vertex -4.027884 -6.028155 5.550000
vertex -3.417626 -6.393929 5.550000
vertex -3.252637 -6.085257 5.530000
endloop
endfacet
facet normal 0.0293647 0.048992 0.998367
outer loop
vertex -4.027884 -6.028155 5.550000
vertex -3.252637 -6.085257 5.530000
vertex -3.833435 -5.737140 5.530000
endloop
endfacet
facet normal 0.0244212 0.0516343 0.998367
outer loop
vertex -3.417626 -6.393929 5.550000
vertex -2.774455 -6.698127 5.550000
vertex -2.640516 -6.374769 5.530000
endloop
endfacet
facet normal 0.0244212 0.0516343 0.998367
outer loop
vertex -3.417626 -6.393929 5.550000
vertex -2.640516 -6.374769 5.530000
vertex -3.252637 -6.085257 5.530000
endloop
endfacet
facet normal 0.0192426 0.0537794 0.998367
outer loop
vertex -2.774455 -6.698127 5.550000
vertex -2.104564 -6.937818 5.550000
vertex -2.002964 -6.602888 5.530000
endloop
endfacet
facet normal 0.0192426 0.0537794 0.998367
outer loop
vertex -2.774455 -6.698127 5.550000
vertex -2.002964 -6.602888 5.530000
vertex -2.640516 -6.374769 5.530000
endloop
endfacet
facet normal 0.0138786 0.0554065 0.998367
outer loop
vertex -2.104564 -6.937818 5.550000
vertex -1.414405 -7.110693 5.550000
vertex -1.346123 -6.767418 5.530000
endloop
endfacet
facet normal 0.0138786 0.0554065 0.998367
outer loop
vertex -2.104564 -6.937818 5.550000
vertex -1.346123 -6.767418 5.530000
vertex -2.002964 -6.602888 5.530000
endloop
endfacet
facet normal 0.00838099 0.0565001 0.998367
outer loop
vertex -1.414405 -7.110693 5.550000
vertex -0.710624 -7.215089 5.550000
vertex -0.676318 -6.866775 5.530000
endloop
endfacet
facet normal 0.00838099 0.0565001 0.998367
outer loop
vertex -1.414405 -7.110693 5.550000
vertex -0.676318 -6.866775 5.530000
vertex -1.346123 -6.767418 5.530000
endloop
endfacet
facet normal 0.00280266 0.0570495 0.998367
outer loop
vertex -0.710624 -7.215089 5.550000
vertex -0.000000 -7.250000 5.550000
vertex -0.000000 -6.900000 5.530000
endloop
endfacet
facet normal 0.00280268 0.0570495 0.998367
outer loop
vertex -0.710624 -7.215089 5.550000
vertex -0.000000 -6.900000 5.530000
vertex -0.676318 -6.866775 5.530000
endloop
endfacet
facet normal -0.00280266 0.0570495 0.998367
outer loop
vertex -0.000000 -7.250000 5.550000
vertex 0.710624 -7.215089 5.550000
vertex 0.676318 -6.866775 5.530000
endloop
endfacet
facet normal -0.00280268 0.0570495 0.998367
outer loop
vertex -0.000000 -7.250000 5.550000
vertex 0.676318 -6.866775 5.530000
vertex -0.000000 -6.900000 5.530000
endloop
endfacet
facet normal -0.00838098 0.0565001 0.998367
outer loop
vertex 0.710624 -7.215089 5.550000
vertex 1.414405 -7.110693 5.550000
vertex 1.346123 -6.767418 5.530000
endloop
endfacet
facet normal -0.00838099 0.0565001 0.998367
outer loop
vertex 0.710624 -7.215089 5.550000
vertex 1.346123 -6.767418 5.530000
vertex 0.676318 -6.866775 5.530000
endloop
endfacet
facet normal -0.0138786 0.0554065 0.998367
outer loop
vertex 1.414405 -7.110693 5.550000
vertex 2.104564 -6.937818 5.550000
vertex 2.002964 -6.602888 5.530000
endloop
endfacet
facet normal -0.0138786 0.0554065 0.998367
outer loop
vertex 1.414405 -7.110693 5.550000
vertex 2.002964 -6.602888 5.530000
vertex 1.346123 -6.767418 5.530000
endloop
endfacet
facet normal -0.0192426 0.0537794 0.998367
outer loop
vertex 2.104564 -6.937818 5.550000
vertex 2.774455 -6.698127 5.550000
vertex 2.640516 -6.374769 5.530000
endloop
endfacet
facet normal -0.0192425 0.0537794 0.998367
outer loop
vertex 2.104564 -6.937818 5.550000
vertex 2.640516 -6.374769 5.530000
vertex 2.002964 -6.602888 5.530000
endloop
endfacet
facet normal -0.0244212 0.0516343 0.998367
outer loop
vertex 2.774455 -6.698127 5.550000
vertex 3.417626 -6.393929 5.550000
vertex 3.252637 -6.085257 5.530000
endloop
endfacet
facet normal -0.0244212 0.0516343 0.998367
outer loop
vertex 2.774455 -6.698127 5.550000
vertex 3.252637 -6.085257 5.530000
vertex 2.640516 -6.374769 5.530000
endloop
endfacet
facet normal -0.0293647 0.048992 0.998367
outer loop
vertex 3.417626 -6.393929 5.550000
vertex 4.027884 -6.028155 5.550000
vertex 3.833435 -5.737140 5.530000
endloop
endfacet
facet normal -0.0293647 0.048992 0.998367
outer loop
vertex 3.417626 -6.393929 5.550000
vertex 3.833435 -5.737140 5.530000
vertex 3.252637 -6.085257 5.530000
endloop
endfacet
facet normal -0.0340253 0.0458779 0.998367
outer loop
vertex 4.027884 -6.028155 5.550000
vertex 4.599351 -5.604326 5.550000
vertex 4.377314 -5.333772 5.530000
endloop
endfacet
facet normal -0.0340253 0.0458778 0.998367
outer loop
vertex 4.027884 -6.028155 5.550000
vertex 4.377314 -5.333772 5.530000
vertex 3.833435 -5.737140 5.530000
endloop
endfacet
facet normal -0.0383584 0.0423219 0.998367
outer loop
vertex 4.599351 -5.604326 5.550000
vertex 5.126524 -5.126524 5.550000
vertex 4.879037 -4.879037 5.530000
endloop
endfacet
facet normal -0.0383583 0.0423219 0.998367
outer loop
vertex 4.599351 -5.604326 5.550000
vertex 4.879037 -4.879037 5.530000
vertex 4.377314 -5.333772 5.530000
endloop
endfacet
facet normal -0.0423219 0.0383583 0.998367
outer loop
vertex 5.126524 -5.126524 5.550000
vertex 5.604326 -4.599351 5.550000
vertex 5.333772 -4.377314 5.530000
endloop
endfacet
facet normal -0.0423219 0.0383583 0.998367
outer loop
vertex 5.126524 -5.126524 5.550000
vertex 5.333772 -4.377314 5.530000
vertex 4.879037 -4.879037 5.530000
endloop
endfacet
facet normal -0.0458778 0.0340253 0.998367
outer loop
vertex 5.604326 -4.599351 5.550000
vertex 6.028155 -4.027884 5.550000
vertex 5.737140 -3.833435 5.530000
endloop
endfacet
facet normal -0.0458779 0.0340253 0.998367
outer loop
vertex 5.604326 -4.599351 5.550000
vertex 5.737140 -3.833435 5.530000
vertex 5.333772 -4.377314 5.530000
endloop
endfacet
facet normal -0.048992 0.0293647 0.998367
outer loop
vertex 6.028155 -4.027884 5.550000
vertex 6.393929 -3.417626 5.550000
vertex 6.085257 -3.252637 5.530000
endloop
endfacet
facet normal -0.048992 0.0293647 0.998367
outer loop
vertex 6.028155 -4.027884 5.550000
vertex 6.085257 -3.252637 5.530000
vertex 5.737140 -3.833435 5.530000
endloop
endfacet
facet normal -0.0516343 0.0244212 0.998367
outer loop
vertex 6.393929 -3.417626 5.550000
vertex 6.698127 -2.774455 5.550000
vertex 6.374769 -2.640516 5.530000
endloop
endfacet
facet normal -0.0516343 0.0244212 0.998367
outer loop
vertex 6.393929 -3.417626 5.550000
vertex 6.374769 -2.640516 5.530000
vertex 6.085257 -3.252637 5.530000
endloop
endfacet
facet normal -0.0537794 0.0192426 0.998367
outer loop
vertex 6.698127 -2.774455 5.550000
vertex 6.937818 -2.104564 5.550000
vertex 6.602888 -2.002964 5.530000
endloop
endfacet
facet normal -0.0537794 0.0192426 0.998367
outer loop
vertex 6.698127 -2.774455 5.550000
vertex 6.602888 -2.002964 5.530000
vertex 6.374769 -2.640516 5.530000
endloop
endfacet
facet normal -0.0554065 0.0138786 0.998367
outer loop
vertex 6.937818 -2.104564 5.550000
vertex 7.110693 -1.414405 5.550000
vertex 6.767418 -1.346123 5.530000
endloop
endfacet
facet normal -0.0554065 0.0138786 0.998367
outer loop
vertex 6.937818 -2.104564 5.550000
vertex 6.767418 -1.346123 5.530000
vertex 6.602888 -2.002964 5.530000
endloop
endfacet
facet normal -0.0565001 0.00838099 0.998367
outer loop
vertex 7.110693 -1.414405 5.550000
vertex 7.215089 -0.710624 5.550000
vertex 6.866775 -0.676318 5.530000
endloop
endfacet
facet normal -0.0565001 0.00838099 0.998367
outer loop
vertex 7.110693 -1.414405 5.550000
vertex 6.866775 -0.676318 5.530000
vertex 6.767418 -1.346123 5.530000
endloop
endfacet
facet normal -0.0570495 0.00280266 0.998367
outer loop
vertex 7.215089 -0.710624 5.550000
vertex 7.250000 0.000000 5.550000
vertex 6.900000 -0.000000 5.530000
endloop
endfacet
facet normal -0.0570495 0.00280268 0.998367
outer loop
vertex 7.215089 -0.710624 5.550000
vertex 6.900000 -0.000000 5.530000
vertex 6.866775 -0.676318 5.530000
endloop
endfacet
facet normal -0.397532 -0.0195296 0.91738
outer loop
vertex 6.900000 -0.000000 5.530000
vertex 6.866775 0.676318 5.530000
vertex 6.568219 0.646913 5.400000
endloop
endfacet
facet normal -0.397532 -0.0195294 0.917381
outer loop
vertex 6.900000 -0.000000 5.530000
vertex 6.568219 0.646913 5.400000
vertex 6.600000 -0.000000 5.400000
endloop
endfacet
facet normal -0.393703 -0.0584004 0.917381
outer loop
vertex 6.866775 0.676318 5.530000
vertex 6.767418 1.346123 5.530000
vertex 6.473183 1.287596 5.400000
endloop
endfacet
facet normal -0.393703 -0.0584005 0.917381
outer loop
vertex 6.866775 0.676318 5.530000
vertex 6.473183 1.287596 5.400000
vertex 6.568219 0.646913 5.400000
endloop
endfacet
facet normal -0.386084 -0.0967091 0.91738
outer loop
vertex 6.767418 1.346123 5.530000
vertex 6.602888 2.002964 5.530000
vertex 6.315806 1.915879 5.400000
endloop
endfacet
facet normal -0.386083 -0.0967086 0.917381
outer loop
vertex 6.767418 1.346123 5.530000
vertex 6.315806 1.915879 5.400000
vertex 6.473183 1.287596 5.400000
endloop
endfacet
facet normal -0.374745 -0.134086 0.917381
outer loop
vertex 6.602888 2.002964 5.530000
vertex 6.374769 2.640516 5.530000
vertex 6.097605 2.525711 5.400000
endloop
endfacet
facet normal -0.374746 -0.134086 0.91738
outer loop
vertex 6.602888 2.002964 5.530000
vertex 6.097605 2.525711 5.400000
vertex 6.315806 1.915879 5.400000
endloop
endfacet
facet normal -0.359798 -0.170172 0.91738
outer loop
vertex 6.374769 2.640516 5.530000
vertex 6.085257 3.252637 5.530000
vertex 5.820680 3.111218 5.400000
endloop
endfacet
facet normal -0.359798 -0.170172 0.917381
outer loop
vertex 6.374769 2.640516 5.530000
vertex 5.820680 3.111218 5.400000
vertex 6.097605 2.525711 5.400000
endloop
endfacet
facet normal -0.341386 -0.204619 0.91738
outer loop
vertex 6.085257 3.252637 5.530000
vertex 5.737140 3.833435 5.530000
vertex 5.487700 3.666764 5.400000
endloop
endfacet
facet normal -0.341386 -0.204619 0.917381
outer loop
vertex 6.085257 3.252637 5.530000
vertex 5.487700 3.666764 5.400000
vertex 5.820680 3.111218 5.400000
endloop
endfacet
facet normal -0.319686 -0.237095 0.917381
outer loop
vertex 5.737140 3.833435 5.530000
vertex 5.333772 4.377314 5.530000
vertex 5.101869 4.186996 5.400000
endloop
endfacet
facet normal -0.319686 -0.237095 0.91738
outer loop
vertex 5.737140 3.833435 5.530000
vertex 5.101869 4.186996 5.400000
vertex 5.487700 3.666764 5.400000
endloop
endfacet
facet normal -0.294907 -0.267288 0.91738
outer loop
vertex 5.333772 4.377314 5.530000
vertex 4.879037 4.879037 5.530000
vertex 4.666905 4.666905 5.400000
endloop
endfacet
facet normal -0.294907 -0.267288 0.917381
outer loop
vertex 5.333772 4.377314 5.530000
vertex 4.666905 4.666905 5.400000
vertex 5.101869 4.186996 5.400000
endloop
endfacet
facet normal -0.267288 -0.294907 0.917381
outer loop
vertex 4.879037 4.879037 5.530000
vertex 4.377314 5.333772 5.530000
vertex 4.186996 5.101869 5.400000
endloop
endfacet
facet normal -0.267288 -0.294907 0.91738
outer loop
vertex 4.879037 4.879037 5.530000
vertex 4.186996 5.101869 5.400000
vertex 4.666905 4.666905 5.400000
endloop
endfacet
facet normal -0.237095 -0.319686 0.91738
outer loop
vertex 4.377314 5.333772 5.530000
vertex 3.833435 5.737140 5.530000
vertex 3.666764 5.487700 5.400000
endloop
endfacet
facet normal -0.237095 -0.319686 0.917381
outer loop
vertex 4.377314 5.333772 5.530000
vertex 3.666764 5.487700 5.400000
vertex 4.186996 5.101869 5.400000
endloop
endfacet
facet normal -0.204619 -0.341386 0.91738
outer loop
vertex 3.833435 5.737140 5.530000
vertex 3.252637 6.085257 5.530000
vertex 3.111218 5.820680 5.400000
endloop
endfacet
facet normal -0.204619 -0.341386 0.91738
outer loop
vertex 3.833435 5.737140 5.530000
vertex 3.111218 5.820680 5.400000
vertex 3.666764 5.487700 5.400000
endloop
endfacet
facet normal -0.170172 -0.359798 0.917381
outer loop
vertex 3.252637 6.085257 5.530000
vertex 2.640516 6.374769 5.530000
vertex 2.525711 6.097605 5.400000
endloop
endfacet
facet normal -0.170172 -0.359798 0.917381
outer loop
vertex 3.252637 6.085257 5.530000
vertex 2.525711 6.097605 5.400000
vertex 3.111218 5.820680 5.400000
endloop
endfacet
facet normal -0.134086 -0.374746 0.91738
outer loop
vertex 2.640516 6.374769 5.530000
vertex 2.002964 6.602888 5.530000
vertex 1.915879 6.315806 5.400000
endloop
endfacet
facet normal -0.134086 -0.374745 0.917381
outer loop
vertex 2.640516 6.374769 5.530000
vertex 1.915879 6.315806 5.400000
vertex 2.525711 6.097605 5.400000
endloop
endfacet
facet normal -0.0967089 -0.386083 0.917381
outer loop
vertex 2.002964 6.602888 5.530000
vertex 1.346123 6.767418 5.530000
vertex 1.287596 6.473183 5.400000
endloop
endfacet
facet normal -0.0967088 -0.386084 0.91738
outer loop
vertex 2.002964 6.602888 5.530000
vertex 1.287596 6.473183 5.400000
vertex 1.915879 6.315806 5.400000
endloop
endfacet
facet normal -0.0584004 -0.393703 0.91738
outer loop
vertex 1.346123 6.767418 5.530000
vertex 0.676318 6.866775 5.530000
vertex 0.646913 6.568219 5.400000
endloop
endfacet
facet normal -0.0584005 -0.393703 0.917381
outer loop
vertex 1.346123 6.767418 5.530000
vertex 0.646913 6.568219 5.400000
vertex 1.287596 6.473183 5.400000
endloop
endfacet
facet normal -0.0195296 -0.397532 0.917381
outer loop
vertex 0.676318 6.866775 5.530000
vertex 0.000000 6.900000 5.530000
vertex 0.000000 6.600000 5.400000
endloop
endfacet
facet normal -0.0195294 -0.397532 0.91738
outer loop
vertex 0.676318 6.866775 5.530000
vertex 0.000000 6.600000 5.400000
vertex 0.646913 6.568219 5.400000
endloop
endfacet
facet normal 0.0195296 -0.397532 0.91738
outer loop
vertex 0.000000 6.900000 5.530000
vertex -0.676318 6.866775 5.530000
vertex -0.646913 6.568219 5.400000
endloop
endfacet
facet normal 0.0195294 -0.397532 0.917381
outer loop
vertex 0.000000 6.900000 5.530000
vertex -0.646913 6.568219 5.400000
vertex 0.000000 6.600000 5.400000
endloop
endfacet
facet normal 0.0584004 -0.393703 0.917381
outer loop
vertex -0.676318 6.866775 5.530000
vertex -1.346123 6.767418 5.530000
vertex -1.287596 6.473183 5.400000
endloop
endfacet
facet normal 0.0584005 -0.393703 0.917381
outer loop
vertex -0.676318 6.866775 5.530000
vertex -1.287596 6.473183 5.400000
vertex -0.646913 6.568219 5.400000
endloop
endfacet
facet normal 0.0967091 -0.386084 0.91738
outer loop
vertex -1.346123 6.767418 5.530000
vertex -2.002964 6.602888 5.530000
vertex -1.915879 6.315806 5.400000
endloop
endfacet
facet normal 0.0967086 -0.386083 0.917381
outer loop
vertex -1.346123 6.767418 5.530000
vertex -1.915879 6.315806 5.400000
vertex -1.287596 6.473183 5.400000
endloop
endfacet
facet normal 0.134086 -0.374745 0.917381
outer loop
vertex -2.002964 6.602888 5.530000
vertex -2.640516 6.374769 5.530000
vertex -2.525711 6.097605 5.400000
endloop
endfacet
facet normal 0.134086 -0.374746 0.91738
outer loop
vertex -2.002964 6.602888 5.530000
vertex -2.525711 6.097605 5.400000
vertex -1.915879 6.315806 5.400000
endloop
endfacet
facet normal 0.170172 -0.359798 0.91738
outer loop
vertex -2.640516 6.374769 5.530000
vertex -3.252637 6.085257 5.530000
vertex -3.111218 5.820680 5.400000
endloop
endfacet
facet normal 0.170172 -0.359798 0.917381
outer loop
vertex -2.640516 6.374769 5.530000
vertex -3.111218 5.820680 5.400000
vertex -2.525711 6.097605 5.400000
endloop
endfacet
facet normal 0.204619 -0.341386 0.91738
outer loop
vertex -3.252637 6.085257 5.530000
vertex -3.833435 5.737140 5.530000
vertex -3.666764 5.487700 5.400000
endloop
endfacet
facet normal 0.204619 -0.341386 0.917381
outer loop
vertex -3.252637 6.085257 5.530000
vertex -3.666764 5.487700 5.400000
vertex -3.111218 5.820680 5.400000
endloop
endfacet
facet normal 0.237095 -0.319686 0.917381
outer loop
vertex -3.833435 5.737140 5.530000
vertex -4.377314 5.333772 5.530000
vertex -4.186996 5.101869 5.400000
endloop
endfacet
facet normal 0.237095 -0.319686 0.91738
outer loop
vertex -3.833435 5.737140 5.530000
vertex -4.186996 5.101869 5.400000
vertex -3.666764 5.487700 5.400000
endloop
endfacet
facet normal 0.267288 -0.294907 0.91738
outer loop
vertex -4.377314 5.333772 5.530000
vertex -4.879037 4.879037 5.530000
vertex -4.666905 4.666905 5.400000
endloop
endfacet
facet normal 0.267288 -0.294907 0.917381
outer loop
vertex -4.377314 5.333772 5.530000
vertex -4.666905 4.666905 5.400000
vertex -4.186996 5.101869 5.400000
endloop
endfacet
facet normal 0.294907 -0.267288 0.917381
outer loop
vertex -4.879037 4.879037 5.530000
vertex -5.333772 4.377314 5.530000
vertex -5.101869 4.186996 5.400000
endloop
endfacet
facet normal 0.294907 -0.267288 0.91738
outer loop
vertex -4.879037 4.879037 5.530000
vertex -5.101869 4.186996 5.400000
vertex -4.666905 4.666905 5.400000
endloop
endfacet
facet normal 0.319686 -0.237095 0.91738
outer loop
vertex -5.333772 4.377314 5.530000
vertex -5.737140 3.833435 5.530000
vertex -5.487700 3.666764 5.400000
endloop
endfacet
facet normal 0.319686 -0.237095 0.917381
outer loop
vertex -5.333772 4.377314 5.530000
vertex -5.487700 3.666764 5.400000
vertex -5.101869 4.186996 5.400000
endloop
endfacet
facet normal 0.341386 -0.204619 0.91738
outer loop
vertex -5.737140 3.833435 5.530000
vertex -6.085257 3.252637 5.530000
vertex -5.820680 3.111218 5.400000
endloop
endfacet
facet normal 0.341386 -0.204619 0.91738
outer loop
vertex -5.737140 3.833435 5.530000
vertex -5.820680 3.111218 5.400000
vertex -5.487700 3.666764 5.400000
endloop
endfacet
facet normal 0.359798 -0.170172 0.917381
outer loop
vertex -6.085257 3.252637 5.530000
vertex -6.374769 2.640516 5.530000
vertex -6.097605 2.525711 5.400000
endloop
endfacet
facet normal 0.359798 -0.170172 0.917381
outer loop
vertex -6.085257 3.252637 5.530000
vertex -6.097605 2.525711 5.400000
vertex -5.820680 3.111218 5.400000
endloop
endfacet
facet normal 0.374746 -0.134086 0.91738
outer loop
vertex -6.374769 2.640516 5.530000
vertex -6.602888 2.002964 5.530000
vertex -6.315806 1.915879 5.400000
endloop
endfacet
facet normal 0.374745 -0.134086 0.917381
outer loop
vertex -6.374769 2.640516 5.530000
vertex -6.315806 1.915879 5.400000
vertex -6.097605 2.525711 5.400000
endloop
endfacet
facet normal 0.386083 -0.0967089 0.917381
outer loop
vertex -6.602888 2.002964 5.530000
vertex -6.767418 1.346123 5.530000
vertex -6.473183 1.287596 5.400000
endloop
endfacet
facet normal 0.386084 -0.0967088 0.91738
outer loop
vertex -6.602888 2.002964 5.530000
vertex -6.473183 1.287596 5.400000
vertex -6.315806 1.915879 5.400000
endloop
endfacet
facet normal 0.393703 -0.0584004 0.91738
outer loop
vertex -6.767418 1.346123 5.530000
vertex -6.866775 0.676318 5.530000
vertex -6.568219 0.646913 5.400000
endloop
endfacet
facet normal 0.393703 -0.0584005 0.917381
outer loop
vertex -6.767418 1.346123 5.530000
vertex -6.568219 0.646913 5.400000
vertex -6.473183 1.287596 5.400000
endloop
endfacet
facet normal 0.397532 -0.0195296 0.917381
outer loop
vertex -6.866775 0.676318 5.530000
vertex -6.900000 0.000000 5.530000
vertex -6.600000 0.000000 5.400000
endloop
endfacet
facet normal 0.397532 -0.0195294 0.91738
outer loop
vertex -6.866775 0.676318 5.530000
vertex -6.600000 0.000000 5.400000
vertex -6.568219 0.646913 5.400000
endloop
endfacet
facet normal 0.397532 0.0195296 0.91738
outer loop
vertex -6.900000 0.000000 5.530000
vertex -6.866775 -0.676318 5.530000
vertex -6.568219 -0.646913 5.400000
endloop
endfacet
facet normal 0.397532 0.0195294 0.917381
outer loop
vertex -6.900000 0.000000 5.530000
vertex -6.568219 -0.646913 5.400000
vertex -6.600000 0.000000 5.400000
endloop
endfacet
facet normal 0.393703 0.0584004 0.917381
outer loop
vertex -6.866775 -0.676318 5.530000
vertex -6.767418 -1.346123 5.530000
vertex -6.473183 -1.287596 5.400000
endloop
endfacet
facet normal 0.393703 0.0584005 0.917381
outer loop
vertex -6.866775 -0.676318 5.530000
vertex -6.473183 -1.287596 5.400000
vertex -6.568219 -0.646913 5.400000
endloop
endfacet
facet normal 0.386084 0.0967091 0.91738
outer loop
vertex -6.767418 -1.346123 5.530000
vertex -6.602888 -2.002964 5.530000
vertex -6.315806 -1.915879 5.400000
endloop
endfacet
facet normal 0.386083 0.0967086 0.917381
outer loop
vertex -6.767418 -1.346123 5.530000
vertex -6.315806 -1.915879 5.400000
vertex -6.473183 -1.287596 5.400000
endloop
endfacet
facet normal 0.374745 0.134086 0.917381
outer loop
vertex -6.602888 -2.002964 5.530000
vertex -6.374769 -2.640516 5.530000
vertex -6.097605 -2.525711 5.400000
endloop
endfacet
facet normal 0.374746 0.134086 0.91738
outer loop
vertex -6.602888 -2.002964 5.530000
vertex -6.097605 -2.525711 5.400000
vertex -6.315806 -1.915879 5.400000
endloop
endfacet
facet normal 0.359798 0.170172 0.91738
outer loop
vertex -6.374769 -2.640516 5.530000
vertex -6.085257 -3.252637 5.530000
vertex -5.820680 -3.111218 5.400000
endloop
endfacet
facet normal 0.359798 0.170172 0.917381
outer loop
vertex -6.374769 -2.640516 5.530000
vertex -5.820680 -3.111218 5.400000
vertex -6.097605 -2.525711 5.400000
endloop
endfacet
facet normal 0.341386 0.204619 0.91738
outer loop
vertex -6.085257 -3.252637 5.530000
vertex -5.737140 -3.833435 5.530000
vertex -5.487700 -3.666764 5.400000
endloop
endfacet
facet normal 0.341386 0.204619 0.917381
outer loop
vertex -6.085257 -3.252637 5.530000
vertex -5.487700 -3.666764 5.400000
vertex -5.820680 -3.111218 5.400000
endloop
endfacet
facet normal 0.319686 0.237095 0.917381
outer loop
vertex -5.737140 -3.833435 5.530000
vertex -5.333772 -4.377314 5.530000
vertex -5.101869 -4.186996 5.400000
endloop
endfacet
facet normal 0.319686 0.237095 0.91738
outer loop
vertex -5.737140 -3.833435 5.530000
vertex -5.101869 -4.186996 5.400000
vertex -5.487700 -3.666764 5.400000
endloop
endfacet
facet normal 0.294907 0.267288 0.91738
outer loop
vertex -5.333772 -4.377314 5.530000
vertex -4.879037 -4.879037 5.530000
vertex -4.666905 -4.666905 5.400000
endloop
endfacet
facet normal 0.294907 0.267288 0.917381
outer loop
vertex -5.333772 -4.377314 5.530000
vertex -4.666905 -4.666905 5.400000
vertex -5.101869 -4.186996 5.400000
endloop
endfacet
facet normal 0.267288 0.294907 0.917381
outer loop
vertex -4.879037 -4.879037 5.530000
vertex -4.377314 -5.333772 5.530000
vertex -4.186996 -5.101869 5.400000
endloop
endfacet
facet normal 0.267288 0.294907 0.91738
outer loop
vertex -4.879037 -4.879037 5.530000
vertex -4.186996 -5.101869 5.400000
vertex -4.666905 -4.666905 5.400000
endloop
endfacet
facet normal 0.237095 0.319686 0.91738
outer loop
vertex -4.377314 -5.333772 5.530000
vertex -3.833435 -5.737140 5.530000
vertex -3.666764 -5.487700 5.400000
endloop
endfacet
facet normal 0.237095 0.319686 0.917381
outer loop
vertex -4.377314 -5.333772 5.530000
vertex -3.666764 -5.487700 5.400000
vertex -4.186996 -5.101869 5.400000
endloop
endfacet
facet normal 0.204619 0.341386 0.91738
outer loop
vertex -3.833435 -5.737140 5.530000
vertex -3.252637 -6.085257 5.530000
vertex -3.111218 -5.820680 5.400000
endloop
endfacet
facet normal 0.204619 0.341386 0.91738
outer loop
vertex -3.833435 -5.737140 5.530000
vertex -3.111218 -5.820680 5.400000
vertex -3.666764 -5.487700 5.400000
endloop
endfacet
facet normal 0.170172 0.359798 0.917381
outer loop
vertex -3.252637 -6.085257 5.530000
vertex -2.640516 -6.374769 5.530000
vertex -2.525711 -6.097605 5.400000
endloop
endfacet
facet normal 0.170172 0.359798 0.917381
outer loop
vertex -3.252637 -6.085257 5.530000
vertex -2.525711 -6.097605 5.400000
vertex -3.111218 -5.820680 5.400000
endloop
endfacet
facet normal 0.134086 0.374746 0.91738
outer loop
vertex -2.640516 -6.374769 5.530000
vertex -2.002964 -6.602888 5.530000
vertex -1.915879 -6.315806 5.400000
endloop
endfacet
facet normal 0.134086 0.374745 0.917381
outer loop
vertex -2.640516 -6.374769 5.530000
vertex -1.915879 -6.315806 5.400000
vertex -2.525711 -6.097605 5.400000
endloop
endfacet
facet normal 0.0967089 0.386083 0.917381
outer loop
vertex -2.002964 -6.602888 5.530000
vertex -1.346123 -6.767418 5.530000
vertex -1.287596 -6.473183 5.400000
endloop
endfacet
facet normal 0.0967088 0.386084 0.91738
outer loop
vertex -2.002964 -6.602888 5.530000
vertex -1.287596 -6.473183 5.400000
vertex -1.915879 -6.315806 5.400000
endloop
endfacet
facet normal 0.0584004 0.393703 0.91738
outer loop
vertex -1.346123 -6.767418 5.530000
vertex -0.676318 -6.866775 5.530000
vertex -0.646913 -6.568219 5.400000
endloop
endfacet
facet normal 0.0584005 0.393703 0.917381
outer loop
vertex -1.346123 -6.767418 5.530000
vertex -0.646913 -6.568219 5.400000
vertex -1.287596 -6.473183 5.400000
endloop
endfacet
facet normal 0.0195296 0.397532 0.917381
outer loop
vertex -0.676318 -6.866775 5.530000
vertex -0.000000 -6.900000 5.530000
vertex -0.000000 -6.600000 5.400000
endloop
endfacet
facet normal 0.0195294 0.397532 0.91738
outer loop
vertex -0.676318 -6.866775 5.530000
vertex -0.000000 -6.600000 5.400000
vertex -0.646913 -6.568219 5.400000
endloop
endfacet
facet normal -0.0195296 0.397532 0.91738
outer loop
vertex -0.000000 -6.900000 5.530000
vertex 0.676318 -6.866775 5.530000
vertex 0.646913 -6.568219 5.400000
endloop
endfacet
facet normal -0.0195294 0.397532 0.917381
outer loop
vertex -0.000000 -6.900000 5.530000
vertex 0.646913 -6.568219 5.400000
vertex -0.000000 -6.600000 5.400000
endloop
endfacet
facet normal -0.0584004 0.393703 0.917381
outer loop
vertex 0.676318 -6.866775 5.530000
vertex 1.346123 -6.767418 5.530000
vertex 1.287596 -6.473183 5.400000
endloop
endfacet
facet normal -0.0584005 0.393703 0.917381
outer loop
vertex 0.676318 -6.866775 5.530000
vertex 1.287596 -6.473183 5.400000
vertex 0.646913 -6.568219 5.400000
endloop
endfacet
facet normal -0.0967091 0.386084 0.91738
outer loop
vertex 1.346123 -6.767418 5.530000
vertex 2.002964 -6.602888 5.530000
vertex 1.915879 -6.315806 5.400000
endloop
endfacet
facet normal -0.0967086 0.386083 0.917381
outer loop
vertex 1.346123 -6.767418 5.530000
vertex 1.915879 -6.315806 5.400000
vertex 1.287596 -6.473183 5.400000
endloop
endfacet
facet normal -0.134086 0.374745 0.917381
outer loop
vertex 2.002964 -6.602888 5.530000
vertex 2.640516 -6.374769 5.530000
vertex 2.525711 -6.097605 5.400000
endloop
endfacet
facet normal -0.134086 0.374746 0.91738
outer loop
vertex 2.002964 -6.602888 5.530000
vertex 2.525711 -6.097605 5.400000
vertex 1.915879 -6.315806 5.400000
endloop
endfacet
facet normal -0.170172 0.359798 0.91738
outer loop
vertex 2.640516 -6.374769 5.530000
vertex 3.252637 -6.085257 5.530000
vertex 3.111218 -5.820680 5.400000
endloop
endfacet
facet normal -0.170172 0.359798 0.917381
outer loop
vertex 2.640516 -6.374769 5.530000
vertex 3.111218 -5.820680 5.400000
vertex 2.525711 -6.097605 5.400000
endloop
endfacet
facet normal -0.204619 0.341386 0.91738
outer loop
vertex 3.252637 -6.085257 5.530000
vertex 3.833435 -5.737140 5.530000
vertex 3.666764 -5.487700 5.400000
endloop
endfacet
facet normal -0.204619 0.341386 0.917381
outer loop
vertex 3.252637 -6.085257 5.530000
vertex 3.666764 -5.487700 5.400000
vertex 3.111218 -5.820680 5.400000
endloop
endfacet
facet normal -0.237095 0.319686 0.917381
outer loop
vertex 3.833435 -5.737140 5.530000
vertex 4.377314 -5.333772 5.530000
vertex 4.186996 -5.101869 5.400000
endloop
endfacet
facet normal -0.237095 0.319686 0.91738
outer loop
vertex 3.833435 -5.737140 5.530000
vertex 4.186996 -5.101869 5.400000
vertex 3.666764 -5.487700 5.400000
endloop
endfacet
facet normal -0.267288 0.294907 0.91738
outer loop
vertex 4.377314 -5.333772 5.530000
vertex 4.879037 -4.879037 5.530000
vertex 4.666905 -4.666905 5.400000
endloop
endfacet
facet normal -0.267288 0.294907 0.917381
outer loop
vertex 4.377314 -5.333772 5.530000
vertex 4.666905 -4.666905 5.400000
vertex 4.186996 -5.101869 5.400000
endloop
endfacet
facet normal -0.294907 0.267288 0.917381
outer loop
vertex 4.879037 -4.879037 5.530000
vertex 5.333772 -4.377314 5.530000
vertex 5.101869 -4.186996 5.400000
endloop
endfacet
facet normal -0.294907 0.267288 0.91738
outer loop
vertex 4.879037 -4.879037 5.530000
vertex 5.101869 -4.186996 5.400000
vertex 4.666905 -4.666905 5.400000
endloop
endfacet
facet normal -0.319686 0.237095 0.91738
outer loop
vertex 5.333772 -4.377314 5.530000
vertex 5.737140 -3.833435 5.530000
vertex 5.487700 -3.666764 5.400000
endloop
endfacet
facet normal -0.319686 0.237095 0.917381
outer loop
vertex 5.333772 -4.377314 5.530000
vertex 5.487700 -3.666764 5.400000
vertex 5.101869 -4.186996 5.400000
endloop
endfacet
facet normal -0.341386 0.204619 0.91738
outer loop
vertex 5.737140 -3.833435 5.530000
vertex 6.085257 -3.252637 5.530000
vertex 5.820680 -3.111218 5.400000
endloop
endfacet
facet normal -0.341386 0.204619 0.91738
outer loop
vertex 5.737140 -3.833435 5.530000
vertex 5.820680 -3.111218 5.400000
vertex 5.487700 -3.666764 5.400000
endloop
endfacet
facet normal -0.359798 0.170172 0.917381
outer loop
vertex 6.085257 -3.252637 5.530000
vertex 6.374769 -2.640516 5.530000
vertex 6.097605 -2.525711 5.400000
endloop
endfacet
facet normal -0.359798 0.170172 0.917381
outer loop
vertex 6.085257 -3.252637 5.530000
vertex 6.097605 -2.525711 5.400000
vertex 5.820680 -3.111218 5.400000
endloop
endfacet
facet normal -0.374746 0.134086 0.91738
outer loop
vertex 6.374769 -2.640516 5.530000
vertex 6.602888 -2.002964 5.530000
vertex 6.315806 -1.915879 5.400000
endloop
endfacet
facet normal -0.374745 0.134086 0.917381
outer loop
vertex 6.374769 -2.640516 5.530000
vertex 6.315806 -1.915879 5.400000
vertex 6.097605 -2.525711 5.400000
endloop
endfacet
facet normal -0.386083 0.0967089 0.917381
outer loop
vertex 6.602888 -2.002964 5.530000
vertex 6.767418 -1.346123 5.530000
vertex 6.473183 -1.287596 5.400000
endloop
endfacet
facet normal -0.386084 0.0967088 0.91738
outer loop
vertex 6.602888 -2.002964 5.530000
vertex 6.473183 -1.287596 5.400000
vertex 6.315806 -1.915879 5.400000
endloop
endfacet
facet normal -0.393703 0.0584004 0.91738
outer loop
vertex 6.767418 -1.346123 5.530000
vertex 6.866775 -0.676318 5.530000
vertex 6.568219 -0.646913 5.400000
endloop
endfacet
facet normal -0.393703 0.0584005 0.917381
outer loop
vertex 6.767418 -1.346123 5.530000
vertex 6.568219 -0.646913 5.400000
vertex 6.473183 -1.287596 5.400000
endloop
endfacet
facet normal -0.397532 0.0195296 0.917381
outer loop
vertex 6.866775 -0.676318 5.530000
vertex 6.900000 -0.000000 5.530000
vertex 6.600000 -0.000000 5.400000
endloop
endfacet
facet normal -0.397532 0.0195294 0.91738
outer loop
vertex 6.866775 -0.676318 5.530000
vertex 6.600000 -0.000000 5.400000
vertex 6.568219 -0.646913 5.400000
endloop
endfacet
facet normal -0.454365 -0.0223215 0.890536
outer loop
vertex 6.600000 -0.000000 5.400000
vertex 6.568219 0.646913 5.400000
vertex 6.070627 0.597905 5.144892
endloop
endfacet
facet normal -0.454365 -0.0223216 0.890536
outer loop
vertex 6.600000 -0.000000 5.400000
vertex 6.070627 0.597905 5.144892
vertex 6.100000 -0.000000 5.144892
endloop
endfacet
facet normal -0.44999 -0.0667498 0.890536
outer loop
vertex 6.568219 0.646913 5.400000
vertex 6.473183 1.287596 5.400000
vertex 5.982790 1.190051 5.144892
endloop
endfacet
facet normal -0.449989 -0.0667497 0.890536
outer loop
vertex 6.568219 0.646913 5.400000
vertex 5.982790 1.190051 5.144892
vertex 6.070627 0.597905 5.144892
endloop
endfacet
facet normal -0.44128 -0.110535 0.890536
outer loop
vertex 6.473183 1.287596 5.400000
vertex 6.315806 1.915879 5.400000
vertex 5.837336 1.770737 5.144892
endloop
endfacet
facet normal -0.44128 -0.110535 0.890536
outer loop
vertex 6.473183 1.287596 5.400000
vertex 5.837336 1.770737 5.144892
vertex 5.982790 1.190051 5.144892
endloop
endfacet
facet normal -0.428321 -0.153256 0.890536
outer loop
vertex 6.315806 1.915879 5.400000
vertex 6.097605 2.525711 5.400000
vertex 5.635665 2.334369 5.144892
endloop
endfacet
facet normal -0.428321 -0.153256 0.890536
outer loop
vertex 6.315806 1.915879 5.400000
vertex 5.635665 2.334369 5.144892
vertex 5.837336 1.770737 5.144892
endloop
endfacet
facet normal -0.411237 -0.194501 0.890536
outer loop
vertex 6.097605 2.525711 5.400000
vertex 5.820680 3.111218 5.400000
vertex 5.379720 2.875520 5.144892
endloop
endfacet
facet normal -0.411237 -0.1945 0.890536
outer loop
vertex 6.097605 2.525711 5.400000
vertex 5.379720 2.875520 5.144892
vertex 5.635665 2.334369 5.144892
endloop
endfacet
facet normal -0.390192 -0.233872 0.890536
outer loop
vertex 5.820680 3.111218 5.400000
vertex 5.487700 3.666764 5.400000
vertex 5.071965 3.388978 5.144892
endloop
endfacet
facet normal -0.390192 -0.233872 0.890536
outer loop
vertex 5.820680 3.111218 5.400000
vertex 5.071965 3.388978 5.144892
vertex 5.379720 2.875520 5.144892
endloop
endfacet
facet normal -0.36539 -0.270992 0.890536
outer loop
vertex 5.487700 3.666764 5.400000
vertex 5.101869 4.186996 5.400000
vertex 4.715364 3.869799 5.144892
endloop
endfacet
facet normal -0.36539 -0.270992 0.890536
outer loop
vertex 5.487700 3.666764 5.400000
vertex 4.715364 3.869799 5.144892
vertex 5.071965 3.388978 5.144892
endloop
endfacet
facet normal -0.337068 -0.305501 0.890536
outer loop
vertex 5.101869 4.186996 5.400000
vertex 4.666905 4.666905 5.400000
vertex 4.313351 4.313351 5.144892
endloop
endfacet
facet normal -0.337068 -0.305502 0.890536
outer loop
vertex 5.101869 4.186996 5.400000
vertex 4.313351 4.313351 5.144892
vertex 4.715364 3.869799 5.144892
endloop
endfacet
facet normal -0.305501 -0.337069 0.890536
outer loop
vertex 4.666905 4.666905 5.400000
vertex 4.186996 5.101869 5.400000
vertex 3.869799 4.715364 5.144892
endloop
endfacet
facet normal -0.305501 -0.337068 0.890536
outer loop
vertex 4.666905 4.666905 5.400000
vertex 3.869799 4.715364 5.144892
vertex 4.313351 4.313351 5.144892
endloop
endfacet
facet normal -0.270992 -0.36539 0.890536
outer loop
vertex 4.186996 5.101869 5.400000
vertex 3.666764 5.487700 5.400000
vertex 3.388978 5.071965 5.144892
endloop
endfacet
facet normal -0.270992 -0.36539 0.890536
outer loop
vertex 4.186996 5.101869 5.400000
vertex 3.388978 5.071965 5.144892
vertex 3.869799 4.715364 5.144892
endloop
endfacet
facet normal -0.233872 -0.390192 0.890536
outer loop
vertex 3.666764 5.487700 5.400000
vertex 3.111218 5.820680 5.400000
vertex 2.875520 5.379720 5.144892
endloop
endfacet
facet normal -0.233872 -0.390192 0.890536
outer loop
vertex 3.666764 5.487700 5.400000
vertex 2.875520 5.379720 5.144892
vertex 3.388978 5.071965 5.144892
endloop
endfacet
facet normal -0.194501 -0.411237 0.890536
outer loop
vertex 3.111218 5.820680 5.400000
vertex 2.525711 6.097605 5.400000
vertex 2.334369 5.635665 5.144892
endloop
endfacet
facet normal -0.1945 -0.411237 0.890536
outer loop
vertex 3.111218 5.820680 5.400000
vertex 2.334369 5.635665 5.144892
vertex 2.875520 5.379720 5.144892
endloop
endfacet
facet normal -0.153256 -0.428321 0.890536
outer loop
vertex 2.525711 6.097605 5.400000
vertex 1.915879 6.315806 5.400000
vertex 1.770737 5.837336 5.144892
endloop
endfacet
facet normal -0.153256 -0.428321 0.890536
outer loop
vertex 2.525711 6.097605 5.400000
vertex 1.770737 5.837336 5.144892
vertex 2.334369 5.635665 5.144892
endloop
endfacet
facet normal -0.110535 -0.44128 0.890536
outer loop
vertex 1.915879 6.315806 5.400000
vertex 1.287596 6.473183 5.400000
vertex 1.190051 5.982790 5.144892
endloop
endfacet
facet normal -0.110535 -0.44128 0.890536
outer loop
vertex 1.915879 6.315806 5.400000
vertex 1.190051 5.982790 5.144892
vertex 1.770737 5.837336 5.144892
endloop
endfacet
facet normal -0.0667497 -0.449989 0.890536
outer loop
vertex 1.287596 6.473183 5.400000
vertex 0.646913 6.568219 5.400000
vertex 0.597905 6.070627 5.144892
endloop
endfacet
facet normal -0.0667498 -0.449989 0.890536
outer loop
vertex 1.287596 6.473183 5.400000
vertex 0.597905 6.070627 5.144892
vertex 1.190051 5.982790 5.144892
endloop
endfacet
facet normal -0.0223215 -0.454365 0.890536
outer loop
vertex 0.646913 6.568219 5.400000
vertex 0.000000 6.600000 5.400000
vertex 0.000000 6.100000 5.144892
endloop
endfacet
facet normal -0.0223216 -0.454365 0.890536
outer loop
vertex 0.646913 6.568219 5.400000
vertex 0.000000 6.100000 5.144892
vertex 0.597905 6.070627 5.144892
endloop
endfacet
facet normal 0.0223215 -0.454365 0.890536
outer loop
vertex 0.000000 6.600000 5.400000
vertex -0.646913 6.568219 5.400000
vertex -0.597905 6.070627 5.144892
endloop
endfacet
facet normal 0.0223216 -0.454365 0.890536
outer loop
vertex 0.000000 6.600000 5.400000
vertex -0.597905 6.070627 5.144892
vertex 0.000000 6.100000 5.144892
endloop
endfacet
facet normal 0.0667498 -0.44999 0.890536
outer loop
vertex -0.646913 6.568219 5.400000
vertex -1.287596 6.473183 5.400000
vertex -1.190051 5.982790 5.144892
endloop
endfacet
facet normal 0.0667497 -0.449989 0.890536
outer loop
vertex -0.646913 6.568219 5.400000
vertex -1.190051 5.982790 5.144892
vertex -0.597905 6.070627 5.144892
endloop
endfacet
facet normal 0.110535 -0.44128 0.890536
outer loop
vertex -1.287596 6.473183 5.400000
vertex -1.915879 6.315806 5.400000
vertex -1.770737 5.837336 5.144892
endloop
endfacet
facet normal 0.110535 -0.44128 0.890536
outer loop
vertex -1.287596 6.473183 5.400000
vertex -1.770737 5.837336 5.144892
vertex -1.190051 5.982790 5.144892
endloop
endfacet
facet normal 0.153256 -0.428321 0.890536
outer loop
vertex -1.915879 6.315806 5.400000
vertex -2.525711 6.097605 5.400000
vertex -2.334369 5.635665 5.144892
endloop
endfacet
facet normal 0.153256 -0.428321 0.890536
outer loop
vertex -1.915879 6.315806 5.400000
vertex -2.334369 5.635665 5.144892
vertex -1.770737 5.837336 5.144892
endloop
endfacet
facet normal 0.194501 -0.411237 0.890536
outer loop
vertex -2.525711 6.097605 5.400000
vertex -3.111218 5.820680 5.400000
vertex -2.875520 5.379720 5.144892
endloop
endfacet
facet normal 0.1945 -0.411237 0.890536
outer loop
vertex -2.525711 6.097605 5.400000
vertex -2.875520 5.379720 5.144892
vertex -2.334369 5.635665 5.144892
endloop
endfacet
facet normal 0.233872 -0.390192 0.890536
outer loop
vertex -3.111218 5.820680 5.400000
vertex -3.666764 5.487700 5.400000
vertex -3.388978 5.071965 5.144892
endloop
endfacet
facet normal 0.233872 -0.390192 0.890536
outer loop
vertex -3.111218 5.820680 5.400000
vertex -3.388978 5.071965 5.144892
vertex -2.875520 5.379720 5.144892
endloop
endfacet
facet normal 0.270992 -0.36539 0.890536
outer loop
vertex -3.666764 5.487700 5.400000
vertex -4.186996 5.101869 5.400000
vertex -3.869799 4.715364 5.144892
endloop
endfacet
facet normal 0.270992 -0.36539 0.890536
outer loop
vertex -3.666764 5.487700 5.400000
vertex -3.869799 4.715364 5.144892
vertex -3.388978 5.071965 5.144892
endloop
endfacet
facet normal 0.305501 -0.337068 0.890536
outer loop
vertex -4.186996 5.101869 5.400000
vertex -4.666905 4.666905 5.400000
vertex -4.313351 4.313351 5.144892
endloop
endfacet
facet normal 0.305502 -0.337068 0.890536
outer loop
vertex -4.186996 5.101869 5.400000
vertex -4.313351 4.313351 5.144892
vertex -3.869799 4.715364 5.144892
endloop
endfacet
facet normal 0.337069 -0.305501 0.890536
outer loop
vertex -4.666905 4.666905 5.400000
vertex -5.101869 4.186996 5.400000
vertex -4.715364 3.869799 5.144892
endloop
endfacet
facet normal 0.337068 -0.305501 0.890536
outer loop
vertex -4.666905 4.666905 5.400000
vertex -4.715364 3.869799 5.144892
vertex -4.313351 4.313351 5.144892
endloop
endfacet
facet normal 0.36539 -0.270992 0.890536
outer loop
vertex -5.101869 4.186996 5.400000
vertex -5.487700 3.666764 5.400000
vertex -5.071965 3.388978 5.144892
endloop
endfacet
facet normal 0.36539 -0.270992 0.890536
outer loop
vertex -5.101869 4.186996 5.400000
vertex -5.071965 3.388978 5.144892
vertex -4.715364 3.869799 5.144892
endloop
endfacet
facet normal 0.390192 -0.233872 0.890536
outer loop
vertex -5.487700 3.666764 5.400000
vertex -5.820680 3.111218 5.400000
vertex -5.379720 2.875520 5.144892
endloop
endfacet
facet normal 0.390192 -0.233872 0.890536
outer loop
vertex -5.487700 3.666764 5.400000
vertex -5.379720 2.875520 5.144892
vertex -5.071965 3.388978 5.144892
endloop
endfacet
facet normal 0.411237 -0.194501 0.890536
outer loop
vertex -5.820680 3.111218 5.400000
vertex -6.097605 2.525711 5.400000
vertex -5.635665 2.334369 5.144892
endloop
endfacet
facet normal 0.411237 -0.1945 0.890536
outer loop
vertex -5.820680 3.111218 5.400000
vertex -5.635665 2.334369 5.144892
vertex -5.379720 2.875520 5.144892
endloop
endfacet
facet normal 0.428321 -0.153256 0.890536
outer loop
vertex -6.097605 2.525711 5.400000
vertex -6.315806 1.915879 5.400000
vertex -5.837336 1.770737 5.144892
endloop
endfacet
facet normal 0.428321 -0.153256 0.890536
outer loop
vertex -6.097605 2.525711 5.400000
vertex -5.837336 1.770737 5.144892
vertex -5.635665 2.334369 5.144892
endloop
endfacet
facet normal 0.44128 -0.110535 0.890536
outer loop
vertex -6.315806 1.915879 5.400000
vertex -6.473183 1.287596 5.400000
vertex -5.982790 1.190051 5.144892
endloop
endfacet
facet normal 0.44128 -0.110535 0.890536
outer loop
vertex -6.315806 1.915879 5.400000
vertex -5.982790 1.190051 5.144892
vertex -5.837336 1.770737 5.144892
endloop
endfacet
facet normal 0.449989 -0.0667497 0.890536
outer loop
vertex -6.473183 1.287596 5.400000
vertex -6.568219 0.646913 5.400000
vertex -6.070627 0.597905 5.144892
endloop
endfacet
facet normal 0.449989 -0.0667498 0.890536
outer loop
vertex -6.473183 1.287596 5.400000
vertex -6.070627 0.597905 5.144892
vertex -5.982790 1.190051 5.144892
endloop
endfacet
facet normal 0.454365 -0.0223215 0.890536
outer loop
vertex -6.568219 0.646913 5.400000
vertex -6.600000 0.000000 5.400000
vertex -6.100000 0.000000 5.144892
endloop
endfacet
facet normal 0.454365 -0.0223216 0.890536
outer loop
vertex -6.568219 0.646913 5.400000
vertex -6.100000 0.000000 5.144892
vertex -6.070627 0.597905 5.144892
endloop
endfacet
facet normal 0.454365 0.0223215 0.890536
outer loop
vertex -6.600000 0.000000 5.400000
vertex -6.568219 -0.646913 5.400000
vertex -6.070627 -0.597905 5.144892
endloop
endfacet
facet normal 0.454365 0.0223216 0.890536
outer loop
vertex -6.600000 0.000000 5.400000
vertex -6.070627 -0.597905 5.144892
vertex -6.100000 0.000000 5.144892
endloop
endfacet
facet normal 0.44999 0.0667498 0.890536
outer loop
vertex -6.568219 -0.646913 5.400000
vertex -6.473183 -1.287596 5.400000
vertex -5.982790 -1.190051 5.144892
endloop
endfacet
facet normal 0.449989 0.0667497 0.890536
outer loop
vertex -6.568219 -0.646913 5.400000
vertex -5.982790 -1.190051 5.144892
vertex -6.070627 -0.597905 5.144892
endloop
endfacet
facet normal 0.44128 0.110535 0.890536
outer loop
vertex -6.473183 -1.287596 5.400000
vertex -6.315806 -1.915879 5.400000
vertex -5.837336 -1.770737 5.144892
endloop
endfacet
facet normal 0.44128 0.110535 0.890536
outer loop
vertex -6.473183 -1.287596 5.400000
vertex -5.837336 -1.770737 5.144892
vertex -5.982790 -1.190051 5.144892
endloop
endfacet
facet normal 0.428321 0.153256 0.890536
outer loop
vertex -6.315806 -1.915879 5.400000
vertex -6.097605 -2.525711 5.400000
vertex -5.635665 -2.334369 5.144892
endloop
endfacet
facet normal 0.428321 0.153256 0.890536
outer loop
vertex -6.315806 -1.915879 5.400000
vertex -5.635665 -2.334369 5.144892
vertex -5.837336 -1.770737 5.144892
endloop
endfacet
facet normal 0.411237 0.194501 0.890536
outer loop
vertex -6.097605 -2.525711 5.400000
vertex -5.820680 -3.111218 5.400000
vertex -5.379720 -2.875520 5.144892
endloop
endfacet
facet normal 0.411237 0.1945 0.890536
outer loop
vertex -6.097605 -2.525711 5.400000
vertex -5.379720 -2.875520 5.144892
vertex -5.635665 -2.334369 5.144892
endloop
endfacet
facet normal 0.390192 0.233872 0.890536
outer loop
vertex -5.820680 -3.111218 5.400000
vertex -5.487700 -3.666764 5.400000
vertex -5.071965 -3.388978 5.144892
endloop
endfacet
facet normal 0.390192 0.233872 0.890536
outer loop
vertex -5.820680 -3.111218 5.400000
vertex -5.071965 -3.388978 5.144892
vertex -5.379720 -2.875520 5.144892
endloop
endfacet
facet normal 0.36539 0.270992 0.890536
outer loop
vertex -5.487700 -3.666764 5.400000
vertex -5.101869 -4.186996 5.400000
vertex -4.715364 -3.869799 5.144892
endloop
endfacet
facet normal 0.36539 0.270992 0.890536
outer loop
vertex -5.487700 -3.666764 5.400000
vertex -4.715364 -3.869799 5.144892
vertex -5.071965 -3.388978 5.144892
endloop
endfacet
facet normal 0.337068 0.305501 0.890536
outer loop
vertex -5.101869 -4.186996 5.400000
vertex -4.666905 -4.666905 5.400000
vertex -4.313351 -4.313351 5.144892
endloop
endfacet
facet normal 0.337068 0.305502 0.890536
outer loop
vertex -5.101869 -4.186996 5.400000
vertex -4.313351 -4.313351 5.144892
vertex -4.715364 -3.869799 5.144892
endloop
endfacet
facet normal 0.305501 0.337069 0.890536
outer loop
vertex -4.666905 -4.666905 5.400000
vertex -4.186996 -5.101869 5.400000
vertex -3.869799 -4.715364 5.144892
endloop
endfacet
facet normal 0.305501 0.337068 0.890536
outer loop
vertex -4.666905 -4.666905 5.400000
vertex -3.869799 -4.715364 5.144892
vertex -4.313351 -4.313351 5.144892
endloop
endfacet
facet normal 0.270992 0.36539 0.890536
outer loop
vertex -4.186996 -5.101869 5.400000
vertex -3.666764 -5.487700 5.400000
vertex -3.388978 -5.071965 5.144892
endloop
endfacet
facet normal 0.270992 0.36539 0.890536
outer loop
vertex -4.186996 -5.101869 5.400000
vertex -3.388978 -5.071965 5.144892
vertex -3.869799 -4.715364 5.144892
endloop
endfacet
facet normal 0.233872 0.390192 0.890536
outer loop
vertex -3.666764 -5.487700 5.400000
vertex -3.111218 -5.820680 5.400000
vertex -2.875520 -5.379720 5.144892
endloop
endfacet
facet normal 0.233872 0.390192 0.890536
outer loop
vertex -3.666764 -5.487700 5.400000
vertex -2.875520 -5.379720 5.144892
vertex -3.388978 -5.071965 5.144892
endloop
endfacet
facet normal 0.194501 0.411237 0.890536
outer loop
vertex -3.111218 -5.820680 5.400000
vertex -2.525711 -6.097605 5.400000
vertex -2.334369 -5.635665 5.144892
endloop
endfacet
facet normal 0.1945 0.411237 0.890536
outer loop
vertex -3.111218 -5.820680 5.400000
vertex -2.334369 -5.635665 5.144892
vertex -2.875520 -5.379720 5.144892
endloop
endfacet
facet normal 0.153256 0.428321 0.890536
outer loop
vertex -2.525711 -6.097605 5.400000
vertex -1.915879 -6.315806 5.400000
vertex -1.770737 -5.837336 5.144892
endloop
endfacet
facet normal 0.153256 0.428321 0.890536
outer loop
vertex -2.525711 -6.097605 5.400000
vertex -1.770737 -5.837336 5.144892
vertex -2.334369 -5.635665 5.144892
endloop
endfacet
facet normal 0.110535 0.44128 0.890536
outer loop
vertex -1.915879 -6.315806 5.400000
vertex -1.287596 -6.473183 5.400000
vertex -1.190051 -5.982790 5.144892
endloop
endfacet
facet normal 0.110535 0.44128 0.890536
outer loop
vertex -1.915879 -6.315806 5.400000
vertex -1.190051 -5.982790 5.144892
vertex -1.770737 -5.837336 5.144892
endloop
endfacet
facet normal 0.0667497 0.449989 0.890536
outer loop
vertex -1.287596 -6.473183 5.400000
vertex -0.646913 -6.568219 5.400000
vertex -0.597905 -6.070627 5.144892
endloop
endfacet
facet normal 0.0667498 0.449989 0.890536
outer loop
vertex -1.287596 -6.473183 5.400000
vertex -0.597905 -6.070627 5.144892
vertex -1.190051 -5.982790 5.144892
endloop
endfacet
facet normal 0.0223215 0.454365 0.890536
outer loop
vertex -0.646913 -6.568219 5.400000
vertex -0.000000 -6.600000 5.400000
vertex -0.000000 -6.100000 5.144892
endloop
endfacet
facet normal 0.0223216 0.454365 0.890536
outer loop
vertex -0.646913 -6.568219 5.400000
vertex -0.000000 -6.100000 5.144892
vertex -0.597905 -6.070627 5.144892
endloop
endfacet
facet normal -0.0223215 0.454365 0.890536
outer loop
vertex -0.000000 -6.600000 5.400000
vertex 0.646913 -6.568219 5.400000
vertex 0.597905 -6.070627 5.144892
endloop
endfacet
facet normal -0.0223216 0.454365 0.890536
outer loop
vertex -0.000000 -6.600000 5.400000
vertex 0.597905 -6.070627 5.144892
vertex -0.000000 -6.100000 5.144892
endloop
endfacet
facet normal -0.0667498 0.44999 0.890536
outer loop
vertex 0.646913 -6.568219 5.400000
vertex 1.287596 -6.473183 5.400000
vertex 1.190051 -5.982790 5.144892
endloop
endfacet
facet normal -0.0667497 0.449989 0.890536
outer loop
vertex 0.646913 -6.568219 5.400000
vertex 1.190051 -5.982790 5.144892
vertex 0.597905 -6.070627 5.144892
endloop
endfacet
facet normal -0.110535 0.44128 0.890536
outer loop
vertex 1.287596 -6.473183 5.400000
vertex 1.915879 -6.315806 5.400000
vertex 1.770737 -5.837336 5.144892
endloop
endfacet
facet normal -0.110535 0.44128 0.890536
outer loop
vertex 1.287596 -6.473183 5.400000
vertex 1.770737 -5.837336 5.144892
vertex 1.190051 -5.982790 5.144892
endloop
endfacet
facet normal -0.153256 0.428321 0.890536
outer loop
vertex 1.915879 -6.315806 5.400000
vertex 2.525711 -6.097605 5.400000
vertex 2.334369 -5.635665 5.144892
endloop
endfacet
facet normal -0.153256 0.428321 0.890536
outer loop
vertex 1.915879 -6.315806 5.400000
vertex 2.334369 -5.635665 5.144892
vertex 1.770737 -5.837336 5.144892
endloop
endfacet
facet normal -0.194501 0.411237 0.890536
outer loop
vertex 2.525711 -6.097605 5.400000
vertex 3.111218 -5.820680 5.400000
vertex 2.875520 -5.379720 5.144892
endloop
endfacet
facet normal -0.1945 0.411237 0.890536
outer loop
vertex 2.525711 -6.097605 5.400000
vertex 2.875520 -5.379720 5.144892
vertex 2.334369 -5.635665 5.144892
endloop
endfacet
facet normal -0.233872 0.390192 0.890536
outer loop
vertex 3.111218 -5.820680 5.400000
vertex 3.666764 -5.487700 5.400000
vertex 3.388978 -5.071965 5.144892
endloop
endfacet
facet normal -0.233872 0.390192 0.890536
outer loop
vertex 3.111218 -5.820680 5.400000
vertex 3.388978 -5.071965 5.144892
vertex 2.875520 -5.379720 5.144892
endloop
endfacet
facet normal -0.270992 0.36539 0.890536
outer loop
vertex 3.666764 -5.487700 5.400000
vertex 4.186996 -5.101869 5.400000
vertex 3.869799 -4.715364 5.144892
endloop
endfacet
facet normal -0.270992 0.36539 0.890536
outer loop
vertex 3.666764 -5.487700 5.400000
vertex 3.869799 -4.715364 5.144892
vertex 3.388978 -5.071965 5.144892
endloop
endfacet
facet normal -0.305501 0.337068 0.890536
outer loop
vertex 4.186996 -5.101869 5.400000
vertex 4.666905 -4.666905 5.400000
vertex 4.313351 -4.313351 5.144892
endloop
endfacet
facet normal -0.305502 0.337068 0.890536
outer loop
vertex 4.186996 -5.101869 5.400000
vertex 4.313351 -4.313351 5.144892
vertex 3.869799 -4.715364 5.144892
endloop
endfacet
facet normal -0.337069 0.305501 0.890536
outer loop
vertex 4.666905 -4.666905 5.400000
vertex 5.101869 -4.186996 5.400000
vertex 4.715364 -3.869799 5.144892
endloop
endfacet
facet normal -0.337068 0.305501 0.890536
outer loop
vertex 4.666905 -4.666905 5.400000
vertex 4.715364 -3.869799 5.144892
vertex 4.313351 -4.313351 5.144892
endloop
endfacet
facet normal -0.36539 0.270992 0.890536
outer loop
vertex 5.101869 -4.186996 5.400000
vertex 5.487700 -3.666764 5.400000
vertex 5.071965 -3.388978 5.144892
endloop
endfacet
facet normal -0.36539 0.270992 0.890536
outer loop
vertex 5.101869 -4.186996 5.400000
vertex 5.071965 -3.388978 5.144892
vertex 4.715364 -3.869799 5.144892
endloop
endfacet
facet normal -0.390192 0.233872 0.890536
outer loop
vertex 5.487700 -3.666764 5.400000
vertex 5.820680 -3.111218 5.400000
vertex 5.379720 -2.875520 5.144892
endloop
endfacet
facet normal -0.390192 0.233872 0.890536
outer loop
vertex 5.487700 -3.666764 5.400000
vertex 5.379720 -2.875520 5.144892
vertex 5.071965 -3.388978 5.144892
endloop
endfacet
facet normal -0.411237 0.194501 0.890536
outer loop
vertex 5.820680 -3.111218 5.400000
vertex 6.097605 -2.525711 5.400000
vertex 5.635665 -2.334369 5.144892
endloop
endfacet
facet normal -0.411237 0.1945 0.890536
outer loop
vertex 5.820680 -3.111218 5.400000
vertex 5.635665 -2.334369 5.144892
vertex 5.379720 -2.875520 5.144892
endloop
endfacet
facet normal -0.428321 0.153256 0.890536
outer loop
vertex 6.097605 -2.525711 5.400000
vertex 6.315806 -1.915879 5.400000
vertex 5.837336 -1.770737 5.144892
endloop
endfacet
facet normal -0.428321 0.153256 0.890536
outer loop
vertex 6.097605 -2.525711 5.400000
vertex 5.837336 -1.770737 5.144892
vertex 5.635665 -2.334369 5.144892
endloop
endfacet
facet normal -0.44128 0.110535 0.890536
outer loop
vertex 6.315806 -1.915879 5.400000
vertex 6.473183 -1.287596 5.400000
vertex 5.982790 -1.190051 5.144892
endloop
endfacet
facet normal -0.44128 0.110535 0.890536
outer loop
vertex 6.315806 -1.915879 5.400000
vertex 5.982790 -1.190051 5.144892
vertex 5.837336 -1.770737 5.144892
endloop
endfacet
facet normal -0.449989 0.0667497 0.890536
outer loop
vertex 6.473183 -1.287596 5.400000
vertex 6.568219 -0.646913 5.400000
vertex 6.070627 -0.597905 5.144892
endloop
endfacet
facet normal -0.449989 0.0667498 0.890536
outer loop
vertex 6.473183 -1.287596 5.400000
vertex 6.070627 -0.597905 5.144892
vertex 5.982790 -1.190051 5.144892
endloop
endfacet
facet normal -0.454365 0.0223215 0.890536
outer loop
vertex 6.568219 -0.646913 5.400000
vertex 6.600000 -0.000000 5.400000
vertex 6.100000 -0.000000 5.144892
endloop
endfacet
facet normal -0.454365 0.0223216 0.890536
outer loop
vertex 6.568219 -0.646913 5.400000
vertex 6.100000 -0.000000 5.144892
vertex 6.070627 -0.597905 5.144892
endloop
endfacet
facet normal -0.414799 -0.0203777 0.909685
outer loop
vertex 6.100000 -0.000000 5.144892
vertex 6.070627 0.597905 5.144892
vertex 5.224720 0.514590 4.757309
endloop
endfacet
facet normal -0.414799 -0.0203776 0.909685
outer loop
vertex 6.100000 -0.000000 5.144892
vertex 5.224720 0.514590 4.757309
vertex 5.250000 0.000000 4.757309
endloop
endfacet
facet normal -0.410804 -0.0609371 0.909685
outer loop
vertex 6.070627 0.597905 5.144892
vertex 5.982790 1.190051 5.144892
vertex 5.149123 1.024224 4.757309
endloop
endfacet
facet normal -0.410804 -0.0609372 0.909685
outer loop
vertex 6.070627 0.597905 5.144892
vertex 5.149123 1.024224 4.757309
vertex 5.224720 0.514590 4.757309
endloop
endfacet
facet normal -0.402853 -0.100909 0.909685
outer loop
vertex 5.982790 1.190051 5.144892
vertex 5.837336 1.770737 5.144892
vertex 5.023937 1.523995 4.757309
endloop
endfacet
facet normal -0.402853 -0.100909 0.909685
outer loop
vertex 5.982790 1.190051 5.144892
vertex 5.023937 1.523995 4.757309
vertex 5.149123 1.024224 4.757309
endloop
endfacet
facet normal -0.391022 -0.13991 0.909685
outer loop
vertex 5.837336 1.770737 5.144892
vertex 5.635665 2.334369 5.144892
vertex 4.850368 2.009088 4.757309
endloop
endfacet
facet normal -0.391022 -0.13991 0.909685
outer loop
vertex 5.837336 1.770737 5.144892
vertex 4.850368 2.009088 4.757309
vertex 5.023937 1.523995 4.757309
endloop
endfacet
facet normal -0.375426 -0.177563 0.909685
outer loop
vertex 5.635665 2.334369 5.144892
vertex 5.379720 2.875520 5.144892
vertex 4.630086 2.474833 4.757309
endloop
endfacet
facet normal -0.375426 -0.177563 0.909685
outer loop
vertex 5.635665 2.334369 5.144892
vertex 4.630086 2.474833 4.757309
vertex 4.850368 2.009088 4.757309
endloop
endfacet
facet normal -0.356214 -0.213506 0.909685
outer loop
vertex 5.379720 2.875520 5.144892
vertex 5.071965 3.388978 5.144892
vertex 4.365215 2.916744 4.757309
endloop
endfacet
facet normal -0.356214 -0.213506 0.909685
outer loop
vertex 5.379720 2.875520 5.144892
vertex 4.365215 2.916744 4.757309
vertex 4.630086 2.474833 4.757309
endloop
endfacet
facet normal -0.333571 -0.247393 0.909685
outer loop
vertex 5.071965 3.388978 5.144892
vertex 4.715364 3.869799 5.144892
vertex 4.058305 3.330565 4.757309
endloop
endfacet
facet normal -0.333571 -0.247393 0.909685
outer loop
vertex 5.071965 3.388978 5.144892
vertex 4.058305 3.330565 4.757309
vertex 4.365215 2.916744 4.757309
endloop
endfacet
facet normal -0.307716 -0.278898 0.909685
outer loop
vertex 4.715364 3.869799 5.144892
vertex 4.313351 4.313351 5.144892
vertex 3.712311 3.712311 4.757309
endloop
endfacet
facet normal -0.307716 -0.278897 0.909685
outer loop
vertex 4.715364 3.869799 5.144892
vertex 3.712311 3.712311 4.757309
vertex 4.058305 3.330565 4.757309
endloop
endfacet
facet normal -0.278898 -0.307716 0.909685
outer loop
vertex 4.313351 4.313351 5.144892
vertex 3.869799 4.715364 5.144892
vertex 3.330565 4.058305 4.757309
endloop
endfacet
facet normal -0.278898 -0.307716 0.909685
outer loop
vertex 4.313351 4.313351 5.144892
vertex 3.330565 4.058305 4.757309
vertex 3.712311 3.712311 4.757309
endloop
endfacet
facet normal -0.247393 -0.333571 0.909685
outer loop
vertex 3.869799 4.715364 5.144892
vertex 3.388978 5.071965 5.144892
vertex 2.916744 4.365215 4.757309
endloop
endfacet
facet normal -0.247393 -0.333571 0.909685
outer loop
vertex 3.869799 4.715364 5.144892
vertex 2.916744 4.365215 4.757309
vertex 3.330565 4.058305 4.757309
endloop
endfacet
facet normal -0.213506 -0.356214 0.909685
outer loop
vertex 3.388978 5.071965 5.144892
vertex 2.875520 5.379720 5.144892
vertex 2.474833 4.630086 4.757309
endloop
endfacet
facet normal -0.213506 -0.356214 0.909685
outer loop
vertex 3.388978 5.071965 5.144892
vertex 2.474833 4.630086 4.757309
vertex 2.916744 4.365215 4.757309
endloop
endfacet
facet normal -0.177563 -0.375426 0.909685
outer loop
vertex 2.875520 5.379720 5.144892
vertex 2.334369 5.635665 5.144892
vertex 2.009088 4.850368 4.757309
endloop
endfacet
facet normal -0.177563 -0.375425 0.909685
outer loop
vertex 2.875520 5.379720 5.144892
vertex 2.009088 4.850368 4.757309
vertex 2.474833 4.630086 4.757309
endloop
endfacet
facet normal -0.13991 -0.391022 0.909685
outer loop
vertex 2.334369 5.635665 5.144892
vertex 1.770737 5.837336 5.144892
vertex 1.523995 5.023937 4.757309
endloop
endfacet
facet normal -0.13991 -0.391022 0.909685
outer loop
vertex 2.334369 5.635665 5.144892
vertex 1.523995 5.023937 4.757309
vertex 2.009088 4.850368 4.757309
endloop
endfacet
facet normal -0.100909 -0.402853 0.909685
outer loop
vertex 1.770737 5.837336 5.144892
vertex 1.190051 5.982790 5.144892
vertex 1.024224 5.149123 4.757309
endloop
endfacet
facet normal -0.100909 -0.402853 0.909685
outer loop
vertex 1.770737 5.837336 5.144892
vertex 1.024224 5.149123 4.757309
vertex 1.523995 5.023937 4.757309
endloop
endfacet
facet normal -0.0609371 -0.410804 0.909685
outer loop
vertex 1.190051 5.982790 5.144892
vertex 0.597905 6.070627 5.144892
vertex 0.514590 5.224720 4.757309
endloop
endfacet
facet normal -0.0609371 -0.410804 0.909685
outer loop
vertex 1.190051 5.982790 5.144892
vertex 0.514590 5.224720 4.757309
vertex 1.024224 5.149123 4.757309
endloop
endfacet
facet normal -0.0203777 -0.414798 0.909685
outer loop
vertex 0.597905 6.070627 5.144892
vertex 0.000000 6.100000 5.144892
vertex 0.000000 5.250000 4.757309
endloop
endfacet
facet normal -0.0203776 -0.414799 0.909685
outer loop
vertex 0.597905 6.070627 5.144892
vertex 0.000000 5.250000 4.757309
vertex 0.514590 5.224720 4.757309
endloop
endfacet
facet normal 0.0203777 -0.414799 0.909685
outer loop
vertex 0.000000 6.100000 5.144892
vertex -0.597905 6.070627 5.144892
vertex -0.514590 5.224720 4.757309
endloop
endfacet
facet normal 0.0203776 -0.414799 0.909685
outer loop
vertex 0.000000 6.100000 5.144892
vertex -0.514590 5.224720 4.757309
vertex 0.000000 5.250000 4.757309
endloop
endfacet
facet normal 0.0609371 -0.410804 0.909685
outer loop
vertex -0.597905 6.070627 5.144892
vertex -1.190051 5.982790 5.144892
vertex -1.024224 5.149123 4.757309
endloop
endfacet
facet normal 0.0609372 -0.410804 0.909685
outer loop
vertex -0.597905 6.070627 5.144892
vertex -1.024224 5.149123 4.757309
vertex -0.514590 5.224720 4.757309
endloop
endfacet
facet normal 0.100909 -0.402853 0.909685
outer loop
vertex -1.190051 5.982790 5.144892
vertex -1.770737 5.837336 5.144892
vertex -1.523995 5.023937 4.757309
endloop
endfacet
facet normal 0.100909 -0.402853 0.909685
outer loop
vertex -1.190051 5.982790 5.144892
vertex -1.523995 5.023937 4.757309
vertex -1.024224 5.149123 4.757309
endloop
endfacet
facet normal 0.13991 -0.391022 0.909685
outer loop
vertex -1.770737 5.837336 5.144892
vertex -2.334369 5.635665 5.144892
vertex -2.009088 4.850368 4.757309
endloop
endfacet
facet normal 0.13991 -0.391022 0.909685
outer loop
vertex -1.770737 5.837336 5.144892
vertex -2.009088 4.850368 4.757309
vertex -1.523995 5.023937 4.757309
endloop
endfacet
facet normal 0.177563 -0.375426 0.909685
outer loop
vertex -2.334369 5.635665 5.144892
vertex -2.875520 5.379720 5.144892
vertex -2.474833 4.630086 4.757309
endloop
endfacet
facet normal 0.177563 -0.375426 0.909685
outer loop
vertex -2.334369 5.635665 5.144892
vertex -2.474833 4.630086 4.757309
vertex -2.009088 4.850368 4.757309
endloop
endfacet
facet normal 0.213506 -0.356214 0.909685
outer loop
vertex -2.875520 5.379720 5.144892
vertex -3.388978 5.071965 5.144892
vertex -2.916744 4.365215 4.757309
endloop
endfacet
facet normal 0.213506 -0.356214 0.909685
outer loop
vertex -2.875520 5.379720 5.144892
vertex -2.916744 4.365215 4.757309
vertex -2.474833 4.630086 4.757309
endloop
endfacet
facet normal 0.247393 -0.333571 0.909685
outer loop
vertex -3.388978 5.071965 5.144892
vertex -3.869799 4.715364 5.144892
vertex -3.330565 4.058305 4.757309
endloop
endfacet
facet normal 0.247393 -0.333571 0.909685
outer loop
vertex -3.388978 5.071965 5.144892
vertex -3.330565 4.058305 4.757309
vertex -2.916744 4.365215 4.757309
endloop
endfacet
facet normal 0.278898 -0.307716 0.909685
outer loop
vertex -3.869799 4.715364 5.144892
vertex -4.313351 4.313351 5.144892
vertex -3.712311 3.712311 4.757309
endloop
endfacet
facet normal 0.278897 -0.307716 0.909685
outer loop
vertex -3.869799 4.715364 5.144892
vertex -3.712311 3.712311 4.757309
vertex -3.330565 4.058305 4.757309
endloop
endfacet
facet normal 0.307716 -0.278898 0.909685
outer loop
vertex -4.313351 4.313351 5.144892
vertex -4.715364 3.869799 5.144892
vertex -4.058305 3.330565 4.757309
endloop
endfacet
facet normal 0.307716 -0.278898 0.909685
outer loop
vertex -4.313351 4.313351 5.144892
vertex -4.058305 3.330565 4.757309
vertex -3.712311 3.712311 4.757309
endloop
endfacet
facet normal 0.333571 -0.247393 0.909685
outer loop
vertex -4.715364 3.869799 5.144892
vertex -5.071965 3.388978 5.144892
vertex -4.365215 2.916744 4.757309
endloop
endfacet
facet normal 0.333571 -0.247393 0.909685
outer loop
vertex -4.715364 3.869799 5.144892
vertex -4.365215 2.916744 4.757309
vertex -4.058305 3.330565 4.757309
endloop
endfacet
facet normal 0.356214 -0.213506 0.909685
outer loop
vertex -5.071965 3.388978 5.144892
vertex -5.379720 2.875520 5.144892
vertex -4.630086 2.474833 4.757309
endloop
endfacet
facet normal 0.356214 -0.213506 0.909685
outer loop
vertex -5.071965 3.388978 5.144892
vertex -4.630086 2.474833 4.757309
vertex -4.365215 2.916744 4.757309
endloop
endfacet
facet normal 0.375426 -0.177563 0.909685
outer loop
vertex -5.379720 2.875520 5.144892
vertex -5.635665 2.334369 5.144892
vertex -4.850368 2.009088 4.757309
endloop
endfacet
facet normal 0.375425 -0.177563 0.909685
outer loop
vertex -5.379720 2.875520 5.144892
vertex -4.850368 2.009088 4.757309
vertex -4.630086 2.474833 4.757309
endloop
endfacet
facet normal 0.391022 -0.13991 0.909685
outer loop
vertex -5.635665 2.334369 5.144892
vertex -5.837336 1.770737 5.144892
vertex -5.023937 1.523995 4.757309
endloop
endfacet
facet normal 0.391022 -0.13991 0.909685
outer loop
vertex -5.635665 2.334369 5.144892
vertex -5.023937 1.523995 4.757309
vertex -4.850368 2.009088 4.757309
endloop
endfacet
facet normal 0.402853 -0.100909 0.909685
outer loop
vertex -5.837336 1.770737 5.144892
vertex -5.982790 1.190051 5.144892
vertex -5.149123 1.024224 4.757309
endloop
endfacet
facet normal 0.402853 -0.100909 0.909685
outer loop
vertex -5.837336 1.770737 5.144892
vertex -5.149123 1.024224 4.757309
vertex -5.023937 1.523995 4.757309
endloop
endfacet
facet normal 0.410804 -0.0609371 0.909685
outer loop
vertex -5.982790 1.190051 5.144892
vertex -6.070627 0.597905 5.144892
vertex -5.224720 0.514590 4.757309
endloop
endfacet
facet normal 0.410804 -0.0609371 0.909685
outer loop
vertex -5.982790 1.190051 5.144892
vertex -5.224720 0.514590 4.757309
vertex -5.149123 1.024224 4.757309
endloop
endfacet
facet normal 0.414798 -0.0203777 0.909685
outer loop
vertex -6.070627 0.597905 5.144892
vertex -6.100000 0.000000 5.144892
vertex -5.250000 0.000000 4.757309
endloop
endfacet
facet normal 0.414799 -0.0203776 0.909685
outer loop
vertex -6.070627 0.597905 5.144892
vertex -5.250000 0.000000 4.757309
vertex -5.224720 0.514590 4.757309
endloop
endfacet
facet normal 0.414799 0.0203777 0.909685
outer loop
vertex -6.100000 0.000000 5.144892
vertex -6.070627 -0.597905 5.144892
vertex -5.224720 -0.514590 4.757309
endloop
endfacet
facet normal 0.414799 0.0203776 0.909685
outer loop
vertex -6.100000 0.000000 5.144892
vertex -5.224720 -0.514590 4.757309
vertex -5.250000 0.000000 4.757309
endloop
endfacet
facet normal 0.410804 0.0609371 0.909685
outer loop
vertex -6.070627 -0.597905 5.144892
vertex -5.982790 -1.190051 5.144892
vertex -5.149123 -1.024224 4.757309
endloop
endfacet
facet normal 0.410804 0.0609372 0.909685
outer loop
vertex -6.070627 -0.597905 5.144892
vertex -5.149123 -1.024224 4.757309
vertex -5.224720 -0.514590 4.757309
endloop
endfacet
facet normal 0.402853 0.100909 0.909685
outer loop
vertex -5.982790 -1.190051 5.144892
vertex -5.837336 -1.770737 5.144892
vertex -5.023937 -1.523995 4.757309
endloop
endfacet
facet normal 0.402853 0.100909 0.909685
outer loop
vertex -5.982790 -1.190051 5.144892
vertex -5.023937 -1.523995 4.757309
vertex -5.149123 -1.024224 4.757309
endloop
endfacet
facet normal 0.391022 0.13991 0.909685
outer loop
vertex -5.837336 -1.770737 5.144892
vertex -5.635665 -2.334369 5.144892
vertex -4.850368 -2.009088 4.757309
endloop
endfacet
facet normal 0.391022 0.13991 0.909685
outer loop
vertex -5.837336 -1.770737 5.144892
vertex -4.850368 -2.009088 4.757309
vertex -5.023937 -1.523995 4.757309
endloop
endfacet
facet normal 0.375426 0.177563 0.909685
outer loop
vertex -5.635665 -2.334369 5.144892
vertex -5.379720 -2.875520 5.144892
vertex -4.630086 -2.474833 4.757309
endloop
endfacet
facet normal 0.375426 0.177563 0.909685
outer loop
vertex -5.635665 -2.334369 5.144892
vertex -4.630086 -2.474833 4.757309
vertex -4.850368 -2.009088 4.757309
endloop
endfacet
facet normal 0.356214 0.213506 0.909685
outer loop
vertex -5.379720 -2.875520 5.144892
vertex -5.071965 -3.388978 5.144892
vertex -4.365215 -2.916744 4.757309
endloop
endfacet
facet normal 0.356214 0.213506 0.909685
outer loop
vertex -5.379720 -2.875520 5.144892
vertex -4.365215 -2.916744 4.757309
vertex -4.630086 -2.474833 4.757309
endloop
endfacet
facet normal 0.333571 0.247393 0.909685
outer loop
vertex -5.071965 -3.388978 5.144892
vertex -4.715364 -3.869799 5.144892
vertex -4.058305 -3.330565 4.757309
endloop
endfacet
facet normal 0.333571 0.247393 0.909685
outer loop
vertex -5.071965 -3.388978 5.144892
vertex -4.058305 -3.330565 4.757309
vertex -4.365215 -2.916744 4.757309
endloop
endfacet
facet normal 0.307716 0.278898 0.909685
outer loop
vertex -4.715364 -3.869799 5.144892
vertex -4.313351 -4.313351 5.144892
vertex -3.712311 -3.712311 4.757309
endloop
endfacet
facet normal 0.307716 0.278897 0.909685
outer loop
vertex -4.715364 -3.869799 5.144892
vertex -3.712311 -3.712311 4.757309
vertex -4.058305 -3.330565 4.757309
endloop
endfacet
facet normal 0.278898 0.307716 0.909685
outer loop
vertex -4.313351 -4.313351 5.144892
vertex -3.869799 -4.715364 5.144892
vertex -3.330565 -4.058305 4.757309
endloop
endfacet
facet normal 0.278898 0.307716 0.909685
outer loop
vertex -4.313351 -4.313351 5.144892
vertex -3.330565 -4.058305 4.757309
vertex -3.712311 -3.712311 4.757309
endloop
endfacet
facet normal 0.247393 0.333571 0.909685
outer loop
vertex -3.869799 -4.715364 5.144892
vertex -3.388978 -5.071965 5.144892
vertex -2.916744 -4.365215 4.757309
endloop
endfacet
facet normal 0.247393 0.333571 0.909685
outer loop
vertex -3.869799 -4.715364 5.144892
vertex -2.916744 -4.365215 4.757309
vertex -3.330565 -4.058305 4.757309
endloop
endfacet
facet normal 0.213506 0.356214 0.909685
outer loop
vertex -3.388978 -5.071965 5.144892
vertex -2.875520 -5.379720 5.144892
vertex -2.474833 -4.630086 4.757309
endloop
endfacet
facet normal 0.213506 0.356214 0.909685
outer loop
vertex -3.388978 -5.071965 5.144892
vertex -2.474833 -4.630086 4.757309
vertex -2.916744 -4.365215 4.757309
endloop
endfacet
facet normal 0.177563 0.375426 0.909685
outer loop
vertex -2.875520 -5.379720 5.144892
vertex -2.334369 -5.635665 5.144892
vertex -2.009088 -4.850368 4.757309
endloop
endfacet
facet normal 0.177563 0.375425 0.909685
outer loop
vertex -2.875520 -5.379720 5.144892
vertex -2.009088 -4.850368 4.757309
vertex -2.474833 -4.630086 4.757309
endloop
endfacet
facet normal 0.13991 0.391022 0.909685
outer loop
vertex -2.334369 -5.635665 5.144892
vertex -1.770737 -5.837336 5.144892
vertex -1.523995 -5.023937 4.757309
endloop
endfacet
facet normal 0.13991 0.391022 0.909685
outer loop
vertex -2.334369 -5.635665 5.144892
vertex -1.523995 -5.023937 4.757309
vertex -2.009088 -4.850368 4.757309
endloop
endfacet
facet normal 0.100909 0.402853 0.909685
outer loop
vertex -1.770737 -5.837336 5.144892
vertex -1.190051 -5.982790 5.144892
vertex -1.024224 -5.149123 4.757309
endloop
endfacet
facet normal 0.100909 0.402853 0.909685
outer loop
vertex -1.770737 -5.837336 5.144892
vertex -1.024224 -5.149123 4.757309
vertex -1.523995 -5.023937 4.757309
endloop
endfacet
facet normal 0.0609371 0.410804 0.909685
outer loop
vertex -1.190051 -5.982790 5.144892
vertex -0.597905 -6.070627 5.144892
vertex -0.514590 -5.224720 4.757309
endloop
endfacet
facet normal 0.0609371 0.410804 0.909685
outer loop
vertex -1.190051 -5.982790 5.144892
vertex -0.514590 -5.224720 4.757309
vertex -1.024224 -5.149123 4.757309
endloop
endfacet
facet normal 0.0203777 0.414798 0.909685
outer loop
vertex -0.597905 -6.070627 5.144892
vertex -0.000000 -6.100000 5.144892
vertex -0.000000 -5.250000 4.757309
endloop
endfacet
facet normal 0.0203776 0.414799 0.909685
outer loop
vertex -0.597905 -6.070627 5.144892
vertex -0.000000 -5.250000 4.757309
vertex -0.514590 -5.224720 4.757309
endloop
endfacet
facet normal -0.0203777 0.414799 0.909685
outer loop
vertex -0.000000 -6.100000 5.144892
vertex 0.597905 -6.070627 5.144892
vertex 0.514590 -5.224720 4.757309
endloop
endfacet
facet normal -0.0203776 0.414799 0.909685
outer loop
vertex -0.000000 -6.100000 5.144892
vertex 0.514590 -5.224720 4.757309
vertex -0.000000 -5.250000 4.757309
endloop
endfacet
facet normal -0.0609371 0.410804 0.909685
outer loop
vertex 0.597905 -6.070627 5.144892
vertex 1.190051 -5.982790 5.144892
vertex 1.024224 -5.149123 4.757309
endloop
endfacet
facet normal -0.0609372 0.410804 0.909685
outer loop
vertex 0.597905 -6.070627 5.144892
vertex 1.024224 -5.149123 4.757309
vertex 0.514590 -5.224720 4.757309
endloop
endfacet
facet normal -0.100909 0.402853 0.909685
outer loop
vertex 1.190051 -5.982790 5.144892
vertex 1.770737 -5.837336 5.144892
vertex 1.523995 -5.023937 4.757309
endloop
endfacet
facet normal -0.100909 0.402853 0.909685
outer loop
vertex 1.190051 -5.982790 5.144892
vertex 1.523995 -5.023937 4.757309
vertex 1.024224 -5.149123 4.757309
endloop
endfacet
facet normal -0.13991 0.391022 0.909685
outer loop
vertex 1.770737 -5.837336 5.144892
vertex 2.334369 -5.635665 5.144892
vertex 2.009088 -4.850368 4.757309
endloop
endfacet
facet normal -0.13991 0.391022 0.909685
outer loop
vertex 1.770737 -5.837336 5.144892
vertex 2.009088 -4.850368 4.757309
vertex 1.523995 -5.023937 4.757309
endloop
endfacet
facet normal -0.177563 0.375426 0.909685
outer loop
vertex 2.334369 -5.635665 5.144892
vertex 2.875520 -5.379720 5.144892
vertex 2.474833 -4.630086 4.757309
endloop
endfacet
facet normal -0.177563 0.375426 0.909685
outer loop
vertex 2.334369 -5.635665 5.144892
vertex 2.474833 -4.630086 4.757309
vertex 2.009088 -4.850368 4.757309
endloop
endfacet
facet normal -0.213506 0.356214 0.909685
outer loop
vertex 2.875520 -5.379720 5.144892
vertex 3.388978 -5.071965 5.144892
vertex 2.916744 -4.365215 4.757309
endloop
endfacet
facet normal -0.213506 0.356214 0.909685
outer loop
vertex 2.875520 -5.379720 5.144892
vertex 2.916744 -4.365215 4.757309
vertex 2.474833 -4.630086 4.757309
endloop
endfacet
facet normal -0.247393 0.333571 0.909685
outer loop
vertex 3.388978 -5.071965 5.144892
vertex 3.869799 -4.715364 5.144892
vertex 3.330565 -4.058305 4.757309
endloop
endfacet
facet normal -0.247393 0.333571 0.909685
outer loop
vertex 3.388978 -5.071965 5.144892
vertex 3.330565 -4.058305 4.757309
vertex 2.916744 -4.365215 4.757309
endloop
endfacet
facet normal -0.278898 0.307716 0.909685
outer loop
vertex 3.869799 -4.715364 5.144892
vertex 4.313351 -4.313351 5.144892
vertex 3.712311 -3.712311 4.757309
endloop
endfacet
facet normal -0.278897 0.307716 0.909685
outer loop
vertex 3.869799 -4.715364 5.144892
vertex 3.712311 -3.712311 4.757309
vertex 3.330565 -4.058305 4.757309
endloop
endfacet
facet normal -0.307716 0.278898 0.909685
outer loop
vertex 4.313351 -4.313351 5.144892
vertex 4.715364 -3.869799 5.144892
vertex 4.058305 -3.330565 4.757309
endloop
endfacet
facet normal -0.307716 0.278898 0.909685
outer loop
vertex 4.313351 -4.313351 5.144892
vertex 4.058305 -3.330565 4.757309
vertex 3.712311 -3.712311 4.757309
endloop
endfacet
facet normal -0.333571 0.247393 0.909685
outer loop
vertex 4.715364 -3.869799 5.144892
vertex 5.071965 -3.388978 5.144892
vertex 4.365215 -2.916744 4.757309
endloop
endfacet
facet normal -0.333571 0.247393 0.909685
outer loop
vertex 4.715364 -3.869799 5.144892
vertex 4.365215 -2.916744 4.757309
vertex 4.058305 -3.330565 4.757309
endloop
endfacet
facet normal -0.356214 0.213506 0.909685
outer loop
vertex 5.071965 -3.388978 5.144892
vertex 5.379720 -2.875520 5.144892
vertex 4.630086 -2.474833 4.757309
endloop
endfacet
facet normal -0.356214 0.213506 0.909685
outer loop
vertex 5.071965 -3.388978 5.144892
vertex 4.630086 -2.474833 4.757309
vertex 4.365215 -2.916744 4.757309
endloop
endfacet
facet normal -0.375426 0.177563 0.909685
outer loop
vertex 5.379720 -2.875520 5.144892
vertex 5.635665 -2.334369 5.144892
vertex 4.850368 -2.009088 4.757309
endloop
endfacet
facet normal -0.375425 0.177563 0.909685
outer loop
vertex 5.379720 -2.875520 5.144892
vertex 4.850368 -2.009088 4.757309
vertex 4.630086 -2.474833 4.757309
endloop
endfacet
facet normal -0.391022 0.13991 0.909685
outer loop
vertex 5.635665 -2.334369 5.144892
vertex 5.837336 -1.770737 5.144892
vertex 5.023937 -1.523995 4.757309
endloop
endfacet
facet normal -0.391022 0.13991 0.909685
outer loop
vertex 5.635665 -2.334369 5.144892
vertex 5.023937 -1.523995 4.757309
vertex 4.850368 -2.009088 4.757309
endloop
endfacet
facet normal -0.402853 0.100909 0.909685
outer loop
vertex 5.837336 -1.770737 5.144892
vertex 5.982790 -1.190051 5.144892
vertex 5.149123 -1.024224 4.757309
endloop
endfacet
facet normal -0.402853 0.100909 0.909685
outer loop
vertex 5.837336 -1.770737 5.144892
vertex 5.149123 -1.024224 4.757309
vertex 5.023937 -1.523995 4.757309
endloop
endfacet
facet normal -0.410804 0.0609371 0.909685
outer loop
vertex 5.982790 -1.190051 5.144892
vertex 6.070627 -0.597905 5.144892
vertex 5.224720 -0.514590 4.757309
endloop
endfacet
facet normal -0.410804 0.0609371 0.909685
outer loop
vertex 5.982790 -1.190051 5.144892
vertex 5.224720 -0.514590 4.757309
vertex 5.149123 -1.024224 4.757309
endloop
endfacet
facet normal -0.414798 0.0203777 0.909685
outer loop
vertex 6.070627 -0.597905 5.144892
vertex 6.100000 -0.000000 5.144892
vertex 5.250000 0.000000 4.757309
endloop
endfacet
facet normal -0.414799 0.0203776 0.909685
outer loop
vertex 6.070627 -0.597905 5.144892
vertex 5.250000 0.000000 4.757309
vertex 5.224720 -0.514590 4.757309
endloop
endfacet
facet normal -0.351589 -0.0172723 0.935995
outer loop
vertex 5.250000 0.000000 4.757309
vertex 5.224720 0.514590 4.757309
vertex 4.080257 0.401870 4.325333
endloop
endfacet
facet normal -0.351589 -0.0172724 0.935995
outer loop
vertex 5.250000 0.000000 4.757309
vertex 4.080257 0.401870 4.325333
vertex 4.100000 -0.000000 4.325333
endloop
endfacet
facet normal -0.348203 -0.0516512 0.935995
outer loop
vertex 5.224720 0.514590 4.757309
vertex 5.149123 1.024224 4.757309
vertex 4.021220 0.799870 4.325333
endloop
endfacet
facet normal -0.348203 -0.0516511 0.935995
outer loop
vertex 5.224720 0.514590 4.757309
vertex 4.021220 0.799870 4.325333
vertex 4.080257 0.401870 4.325333
endloop
endfacet
facet normal -0.341464 -0.0855323 0.935995
outer loop
vertex 5.149123 1.024224 4.757309
vertex 5.023937 1.523995 4.757309
vertex 3.923455 1.190167 4.325333
endloop
endfacet
facet normal -0.341464 -0.0855323 0.935995
outer loop
vertex 5.149123 1.024224 4.757309
vertex 3.923455 1.190167 4.325333
vertex 4.021220 0.799870 4.325333
endloop
endfacet
facet normal -0.331436 -0.11859 0.935995
outer loop
vertex 5.023937 1.523995 4.757309
vertex 4.850368 2.009088 4.757309
vertex 3.787906 1.569002 4.325333
endloop
endfacet
facet normal -0.331436 -0.11859 0.935995
outer loop
vertex 5.023937 1.523995 4.757309
vertex 3.787906 1.569002 4.325333
vertex 3.923455 1.190167 4.325333
endloop
endfacet
facet normal -0.318216 -0.150505 0.935995
outer loop
vertex 4.850368 2.009088 4.757309
vertex 4.630086 2.474833 4.757309
vertex 3.615877 1.932727 4.325333
endloop
endfacet
facet normal -0.318216 -0.150505 0.935995
outer loop
vertex 4.850368 2.009088 4.757309
vertex 3.615877 1.932727 4.325333
vertex 3.787906 1.569002 4.325333
endloop
endfacet
facet normal -0.301932 -0.180971 0.935995
outer loop
vertex 4.630086 2.474833 4.757309
vertex 4.365215 2.916744 4.757309
vertex 3.409025 2.277838 4.325333
endloop
endfacet
facet normal -0.301932 -0.180971 0.935995
outer loop
vertex 4.630086 2.474833 4.757309
vertex 3.409025 2.277838 4.325333
vertex 3.615877 1.932727 4.325333
endloop
endfacet
facet normal -0.28274 -0.209694 0.935995
outer loop
vertex 4.365215 2.916744 4.757309
vertex 4.058305 3.330565 4.757309
vertex 3.169343 2.601012 4.325333
endloop
endfacet
facet normal -0.28274 -0.209694 0.935995
outer loop
vertex 4.365215 2.916744 4.757309
vertex 3.169343 2.601012 4.325333
vertex 3.409025 2.277838 4.325333
endloop
endfacet
facet normal -0.260825 -0.236398 0.935995
outer loop
vertex 4.058305 3.330565 4.757309
vertex 3.712311 3.712311 4.757309
vertex 2.899138 2.899138 4.325333
endloop
endfacet
facet normal -0.260825 -0.236398 0.935995
outer loop
vertex 4.058305 3.330565 4.757309
vertex 2.899138 2.899138 4.325333
vertex 3.169343 2.601012 4.325333
endloop
endfacet
facet normal -0.236398 -0.260825 0.935995
outer loop
vertex 3.712311 3.712311 4.757309
vertex 3.330565 4.058305 4.757309
vertex 2.601012 3.169343 4.325333
endloop
endfacet
facet normal -0.236398 -0.260825 0.935995
outer loop
vertex 3.712311 3.712311 4.757309
vertex 2.601012 3.169343 4.325333
vertex 2.899138 2.899138 4.325333
endloop
endfacet
facet normal -0.209694 -0.28274 0.935995
outer loop
vertex 3.330565 4.058305 4.757309
vertex 2.916744 4.365215 4.757309
vertex 2.277838 3.409025 4.325333
endloop
endfacet
facet normal -0.209694 -0.28274 0.935995
outer loop
vertex 3.330565 4.058305 4.757309
vertex 2.277838 3.409025 4.325333
vertex 2.601012 3.169343 4.325333
endloop
endfacet
facet normal -0.180971 -0.301932 0.935995
outer loop
vertex 2.916744 4.365215 4.757309
vertex 2.474833 4.630086 4.757309
vertex 1.932727 3.615877 4.325333
endloop
endfacet
facet normal -0.180971 -0.301932 0.935995
outer loop
vertex 2.916744 4.365215 4.757309
vertex 1.932727 3.615877 4.325333
vertex 2.277838 3.409025 4.325333
endloop
endfacet
facet normal -0.150505 -0.318216 0.935995
outer loop
vertex 2.474833 4.630086 4.757309
vertex 2.009088 4.850368 4.757309
vertex 1.569002 3.787906 4.325333
endloop
endfacet
facet normal -0.150505 -0.318216 0.935995
outer loop
vertex 2.474833 4.630086 4.757309
vertex 1.569002 3.787906 4.325333
vertex 1.932727 3.615877 4.325333
endloop
endfacet
facet normal -0.11859 -0.331436 0.935995
outer loop
vertex 2.009088 4.850368 4.757309
vertex 1.523995 5.023937 4.757309
vertex 1.190167 3.923455 4.325333
endloop
endfacet
facet normal -0.11859 -0.331436 0.935995
outer loop
vertex 2.009088 4.850368 4.757309
vertex 1.190167 3.923455 4.325333
vertex 1.569002 3.787906 4.325333
endloop
endfacet
facet normal -0.0855323 -0.341464 0.935995
outer loop
vertex 1.523995 5.023937 4.757309
vertex 1.024224 5.149123 4.757309
vertex 0.799870 4.021220 4.325333
endloop
endfacet
facet normal -0.0855323 -0.341464 0.935995
outer loop
vertex 1.523995 5.023937 4.757309
vertex 0.799870 4.021220 4.325333
vertex 1.190167 3.923455 4.325333
endloop
endfacet
facet normal -0.0516512 -0.348203 0.935995
outer loop
vertex 1.024224 5.149123 4.757309
vertex 0.514590 5.224720 4.757309
vertex 0.401870 4.080257 4.325333
endloop
endfacet
facet normal -0.0516511 -0.348203 0.935995
outer loop
vertex 1.024224 5.149123 4.757309
vertex 0.401870 4.080257 4.325333
vertex 0.799870 4.021220 4.325333
endloop
endfacet
facet normal -0.0172723 -0.351589 0.935995
outer loop
vertex 0.514590 5.224720 4.757309
vertex 0.000000 5.250000 4.757309
vertex 0.000000 4.100000 4.325333
endloop
endfacet
facet normal -0.0172724 -0.351589 0.935995
outer loop
vertex 0.514590 5.224720 4.757309
vertex 0.000000 4.100000 4.325333
vertex 0.401870 4.080257 4.325333
endloop
endfacet
facet normal 0.0172723 -0.351589 0.935995
outer loop
vertex 0.000000 5.250000 4.757309
vertex -0.514590 5.224720 4.757309
vertex -0.401870 4.080257 4.325333
endloop
endfacet
facet normal 0.0172724 -0.351589 0.935995
outer loop
vertex 0.000000 5.250000 4.757309
vertex -0.401870 4.080257 4.325333
vertex 0.000000 4.100000 4.325333
endloop
endfacet
facet normal 0.0516512 -0.348203 0.935995
outer loop
vertex -0.514590 5.224720 4.757309
vertex -1.024224 5.149123 4.757309
vertex -0.799870 4.021220 4.325333
endloop
endfacet
facet normal 0.0516511 -0.348203 0.935995
outer loop
vertex -0.514590 5.224720 4.757309
vertex -0.799870 4.021220 4.325333
vertex -0.401870 4.080257 4.325333
endloop
endfacet
facet normal 0.0855323 -0.341464 0.935995
outer loop
vertex -1.024224 5.149123 4.757309
vertex -1.523995 5.023937 4.757309
vertex -1.190167 3.923455 4.325333
endloop
endfacet
facet normal 0.0855323 -0.341464 0.935995
outer loop
vertex -1.024224 5.149123 4.757309
vertex -1.190167 3.923455 4.325333
vertex -0.799870 4.021220 4.325333
endloop
endfacet
facet normal 0.11859 -0.331436 0.935995
outer loop
vertex -1.523995 5.023937 4.757309
vertex -2.009088 4.850368 4.757309
vertex -1.569002 3.787906 4.325333
endloop
endfacet
facet normal 0.11859 -0.331436 0.935995
outer loop
vertex -1.523995 5.023937 4.757309
vertex -1.569002 3.787906 4.325333
vertex -1.190167 3.923455 4.325333
endloop
endfacet
facet normal 0.150505 -0.318216 0.935995
outer loop
vertex -2.009088 4.850368 4.757309
vertex -2.474833 4.630086 4.757309
vertex -1.932727 3.615877 4.325333
endloop
endfacet
facet normal 0.150505 -0.318216 0.935995
outer loop
vertex -2.009088 4.850368 4.757309
vertex -1.932727 3.615877 4.325333
vertex -1.569002 3.787906 4.325333
endloop
endfacet
facet normal 0.180971 -0.301932 0.935995
outer loop
vertex -2.474833 4.630086 4.757309
vertex -2.916744 4.365215 4.757309
vertex -2.277838 3.409025 4.325333
endloop
endfacet
facet normal 0.180971 -0.301932 0.935995
outer loop
vertex -2.474833 4.630086 4.757309
vertex -2.277838 3.409025 4.325333
vertex -1.932727 3.615877 4.325333
endloop
endfacet
facet normal 0.209694 -0.28274 0.935995
outer loop
vertex -2.916744 4.365215 4.757309
vertex -3.330565 4.058305 4.757309
vertex -2.601012 3.169343 4.325333
endloop
endfacet
facet normal 0.209694 -0.28274 0.935995
outer loop
vertex -2.916744 4.365215 4.757309
vertex -2.601012 3.169343 4.325333
vertex -2.277838 3.409025 4.325333
endloop
endfacet
facet normal 0.236398 -0.260825 0.935995
outer loop
vertex -3.330565 4.058305 4.757309
vertex -3.712311 3.712311 4.757309
vertex -2.899138 2.899138 4.325333
endloop
endfacet
facet normal 0.236398 -0.260825 0.935995
outer loop
vertex -3.330565 4.058305 4.757309
vertex -2.899138 2.899138 4.325333
vertex -2.601012 3.169343 4.325333
endloop
endfacet
facet normal 0.260825 -0.236398 0.935995
outer loop
vertex -3.712311 3.712311 4.757309
vertex -4.058305 3.330565 4.757309
vertex -3.169343 2.601012 4.325333
endloop
endfacet
facet normal 0.260825 -0.236398 0.935995
outer loop
vertex -3.712311 3.712311 4.757309
vertex -3.169343 2.601012 4.325333
vertex -2.899138 2.899138 4.325333
endloop
endfacet
facet normal 0.28274 -0.209694 0.935995
outer loop
vertex -4.058305 3.330565 4.757309
vertex -4.365215 2.916744 4.757309
vertex -3.409025 2.277838 4.325333
endloop
endfacet
facet normal 0.28274 -0.209694 0.935995
outer loop
vertex -4.058305 3.330565 4.757309
vertex -3.409025 2.277838 4.325333
vertex -3.169343 2.601012 4.325333
endloop
endfacet
facet normal 0.301932 -0.180971 0.935995
outer loop
vertex -4.365215 2.916744 4.757309
vertex -4.630086 2.474833 4.757309
vertex -3.615877 1.932727 4.325333
endloop
endfacet
facet normal 0.301932 -0.180971 0.935995
outer loop
vertex -4.365215 2.916744 4.757309
vertex -3.615877 1.932727 4.325333
vertex -3.409025 2.277838 4.325333
endloop
endfacet
facet normal 0.318216 -0.150505 0.935995
outer loop
vertex -4.630086 2.474833 4.757309
vertex -4.850368 2.009088 4.757309
vertex -3.787906 1.569002 4.325333
endloop
endfacet
facet normal 0.318216 -0.150505 0.935995
outer loop
vertex -4.630086 2.474833 4.757309
vertex -3.787906 1.569002 4.325333
vertex -3.615877 1.932727 4.325333
endloop
endfacet
facet normal 0.331436 -0.11859 0.935995
outer loop
vertex -4.850368 2.009088 4.757309
vertex -5.023937 1.523995 4.757309
vertex -3.923455 1.190167 4.325333
endloop
endfacet
facet normal 0.331436 -0.11859 0.935995
outer loop
vertex -4.850368 2.009088 4.757309
vertex -3.923455 1.190167 4.325333
vertex -3.787906 1.569002 4.325333
endloop
endfacet
facet normal 0.341464 -0.0855323 0.935995
outer loop
vertex -5.023937 1.523995 4.757309
vertex -5.149123 1.024224 4.757309
vertex -4.021220 0.799870 4.325333
endloop
endfacet
facet normal 0.341464 -0.0855323 0.935995
outer loop
vertex -5.023937 1.523995 4.757309
vertex -4.021220 0.799870 4.325333
vertex -3.923455 1.190167 4.325333
endloop
endfacet
facet normal 0.348203 -0.0516512 0.935995
outer loop
vertex -5.149123 1.024224 4.757309
vertex -5.224720 0.514590 4.757309
vertex -4.080257 0.401870 4.325333
endloop
endfacet
facet normal 0.348203 -0.0516511 0.935995
outer loop
vertex -5.149123 1.024224 4.757309
vertex -4.080257 0.401870 4.325333
vertex -4.021220 0.799870 4.325333
endloop
endfacet
facet normal 0.351589 -0.0172723 0.935995
outer loop
vertex -5.224720 0.514590 4.757309
vertex -5.250000 0.000000 4.757309
vertex -4.100000 0.000000 4.325333
endloop
endfacet
facet normal 0.351589 -0.0172724 0.935995
outer loop
vertex -5.224720 0.514590 4.757309
vertex -4.100000 0.000000 4.325333
vertex -4.080257 0.401870 4.325333
endloop
endfacet
facet normal 0.351589 0.0172723 0.935995
outer loop
vertex -5.250000 0.000000 4.757309
vertex -5.224720 -0.514590 4.757309
vertex -4.080257 -0.401870 4.325333
endloop
endfacet
facet normal 0.351589 0.0172724 0.935995
outer loop
vertex -5.250000 0.000000 4.757309
vertex -4.080257 -0.401870 4.325333
vertex -4.100000 0.000000 4.325333
endloop
endfacet
facet normal 0.348203 0.0516512 0.935995
outer loop
vertex -5.224720 -0.514590 4.757309
vertex -5.149123 -1.024224 4.757309
vertex -4.021220 -0.799870 4.325333
endloop
endfacet
facet normal 0.348203 0.0516511 0.935995
outer loop
vertex -5.224720 -0.514590 4.757309
vertex -4.021220 -0.799870 4.325333
vertex -4.080257 -0.401870 4.325333
endloop
endfacet
facet normal 0.341464 0.0855323 0.935995
outer loop
vertex -5.149123 -1.024224 4.757309
vertex -5.023937 -1.523995 4.757309
vertex -3.923455 -1.190167 4.325333
endloop
endfacet
facet normal 0.341464 0.0855323 0.935995
outer loop
vertex -5.149123 -1.024224 4.757309
vertex -3.923455 -1.190167 4.325333
vertex -4.021220 -0.799870 4.325333
endloop
endfacet
facet normal 0.331436 0.11859 0.935995
outer loop
vertex -5.023937 -1.523995 4.757309
vertex -4.850368 -2.009088 4.757309
vertex -3.787906 -1.569002 4.325333
endloop
endfacet
facet normal 0.331436 0.11859 0.935995
outer loop
vertex -5.023937 -1.523995 4.757309
vertex -3.787906 -1.569002 4.325333
vertex -3.923455 -1.190167 4.325333
endloop
endfacet
facet normal 0.318216 0.150505 0.935995
outer loop
vertex -4.850368 -2.009088 4.757309
vertex -4.630086 -2.474833 4.757309
vertex -3.615877 -1.932727 4.325333
endloop
endfacet
facet normal 0.318216 0.150505 0.935995
outer loop
vertex -4.850368 -2.009088 4.757309
vertex -3.615877 -1.932727 4.325333
vertex -3.787906 -1.569002 4.325333
endloop
endfacet
facet normal 0.301932 0.180971 0.935995
outer loop
vertex -4.630086 -2.474833 4.757309
vertex -4.365215 -2.916744 4.757309
vertex -3.409025 -2.277838 4.325333
endloop
endfacet
facet normal 0.301932 0.180971 0.935995
outer loop
vertex -4.630086 -2.474833 4.757309
vertex -3.409025 -2.277838 4.325333
vertex -3.615877 -1.932727 4.325333
endloop
endfacet
facet normal 0.28274 0.209694 0.935995
outer loop
vertex -4.365215 -2.916744 4.757309
vertex -4.058305 -3.330565 4.757309
vertex -3.169343 -2.601012 4.325333
endloop
endfacet
facet normal 0.28274 0.209694 0.935995
outer loop
vertex -4.365215 -2.916744 4.757309
vertex -3.169343 -2.601012 4.325333
vertex -3.409025 -2.277838 4.325333
endloop
endfacet
facet normal 0.260825 0.236398 0.935995
outer loop
vertex -4.058305 -3.330565 4.757309
vertex -3.712311 -3.712311 4.757309
vertex -2.899138 -2.899138 4.325333
endloop
endfacet
facet normal 0.260825 0.236398 0.935995
outer loop
vertex -4.058305 -3.330565 4.757309
vertex -2.899138 -2.899138 4.325333
vertex -3.169343 -2.601012 4.325333
endloop
endfacet
facet normal 0.236398 0.260825 0.935995
outer loop
vertex -3.712311 -3.712311 4.757309
vertex -3.330565 -4.058305 4.757309
vertex -2.601012 -3.169343 4.325333
endloop
endfacet
facet normal 0.236398 0.260825 0.935995
outer loop
vertex -3.712311 -3.712311 4.757309
vertex -2.601012 -3.169343 4.325333
vertex -2.899138 -2.899138 4.325333
endloop
endfacet
facet normal 0.209694 0.28274 0.935995
outer loop
vertex -3.330565 -4.058305 4.757309
vertex -2.916744 -4.365215 4.757309
vertex -2.277838 -3.409025 4.325333
endloop
endfacet
facet normal 0.209694 0.28274 0.935995
outer loop
vertex -3.330565 -4.058305 4.757309
vertex -2.277838 -3.409025 4.325333
vertex -2.601012 -3.169343 4.325333
endloop
endfacet
facet normal 0.180971 0.301932 0.935995
outer loop
vertex -2.916744 -4.365215 4.757309
vertex -2.474833 -4.630086 4.757309
vertex -1.932727 -3.615877 4.325333
endloop
endfacet
facet normal 0.180971 0.301932 0.935995
outer loop
vertex -2.916744 -4.365215 4.757309
vertex -1.932727 -3.615877 4.325333
vertex -2.277838 -3.409025 4.325333
endloop
endfacet
facet normal 0.150505 0.318216 0.935995
outer loop
vertex -2.474833 -4.630086 4.757309
vertex -2.009088 -4.850368 4.757309
vertex -1.569002 -3.787906 4.325333
endloop
endfacet
facet normal 0.150505 0.318216 0.935995
outer loop
vertex -2.474833 -4.630086 4.757309
vertex -1.569002 -3.787906 4.325333
vertex -1.932727 -3.615877 4.325333
endloop
endfacet
facet normal 0.11859 0.331436 0.935995
outer loop
vertex -2.009088 -4.850368 4.757309
vertex -1.523995 -5.023937 4.757309
vertex -1.190167 -3.923455 4.325333
endloop
endfacet
facet normal 0.11859 0.331436 0.935995
outer loop
vertex -2.009088 -4.850368 4.757309
vertex -1.190167 -3.923455 4.325333
vertex -1.569002 -3.787906 4.325333
endloop
endfacet
facet normal 0.0855323 0.341464 0.935995
outer loop
vertex -1.523995 -5.023937 4.757309
vertex -1.024224 -5.149123 4.757309
vertex -0.799870 -4.021220 4.325333
endloop
endfacet
facet normal 0.0855323 0.341464 0.935995
outer loop
vertex -1.523995 -5.023937 4.757309
vertex -0.799870 -4.021220 4.325333
vertex -1.190167 -3.923455 4.325333
endloop
endfacet
facet normal 0.0516512 0.348203 0.935995
outer loop
vertex -1.024224 -5.149123 4.757309
vertex -0.514590 -5.224720 4.757309
vertex -0.401870 -4.080257 4.325333
endloop
endfacet
facet normal 0.0516511 0.348203 0.935995
outer loop
vertex -1.024224 -5.149123 4.757309
vertex -0.401870 -4.080257 4.325333
vertex -0.799870 -4.021220 4.325333
endloop
endfacet
facet normal 0.0172723 0.351589 0.935995
outer loop
vertex -0.514590 -5.224720 4.757309
vertex -0.000000 -5.250000 4.757309
vertex -0.000000 -4.100000 4.325333
endloop
endfacet
facet normal 0.0172724 0.351589 0.935995
outer loop
vertex -0.514590 -5.224720 4.757309
vertex -0.000000 -4.100000 4.325333
vertex -0.401870 -4.080257 4.325333
endloop
endfacet
facet normal -0.0172723 0.351589 0.935995
outer loop
vertex -0.000000 -5.250000 4.757309
vertex 0.514590 -5.224720 4.757309
vertex 0.401870 -4.080257 4.325333
endloop
endfacet
facet normal -0.0172724 0.351589 0.935995
outer loop
vertex -0.000000 -5.250000 4.757309
vertex 0.401870 -4.080257 4.325333
vertex -0.000000 -4.100000 4.325333
endloop
endfacet
facet normal -0.0516512 0.348203 0.935995
outer loop
vertex 0.514590 -5.224720 4.757309
vertex 1.024224 -5.149123 4.757309
vertex 0.799870 -4.021220 4.325333
endloop
endfacet
facet normal -0.0516511 0.348203 0.935995
outer loop
vertex 0.514590 -5.224720 4.757309
vertex 0.799870 -4.021220 4.325333
vertex 0.401870 -4.080257 4.325333
endloop
endfacet
facet normal -0.0855323 0.341464 0.935995
outer loop
vertex 1.024224 -5.149123 4.757309
vertex 1.523995 -5.023937 4.757309
vertex 1.190167 -3.923455 4.325333
endloop
endfacet
facet normal -0.0855323 0.341464 0.935995
outer loop
vertex 1.024224 -5.149123 4.757309
vertex 1.190167 -3.923455 4.325333
vertex 0.799870 -4.021220 4.325333
endloop
endfacet
facet normal -0.11859 0.331436 0.935995
outer loop
vertex 1.523995 -5.023937 4.757309
vertex 2.009088 -4.850368 4.757309
vertex 1.569002 -3.787906 4.325333
endloop
endfacet
facet normal -0.11859 0.331436 0.935995
outer loop
vertex 1.523995 -5.023937 4.757309
vertex 1.569002 -3.787906 4.325333
vertex 1.190167 -3.923455 4.325333
endloop
endfacet
facet normal -0.150505 0.318216 0.935995
outer loop
vertex 2.009088 -4.850368 4.757309
vertex 2.474833 -4.630086 4.757309
vertex 1.932727 -3.615877 4.325333
endloop
endfacet
facet normal -0.150505 0.318216 0.935995
outer loop
vertex 2.009088 -4.850368 4.757309
vertex 1.932727 -3.615877 4.325333
vertex 1.569002 -3.787906 4.325333
endloop
endfacet
facet normal -0.180971 0.301932 0.935995
outer loop
vertex 2.474833 -4.630086 4.757309
vertex 2.916744 -4.365215 4.757309
vertex 2.277838 -3.409025 4.325333
endloop
endfacet
facet normal -0.180971 0.301932 0.935995
outer loop
vertex 2.474833 -4.630086 4.757309
vertex 2.277838 -3.409025 4.325333
vertex 1.932727 -3.615877 4.325333
endloop
endfacet
facet normal -0.209694 0.28274 0.935995
outer loop
vertex 2.916744 -4.365215 4.757309
vertex 3.330565 -4.058305 4.757309
vertex 2.601012 -3.169343 4.325333
endloop
endfacet
facet normal -0.209694 0.28274 0.935995
outer loop
vertex 2.916744 -4.365215 4.757309
vertex 2.601012 -3.169343 4.325333
vertex 2.277838 -3.409025 4.325333
endloop
endfacet
facet normal -0.236398 0.260825 0.935995
outer loop
vertex 3.330565 -4.058305 4.757309
vertex 3.712311 -3.712311 4.757309
vertex 2.899138 -2.899138 4.325333
endloop
endfacet
facet normal -0.236398 0.260825 0.935995
outer loop
vertex 3.330565 -4.058305 4.757309
vertex 2.899138 -2.899138 4.325333
vertex 2.601012 -3.169343 4.325333
endloop
endfacet
facet normal -0.260825 0.236398 0.935995
outer loop
vertex 3.712311 -3.712311 4.757309
vertex 4.058305 -3.330565 4.757309
vertex 3.169343 -2.601012 4.325333
endloop
endfacet
facet normal -0.260825 0.236398 0.935995
outer loop
vertex 3.712311 -3.712311 4.757309
vertex 3.169343 -2.601012 4.325333
vertex 2.899138 -2.899138 4.325333
endloop
endfacet
facet normal -0.28274 0.209694 0.935995
outer loop
vertex 4.058305 -3.330565 4.757309
vertex 4.365215 -2.916744 4.757309
vertex 3.409025 -2.277838 4.325333
endloop
endfacet
facet normal -0.28274 0.209694 0.935995
outer loop
vertex 4.058305 -3.330565 4.757309
vertex 3.409025 -2.277838 4.325333
vertex 3.169343 -2.601012 4.325333
endloop
endfacet
facet normal -0.301932 0.180971 0.935995
outer loop
vertex 4.365215 -2.916744 4.757309
vertex 4.630086 -2.474833 4.757309
vertex 3.615877 -1.932727 4.325333
endloop
endfacet
facet normal -0.301932 0.180971 0.935995
outer loop
vertex 4.365215 -2.916744 4.757309
vertex 3.615877 -1.932727 4.325333
vertex 3.409025 -2.277838 4.325333
endloop
endfacet
facet normal -0.318216 0.150505 0.935995
outer loop
vertex 4.630086 -2.474833 4.757309
vertex 4.850368 -2.009088 4.757309
vertex 3.787906 -1.569002 4.325333
endloop
endfacet
facet normal -0.318216 0.150505 0.935995
outer loop
vertex 4.630086 -2.474833 4.757309
vertex 3.787906 -1.569002 4.325333
vertex 3.615877 -1.932727 4.325333
endloop
endfacet
facet normal -0.331436 0.11859 0.935995
outer loop
vertex 4.850368 -2.009088 4.757309
vertex 5.023937 -1.523995 4.757309
vertex 3.923455 -1.190167 4.325333
endloop
endfacet
facet normal -0.331436 0.11859 0.935995
outer loop
vertex 4.850368 -2.009088 4.757309
vertex 3.923455 -1.190167 4.325333
vertex 3.787906 -1.569002 4.325333
endloop
endfacet
facet normal -0.341464 0.0855323 0.935995
outer loop
vertex 5.023937 -1.523995 4.757309
vertex 5.149123 -1.024224 4.757309
vertex 4.021220 -0.799870 4.325333
endloop
endfacet
facet normal -0.341464 0.0855323 0.935995
outer loop
vertex 5.023937 -1.523995 4.757309
vertex 4.021220 -0.799870 4.325333
vertex 3.923455 -1.190167 4.325333
endloop
endfacet
facet normal -0.348203 0.0516512 0.935995
outer loop
vertex 5.149123 -1.024224 4.757309
vertex 5.224720 -0.514590 4.757309
vertex 4.080257 -0.401870 4.325333
endloop
endfacet
facet normal -0.348203 0.0516511 0.935995
outer loop
vertex 5.149123 -1.024224 4.757309
vertex 4.080257 -0.401870 4.325333
vertex 4.021220 -0.799870 4.325333
endloop
endfacet
facet normal -0.351589 0.0172723 0.935995
outer loop
vertex 5.224720 -0.514590 4.757309
vertex 5.250000 0.000000 4.757309
vertex 4.100000 -0.000000 4.325333
endloop
endfacet
facet normal -0.351589 0.0172724 0.935995
outer loop
vertex 5.224720 -0.514590 4.757309
vertex 4.100000 -0.000000 4.325333
vertex 4.080257 -0.401870 4.325333
endloop
endfacet
facet normal -0.267107 -0.013122 0.963578
outer loop
vertex 4.100000 -0.000000 4.325333
vertex 4.080257 0.401870 4.325333
vertex 2.786517 0.274448 3.964968
endloop
endfacet
facet normal -0.267107 -0.0131222 0.963578
outer loop
vertex 4.100000 -0.000000 4.325333
vertex 2.786517 0.274448 3.964968
vertex 2.800000 0.000000 3.964968
endloop
endfacet
facet normal -0.264535 -0.03924 0.963578
outer loop
vertex 4.080257 0.401870 4.325333
vertex 4.021220 0.799870 4.325333
vertex 2.746199 0.546253 3.964968
endloop
endfacet
facet normal -0.264535 -0.0392399 0.963578
outer loop
vertex 4.080257 0.401870 4.325333
vertex 2.746199 0.546253 3.964968
vertex 2.786517 0.274448 3.964968
endloop
endfacet
facet normal -0.259415 -0.06498 0.963578
outer loop
vertex 4.021220 0.799870 4.325333
vertex 3.923455 1.190167 4.325333
vertex 2.679433 0.812797 3.964968
endloop
endfacet
facet normal -0.259415 -0.0649801 0.963578
outer loop
vertex 4.021220 0.799870 4.325333
vertex 2.679433 0.812797 3.964968
vertex 2.746199 0.546253 3.964968
endloop
endfacet
facet normal -0.251796 -0.0900942 0.963578
outer loop
vertex 3.923455 1.190167 4.325333
vertex 3.787906 1.569002 4.325333
vertex 2.586863 1.071514 3.964968
endloop
endfacet
facet normal -0.251796 -0.090094 0.963578
outer loop
vertex 3.923455 1.190167 4.325333
vertex 2.586863 1.071514 3.964968
vertex 2.679433 0.812797 3.964968
endloop
endfacet
facet normal -0.241753 -0.114341 0.963578
outer loop
vertex 3.787906 1.569002 4.325333
vertex 3.615877 1.932727 4.325333
vertex 2.469379 1.319911 3.964968
endloop
endfacet
facet normal -0.241753 -0.114341 0.963577
outer loop
vertex 3.787906 1.569002 4.325333
vertex 2.469379 1.319911 3.964968
vertex 2.586863 1.071514 3.964968
endloop
endfacet
facet normal -0.229382 -0.137486 0.963578
outer loop
vertex 3.615877 1.932727 4.325333
vertex 3.409025 2.277838 4.325333
vertex 2.328115 1.555597 3.964968
endloop
endfacet
facet normal -0.229382 -0.137486 0.963578
outer loop
vertex 3.615877 1.932727 4.325333
vertex 2.328115 1.555597 3.964968
vertex 2.469379 1.319911 3.964968
endloop
endfacet
facet normal -0.214801 -0.159308 0.963578
outer loop
vertex 2.256031 1.652791 3.964968
vertex 2.328115 1.555597 3.964968
vertex 3.409025 2.277838 4.325333
endloop
endfacet
facet normal -0.214801 -0.159308 0.963577
outer loop
vertex 3.409025 2.277838 4.325333
vertex 3.169343 2.601012 4.325333
vertex 2.236587 1.835520 3.990844
endloop
endfacet
facet normal -0.214806 -0.159297 0.963578
outer loop
vertex 3.409025 2.277838 4.325333
vertex 2.236587 1.835520 3.990844
vertex 2.240962 1.828630 3.990680
endloop
endfacet
facet normal -0.2148 -0.159309 0.963577
outer loop
vertex 2.259208 1.699820 3.973452
vertex 2.256031 1.652791 3.964968
vertex 3.409025 2.277838 4.325333
endloop
endfacet
facet normal -0.214802 -0.159306 0.963578
outer loop
vertex 3.409025 2.277838 4.325333
vertex 2.240962 1.828630 3.990680
vertex 2.255049 1.789168 3.987296
endloop
endfacet
facet normal -0.214801 -0.159308 0.963578
outer loop
vertex 3.409025 2.277838 4.325333
vertex 2.255049 1.789168 3.987296
vertex 2.259208 1.699820 3.973452
endloop
endfacet
facet normal -0.19815 -0.179597 0.963577
outer loop
vertex 2.218851 1.863454 3.992403
vertex 2.236587 1.835520 3.990844
vertex 3.169343 2.601012 4.325333
endloop
endfacet
facet normal -0.198152 -0.179595 0.963578
outer loop
vertex 3.169343 2.601012 4.325333
vertex 2.899138 2.899138 4.325333
vertex 1.979899 1.979899 3.964968
endloop
endfacet
facet normal -0.198127 -0.179572 0.963587
outer loop
vertex 1.979899 1.979899 3.964968
vertex 2.027002 1.927928 3.964968
vertex 2.029727 1.928901 3.965709
endloop
endfacet
facet normal -0.198152 -0.179596 0.963577
outer loop
vertex 1.979899 1.979899 3.964968
vertex 2.029727 1.928901 3.965709
vertex 2.072687 1.933836 3.975464
endloop
endfacet
facet normal -0.198152 -0.179594 0.963578
outer loop
vertex 2.189604 1.892703 3.991840
vertex 2.218851 1.863454 3.992403
vertex 3.169343 2.601012 4.325333
endloop
endfacet
facet normal -0.198151 -0.179596 0.963578
outer loop
vertex 2.154783 1.914816 3.988801
vertex 2.189604 1.892703 3.991840
vertex 3.169343 2.601012 4.325333
endloop
endfacet
facet normal -0.198151 -0.179595 0.963577
outer loop
vertex 3.169343 2.601012 4.325333
vertex 1.979899 1.979899 3.964968
vertex 2.072687 1.933836 3.975464
endloop
endfacet
facet normal -0.198153 -0.179593 0.963578
outer loop
vertex 2.115635 1.928830 3.983363
vertex 2.154783 1.914816 3.988801
vertex 3.169343 2.601012 4.325333
endloop
endfacet
facet normal -0.198155 -0.179589 0.963578
outer loop
vertex 3.169343 2.601012 4.325333
vertex 2.072687 1.933836 3.975464
vertex 2.115635 1.928830 3.983363
endloop
endfacet
facet normal -0.179595 -0.198152 0.963578
outer loop
vertex 2.899138 2.899138 4.325333
vertex 2.601012 3.169343 4.325333
vertex 1.776301 2.164429 3.964968
endloop
endfacet
facet normal -0.179595 -0.198152 0.963578
outer loop
vertex 2.899138 2.899138 4.325333
vertex 1.776301 2.164429 3.964968
vertex 1.979899 1.979899 3.964968
endloop
endfacet
facet normal -0.159308 -0.214801 0.963578
outer loop
vertex 2.601012 3.169343 4.325333
vertex 2.277838 3.409025 4.325333
vertex 1.555597 2.328115 3.964968
endloop
endfacet
facet normal -0.159308 -0.214801 0.963578
outer loop
vertex 2.601012 3.169343 4.325333
vertex 1.555597 2.328115 3.964968
vertex 1.776301 2.164429 3.964968
endloop
endfacet
facet normal -0.137486 -0.229382 0.963578
outer loop
vertex 2.277838 3.409025 4.325333
vertex 1.932727 3.615877 4.325333
vertex 1.319911 2.469379 3.964968
endloop
endfacet
facet normal -0.137486 -0.229382 0.963577
outer loop
vertex 2.277838 3.409025 4.325333
vertex 1.319911 2.469379 3.964968
vertex 1.555597 2.328115 3.964968
endloop
endfacet
facet normal -0.114341 -0.241753 0.963578
outer loop
vertex 1.932727 3.615877 4.325333
vertex 1.569002 3.787906 4.325333
vertex 1.071514 2.586863 3.964968
endloop
endfacet
facet normal -0.114341 -0.241753 0.963577
outer loop
vertex 1.932727 3.615877 4.325333
vertex 1.071514 2.586863 3.964968
vertex 1.319911 2.469379 3.964968
endloop
endfacet
facet normal -0.0900942 -0.251796 0.963578
outer loop
vertex 1.569002 3.787906 4.325333
vertex 1.190167 3.923455 4.325333
vertex 0.812797 2.679433 3.964968
endloop
endfacet
facet normal -0.0900941 -0.251796 0.963578
outer loop
vertex 1.569002 3.787906 4.325333
vertex 0.812797 2.679433 3.964968
vertex 1.071514 2.586863 3.964968
endloop
endfacet
facet normal -0.06498 -0.259415 0.963578
outer loop
vertex 1.190167 3.923455 4.325333
vertex 0.799870 4.021220 4.325333
vertex 0.546253 2.746199 3.964968
endloop
endfacet
facet normal -0.0649801 -0.259415 0.963577
outer loop
vertex 1.190167 3.923455 4.325333
vertex 0.546253 2.746199 3.964968
vertex 0.812797 2.679433 3.964968
endloop
endfacet
facet normal -0.03924 -0.264535 0.963578
outer loop
vertex 0.799870 4.021220 4.325333
vertex 0.401870 4.080257 4.325333
vertex 0.274448 2.786517 3.964968
endloop
endfacet
facet normal -0.0392399 -0.264535 0.963578
outer loop
vertex 0.799870 4.021220 4.325333
vertex 0.274448 2.786517 3.964968
vertex 0.546253 2.746199 3.964968
endloop
endfacet
facet normal -0.013122 -0.267107 0.963578
outer loop
vertex 0.401870 4.080257 4.325333
vertex 0.000000 4.100000 4.325333
vertex 0.000000 2.800000 3.964968
endloop
endfacet
facet normal -0.0131222 -0.267107 0.963578
outer loop
vertex 0.401870 4.080257 4.325333
vertex 0.000000 2.800000 3.964968
vertex 0.274448 2.786517 3.964968
endloop
endfacet
facet normal 0.013122 -0.267107 0.963578
outer loop
vertex 0.000000 4.100000 4.325333
vertex -0.401870 4.080257 4.325333
vertex -0.274448 2.786517 3.964968
endloop
endfacet
facet normal 0.0131222 -0.267107 0.963578
outer loop
vertex 0.000000 4.100000 4.325333
vertex -0.274448 2.786517 3.964968
vertex 0.000000 2.800000 3.964968
endloop
endfacet
facet normal 0.03924 -0.264535 0.963578
outer loop
vertex -0.401870 4.080257 4.325333
vertex -0.799870 4.021220 4.325333
vertex -0.546253 2.746199 3.964968
endloop
endfacet
facet normal 0.0392399 -0.264535 0.963578
outer loop
vertex -0.401870 4.080257 4.325333
vertex -0.546253 2.746199 3.964968
vertex -0.274448 2.786517 3.964968
endloop
endfacet
facet normal 0.06498 -0.259415 0.963578
outer loop
vertex -0.799870 4.021220 4.325333
vertex -1.190167 3.923455 4.325333
vertex -0.812797 2.679433 3.964968
endloop
endfacet
facet normal 0.0649801 -0.259415 0.963578
outer loop
vertex -0.799870 4.021220 4.325333
vertex -0.812797 2.679433 3.964968
vertex -0.546253 2.746199 3.964968
endloop
endfacet
facet normal 0.0900942 -0.251796 0.963578
outer loop
vertex -1.190167 3.923455 4.325333
vertex -1.569002 3.787906 4.325333
vertex -1.071514 2.586863 3.964968
endloop
endfacet
facet normal 0.090094 -0.251796 0.963578
outer loop
vertex -1.190167 3.923455 4.325333
vertex -1.071514 2.586863 3.964968
vertex -0.812797 2.679433 3.964968
endloop
endfacet
facet normal 0.114341 -0.241753 0.963578
outer loop
vertex -1.569002 3.787906 4.325333
vertex -1.932727 3.615877 4.325333
vertex -1.319911 2.469379 3.964968
endloop
endfacet
facet normal 0.114341 -0.241753 0.963577
outer loop
vertex -1.569002 3.787906 4.325333
vertex -1.319911 2.469379 3.964968
vertex -1.071514 2.586863 3.964968
endloop
endfacet
facet normal 0.137486 -0.229382 0.963578
outer loop
vertex -1.932727 3.615877 4.325333
vertex -2.277838 3.409025 4.325333
vertex -1.555597 2.328115 3.964968
endloop
endfacet
facet normal 0.137486 -0.229382 0.963578
outer loop
vertex -1.932727 3.615877 4.325333
vertex -1.555597 2.328115 3.964968
vertex -1.319911 2.469379 3.964968
endloop
endfacet
facet normal 0.159308 -0.214801 0.963578
outer loop
vertex -2.277838 3.409025 4.325333
vertex -2.601012 3.169343 4.325333
vertex -1.776301 2.164429 3.964968
endloop
endfacet
facet normal 0.159308 -0.214801 0.963578
outer loop
vertex -2.277838 3.409025 4.325333
vertex -1.776301 2.164429 3.964968
vertex -1.555597 2.328115 3.964968
endloop
endfacet
facet normal 0.179595 -0.198152 0.963578
outer loop
vertex -2.601012 3.169343 4.325333
vertex -2.899138 2.899138 4.325333
vertex -1.979899 1.979899 3.964968
endloop
endfacet
facet normal 0.179595 -0.198152 0.963578
outer loop
vertex -2.601012 3.169343 4.325333
vertex -1.979899 1.979899 3.964968
vertex -1.776301 2.164429 3.964968
endloop
endfacet
facet normal 0.198152 -0.179595 0.963578
outer loop
vertex -2.899138 2.899138 4.325333
vertex -3.169343 2.601012 4.325333
vertex -2.164429 1.776301 3.964968
endloop
endfacet
facet normal 0.198152 -0.179595 0.963578
outer loop
vertex -2.899138 2.899138 4.325333
vertex -2.164429 1.776301 3.964968
vertex -1.979899 1.979899 3.964968
endloop
endfacet
facet normal 0.214801 -0.159308 0.963578
outer loop
vertex -3.169343 2.601012 4.325333
vertex -3.409025 2.277838 4.325333
vertex -2.328115 1.555597 3.964968
endloop
endfacet
facet normal 0.214801 -0.159308 0.963578
outer loop
vertex -3.169343 2.601012 4.325333
vertex -2.328115 1.555597 3.964968
vertex -2.164429 1.776301 3.964968
endloop
endfacet
facet normal 0.229382 -0.137486 0.963578
outer loop
vertex -3.409025 2.277838 4.325333
vertex -3.615877 1.932727 4.325333
vertex -2.469379 1.319911 3.964968
endloop
endfacet
facet normal 0.229382 -0.137486 0.963577
outer loop
vertex -3.409025 2.277838 4.325333
vertex -2.469379 1.319911 3.964968
vertex -2.328115 1.555597 3.964968
endloop
endfacet
facet normal 0.241753 -0.114341 0.963578
outer loop
vertex -3.615877 1.932727 4.325333
vertex -3.787906 1.569002 4.325333
vertex -2.586863 1.071514 3.964968
endloop
endfacet
facet normal 0.241753 -0.114341 0.963577
outer loop
vertex -3.615877 1.932727 4.325333
vertex -2.586863 1.071514 3.964968
vertex -2.469379 1.319911 3.964968
endloop
endfacet
facet normal 0.251796 -0.0900942 0.963578
outer loop
vertex -3.787906 1.569002 4.325333
vertex -3.923455 1.190167 4.325333
vertex -2.679433 0.812797 3.964968
endloop
endfacet
facet normal 0.251796 -0.0900941 0.963578
outer loop
vertex -3.787906 1.569002 4.325333
vertex -2.679433 0.812797 3.964968
vertex -2.586863 1.071514 3.964968
endloop
endfacet
facet normal 0.259415 -0.06498 0.963578
outer loop
vertex -3.923455 1.190167 4.325333
vertex -4.021220 0.799870 4.325333
vertex -2.746199 0.546253 3.964968
endloop
endfacet
facet normal 0.259415 -0.0649801 0.963577
outer loop
vertex -3.923455 1.190167 4.325333
vertex -2.746199 0.546253 3.964968
vertex -2.679433 0.812797 3.964968
endloop
endfacet
facet normal 0.264535 -0.03924 0.963578
outer loop
vertex -4.021220 0.799870 4.325333
vertex -4.080257 0.401870 4.325333
vertex -2.786517 0.274448 3.964968
endloop
endfacet
facet normal 0.264535 -0.0392399 0.963578
outer loop
vertex -4.021220 0.799870 4.325333
vertex -2.786517 0.274448 3.964968
vertex -2.746199 0.546253 3.964968
endloop
endfacet
facet normal 0.267107 -0.013122 0.963578
outer loop
vertex -4.080257 0.401870 4.325333
vertex -4.100000 0.000000 4.325333
vertex -2.800000 0.000000 3.964968
endloop
endfacet
facet normal 0.267107 -0.0131222 0.963578
outer loop
vertex -4.080257 0.401870 4.325333
vertex -2.800000 0.000000 3.964968
vertex -2.786517 0.274448 3.964968
endloop
endfacet
facet normal 0.267107 0.013122 0.963578
outer loop
vertex -4.100000 0.000000 4.325333
vertex -4.080257 -0.401870 4.325333
vertex -2.786517 -0.274448 3.964968
endloop
endfacet
facet normal 0.267107 0.0131222 0.963578
outer loop
vertex -4.100000 0.000000 4.325333
vertex -2.786517 -0.274448 3.964968
vertex -2.800000 0.000000 3.964968
endloop
endfacet
facet normal 0.264535 0.03924 0.963578
outer loop
vertex -4.080257 -0.401870 4.325333
vertex -4.021220 -0.799870 4.325333
vertex -2.746199 -0.546253 3.964968
endloop
endfacet
facet normal 0.264535 0.0392399 0.963578
outer loop
vertex -4.080257 -0.401870 4.325333
vertex -2.746199 -0.546253 3.964968
vertex -2.786517 -0.274448 3.964968
endloop
endfacet
facet normal 0.259415 0.06498 0.963578
outer loop
vertex -4.021220 -0.799870 4.325333
vertex -3.923455 -1.190167 4.325333
vertex -2.679433 -0.812797 3.964968
endloop
endfacet
facet normal 0.259415 0.0649801 0.963578
outer loop
vertex -4.021220 -0.799870 4.325333
vertex -2.679433 -0.812797 3.964968
vertex -2.746199 -0.546253 3.964968
endloop
endfacet
facet normal 0.251796 0.0900942 0.963578
outer loop
vertex -3.923455 -1.190167 4.325333
vertex -3.787906 -1.569002 4.325333
vertex -2.586863 -1.071514 3.964968
endloop
endfacet
facet normal 0.251796 0.090094 0.963578
outer loop
vertex -3.923455 -1.190167 4.325333
vertex -2.586863 -1.071514 3.964968
vertex -2.679433 -0.812797 3.964968
endloop
endfacet
facet normal 0.241753 0.114341 0.963578
outer loop
vertex -3.787906 -1.569002 4.325333
vertex -3.615877 -1.932727 4.325333
vertex -2.469379 -1.319911 3.964968
endloop
endfacet
facet normal 0.241753 0.114341 0.963577
outer loop
vertex -3.787906 -1.569002 4.325333
vertex -2.469379 -1.319911 3.964968
vertex -2.586863 -1.071514 3.964968
endloop
endfacet
facet normal 0.229382 0.137486 0.963578
outer loop
vertex -3.615877 -1.932727 4.325333
vertex -3.409025 -2.277838 4.325333
vertex -2.328115 -1.555597 3.964968
endloop
endfacet
facet normal 0.229382 0.137486 0.963578
outer loop
vertex -3.615877 -1.932727 4.325333
vertex -2.328115 -1.555597 3.964968
vertex -2.469379 -1.319911 3.964968
endloop
endfacet
facet normal 0.2148 0.159307 0.963578
outer loop
vertex -2.293852 -1.882516 4.011379
vertex -2.232256 -1.684847 3.964968
vertex -2.328115 -1.555597 3.964968
endloop
endfacet
facet normal 0.214801 0.159307 0.963578
outer loop
vertex -2.328115 -1.555597 3.964968
vertex -3.409025 -2.277838 4.325333
vertex -3.169343 -2.601012 4.325333
endloop
endfacet
facet normal 0.214801 0.159307 0.963577
outer loop
vertex -2.328115 -1.555597 3.964968
vertex -3.169343 -2.601012 4.325333
vertex -2.293852 -1.882516 4.011379
endloop
endfacet
facet normal 0.198131 0.179621 0.963577
outer loop
vertex -2.299054 -1.899209 4.015561
vertex -2.293852 -1.882516 4.011379
vertex -3.169343 -2.601012 4.325333
endloop
endfacet
facet normal 0.198152 0.179594 0.963578
outer loop
vertex -3.169343 -2.601012 4.325333
vertex -2.899138 -2.899138 4.325333
vertex -2.223319 -2.223319 4.060395
endloop
endfacet
facet normal 0.198152 0.179595 0.963578
outer loop
vertex -3.169343 -2.601012 4.325333
vertex -2.223319 -2.223319 4.060395
vertex -2.247747 -2.193573 4.059874
endloop
endfacet
facet normal 0.198156 0.17959 0.963578
outer loop
vertex -2.306998 -1.989747 4.034069
vertex -2.299054 -1.899209 4.015561
vertex -3.169343 -2.601012 4.325333
endloop
endfacet
facet normal 0.198149 0.179599 0.963577
outer loop
vertex -2.303680 -2.033545 4.041550
vertex -2.306998 -1.989747 4.034069
vertex -3.169343 -2.601012 4.325333
endloop
endfacet
facet normal 0.198151 0.179597 0.963577
outer loop
vertex -3.169343 -2.601012 4.325333
vertex -2.247747 -2.193573 4.059874
vertex -2.283793 -2.116958 4.053007
endloop
endfacet
facet normal 0.198153 0.179593 0.963578
outer loop
vertex -3.169343 -2.601012 4.325333
vertex -2.283793 -2.116958 4.053007
vertex -2.303680 -2.033545 4.041550
endloop
endfacet
facet normal 0.179595 0.198152 0.963578
outer loop
vertex -2.168010 -2.290667 4.063936
vertex -2.223319 -2.223319 4.060395
vertex -2.899138 -2.899138 4.325333
endloop
endfacet
facet normal 0.179595 0.198152 0.963577
outer loop
vertex -2.899138 -2.899138 4.325333
vertex -2.601012 -3.169343 4.325333
vertex -1.962649 -2.391495 4.046394
endloop
endfacet
facet normal 0.179594 0.198156 0.963577
outer loop
vertex -2.899138 -2.899138 4.325333
vertex -1.962649 -2.391495 4.046394
vertex -1.983115 -2.388846 4.049664
endloop
endfacet
facet normal 0.179595 0.198152 0.963578
outer loop
vertex -2.063503 -2.360562 4.058831
vertex -2.168010 -2.290667 4.063936
vertex -2.899138 -2.899138 4.325333
endloop
endfacet
facet normal 0.179595 0.198151 0.963578
outer loop
vertex -2.899138 -2.899138 4.325333
vertex -1.983115 -2.388846 4.049664
vertex -2.063503 -2.360562 4.058831
endloop
endfacet
facet normal 0.159306 0.214803 0.963577
outer loop
vertex -1.896941 -2.400000 4.037427
vertex -1.962649 -2.391495 4.046394
vertex -2.601012 -3.169343 4.325333
endloop
endfacet
facet normal 0.159308 0.214801 0.963578
outer loop
vertex -2.601012 -3.169343 4.325333
vertex -2.277838 -3.409025 4.325333
vertex -1.555597 -2.328115 3.964968
endloop
endfacet
facet normal 0.159308 0.2148 0.963578
outer loop
vertex -1.555597 -2.328115 3.964968
vertex -1.566734 -2.319855 3.964968
vertex -1.760478 -2.380412 4.010499
endloop
endfacet
facet normal 0.159314 0.214795 0.963578
outer loop
vertex -1.852133 -2.398570 4.029700
vertex -1.896941 -2.400000 4.037427
vertex -2.601012 -3.169343 4.325333
endloop
endfacet
facet normal 0.159308 0.214801 0.963578
outer loop
vertex -2.601012 -3.169343 4.325333
vertex -1.555597 -2.328115 3.964968
vertex -1.760478 -2.380412 4.010499
endloop
endfacet
facet normal 0.159304 0.214804 0.963577
outer loop
vertex -2.601012 -3.169343 4.325333
vertex -1.760478 -2.380412 4.010499
vertex -1.852133 -2.398570 4.029700
endloop
endfacet
facet normal 0.137486 0.229382 0.963578
outer loop
vertex -2.277838 -3.409025 4.325333
vertex -1.932727 -3.615877 4.325333
vertex -1.319911 -2.469379 3.964968
endloop
endfacet
facet normal 0.137486 0.229382 0.963577
outer loop
vertex -2.277838 -3.409025 4.325333
vertex -1.319911 -2.469379 3.964968
vertex -1.555597 -2.328115 3.964968
endloop
endfacet
facet normal 0.114341 0.241753 0.963578
outer loop
vertex -1.932727 -3.615877 4.325333
vertex -1.569002 -3.787906 4.325333
vertex -1.071514 -2.586863 3.964968
endloop
endfacet
facet normal 0.114341 0.241753 0.963577
outer loop
vertex -1.932727 -3.615877 4.325333
vertex -1.071514 -2.586863 3.964968
vertex -1.319911 -2.469379 3.964968
endloop
endfacet
facet normal 0.0900942 0.251796 0.963578
outer loop
vertex -1.569002 -3.787906 4.325333
vertex -1.190167 -3.923455 4.325333
vertex -0.812797 -2.679433 3.964968
endloop
endfacet
facet normal 0.0900941 0.251796 0.963578
outer loop
vertex -1.569002 -3.787906 4.325333
vertex -0.812797 -2.679433 3.964968
vertex -1.071514 -2.586863 3.964968
endloop
endfacet
facet normal 0.06498 0.259415 0.963578
outer loop
vertex -1.190167 -3.923455 4.325333
vertex -0.799870 -4.021220 4.325333
vertex -0.546253 -2.746199 3.964968
endloop
endfacet
facet normal 0.0649801 0.259415 0.963577
outer loop
vertex -1.190167 -3.923455 4.325333
vertex -0.546253 -2.746199 3.964968
vertex -0.812797 -2.679433 3.964968
endloop
endfacet
facet normal 0.03924 0.264535 0.963578
outer loop
vertex -0.799870 -4.021220 4.325333
vertex -0.401870 -4.080257 4.325333
vertex -0.274448 -2.786517 3.964968
endloop
endfacet
facet normal 0.0392399 0.264535 0.963578
outer loop
vertex -0.799870 -4.021220 4.325333
vertex -0.274448 -2.786517 3.964968
vertex -0.546253 -2.746199 3.964968
endloop
endfacet
facet normal 0.013122 0.267107 0.963578
outer loop
vertex -0.401870 -4.080257 4.325333
vertex -0.000000 -4.100000 4.325333
vertex -0.000000 -2.800000 3.964968
endloop
endfacet
facet normal 0.0131222 0.267107 0.963578
outer loop
vertex -0.401870 -4.080257 4.325333
vertex -0.000000 -2.800000 3.964968
vertex -0.274448 -2.786517 3.964968
endloop
endfacet
facet normal -0.013122 0.267107 0.963578
outer loop
vertex -0.000000 -4.100000 4.325333
vertex 0.401870 -4.080257 4.325333
vertex 0.274448 -2.786517 3.964968
endloop
endfacet
facet normal -0.0131222 0.267107 0.963578
outer loop
vertex -0.000000 -4.100000 4.325333
vertex 0.274448 -2.786517 3.964968
vertex -0.000000 -2.800000 3.964968
endloop
endfacet
facet normal -0.03924 0.264535 0.963578
outer loop
vertex 0.401870 -4.080257 4.325333
vertex 0.799870 -4.021220 4.325333
vertex 0.546253 -2.746199 3.964968
endloop
endfacet
facet normal -0.0392399 0.264535 0.963578
outer loop
vertex 0.401870 -4.080257 4.325333
vertex 0.546253 -2.746199 3.964968
vertex 0.274448 -2.786517 3.964968
endloop
endfacet
facet normal -0.06498 0.259415 0.963578
outer loop
vertex 0.799870 -4.021220 4.325333
vertex 1.190167 -3.923455 4.325333
vertex 0.812797 -2.679433 3.964968
endloop
endfacet
facet normal -0.0649801 0.259415 0.963578
outer loop
vertex 0.799870 -4.021220 4.325333
vertex 0.812797 -2.679433 3.964968
vertex 0.546253 -2.746199 3.964968
endloop
endfacet
facet normal -0.0900942 0.251796 0.963578
outer loop
vertex 1.190167 -3.923455 4.325333
vertex 1.569002 -3.787906 4.325333
vertex 1.071514 -2.586863 3.964968
endloop
endfacet
facet normal -0.090094 0.251796 0.963578
outer loop
vertex 1.190167 -3.923455 4.325333
vertex 1.071514 -2.586863 3.964968
vertex 0.812797 -2.679433 3.964968
endloop
endfacet
facet normal -0.114341 0.241753 0.963578
outer loop
vertex 1.569002 -3.787906 4.325333
vertex 1.932727 -3.615877 4.325333
vertex 1.319911 -2.469379 3.964968
endloop
endfacet
facet normal -0.114341 0.241753 0.963577
outer loop
vertex 1.569002 -3.787906 4.325333
vertex 1.319911 -2.469379 3.964968
vertex 1.071514 -2.586863 3.964968
endloop
endfacet
facet normal -0.137486 0.229382 0.963578
outer loop
vertex 1.932727 -3.615877 4.325333
vertex 2.277838 -3.409025 4.325333
vertex 1.555597 -2.328115 3.964968
endloop
endfacet
facet normal -0.137486 0.229382 0.963578
outer loop
vertex 1.932727 -3.615877 4.325333
vertex 1.555597 -2.328115 3.964968
vertex 1.319911 -2.469379 3.964968
endloop
endfacet
facet normal -0.159308 0.214801 0.963578
outer loop
vertex 2.277838 -3.409025 4.325333
vertex 2.601012 -3.169343 4.325333
vertex 1.776301 -2.164429 3.964968
endloop
endfacet
facet normal -0.159308 0.214801 0.963578
outer loop
vertex 2.277838 -3.409025 4.325333
vertex 1.776301 -2.164429 3.964968
vertex 1.555597 -2.328115 3.964968
endloop
endfacet
facet normal -0.179595 0.198152 0.963578
outer loop
vertex 2.601012 -3.169343 4.325333
vertex 2.899138 -2.899138 4.325333
vertex 1.979899 -1.979899 3.964968
endloop
endfacet
facet normal -0.179595 0.198152 0.963578
outer loop
vertex 2.601012 -3.169343 4.325333
vertex 1.979899 -1.979899 3.964968
vertex 1.776301 -2.164429 3.964968
endloop
endfacet
facet normal -0.198152 0.179595 0.963578
outer loop
vertex 2.899138 -2.899138 4.325333
vertex 3.169343 -2.601012 4.325333
vertex 2.164429 -1.776301 3.964968
endloop
endfacet
facet normal -0.198152 0.179595 0.963578
outer loop
vertex 2.899138 -2.899138 4.325333
vertex 2.164429 -1.776301 3.964968
vertex 1.979899 -1.979899 3.964968
endloop
endfacet
facet normal -0.214801 0.159308 0.963578
outer loop
vertex 3.169343 -2.601012 4.325333
vertex 3.409025 -2.277838 4.325333
vertex 2.328115 -1.555597 3.964968
endloop
endfacet
facet normal -0.214801 0.159308 0.963578
outer loop
vertex 3.169343 -2.601012 4.325333
vertex 2.328115 -1.555597 3.964968
vertex 2.164429 -1.776301 3.964968
endloop
endfacet
facet normal -0.229382 0.137486 0.963578
outer loop
vertex 3.409025 -2.277838 4.325333
vertex 3.615877 -1.932727 4.325333
vertex 2.469379 -1.319911 3.964968
endloop
endfacet
facet normal -0.229382 0.137486 0.963577
outer loop
vertex 3.409025 -2.277838 4.325333
vertex 2.469379 -1.319911 3.964968
vertex 2.328115 -1.555597 3.964968
endloop
endfacet
facet normal -0.241753 0.114341 0.963578
outer loop
vertex 3.615877 -1.932727 4.325333
vertex 3.787906 -1.569002 4.325333
vertex 2.586863 -1.071514 3.964968
endloop
endfacet
facet normal -0.241753 0.114341 0.963577
outer loop
vertex 3.615877 -1.932727 4.325333
vertex 2.586863 -1.071514 3.964968
vertex 2.469379 -1.319911 3.964968
endloop
endfacet
facet normal -0.251796 0.0900942 0.963578
outer loop
vertex 3.787906 -1.569002 4.325333
vertex 3.923455 -1.190167 4.325333
vertex 2.679433 -0.812797 3.964968
endloop
endfacet
facet normal -0.251796 0.0900941 0.963578
outer loop
vertex 3.787906 -1.569002 4.325333
vertex 2.679433 -0.812797 3.964968
vertex 2.586863 -1.071514 3.964968
endloop
endfacet
facet normal -0.259415 0.06498 0.963578
outer loop
vertex 3.923455 -1.190167 4.325333
vertex 4.021220 -0.799870 4.325333
vertex 2.746199 -0.546253 3.964968
endloop
endfacet
facet normal -0.259415 0.0649801 0.963577
outer loop
vertex 3.923455 -1.190167 4.325333
vertex 2.746199 -0.546253 3.964968
vertex 2.679433 -0.812797 3.964968
endloop
endfacet
facet normal -0.264535 0.03924 0.963578
outer loop
vertex 4.021220 -0.799870 4.325333
vertex 4.080257 -0.401870 4.325333
vertex 2.786517 -0.274448 3.964968
endloop
endfacet
facet normal -0.264535 0.0392399 0.963578
outer loop
vertex 4.021220 -0.799870 4.325333
vertex 2.786517 -0.274448 3.964968
vertex 2.746199 -0.546253 3.964968
endloop
endfacet
facet normal -0.267107 0.013122 0.963578
outer loop
vertex 4.080257 -0.401870 4.325333
vertex 4.100000 -0.000000 4.325333
vertex 2.800000 0.000000 3.964968
endloop
endfacet
facet normal -0.267107 0.0131222 0.963578
outer loop
vertex 4.080257 -0.401870 4.325333
vertex 2.800000 0.000000 3.964968
vertex 2.786517 -0.274448 3.964968
endloop
endfacet
facet normal -0.166373 -0.00819658 0.986029
outer loop
vertex 1.755181 0.169086 3.790074
vertex 1.763884 0.173727 3.791581
vertex 1.393259 0.137224 3.728742
endloop
endfacet
facet normal -0.166376 -0.00817355 0.986029
outer loop
vertex 1.393259 0.137224 3.728742
vertex 1.400000 0.000000 3.728742
vertex 1.628052 0.000000 3.767222
endloop
endfacet
facet normal -0.166374 -0.00817011 0.986029
outer loop
vertex 1.393259 0.137224 3.728742
vertex 1.628052 0.000000 3.767222
vertex 1.645892 0.046058 3.770614
endloop
endfacet
facet normal -0.166375 -0.00817045 0.986029
outer loop
vertex 1.693283 0.114051 3.779174
vertex 1.755181 0.169086 3.790074
vertex 1.393259 0.137224 3.728742
endloop
endfacet
facet normal -0.166376 -0.00817549 0.986028
outer loop
vertex 1.393259 0.137224 3.728742
vertex 1.645892 0.046058 3.770614
vertex 1.693283 0.114051 3.779174
endloop
endfacet
facet normal -0.166375 -0.00818058 0.986029
outer loop
vertex 2.283329 0.007925 3.877854
vertex 2.285861 0.000000 3.878216
vertex 2.800000 0.000000 3.964968
endloop
endfacet
facet normal -0.166376 -0.00817353 0.986029
outer loop
vertex 2.800000 0.000000 3.964968
vertex 2.786517 0.274448 3.964968
vertex 2.083930 0.205249 3.845845
endloop
endfacet
facet normal -0.166374 -0.00816829 0.986029
outer loop
vertex 2.800000 0.000000 3.964968
vertex 2.083930 0.205249 3.845845
vertex 2.120993 0.190898 3.851979
endloop
endfacet
facet normal -0.166375 -0.00817357 0.986029
outer loop
vertex 2.244032 0.081619 3.871835
vertex 2.283329 0.007925 3.877854
vertex 2.800000 0.000000 3.964968
endloop
endfacet
facet normal -0.166376 -0.00817382 0.986028
outer loop
vertex 2.800000 0.000000 3.964968
vertex 2.120993 0.190898 3.851979
vertex 2.188994 0.143513 3.863061
endloop
endfacet
facet normal -0.166375 -0.00817068 0.986029
outer loop
vertex 2.800000 0.000000 3.964968
vertex 2.188994 0.143513 3.863061
vertex 2.244032 0.081619 3.871835
endloop
endfacet
facet normal -0.164773 -0.0244494 0.986029
outer loop
vertex 2.042388 0.221335 3.839302
vertex 2.083930 0.205249 3.845845
vertex 2.786517 0.274448 3.964968
endloop
endfacet
facet normal -0.164773 -0.0244417 0.986029
outer loop
vertex 2.786517 0.274448 3.964968
vertex 2.746199 0.546253 3.964968
vertex 1.373099 0.273126 3.728742
endloop
endfacet
facet normal -0.164773 -0.0244417 0.986029
outer loop
vertex 1.373099 0.273126 3.728742
vertex 1.393259 0.137224 3.728742
vertex 1.763884 0.173727 3.791581
endloop
endfacet
facet normal -0.164774 -0.0244443 0.986028
outer loop
vertex 1.373099 0.273126 3.728742
vertex 1.763884 0.173727 3.791581
vertex 1.828873 0.208387 3.803301
endloop
endfacet
facet normal -0.164774 -0.0244339 0.986029
outer loop
vertex 1.999805 0.229355 3.832384
vertex 2.042388 0.221335 3.839302
vertex 2.786517 0.274448 3.964968
endloop
endfacet
facet normal -0.164772 -0.024462 0.986028
outer loop
vertex 1.955762 0.232080 3.825092
vertex 1.999805 0.229355 3.832384
vertex 2.786517 0.274448 3.964968
endloop
endfacet
facet normal -0.164773 -0.0244394 0.986029
outer loop
vertex 1.373099 0.273126 3.728742
vertex 1.828873 0.208387 3.803301
vertex 1.869486 0.221357 3.810409
endloop
endfacet
facet normal -0.164773 -0.0244392 0.986029
outer loop
vertex 1.955762 0.232080 3.825092
vertex 2.786517 0.274448 3.964968
vertex 1.373099 0.273126 3.728742
endloop
endfacet
facet normal -0.164773 -0.0244427 0.986029
outer loop
vertex 1.373099 0.273126 3.728742
vertex 1.869486 0.221357 3.810409
vertex 1.955762 0.232080 3.825092
endloop
endfacet
facet normal -0.161584 -0.0404748 0.986029
outer loop
vertex 2.746199 0.546253 3.964968
vertex 2.679433 0.812797 3.964968
vertex 1.339716 0.406399 3.728742
endloop
endfacet
facet normal -0.161584 -0.0404749 0.986029
outer loop
vertex 2.746199 0.546253 3.964968
vertex 1.339716 0.406399 3.728742
vertex 1.373099 0.273126 3.728742
endloop
endfacet
facet normal -0.156839 -0.0561177 0.986029
outer loop
vertex 1.320813 0.459230 3.728742
vertex 1.339716 0.406399 3.728742
vertex 2.679433 0.812797 3.964968
endloop
endfacet
facet normal -0.156839 -0.0561177 0.986029
outer loop
vertex 2.679433 0.812797 3.964968
vertex 2.586863 1.071514 3.964968
vertex 1.831923 0.758807 3.827089
endloop
endfacet
facet normal -0.156839 -0.056116 0.986029
outer loop
vertex 2.679433 0.812797 3.964968
vertex 1.831923 0.758807 3.827089
vertex 1.698831 0.648982 3.799669
endloop
endfacet
facet normal -0.156838 -0.0561209 0.986029
outer loop
vertex 1.392580 0.482851 3.741502
vertex 1.320813 0.459230 3.728742
vertex 2.679433 0.812797 3.964968
endloop
endfacet
facet normal -0.156838 -0.0561191 0.986029
outer loop
vertex 2.679433 0.812797 3.964968
vertex 1.698831 0.648982 3.799669
vertex 1.551655 0.556308 3.770985
endloop
endfacet
facet normal -0.156839 -0.0561184 0.986029
outer loop
vertex 2.679433 0.812797 3.964968
vertex 1.551655 0.556308 3.770985
vertex 1.392580 0.482851 3.741502
endloop
endfacet
facet normal -0.150583 -0.0712206 0.986029
outer loop
vertex 2.586863 1.071514 3.964968
vertex 2.469379 1.319911 3.964968
vertex 2.108479 1.127005 3.895919
endloop
endfacet
facet normal -0.150583 -0.0712212 0.986028
outer loop
vertex 2.586863 1.071514 3.964968
vertex 2.108479 1.127005 3.895919
vertex 2.075210 1.063319 3.886238
endloop
endfacet
facet normal -0.150294 -0.0719161 0.986022
outer loop
vertex 1.832452 0.759244 3.827202
vertex 1.831923 0.758807 3.827089
vertex 2.586863 1.071514 3.964968
endloop
endfacet
facet normal -0.150583 -0.0712199 0.986029
outer loop
vertex 2.586863 1.071514 3.964968
vertex 2.075210 1.063319 3.886238
vertex 1.950934 0.885514 3.854416
endloop
endfacet
facet normal -0.150583 -0.0712196 0.986029
outer loop
vertex 2.586863 1.071514 3.964968
vertex 1.950934 0.885514 3.854416
vertex 1.832452 0.759244 3.827202
endloop
endfacet
facet normal -0.142882 -0.0856273 0.986029
outer loop
vertex 1.240036 0.828566 3.744160
vertex 1.297432 0.849110 3.754261
vertex 1.375330 0.887311 3.768867
endloop
endfacet
facet normal -0.142885 -0.0856268 0.986028
outer loop
vertex 1.375330 0.887311 3.768867
vertex 1.484427 0.956712 3.790703
vertex 1.583096 1.039503 3.812191
endloop
endfacet
facet normal -0.142877 -0.0856377 0.986029
outer loop
vertex 1.583096 1.039503 3.812191
vertex 1.626317 1.086670 3.822550
vertex 1.240036 0.828566 3.744160
endloop
endfacet
facet normal -0.142876 -0.0856396 0.986029
outer loop
vertex 1.375330 0.887311 3.768867
vertex 1.583096 1.039503 3.812191
vertex 1.240036 0.828566 3.744160
endloop
endfacet
facet normal -0.142877 -0.0856369 0.986029
outer loop
vertex 2.469379 1.319911 3.964968
vertex 2.328115 1.555597 3.964968
vertex 2.235569 1.493759 3.946187
endloop
endfacet
facet normal -0.142882 -0.0856445 0.986027
outer loop
vertex 2.469379 1.319911 3.964968
vertex 2.235569 1.493759 3.946187
vertex 2.232499 1.473649 3.943996
endloop
endfacet
facet normal -0.142876 -0.0856396 0.986028
outer loop
vertex 2.135860 1.179422 3.904439
vertex 2.108479 1.127005 3.895919
vertex 2.469379 1.319911 3.964968
endloop
endfacet
facet normal -0.142878 -0.0856359 0.986029
outer loop
vertex 2.170116 1.260415 3.916437
vertex 2.135860 1.179422 3.904439
vertex 2.469379 1.319911 3.964968
endloop
endfacet
facet normal -0.142877 -0.0856366 0.986029
outer loop
vertex 2.469379 1.319911 3.964968
vertex 2.232499 1.473649 3.943996
vertex 2.211638 1.386576 3.933411
endloop
endfacet
facet normal -0.142877 -0.0856368 0.986029
outer loop
vertex 2.469379 1.319911 3.964968
vertex 2.211638 1.386576 3.933411
vertex 2.170116 1.260415 3.916437
endloop
endfacet
facet normal -0.133794 -0.0992301 0.986029
outer loop
vertex 1.765637 1.277625 3.860671
vertex 1.835146 1.437118 3.886153
vertex 1.857772 1.524634 3.898031
endloop
endfacet
facet normal -0.133795 -0.0992295 0.986029
outer loop
vertex 1.857772 1.524634 3.898031
vertex 1.082215 0.888151 3.728742
vertex 1.148408 0.798899 3.728742
endloop
endfacet
facet normal -0.133797 -0.0992226 0.986029
outer loop
vertex 1.148408 0.798899 3.728742
vertex 1.173775 0.804848 3.732783
vertex 1.240036 0.828566 3.744160
endloop
endfacet
facet normal -0.133799 -0.0992234 0.986029
outer loop
vertex 1.240036 0.828566 3.744160
vertex 1.626317 1.086670 3.822550
vertex 1.670067 1.134415 3.833291
endloop
endfacet
facet normal -0.133794 -0.09923 0.986029
outer loop
vertex 1.670067 1.134415 3.833291
vertex 1.765637 1.277625 3.860671
vertex 1.857772 1.524634 3.898031
endloop
endfacet
facet normal -0.133794 -0.0992305 0.986029
outer loop
vertex 1.857772 1.524634 3.898031
vertex 1.148408 0.798899 3.728742
vertex 1.240036 0.828566 3.744160
endloop
endfacet
facet normal -0.133795 -0.0992295 0.986028
outer loop
vertex 1.857772 1.524634 3.898031
vertex 1.240036 0.828566 3.744160
vertex 1.670067 1.134415 3.833291
endloop
endfacet
facet normal -0.133795 -0.0992295 0.986029
outer loop
vertex 2.328115 1.555597 3.964968
vertex 2.256031 1.652791 3.964968
vertex 2.253003 1.607977 3.960047
endloop
endfacet
facet normal -0.133795 -0.0992289 0.986029
outer loop
vertex 2.328115 1.555597 3.964968
vertex 2.253003 1.607977 3.960047
vertex 2.235569 1.493759 3.946187
endloop
endfacet
facet normal -0.123424 -0.111865 0.986029
outer loop
vertex 1.990264 1.914813 3.958881
vertex 2.027002 1.927928 3.964968
vertex 1.979899 1.979899 3.964968
endloop
endfacet
facet normal -0.123425 -0.111866 0.986029
outer loop
vertex 1.979899 1.979899 3.964968
vertex 0.989949 0.989949 3.728742
vertex 1.082215 0.888151 3.728742
endloop
endfacet
facet normal -0.123426 -0.111865 0.986029
outer loop
vertex 1.082215 0.888151 3.728742
vertex 1.857772 1.524634 3.898031
vertex 1.868366 1.565613 3.904006
endloop
endfacet
facet normal -0.123425 -0.111865 0.986029
outer loop
vertex 1.082215 0.888151 3.728742
vertex 1.868366 1.565613 3.904006
vertex 1.889978 1.789167 3.932074
endloop
endfacet
facet normal -0.123427 -0.111866 0.986028
outer loop
vertex 1.955438 1.892700 3.952013
vertex 1.990264 1.914813 3.958881
vertex 1.979899 1.979899 3.964968
endloop
endfacet
facet normal -0.12342 -0.111868 0.986029
outer loop
vertex 1.926376 1.863690 3.945084
vertex 1.955438 1.892700 3.952013
vertex 1.979899 1.979899 3.964968
endloop
endfacet
facet normal -0.123428 -0.111863 0.986029
outer loop
vertex 1.082215 0.888151 3.728742
vertex 1.889978 1.789167 3.932074
vertex 1.904069 1.828628 3.938314
endloop
endfacet
facet normal -0.123435 -0.11186 0.986028
outer loop
vertex 1.904069 1.828628 3.938314
vertex 1.926376 1.863690 3.945084
vertex 1.979899 1.979899 3.964968
endloop
endfacet
facet normal -0.123424 -0.111866 0.986029
outer loop
vertex 1.979899 1.979899 3.964968
vertex 1.082215 0.888151 3.728742
vertex 1.904069 1.828628 3.938314
endloop
endfacet
facet normal -0.111866 -0.123425 0.986029
outer loop
vertex 1.979899 1.979899 3.964968
vertex 1.776301 2.164429 3.964968
vertex 0.888151 1.082215 3.728742
endloop
endfacet
facet normal -0.111866 -0.123425 0.986029
outer loop
vertex 1.979899 1.979899 3.964968
vertex 0.888151 1.082215 3.728742
vertex 0.989949 0.989949 3.728742
endloop
endfacet
facet normal -0.099234 -0.13379 0.986029
outer loop
vertex 0.886865 1.268731 3.753921
vertex 0.806948 1.207683 3.737595
vertex 0.777798 1.164057 3.728742
endloop
endfacet
facet normal -0.0992294 -0.133795 0.986029
outer loop
vertex 0.888151 1.082215 3.728742
vertex 1.776301 2.164429 3.964968
vertex 1.555597 2.328115 3.964968
endloop
endfacet
facet normal -0.0992286 -0.133796 0.986028
outer loop
vertex 1.555597 2.328115 3.964968
vertex 1.080452 1.617011 3.820661
vertex 1.079585 1.608785 3.819458
endloop
endfacet
facet normal -0.0992283 -0.133796 0.986029
outer loop
vertex 1.555597 2.328115 3.964968
vertex 1.079585 1.608785 3.819458
vertex 1.038276 1.481574 3.798039
endloop
endfacet
facet normal -0.0992291 -0.133795 0.986029
outer loop
vertex 0.886865 1.268731 3.753921
vertex 0.777798 1.164057 3.728742
vertex 0.888151 1.082215 3.728742
endloop
endfacet
facet normal -0.0992602 -0.133776 0.986028
outer loop
vertex 1.555597 2.328115 3.964968
vertex 1.038276 1.481574 3.798039
vertex 0.973003 1.367141 3.775943
endloop
endfacet
facet normal -0.0992313 -0.133795 0.986028
outer loop
vertex 0.973003 1.367141 3.775943
vertex 0.886865 1.268731 3.753921
vertex 0.888151 1.082215 3.728742
endloop
endfacet
facet normal -0.0992283 -0.133796 0.986029
outer loop
vertex 0.888151 1.082215 3.728742
vertex 1.555597 2.328115 3.964968
vertex 0.973003 1.367141 3.775943
endloop
endfacet
facet normal -0.085638 -0.142879 0.986028
outer loop
vertex 0.756788 1.176650 3.728742
vertex 0.777798 1.164057 3.728742
vertex 0.782806 1.189241 3.732826
endloop
endfacet
facet normal -0.0856275 -0.142881 0.986029
outer loop
vertex 0.777798 1.164057 3.728742
vertex 0.806948 1.207683 3.737595
vertex 0.782806 1.189241 3.732826
endloop
endfacet
facet normal -0.0856367 -0.142877 0.986029
outer loop
vertex 1.094059 1.746046 3.840540
vertex 1.080452 1.617011 3.820661
vertex 1.555597 2.328115 3.964968
endloop
endfacet
facet normal -0.0856371 -0.142877 0.986029
outer loop
vertex 1.555597 2.328115 3.964968
vertex 1.319911 2.469379 3.964968
vertex 1.053872 1.971656 3.869741
endloop
endfacet
facet normal -0.0856137 -0.142908 0.986026
outer loop
vertex 1.555597 2.328115 3.964968
vertex 1.053872 1.971656 3.869741
vertex 1.054897 1.969537 3.869523
endloop
endfacet
facet normal -0.0856375 -0.142877 0.986029
outer loop
vertex 1.087563 1.838634 3.853392
vertex 1.094059 1.746046 3.840540
vertex 1.555597 2.328115 3.964968
endloop
endfacet
facet normal -0.0856376 -0.142877 0.986029
outer loop
vertex 1.555597 2.328115 3.964968
vertex 1.054897 1.969537 3.869523
vertex 1.087563 1.838634 3.853392
endloop
endfacet
facet normal -0.0712259 -0.150581 0.986028
outer loop
vertex 0.704855 1.658019 3.796634
vertex 0.716428 1.729610 3.808403
vertex 0.647875 1.564109 3.778177
endloop
endfacet
facet normal -0.0712315 -0.150578 0.986029
outer loop
vertex 0.704855 1.658019 3.796634
vertex 0.647875 1.564109 3.778177
vertex 0.665295 1.581532 3.782096
endloop
endfacet
facet normal -0.0712214 -0.150583 0.986029
outer loop
vertex 0.997325 2.088588 3.883514
vertex 1.053872 1.971656 3.869741
vertex 1.319911 2.469379 3.964968
endloop
endfacet
facet normal -0.0712205 -0.150583 0.986029
outer loop
vertex 1.319911 2.469379 3.964968
vertex 1.071514 2.586863 3.964968
vertex 0.910801 2.198869 3.894107
endloop
endfacet
facet normal -0.0712197 -0.150584 0.986029
outer loop
vertex 0.917843 2.192701 3.893673
vertex 0.997325 2.088588 3.883514
vertex 1.319911 2.469379 3.964968
endloop
endfacet
facet normal -0.0712222 -0.150581 0.986029
outer loop
vertex 1.319911 2.469379 3.964968
vertex 0.910801 2.198869 3.894107
vertex 0.917843 2.192701 3.893673
endloop
endfacet
facet normal -0.0561187 -0.156839 0.986029
outer loop
vertex 0.715447 1.791325 3.818164
vertex 0.688002 1.874244 3.829791
vertex 0.665347 1.910789 3.834315
endloop
endfacet
facet normal -0.0561152 -0.156837 0.986029
outer loop
vertex 0.665347 1.910789 3.834315
vertex 0.605035 1.971177 3.840488
vertex 0.598912 1.974348 3.840644
endloop
endfacet
facet normal -0.0561221 -0.156838 0.986029
outer loop
vertex 0.598912 1.974348 3.840644
vertex 0.445256 1.467813 3.751328
vertex 0.485642 1.471083 3.754147
endloop
endfacet
facet normal -0.056107 -0.156863 0.986025
outer loop
vertex 0.485642 1.471083 3.754147
vertex 0.568484 1.498550 3.763231
vertex 0.604987 1.521213 3.768913
endloop
endfacet
facet normal -0.0561088 -0.156843 0.986028
outer loop
vertex 0.604987 1.521213 3.768913
vertex 0.647875 1.564109 3.778177
vertex 0.716428 1.729610 3.808403
endloop
endfacet
facet normal -0.0561453 -0.15684 0.986027
outer loop
vertex 0.716428 1.729610 3.808403
vertex 0.719093 1.746096 3.811177
vertex 0.715447 1.791325 3.818164
endloop
endfacet
facet normal -0.0561159 -0.156838 0.986029
outer loop
vertex 0.715447 1.791325 3.818164
vertex 0.665347 1.910789 3.834315
vertex 0.598912 1.974348 3.840644
endloop
endfacet
facet normal -0.0561176 -0.156839 0.986029
outer loop
vertex 0.598912 1.974348 3.840644
vertex 0.485642 1.471083 3.754147
vertex 0.604987 1.521213 3.768913
endloop
endfacet
facet normal -0.0561153 -0.15684 0.986029
outer loop
vertex 0.604987 1.521213 3.768913
vertex 0.716428 1.729610 3.808403
vertex 0.715447 1.791325 3.818164
endloop
endfacet
facet normal -0.0561174 -0.156839 0.986029
outer loop
vertex 0.598912 1.974348 3.840644
vertex 0.604987 1.521213 3.768913
vertex 0.715447 1.791325 3.818164
endloop
endfacet
facet normal -0.0561188 -0.156838 0.986029
outer loop
vertex 0.819436 2.278887 3.901634
vertex 0.910801 2.198869 3.894107
vertex 1.071514 2.586863 3.964968
endloop
endfacet
facet normal -0.0561176 -0.156839 0.986029
outer loop
vertex 1.071514 2.586863 3.964968
vertex 0.812797 2.679433 3.964968
vertex 0.710203 2.341227 3.905334
endloop
endfacet
facet normal -0.0561165 -0.15684 0.986028
outer loop
vertex 1.071514 2.586863 3.964968
vertex 0.710203 2.341227 3.905334
vertex 0.819436 2.278887 3.901634
endloop
endfacet
facet normal -0.0404713 -0.161573 0.986031
outer loop
vertex 0.598912 1.974348 3.840644
vertex 0.528542 2.010792 3.843727
vertex 0.440442 2.025039 3.842446
endloop
endfacet
facet normal -0.0404777 -0.161583 0.986029
outer loop
vertex 0.440442 2.025039 3.842446
vertex 0.402190 2.021948 3.840369
vertex 0.300084 1.508626 3.752058
endloop
endfacet
facet normal -0.0404725 -0.16158 0.986029
outer loop
vertex 0.300084 1.508626 3.752058
vertex 0.352319 1.481635 3.749779
vertex 0.440442 1.467423 3.751067
endloop
endfacet
facet normal -0.0404858 -0.161581 0.986029
outer loop
vertex 0.440442 1.467423 3.751067
vertex 0.445256 1.467813 3.751328
vertex 0.598912 1.974348 3.840644
endloop
endfacet
facet normal -0.0404748 -0.161584 0.986029
outer loop
vertex 0.598912 1.974348 3.840644
vertex 0.440442 2.025039 3.842446
vertex 0.300084 1.508626 3.752058
endloop
endfacet
facet normal -0.0404738 -0.161585 0.986029
outer loop
vertex 0.300084 1.508626 3.752058
vertex 0.440442 1.467423 3.751067
vertex 0.598912 1.974348 3.840644
endloop
endfacet
facet normal -0.040494 -0.161578 0.986029
outer loop
vertex 0.704999 2.344197 3.905607
vertex 0.710203 2.341227 3.905334
vertex 0.812797 2.679433 3.964968
endloop
endfacet
facet normal -0.0404747 -0.161584 0.986029
outer loop
vertex 0.812797 2.679433 3.964968
vertex 0.546253 2.746199 3.964968
vertex 0.476632 2.396190 3.904753
endloop
endfacet
facet normal -0.0404744 -0.161584 0.986029
outer loop
vertex 0.577775 2.385526 3.907157
vertex 0.704999 2.344197 3.905607
vertex 0.812797 2.679433 3.964968
endloop
endfacet
facet normal -0.0404744 -0.161584 0.986029
outer loop
vertex 0.812797 2.679433 3.964968
vertex 0.476632 2.396190 3.904753
vertex 0.577775 2.385526 3.907157
endloop
endfacet
facet normal -0.0244529 -0.164784 0.986026
outer loop
vertex 0.215374 1.581515 3.762138
vertex 0.275765 1.521193 3.753555
vertex 0.300084 1.508626 3.752058
endloop
endfacet
facet normal -0.0244429 -0.164773 0.986029
outer loop
vertex 0.300084 1.508626 3.752058
vertex 0.402190 2.021948 3.840369
vertex 0.395205 2.021383 3.840101
endloop
endfacet
facet normal -0.024448 -0.164757 0.986031
outer loop
vertex 0.395205 2.021383 3.840101
vertex 0.312269 1.993887 3.833451
vertex 0.275717 1.971197 3.828753
endloop
endfacet
facet normal -0.0244436 -0.164773 0.986029
outer loop
vertex 0.275717 1.971197 3.828753
vertex 0.215322 1.910807 3.817164
vertex 0.181820 1.846049 3.805512
endloop
endfacet
facet normal -0.0244366 -0.164773 0.986029
outer loop
vertex 0.181820 1.846049 3.805512
vertex 0.166982 1.695399 3.779970
vertex 0.192678 1.618027 3.767677
endloop
endfacet
facet normal -0.0244488 -0.16478 0.986027
outer loop
vertex 0.192678 1.618027 3.767677
vertex 0.215374 1.581515 3.762138
vertex 0.300084 1.508626 3.752058
endloop
endfacet
facet normal -0.0244409 -0.164773 0.986029
outer loop
vertex 0.300084 1.508626 3.752058
vertex 0.395205 2.021383 3.840101
vertex 0.275717 1.971197 3.828753
endloop
endfacet
facet normal -0.0244435 -0.164773 0.986029
outer loop
vertex 0.275717 1.971197 3.828753
vertex 0.181820 1.846049 3.805512
vertex 0.192678 1.618027 3.767677
endloop
endfacet
facet normal -0.0244421 -0.164773 0.986029
outer loop
vertex 0.300084 1.508626 3.752058
vertex 0.275717 1.971197 3.828753
vertex 0.192678 1.618027 3.767677
endloop
endfacet
facet normal -0.0244437 -0.164773 0.986029
outer loop
vertex 0.440492 2.400000 3.904494
vertex 0.476632 2.396190 3.904753
vertex 0.546253 2.746199 3.964968
endloop
endfacet
facet normal -0.0244417 -0.164773 0.986029
outer loop
vertex 0.546253 2.746199 3.964968
vertex 0.274448 2.786517 3.964968
vertex 0.232910 2.364776 3.893462
endloop
endfacet
facet normal -0.0244414 -0.164773 0.986029
outer loop
vertex 0.347995 2.393508 3.901116
vertex 0.440492 2.400000 3.904494
vertex 0.546253 2.746199 3.964968
endloop
endfacet
facet normal -0.0244424 -0.164773 0.986029
outer loop
vertex 0.546253 2.746199 3.964968
vertex 0.232910 2.364776 3.893462
vertex 0.347995 2.393508 3.901116
endloop
endfacet
facet normal -0.008162 -0.166374 0.986029
outer loop
vertex 0.161485 1.746096 3.788478
vertex 0.165159 1.700889 3.780881
vertex 0.166982 1.695399 3.779970
endloop
endfacet
facet normal -0.00815722 -0.166376 0.986029
outer loop
vertex 0.166982 1.695399 3.779970
vertex 0.181820 1.846049 3.805512
vertex 0.175711 1.834241 3.803469
endloop
endfacet
facet normal -0.00816984 -0.166375 0.986029
outer loop
vertex 0.166982 1.695399 3.779970
vertex 0.175711 1.834241 3.803469
vertex 0.161485 1.746096 3.788478
endloop
endfacet
facet normal -0.00816941 -0.166376 0.986029
outer loop
vertex 0.216986 2.360800 3.892659
vertex 0.232910 2.364776 3.893462
vertex 0.274448 2.786517 3.964968
endloop
endfacet
facet normal -0.00817354 -0.166376 0.986028
outer loop
vertex 0.274448 2.786517 3.964968
vertex 0.000000 2.800000 3.964968
vertex 0.000000 2.228385 3.868518
endloop
endfacet
facet normal -0.00817427 -0.166375 0.986029
outer loop
vertex 0.097925 2.303185 3.881951
vertex 0.216986 2.360800 3.892659
vertex 0.274448 2.786517 3.964968
endloop
endfacet
facet normal -0.00817423 -0.166375 0.986029
outer loop
vertex 0.274448 2.786517 3.964968
vertex 0.000000 2.228385 3.868518
vertex 0.097925 2.303185 3.881951
endloop
endfacet
facet normal 0.00817335 -0.166377 0.986028
outer loop
vertex -0.137224 1.393259 3.728742
vertex -0.109665 1.394612 3.728742
vertex -0.116607 1.403696 3.730332
endloop
endfacet
facet normal 0.00817167 -0.166374 0.986029
outer loop
vertex -0.137224 1.393259 3.728742
vertex -0.116607 1.403696 3.730332
vertex -0.143779 1.459810 3.740026
endloop
endfacet
facet normal 0.00819731 -0.166376 0.986028
outer loop
vertex -0.006195 2.223653 3.867771
vertex 0.000000 2.228385 3.868518
vertex 0.000000 2.800000 3.964968
endloop
endfacet
facet normal 0.00817353 -0.166375 0.986029
outer loop
vertex 0.000000 2.800000 3.964968
vertex -0.274448 2.786517 3.964968
vertex -0.188649 1.915381 3.817267
endloop
endfacet
facet normal 0.00816925 -0.166375 0.986029
outer loop
vertex 0.000000 2.800000 3.964968
vertex -0.188649 1.915381 3.817267
vertex -0.157695 2.010710 3.833096
endloop
endfacet
facet normal 0.0081719 -0.166375 0.986029
outer loop
vertex -0.092386 2.125194 3.851872
vertex -0.006195 2.223653 3.867771
vertex 0.000000 2.800000 3.964968
endloop
endfacet
facet normal 0.00817707 -0.166376 0.986029
outer loop
vertex 0.000000 2.800000 3.964968
vertex -0.157695 2.010710 3.833096
vertex -0.092386 2.125194 3.851872
endloop
endfacet
facet normal 0.024445 -0.164773 0.986029
outer loop
vertex -0.199017 1.883449 3.812188
vertex -0.188649 1.915381 3.817267
vertex -0.274448 2.786517 3.964968
endloop
endfacet
facet normal 0.0244417 -0.164773 0.986029
outer loop
vertex -0.274448 2.786517 3.964968
vertex -0.546253 2.746199 3.964968
vertex -0.273126 1.373099 3.728742
endloop
endfacet
facet normal 0.0244415 -0.164772 0.986029
outer loop
vertex -0.273126 1.373099 3.728742
vertex -0.137224 1.393259 3.728742
vertex -0.143779 1.459810 3.740026
endloop
endfacet
facet normal 0.0244438 -0.164775 0.986028
outer loop
vertex -0.273126 1.373099 3.728742
vertex -0.143779 1.459810 3.740026
vertex -0.174235 1.522707 3.751291
endloop
endfacet
facet normal 0.0244407 -0.164773 0.986029
outer loop
vertex -0.199017 1.883449 3.812188
vertex -0.274448 2.786517 3.964968
vertex -0.273126 1.373099 3.728742
endloop
endfacet
facet normal 0.0244695 -0.164777 0.986027
outer loop
vertex -0.213476 1.746145 3.789602
vertex -0.199017 1.883449 3.812188
vertex -0.273126 1.373099 3.728742
endloop
endfacet
facet normal 0.024441 -0.164773 0.986029
outer loop
vertex -0.273126 1.373099 3.728742
vertex -0.174235 1.522707 3.751291
vertex -0.206951 1.653575 3.773971
endloop
endfacet
facet normal 0.024433 -0.164772 0.986029
outer loop
vertex -0.273126 1.373099 3.728742
vertex -0.206951 1.653575 3.773971
vertex -0.213476 1.746145 3.789602
endloop
endfacet
facet normal 0.0404748 -0.161584 0.986029
outer loop
vertex -0.546253 2.746199 3.964968
vertex -0.812797 2.679433 3.964968
vertex -0.406399 1.339716 3.728742
endloop
endfacet
facet normal 0.0404749 -0.161584 0.986029
outer loop
vertex -0.546253 2.746199 3.964968
vertex -0.406399 1.339716 3.728742
vertex -0.273126 1.373099 3.728742
endloop
endfacet
facet normal 0.0561177 -0.156839 0.986029
outer loop
vertex -0.812797 2.679433 3.964968
vertex -1.071514 2.586863 3.964968
vertex -0.535757 1.293431 3.728742
endloop
endfacet
facet normal 0.0561177 -0.156839 0.986029
outer loop
vertex -0.812797 2.679433 3.964968
vertex -0.535757 1.293431 3.728742
vertex -0.406399 1.339716 3.728742
endloop
endfacet
facet normal 0.0712206 -0.150583 0.986029
outer loop
vertex -0.669049 1.251702 3.731997
vertex -0.654587 1.237229 3.728742
vertex -0.535757 1.293431 3.728742
endloop
endfacet
facet normal 0.0712206 -0.150583 0.986029
outer loop
vertex -0.535757 1.293431 3.728742
vertex -1.071514 2.586863 3.964968
vertex -1.319911 2.469379 3.964968
endloop
endfacet
facet normal 0.0712205 -0.150583 0.986029
outer loop
vertex -0.535757 1.293431 3.728742
vertex -1.319911 2.469379 3.964968
vertex -0.669049 1.251702 3.731997
endloop
endfacet
facet normal 0.0856416 -0.142875 0.986028
outer loop
vertex -0.706226 1.288909 3.740617
vertex -0.669049 1.251702 3.731997
vertex -1.319911 2.469379 3.964968
endloop
endfacet
facet normal 0.0856371 -0.142877 0.986029
outer loop
vertex -1.319911 2.469379 3.964968
vertex -1.555597 2.328115 3.964968
vertex -0.918765 1.375028 3.771555
endloop
endfacet
facet normal 0.0856401 -0.142876 0.986029
outer loop
vertex -1.319911 2.469379 3.964968
vertex -0.918765 1.375028 3.771555
vertex -0.869078 1.368610 3.766309
endloop
endfacet
facet normal 0.0856351 -0.142878 0.986029
outer loop
vertex -0.784708 1.338511 3.754621
vertex -0.706226 1.288909 3.740617
vertex -1.319911 2.469379 3.964968
endloop
endfacet
facet normal 0.0856368 -0.142877 0.986029
outer loop
vertex -1.319911 2.469379 3.964968
vertex -0.869078 1.368610 3.766309
vertex -0.784708 1.338511 3.754621
endloop
endfacet
facet normal 0.0992275 -0.133796 0.986029
outer loop
vertex -0.956022 1.379841 3.775957
vertex -0.918765 1.375028 3.771555
vertex -1.555597 2.328115 3.964968
endloop
endfacet
facet normal 0.0992293 -0.133795 0.986029
outer loop
vertex -1.555597 2.328115 3.964968
vertex -1.776301 2.164429 3.964968
vertex -1.110250 1.352843 3.787815
endloop
endfacet
facet normal 0.0992279 -0.133796 0.986029
outer loop
vertex -1.555597 2.328115 3.964968
vertex -1.110250 1.352843 3.787815
vertex -1.084936 1.363060 3.786654
endloop
endfacet
facet normal 0.0992306 -0.133794 0.986029
outer loop
vertex -0.999570 1.378638 3.780177
vertex -0.956022 1.379841 3.775957
vertex -1.555597 2.328115 3.964968
endloop
endfacet
facet normal 0.0992301 -0.133795 0.986029
outer loop
vertex -1.555597 2.328115 3.964968
vertex -1.084936 1.363060 3.786654
vertex -0.999570 1.378638 3.780177
endloop
endfacet
facet normal 0.111843 -0.1234 0.986034
outer loop
vertex -0.989949 0.989949 3.728742
vertex -0.976317 1.002306 3.728742
vertex -0.992373 0.992373 3.729320
endloop
endfacet
facet normal 0.111866 -0.123425 0.986029
outer loop
vertex -1.110250 1.352843 3.787815
vertex -1.776301 2.164429 3.964968
vertex -1.979899 1.979899 3.964968
endloop
endfacet
facet normal 0.111866 -0.123424 0.986029
outer loop
vertex -1.979899 1.979899 3.964968
vertex -1.260296 1.260296 3.793253
vertex -1.202902 1.308224 3.792741
endloop
endfacet
facet normal 0.111865 -0.123426 0.986029
outer loop
vertex -1.165364 1.330599 3.791283
vertex -1.110250 1.352843 3.787815
vertex -1.979899 1.979899 3.964968
endloop
endfacet
facet normal 0.111865 -0.123425 0.986029
outer loop
vertex -1.979899 1.979899 3.964968
vertex -1.202902 1.308224 3.792741
vertex -1.165364 1.330599 3.791283
endloop
endfacet
facet normal 0.123418 -0.111872 0.986029
outer loop
vertex -1.270610 1.251683 3.793567
vertex -1.260296 1.260296 3.793253
vertex -1.979899 1.979899 3.964968
endloop
endfacet
facet normal 0.123425 -0.111866 0.986029
outer loop
vertex -1.979899 1.979899 3.964968
vertex -2.164429 1.776301 3.964968
vertex -1.356352 1.113129 3.788581
endloop
endfacet
facet normal 0.123425 -0.111865 0.986029
outer loop
vertex -1.326059 1.179906 3.792365
vertex -1.270610 1.251683 3.793567
vertex -1.979899 1.979899 3.964968
endloop
endfacet
facet normal 0.123426 -0.111865 0.986028
outer loop
vertex -1.979899 1.979899 3.964968
vertex -1.356352 1.113129 3.788581
vertex -1.326059 1.179906 3.792365
endloop
endfacet
facet normal 0.123409 -0.111834 0.986034
outer loop
vertex -0.989949 0.989949 3.728742
vertex -0.992373 0.992373 3.729320
vertex -1.006129 0.983863 3.730077
endloop
endfacet
facet normal 0.123418 -0.11186 0.98603
outer loop
vertex -0.989949 0.989949 3.728742
vertex -1.006129 0.983863 3.730077
vertex -1.011799 0.965842 3.728742
endloop
endfacet
facet normal 0.133795 -0.0992294 0.986029
outer loop
vertex -1.356352 1.113129 3.788581
vertex -2.164429 1.776301 3.964968
vertex -2.328115 1.555597 3.964968
endloop
endfacet
facet normal 0.133794 -0.0992304 0.986029
outer loop
vertex -2.328115 1.555597 3.964968
vertex -1.413029 0.944156 3.779266
vertex -1.369200 1.084807 3.787474
endloop
endfacet
facet normal 0.133796 -0.0992267 0.986029
outer loop
vertex -2.328115 1.555597 3.964968
vertex -1.369200 1.084807 3.787474
vertex -1.356352 1.113129 3.788581
endloop
endfacet
facet normal 0.142877 -0.0856371 0.986029
outer loop
vertex -2.328115 1.555597 3.964968
vertex -2.469379 1.319911 3.964968
vertex -1.463481 0.782247 3.772515
endloop
endfacet
facet normal 0.142878 -0.0856366 0.986029
outer loop
vertex -2.328115 1.555597 3.964968
vertex -1.463481 0.782247 3.772515
vertex -1.413029 0.944156 3.779266
endloop
endfacet
facet normal 0.150583 -0.0712206 0.986029
outer loop
vertex -2.469379 1.319911 3.964968
vertex -2.586863 1.071514 3.964968
vertex -1.512070 0.626320 3.768673
endloop
endfacet
facet normal 0.150583 -0.071221 0.986029
outer loop
vertex -2.469379 1.319911 3.964968
vertex -1.512070 0.626320 3.768673
vertex -1.463481 0.782247 3.772515
endloop
endfacet
facet normal 0.156839 -0.0561177 0.986029
outer loop
vertex -2.586863 1.071514 3.964968
vertex -2.679433 0.812797 3.964968
vertex -1.559797 0.473159 3.767548
endloop
endfacet
facet normal 0.156839 -0.0561175 0.986029
outer loop
vertex -2.586863 1.071514 3.964968
vertex -1.559797 0.473159 3.767548
vertex -1.512070 0.626320 3.768673
endloop
endfacet
facet normal 0.161584 -0.0404748 0.986028
outer loop
vertex -2.679433 0.812797 3.964968
vertex -2.746199 0.546253 3.964968
vertex -1.607594 0.319770 3.769084
endloop
endfacet
facet normal 0.161584 -0.0404752 0.986029
outer loop
vertex -2.679433 0.812797 3.964968
vertex -1.607594 0.319770 3.769084
vertex -1.559797 0.473159 3.767548
endloop
endfacet
facet normal 0.164773 -0.0244417 0.986029
outer loop
vertex -2.746199 0.546253 3.964968
vertex -2.786517 0.274448 3.964968
vertex -1.656402 0.163141 3.773358
endloop
endfacet
facet normal 0.164773 -0.0244413 0.986029
outer loop
vertex -2.746199 0.546253 3.964968
vertex -1.656402 0.163141 3.773358
vertex -1.607594 0.319770 3.769084
endloop
endfacet
facet normal 0.166375 -0.00817353 0.986029
outer loop
vertex -2.786517 0.274448 3.964968
vertex -2.800000 0.000000 3.964968
vertex -1.707238 0.000000 3.780583
endloop
endfacet
facet normal 0.166375 -0.00817354 0.986029
outer loop
vertex -2.786517 0.274448 3.964968
vertex -1.707238 0.000000 3.780583
vertex -1.656402 0.163141 3.773358
endloop
endfacet
facet normal 0.166375 0.00817352 0.986029
outer loop
vertex -2.800000 0.000000 3.964968
vertex -2.786517 -0.274448 3.964968
vertex -1.761294 -0.173472 3.791142
endloop
endfacet
facet normal 0.166375 0.00817405 0.986028
outer loop
vertex -2.800000 0.000000 3.964968
vertex -1.761294 -0.173472 3.791142
vertex -1.707238 0.000000 3.780583
endloop
endfacet
facet normal 0.164773 0.0244417 0.986029
outer loop
vertex -2.786517 -0.274448 3.964968
vertex -2.746199 -0.546253 3.964968
vertex -1.820051 -0.362031 3.805635
endloop
endfacet
facet normal 0.164773 0.0244419 0.986029
outer loop
vertex -2.786517 -0.274448 3.964968
vertex -1.820051 -0.362031 3.805635
vertex -1.761294 -0.173472 3.791142
endloop
endfacet
facet normal 0.161585 0.0404748 0.986029
outer loop
vertex -1.388114 -0.421080 3.737276
vertex -1.433105 -0.376089 3.742802
vertex -1.453336 -0.440865 3.748776
endloop
endfacet
facet normal 0.161584 0.0404748 0.986029
outer loop
vertex -2.746199 -0.546253 3.964968
vertex -2.679433 -0.812797 3.964968
vertex -1.885464 -0.571949 3.824971
endloop
endfacet
facet normal 0.161584 0.0404746 0.986029
outer loop
vertex -2.746199 -0.546253 3.964968
vertex -1.885464 -0.571949 3.824971
vertex -1.820051 -0.362031 3.805635
endloop
endfacet
facet normal 0.156839 0.0561177 0.986029
outer loop
vertex -2.679433 -0.812797 3.964968
vertex -2.586863 -1.071514 3.964968
vertex -1.960256 -0.811965 3.850528
endloop
endfacet
facet normal 0.156839 0.0561175 0.986029
outer loop
vertex -2.679433 -0.812797 3.964968
vertex -1.960256 -0.811965 3.850528
vertex -1.885464 -0.571949 3.824971
endloop
endfacet
facet normal 0.156839 0.0561182 0.986028
outer loop
vertex -1.304572 -0.504622 3.728742
vertex -1.388114 -0.421080 3.737276
vertex -1.453336 -0.440865 3.748776
endloop
endfacet
facet normal 0.156839 0.0561171 0.986029
outer loop
vertex -1.453336 -0.440865 3.748776
vertex -1.511138 -0.625934 3.768503
vertex -1.293431 -0.535757 3.728742
endloop
endfacet
facet normal 0.156839 0.0561174 0.986029
outer loop
vertex -1.453336 -0.440865 3.748776
vertex -1.293431 -0.535757 3.728742
vertex -1.304572 -0.504622 3.728742
endloop
endfacet
facet normal 0.150583 0.0712204 0.986029
outer loop
vertex -1.234690 -0.659955 3.728742
vertex -1.293431 -0.535757 3.728742
vertex -1.511138 -0.625934 3.768503
endloop
endfacet
facet normal 0.150583 0.0712207 0.986029
outer loop
vertex -1.234690 -0.659955 3.728742
vertex -1.511138 -0.625934 3.768503
vertex -1.579293 -0.844150 3.794673
endloop
endfacet
facet normal 0.150583 0.0712205 0.986029
outer loop
vertex -2.586863 -1.071514 3.964968
vertex -2.469379 -1.319911 3.964968
vertex -2.048424 -1.094905 3.884429
endloop
endfacet
facet normal 0.150583 0.0712209 0.986029
outer loop
vertex -2.586863 -1.071514 3.964968
vertex -2.048424 -1.094905 3.884429
vertex -1.960256 -0.811965 3.850528
endloop
endfacet
facet normal 0.142877 0.085637 0.986029
outer loop
vertex -1.164057 -0.777798 3.728742
vertex -1.234690 -0.659955 3.728742
vertex -1.579293 -0.844150 3.794673
endloop
endfacet
facet normal 0.142877 0.0856379 0.986029
outer loop
vertex -1.164057 -0.777798 3.728742
vertex -1.579293 -0.844150 3.794673
vertex -1.662613 -1.110923 3.829916
endloop
endfacet
facet normal 0.142877 0.0856369 0.986029
outer loop
vertex -2.469379 -1.319911 3.964968
vertex -2.328115 -1.555597 3.964968
vertex -2.156182 -1.440715 3.930077
endloop
endfacet
facet normal 0.142877 0.0856372 0.986029
outer loop
vertex -2.469379 -1.319911 3.964968
vertex -2.156182 -1.440715 3.930077
vertex -2.048424 -1.094905 3.884429
endloop
endfacet
facet normal 0.133795 0.0992294 0.986029
outer loop
vertex -1.082215 -0.888151 3.728742
vertex -1.164057 -0.777798 3.728742
vertex -1.662613 -1.110923 3.829916
endloop
endfacet
facet normal 0.133795 0.0992289 0.986029
outer loop
vertex -1.082215 -0.888151 3.728742
vertex -1.662613 -1.110923 3.829916
vertex -1.769097 -1.451861 3.878675
endloop
endfacet
facet normal 0.133795 0.0992292 0.986029
outer loop
vertex -2.328115 -1.555597 3.964968
vertex -2.232256 -1.684847 3.964968
vertex -2.156182 -1.440715 3.930077
endloop
endfacet
facet normal 0.123425 0.111866 0.986029
outer loop
vertex -0.989949 -0.989949 3.728742
vertex -1.082215 -0.888151 3.728742
vertex -1.769097 -1.451861 3.878675
endloop
endfacet
facet normal 0.123425 0.111866 0.986029
outer loop
vertex -0.989949 -0.989949 3.728742
vertex -1.769097 -1.451861 3.878675
vertex -1.913180 -1.913180 3.949047
endloop
endfacet
facet normal 0.111865 0.123425 0.986029
outer loop
vertex -1.871929 -2.022434 3.958043
vertex -1.586503 -1.933160 3.914486
vertex -0.888151 -1.082215 3.728742
endloop
endfacet
facet normal 0.111866 0.123425 0.986029
outer loop
vertex -0.888151 -1.082215 3.728742
vertex -0.989949 -0.989949 3.728742
vertex -1.913180 -1.913180 3.949047
endloop
endfacet
facet normal 0.111874 0.123424 0.986028
outer loop
vertex -1.913180 -1.913180 3.949047
vertex -1.929366 -1.965005 3.957371
vertex -1.927152 -1.998091 3.961261
endloop
endfacet
facet normal 0.111869 0.123424 0.986028
outer loop
vertex -1.927152 -1.998091 3.961261
vertex -1.905026 -2.020214 3.961520
vertex -1.871929 -2.022434 3.958043
endloop
endfacet
facet normal 0.111866 0.123424 0.986029
outer loop
vertex -1.871929 -2.022434 3.958043
vertex -0.888151 -1.082215 3.728742
vertex -1.913180 -1.913180 3.949047
endloop
endfacet
facet normal 0.111869 0.123425 0.986028
outer loop
vertex -1.913180 -1.913180 3.949047
vertex -1.927152 -1.998091 3.961261
vertex -1.871929 -2.022434 3.958043
endloop
endfacet
facet normal 0.0992294 0.133795 0.986029
outer loop
vertex -1.213806 -1.816590 3.861162
vertex -0.777798 -1.164057 3.728742
vertex -0.888151 -1.082215 3.728742
endloop
endfacet
facet normal 0.0992292 0.133795 0.986029
outer loop
vertex -1.213806 -1.816590 3.861162
vertex -0.888151 -1.082215 3.728742
vertex -1.586503 -1.933160 3.914486
endloop
endfacet
facet normal 0.0992328 0.133799 0.986028
outer loop
vertex -1.566734 -2.319855 3.964968
vertex -1.555597 -2.328115 3.964968
vertex -1.545681 -2.313275 3.961956
endloop
endfacet
facet normal 0.0856371 0.142877 0.986029
outer loop
vertex -0.922243 -1.725396 3.822626
vertex -0.659955 -1.234690 3.728742
vertex -0.777798 -1.164057 3.728742
endloop
endfacet
facet normal 0.0856372 0.142877 0.986029
outer loop
vertex -0.922243 -1.725396 3.822626
vertex -0.777798 -1.164057 3.728742
vertex -1.213806 -1.816590 3.861162
endloop
endfacet
facet normal 0.0856397 0.142881 0.986028
outer loop
vertex -1.545681 -2.313275 3.961956
vertex -1.555597 -2.328115 3.964968
vertex -1.319911 -2.469379 3.964968
endloop
endfacet
facet normal 0.085637 0.142878 0.986029
outer loop
vertex -1.545681 -2.313275 3.961956
vertex -1.319911 -2.469379 3.964968
vertex -1.174450 -2.197242 3.912901
endloop
endfacet
facet normal 0.0712205 0.150583 0.986029
outer loop
vertex -0.683789 -1.650813 3.794012
vertex -0.535757 -1.293431 3.728742
vertex -0.659955 -1.234690 3.728742
endloop
endfacet
facet normal 0.071221 0.150583 0.986029
outer loop
vertex -0.683789 -1.650813 3.794012
vertex -0.659955 -1.234690 3.728742
vertex -0.922243 -1.725396 3.822626
endloop
endfacet
facet normal 0.0712207 0.150583 0.986029
outer loop
vertex -1.174450 -2.197242 3.912901
vertex -1.319911 -2.469379 3.964968
vertex -1.071514 -2.586863 3.964968
endloop
endfacet
facet normal 0.0712207 0.150583 0.986029
outer loop
vertex -1.174450 -2.197242 3.912901
vertex -1.071514 -2.586863 3.964968
vertex -0.870817 -2.102338 3.876477
endloop
endfacet
facet normal 0.0561165 0.156839 0.986029
outer loop
vertex -0.481584 -1.587568 3.772444
vertex -0.421079 -1.388111 3.737275
vertex -0.504616 -1.304574 3.728742
endloop
endfacet
facet normal 0.0561177 0.156839 0.986029
outer loop
vertex -0.504616 -1.304574 3.728742
vertex -0.535757 -1.293431 3.728742
vertex -0.683789 -1.650813 3.794012
endloop
endfacet
facet normal 0.0561173 0.156839 0.986029
outer loop
vertex -0.504616 -1.304574 3.728742
vertex -0.683789 -1.650813 3.794012
vertex -0.481584 -1.587568 3.772444
endloop
endfacet
facet normal 0.0561178 0.156839 0.986029
outer loop
vertex -0.870817 -2.102338 3.876477
vertex -1.071514 -2.586863 3.964968
vertex -0.812797 -2.679433 3.964968
endloop
endfacet
facet normal 0.0561171 0.156839 0.986029
outer loop
vertex -0.870817 -2.102338 3.876477
vertex -0.812797 -2.679433 3.964968
vertex -0.613323 -2.021855 3.849020
endloop
endfacet
facet normal 0.0404684 0.161578 0.98603
outer loop
vertex -0.304788 -1.532271 3.756125
vertex -0.300164 -1.509025 3.752126
vertex -0.421079 -1.388111 3.737275
endloop
endfacet
facet normal 0.0404755 0.161583 0.986029
outer loop
vertex -0.304788 -1.532271 3.756125
vertex -0.421079 -1.388111 3.737275
vertex -0.481584 -1.587568 3.772444
endloop
endfacet
facet normal 0.0404748 0.161584 0.986029
outer loop
vertex -0.613323 -2.021855 3.849020
vertex -0.812797 -2.679433 3.964968
vertex -0.546253 -2.746199 3.964968
endloop
endfacet
facet normal 0.0404753 0.161584 0.986029
outer loop
vertex -0.613323 -2.021855 3.849020
vertex -0.546253 -2.746199 3.964968
vertex -0.388174 -1.951482 3.828246
endloop
endfacet
facet normal 0.0244417 0.164773 0.986029
outer loop
vertex -0.388174 -1.951482 3.828246
vertex -0.546253 -2.746199 3.964968
vertex -0.274448 -2.786517 3.964968
endloop
endfacet
facet normal 0.024441 0.164773 0.986029
outer loop
vertex -0.388174 -1.951482 3.828246
vertex -0.274448 -2.786517 3.964968
vertex -0.185980 -1.888284 3.812673
endloop
endfacet
facet normal 0.0244413 0.164766 0.98603
outer loop
vertex -0.300164 -1.509025 3.752126
vertex -0.304788 -1.532271 3.756125
vertex -0.283558 -1.525631 3.754490
endloop
endfacet
facet normal 0.00817348 0.166375 0.986029
outer loop
vertex -0.185980 -1.888284 3.812673
vertex -0.274448 -2.786517 3.964968
vertex -0.000000 -2.800000 3.964968
endloop
endfacet
facet normal 0.00817372 0.166375 0.986029
outer loop
vertex -0.185980 -1.888284 3.812673
vertex -0.000000 -2.800000 3.964968
vertex -0.000000 -1.830153 3.801323
endloop
endfacet
facet normal -0.00817569 0.166424 0.98602
outer loop
vertex 0.137312 -1.394153 3.728894
vertex 0.137224 -1.393259 3.728742
vertex 0.112873 -1.394455 3.728742
endloop
endfacet
facet normal -0.00817526 0.166385 0.986027
outer loop
vertex 0.137312 -1.394153 3.728894
vertex 0.112873 -1.394455 3.728742
vertex 0.118482 -1.400064 3.729735
endloop
endfacet
facet normal -0.00817349 0.166375 0.986029
outer loop
vertex -0.000000 -1.830153 3.801323
vertex -0.000000 -2.800000 3.964968
vertex 0.274448 -2.786517 3.964968
endloop
endfacet
facet normal -0.00817294 0.166376 0.986028
outer loop
vertex -0.000000 -1.830153 3.801323
vertex 0.274448 -2.786517 3.964968
vertex 0.174871 -1.775495 3.793550
endloop
endfacet
facet normal -0.02445 0.164821 0.98602
outer loop
vertex 0.137224 -1.393259 3.728742
vertex 0.137312 -1.394153 3.728894
vertex 0.142790 -1.392433 3.728742
endloop
endfacet
facet normal -0.0244417 0.164773 0.986029
outer loop
vertex 0.274448 -2.786517 3.964968
vertex 0.546253 -2.746199 3.964968
vertex 0.342732 -1.723029 3.788943
endloop
endfacet
facet normal -0.0244429 0.164773 0.986029
outer loop
vertex 0.274448 -2.786517 3.964968
vertex 0.342732 -1.723029 3.788943
vertex 0.174871 -1.775495 3.793550
endloop
endfacet
facet normal -0.0404748 0.161584 0.986029
outer loop
vertex 0.546253 -2.746199 3.964968
vertex 0.812797 -2.679433 3.964968
vertex 0.507091 -1.671656 3.787271
endloop
endfacet
facet normal -0.0404741 0.161584 0.986029
outer loop
vertex 0.546253 -2.746199 3.964968
vertex 0.507091 -1.671656 3.787271
vertex 0.342732 -1.723029 3.788943
endloop
endfacet
facet normal -0.0561177 0.156839 0.986029
outer loop
vertex 0.812797 -2.679433 3.964968
vertex 1.071514 -2.586863 3.964968
vertex 0.671179 -1.620368 3.788452
endloop
endfacet
facet normal -0.056118 0.156839 0.986029
outer loop
vertex 0.812797 -2.679433 3.964968
vertex 0.671179 -1.620368 3.788452
vertex 0.507091 -1.671656 3.787271
endloop
endfacet
facet normal -0.0712206 0.150583 0.986029
outer loop
vertex 0.671179 -1.620368 3.788452
vertex 1.071514 -2.586863 3.964968
vertex 1.319911 -2.469379 3.964968
endloop
endfacet
facet normal -0.0712209 0.150583 0.986029
outer loop
vertex 0.671179 -1.620368 3.788452
vertex 1.319911 -2.469379 3.964968
vertex 0.838201 -1.568164 3.792544
endloop
endfacet
facet normal -0.0856391 0.142881 0.986028
outer loop
vertex 0.777798 -1.164057 3.728742
vertex 0.676113 -1.225005 3.728742
vertex 0.793830 -1.188050 3.733611
endloop
endfacet
facet normal -0.0856372 0.142877 0.986029
outer loop
vertex 1.319911 -2.469379 3.964968
vertex 1.555597 -2.328115 3.964968
vertex 1.011600 -1.513966 3.799750
endloop
endfacet
facet normal -0.0856361 0.142878 0.986029
outer loop
vertex 1.319911 -2.469379 3.964968
vertex 1.011600 -1.513966 3.799750
vertex 0.838201 -1.568164 3.792544
endloop
endfacet
facet normal -0.0992317 0.133798 0.986028
outer loop
vertex 0.888151 -1.082215 3.728742
vertex 0.777798 -1.164057 3.728742
vertex 0.793830 -1.188050 3.733611
endloop
endfacet
facet normal -0.0992285 0.133795 0.986029
outer loop
vertex 0.888151 -1.082215 3.728742
vertex 0.793830 -1.188050 3.733611
vertex 0.937892 -1.142824 3.741972
endloop
endfacet
facet normal -0.0992294 0.133795 0.986029
outer loop
vertex 1.011600 -1.513966 3.799750
vertex 1.555597 -2.328115 3.964968
vertex 1.776301 -2.164429 3.964968
endloop
endfacet
facet normal -0.0992337 0.133792 0.986029
outer loop
vertex 1.776301 -2.164429 3.964968
vertex 1.193898 -1.454769 3.810063
vertex 1.177774 -1.462026 3.809425
endloop
endfacet
facet normal -0.0992295 0.133795 0.986029
outer loop
vertex 1.776301 -2.164429 3.964968
vertex 1.177774 -1.462026 3.809425
vertex 1.011600 -1.513966 3.799750
endloop
endfacet
facet normal -0.111866 0.123425 0.986028
outer loop
vertex 1.086168 -1.086168 3.751702
vertex 0.989949 -0.989949 3.728742
vertex 0.888151 -1.082215 3.728742
endloop
endfacet
facet normal -0.111866 0.123424 0.986029
outer loop
vertex 0.888151 -1.082215 3.728742
vertex 0.937892 -1.142824 3.741972
vertex 1.076995 -1.099155 3.752287
endloop
endfacet
facet normal -0.111866 0.123419 0.986029
outer loop
vertex 0.888151 -1.082215 3.728742
vertex 1.076995 -1.099155 3.752287
vertex 1.086168 -1.086168 3.751702
endloop
endfacet
facet normal -0.111865 0.123426 0.986029
outer loop
vertex 1.272645 -1.419326 3.814560
vertex 1.193898 -1.454769 3.810063
vertex 1.776301 -2.164429 3.964968
endloop
endfacet
facet normal -0.111866 0.123425 0.986029
outer loop
vertex 1.776301 -2.164429 3.964968
vertex 1.979899 -1.979899 3.964968
vertex 1.352755 -1.352755 3.815316
endloop
endfacet
facet normal -0.111867 0.123424 0.986029
outer loop
vertex 1.309935 -1.393735 3.815588
vertex 1.272645 -1.419326 3.814560
vertex 1.776301 -2.164429 3.964968
endloop
endfacet
facet normal -0.111866 0.123424 0.986029
outer loop
vertex 1.776301 -2.164429 3.964968
vertex 1.352755 -1.352755 3.815316
vertex 1.309935 -1.393735 3.815588
endloop
endfacet
facet normal -0.123392 0.111874 0.986032
outer loop
vertex 1.096498 -1.071543 3.751336
vertex 1.091884 -1.037988 3.746951
vertex 1.084497 -1.028255 3.744923
endloop
endfacet
facet normal -0.123426 0.111866 0.986028
outer loop
vertex 1.084497 -1.028255 3.744923
vertex 1.016689 -0.960447 3.728742
vertex 0.989949 -0.989949 3.728742
endloop
endfacet
facet normal -0.123424 0.111867 0.986028
outer loop
vertex 0.989949 -0.989949 3.728742
vertex 1.086168 -1.086168 3.751702
vertex 1.096498 -1.071543 3.751336
endloop
endfacet
facet normal -0.123427 0.111864 0.986029
outer loop
vertex 1.084497 -1.028255 3.744923
vertex 0.989949 -0.989949 3.728742
vertex 1.096498 -1.071543 3.751336
endloop
endfacet
facet normal -0.123423 0.111868 0.986029
outer loop
vertex 1.373543 -1.332861 3.815661
vertex 1.352755 -1.352755 3.815316
vertex 1.979899 -1.979899 3.964968
endloop
endfacet
facet normal -0.123425 0.111866 0.986029
outer loop
vertex 1.979899 -1.979899 3.964968
vertex 2.164429 -1.776301 3.964968
vertex 1.450254 -1.190193 3.809078
endloop
endfacet
facet normal -0.123423 0.111867 0.986029
outer loop
vertex 1.979899 -1.979899 3.964968
vertex 1.450254 -1.190193 3.809078
vertex 1.440658 -1.222215 3.811509
endloop
endfacet
facet normal -0.123426 0.111865 0.986029
outer loop
vertex 1.399872 -1.298080 3.815011
vertex 1.373543 -1.332861 3.815661
vertex 1.979899 -1.979899 3.964968
endloop
endfacet
facet normal -0.123424 0.111866 0.986029
outer loop
vertex 1.979899 -1.979899 3.964968
vertex 1.440658 -1.222215 3.811509
vertex 1.399872 -1.298080 3.815011
endloop
endfacet
facet normal -0.133795 0.0992294 0.986028
outer loop
vertex 1.450254 -1.190193 3.809078
vertex 2.164429 -1.776301 3.964968
vertex 2.328115 -1.555597 3.964968
endloop
endfacet
facet normal -0.133796 0.0992274 0.986029
outer loop
vertex 2.328115 -1.555597 3.964968
vertex 1.464286 -0.978404 3.789668
vertex 1.473010 -1.054675 3.798527
endloop
endfacet
facet normal -0.133796 0.0992267 0.986029
outer loop
vertex 1.465275 -1.140065 3.806071
vertex 1.450254 -1.190193 3.809078
vertex 2.328115 -1.555597 3.964968
endloop
endfacet
facet normal -0.133794 0.0992305 0.986029
outer loop
vertex 2.328115 -1.555597 3.964968
vertex 1.473010 -1.054675 3.798527
vertex 1.465275 -1.140065 3.806071
endloop
endfacet
facet normal -0.142861 0.0856618 0.986029
outer loop
vertex 1.463172 -0.968667 3.788661
vertex 1.464286 -0.978404 3.789668
vertex 2.328115 -1.555597 3.964968
endloop
endfacet
facet normal -0.142877 0.0856372 0.986029
outer loop
vertex 2.328115 -1.555597 3.964968
vertex 2.469379 -1.319911 3.964968
vertex 1.248425 -0.667297 3.731370
endloop
endfacet
facet normal -0.142872 0.0856427 0.986029
outer loop
vertex 2.328115 -1.555597 3.964968
vertex 1.248425 -0.667297 3.731370
vertex 1.387729 -0.806712 3.763664
endloop
endfacet
facet normal -0.142879 0.0856346 0.986029
outer loop
vertex 1.451382 -0.926249 3.783269
vertex 1.463172 -0.968667 3.788661
vertex 2.328115 -1.555597 3.964968
endloop
endfacet
facet normal -0.142881 0.0856318 0.986028
outer loop
vertex 2.328115 -1.555597 3.964968
vertex 1.387729 -0.806712 3.763664
vertex 1.413849 -0.845116 3.770784
endloop
endfacet
facet normal -0.142877 0.0856367 0.986029
outer loop
vertex 2.328115 -1.555597 3.964968
vertex 1.413849 -0.845116 3.770784
vertex 1.451382 -0.926249 3.783269
endloop
endfacet
facet normal -0.150583 0.0712205 0.986029
outer loop
vertex 2.586863 -1.071514 3.964968
vertex 1.293431 -0.535757 3.728742
vertex 1.236746 -0.655608 3.728742
endloop
endfacet
facet normal -0.150587 0.0712131 0.986028
outer loop
vertex 1.236746 -0.655608 3.728742
vertex 1.248425 -0.667297 3.731370
vertex 2.469379 -1.319911 3.964968
endloop
endfacet
facet normal -0.150583 0.0712206 0.986029
outer loop
vertex 1.236746 -0.655608 3.728742
vertex 2.469379 -1.319911 3.964968
vertex 2.586863 -1.071514 3.964968
endloop
endfacet
facet normal -0.156839 0.0561177 0.986029
outer loop
vertex 2.586863 -1.071514 3.964968
vertex 2.679433 -0.812797 3.964968
vertex 1.339716 -0.406399 3.728742
endloop
endfacet
facet normal -0.156839 0.0561177 0.986029
outer loop
vertex 2.586863 -1.071514 3.964968
vertex 1.339716 -0.406399 3.728742
vertex 1.293431 -0.535757 3.728742
endloop
endfacet
facet normal -0.161584 0.0404757 0.986029
outer loop
vertex 1.722716 -0.381612 3.790488
vertex 1.680639 -0.334300 3.781651
vertex 1.373099 -0.273126 3.728742
endloop
endfacet
facet normal -0.161584 0.0404748 0.986029
outer loop
vertex 1.373099 -0.273126 3.728742
vertex 1.339716 -0.406399 3.728742
vertex 2.679433 -0.812797 3.964968
endloop
endfacet
facet normal -0.161584 0.0404748 0.986029
outer loop
vertex 2.679433 -0.812797 3.964968
vertex 2.746199 -0.546253 3.964968
vertex 2.126887 -0.423064 3.858423
endloop
endfacet
facet normal -0.161583 0.0404756 0.986029
outer loop
vertex 2.679433 -0.812797 3.964968
vertex 2.126887 -0.423064 3.858423
vertex 2.082836 -0.446552 3.852168
endloop
endfacet
facet normal -0.161586 0.0404688 0.986028
outer loop
vertex 1.790717 -0.429002 3.803577
vertex 1.722716 -0.381612 3.790488
vertex 1.373099 -0.273126 3.728742
endloop
endfacet
facet normal -0.161581 0.040481 0.986029
outer loop
vertex 1.869320 -0.459451 3.817708
vertex 1.790717 -0.429002 3.803577
vertex 1.373099 -0.273126 3.728742
endloop
endfacet
facet normal -0.161586 0.0404707 0.986028
outer loop
vertex 2.679433 -0.812797 3.964968
vertex 2.082836 -0.446552 3.852168
vertex 2.042387 -0.459473 3.846070
endloop
endfacet
facet normal -0.161584 0.0404754 0.986029
outer loop
vertex 2.679433 -0.812797 3.964968
vertex 2.042387 -0.459473 3.846070
vertex 1.955936 -0.470217 3.832344
endloop
endfacet
facet normal -0.161582 0.0404797 0.986029
outer loop
vertex 1.869320 -0.459451 3.817708
vertex 1.373099 -0.273126 3.728742
vertex 2.679433 -0.812797 3.964968
endloop
endfacet
facet normal -0.161584 0.0404758 0.986029
outer loop
vertex 2.679433 -0.812797 3.964968
vertex 1.955936 -0.470217 3.832344
vertex 1.911898 -0.467480 3.825015
endloop
endfacet
facet normal -0.161587 0.0404685 0.986028
outer loop
vertex 2.679433 -0.812797 3.964968
vertex 1.911898 -0.467480 3.825015
vertex 1.869320 -0.459451 3.817708
endloop
endfacet
facet normal -0.164773 0.0244432 0.986029
outer loop
vertex 1.615449 -0.205595 3.767566
vertex 1.609597 -0.158531 3.765422
vertex 1.393259 -0.137224 3.728742
endloop
endfacet
facet normal -0.164773 0.0244417 0.986029
outer loop
vertex 1.393259 -0.137224 3.728742
vertex 1.373099 -0.273126 3.728742
vertex 1.680639 -0.334300 3.781651
endloop
endfacet
facet normal -0.164765 0.0244529 0.98603
outer loop
vertex 1.393259 -0.137224 3.728742
vertex 1.680639 -0.334300 3.781651
vertex 1.667674 -0.319722 3.779123
endloop
endfacet
facet normal -0.164774 0.0244398 0.986028
outer loop
vertex 1.628373 -0.246038 3.770729
vertex 1.615449 -0.205595 3.767566
vertex 1.393259 -0.137224 3.728742
endloop
endfacet
facet normal -0.164773 0.0244424 0.986029
outer loop
vertex 1.393259 -0.137224 3.728742
vertex 1.667674 -0.319722 3.779123
vertex 1.628373 -0.246038 3.770729
endloop
endfacet
facet normal -0.164773 0.0244448 0.986029
outer loop
vertex 2.156530 -0.407259 3.862984
vertex 2.126887 -0.423064 3.858423
vertex 2.746199 -0.546253 3.964968
endloop
endfacet
facet normal -0.164773 0.0244417 0.986029
outer loop
vertex 2.746199 -0.546253 3.964968
vertex 2.786517 -0.274448 3.964968
vertex 2.288588 -0.225406 3.880544
endloop
endfacet
facet normal -0.164775 0.0244396 0.986028
outer loop
vertex 2.746199 -0.546253 3.964968
vertex 2.288588 -0.225406 3.880544
vertex 2.265812 -0.284225 3.878196
endloop
endfacet
facet normal -0.164774 0.02444 0.986029
outer loop
vertex 2.218425 -0.352224 3.871963
vertex 2.156530 -0.407259 3.862984
vertex 2.746199 -0.546253 3.964968
endloop
endfacet
facet normal -0.164772 0.0244438 0.986029
outer loop
vertex 2.746199 -0.546253 3.964968
vertex 2.265812 -0.284225 3.878196
vertex 2.218425 -0.352224 3.871963
endloop
endfacet
facet normal -0.166376 0.00817355 0.986029
outer loop
vertex 1.628052 0.000000 3.767222
vertex 1.400000 0.000000 3.728742
vertex 1.393259 -0.137224 3.728742
endloop
endfacet
facet normal -0.166375 0.00817318 0.986029
outer loop
vertex 1.393259 -0.137224 3.728742
vertex 1.609597 -0.158531 3.765422
vertex 1.604701 -0.119155 3.764269
endloop
endfacet
facet normal -0.166375 0.00817042 0.986029
outer loop
vertex 1.393259 -0.137224 3.728742
vertex 1.604701 -0.119155 3.764269
vertex 1.607426 -0.075117 3.764364
endloop
endfacet
facet normal -0.166372 0.00816746 0.986029
outer loop
vertex 1.615449 -0.032539 3.765365
vertex 1.628052 0.000000 3.767222
vertex 1.393259 -0.137224 3.728742
endloop
endfacet
facet normal -0.166377 0.00817713 0.986028
outer loop
vertex 1.393259 -0.137224 3.728742
vertex 1.607426 -0.075117 3.764364
vertex 1.615449 -0.032539 3.765365
endloop
endfacet
facet normal -0.166375 0.00817745 0.986029
outer loop
vertex 2.296251 -0.205616 3.881673
vertex 2.288588 -0.225406 3.880544
vertex 2.786517 -0.274448 3.964968
endloop
endfacet
facet normal -0.166375 0.00817353 0.986029
outer loop
vertex 2.786517 -0.274448 3.964968
vertex 2.800000 0.000000 3.964968
vertex 2.285861 0.000000 3.878216
endloop
endfacet
facet normal -0.166376 0.00817165 0.986028
outer loop
vertex 2.786517 -0.274448 3.964968
vertex 2.285861 0.000000 3.878216
vertex 2.296251 -0.032525 3.880239
endloop
endfacet
facet normal -0.166376 0.0081729 0.986029
outer loop
vertex 2.304272 -0.163030 3.882674
vertex 2.296251 -0.205616 3.881673
vertex 2.786517 -0.274448 3.964968
endloop
endfacet
facet normal -0.166375 0.00817425 0.986029
outer loop
vertex 2.786517 -0.274448 3.964968
vertex 2.296251 -0.032525 3.880239
vertex 2.306998 -0.118982 3.882769
endloop
endfacet
facet normal -0.166376 0.00817278 0.986029
outer loop
vertex 2.786517 -0.274448 3.964968
vertex 2.306998 -0.118982 3.882769
vertex 2.304272 -0.163030 3.882674
endloop
endfacet
facet normal -0.0580777 -0.00285319 0.998308
outer loop
vertex 0.051203 0.005043 3.650185
vertex 0.049759 0.004901 3.650100
vertex 0.050000 0.000000 3.650100
endloop
endfacet
facet normal -0.0581502 -0.00283581 0.998304
outer loop
vertex 0.051203 0.005043 3.650185
vertex 0.050000 0.000000 3.650100
vertex 0.056246 0.000000 3.650464
endloop
endfacet
facet normal -0.0581542 -0.00285692 0.998303
outer loop
vertex 0.581658 0.000000 3.681071
vertex 1.400000 0.000000 3.728742
vertex 1.393259 0.137224 3.728742
endloop
endfacet
facet normal -0.0581541 -0.00285712 0.998303
outer loop
vertex 0.581658 0.000000 3.681071
vertex 1.393259 0.137224 3.728742
vertex 0.529544 0.052156 3.678185
endloop
endfacet
facet normal -0.0575941 -0.00854325 0.998303
outer loop
vertex 0.529544 0.052156 3.678185
vertex 1.393259 0.137224 3.728742
vertex 1.373099 0.273126 3.728742
endloop
endfacet
facet normal -0.0575936 -0.00854511 0.998303
outer loop
vertex 0.529544 0.052156 3.678185
vertex 1.373099 0.273126 3.728742
vertex 0.485219 0.096516 3.676007
endloop
endfacet
facet normal -0.0575184 -0.00853201 0.998308
outer loop
vertex 0.049483 0.006763 3.650100
vertex 0.049759 0.004901 3.650100
vertex 0.051203 0.005043 3.650185
endloop
endfacet
facet normal -0.0564792 -0.0141473 0.998303
outer loop
vertex 0.485219 0.096516 3.676007
vertex 1.373099 0.273126 3.728742
vertex 1.339716 0.406399 3.728742
endloop
endfacet
facet normal -0.0564795 -0.0141467 0.998304
outer loop
vertex 0.485219 0.096516 3.676007
vertex 1.339716 0.406399 3.728742
vertex 0.446363 0.135403 3.674360
endloop
endfacet
facet normal -0.0548215 -0.0196137 0.998303
outer loop
vertex 0.952412 0.394502 3.707240
vertex 0.411390 0.170403 3.673127
vertex 0.446363 0.135403 3.674360
endloop
endfacet
facet normal -0.0548207 -0.0196151 0.998304
outer loop
vertex 0.446363 0.135403 3.674360
vertex 1.339716 0.406399 3.728742
vertex 1.320813 0.459230 3.728742
endloop
endfacet
facet normal -0.0548072 -0.0196508 0.998304
outer loop
vertex 0.446363 0.135403 3.674360
vertex 1.320813 0.459230 3.728742
vertex 1.266378 0.441313 3.725401
endloop
endfacet
facet normal -0.0548181 -0.0196204 0.998304
outer loop
vertex 0.999269 0.396082 3.709844
vertex 0.952412 0.394502 3.707240
vertex 0.446363 0.135403 3.674360
endloop
endfacet
facet normal -0.0548224 -0.0196102 0.998303
outer loop
vertex 0.446363 0.135403 3.674360
vertex 1.266378 0.441313 3.725401
vertex 1.179352 0.420461 3.720212
endloop
endfacet
facet normal -0.0548211 -0.0196141 0.998304
outer loop
vertex 0.446363 0.135403 3.674360
vertex 1.179352 0.420461 3.720212
vertex 0.999269 0.396082 3.709844
endloop
endfacet
facet normal -0.0526337 -0.0248946 0.998304
outer loop
vertex 0.799878 0.427544 3.700022
vertex 0.379156 0.202663 3.672232
vertex 0.411390 0.170403 3.673127
endloop
endfacet
facet normal -0.0526349 -0.0248926 0.998304
outer loop
vertex 0.411390 0.170403 3.673127
vertex 0.952412 0.394502 3.707240
vertex 0.906616 0.392958 3.704787
endloop
endfacet
facet normal -0.0526354 -0.0248916 0.998303
outer loop
vertex 0.411390 0.170403 3.673127
vertex 0.906616 0.392958 3.704787
vertex 0.863793 0.397902 3.702652
endloop
endfacet
facet normal -0.0526369 -0.0248897 0.998304
outer loop
vertex 0.824330 0.411990 3.700923
vertex 0.799878 0.427544 3.700022
vertex 0.411390 0.170403 3.673127
endloop
endfacet
facet normal -0.052633 -0.0248965 0.998303
outer loop
vertex 0.411390 0.170403 3.673127
vertex 0.863793 0.397902 3.702652
vertex 0.824330 0.411990 3.700923
endloop
endfacet
facet normal -0.0499386 -0.0299356 0.998304
outer loop
vertex 0.740350 0.494686 3.699057
vertex 0.348790 0.233054 3.671624
vertex 0.379156 0.202663 3.672232
endloop
endfacet
facet normal -0.0499318 -0.0299493 0.998303
outer loop
vertex 0.379156 0.202663 3.672232
vertex 0.799878 0.427544 3.700022
vertex 0.789265 0.434295 3.699693
endloop
endfacet
facet normal -0.0499405 -0.0299333 0.998304
outer loop
vertex 0.760251 0.463353 3.699113
vertex 0.740350 0.494686 3.699057
vertex 0.379156 0.202663 3.672232
endloop
endfacet
facet normal -0.0499427 -0.0299301 0.998304
outer loop
vertex 0.379156 0.202663 3.672232
vertex 0.789265 0.434295 3.699693
vertex 0.760251 0.463353 3.699113
endloop
endfacet
facet normal -0.0467562 -0.0346961 0.998304
outer loop
vertex 0.719107 0.580597 3.701046
vertex 0.720330 0.591160 3.701471
vertex 0.319588 0.262279 3.671272
endloop
endfacet
facet normal -0.0467661 -0.0346837 0.998304
outer loop
vertex 0.319588 0.262279 3.671272
vertex 0.348790 0.233054 3.671624
vertex 0.740350 0.494686 3.699057
endloop
endfacet
facet normal -0.0467671 -0.0346823 0.998304
outer loop
vertex 0.319588 0.262279 3.671272
vertex 0.740350 0.494686 3.699057
vertex 0.738134 0.498176 3.699074
endloop
endfacet
facet normal -0.0467666 -0.0346831 0.998304
outer loop
vertex 0.724044 0.537637 3.699785
vertex 0.719107 0.580597 3.701046
vertex 0.319588 0.262279 3.671272
endloop
endfacet
facet normal -0.0467656 -0.0346845 0.998303
outer loop
vertex 0.319588 0.262279 3.671272
vertex 0.738134 0.498176 3.699074
vertex 0.724044 0.537637 3.699785
endloop
endfacet
facet normal -0.0467661 -0.0346842 0.998304
outer loop
vertex 1.148408 0.798899 3.728742
vertex 1.082215 0.888151 3.728742
vertex 0.938439 0.770157 3.717907
endloop
endfacet
facet normal -0.0467639 -0.0347005 0.998303
outer loop
vertex 1.148408 0.798899 3.728742
vertex 0.938439 0.770157 3.717907
vertex 1.087345 0.784580 3.725384
endloop
endfacet
facet normal -0.0431409 -0.0391016 0.998304
outer loop
vertex 0.863482 0.762897 3.714384
vertex 0.938439 0.770157 3.717907
vertex 1.082215 0.888151 3.728742
endloop
endfacet
facet normal -0.0431435 -0.0390989 0.998303
outer loop
vertex 0.989949 0.989949 3.728742
vertex 0.290945 0.290945 3.671156
vertex 0.319588 0.262279 3.671272
endloop
endfacet
facet normal -0.0431448 -0.0390966 0.998304
outer loop
vertex 0.319588 0.262279 3.671272
vertex 0.720330 0.591160 3.701471
vertex 0.724044 0.623235 3.702888
endloop
endfacet
facet normal -0.0431384 -0.0391037 0.998304
outer loop
vertex 0.319588 0.262279 3.671272
vertex 0.724044 0.623235 3.702888
vertex 0.738134 0.662697 3.705042
endloop
endfacet
facet normal -0.0431412 -0.0391009 0.998304
outer loop
vertex 0.863482 0.762897 3.714384
vertex 1.082215 0.888151 3.728742
vertex 0.989949 0.989949 3.728742
endloop
endfacet
facet normal -0.0431421 -0.0391004 0.998304
outer loop
vertex 0.824330 0.748882 3.712143
vertex 0.863482 0.762897 3.714384
vertex 0.989949 0.989949 3.728742
endloop
endfacet
facet normal -0.0431331 -0.0391093 0.998304
outer loop
vertex 0.319588 0.262279 3.671272
vertex 0.738134 0.662697 3.705042
vertex 0.760251 0.697520 3.707362
endloop
endfacet
facet normal -0.0431398 -0.039102 0.998304
outer loop
vertex 0.789504 0.726769 3.709772
vertex 0.824330 0.748882 3.712143
vertex 0.989949 0.989949 3.728742
endloop
endfacet
facet normal -0.0433271 -0.0389162 0.998303
outer loop
vertex 0.319588 0.262279 3.671272
vertex 0.760251 0.697520 3.707362
vertex 0.789504 0.726769 3.709772
endloop
endfacet
facet normal -0.0431412 -0.0391009 0.998304
outer loop
vertex 0.989949 0.989949 3.728742
vertex 0.319588 0.262279 3.671272
vertex 0.789504 0.726769 3.709772
endloop
endfacet
facet normal -0.039101 -0.0431413 0.998304
outer loop
vertex 0.290945 0.290945 3.671156
vertex 0.989949 0.989949 3.728742
vertex 0.888151 1.082215 3.728742
endloop
endfacet
facet normal -0.0390981 -0.0431435 0.998304
outer loop
vertex 0.290945 0.290945 3.671156
vertex 0.888151 1.082215 3.728742
vertex 0.262300 0.319613 3.671273
endloop
endfacet
facet normal -0.0346841 -0.046766 0.998304
outer loop
vertex 0.262300 0.319613 3.671273
vertex 0.888151 1.082215 3.728742
vertex 0.777798 1.164057 3.728742
endloop
endfacet
facet normal -0.0346854 -0.0467653 0.998304
outer loop
vertex 0.262300 0.319613 3.671273
vertex 0.777798 1.164057 3.728742
vertex 0.233091 0.348845 3.671628
endloop
endfacet
facet normal -0.0299322 -0.0499409 0.998304
outer loop
vertex 0.663808 1.131654 3.723703
vertex 0.595803 1.114669 3.720814
vertex 0.202712 0.379248 3.672238
endloop
endfacet
facet normal -0.0299317 -0.0499416 0.998304
outer loop
vertex 0.202712 0.379248 3.672238
vertex 0.233091 0.348845 3.671628
vertex 0.777798 1.164057 3.728742
endloop
endfacet
facet normal -0.0299337 -0.0499416 0.998303
outer loop
vertex 0.777798 1.164057 3.728742
vertex 0.756788 1.176650 3.728742
vertex 0.663808 1.131654 3.723703
endloop
endfacet
facet normal -0.0299342 -0.0499397 0.998304
outer loop
vertex 0.202712 0.379248 3.672238
vertex 0.777798 1.164057 3.728742
vertex 0.663808 1.131654 3.723703
endloop
endfacet
facet normal -0.024897 -0.0526323 0.998304
outer loop
vertex 0.170460 0.411526 3.673136
vertex 0.202712 0.379248 3.672238
vertex 0.595803 1.114669 3.720814
endloop
endfacet
facet normal -0.0248922 -0.0526349 0.998304
outer loop
vertex 0.532954 1.098972 3.718419
vertex 0.452877 1.093341 3.716126
vertex 0.170460 0.411526 3.673136
endloop
endfacet
facet normal -0.0248955 -0.0526332 0.998304
outer loop
vertex 0.595803 1.114669 3.720814
vertex 0.532954 1.098972 3.718419
vertex 0.170460 0.411526 3.673136
endloop
endfacet
facet normal -0.0196162 -0.0548204 0.998304
outer loop
vertex 0.440393 1.092463 3.715832
vertex 0.334768 1.103583 3.714367
vertex 0.135460 0.446553 3.674371
endloop
endfacet
facet normal -0.0196165 -0.0548202 0.998304
outer loop
vertex 0.135460 0.446553 3.674371
vertex 0.170460 0.411526 3.673136
vertex 0.452877 1.093341 3.716126
endloop
endfacet
facet normal -0.0196153 -0.0548209 0.998303
outer loop
vertex 0.135460 0.446553 3.674371
vertex 0.452877 1.093341 3.716126
vertex 0.440393 1.092463 3.715832
endloop
endfacet
facet normal -0.0141449 -0.05648 0.998304
outer loop
vertex 0.303109 1.106916 3.714107
vertex 0.225208 1.132199 3.714434
vertex 0.096567 0.485477 3.676022
endloop
endfacet
facet normal -0.0141457 -0.0564798 0.998304
outer loop
vertex 0.096567 0.485477 3.676022
vertex 0.135460 0.446553 3.674371
vertex 0.334768 1.103583 3.714367
endloop
endfacet
facet normal -0.014148 -0.056479 0.998304
outer loop
vertex 0.096567 0.485477 3.676022
vertex 0.334768 1.103583 3.714367
vertex 0.303109 1.106916 3.714107
endloop
endfacet
facet normal -0.00855508 -0.0576738 0.998299
outer loop
vertex 0.005043 0.051203 3.650185
vertex 0.004901 0.049759 3.650100
vertex 0.006763 0.049483 3.650100
endloop
endfacet
facet normal -0.0085428 -0.0575943 0.998304
outer loop
vertex 0.175863 1.148214 3.714936
vertex 0.116427 1.182102 3.716382
vertex 0.052190 0.529890 3.678205
endloop
endfacet
facet normal -0.00854374 -0.0575941 0.998304
outer loop
vertex 0.052190 0.529890 3.678205
vertex 0.096567 0.485477 3.676022
vertex 0.225208 1.132199 3.714434
endloop
endfacet
facet normal -0.00854382 -0.0575941 0.998304
outer loop
vertex 0.175863 1.148214 3.714936
vertex 0.052190 0.529890 3.678205
vertex 0.225208 1.132199 3.714434
endloop
endfacet
facet normal -0.00285666 -0.0581482 0.998304
outer loop
vertex 0.000000 0.056246 3.650464
vertex 0.000000 0.050000 3.650100
vertex 0.004901 0.049759 3.650100
endloop
endfacet
facet normal -0.00295865 -0.0582249 0.998299
outer loop
vertex 0.000000 0.056246 3.650464
vertex 0.004901 0.049759 3.650100
vertex 0.005043 0.051203 3.650185
endloop
endfacet
facet normal -0.00285802 -0.0581542 0.998304
outer loop
vertex 0.000000 0.582121 3.681098
vertex 0.052190 0.529890 3.678205
vertex 0.116427 1.182102 3.716382
endloop
endfacet
facet normal -0.00286046 -0.058154 0.998303
outer loop
vertex 0.061386 1.213485 3.718053
vertex 0.000000 1.267194 3.721005
vertex 0.000000 0.582121 3.681098
endloop
endfacet
facet normal -0.00285728 -0.0581543 0.998303
outer loop
vertex 0.116427 1.182102 3.716382
vertex 0.061386 1.213485 3.718053
vertex 0.000000 0.582121 3.681098
endloop
endfacet
facet normal 0.00285685 -0.0581543 0.998304
outer loop
vertex -0.037070 1.299628 3.723001
vertex -0.109665 1.394612 3.728742
vertex -0.137224 1.393259 3.728742
endloop
endfacet
facet normal 0.00285664 -0.0581542 0.998303
outer loop
vertex -0.137224 1.393259 3.728742
vertex -0.063603 0.645775 3.684988
vertex 0.000000 0.582121 3.681098
endloop
endfacet
facet normal 0.00285978 -0.058154 0.998304
outer loop
vertex 0.000000 0.582121 3.681098
vertex 0.000000 1.267194 3.721005
vertex -0.037070 1.299628 3.723001
endloop
endfacet
facet normal 0.00285694 -0.0581542 0.998303
outer loop
vertex -0.137224 1.393259 3.728742
vertex 0.000000 0.582121 3.681098
vertex -0.037070 1.299628 3.723001
endloop
endfacet
facet normal 0.00285664 -0.0581478 0.998304
outer loop
vertex -0.006145 0.062391 3.650840
vertex -0.004901 0.049759 3.650100
vertex 0.000000 0.050000 3.650100
endloop
endfacet
facet normal 0.00285594 -0.0581482 0.998304
outer loop
vertex -0.006145 0.062391 3.650840
vertex 0.000000 0.050000 3.650100
vertex 0.000000 0.056246 3.650464
endloop
endfacet
facet normal 0.00854235 -0.0575878 0.998304
outer loop
vertex -0.009755 0.049039 3.650100
vertex -0.004901 0.049759 3.650100
vertex -0.006145 0.062391 3.650840
endloop
endfacet
facet normal 0.00856538 -0.057594 0.998303
outer loop
vertex -0.009755 0.049039 3.650100
vertex -0.006145 0.062391 3.650840
vertex -0.013966 0.070212 3.651358
endloop
endfacet
facet normal 0.0085432 -0.0575939 0.998304
outer loop
vertex -0.137224 1.393259 3.728742
vertex -0.273126 1.373099 3.728742
vertex -0.144571 0.726807 3.690356
endloop
endfacet
facet normal 0.00854586 -0.0575939 0.998304
outer loop
vertex -0.137224 1.393259 3.728742
vertex -0.144571 0.726807 3.690356
vertex -0.063603 0.645775 3.684988
endloop
endfacet
facet normal 0.0141484 -0.0564835 0.998303
outer loop
vertex -0.014514 0.047847 3.650100
vertex -0.009755 0.049039 3.650100
vertex -0.013966 0.070212 3.651358
endloop
endfacet
facet normal 0.0141374 -0.0564833 0.998303
outer loop
vertex -0.014514 0.047847 3.650100
vertex -0.013966 0.070212 3.651358
vertex -0.024492 0.080738 3.652103
endloop
endfacet
facet normal 0.0141473 -0.0564792 0.998304
outer loop
vertex -0.273126 1.373099 3.728742
vertex -0.406399 1.339716 3.728742
vertex -0.253563 0.835886 3.698072
endloop
endfacet
facet normal 0.014147 -0.0564792 0.998304
outer loop
vertex -0.273126 1.373099 3.728742
vertex -0.253563 0.835886 3.698072
vertex -0.144571 0.726807 3.690356
endloop
endfacet
facet normal 0.0196155 -0.0548215 0.998303
outer loop
vertex -0.019134 0.046194 3.650100
vertex -0.014514 0.047847 3.650100
vertex -0.024492 0.080738 3.652103
endloop
endfacet
facet normal 0.0196171 -0.0548213 0.998303
outer loop
vertex -0.019134 0.046194 3.650100
vertex -0.024492 0.080738 3.652103
vertex -0.039772 0.096019 3.653242
endloop
endfacet
facet normal 0.0196151 -0.0548206 0.998304
outer loop
vertex -0.406399 1.339716 3.728742
vertex -0.535757 1.293431 3.728742
vertex -0.411853 0.994302 3.709881
endloop
endfacet
facet normal 0.0196149 -0.0548206 0.998304
outer loop
vertex -0.406399 1.339716 3.728742
vertex -0.411853 0.994302 3.709881
vertex -0.253563 0.835886 3.698072
endloop
endfacet
facet normal 0.0248946 -0.0526353 0.998303
outer loop
vertex -0.023570 0.044096 3.650100
vertex -0.019134 0.046194 3.650100
vertex -0.039772 0.096019 3.653242
endloop
endfacet
facet normal 0.0248945 -0.0526353 0.998303
outer loop
vertex -0.023570 0.044096 3.650100
vertex -0.039772 0.096019 3.653242
vertex -0.064587 0.120833 3.655169
endloop
endfacet
facet normal 0.0248941 -0.052634 0.998304
outer loop
vertex -0.535757 1.293431 3.728742
vertex -0.654587 1.237229 3.728742
vertex -0.411853 0.994302 3.709881
endloop
endfacet
facet normal 0.0299329 -0.0499401 0.998304
outer loop
vertex -0.113262 0.169509 3.659064
vertex -0.027779 0.041573 3.650100
vertex -0.023570 0.044096 3.650100
endloop
endfacet
facet normal 0.0299216 -0.0499483 0.998303
outer loop
vertex -0.113262 0.169509 3.659064
vertex -0.023570 0.044096 3.650100
vertex -0.064587 0.120833 3.655169
endloop
endfacet
facet normal 0.0346841 -0.0467655 0.998304
outer loop
vertex -0.257421 0.313668 3.670825
vertex -0.031720 0.038651 3.650100
vertex -0.027779 0.041573 3.650100
endloop
endfacet
facet normal 0.0346852 -0.0467648 0.998304
outer loop
vertex -0.257421 0.313668 3.670825
vertex -0.027779 0.041573 3.650100
vertex -0.113262 0.169509 3.659064
endloop
endfacet
facet normal 0.0390989 -0.0431541 0.998303
outer loop
vertex -0.935022 0.991272 3.726648
vertex -0.972939 1.004395 3.728700
vertex -0.976317 1.002306 3.728742
endloop
endfacet
facet normal 0.0391009 -0.0431414 0.998304
outer loop
vertex -0.976317 1.002306 3.728742
vertex -0.989949 0.989949 3.728742
vertex -0.035355 0.035355 3.650100
endloop
endfacet
facet normal 0.0391008 -0.0431411 0.998304
outer loop
vertex -0.035355 0.035355 3.650100
vertex -0.031720 0.038651 3.650100
vertex -0.257421 0.313668 3.670825
endloop
endfacet
facet normal 0.0391027 -0.0431394 0.998304
outer loop
vertex -0.257421 0.313668 3.670825
vertex -0.935022 0.991272 3.726648
vertex -0.976317 1.002306 3.728742
endloop
endfacet
facet normal 0.0391035 -0.0431389 0.998304
outer loop
vertex -0.976317 1.002306 3.728742
vertex -0.035355 0.035355 3.650100
vertex -0.257421 0.313668 3.670825
endloop
endfacet
facet normal 0.0431414 -0.039101 0.998304
outer loop
vertex -0.035355 0.035355 3.650100
vertex -0.989949 0.989949 3.728742
vertex -1.011799 0.965842 3.728742
endloop
endfacet
facet normal 0.0431412 -0.0391011 0.998304
outer loop
vertex -1.011799 0.965842 3.728742
vertex -1.045679 0.858167 3.725989
vertex -0.038651 0.031720 3.650100
endloop
endfacet
facet normal 0.0431418 -0.0391013 0.998303
outer loop
vertex -1.011799 0.965842 3.728742
vertex -0.038651 0.031720 3.650100
vertex -0.035355 0.035355 3.650100
endloop
endfacet
facet normal 0.0467661 -0.0346841 0.998304
outer loop
vertex -0.041573 0.027779 3.650100
vertex -0.038651 0.031720 3.650100
vertex -1.045679 0.858167 3.725989
endloop
endfacet
facet normal 0.046766 -0.0346843 0.998304
outer loop
vertex -0.041573 0.027779 3.650100
vertex -1.045679 0.858167 3.725989
vertex -1.087139 0.726403 3.723353
endloop
endfacet
facet normal 0.0499404 -0.0299323 0.998303
outer loop
vertex -1.126279 0.602009 3.721581
vertex -0.044096 0.023570 3.650100
vertex -0.041573 0.027779 3.650100
endloop
endfacet
facet normal 0.0499411 -0.0299324 0.998304
outer loop
vertex -1.126279 0.602009 3.721581
vertex -0.041573 0.027779 3.650100
vertex -1.087139 0.726403 3.723353
endloop
endfacet
facet normal 0.0526342 -0.0248934 0.998303
outer loop
vertex -1.163995 0.482143 3.720581
vertex -0.046194 0.019134 3.650100
vertex -0.044096 0.023570 3.650100
endloop
endfacet
facet normal 0.0526336 -0.024895 0.998304
outer loop
vertex -1.163995 0.482143 3.720581
vertex -0.044096 0.023570 3.650100
vertex -1.126279 0.602009 3.721581
endloop
endfacet
facet normal 0.0548204 -0.019616 0.998304
outer loop
vertex -1.201062 0.364338 3.720301
vertex -0.047847 0.014514 3.650100
vertex -0.046194 0.019134 3.650100
endloop
endfacet
facet normal 0.0548206 -0.0196152 0.998304
outer loop
vertex -1.201062 0.364338 3.720301
vertex -0.046194 0.019134 3.650100
vertex -1.163995 0.482143 3.720581
endloop
endfacet
facet normal 0.0564792 -0.014147 0.998304
outer loop
vertex -1.238205 0.246294 3.720730
vertex -0.049039 0.009755 3.650100
vertex -0.047847 0.014514 3.650100
endloop
endfacet
facet normal 0.0564791 -0.0141479 0.998304
outer loop
vertex -1.238205 0.246294 3.720730
vertex -0.047847 0.014514 3.650100
vertex -1.201062 0.364338 3.720301
endloop
endfacet
facet normal 0.0575941 -0.00854455 0.998303
outer loop
vertex -1.276153 0.125690 3.721887
vertex -0.049759 0.004901 3.650100
vertex -0.049039 0.009755 3.650100
endloop
endfacet
facet normal 0.0575941 -0.00854249 0.998304
outer loop
vertex -1.276153 0.125690 3.721887
vertex -0.049039 0.009755 3.650100
vertex -1.238205 0.246294 3.720730
endloop
endfacet
facet normal 0.0581494 -0.00285597 0.998304
outer loop
vertex -1.276153 0.125690 3.721887
vertex -1.307534 0.025957 3.723430
vertex -1.281577 0.000000 3.721843
endloop
endfacet
facet normal 0.0581541 -0.00285649 0.998304
outer loop
vertex -1.281577 0.000000 3.721843
vertex -0.050000 0.000000 3.650100
vertex -0.049759 0.004901 3.650100
endloop
endfacet
facet normal 0.0581541 -0.00285617 0.998304
outer loop
vertex -1.281577 0.000000 3.721843
vertex -0.049759 0.004901 3.650100
vertex -1.276153 0.125690 3.721887
endloop
endfacet
facet normal 0.0581543 0.00285602 0.998303
outer loop
vertex -1.166670 -0.114907 3.715479
vertex -0.049759 -0.004901 3.650100
vertex -0.050000 0.000000 3.650100
endloop
endfacet
facet normal 0.0581541 0.00285686 0.998303
outer loop
vertex -1.166670 -0.114907 3.715479
vertex -0.050000 0.000000 3.650100
vertex -1.281577 0.000000 3.721843
endloop
endfacet
facet normal 0.0575936 0.00854366 0.998304
outer loop
vertex -1.068950 -0.212627 3.710677
vertex -0.049039 -0.009755 3.650100
vertex -0.049759 -0.004901 3.650100
endloop
endfacet
facet normal 0.0575942 0.00854212 0.998304
outer loop
vertex -1.068950 -0.212627 3.710677
vertex -0.049759 -0.004901 3.650100
vertex -1.166670 -0.114907 3.715479
endloop
endfacet
facet normal 0.0564796 0.0141475 0.998304
outer loop
vertex -0.983298 -0.298280 3.707045
vertex -0.047847 -0.014514 3.650100
vertex -0.049039 -0.009755 3.650100
endloop
endfacet
facet normal 0.0564789 0.0141489 0.998304
outer loop
vertex -0.983298 -0.298280 3.707045
vertex -0.049039 -0.009755 3.650100
vertex -1.068950 -0.212627 3.710677
endloop
endfacet
facet normal 0.0548205 0.019615 0.998304
outer loop
vertex -0.906213 -0.375366 3.704327
vertex -0.046194 -0.019134 3.650100
vertex -0.047847 -0.014514 3.650100
endloop
endfacet
facet normal 0.0548208 0.019615 0.998304
outer loop
vertex -0.906213 -0.375366 3.704327
vertex -0.047847 -0.014514 3.650100
vertex -0.983298 -0.298280 3.707045
endloop
endfacet
facet normal 0.0548191 0.0196145 0.998304
outer loop
vertex -1.304572 -0.504622 3.728742
vertex -1.293431 -0.535757 3.728742
vertex -1.279293 -0.529900 3.727850
endloop
endfacet
facet normal 0.0526342 0.0248941 0.998303
outer loop
vertex -0.835171 -0.446408 3.702353
vertex -0.044096 -0.023570 3.650100
vertex -0.046194 -0.019134 3.650100
endloop
endfacet
facet normal 0.0526344 0.0248936 0.998303
outer loop
vertex -0.835171 -0.446408 3.702353
vertex -0.046194 -0.019134 3.650100
vertex -0.906213 -0.375366 3.704327
endloop
endfacet
facet normal 0.0526325 0.0248934 0.998304
outer loop
vertex -1.279293 -0.529900 3.727850
vertex -1.293431 -0.535757 3.728742
vertex -1.234690 -0.659955 3.728742
endloop
endfacet
facet normal 0.0526352 0.0248943 0.998303
outer loop
vertex -1.279293 -0.529900 3.727850
vertex -1.234690 -0.659955 3.728742
vertex -1.179003 -0.630190 3.725064
endloop
endfacet
facet normal 0.0499404 0.0299328 0.998304
outer loop
vertex -0.768250 -0.513328 3.701012
vertex -0.041573 -0.027779 3.650100
vertex -0.044096 -0.023570 3.650100
endloop
endfacet
facet normal 0.0499403 0.0299338 0.998304
outer loop
vertex -0.768250 -0.513328 3.701012
vertex -0.044096 -0.023570 3.650100
vertex -0.835171 -0.446408 3.702353
endloop
endfacet
facet normal 0.0499416 0.0299338 0.998303
outer loop
vertex -1.179003 -0.630190 3.725064
vertex -1.234690 -0.659955 3.728742
vertex -1.164057 -0.777798 3.728742
endloop
endfacet
facet normal 0.0499404 0.0299337 0.998304
outer loop
vertex -1.179003 -0.630190 3.725064
vertex -1.164057 -0.777798 3.728742
vertex -1.084532 -0.724661 3.723170
endloop
endfacet
facet normal 0.0467662 0.0346839 0.998304
outer loop
vertex -0.703902 -0.577677 3.700233
vertex -0.038651 -0.031720 3.650100
vertex -0.041573 -0.027779 3.650100
endloop
endfacet
facet normal 0.0467671 0.0346829 0.998304
outer loop
vertex -0.703902 -0.577677 3.700233
vertex -0.041573 -0.027779 3.650100
vertex -0.768250 -0.513328 3.701012
endloop
endfacet
facet normal 0.0467662 0.0346842 0.998304
outer loop
vertex -1.084532 -0.724661 3.723170
vertex -1.164057 -0.777798 3.728742
vertex -1.082215 -0.888151 3.728742
endloop
endfacet
facet normal 0.0467654 0.0346842 0.998303
outer loop
vertex -1.084532 -0.724661 3.723170
vertex -1.082215 -0.888151 3.728742
vertex -0.993691 -0.815501 3.722071
endloop
endfacet
facet normal 0.0431409 0.0391013 0.998304
outer loop
vertex -0.640790 -0.640790 3.699977
vertex -0.035355 -0.035355 3.650100
vertex -0.038651 -0.031720 3.650100
endloop
endfacet
facet normal 0.0431408 0.0391015 0.998304
outer loop
vertex -0.640790 -0.640790 3.699977
vertex -0.038651 -0.031720 3.650100
vertex -0.703902 -0.577677 3.700233
endloop
endfacet
facet normal 0.0431409 0.0391007 0.998304
outer loop
vertex -0.993691 -0.815501 3.722071
vertex -1.082215 -0.888151 3.728742
vertex -0.989949 -0.989949 3.728742
endloop
endfacet
facet normal 0.0431425 0.0391007 0.998304
outer loop
vertex -0.993691 -0.815501 3.722071
vertex -0.989949 -0.989949 3.728742
vertex -0.904596 -0.904596 3.721710
endloop
endfacet
facet normal 0.0391018 0.0431411 0.998303
outer loop
vertex -0.577677 -0.703902 3.700233
vertex -0.031720 -0.038651 3.650100
vertex -0.035355 -0.035355 3.650100
endloop
endfacet
facet normal 0.0391017 0.0431406 0.998304
outer loop
vertex -0.577677 -0.703902 3.700233
vertex -0.035355 -0.035355 3.650100
vertex -0.640790 -0.640790 3.699977
endloop
endfacet
facet normal 0.0391014 0.0431417 0.998304
outer loop
vertex -0.904596 -0.904596 3.721710
vertex -0.989949 -0.989949 3.728742
vertex -0.888151 -1.082215 3.728742
endloop
endfacet
facet normal 0.0390995 0.0431416 0.998304
outer loop
vertex -0.904596 -0.904596 3.721710
vertex -0.888151 -1.082215 3.728742
vertex -0.815501 -0.993691 3.722071
endloop
endfacet
facet normal 0.034684 0.046766 0.998304
outer loop
vertex -0.513329 -0.768251 3.701012
vertex -0.027779 -0.041573 3.650100
vertex -0.031720 -0.038651 3.650100
endloop
endfacet
facet normal 0.034683 0.0467669 0.998304
outer loop
vertex -0.513329 -0.768251 3.701012
vertex -0.031720 -0.038651 3.650100
vertex -0.577677 -0.703902 3.700233
endloop
endfacet
facet normal 0.0346837 0.0467655 0.998304
outer loop
vertex -0.815501 -0.993691 3.722071
vertex -0.888151 -1.082215 3.728742
vertex -0.777798 -1.164057 3.728742
endloop
endfacet
facet normal 0.0346839 0.0467655 0.998304
outer loop
vertex -0.815501 -0.993691 3.722071
vertex -0.777798 -1.164057 3.728742
vertex -0.724660 -1.084531 3.723170
endloop
endfacet
facet normal 0.0299327 0.0499406 0.998304
outer loop
vertex -0.446409 -0.835172 3.702353
vertex -0.023570 -0.044096 3.650100
vertex -0.027779 -0.041573 3.650100
endloop
endfacet
facet normal 0.029934 0.0499401 0.998304
outer loop
vertex -0.446409 -0.835172 3.702353
vertex -0.027779 -0.041573 3.650100
vertex -0.513329 -0.768251 3.701012
endloop
endfacet
facet normal 0.0299329 0.0499401 0.998304
outer loop
vertex -0.724660 -1.084531 3.723170
vertex -0.777798 -1.164057 3.728742
vertex -0.659955 -1.234690 3.728742
endloop
endfacet
facet normal 0.029933 0.0499401 0.998304
outer loop
vertex -0.724660 -1.084531 3.723170
vertex -0.659955 -1.234690 3.728742
vertex -0.630189 -1.179001 3.725064
endloop
endfacet
facet normal 0.0248942 0.0526341 0.998304
outer loop
vertex -0.375366 -0.906214 3.704327
vertex -0.019134 -0.046194 3.650100
vertex -0.023570 -0.044096 3.650100
endloop
endfacet
facet normal 0.0248938 0.0526342 0.998304
outer loop
vertex -0.375366 -0.906214 3.704327
vertex -0.023570 -0.044096 3.650100
vertex -0.446409 -0.835172 3.702353
endloop
endfacet
facet normal 0.0248939 0.0526336 0.998304
outer loop
vertex -0.630189 -1.179001 3.725064
vertex -0.659955 -1.234690 3.728742
vertex -0.535757 -1.293431 3.728742
endloop
endfacet
facet normal 0.0248983 0.0526372 0.998303
outer loop
vertex -0.630189 -1.179001 3.725064
vertex -0.535757 -1.293431 3.728742
vertex -0.529899 -1.279291 3.727850
endloop
endfacet
facet normal 0.0196157 0.054821 0.998304
outer loop
vertex -0.298281 -0.983300 3.707045
vertex -0.014514 -0.047847 3.650100
vertex -0.019134 -0.046194 3.650100
endloop
endfacet
facet normal 0.0196152 0.0548206 0.998304
outer loop
vertex -0.298281 -0.983300 3.707045
vertex -0.019134 -0.046194 3.650100
vertex -0.375366 -0.906214 3.704327
endloop
endfacet
facet normal 0.0196167 0.0548249 0.998303
outer loop
vertex -0.529899 -1.279291 3.727850
vertex -0.535757 -1.293431 3.728742
vertex -0.504616 -1.304574 3.728742
endloop
endfacet
facet normal 0.0141472 0.0564793 0.998304
outer loop
vertex -0.212628 -1.068953 3.710677
vertex -0.009755 -0.049039 3.650100
vertex -0.014514 -0.047847 3.650100
endloop
endfacet
facet normal 0.014147 0.0564794 0.998304
outer loop
vertex -0.212628 -1.068953 3.710677
vertex -0.014514 -0.047847 3.650100
vertex -0.298281 -0.983300 3.707045
endloop
endfacet
facet normal 0.00854365 0.0575941 0.998303
outer loop
vertex -0.114907 -1.166674 3.715479
vertex -0.004901 -0.049759 3.650100
vertex -0.009755 -0.049039 3.650100
endloop
endfacet
facet normal 0.00854258 0.0575942 0.998303
outer loop
vertex -0.114907 -1.166674 3.715479
vertex -0.009755 -0.049039 3.650100
vertex -0.212628 -1.068953 3.710677
endloop
endfacet
facet normal 0.00285648 0.0581541 0.998304
outer loop
vertex -0.000000 -1.281582 3.721844
vertex -0.000000 -0.050000 3.650100
vertex -0.004901 -0.049759 3.650100
endloop
endfacet
facet normal 0.00285739 0.0581541 0.998304
outer loop
vertex -0.000000 -1.281582 3.721844
vertex -0.004901 -0.049759 3.650100
vertex -0.114907 -1.166674 3.715479
endloop
endfacet
facet normal -0.00285684 0.0581537 0.998304
outer loop
vertex -0.000000 -1.281582 3.721844
vertex 0.112873 -1.394455 3.728742
vertex 0.137224 -1.393259 3.728742
endloop
endfacet
facet normal -0.00285662 0.0581542 0.998304
outer loop
vertex 0.137224 -1.393259 3.728742
vertex 0.004901 -0.049759 3.650100
vertex -0.000000 -0.050000 3.650100
endloop
endfacet
facet normal -0.00285651 0.0581541 0.998304
outer loop
vertex 0.137224 -1.393259 3.728742
vertex -0.000000 -0.050000 3.650100
vertex -0.000000 -1.281582 3.721844
endloop
endfacet
facet normal -0.00854351 0.0575939 0.998304
outer loop
vertex 0.269086 -1.352785 3.727535
vertex 0.009755 -0.049039 3.650100
vertex 0.004901 -0.049759 3.650100
endloop
endfacet
facet normal -0.0085439 0.0575938 0.998304
outer loop
vertex 0.004901 -0.049759 3.650100
vertex 0.137224 -1.393259 3.728742
vertex 0.142790 -1.392433 3.728742
endloop
endfacet
facet normal -0.00854283 0.0575941 0.998304
outer loop
vertex 0.004901 -0.049759 3.650100
vertex 0.142790 -1.392433 3.728742
vertex 0.269086 -1.352785 3.727535
endloop
endfacet
facet normal -0.0141473 0.0564793 0.998304
outer loop
vertex 0.014514 -0.047847 3.650100
vertex 0.009755 -0.049039 3.650100
vertex 0.269086 -1.352785 3.727535
endloop
endfacet
facet normal -0.0141474 0.0564792 0.998304
outer loop
vertex 0.014514 -0.047847 3.650100
vertex 0.269086 -1.352785 3.727535
vertex 0.398079 -1.312289 3.727072
endloop
endfacet
facet normal -0.0196152 0.0548206 0.998303
outer loop
vertex 0.019134 -0.046194 3.650100
vertex 0.014514 -0.047847 3.650100
vertex 0.398079 -1.312289 3.727072
endloop
endfacet
facet normal -0.0196152 0.0548206 0.998304
outer loop
vertex 0.019134 -0.046194 3.650100
vertex 0.398079 -1.312289 3.727072
vertex 0.526826 -1.271871 3.727382
endloop
endfacet
facet normal -0.024894 0.052634 0.998304
outer loop
vertex 0.023570 -0.044096 3.650100
vertex 0.019134 -0.046194 3.650100
vertex 0.526826 -1.271871 3.727382
endloop
endfacet
facet normal -0.0248947 0.0526338 0.998304
outer loop
vertex 0.023570 -0.044096 3.650100
vertex 0.526826 -1.271871 3.727382
vertex 0.657844 -1.230740 3.728481
endloop
endfacet
facet normal -0.0299286 0.0499329 0.998304
outer loop
vertex 0.657844 -1.230740 3.728481
vertex 0.676113 -1.225005 3.728742
vertex 0.777798 -1.164057 3.728742
endloop
endfacet
facet normal -0.0299331 0.0499406 0.998303
outer loop
vertex 0.777798 -1.164057 3.728742
vertex 0.027779 -0.041573 3.650100
vertex 0.023570 -0.044096 3.650100
endloop
endfacet
facet normal -0.0299329 0.0499408 0.998304
outer loop
vertex 0.777798 -1.164057 3.728742
vertex 0.023570 -0.044096 3.650100
vertex 0.657844 -1.230740 3.728481
endloop
endfacet
facet normal -0.0346842 0.0467661 0.998304
outer loop
vertex 0.777798 -1.164057 3.728742
vertex 0.888151 -1.082215 3.728742
vertex 0.031720 -0.038651 3.650100
endloop
endfacet
facet normal -0.0346848 0.046766 0.998303
outer loop
vertex 0.777798 -1.164057 3.728742
vertex 0.031720 -0.038651 3.650100
vertex 0.027779 -0.041573 3.650100
endloop
endfacet
facet normal -0.039101 0.0431413 0.998304
outer loop
vertex 0.888151 -1.082215 3.728742
vertex 0.989949 -0.989949 3.728742
vertex 0.035355 -0.035355 3.650100
endloop
endfacet
facet normal -0.039101 0.0431414 0.998303
outer loop
vertex 0.888151 -1.082215 3.728742
vertex 0.035355 -0.035355 3.650100
vertex 0.031720 -0.038651 3.650100
endloop
endfacet
facet normal -0.0431417 0.039101 0.998303
outer loop
vertex 0.313655 -0.257410 3.670825
vertex 0.038651 -0.031720 3.650100
vertex 0.035355 -0.035355 3.650100
endloop
endfacet
facet normal -0.0431414 0.0391009 0.998303
outer loop
vertex 0.035355 -0.035355 3.650100
vertex 0.989949 -0.989949 3.728742
vertex 1.016689 -0.960447 3.728742
endloop
endfacet
facet normal -0.043144 0.0390981 0.998304
outer loop
vertex 0.035355 -0.035355 3.650100
vertex 1.016689 -0.960447 3.728742
vertex 0.313655 -0.257410 3.670825
endloop
endfacet
facet normal -0.0467657 0.0346837 0.998304
outer loop
vertex 0.169506 -0.113260 3.659063
vertex 0.041573 -0.027779 3.650100
vertex 0.038651 -0.031720 3.650100
endloop
endfacet
facet normal -0.0467622 0.0346894 0.998304
outer loop
vertex 0.169506 -0.113260 3.659063
vertex 0.038651 -0.031720 3.650100
vertex 0.313655 -0.257410 3.670825
endloop
endfacet
facet normal -0.0499403 0.0299331 0.998304
outer loop
vertex 0.120832 -0.064586 3.655169
vertex 0.044096 -0.023570 3.650100
vertex 0.041573 -0.027779 3.650100
endloop
endfacet
facet normal -0.0499412 0.0299314 0.998304
outer loop
vertex 0.120832 -0.064586 3.655169
vertex 0.041573 -0.027779 3.650100
vertex 0.169506 -0.113260 3.659063
endloop
endfacet
facet normal -0.0526322 0.0248932 0.998304
outer loop
vertex 0.096018 -0.039772 3.653242
vertex 0.046194 -0.019134 3.650100
vertex 0.044096 -0.023570 3.650100
endloop
endfacet
facet normal -0.0526294 0.0249023 0.998304
outer loop
vertex 0.096018 -0.039772 3.653242
vertex 0.044096 -0.023570 3.650100
vertex 0.120832 -0.064586 3.655169
endloop
endfacet
facet normal -0.0526338 0.0248939 0.998304
outer loop
vertex 1.236746 -0.655608 3.728742
vertex 1.293431 -0.535757 3.728742
vertex 0.992395 -0.411064 3.709761
endloop
endfacet
facet normal -0.0548225 0.0196158 0.998303
outer loop
vertex 0.080737 -0.024491 3.652103
vertex 0.047847 -0.014514 3.650100
vertex 0.046194 -0.019134 3.650100
endloop
endfacet
facet normal -0.0548251 0.0195991 0.998304
outer loop
vertex 0.080737 -0.024491 3.652103
vertex 0.046194 -0.019134 3.650100
vertex 0.096018 -0.039772 3.653242
endloop
endfacet
facet normal -0.0548204 0.019615 0.998304
outer loop
vertex 0.992395 -0.411064 3.709761
vertex 1.293431 -0.535757 3.728742
vertex 1.339716 -0.406399 3.728742
endloop
endfacet
facet normal -0.0548204 0.0196167 0.998303
outer loop
vertex 0.992395 -0.411064 3.709761
vertex 1.339716 -0.406399 3.728742
vertex 0.834643 -0.253186 3.697996
endloop
endfacet
facet normal -0.0564846 0.0141486 0.998303
outer loop
vertex 0.070212 -0.013966 3.651358
vertex 0.049039 -0.009755 3.650100
vertex 0.047847 -0.014514 3.650100
endloop
endfacet
facet normal -0.0564844 0.0141374 0.998303
outer loop
vertex 0.070212 -0.013966 3.651358
vertex 0.047847 -0.014514 3.650100
vertex 0.080737 -0.024491 3.652103
endloop
endfacet
facet normal -0.0564795 0.0141474 0.998304
outer loop
vertex 0.834643 -0.253186 3.697996
vertex 1.339716 -0.406399 3.728742
vertex 1.373099 -0.273126 3.728742
endloop
endfacet
facet normal -0.0564795 0.0141465 0.998304
outer loop
vertex 0.834643 -0.253186 3.697996
vertex 1.373099 -0.273126 3.728742
vertex 0.725942 -0.144399 3.690305
endloop
endfacet
facet normal -0.0575892 0.00854254 0.998304
outer loop
vertex 0.062391 -0.006145 3.650840
vertex 0.049759 -0.004901 3.650100
vertex 0.049039 -0.009755 3.650100
endloop
endfacet
facet normal -0.0575953 0.00856506 0.998303
outer loop
vertex 0.062391 -0.006145 3.650840
vertex 0.049039 -0.009755 3.650100
vertex 0.070212 -0.013966 3.651358
endloop
endfacet
facet normal -0.0575941 0.00854324 0.998304
outer loop
vertex 0.725942 -0.144399 3.690305
vertex 1.373099 -0.273126 3.728742
vertex 1.393259 -0.137224 3.728742
endloop
endfacet
facet normal -0.0575941 0.00854218 0.998304
outer loop
vertex 0.725942 -0.144399 3.690305
vertex 1.393259 -0.137224 3.728742
vertex 0.645150 -0.063542 3.684952
endloop
endfacet
facet normal -0.0581502 0.00285676 0.998304
outer loop
vertex 0.056246 0.000000 3.650464
vertex 0.050000 0.000000 3.650100
vertex 0.049759 -0.004901 3.650100
endloop
endfacet
facet normal -0.0581493 0.00285557 0.998304
outer loop
vertex 0.056246 0.000000 3.650464
vertex 0.049759 -0.004901 3.650100
vertex 0.062391 -0.006145 3.650840
endloop
endfacet
facet normal -0.058154 0.00285692 0.998304
outer loop
vertex 0.645150 -0.063542 3.684952
vertex 1.393259 -0.137224 3.728742
vertex 1.400000 0.000000 3.728742
endloop
endfacet
facet normal -0.0581542 0.00285863 0.998304
outer loop
vertex 0.645150 -0.063542 3.684952
vertex 1.400000 0.000000 3.728742
vertex 0.581658 0.000000 3.681071
endloop
endfacet
facet normal 0 0 -1
outer loop
vertex -6.783769 -8.583739 0.000000
vertex -7.033245 -8.494474 0.000000
vertex -7.272771 -8.381187 0.000000
endloop
endfacet
facet normal 0 0 -1
outer loop
vertex -7.272771 -8.381187 0.000000
vertex -7.500040 -8.244968 0.000000
vertex -7.712862 -8.087129 0.000000
endloop
endfacet
facet normal 0 0 -1
outer loop
vertex -7.712862 -8.087129 0.000000
vertex -7.909188 -7.909188 0.000000
vertex -8.087129 -7.712862 0.000000
endloop
endfacet
facet normal 0 0 -1
outer loop
vertex -8.087129 -7.712862 0.000000
vertex -8.244968 -7.500040 0.000000
vertex -8.381187 -7.272771 0.000000
endloop
endfacet
facet normal 0 0 -1
outer loop
vertex -8.381187 -7.272771 0.000000
vertex -8.494474 -7.033245 0.000000
vertex -8.583739 -6.783769 0.000000
endloop
endfacet
facet normal 0 0 -1
outer loop
vertex -8.583739 -6.783769 0.000000
vertex -8.648120 -6.526744 0.000000
vertex -8.686998 -6.264646 0.000000
endloop
endfacet
facet normal 0 0 -1
outer loop
vertex -8.686998 -6.264646 0.000000
vertex -8.700000 -6.000000 0.000000
vertex -8.700000 6.000000 0.000000
endloop
endfacet
facet normal 0 0 -1
outer loop
vertex -8.700000 6.000000 0.000000
vertex -8.686998 6.264646 0.000000
vertex -8.648120 6.526744 0.000000
endloop
endfacet
facet normal 0 0 -1
outer loop
vertex -8.648120 6.526744 0.000000
vertex -8.583739 6.783769 0.000000
vertex -8.494474 7.033245 0.000000
endloop
endfacet
facet normal 0 0 -1
outer loop
vertex -8.494474 7.033245 0.000000
vertex -8.381187 7.272771 0.000000
vertex -8.244968 7.500040 0.000000
endloop
endfacet
facet normal 0 0 -1
outer loop
vertex -8.244968 7.500040 0.000000
vertex -8.087129 7.712862 0.000000
vertex -7.909188 7.909188 0.000000
endloop
endfacet
facet normal 0 0 -1
outer loop
vertex -7.909188 7.909188 0.000000
vertex -7.712862 8.087129 0.000000
vertex -7.500040 8.244968 0.000000
endloop
endfacet
facet normal 0 0 -1
outer loop
vertex -7.500040 8.244968 0.000000
vertex -7.272771 8.381187 0.000000
vertex -7.033245 8.494474 0.000000
endloop
endfacet
facet normal 0 0 -1
outer loop
vertex -7.033245 8.494474 0.000000
vertex -6.783769 8.583739 0.000000
vertex -6.526744 8.648120 0.000000
endloop
endfacet
facet normal 0 0 -1
outer loop
vertex -6.526744 8.648120 0.000000
vertex -6.264646 8.686998 0.000000
vertex -6.000000 8.700000 0.000000
endloop
endfacet
facet normal 0 0 -1
outer loop
vertex -6.000000 8.700000 0.000000
vertex 6.000000 8.700000 0.000000
vertex 6.264646 8.686998 0.000000
endloop
endfacet
facet normal 0 0 -1
outer loop
vertex 6.264646 8.686998 0.000000
vertex 6.526744 8.648120 0.000000
vertex 6.783769 8.583739 0.000000
endloop
endfacet
facet normal 0 -0 -1
outer loop
vertex 6.783769 8.583739 0.000000
vertex 7.033245 8.494474 0.000000
vertex 6.278492 7.304803 0.000000
endloop
endfacet
facet normal 0 0 -1
outer loop
vertex 6.783769 8.583739 0.000000
vertex 6.278492 7.304803 0.000000
vertex 6.056709 7.409699 0.000000
endloop
endfacet
facet normal 0 0 -1
outer loop
vertex -6.000000 8.700000 0.000000
vertex 6.264646 8.686998 0.000000
vertex 6.783769 8.583739 0.000000
endloop
endfacet
facet normal 0 0 -1
outer loop
vertex -7.033245 8.494474 0.000000
vertex -6.526744 8.648120 0.000000
vertex -6.000000 8.700000 0.000000
endloop
endfacet
facet normal 0 0 -1
outer loop
vertex -7.909188 7.909188 0.000000
vertex -7.500040 8.244968 0.000000
vertex -7.033245 8.494474 0.000000
endloop
endfacet
facet normal 0 0 -1
outer loop
vertex -8.494474 7.033245 0.000000
vertex -8.244968 7.500040 0.000000
vertex -7.909188 7.909188 0.000000
endloop
endfacet
facet normal 0 0 -1
outer loop
vertex -8.700000 6.000000 0.000000
vertex -8.648120 6.526744 0.000000
vertex -8.494474 7.033245 0.000000
endloop
endfacet
facet normal 0 0 -1
outer loop
vertex -8.583739 -6.783769 0.000000
vertex -8.686998 -6.264646 0.000000
vertex -8.700000 6.000000 0.000000
endloop
endfacet
facet normal 0 0 -1
outer loop
vertex -8.087129 -7.712862 0.000000
vertex -8.381187 -7.272771 0.000000
vertex -8.583739 -6.783769 0.000000
endloop
endfacet
facet normal 0 0 -1
outer loop
vertex -7.272771 -8.381187 0.000000
vertex -7.712862 -8.087129 0.000000
vertex -8.087129 -7.712862 0.000000
endloop
endfacet
facet normal 0 0 -1
outer loop
vertex -6.526744 -8.648120 0.000000
vertex -6.783769 -8.583739 0.000000
vertex -7.272771 -8.381187 0.000000
endloop
endfacet
facet normal 0 0 -1
outer loop
vertex -6.000000 -8.700000 0.000000
vertex -6.264646 -8.686998 0.000000
vertex -6.526744 -8.648120 0.000000
endloop
endfacet
facet normal 0 0 -1
outer loop
vertex 6.264646 -8.686998 0.000000
vertex 6.000000 -8.700000 0.000000
vertex -6.000000 -8.700000 0.000000
endloop
endfacet
facet normal 0 0 -1
outer loop
vertex 6.783769 -8.583739 0.000000
vertex 6.526744 -8.648120 0.000000
vertex 6.264646 -8.686998 0.000000
endloop
endfacet
facet normal 0 0 -1
outer loop
vertex 7.272771 -8.381187 0.000000
vertex 7.033245 -8.494474 0.000000
vertex 6.783769 -8.583739 0.000000
endloop
endfacet
facet normal 0 0 -1
outer loop
vertex 7.712862 -8.087129 0.000000
vertex 7.500040 -8.244968 0.000000
vertex 7.272771 -8.381187 0.000000
endloop
endfacet
facet normal 0 0 -1
outer loop
vertex 8.087129 -7.712862 0.000000
vertex 7.909188 -7.909188 0.000000
vertex 7.712862 -8.087129 0.000000
endloop
endfacet
facet normal 0 0 -1
outer loop
vertex 8.381187 -7.272771 0.000000
vertex 8.244968 -7.500040 0.000000
vertex 8.087129 -7.712862 0.000000
endloop
endfacet
facet normal 0 0 -1
outer loop
vertex 8.583739 -6.783769 0.000000
vertex 8.494474 -7.033245 0.000000
vertex 8.381187 -7.272771 0.000000
endloop
endfacet
facet normal 0 0 -1
outer loop
vertex 8.686998 -6.264646 0.000000
vertex 8.648120 -6.526744 0.000000
vertex 8.583739 -6.783769 0.000000
endloop
endfacet
facet normal 0 -0 -1
outer loop
vertex 8.700000 6.000000 0.000000
vertex 8.700000 -6.000000 0.000000
vertex 8.686998 -6.264646 0.000000
endloop
endfacet
facet normal 0 0 -1
outer loop
vertex 8.648120 6.526744 0.000000
vertex 8.686998 6.264646 0.000000
vertex 8.700000 6.000000 0.000000
endloop
endfacet
facet normal 0 0 -1
outer loop
vertex 8.494474 7.033245 0.000000
vertex 8.583739 6.783769 0.000000
vertex 8.648120 6.526744 0.000000
endloop
endfacet
facet normal 0 0 -1
outer loop
vertex 7.304803 6.278492 0.000000
vertex 7.275242 6.327812 0.000000
vertex 8.494474 7.033245 0.000000
endloop
endfacet
facet normal 0 0 -1
outer loop
vertex 7.409699 6.056709 0.000000
vertex 7.304803 6.278492 0.000000
vertex 8.494474 7.033245 0.000000
endloop
endfacet
facet normal 0 0 -1
outer loop
vertex 8.494474 7.033245 0.000000
vertex 8.648120 6.526744 0.000000
vertex 8.700000 6.000000 0.000000
endloop
endfacet
facet normal 0 0 -1
outer loop
vertex 8.700000 6.000000 0.000000
vertex 8.686998 -6.264646 0.000000
vertex 8.583739 -6.783769 0.000000
endloop
endfacet
facet normal 0 0 -1
outer loop
vertex 8.583739 -6.783769 0.000000
vertex 8.381187 -7.272771 0.000000
vertex 8.087129 -7.712862 0.000000
endloop
endfacet
facet normal 0 0 -1
outer loop
vertex 8.087129 -7.712862 0.000000
vertex 7.712862 -8.087129 0.000000
vertex 7.272771 -8.381187 0.000000
endloop
endfacet
facet normal 0 0 -1
outer loop
vertex 7.272771 -8.381187 0.000000
vertex 6.783769 -8.583739 0.000000
vertex 6.264646 -8.686998 0.000000
endloop
endfacet
facet normal -0 0 -1
outer loop
vertex 6.264646 -8.686998 0.000000
vertex -6.000000 -8.700000 0.000000
vertex -6.526744 -8.648120 0.000000
endloop
endfacet
facet normal 0 0 -1
outer loop
vertex -6.526744 -8.648120 0.000000
vertex -7.272771 -8.381187 0.000000
vertex -8.087129 -7.712862 0.000000
endloop
endfacet
facet normal 0 0 -1
outer loop
vertex -8.087129 -7.712862 0.000000
vertex -8.583739 -6.783769 0.000000
vertex -8.700000 6.000000 0.000000
endloop
endfacet
facet normal 0 0 -1
outer loop
vertex -8.700000 6.000000 0.000000
vertex -8.494474 7.033245 0.000000
vertex -7.909188 7.909188 0.000000
endloop
endfacet
facet normal 0 0 -1
outer loop
vertex -7.909188 7.909188 0.000000
vertex -7.033245 8.494474 0.000000
vertex -6.000000 8.700000 0.000000
endloop
endfacet
facet normal 0 0 -1
outer loop
vertex 6.783769 8.583739 0.000000
vertex 6.056709 7.409699 0.000000
vertex 5.825712 7.492351 0.000000
endloop
endfacet
facet normal 0 0 -1
outer loop
vertex 6.783769 8.583739 0.000000
vertex 5.825712 7.492351 0.000000
vertex 5.587726 7.551963 0.000000
endloop
endfacet
facet normal 0 0 -1
outer loop
vertex -7.909188 7.909188 0.000000
vertex -6.000000 8.700000 0.000000
vertex 6.783769 8.583739 0.000000
endloop
endfacet
facet normal 0 0 -1
outer loop
vertex -8.087129 -7.712862 0.000000
vertex -8.700000 6.000000 0.000000
vertex -7.909188 7.909188 0.000000
endloop
endfacet
facet normal 0 0 -1
outer loop
vertex 6.264646 -8.686998 0.000000
vertex -6.526744 -8.648120 0.000000
vertex -8.087129 -7.712862 0.000000
endloop
endfacet
facet normal 0 0 -1
outer loop
vertex 8.087129 -7.712862 0.000000
vertex 7.272771 -8.381187 0.000000
vertex 6.264646 -8.686998 0.000000
endloop
endfacet
facet normal 0 0 -1
outer loop
vertex 8.700000 6.000000 0.000000
vertex 8.583739 -6.783769 0.000000
vertex 8.087129 -7.712862 0.000000
endloop
endfacet
facet normal 0 0 -1
outer loop
vertex 7.409699 6.056709 0.000000
vertex 8.494474 7.033245 0.000000
vertex 8.700000 6.000000 0.000000
endloop
endfacet
facet normal 0 0 -1
outer loop
vertex 7.492351 5.825712 0.000000
vertex 7.409699 6.056709 0.000000
vertex 8.700000 6.000000 0.000000
endloop
endfacet
facet normal -0 0 -1
outer loop
vertex 8.087129 -7.712862 0.000000
vertex 6.264646 -8.686998 0.000000
vertex -8.087129 -7.712862 0.000000
endloop
endfacet
facet normal 0 0 -1
outer loop
vertex 6.783769 8.583739 0.000000
vertex 5.587726 7.551963 0.000000
vertex 5.345043 7.587962 0.000000
endloop
endfacet
facet normal 0 0 -1
outer loop
vertex 6.783769 8.583739 0.000000
vertex 5.345043 7.587962 0.000000
vertex 5.100000 7.600000 0.000000
endloop
endfacet
facet normal 0 0 -1
outer loop
vertex 7.551963 5.587726 0.000000
vertex 7.492351 5.825712 0.000000
vertex 8.700000 6.000000 0.000000
endloop
endfacet
facet normal 0 0 -1
outer loop
vertex 7.587962 5.345043 0.000000
vertex 7.551963 5.587726 0.000000
vertex 8.700000 6.000000 0.000000
endloop
endfacet
facet normal 0 0 -1
outer loop
vertex -7.909188 7.909188 0.000000
vertex 6.783769 8.583739 0.000000
vertex 5.100000 7.600000 0.000000
endloop
endfacet
facet normal 0 0 -1
outer loop
vertex -7.909188 7.909188 0.000000
vertex 5.100000 7.600000 0.000000
vertex -5.100000 7.600000 0.000000
endloop
endfacet
facet normal 0 0 -1
outer loop
vertex 7.600000 5.100000 0.000000
vertex 7.587962 5.345043 0.000000
vertex 8.700000 6.000000 0.000000
endloop
endfacet
facet normal 0 0 -1
outer loop
vertex 7.600000 -5.100000 0.000000
vertex 7.600000 5.100000 0.000000
vertex 8.700000 6.000000 0.000000
endloop
endfacet
facet normal 0 0 -1
outer loop
vertex -7.909188 7.909188 0.000000
vertex -5.100000 7.600000 0.000000
vertex -5.345043 7.587962 0.000000
endloop
endfacet
facet normal 0 0 -1
outer loop
vertex -7.909188 7.909188 0.000000
vertex -5.345043 7.587962 0.000000
vertex -5.587726 7.551963 0.000000
endloop
endfacet
facet normal 0 0 -1
outer loop
vertex 7.600000 -5.100000 0.000000
vertex 8.700000 6.000000 0.000000
vertex 8.087129 -7.712862 0.000000
endloop
endfacet
facet normal 0 0 -1
outer loop
vertex 7.587962 -5.345043 0.000000
vertex 7.600000 -5.100000 0.000000
vertex 8.087129 -7.712862 0.000000
endloop
endfacet
facet normal 0 0 -1
outer loop
vertex -7.909188 7.909188 0.000000
vertex -5.587726 7.551963 0.000000
vertex -5.825712 7.492351 0.000000
endloop
endfacet
facet normal 0 0 -1
outer loop
vertex -7.909188 7.909188 0.000000
vertex -5.825712 7.492351 0.000000
vertex -6.056709 7.409699 0.000000
endloop
endfacet
facet normal 0 0 -1
outer loop
vertex 7.551963 -5.587726 0.000000
vertex 7.587962 -5.345043 0.000000
vertex 8.087129 -7.712862 0.000000
endloop
endfacet
facet normal 0 0 -1
outer loop
vertex 7.492351 -5.825712 0.000000
vertex 7.551963 -5.587726 0.000000
vertex 8.087129 -7.712862 0.000000
endloop
endfacet
facet normal 0 0 -1
outer loop
vertex -7.909188 7.909188 0.000000
vertex -6.056709 7.409699 0.000000
vertex -6.278492 7.304803 0.000000
endloop
endfacet
facet normal 0 0 -1
outer loop
vertex -7.909188 7.909188 0.000000
vertex -6.278492 7.304803 0.000000
vertex -6.488925 7.178674 0.000000
endloop
endfacet
facet normal 0 0 -1
outer loop
vertex 7.409699 -6.056709 0.000000
vertex 7.492351 -5.825712 0.000000
vertex 8.087129 -7.712862 0.000000
endloop
endfacet
facet normal 0 0 -1
outer loop
vertex 7.304803 -6.278492 0.000000
vertex 7.409699 -6.056709 0.000000
vertex 8.087129 -7.712862 0.000000
endloop
endfacet
facet normal 0 0 -1
outer loop
vertex -7.909188 7.909188 0.000000
vertex -6.488925 7.178674 0.000000
vertex -6.685983 7.032526 0.000000
endloop
endfacet
facet normal 0 0 -1
outer loop
vertex -7.909188 7.909188 0.000000
vertex -6.685983 7.032526 0.000000
vertex -6.867767 6.867767 0.000000
endloop
endfacet
facet normal 0 0 -1
outer loop
vertex 7.178674 -6.488925 0.000000
vertex 7.304803 -6.278492 0.000000
vertex 8.087129 -7.712862 0.000000
endloop
endfacet
facet normal 0 0 -1
outer loop
vertex 7.032526 -6.685983 0.000000
vertex 7.178674 -6.488925 0.000000
vertex 8.087129 -7.712862 0.000000
endloop
endfacet
facet normal 0 0 -1
outer loop
vertex -7.909188 7.909188 0.000000
vertex -6.867767 6.867767 0.000000
vertex -7.032526 6.685983 0.000000
endloop
endfacet
facet normal 0 0 -1
outer loop
vertex -7.909188 7.909188 0.000000
vertex -7.032526 6.685983 0.000000
vertex -7.178674 6.488925 0.000000
endloop
endfacet
facet normal 0 0 -1
outer loop
vertex 6.867767 -6.867767 0.000000
vertex 7.032526 -6.685983 0.000000
vertex 8.087129 -7.712862 0.000000
endloop
endfacet
facet normal 0 0 -1
outer loop
vertex 6.685983 -7.032526 0.000000
vertex 6.867767 -6.867767 0.000000
vertex 8.087129 -7.712862 0.000000
endloop
endfacet
facet normal 0 0 -1
outer loop
vertex -7.909188 7.909188 0.000000
vertex -7.178674 6.488925 0.000000
vertex -7.304803 6.278492 0.000000
endloop
endfacet
facet normal 0 0 -1
outer loop
vertex -7.909188 7.909188 0.000000
vertex -7.304803 6.278492 0.000000
vertex -7.409699 6.056709 0.000000
endloop
endfacet
facet normal 0 0 -1
outer loop
vertex 6.488925 -7.178674 0.000000
vertex 6.685983 -7.032526 0.000000
vertex 8.087129 -7.712862 0.000000
endloop
endfacet
facet normal 0 0 -1
outer loop
vertex 6.278492 -7.304803 0.000000
vertex 6.488925 -7.178674 0.000000
vertex 8.087129 -7.712862 0.000000
endloop
endfacet
facet normal 0 0 -1
outer loop
vertex -7.909188 7.909188 0.000000
vertex -7.409699 6.056709 0.000000
vertex -7.492351 5.825712 0.000000
endloop
endfacet
facet normal 0 0 -1
outer loop
vertex -7.909188 7.909188 0.000000
vertex -7.492351 5.825712 0.000000
vertex -7.551963 5.587726 0.000000
endloop
endfacet
facet normal 0 0 -1
outer loop
vertex 6.056709 -7.409699 0.000000
vertex 6.278492 -7.304803 0.000000
vertex 8.087129 -7.712862 0.000000
endloop
endfacet
facet normal 0 0 -1
outer loop
vertex 5.825712 -7.492351 0.000000
vertex 6.056709 -7.409699 0.000000
vertex 8.087129 -7.712862 0.000000
endloop
endfacet
facet normal 0 0 -1
outer loop
vertex -7.909188 7.909188 0.000000
vertex -7.551963 5.587726 0.000000
vertex -7.587962 5.345043 0.000000
endloop
endfacet
facet normal 0 0 -1
outer loop
vertex -7.909188 7.909188 0.000000
vertex -7.587962 5.345043 0.000000
vertex -7.600000 5.100000 0.000000
endloop
endfacet
facet normal 0 0 -1
outer loop
vertex 5.587726 -7.551963 0.000000
vertex 5.825712 -7.492351 0.000000
vertex 8.087129 -7.712862 0.000000
endloop
endfacet
facet normal 0 0 -1
outer loop
vertex 5.345043 -7.587962 0.000000
vertex 5.587726 -7.551963 0.000000
vertex 8.087129 -7.712862 0.000000
endloop
endfacet
facet normal 0 0 -1
outer loop
vertex -8.087129 -7.712862 0.000000
vertex -7.909188 7.909188 0.000000
vertex -7.600000 5.100000 0.000000
endloop
endfacet
facet normal 0 0 -1
outer loop
vertex -8.087129 -7.712862 0.000000
vertex -7.600000 5.100000 0.000000
vertex -7.600000 -5.100000 0.000000
endloop
endfacet
facet normal 0 0 -1
outer loop
vertex 5.100000 -7.600000 0.000000
vertex 5.345043 -7.587962 0.000000
vertex 8.087129 -7.712862 0.000000
endloop
endfacet
facet normal 0 0 -1
outer loop
vertex -5.100000 -7.600000 0.000000
vertex 5.100000 -7.600000 0.000000
vertex 8.087129 -7.712862 0.000000
endloop
endfacet
facet normal 0 0 -1
outer loop
vertex -8.087129 -7.712862 0.000000
vertex -7.600000 -5.100000 0.000000
vertex -7.587962 -5.345043 0.000000
endloop
endfacet
facet normal 0 0 -1
outer loop
vertex -8.087129 -7.712862 0.000000
vertex -7.587962 -5.345043 0.000000
vertex -7.551963 -5.587726 0.000000
endloop
endfacet
facet normal 0 -0 -1
outer loop
vertex -5.100000 -7.600000 0.000000
vertex 8.087129 -7.712862 0.000000
vertex -8.087129 -7.712862 0.000000
endloop
endfacet
facet normal 0 -0 -1
outer loop
vertex -5.345043 -7.587962 0.000000
vertex -5.100000 -7.600000 0.000000
vertex -8.087129 -7.712862 0.000000
endloop
endfacet
facet normal 0 0 -1
outer loop
vertex -8.087129 -7.712862 0.000000
vertex -7.551963 -5.587726 0.000000
vertex -7.492351 -5.825712 0.000000
endloop
endfacet
facet normal 0 0 -1
outer loop
vertex -8.087129 -7.712862 0.000000
vertex -7.492351 -5.825712 0.000000
vertex -7.409699 -6.056709 0.000000
endloop
endfacet
facet normal 0 -0 -1
outer loop
vertex -5.587726 -7.551963 0.000000
vertex -5.345043 -7.587962 0.000000
vertex -8.087129 -7.712862 0.000000
endloop
endfacet
facet normal 0 -0 -1
outer loop
vertex -5.825712 -7.492351 0.000000
vertex -5.587726 -7.551963 0.000000
vertex -8.087129 -7.712862 0.000000
endloop
endfacet
facet normal 0 0 -1
outer loop
vertex -8.087129 -7.712862 0.000000
vertex -7.409699 -6.056709 0.000000
vertex -7.304803 -6.278492 0.000000
endloop
endfacet
facet normal 0 0 -1
outer loop
vertex -8.087129 -7.712862 0.000000
vertex -7.304803 -6.278492 0.000000
vertex -7.178674 -6.488925 0.000000
endloop
endfacet
facet normal 0 -0 -1
outer loop
vertex -6.056709 -7.409699 0.000000
vertex -5.825712 -7.492351 0.000000
vertex -8.087129 -7.712862 0.000000
endloop
endfacet
facet normal 0 -0 -1
outer loop
vertex -6.278492 -7.304803 0.000000
vertex -6.056709 -7.409699 0.000000
vertex -8.087129 -7.712862 0.000000
endloop
endfacet
facet normal 0 0 -1
outer loop
vertex -8.087129 -7.712862 0.000000
vertex -7.178674 -6.488925 0.000000
vertex -7.032526 -6.685983 0.000000
endloop
endfacet
facet normal 0 0 -1
outer loop
vertex -8.087129 -7.712862 0.000000
vertex -7.032526 -6.685983 0.000000
vertex -6.867767 -6.867767 0.000000
endloop
endfacet
facet normal 0 -0 -1
outer loop
vertex -6.488925 -7.178674 0.000000
vertex -6.278492 -7.304803 0.000000
vertex -8.087129 -7.712862 0.000000
endloop
endfacet
facet normal 0 0 -1
outer loop
vertex -8.087129 -7.712862 0.000000
vertex -6.867767 -6.867767 0.000000
vertex -6.685983 -7.032526 0.000000
endloop
endfacet
facet normal 0 0 -1
outer loop
vertex -8.087129 -7.712862 0.000000
vertex -6.685983 -7.032526 0.000000
vertex -6.488925 -7.178674 0.000000
endloop
endfacet
facet normal 0 0 -1
outer loop
vertex 7.909188 7.909188 0.000000
vertex 8.087129 7.712862 0.000000
vertex 8.244968 7.500040 0.000000
endloop
endfacet
facet normal 0 0 -1
outer loop
vertex 8.244968 7.500040 0.000000
vertex 8.381187 7.272771 0.000000
vertex 8.494474 7.033245 0.000000
endloop
endfacet
facet normal 0 0 -1
outer loop
vertex 8.494474 7.033245 0.000000
vertex 7.275242 6.327812 0.000000
vertex 7.178674 6.488925 0.000000
endloop
endfacet
facet normal 0 0 -1
outer loop
vertex 8.494474 7.033245 0.000000
vertex 7.178674 6.488925 0.000000
vertex 7.032526 6.685983 0.000000
endloop
endfacet
facet normal 0 0 -1
outer loop
vertex 7.909188 7.909188 0.000000
vertex 8.244968 7.500040 0.000000
vertex 8.494474 7.033245 0.000000
endloop
endfacet
facet normal 0 0 -1
outer loop
vertex 7.500040 8.244968 0.000000
vertex 7.712862 8.087129 0.000000
vertex 7.909188 7.909188 0.000000
endloop
endfacet
facet normal 0 0 -1
outer loop
vertex 7.033245 8.494474 0.000000
vertex 7.272771 8.381187 0.000000
vertex 7.500040 8.244968 0.000000
endloop
endfacet
facet normal 0 0 -1
outer loop
vertex 6.488925 7.178674 0.000000
vertex 6.278492 7.304803 0.000000
vertex 7.033245 8.494474 0.000000
endloop
endfacet
facet normal 0 0 -1
outer loop
vertex 6.685983 7.032526 0.000000
vertex 6.488925 7.178674 0.000000
vertex 7.033245 8.494474 0.000000
endloop
endfacet
facet normal 0 0 -1
outer loop
vertex 7.033245 8.494474 0.000000
vertex 7.500040 8.244968 0.000000
vertex 7.909188 7.909188 0.000000
endloop
endfacet
facet normal 0 -0 -1
outer loop
vertex 7.909188 7.909188 0.000000
vertex 8.494474 7.033245 0.000000
vertex 7.032526 6.685983 0.000000
endloop
endfacet
facet normal 0 0 -1
outer loop
vertex 6.867767 6.867767 0.000000
vertex 6.685983 7.032526 0.000000
vertex 7.033245 8.494474 0.000000
endloop
endfacet
facet normal 0 0 -1
outer loop
vertex 7.909188 7.909188 0.000000
vertex 7.032526 6.685983 0.000000
vertex 6.867767 6.867767 0.000000
endloop
endfacet
facet normal 0 0 -1
outer loop
vertex 6.867767 6.867767 0.000000
vertex 7.033245 8.494474 0.000000
vertex 7.909188 7.909188 0.000000
endloop
endfacet
facet normal 0 0 1
outer loop
vertex 0.049483 0.006763 3.650100
vertex 0.006763 0.049483 3.650100
vertex 0.004901 0.049759 3.650100
endloop
endfacet
facet normal 0 0 1
outer loop
vertex 0.004901 0.049759 3.650100
vertex 0.000000 0.050000 3.650100
vertex -0.004901 0.049759 3.650100
endloop
endfacet
facet normal 0 0 1
outer loop
vertex -0.004901 0.049759 3.650100
vertex -0.009755 0.049039 3.650100
vertex -0.014514 0.047847 3.650100
endloop
endfacet
facet normal 0 0 1
outer loop
vertex -0.014514 0.047847 3.650100
vertex -0.019134 0.046194 3.650100
vertex -0.023570 0.044096 3.650100
endloop
endfacet
facet normal 0 0 1
outer loop
vertex -0.023570 0.044096 3.650100
vertex -0.027779 0.041573 3.650100
vertex -0.031720 0.038651 3.650100
endloop
endfacet
facet normal 0 0 1
outer loop
vertex -0.031720 0.038651 3.650100
vertex -0.035355 0.035355 3.650100
vertex -0.038651 0.031720 3.650100
endloop
endfacet
facet normal 0 0 1
outer loop
vertex -0.038651 0.031720 3.650100
vertex -0.041573 0.027779 3.650100
vertex -0.044096 0.023570 3.650100
endloop
endfacet
facet normal 0 0 1
outer loop
vertex -0.044096 0.023570 3.650100
vertex -0.046194 0.019134 3.650100
vertex -0.047847 0.014514 3.650100
endloop
endfacet
facet normal 0 0 1
outer loop
vertex -0.047847 0.014514 3.650100
vertex -0.049039 0.009755 3.650100
vertex -0.049759 0.004901 3.650100
endloop
endfacet
facet normal 0 0 1
outer loop
vertex -0.049759 0.004901 3.650100
vertex -0.050000 0.000000 3.650100
vertex -0.049759 -0.004901 3.650100
endloop
endfacet
facet normal 0 0 1
outer loop
vertex -0.049759 -0.004901 3.650100
vertex -0.049039 -0.009755 3.650100
vertex -0.047847 -0.014514 3.650100
endloop
endfacet
facet normal 0 0 1
outer loop
vertex -0.047847 -0.014514 3.650100
vertex -0.046194 -0.019134 3.650100
vertex -0.044096 -0.023570 3.650100
endloop
endfacet
facet normal 0 0 1
outer loop
vertex -0.044096 -0.023570 3.650100
vertex -0.041573 -0.027779 3.650100
vertex -0.038651 -0.031720 3.650100
endloop
endfacet
facet normal 0 0 1
outer loop
vertex -0.038651 -0.031720 3.650100
vertex -0.035355 -0.035355 3.650100
vertex -0.031720 -0.038651 3.650100
endloop
endfacet
facet normal 0 0 1
outer loop
vertex -0.031720 -0.038651 3.650100
vertex -0.027779 -0.041573 3.650100
vertex -0.023570 -0.044096 3.650100
endloop
endfacet
facet normal 0 0 1
outer loop
vertex -0.023570 -0.044096 3.650100
vertex -0.019134 -0.046194 3.650100
vertex -0.014514 -0.047847 3.650100
endloop
endfacet
facet normal 0 0 1
outer loop
vertex -0.014514 -0.047847 3.650100
vertex -0.009755 -0.049039 3.650100
vertex -0.004901 -0.049759 3.650100
endloop
endfacet
facet normal -0 0 1
outer loop
vertex -0.004901 -0.049759 3.650100
vertex -0.000000 -0.050000 3.650100
vertex 0.004901 -0.049759 3.650100
endloop
endfacet
facet normal 0 0 1
outer loop
vertex 0.004901 -0.049759 3.650100
vertex 0.009755 -0.049039 3.650100
vertex 0.014514 -0.047847 3.650100
endloop
endfacet
facet normal 0 0 1
outer loop
vertex 0.014514 -0.047847 3.650100
vertex 0.019134 -0.046194 3.650100
vertex 0.023570 -0.044096 3.650100
endloop
endfacet
facet normal 0 0 1
outer loop
vertex 0.023570 -0.044096 3.650100
vertex 0.027779 -0.041573 3.650100
vertex 0.031720 -0.038651 3.650100
endloop
endfacet
facet normal 0 0 1
outer loop
vertex 0.031720 -0.038651 3.650100
vertex 0.035355 -0.035355 3.650100
vertex 0.038651 -0.031720 3.650100
endloop
endfacet
facet normal 0 0 1
outer loop
vertex 0.038651 -0.031720 3.650100
vertex 0.041573 -0.027779 3.650100
vertex 0.044096 -0.023570 3.650100
endloop
endfacet
facet normal 0 0 1
outer loop
vertex 0.044096 -0.023570 3.650100
vertex 0.046194 -0.019134 3.650100
vertex 0.047847 -0.014514 3.650100
endloop
endfacet
facet normal 0 0 1
outer loop
vertex 0.047847 -0.014514 3.650100
vertex 0.049039 -0.009755 3.650100
vertex 0.049759 -0.004901 3.650100
endloop
endfacet
facet normal 0 0 1
outer loop
vertex 0.049759 -0.004901 3.650100
vertex 0.050000 0.000000 3.650100
vertex 0.049759 0.004901 3.650100
endloop
endfacet
facet normal 0 0 1
outer loop
vertex 0.049759 0.004901 3.650100
vertex 0.049483 0.006763 3.650100
vertex 0.004901 0.049759 3.650100
endloop
endfacet
facet normal 0 0 1
outer loop
vertex 0.004901 0.049759 3.650100
vertex -0.004901 0.049759 3.650100
vertex -0.014514 0.047847 3.650100
endloop
endfacet
facet normal 0 0 1
outer loop
vertex -0.014514 0.047847 3.650100
vertex -0.023570 0.044096 3.650100
vertex -0.031720 0.038651 3.650100
endloop
endfacet
facet normal 0 0 1
outer loop
vertex -0.031720 0.038651 3.650100
vertex -0.038651 0.031720 3.650100
vertex -0.044096 0.023570 3.650100
endloop
endfacet
facet normal 0 0 1
outer loop
vertex -0.044096 0.023570 3.650100
vertex -0.047847 0.014514 3.650100
vertex -0.049759 0.004901 3.650100
endloop
endfacet
facet normal 0 0 1
outer loop
vertex -0.049759 0.004901 3.650100
vertex -0.049759 -0.004901 3.650100
vertex -0.047847 -0.014514 3.650100
endloop
endfacet
facet normal 0 0 1
outer loop
vertex -0.047847 -0.014514 3.650100
vertex -0.044096 -0.023570 3.650100
vertex -0.038651 -0.031720 3.650100
endloop
endfacet
facet normal 0 0 1
outer loop
vertex -0.038651 -0.031720 3.650100
vertex -0.031720 -0.038651 3.650100
vertex -0.023570 -0.044096 3.650100
endloop
endfacet
facet normal 0 0 1
outer loop
vertex -0.023570 -0.044096 3.650100
vertex -0.014514 -0.047847 3.650100
vertex -0.004901 -0.049759 3.650100
endloop
endfacet
facet normal 0 0 1
outer loop
vertex -0.004901 -0.049759 3.650100
vertex 0.004901 -0.049759 3.650100
vertex 0.014514 -0.047847 3.650100
endloop
endfacet
facet normal 0 0 1
outer loop
vertex 0.014514 -0.047847 3.650100
vertex 0.023570 -0.044096 3.650100
vertex 0.031720 -0.038651 3.650100
endloop
endfacet
facet normal 0 0 1
outer loop
vertex 0.031720 -0.038651 3.650100
vertex 0.038651 -0.031720 3.650100
vertex 0.044096 -0.023570 3.650100
endloop
endfacet
facet normal 0 0 1
outer loop
vertex 0.044096 -0.023570 3.650100
vertex 0.047847 -0.014514 3.650100
vertex 0.049759 -0.004901 3.650100
endloop
endfacet
facet normal 0 -0 1
outer loop
vertex 0.049759 -0.004901 3.650100
vertex 0.049759 0.004901 3.650100
vertex 0.004901 0.049759 3.650100
endloop
endfacet
facet normal 0 0 1
outer loop
vertex 0.004901 0.049759 3.650100
vertex -0.014514 0.047847 3.650100
vertex -0.031720 0.038651 3.650100
endloop
endfacet
facet normal 0 0 1
outer loop
vertex -0.031720 0.038651 3.650100
vertex -0.044096 0.023570 3.650100
vertex -0.049759 0.004901 3.650100
endloop
endfacet
facet normal 0 0 1
outer loop
vertex -0.049759 0.004901 3.650100
vertex -0.047847 -0.014514 3.650100
vertex -0.038651 -0.031720 3.650100
endloop
endfacet
facet normal 0 0 1
outer loop
vertex -0.038651 -0.031720 3.650100
vertex -0.023570 -0.044096 3.650100
vertex -0.004901 -0.049759 3.650100
endloop
endfacet
facet normal 0 0 1
outer loop
vertex -0.004901 -0.049759 3.650100
vertex 0.014514 -0.047847 3.650100
vertex 0.031720 -0.038651 3.650100
endloop
endfacet
facet normal 0 0 1
outer loop
vertex 0.031720 -0.038651 3.650100
vertex 0.044096 -0.023570 3.650100
vertex 0.049759 -0.004901 3.650100
endloop
endfacet
facet normal 0 0 1
outer loop
vertex 0.049759 -0.004901 3.650100
vertex 0.004901 0.049759 3.650100
vertex -0.031720 0.038651 3.650100
endloop
endfacet
facet normal 0 0 1
outer loop
vertex -0.031720 0.038651 3.650100
vertex -0.049759 0.004901 3.650100
vertex -0.038651 -0.031720 3.650100
endloop
endfacet
facet normal 0 0 1
outer loop
vertex -0.038651 -0.031720 3.650100
vertex -0.004901 -0.049759 3.650100
vertex 0.031720 -0.038651 3.650100
endloop
endfacet
facet normal 0 -0 1
outer loop
vertex 0.031720 -0.038651 3.650100
vertex 0.049759 -0.004901 3.650100
vertex -0.031720 0.038651 3.650100
endloop
endfacet
facet normal 0 0 1
outer loop
vertex -0.031720 0.038651 3.650100
vertex -0.038651 -0.031720 3.650100
vertex 0.031720 -0.038651 3.650100
endloop
endfacet
facet normal -0.998795 -0.0490679 0
outer loop
vertex 7.600000 5.100000 0.000000
vertex 7.600000 5.100000 2.450000
vertex 7.587962 5.345043 2.450000
endloop
endfacet
facet normal -0.998795 -0.0490679 0
outer loop
vertex 7.600000 5.100000 0.000000
vertex 7.587962 5.345043 2.450000
vertex 7.587962 5.345043 0.000000
endloop
endfacet
facet normal -0.989177 -0.146729 0
outer loop
vertex 7.587962 5.345043 0.000000
vertex 7.587962 5.345043 2.450000
vertex 7.551963 5.587726 2.450000
endloop
endfacet
facet normal -0.989177 -0.146729 0
outer loop
vertex 7.587962 5.345043 0.000000
vertex 7.551963 5.587726 2.450000
vertex 7.551963 5.587726 0.000000
endloop
endfacet
facet normal -0.970031 -0.24298 0
outer loop
vertex 7.551963 5.587726 0.000000
vertex 7.551963 5.587726 2.450000
vertex 7.492351 5.825712 2.450000
endloop
endfacet
facet normal -0.970031 -0.24298 0
outer loop
vertex 7.551963 5.587726 0.000000
vertex 7.492351 5.825712 2.450000
vertex 7.492351 5.825712 0.000000
endloop
endfacet
facet normal -0.941544 -0.33689 0
outer loop
vertex 7.492351 5.825712 0.000000
vertex 7.492351 5.825712 2.450000
vertex 7.409699 6.056709 2.450000
endloop
endfacet
facet normal -0.941544 -0.33689 0
outer loop
vertex 7.492351 5.825712 0.000000
vertex 7.409699 6.056709 2.450000
vertex 7.409699 6.056709 0.000000
endloop
endfacet
facet normal -0.903989 -0.427555 0
outer loop
vertex 7.409699 6.056709 0.000000
vertex 7.409699 6.056709 2.450000
vertex 7.304803 6.278492 2.450000
endloop
endfacet
facet normal -0.903989 -0.427555 0
outer loop
vertex 7.409699 6.056709 0.000000
vertex 7.304803 6.278492 2.450000
vertex 7.304803 6.278492 0.000000
endloop
endfacet
facet normal 0 0 1
outer loop
vertex 7.178674 6.488925 0.000000
vertex 7.275242 6.327812 0.000000
vertex 7.304803 6.278492 0.000000
endloop
endfacet
facet normal -0.857728 -0.514103 0
outer loop
vertex 7.304803 6.278492 0.000000
vertex 7.304803 6.278492 2.450000
vertex 7.178674 6.488925 2.450000
endloop
endfacet
facet normal -0.857728 -0.514103 0
outer loop
vertex 7.304803 6.278492 0.000000
vertex 7.178674 6.488925 2.450000
vertex 7.178674 6.488925 0.000000
endloop
endfacet
facet normal -0.803207 -0.5957 0
outer loop
vertex 7.178674 6.488925 2.450000
vertex 7.032526 6.685983 2.450000
vertex 7.032526 6.685983 0.000000
endloop
endfacet
facet normal -0.803207 -0.5957 -0
outer loop
vertex 7.178674 6.488925 2.450000
vertex 7.032526 6.685983 0.000000
vertex 7.178674 6.488925 0.000000
endloop
endfacet
facet normal -0.740951 -0.671559 0
outer loop
vertex 7.032526 6.685983 0.000000
vertex 7.032526 6.685983 2.450000
vertex 6.867767 6.867767 2.450000
endloop
endfacet
facet normal -0.740951 -0.671559 0
outer loop
vertex 7.032526 6.685983 0.000000
vertex 6.867767 6.867767 2.450000
vertex 6.867767 6.867767 0.000000
endloop
endfacet
facet normal -0.671559 -0.740951 0
outer loop
vertex 6.867767 6.867767 0.000000
vertex 6.867767 6.867767 2.450000
vertex 6.685983 7.032526 2.450000
endloop
endfacet
facet normal -0.671559 -0.740951 0
outer loop
vertex 6.867767 6.867767 0.000000
vertex 6.685983 7.032526 2.450000
vertex 6.685983 7.032526 0.000000
endloop
endfacet
facet normal -0.5957 -0.803207 0
outer loop
vertex 6.685983 7.032526 0.000000
vertex 6.685983 7.032526 2.450000
vertex 6.488925 7.178674 2.450000
endloop
endfacet
facet normal -0.5957 -0.803207 0
outer loop
vertex 6.685983 7.032526 0.000000
vertex 6.488925 7.178674 2.450000
vertex 6.488925 7.178674 0.000000
endloop
endfacet
facet normal -0.514103 -0.857728 0
outer loop
vertex 6.488925 7.178674 0.000000
vertex 6.488925 7.178674 2.450000
vertex 6.278492 7.304803 2.450000
endloop
endfacet
facet normal -0.514103 -0.857728 0
outer loop
vertex 6.488925 7.178674 0.000000
vertex 6.278492 7.304803 2.450000
vertex 6.278492 7.304803 0.000000
endloop
endfacet
facet normal -0.427555 -0.903989 0
outer loop
vertex 6.278492 7.304803 0.000000
vertex 6.278492 7.304803 2.450000
vertex 6.056709 7.409699 2.450000
endloop
endfacet
facet normal -0.427555 -0.903989 0
outer loop
vertex 6.278492 7.304803 0.000000
vertex 6.056709 7.409699 2.450000
vertex 6.056709 7.409699 0.000000
endloop
endfacet
facet normal -0.33689 -0.941544 0
outer loop
vertex 6.056709 7.409699 0.000000
vertex 6.056709 7.409699 2.450000
vertex 5.825712 7.492351 2.450000
endloop
endfacet
facet normal -0.33689 -0.941544 0
outer loop
vertex 6.056709 7.409699 0.000000
vertex 5.825712 7.492351 2.450000
vertex 5.825712 7.492351 0.000000
endloop
endfacet
facet normal -0.24298 -0.970031 0
outer loop
vertex 5.825712 7.492351 0.000000
vertex 5.825712 7.492351 2.450000
vertex 5.587726 7.551963 2.450000
endloop
endfacet
facet normal -0.24298 -0.970031 0
outer loop
vertex 5.825712 7.492351 0.000000
vertex 5.587726 7.551963 2.450000
vertex 5.587726 7.551963 0.000000
endloop
endfacet
facet normal -0.146729 -0.989177 0
outer loop
vertex 5.587726 7.551963 0.000000
vertex 5.587726 7.551963 2.450000
vertex 5.345043 7.587962 2.450000
endloop
endfacet
facet normal -0.146729 -0.989177 0
outer loop
vertex 5.587726 7.551963 0.000000
vertex 5.345043 7.587962 2.450000
vertex 5.345043 7.587962 0.000000
endloop
endfacet
facet normal -0.0490679 -0.998795 0
outer loop
vertex 5.345043 7.587962 0.000000
vertex 5.345043 7.587962 2.450000
vertex 5.100000 7.600000 2.450000
endloop
endfacet
facet normal -0.0490679 -0.998795 0
outer loop
vertex 5.345043 7.587962 0.000000
vertex 5.100000 7.600000 2.450000
vertex 5.100000 7.600000 0.000000
endloop
endfacet
facet normal 0 -1 0
outer loop
vertex 5.100000 7.600000 0.000000
vertex 5.100000 7.600000 2.450000
vertex -5.100000 7.600000 2.450000
endloop
endfacet
facet normal 0 -1 0
outer loop
vertex 5.100000 7.600000 0.000000
vertex -5.100000 7.600000 2.450000
vertex -5.100000 7.600000 0.000000
endloop
endfacet
facet normal 0.0490679 -0.998795 0
outer loop
vertex -5.100000 7.600000 0.000000
vertex -5.100000 7.600000 2.450000
vertex -5.345043 7.587962 2.450000
endloop
endfacet
facet normal 0.0490679 -0.998795 0
outer loop
vertex -5.100000 7.600000 0.000000
vertex -5.345043 7.587962 2.450000
vertex -5.345043 7.587962 0.000000
endloop
endfacet
facet normal 0.146729 -0.989177 0
outer loop
vertex -5.345043 7.587962 0.000000
vertex -5.345043 7.587962 2.450000
vertex -5.587726 7.551963 2.450000
endloop
endfacet
facet normal 0.146729 -0.989177 0
outer loop
vertex -5.345043 7.587962 0.000000
vertex -5.587726 7.551963 2.450000
vertex -5.587726 7.551963 0.000000
endloop
endfacet
facet normal 0.24298 -0.970031 0
outer loop
vertex -5.587726 7.551963 0.000000
vertex -5.587726 7.551963 2.450000
vertex -5.825712 7.492351 2.450000
endloop
endfacet
facet normal 0.24298 -0.970031 0
outer loop
vertex -5.587726 7.551963 0.000000
vertex -5.825712 7.492351 2.450000
vertex -5.825712 7.492351 0.000000
endloop
endfacet
facet normal 0.33689 -0.941544 0
outer loop
vertex -5.825712 7.492351 0.000000
vertex -5.825712 7.492351 2.450000
vertex -6.056709 7.409699 2.450000
endloop
endfacet
facet normal 0.33689 -0.941544 0
outer loop
vertex -5.825712 7.492351 0.000000
vertex -6.056709 7.409699 2.450000
vertex -6.056709 7.409699 0.000000
endloop
endfacet
facet normal 0.427555 -0.903989 0
outer loop
vertex -6.056709 7.409699 0.000000
vertex -6.056709 7.409699 2.450000
vertex -6.278492 7.304803 2.450000
endloop
endfacet
facet normal 0.427555 -0.903989 0
outer loop
vertex -6.056709 7.409699 0.000000
vertex -6.278492 7.304803 2.450000
vertex -6.278492 7.304803 0.000000
endloop
endfacet
facet normal 0.514103 -0.857728 0
outer loop
vertex -6.278492 7.304803 0.000000
vertex -6.278492 7.304803 2.450000
vertex -6.488925 7.178674 2.450000
endloop
endfacet
facet normal 0.514103 -0.857728 0
outer loop
vertex -6.278492 7.304803 0.000000
vertex -6.488925 7.178674 2.450000
vertex -6.488925 7.178674 0.000000
endloop
endfacet
facet normal 0.5957 -0.803207 0
outer loop
vertex -6.488925 7.178674 0.000000
vertex -6.488925 7.178674 2.450000
vertex -6.685983 7.032526 2.450000
endloop
endfacet
facet normal 0.5957 -0.803207 0
outer loop
vertex -6.488925 7.178674 0.000000
vertex -6.685983 7.032526 2.450000
vertex -6.685983 7.032526 0.000000
endloop
endfacet
facet normal 0.671559 -0.740951 0
outer loop
vertex -6.685983 7.032526 0.000000
vertex -6.685983 7.032526 2.450000
vertex -6.867767 6.867767 2.450000
endloop
endfacet
facet normal 0.671559 -0.740951 0
outer loop
vertex -6.685983 7.032526 0.000000
vertex -6.867767 6.867767 2.450000
vertex -6.867767 6.867767 0.000000
endloop
endfacet
facet normal 0.740951 -0.671559 0
outer loop
vertex -6.867767 6.867767 0.000000
vertex -6.867767 6.867767 2.450000
vertex -7.032526 6.685983 2.450000
endloop
endfacet
facet normal 0.740951 -0.671559 0
outer loop
vertex -6.867767 6.867767 0.000000
vertex -7.032526 6.685983 2.450000
vertex -7.032526 6.685983 0.000000
endloop
endfacet
facet normal 0.803207 -0.5957 0
outer loop
vertex -7.032526 6.685983 0.000000
vertex -7.032526 6.685983 2.450000
vertex -7.178674 6.488925 2.450000
endloop
endfacet
facet normal 0.803207 -0.5957 0
outer loop
vertex -7.032526 6.685983 0.000000
vertex -7.178674 6.488925 2.450000
vertex -7.178674 6.488925 0.000000
endloop
endfacet
facet normal 0.857728 -0.514103 0
outer loop
vertex -7.178674 6.488925 0.000000
vertex -7.178674 6.488925 2.450000
vertex -7.304803 6.278492 2.450000
endloop
endfacet
facet normal 0.857728 -0.514103 0
outer loop
vertex -7.178674 6.488925 0.000000
vertex -7.304803 6.278492 2.450000
vertex -7.304803 6.278492 0.000000
endloop
endfacet
facet normal 0.903989 -0.427555 0
outer loop
vertex -7.304803 6.278492 0.000000
vertex -7.304803 6.278492 2.450000
vertex -7.409699 6.056709 2.450000
endloop
endfacet
facet normal 0.903989 -0.427555 0
outer loop
vertex -7.304803 6.278492 0.000000
vertex -7.409699 6.056709 2.450000
vertex -7.409699 6.056709 0.000000
endloop
endfacet
facet normal 0.941544 -0.33689 0
outer loop
vertex -7.409699 6.056709 0.000000
vertex -7.409699 6.056709 2.450000
vertex -7.492351 5.825712 2.450000
endloop
endfacet
facet normal 0.941544 -0.33689 0
outer loop
vertex -7.409699 6.056709 0.000000
vertex -7.492351 5.825712 2.450000
vertex -7.492351 5.825712 0.000000
endloop
endfacet
facet normal 0.970031 -0.24298 0
outer loop
vertex -7.492351 5.825712 0.000000
vertex -7.492351 5.825712 2.450000
vertex -7.551963 5.587726 2.450000
endloop
endfacet
facet normal 0.970031 -0.24298 0
outer loop
vertex -7.492351 5.825712 0.000000
vertex -7.551963 5.587726 2.450000
vertex -7.551963 5.587726 0.000000
endloop
endfacet
facet normal 0.989177 -0.146729 0
outer loop
vertex -7.551963 5.587726 0.000000
vertex -7.551963 5.587726 2.450000
vertex -7.587962 5.345043 2.450000
endloop
endfacet
facet normal 0.989177 -0.146729 0
outer loop
vertex -7.551963 5.587726 0.000000
vertex -7.587962 5.345043 2.450000
vertex -7.587962 5.345043 0.000000
endloop
endfacet
facet normal 0.998795 -0.0490679 0
outer loop
vertex -7.587962 5.345043 0.000000
vertex -7.587962 5.345043 2.450000
vertex -7.600000 5.100000 2.450000
endloop
endfacet
facet normal 0.998795 -0.0490679 0
outer loop
vertex -7.587962 5.345043 0.000000
vertex -7.600000 5.100000 2.450000
vertex -7.600000 5.100000 0.000000
endloop
endfacet
facet normal 1 0 -0
outer loop
vertex -7.600000 5.100000 0.000000
vertex -7.600000 5.100000 2.450000
vertex -7.600000 -5.100000 2.450000
endloop
endfacet
facet normal 1 0 0
outer loop
vertex -7.600000 5.100000 0.000000
vertex -7.600000 -5.100000 2.450000
vertex -7.600000 -5.100000 0.000000
endloop
endfacet
facet normal 0.998795 0.0490679 -0
outer loop
vertex -7.600000 -5.100000 0.000000
vertex -7.600000 -5.100000 2.450000
vertex -7.587962 -5.345043 2.450000
endloop
endfacet
facet normal 0.998795 0.0490679 0
outer loop
vertex -7.600000 -5.100000 0.000000
vertex -7.587962 -5.345043 2.450000
vertex -7.587962 -5.345043 0.000000
endloop
endfacet
facet normal 0.989177 0.146729 -0
outer loop
vertex -7.587962 -5.345043 0.000000
vertex -7.587962 -5.345043 2.450000
vertex -7.551963 -5.587726 2.450000
endloop
endfacet
facet normal 0.989177 0.146729 0
outer loop
vertex -7.587962 -5.345043 0.000000
vertex -7.551963 -5.587726 2.450000
vertex -7.551963 -5.587726 0.000000
endloop
endfacet
facet normal 0.970031 0.24298 -0
outer loop
vertex -7.551963 -5.587726 0.000000
vertex -7.551963 -5.587726 2.450000
vertex -7.492351 -5.825712 2.450000
endloop
endfacet
facet normal 0.970031 0.24298 0
outer loop
vertex -7.551963 -5.587726 0.000000
vertex -7.492351 -5.825712 2.450000
vertex -7.492351 -5.825712 0.000000
endloop
endfacet
facet normal 0.941544 0.33689 -0
outer loop
vertex -7.492351 -5.825712 0.000000
vertex -7.492351 -5.825712 2.450000
vertex -7.409699 -6.056709 2.450000
endloop
endfacet
facet normal 0.941544 0.33689 0
outer loop
vertex -7.492351 -5.825712 0.000000
vertex -7.409699 -6.056709 2.450000
vertex -7.409699 -6.056709 0.000000
endloop
endfacet
facet normal 0.903989 0.427555 -0
outer loop
vertex -7.409699 -6.056709 0.000000
vertex -7.409699 -6.056709 2.450000
vertex -7.304803 -6.278492 2.450000
endloop
endfacet
facet normal 0.903989 0.427555 0
outer loop
vertex -7.409699 -6.056709 0.000000
vertex -7.304803 -6.278492 2.450000
vertex -7.304803 -6.278492 0.000000
endloop
endfacet
facet normal 0.857728 0.514103 -0
outer loop
vertex -7.304803 -6.278492 0.000000
vertex -7.304803 -6.278492 2.450000
vertex -7.178674 -6.488925 2.450000
endloop
endfacet
facet normal 0.857728 0.514103 0
outer loop
vertex -7.304803 -6.278492 0.000000
vertex -7.178674 -6.488925 2.450000
vertex -7.178674 -6.488925 0.000000
endloop
endfacet
facet normal 0.803207 0.5957 -0
outer loop
vertex -7.178674 -6.488925 0.000000
vertex -7.178674 -6.488925 2.450000
vertex -7.032526 -6.685983 2.450000
endloop
endfacet
facet normal 0.803207 0.5957 0
outer loop
vertex -7.178674 -6.488925 0.000000
vertex -7.032526 -6.685983 2.450000
vertex -7.032526 -6.685983 0.000000
endloop
endfacet
facet normal 0.740951 0.671559 -0
outer loop
vertex -7.032526 -6.685983 0.000000
vertex -7.032526 -6.685983 2.450000
vertex -6.867767 -6.867767 2.450000
endloop
endfacet
facet normal 0.740951 0.671559 0
outer loop
vertex -7.032526 -6.685983 0.000000
vertex -6.867767 -6.867767 2.450000
vertex -6.867767 -6.867767 0.000000
endloop
endfacet
facet normal 0.671559 0.740951 -0
outer loop
vertex -6.867767 -6.867767 0.000000
vertex -6.867767 -6.867767 2.450000
vertex -6.685983 -7.032526 2.450000
endloop
endfacet
facet normal 0.671559 0.740951 0
outer loop
vertex -6.867767 -6.867767 0.000000
vertex -6.685983 -7.032526 2.450000
vertex -6.685983 -7.032526 0.000000
endloop
endfacet
facet normal 0.5957 0.803207 -0
outer loop
vertex -6.685983 -7.032526 0.000000
vertex -6.685983 -7.032526 2.450000
vertex -6.488925 -7.178674 2.450000
endloop
endfacet
facet normal 0.5957 0.803207 0
outer loop
vertex -6.685983 -7.032526 0.000000
vertex -6.488925 -7.178674 2.450000
vertex -6.488925 -7.178674 0.000000
endloop
endfacet
facet normal 0.514103 0.857728 -0
outer loop
vertex -6.488925 -7.178674 0.000000
vertex -6.488925 -7.178674 2.450000
vertex -6.278492 -7.304803 2.450000
endloop
endfacet
facet normal 0.514103 0.857728 0
outer loop
vertex -6.488925 -7.178674 0.000000
vertex -6.278492 -7.304803 2.450000
vertex -6.278492 -7.304803 0.000000
endloop
endfacet
facet normal 0.427555 0.903989 -0
outer loop
vertex -6.278492 -7.304803 0.000000
vertex -6.278492 -7.304803 2.450000
vertex -6.056709 -7.409699 2.450000
endloop
endfacet
facet normal 0.427555 0.903989 0
outer loop
vertex -6.278492 -7.304803 0.000000
vertex -6.056709 -7.409699 2.450000
vertex -6.056709 -7.409699 0.000000
endloop
endfacet
facet normal 0.33689 0.941544 -0
outer loop
vertex -6.056709 -7.409699 0.000000
vertex -6.056709 -7.409699 2.450000
vertex -5.825712 -7.492351 2.450000
endloop
endfacet
facet normal 0.33689 0.941544 0
outer loop
vertex -6.056709 -7.409699 0.000000
vertex -5.825712 -7.492351 2.450000
vertex -5.825712 -7.492351 0.000000
endloop
endfacet
facet normal 0.24298 0.970031 -0
outer loop
vertex -5.825712 -7.492351 0.000000
vertex -5.825712 -7.492351 2.450000
vertex -5.587726 -7.551963 2.450000
endloop
endfacet
facet normal 0.24298 0.970031 0
outer loop
vertex -5.825712 -7.492351 0.000000
vertex -5.587726 -7.551963 2.450000
vertex -5.587726 -7.551963 0.000000
endloop
endfacet
facet normal 0.146729 0.989177 -0
outer loop
vertex -5.587726 -7.551963 0.000000
vertex -5.587726 -7.551963 2.450000
vertex -5.345043 -7.587962 2.450000
endloop
endfacet
facet normal 0.146729 0.989177 0
outer loop
vertex -5.587726 -7.551963 0.000000
vertex -5.345043 -7.587962 2.450000
vertex -5.345043 -7.587962 0.000000
endloop
endfacet
facet normal 0.0490679 0.998795 -0
outer loop
vertex -5.345043 -7.587962 0.000000
vertex -5.345043 -7.587962 2.450000
vertex -5.100000 -7.600000 2.450000
endloop
endfacet
facet normal 0.0490679 0.998795 0
outer loop
vertex -5.345043 -7.587962 0.000000
vertex -5.100000 -7.600000 2.450000
vertex -5.100000 -7.600000 0.000000
endloop
endfacet
facet normal 0 1 0
outer loop
vertex -5.100000 -7.600000 0.000000
vertex -5.100000 -7.600000 2.450000
vertex 5.100000 -7.600000 2.450000
endloop
endfacet
facet normal 0 1 0
outer loop
vertex -5.100000 -7.600000 0.000000
vertex 5.100000 -7.600000 2.450000
vertex 5.100000 -7.600000 0.000000
endloop
endfacet
facet normal -0.0490679 0.998795 0
outer loop
vertex 5.100000 -7.600000 0.000000
vertex 5.100000 -7.600000 2.450000
vertex 5.345043 -7.587962 2.450000
endloop
endfacet
facet normal -0.0490679 0.998795 0
outer loop
vertex 5.100000 -7.600000 0.000000
vertex 5.345043 -7.587962 2.450000
vertex 5.345043 -7.587962 0.000000
endloop
endfacet
facet normal -0.146729 0.989177 0
outer loop
vertex 5.345043 -7.587962 0.000000
vertex 5.345043 -7.587962 2.450000
vertex 5.587726 -7.551963 2.450000
endloop
endfacet
facet normal -0.146729 0.989177 0
outer loop
vertex 5.345043 -7.587962 0.000000
vertex 5.587726 -7.551963 2.450000
vertex 5.587726 -7.551963 0.000000
endloop
endfacet
facet normal -0.24298 0.970031 0
outer loop
vertex 5.587726 -7.551963 0.000000
vertex 5.587726 -7.551963 2.450000
vertex 5.825712 -7.492351 2.450000
endloop
endfacet
facet normal -0.24298 0.970031 0
outer loop
vertex 5.587726 -7.551963 0.000000
vertex 5.825712 -7.492351 2.450000
vertex 5.825712 -7.492351 0.000000
endloop
endfacet
facet normal -0.33689 0.941544 0
outer loop
vertex 5.825712 -7.492351 0.000000
vertex 5.825712 -7.492351 2.450000
vertex 6.056709 -7.409699 2.450000
endloop
endfacet
facet normal -0.33689 0.941544 0
outer loop
vertex 5.825712 -7.492351 0.000000
vertex 6.056709 -7.409699 2.450000
vertex 6.056709 -7.409699 0.000000
endloop
endfacet
facet normal -0.427555 0.903989 0
outer loop
vertex 6.056709 -7.409699 0.000000
vertex 6.056709 -7.409699 2.450000
vertex 6.278492 -7.304803 2.450000
endloop
endfacet
facet normal -0.427555 0.903989 0
outer loop
vertex 6.056709 -7.409699 0.000000
vertex 6.278492 -7.304803 2.450000
vertex 6.278492 -7.304803 0.000000
endloop
endfacet
facet normal -0.514103 0.857728 0
outer loop
vertex 6.278492 -7.304803 0.000000
vertex 6.278492 -7.304803 2.450000
vertex 6.488925 -7.178674 2.450000
endloop
endfacet
facet normal -0.514103 0.857728 0
outer loop
vertex 6.278492 -7.304803 0.000000
vertex 6.488925 -7.178674 2.450000
vertex 6.488925 -7.178674 0.000000
endloop
endfacet
facet normal -0.5957 0.803207 0
outer loop
vertex 6.488925 -7.178674 0.000000
vertex 6.488925 -7.178674 2.450000
vertex 6.685983 -7.032526 2.450000
endloop
endfacet
facet normal -0.5957 0.803207 0
outer loop
vertex 6.488925 -7.178674 0.000000
vertex 6.685983 -7.032526 2.450000
vertex 6.685983 -7.032526 0.000000
endloop
endfacet
facet normal -0.671559 0.740951 0
outer loop
vertex 6.685983 -7.032526 0.000000
vertex 6.685983 -7.032526 2.450000
vertex 6.867767 -6.867767 2.450000
endloop
endfacet
facet normal -0.671559 0.740951 0
outer loop
vertex 6.685983 -7.032526 0.000000
vertex 6.867767 -6.867767 2.450000
vertex 6.867767 -6.867767 0.000000
endloop
endfacet
facet normal -0.740951 0.671559 0
outer loop
vertex 6.867767 -6.867767 0.000000
vertex 6.867767 -6.867767 2.450000
vertex 7.032526 -6.685983 2.450000
endloop
endfacet
facet normal -0.740951 0.671559 0
outer loop
vertex 6.867767 -6.867767 0.000000
vertex 7.032526 -6.685983 2.450000
vertex 7.032526 -6.685983 0.000000
endloop
endfacet
facet normal -0.803207 0.5957 0
outer loop
vertex 7.032526 -6.685983 0.000000
vertex 7.032526 -6.685983 2.450000
vertex 7.178674 -6.488925 2.450000
endloop
endfacet
facet normal -0.803207 0.5957 0
outer loop
vertex 7.032526 -6.685983 0.000000
vertex 7.178674 -6.488925 2.450000
vertex 7.178674 -6.488925 0.000000
endloop
endfacet
facet normal -0.857728 0.514103 0
outer loop
vertex 7.178674 -6.488925 0.000000
vertex 7.178674 -6.488925 2.450000
vertex 7.304803 -6.278492 2.450000
endloop
endfacet
facet normal -0.857728 0.514103 0
outer loop
vertex 7.178674 -6.488925 0.000000
vertex 7.304803 -6.278492 2.450000
vertex 7.304803 -6.278492 0.000000
endloop
endfacet
facet normal -0.903989 0.427555 0
outer loop
vertex 7.304803 -6.278492 0.000000
vertex 7.304803 -6.278492 2.450000
vertex 7.409699 -6.056709 2.450000
endloop
endfacet
facet normal -0.903989 0.427555 0
outer loop
vertex 7.304803 -6.278492 0.000000
vertex 7.409699 -6.056709 2.450000
vertex 7.409699 -6.056709 0.000000
endloop
endfacet
facet normal -0.941544 0.33689 0
outer loop
vertex 7.409699 -6.056709 0.000000
vertex 7.409699 -6.056709 2.450000
vertex 7.492351 -5.825712 2.450000
endloop
endfacet
facet normal -0.941544 0.33689 0
outer loop
vertex 7.409699 -6.056709 0.000000
vertex 7.492351 -5.825712 2.450000
vertex 7.492351 -5.825712 0.000000
endloop
endfacet
facet normal -0.970031 0.24298 0
outer loop
vertex 7.492351 -5.825712 0.000000
vertex 7.492351 -5.825712 2.450000
vertex 7.551963 -5.587726 2.450000
endloop
endfacet
facet normal -0.970031 0.24298 0
outer loop
vertex 7.492351 -5.825712 0.000000
vertex 7.551963 -5.587726 2.450000
vertex 7.551963 -5.587726 0.000000
endloop
endfacet
facet normal -0.989177 0.146729 0
outer loop
vertex 7.551963 -5.587726 0.000000
vertex 7.551963 -5.587726 2.450000
vertex 7.587962 -5.345043 2.450000
endloop
endfacet
facet normal -0.989177 0.146729 0
outer loop
vertex 7.551963 -5.587726 0.000000
vertex 7.587962 -5.345043 2.450000
vertex 7.587962 -5.345043 0.000000
endloop
endfacet
facet normal -0.998795 0.0490679 0
outer loop
vertex 7.587962 -5.345043 0.000000
vertex 7.587962 -5.345043 2.450000
vertex 7.600000 -5.100000 2.450000
endloop
endfacet
facet normal -0.998795 0.0490679 0
outer loop
vertex 7.587962 -5.345043 0.000000
vertex 7.600000 -5.100000 2.450000
vertex 7.600000 -5.100000 0.000000
endloop
endfacet
facet normal -1 0 0
outer loop
vertex 7.600000 -5.100000 0.000000
vertex 7.600000 -5.100000 2.450000
vertex 7.600000 5.100000 2.450000
endloop
endfacet
facet normal -1 0 0
outer loop
vertex 7.600000 -5.100000 0.000000
vertex 7.600000 5.100000 2.450000
vertex 7.600000 5.100000 0.000000
endloop
endfacet
facet normal -0.706681 -0.0347165 -0.706681
outer loop
vertex 7.600000 5.100000 2.450000
vertex 7.350000 5.100000 2.700000
vertex 7.339166 5.320539 2.700000
endloop
endfacet
facet normal -0.706681 -0.0347171 -0.70668
outer loop
vertex 7.600000 5.100000 2.450000
vertex 7.339166 5.320539 2.700000
vertex 7.587962 5.345043 2.450000
endloop
endfacet
facet normal -0.699875 -0.103816 -0.70668
outer loop
vertex 7.587962 5.345043 2.450000
vertex 7.339166 5.320539 2.700000
vertex 7.306767 5.538953 2.700000
endloop
endfacet
facet normal -0.699875 -0.103816 -0.70668
outer loop
vertex 7.587962 5.345043 2.450000
vertex 7.306767 5.538953 2.700000
vertex 7.551963 5.587726 2.450000
endloop
endfacet
facet normal -0.686329 -0.171917 -0.70668
outer loop
vertex 7.551963 5.587726 2.450000
vertex 7.306767 5.538953 2.700000
vertex 7.253116 5.753140 2.700000
endloop
endfacet
facet normal -0.686329 -0.171916 -0.706681
outer loop
vertex 7.551963 5.587726 2.450000
vertex 7.253116 5.753140 2.700000
vertex 7.492351 5.825712 2.450000
endloop
endfacet
facet normal -0.666173 -0.23836 -0.706681
outer loop
vertex 7.492351 5.825712 2.450000
vertex 7.253116 5.753140 2.700000
vertex 7.178729 5.961038 2.700000
endloop
endfacet
facet normal -0.666173 -0.238361 -0.706681
outer loop
vertex 7.492351 5.825712 2.450000
vertex 7.178729 5.961038 2.700000
vertex 7.409699 6.056709 2.450000
endloop
endfacet
facet normal -0.639602 -0.302509 -0.706681
outer loop
vertex 7.409699 6.056709 2.450000
vertex 7.178729 5.961038 2.700000
vertex 7.084323 6.160643 2.700000
endloop
endfacet
facet normal -0.639602 -0.302509 -0.706681
outer loop
vertex 7.409699 6.056709 2.450000
vertex 7.084323 6.160643 2.700000
vertex 7.304803 6.278492 2.450000
endloop
endfacet
facet normal -0.606871 -0.363745 -0.706681
outer loop
vertex 7.304803 6.278492 2.450000
vertex 7.084323 6.160643 2.700000
vertex 6.970807 6.350033 2.700000
endloop
endfacet
facet normal -0.606871 -0.363745 -0.706681
outer loop
vertex 7.304803 6.278492 2.450000
vertex 6.970807 6.350033 2.700000
vertex 7.178674 6.488925 2.450000
endloop
endfacet
facet normal -0.568295 -0.421477 -0.706681
outer loop
vertex 7.178674 6.488925 2.450000
vertex 6.970807 6.350033 2.700000
vertex 6.839273 6.527385 2.700000
endloop
endfacet
facet normal -0.568295 -0.421477 -0.706681
outer loop
vertex 7.178674 6.488925 2.450000
vertex 6.839273 6.527385 2.700000
vertex 7.032526 6.685983 2.450000
endloop
endfacet
facet normal -0.524248 -0.475149 -0.706681
outer loop
vertex 7.032526 6.685983 2.450000
vertex 6.839273 6.527385 2.700000
vertex 6.690990 6.690990 2.700000
endloop
endfacet
facet normal -0.524248 -0.47515 -0.70668
outer loop
vertex 7.032526 6.685983 2.450000
vertex 6.690990 6.690990 2.700000
vertex 6.867767 6.867767 2.450000
endloop
endfacet
facet normal -0.475149 -0.524248 -0.70668
outer loop
vertex 6.867767 6.867767 2.450000
vertex 6.690990 6.690990 2.700000
vertex 6.527385 6.839273 2.700000
endloop
endfacet
facet normal -0.47515 -0.524247 -0.706681
outer loop
vertex 6.867767 6.867767 2.450000
vertex 6.527385 6.839273 2.700000
vertex 6.685983 7.032526 2.450000
endloop
endfacet
facet normal -0.421477 -0.568296 -0.706681
outer loop
vertex 6.685983 7.032526 2.450000
vertex 6.527385 6.839273 2.700000
vertex 6.350033 6.970807 2.700000
endloop
endfacet
facet normal -0.421477 -0.568295 -0.706681
outer loop
vertex 6.685983 7.032526 2.450000
vertex 6.350033 6.970807 2.700000
vertex 6.488925 7.178674 2.450000
endloop
endfacet
facet normal -0.363745 -0.60687 -0.706681
outer loop
vertex 6.488925 7.178674 2.450000
vertex 6.350033 6.970807 2.700000
vertex 6.160643 7.084323 2.700000
endloop
endfacet
facet normal -0.363745 -0.606871 -0.706681
outer loop
vertex 6.488925 7.178674 2.450000
vertex 6.160643 7.084323 2.700000
vertex 6.278492 7.304803 2.450000
endloop
endfacet
facet normal -0.302509 -0.639602 -0.706681
outer loop
vertex 6.278492 7.304803 2.450000
vertex 6.160643 7.084323 2.700000
vertex 5.961038 7.178729 2.700000
endloop
endfacet
facet normal -0.302509 -0.639602 -0.706681
outer loop
vertex 6.278492 7.304803 2.450000
vertex 5.961038 7.178729 2.700000
vertex 6.056709 7.409699 2.450000
endloop
endfacet
facet normal -0.23836 -0.666173 -0.706681
outer loop
vertex 6.056709 7.409699 2.450000
vertex 5.961038 7.178729 2.700000
vertex 5.753140 7.253116 2.700000
endloop
endfacet
facet normal -0.23836 -0.666173 -0.706681
outer loop
vertex 6.056709 7.409699 2.450000
vertex 5.753140 7.253116 2.700000
vertex 5.825712 7.492351 2.450000
endloop
endfacet
facet normal -0.171917 -0.686328 -0.706681
outer loop
vertex 5.825712 7.492351 2.450000
vertex 5.753140 7.253116 2.700000
vertex 5.538953 7.306767 2.700000
endloop
endfacet
facet normal -0.171916 -0.686329 -0.706681
outer loop
vertex 5.825712 7.492351 2.450000
vertex 5.538953 7.306767 2.700000
vertex 5.587726 7.551963 2.450000
endloop
endfacet
facet normal -0.103816 -0.699875 -0.70668
outer loop
vertex 5.587726 7.551963 2.450000
vertex 5.538953 7.306767 2.700000
vertex 5.320539 7.339166 2.700000
endloop
endfacet
facet normal -0.103816 -0.699875 -0.70668
outer loop
vertex 5.587726 7.551963 2.450000
vertex 5.320539 7.339166 2.700000
vertex 5.345043 7.587962 2.450000
endloop
endfacet
facet normal -0.0347165 -0.706681 -0.70668
outer loop
vertex 5.345043 7.587962 2.450000
vertex 5.320539 7.339166 2.700000
vertex 5.100000 7.350000 2.700000
endloop
endfacet
facet normal -0.0347171 -0.706681 -0.706681
outer loop
vertex 5.345043 7.587962 2.450000
vertex 5.100000 7.350000 2.700000
vertex 5.100000 7.600000 2.450000
endloop
endfacet
facet normal 0 -0.707107 -0.707107
outer loop
vertex 5.100000 7.600000 2.450000
vertex 5.100000 7.350000 2.700000
vertex -5.100000 7.350000 2.700000
endloop
endfacet
facet normal -0 -0.707107 -0.707107
outer loop
vertex 5.100000 7.600000 2.450000
vertex -5.100000 7.350000 2.700000
vertex -5.100000 7.600000 2.450000
endloop
endfacet
facet normal 0.0347165 -0.706681 -0.706681
outer loop
vertex -5.100000 7.600000 2.450000
vertex -5.100000 7.350000 2.700000
vertex -5.320539 7.339166 2.700000
endloop
endfacet
facet normal 0.0347171 -0.706681 -0.70668
outer loop
vertex -5.100000 7.600000 2.450000
vertex -5.320539 7.339166 2.700000
vertex -5.345043 7.587962 2.450000
endloop
endfacet
facet normal 0.103816 -0.699875 -0.70668
outer loop
vertex -5.345043 7.587962 2.450000
vertex -5.320539 7.339166 2.700000
vertex -5.538953 7.306767 2.700000
endloop
endfacet
facet normal 0.103816 -0.699875 -0.70668
outer loop
vertex -5.345043 7.587962 2.450000
vertex -5.538953 7.306767 2.700000
vertex -5.587726 7.551963 2.450000
endloop
endfacet
facet normal 0.171917 -0.686329 -0.70668
outer loop
vertex -5.587726 7.551963 2.450000
vertex -5.538953 7.306767 2.700000
vertex -5.753140 7.253116 2.700000
endloop
endfacet
facet normal 0.171916 -0.686329 -0.706681
outer loop
vertex -5.587726 7.551963 2.450000
vertex -5.753140 7.253116 2.700000
vertex -5.825712 7.492351 2.450000
endloop
endfacet
facet normal 0.23836 -0.666173 -0.706681
outer loop
vertex -5.825712 7.492351 2.450000
vertex -5.753140 7.253116 2.700000
vertex -5.961038 7.178729 2.700000
endloop
endfacet
facet normal 0.238361 -0.666173 -0.706681
outer loop
vertex -5.825712 7.492351 2.450000
vertex -5.961038 7.178729 2.700000
vertex -6.056709 7.409699 2.450000
endloop
endfacet
facet normal 0.302509 -0.639602 -0.706681
outer loop
vertex -6.056709 7.409699 2.450000
vertex -5.961038 7.178729 2.700000
vertex -6.160643 7.084323 2.700000
endloop
endfacet
facet normal 0.302509 -0.639602 -0.706681
outer loop
vertex -6.056709 7.409699 2.450000
vertex -6.160643 7.084323 2.700000
vertex -6.278492 7.304803 2.450000
endloop
endfacet
facet normal 0.363745 -0.606871 -0.706681
outer loop
vertex -6.278492 7.304803 2.450000
vertex -6.160643 7.084323 2.700000
vertex -6.350033 6.970807 2.700000
endloop
endfacet
facet normal 0.363745 -0.606871 -0.706681
outer loop
vertex -6.278492 7.304803 2.450000
vertex -6.350033 6.970807 2.700000
vertex -6.488925 7.178674 2.450000
endloop
endfacet
facet normal 0.421477 -0.568295 -0.706681
outer loop
vertex -6.488925 7.178674 2.450000
vertex -6.350033 6.970807 2.700000
vertex -6.527385 6.839273 2.700000
endloop
endfacet
facet normal 0.421477 -0.568295 -0.706681
outer loop
vertex -6.488925 7.178674 2.450000
vertex -6.527385 6.839273 2.700000
vertex -6.685983 7.032526 2.450000
endloop
endfacet
facet normal 0.475149 -0.524248 -0.706681
outer loop
vertex -6.685983 7.032526 2.450000
vertex -6.527385 6.839273 2.700000
vertex -6.690990 6.690990 2.700000
endloop
endfacet
facet normal 0.47515 -0.524248 -0.70668
outer loop
vertex -6.685983 7.032526 2.450000
vertex -6.690990 6.690990 2.700000
vertex -6.867767 6.867767 2.450000
endloop
endfacet
facet normal 0.524248 -0.475149 -0.70668
outer loop
vertex -6.867767 6.867767 2.450000
vertex -6.690990 6.690990 2.700000
vertex -6.839273 6.527385 2.700000
endloop
endfacet
facet normal 0.524247 -0.47515 -0.706681
outer loop
vertex -6.867767 6.867767 2.450000
vertex -6.839273 6.527385 2.700000
vertex -7.032526 6.685983 2.450000
endloop
endfacet
facet normal 0.568296 -0.421477 -0.706681
outer loop
vertex -7.032526 6.685983 2.450000
vertex -6.839273 6.527385 2.700000
vertex -6.970807 6.350033 2.700000
endloop
endfacet
facet normal 0.568295 -0.421477 -0.706681
outer loop
vertex -7.032526 6.685983 2.450000
vertex -6.970807 6.350033 2.700000
vertex -7.178674 6.488925 2.450000
endloop
endfacet
facet normal 0.60687 -0.363745 -0.706681
outer loop
vertex -7.178674 6.488925 2.450000
vertex -6.970807 6.350033 2.700000
vertex -7.084323 6.160643 2.700000
endloop
endfacet
facet normal 0.606871 -0.363745 -0.706681
outer loop
vertex -7.178674 6.488925 2.450000
vertex -7.084323 6.160643 2.700000
vertex -7.304803 6.278492 2.450000
endloop
endfacet
facet normal 0.639602 -0.302509 -0.706681
outer loop
vertex -7.304803 6.278492 2.450000
vertex -7.084323 6.160643 2.700000
vertex -7.178729 5.961038 2.700000
endloop
endfacet
facet normal 0.639602 -0.302509 -0.706681
outer loop
vertex -7.304803 6.278492 2.450000
vertex -7.178729 5.961038 2.700000
vertex -7.409699 6.056709 2.450000
endloop
endfacet
facet normal 0.666173 -0.23836 -0.706681
outer loop
vertex -7.409699 6.056709 2.450000
vertex -7.178729 5.961038 2.700000
vertex -7.253116 5.753140 2.700000
endloop
endfacet
facet normal 0.666173 -0.23836 -0.706681
outer loop
vertex -7.409699 6.056709 2.450000
vertex -7.253116 5.753140 2.700000
vertex -7.492351 5.825712 2.450000
endloop
endfacet
facet normal 0.686328 -0.171917 -0.706681
outer loop
vertex -7.492351 5.825712 2.450000
vertex -7.253116 5.753140 2.700000
vertex -7.306767 5.538953 2.700000
endloop
endfacet
facet normal 0.686329 -0.171916 -0.706681
outer loop
vertex -7.492351 5.825712 2.450000
vertex -7.306767 5.538953 2.700000
vertex -7.551963 5.587726 2.450000
endloop
endfacet
facet normal 0.699875 -0.103816 -0.70668
outer loop
vertex -7.551963 5.587726 2.450000
vertex -7.306767 5.538953 2.700000
vertex -7.339166 5.320539 2.700000
endloop
endfacet
facet normal 0.699875 -0.103816 -0.70668
outer loop
vertex -7.551963 5.587726 2.450000
vertex -7.339166 5.320539 2.700000
vertex -7.587962 5.345043 2.450000
endloop
endfacet
facet normal 0.706681 -0.0347165 -0.70668
outer loop
vertex -7.587962 5.345043 2.450000
vertex -7.339166 5.320539 2.700000
vertex -7.350000 5.100000 2.700000
endloop
endfacet
facet normal 0.706681 -0.0347171 -0.706681
outer loop
vertex -7.587962 5.345043 2.450000
vertex -7.350000 5.100000 2.700000
vertex -7.600000 5.100000 2.450000
endloop
endfacet
facet normal 0.707107 0 -0.707107
outer loop
vertex -7.600000 5.100000 2.450000
vertex -7.350000 5.100000 2.700000
vertex -7.350000 -5.100000 2.700000
endloop
endfacet
facet normal 0.707107 0 -0.707107
outer loop
vertex -7.600000 5.100000 2.450000
vertex -7.350000 -5.100000 2.700000
vertex -7.600000 -5.100000 2.450000
endloop
endfacet
facet normal 0.706681 0.0347165 -0.706681
outer loop
vertex -7.600000 -5.100000 2.450000
vertex -7.350000 -5.100000 2.700000
vertex -7.339166 -5.320539 2.700000
endloop
endfacet
facet normal 0.706681 0.0347171 -0.70668
outer loop
vertex -7.600000 -5.100000 2.450000
vertex -7.339166 -5.320539 2.700000
vertex -7.587962 -5.345043 2.450000
endloop
endfacet
facet normal 0.699875 0.103816 -0.70668
outer loop
vertex -7.587962 -5.345043 2.450000
vertex -7.339166 -5.320539 2.700000
vertex -7.306767 -5.538953 2.700000
endloop
endfacet
facet normal 0.699875 0.103816 -0.70668
outer loop
vertex -7.587962 -5.345043 2.450000
vertex -7.306767 -5.538953 2.700000
vertex -7.551963 -5.587726 2.450000
endloop
endfacet
facet normal 0.686329 0.171917 -0.70668
outer loop
vertex -7.551963 -5.587726 2.450000
vertex -7.306767 -5.538953 2.700000
vertex -7.253116 -5.753140 2.700000
endloop
endfacet
facet normal 0.686329 0.171916 -0.706681
outer loop
vertex -7.551963 -5.587726 2.450000
vertex -7.253116 -5.753140 2.700000
vertex -7.492351 -5.825712 2.450000
endloop
endfacet
facet normal 0.666173 0.23836 -0.706681
outer loop
vertex -7.492351 -5.825712 2.450000
vertex -7.253116 -5.753140 2.700000
vertex -7.178729 -5.961038 2.700000
endloop
endfacet
facet normal 0.666173 0.238361 -0.706681
outer loop
vertex -7.492351 -5.825712 2.450000
vertex -7.178729 -5.961038 2.700000
vertex -7.409699 -6.056709 2.450000
endloop
endfacet
facet normal 0.639602 0.302509 -0.706681
outer loop
vertex -7.409699 -6.056709 2.450000
vertex -7.178729 -5.961038 2.700000
vertex -7.084323 -6.160643 2.700000
endloop
endfacet
facet normal 0.639602 0.302509 -0.706681
outer loop
vertex -7.409699 -6.056709 2.450000
vertex -7.084323 -6.160643 2.700000
vertex -7.304803 -6.278492 2.450000
endloop
endfacet
facet normal 0.606871 0.363745 -0.706681
outer loop
vertex -7.304803 -6.278492 2.450000
vertex -7.084323 -6.160643 2.700000
vertex -6.970807 -6.350033 2.700000
endloop
endfacet
facet normal 0.606871 0.363745 -0.706681
outer loop
vertex -7.304803 -6.278492 2.450000
vertex -6.970807 -6.350033 2.700000
vertex -7.178674 -6.488925 2.450000
endloop
endfacet
facet normal 0.568295 0.421477 -0.706681
outer loop
vertex -7.178674 -6.488925 2.450000
vertex -6.970807 -6.350033 2.700000
vertex -6.839273 -6.527385 2.700000
endloop
endfacet
facet normal 0.568295 0.421477 -0.706681
outer loop
vertex -7.178674 -6.488925 2.450000
vertex -6.839273 -6.527385 2.700000
vertex -7.032526 -6.685983 2.450000
endloop
endfacet
facet normal 0.524248 0.475149 -0.706681
outer loop
vertex -7.032526 -6.685983 2.450000
vertex -6.839273 -6.527385 2.700000
vertex -6.690990 -6.690990 2.700000
endloop
endfacet
facet normal 0.524248 0.47515 -0.70668
outer loop
vertex -7.032526 -6.685983 2.450000
vertex -6.690990 -6.690990 2.700000
vertex -6.867767 -6.867767 2.450000
endloop
endfacet
facet normal 0.475149 0.524248 -0.70668
outer loop
vertex -6.867767 -6.867767 2.450000
vertex -6.690990 -6.690990 2.700000
vertex -6.527385 -6.839273 2.700000
endloop
endfacet
facet normal 0.47515 0.524247 -0.706681
outer loop
vertex -6.867767 -6.867767 2.450000
vertex -6.527385 -6.839273 2.700000
vertex -6.685983 -7.032526 2.450000
endloop
endfacet
facet normal 0.421477 0.568296 -0.706681
outer loop
vertex -6.685983 -7.032526 2.450000
vertex -6.527385 -6.839273 2.700000
vertex -6.350033 -6.970807 2.700000
endloop
endfacet
facet normal 0.421477 0.568295 -0.706681
outer loop
vertex -6.685983 -7.032526 2.450000
vertex -6.350033 -6.970807 2.700000
vertex -6.488925 -7.178674 2.450000
endloop
endfacet
facet normal 0.363745 0.60687 -0.706681
outer loop
vertex -6.488925 -7.178674 2.450000
vertex -6.350033 -6.970807 2.700000
vertex -6.160643 -7.084323 2.700000
endloop
endfacet
facet normal 0.363745 0.606871 -0.706681
outer loop
vertex -6.488925 -7.178674 2.450000
vertex -6.160643 -7.084323 2.700000
vertex -6.278492 -7.304803 2.450000
endloop
endfacet
facet normal 0.302509 0.639602 -0.706681
outer loop
vertex -6.278492 -7.304803 2.450000
vertex -6.160643 -7.084323 2.700000
vertex -5.961038 -7.178729 2.700000
endloop
endfacet
facet normal 0.302509 0.639602 -0.706681
outer loop
vertex -6.278492 -7.304803 2.450000
vertex -5.961038 -7.178729 2.700000
vertex -6.056709 -7.409699 2.450000
endloop
endfacet
facet normal 0.23836 0.666173 -0.706681
outer loop
vertex -6.056709 -7.409699 2.450000
vertex -5.961038 -7.178729 2.700000
vertex -5.753140 -7.253116 2.700000
endloop
endfacet
facet normal 0.23836 0.666173 -0.706681
outer loop
vertex -6.056709 -7.409699 2.450000
vertex -5.753140 -7.253116 2.700000
vertex -5.825712 -7.492351 2.450000
endloop
endfacet
facet normal 0.171917 0.686328 -0.706681
outer loop
vertex -5.825712 -7.492351 2.450000
vertex -5.753140 -7.253116 2.700000
vertex -5.538953 -7.306767 2.700000
endloop
endfacet
facet normal 0.171916 0.686329 -0.706681
outer loop
vertex -5.825712 -7.492351 2.450000
vertex -5.538953 -7.306767 2.700000
vertex -5.587726 -7.551963 2.450000
endloop
endfacet
facet normal 0.103816 0.699875 -0.70668
outer loop
vertex -5.587726 -7.551963 2.450000
vertex -5.538953 -7.306767 2.700000
vertex -5.320539 -7.339166 2.700000
endloop
endfacet
facet normal 0.103816 0.699875 -0.70668
outer loop
vertex -5.587726 -7.551963 2.450000
vertex -5.320539 -7.339166 2.700000
vertex -5.345043 -7.587962 2.450000
endloop
endfacet
facet normal 0.0347165 0.706681 -0.70668
outer loop
vertex -5.345043 -7.587962 2.450000
vertex -5.320539 -7.339166 2.700000
vertex -5.100000 -7.350000 2.700000
endloop
endfacet
facet normal 0.0347171 0.706681 -0.706681
outer loop
vertex -5.345043 -7.587962 2.450000
vertex -5.100000 -7.350000 2.700000
vertex -5.100000 -7.600000 2.450000
endloop
endfacet
facet normal 0 0.707107 -0.707107
outer loop
vertex -5.100000 -7.600000 2.450000
vertex -5.100000 -7.350000 2.700000
vertex 5.100000 -7.350000 2.700000
endloop
endfacet
facet normal 0 0.707107 -0.707107
outer loop
vertex -5.100000 -7.600000 2.450000
vertex 5.100000 -7.350000 2.700000
vertex 5.100000 -7.600000 2.450000
endloop
endfacet
facet normal -0.0347165 0.706681 -0.706681
outer loop
vertex 5.100000 -7.600000 2.450000
vertex 5.100000 -7.350000 2.700000
vertex 5.320539 -7.339166 2.700000
endloop
endfacet
facet normal -0.0347171 0.706681 -0.70668
outer loop
vertex 5.100000 -7.600000 2.450000
vertex 5.320539 -7.339166 2.700000
vertex 5.345043 -7.587962 2.450000
endloop
endfacet
facet normal -0.103816 0.699875 -0.70668
outer loop
vertex 5.345043 -7.587962 2.450000
vertex 5.320539 -7.339166 2.700000
vertex 5.538953 -7.306767 2.700000
endloop
endfacet
facet normal -0.103816 0.699875 -0.70668
outer loop
vertex 5.345043 -7.587962 2.450000
vertex 5.538953 -7.306767 2.700000
vertex 5.587726 -7.551963 2.450000
endloop
endfacet
facet normal -0.171917 0.686329 -0.70668
outer loop
vertex 5.587726 -7.551963 2.450000
vertex 5.538953 -7.306767 2.700000
vertex 5.753140 -7.253116 2.700000
endloop
endfacet
facet normal -0.171916 0.686329 -0.706681
outer loop
vertex 5.587726 -7.551963 2.450000
vertex 5.753140 -7.253116 2.700000
vertex 5.825712 -7.492351 2.450000
endloop
endfacet
facet normal -0.23836 0.666173 -0.706681
outer loop
vertex 5.825712 -7.492351 2.450000
vertex 5.753140 -7.253116 2.700000
vertex 5.961038 -7.178729 2.700000
endloop
endfacet
facet normal -0.238361 0.666173 -0.706681
outer loop
vertex 5.825712 -7.492351 2.450000
vertex 5.961038 -7.178729 2.700000
vertex 6.056709 -7.409699 2.450000
endloop
endfacet
facet normal -0.302509 0.639602 -0.706681
outer loop
vertex 6.056709 -7.409699 2.450000
vertex 5.961038 -7.178729 2.700000
vertex 6.160643 -7.084323 2.700000
endloop
endfacet
facet normal -0.302509 0.639602 -0.706681
outer loop
vertex 6.056709 -7.409699 2.450000
vertex 6.160643 -7.084323 2.700000
vertex 6.278492 -7.304803 2.450000
endloop
endfacet
facet normal -0.363745 0.606871 -0.706681
outer loop
vertex 6.278492 -7.304803 2.450000
vertex 6.160643 -7.084323 2.700000
vertex 6.350033 -6.970807 2.700000
endloop
endfacet
facet normal -0.363745 0.606871 -0.706681
outer loop
vertex 6.278492 -7.304803 2.450000
vertex 6.350033 -6.970807 2.700000
vertex 6.488925 -7.178674 2.450000
endloop
endfacet
facet normal -0.421477 0.568295 -0.706681
outer loop
vertex 6.488925 -7.178674 2.450000
vertex 6.350033 -6.970807 2.700000
vertex 6.527385 -6.839273 2.700000
endloop
endfacet
facet normal -0.421477 0.568295 -0.706681
outer loop
vertex 6.488925 -7.178674 2.450000
vertex 6.527385 -6.839273 2.700000
vertex 6.685983 -7.032526 2.450000
endloop
endfacet
facet normal -0.475149 0.524248 -0.706681
outer loop
vertex 6.685983 -7.032526 2.450000
vertex 6.527385 -6.839273 2.700000
vertex 6.690990 -6.690990 2.700000
endloop
endfacet
facet normal -0.47515 0.524248 -0.70668
outer loop
vertex 6.685983 -7.032526 2.450000
vertex 6.690990 -6.690990 2.700000
vertex 6.867767 -6.867767 2.450000
endloop
endfacet
facet normal -0.524248 0.475149 -0.70668
outer loop
vertex 6.867767 -6.867767 2.450000
vertex 6.690990 -6.690990 2.700000
vertex 6.839273 -6.527385 2.700000
endloop
endfacet
facet normal -0.524247 0.47515 -0.706681
outer loop
vertex 6.867767 -6.867767 2.450000
vertex 6.839273 -6.527385 2.700000
vertex 7.032526 -6.685983 2.450000
endloop
endfacet
facet normal -0.568296 0.421477 -0.706681
outer loop
vertex 7.032526 -6.685983 2.450000
vertex 6.839273 -6.527385 2.700000
vertex 6.970807 -6.350033 2.700000
endloop
endfacet
facet normal -0.568295 0.421477 -0.706681
outer loop
vertex 7.032526 -6.685983 2.450000
vertex 6.970807 -6.350033 2.700000
vertex 7.178674 -6.488925 2.450000
endloop
endfacet
facet normal -0.60687 0.363745 -0.706681
outer loop
vertex 7.178674 -6.488925 2.450000
vertex 6.970807 -6.350033 2.700000
vertex 7.084323 -6.160643 2.700000
endloop
endfacet
facet normal -0.606871 0.363745 -0.706681
outer loop
vertex 7.178674 -6.488925 2.450000
vertex 7.084323 -6.160643 2.700000
vertex 7.304803 -6.278492 2.450000
endloop
endfacet
facet normal -0.639602 0.302509 -0.706681
outer loop
vertex 7.304803 -6.278492 2.450000
vertex 7.084323 -6.160643 2.700000
vertex 7.178729 -5.961038 2.700000
endloop
endfacet
facet normal -0.639602 0.302509 -0.706681
outer loop
vertex 7.304803 -6.278492 2.450000
vertex 7.178729 -5.961038 2.700000
vertex 7.409699 -6.056709 2.450000
endloop
endfacet
facet normal -0.666173 0.23836 -0.706681
outer loop
vertex 7.409699 -6.056709 2.450000
vertex 7.178729 -5.961038 2.700000
vertex 7.253116 -5.753140 2.700000
endloop
endfacet
facet normal -0.666173 0.23836 -0.706681
outer loop
vertex 7.409699 -6.056709 2.450000
vertex 7.253116 -5.753140 2.700000
vertex 7.492351 -5.825712 2.450000
endloop
endfacet
facet normal -0.686328 0.171917 -0.706681
outer loop
vertex 7.492351 -5.825712 2.450000
vertex 7.253116 -5.753140 2.700000
vertex 7.306767 -5.538953 2.700000
endloop
endfacet
facet normal -0.686329 0.171916 -0.706681
outer loop
vertex 7.492351 -5.825712 2.450000
vertex 7.306767 -5.538953 2.700000
vertex 7.551963 -5.587726 2.450000
endloop
endfacet
facet normal -0.699875 0.103816 -0.70668
outer loop
vertex 7.551963 -5.587726 2.450000
vertex 7.306767 -5.538953 2.700000
vertex 7.339166 -5.320539 2.700000
endloop
endfacet
facet normal -0.699875 0.103816 -0.70668
outer loop
vertex 7.551963 -5.587726 2.450000
vertex 7.339166 -5.320539 2.700000
vertex 7.587962 -5.345043 2.450000
endloop
endfacet
facet normal -0.706681 0.0347165 -0.70668
outer loop
vertex 7.587962 -5.345043 2.450000
vertex 7.339166 -5.320539 2.700000
vertex 7.350000 -5.100000 2.700000
endloop
endfacet
facet normal -0.706681 0.0347171 -0.706681
outer loop
vertex 7.587962 -5.345043 2.450000
vertex 7.350000 -5.100000 2.700000
vertex 7.600000 -5.100000 2.450000
endloop
endfacet
facet normal -0.707107 0 -0.707107
outer loop
vertex 7.600000 -5.100000 2.450000
vertex 7.350000 -5.100000 2.700000
vertex 7.350000 5.100000 2.700000
endloop
endfacet
facet normal -0.707107 0 -0.707107
outer loop
vertex 7.600000 -5.100000 2.450000
vertex 7.350000 5.100000 2.700000
vertex 7.600000 5.100000 2.450000
endloop
endfacet
facet normal 0 0 -1
outer loop
vertex -5.320539 -7.339166 2.700000
vertex -5.538953 -7.306767 2.700000
vertex -5.753140 -7.253116 2.700000
endloop
endfacet
facet normal 0 0 -1
outer loop
vertex -5.753140 -7.253116 2.700000
vertex -5.961038 -7.178729 2.700000
vertex -6.160643 -7.084323 2.700000
endloop
endfacet
facet normal 0 0 -1
outer loop
vertex -6.160643 -7.084323 2.700000
vertex -6.350033 -6.970807 2.700000
vertex -6.527385 -6.839273 2.700000
endloop
endfacet
facet normal 0 0 -1
outer loop
vertex -6.527385 -6.839273 2.700000
vertex -6.690990 -6.690990 2.700000
vertex -6.839273 -6.527385 2.700000
endloop
endfacet
facet normal 0 0 -1
outer loop
vertex -6.839273 -6.527385 2.700000
vertex -6.970807 -6.350033 2.700000
vertex -1.909188 -1.909188 2.700000
endloop
endfacet
facet normal 0 0 -1
outer loop
vertex -6.839273 -6.527385 2.700000
vertex -1.909188 -1.909188 2.700000
vertex -1.643656 -2.142054 2.700000
endloop
endfacet
facet normal 0 0 -1
outer loop
vertex -6.160643 -7.084323 2.700000
vertex -6.527385 -6.839273 2.700000
vertex -6.839273 -6.527385 2.700000
endloop
endfacet
facet normal 0 0 -1
outer loop
vertex -5.320539 -7.339166 2.700000
vertex -5.753140 -7.253116 2.700000
vertex -6.160643 -7.084323 2.700000
endloop
endfacet
facet normal 0 0 -1
outer loop
vertex 5.100000 -7.350000 2.700000
vertex -5.100000 -7.350000 2.700000
vertex -5.320539 -7.339166 2.700000
endloop
endfacet
facet normal 0 0 -1
outer loop
vertex 5.538953 -7.306767 2.700000
vertex 5.320539 -7.339166 2.700000
vertex 5.100000 -7.350000 2.700000
endloop
endfacet
facet normal 0 0 -1
outer loop
vertex 5.961038 -7.178729 2.700000
vertex 5.753140 -7.253116 2.700000
vertex 5.538953 -7.306767 2.700000
endloop
endfacet
facet normal 0 0 -1
outer loop
vertex 1.651043 -2.135576 2.700000
vertex 6.160643 -7.084323 2.700000
vertex 5.961038 -7.178729 2.700000
endloop
endfacet
facet normal 0 0 -1
outer loop
vertex 1.643656 -2.142054 2.700000
vertex 1.651043 -2.135576 2.700000
vertex 5.961038 -7.178729 2.700000
endloop
endfacet
facet normal 0 0 -1
outer loop
vertex 5.961038 -7.178729 2.700000
vertex 5.538953 -7.306767 2.700000
vertex 5.100000 -7.350000 2.700000
endloop
endfacet
facet normal 0 0 -1
outer loop
vertex 5.100000 -7.350000 2.700000
vertex -5.320539 -7.339166 2.700000
vertex -6.160643 -7.084323 2.700000
endloop
endfacet
facet normal 0 0 -1
outer loop
vertex -6.160643 -7.084323 2.700000
vertex -6.839273 -6.527385 2.700000
vertex -1.643656 -2.142054 2.700000
endloop
endfacet
facet normal 0 0 -1
outer loop
vertex -6.160643 -7.084323 2.700000
vertex -1.643656 -2.142054 2.700000
vertex -1.350000 -2.338269 2.700000
endloop
endfacet
facet normal -0 0 -1
outer loop
vertex 5.961038 -7.178729 2.700000
vertex 5.100000 -7.350000 2.700000
vertex -6.160643 -7.084323 2.700000
endloop
endfacet
facet normal 0 0 -1
outer loop
vertex 1.350000 -2.338269 2.700000
vertex 1.643656 -2.142054 2.700000
vertex 5.961038 -7.178729 2.700000
endloop
endfacet
facet normal 0 0 -1
outer loop
vertex 1.033245 -2.494475 2.700000
vertex 1.350000 -2.338269 2.700000
vertex 5.961038 -7.178729 2.700000
endloop
endfacet
facet normal 0 0 -1
outer loop
vertex 5.961038 -7.178729 2.700000
vertex -6.160643 -7.084323 2.700000
vertex -1.350000 -2.338269 2.700000
endloop
endfacet
facet normal 0 0 -1
outer loop
vertex 5.961038 -7.178729 2.700000
vertex -1.350000 -2.338269 2.700000
vertex -1.033245 -2.494475 2.700000
endloop
endfacet
facet normal 0 0 -1
outer loop
vertex 0.698811 -2.608000 2.700000
vertex 1.033245 -2.494475 2.700000
vertex 5.961038 -7.178729 2.700000
endloop
endfacet
facet normal 0 0 -1
outer loop
vertex 0.352421 -2.676901 2.700000
vertex 0.698811 -2.608000 2.700000
vertex 5.961038 -7.178729 2.700000
endloop
endfacet
facet normal 0 0 -1
outer loop
vertex 5.961038 -7.178729 2.700000
vertex -1.033245 -2.494475 2.700000
vertex -0.698811 -2.608000 2.700000
endloop
endfacet
facet normal 0 0 -1
outer loop
vertex 5.961038 -7.178729 2.700000
vertex -0.698811 -2.608000 2.700000
vertex -0.352421 -2.676901 2.700000
endloop
endfacet
facet normal 0 0 -1
outer loop
vertex -0.000000 -2.700000 2.700000
vertex 0.352421 -2.676901 2.700000
vertex 5.961038 -7.178729 2.700000
endloop
endfacet
facet normal 0 0 -1
outer loop
vertex -0.352421 -2.676901 2.700000
vertex -0.000000 -2.700000 2.700000
vertex 5.961038 -7.178729 2.700000
endloop
endfacet
facet normal 0 0 -1
outer loop
vertex -7.339166 5.320539 2.700000
vertex -7.306767 5.538953 2.700000
vertex -7.253116 5.753140 2.700000
endloop
endfacet
facet normal 0 0 -1
outer loop
vertex -7.253116 5.753140 2.700000
vertex -7.178729 5.961038 2.700000
vertex -7.084323 6.160643 2.700000
endloop
endfacet
facet normal 0 0 -1
outer loop
vertex -7.084323 6.160643 2.700000
vertex -6.970807 6.350033 2.700000
vertex -6.839273 6.527385 2.700000
endloop
endfacet
facet normal 0 0 -1
outer loop
vertex -6.839273 6.527385 2.700000
vertex -6.690990 6.690990 2.700000
vertex -6.527385 6.839273 2.700000
endloop
endfacet
facet normal 0 0 -1
outer loop
vertex -6.527385 6.839273 2.700000
vertex -6.350033 6.970807 2.700000
vertex -6.160643 7.084323 2.700000
endloop
endfacet
facet normal 0 0 -1
outer loop
vertex -6.160643 7.084323 2.700000
vertex -5.961038 7.178729 2.700000
vertex -5.753140 7.253116 2.700000
endloop
endfacet
facet normal 0 0 -1
outer loop
vertex -5.753140 7.253116 2.700000
vertex -5.538953 7.306767 2.700000
vertex -5.320539 7.339166 2.700000
endloop
endfacet
facet normal 0 0 -1
outer loop
vertex -5.320539 7.339166 2.700000
vertex -5.100000 7.350000 2.700000
vertex 5.100000 7.350000 2.700000
endloop
endfacet
facet normal 0 0 -1
outer loop
vertex 5.100000 7.350000 2.700000
vertex 5.320539 7.339166 2.700000
vertex 5.538953 7.306767 2.700000
endloop
endfacet
facet normal 0 0 -1
outer loop
vertex 5.538953 7.306767 2.700000
vertex 5.753140 7.253116 2.700000
vertex 5.961038 7.178729 2.700000
endloop
endfacet
facet normal 0 0 -1
outer loop
vertex 5.961038 7.178729 2.700000
vertex 6.160643 7.084323 2.700000
vertex 6.350033 6.970807 2.700000
endloop
endfacet
facet normal 0 0 -1
outer loop
vertex 6.350033 6.970807 2.700000
vertex 6.527385 6.839273 2.700000
vertex 6.690990 6.690990 2.700000
endloop
endfacet
facet normal 0 0 -1
outer loop
vertex 6.690990 6.690990 2.700000
vertex 6.839273 6.527385 2.700000
vertex 6.970807 6.350033 2.700000
endloop
endfacet
facet normal 0 0 -1
outer loop
vertex 6.970807 6.350033 2.700000
vertex 7.084323 6.160643 2.700000
vertex 7.178729 5.961038 2.700000
endloop
endfacet
facet normal 0 0 -1
outer loop
vertex 7.178729 5.961038 2.700000
vertex 7.253116 5.753140 2.700000
vertex 7.306767 5.538953 2.700000
endloop
endfacet
facet normal 0 0 -1
outer loop
vertex 7.306767 5.538953 2.700000
vertex 7.339166 5.320539 2.700000
vertex 7.350000 5.100000 2.700000
endloop
endfacet
facet normal 0 -0 -1
outer loop
vertex 7.350000 5.100000 2.700000
vertex 7.350000 -5.100000 2.700000
vertex 7.339166 -5.320539 2.700000
endloop
endfacet
facet normal 0 0 -1
outer loop
vertex 7.339166 -5.320539 2.700000
vertex 7.306767 -5.538953 2.700000
vertex 7.253116 -5.753140 2.700000
endloop
endfacet
facet normal 0 0 -1
outer loop
vertex 7.253116 -5.753140 2.700000
vertex 7.178729 -5.961038 2.700000
vertex 7.084323 -6.160643 2.700000
endloop
endfacet
facet normal 0 0 -1
outer loop
vertex 7.084323 -6.160643 2.700000
vertex 6.970807 -6.350033 2.700000
vertex 6.839273 -6.527385 2.700000
endloop
endfacet
facet normal 0 0 -1
outer loop
vertex 6.839273 -6.527385 2.700000
vertex 6.690990 -6.690990 2.700000
vertex 6.527385 -6.839273 2.700000
endloop
endfacet
facet normal 0 0 -1
outer loop
vertex 6.527385 -6.839273 2.700000
vertex 6.350033 -6.970807 2.700000
vertex 6.160643 -7.084323 2.700000
endloop
endfacet
facet normal 0 0 -1
outer loop
vertex 6.160643 -7.084323 2.700000
vertex 1.651043 -2.135576 2.700000
vertex 1.909188 -1.909188 2.700000
endloop
endfacet
facet normal 0 0 -1
outer loop
vertex 6.160643 -7.084323 2.700000
vertex 1.909188 -1.909188 2.700000
vertex 2.142054 -1.643656 2.700000
endloop
endfacet
facet normal 0 0 -1
outer loop
vertex 6.839273 -6.527385 2.700000
vertex 6.527385 -6.839273 2.700000
vertex 6.160643 -7.084323 2.700000
endloop
endfacet
facet normal 0 0 -1
outer loop
vertex 7.253116 -5.753140 2.700000
vertex 7.084323 -6.160643 2.700000
vertex 6.839273 -6.527385 2.700000
endloop
endfacet
facet normal 0 0 -1
outer loop
vertex 7.350000 5.100000 2.700000
vertex 7.339166 -5.320539 2.700000
vertex 7.253116 -5.753140 2.700000
endloop
endfacet
facet normal 0 0 -1
outer loop
vertex 7.178729 5.961038 2.700000
vertex 7.306767 5.538953 2.700000
vertex 7.350000 5.100000 2.700000
endloop
endfacet
facet normal 0 0 -1
outer loop
vertex 6.690990 6.690990 2.700000
vertex 6.970807 6.350033 2.700000
vertex 7.178729 5.961038 2.700000
endloop
endfacet
facet normal 0 0 -1
outer loop
vertex 5.961038 7.178729 2.700000
vertex 6.350033 6.970807 2.700000
vertex 6.690990 6.690990 2.700000
endloop
endfacet
facet normal 0 0 -1
outer loop
vertex 5.100000 7.350000 2.700000
vertex 5.538953 7.306767 2.700000
vertex 5.961038 7.178729 2.700000
endloop
endfacet
facet normal 0 0 -1
outer loop
vertex -5.753140 7.253116 2.700000
vertex -5.320539 7.339166 2.700000
vertex 5.100000 7.350000 2.700000
endloop
endfacet
facet normal 0 0 -1
outer loop
vertex -6.527385 6.839273 2.700000
vertex -6.160643 7.084323 2.700000
vertex -5.753140 7.253116 2.700000
endloop
endfacet
facet normal 0 0 -1
outer loop
vertex -7.084323 6.160643 2.700000
vertex -6.839273 6.527385 2.700000
vertex -6.527385 6.839273 2.700000
endloop
endfacet
facet normal 0 0 -1
outer loop
vertex -7.339166 5.320539 2.700000
vertex -7.253116 5.753140 2.700000
vertex -7.084323 6.160643 2.700000
endloop
endfacet
facet normal 0 0 -1
outer loop
vertex -7.350000 -5.100000 2.700000
vertex -7.350000 5.100000 2.700000
vertex -7.339166 5.320539 2.700000
endloop
endfacet
facet normal 0 0 -1
outer loop
vertex -7.306767 -5.538953 2.700000
vertex -7.339166 -5.320539 2.700000
vertex -7.350000 -5.100000 2.700000
endloop
endfacet
facet normal 0 0 -1
outer loop
vertex -7.178729 -5.961038 2.700000
vertex -7.253116 -5.753140 2.700000
vertex -7.306767 -5.538953 2.700000
endloop
endfacet
facet normal 0 0 -1
outer loop
vertex -6.970807 -6.350033 2.700000
vertex -7.084323 -6.160643 2.700000
vertex -7.178729 -5.961038 2.700000
endloop
endfacet
facet normal 0 -0 -1
outer loop
vertex -2.142054 -1.643656 2.700000
vertex -1.909188 -1.909188 2.700000
vertex -6.970807 -6.350033 2.700000
endloop
endfacet
facet normal 0 -0 -1
outer loop
vertex -2.338269 -1.350000 2.700000
vertex -2.142054 -1.643656 2.700000
vertex -6.970807 -6.350033 2.700000
endloop
endfacet
facet normal 0 0 -1
outer loop
vertex -6.970807 -6.350033 2.700000
vertex -7.178729 -5.961038 2.700000
vertex -7.306767 -5.538953 2.700000
endloop
endfacet
facet normal 0 0 -1
outer loop
vertex -7.306767 -5.538953 2.700000
vertex -7.350000 -5.100000 2.700000
vertex -7.339166 5.320539 2.700000
endloop
endfacet
facet normal 0 0 -1
outer loop
vertex -7.339166 5.320539 2.700000
vertex -7.084323 6.160643 2.700000
vertex -6.527385 6.839273 2.700000
endloop
endfacet
facet normal 0 0 -1
outer loop
vertex -6.527385 6.839273 2.700000
vertex -5.753140 7.253116 2.700000
vertex 5.100000 7.350000 2.700000
endloop
endfacet
facet normal 0 0 -1
outer loop
vertex 5.100000 7.350000 2.700000
vertex 5.961038 7.178729 2.700000
vertex 6.690990 6.690990 2.700000
endloop
endfacet
facet normal 0 0 -1
outer loop
vertex 6.690990 6.690990 2.700000
vertex 7.178729 5.961038 2.700000
vertex 7.350000 5.100000 2.700000
endloop
endfacet
facet normal 0 0 -1
outer loop
vertex 7.350000 5.100000 2.700000
vertex 7.253116 -5.753140 2.700000
vertex 6.839273 -6.527385 2.700000
endloop
endfacet
facet normal -0 0 -1
outer loop
vertex 6.839273 -6.527385 2.700000
vertex 6.160643 -7.084323 2.700000
vertex 2.142054 -1.643656 2.700000
endloop
endfacet
facet normal 0 0 -1
outer loop
vertex 6.839273 -6.527385 2.700000
vertex 2.142054 -1.643656 2.700000
vertex 2.338269 -1.350000 2.700000
endloop
endfacet
facet normal 0 0 -1
outer loop
vertex 6.690990 6.690990 2.700000
vertex 7.350000 5.100000 2.700000
vertex 6.839273 -6.527385 2.700000
endloop
endfacet
facet normal 0 0 -1
outer loop
vertex -6.527385 6.839273 2.700000
vertex 5.100000 7.350000 2.700000
vertex 6.690990 6.690990 2.700000
endloop
endfacet
facet normal 0 0 -1
outer loop
vertex -7.306767 -5.538953 2.700000
vertex -7.339166 5.320539 2.700000
vertex -6.527385 6.839273 2.700000
endloop
endfacet
facet normal 0 0 -1
outer loop
vertex -2.338269 -1.350000 2.700000
vertex -6.970807 -6.350033 2.700000
vertex -7.306767 -5.538953 2.700000
endloop
endfacet
facet normal 0 -0 -1
outer loop
vertex -2.494475 -1.033245 2.700000
vertex -2.338269 -1.350000 2.700000
vertex -7.306767 -5.538953 2.700000
endloop
endfacet
facet normal 0 -0 -1
outer loop
vertex 6.690990 6.690990 2.700000
vertex 6.839273 -6.527385 2.700000
vertex 2.338269 -1.350000 2.700000
endloop
endfacet
facet normal 0 0 -1
outer loop
vertex 6.690990 6.690990 2.700000
vertex 2.338269 -1.350000 2.700000
vertex 2.494475 -1.033245 2.700000
endloop
endfacet
facet normal -0 0 -1
outer loop
vertex -2.494475 -1.033245 2.700000
vertex -7.306767 -5.538953 2.700000
vertex -6.527385 6.839273 2.700000
endloop
endfacet
facet normal -0 -0 -1
outer loop
vertex -2.608000 -0.698811 2.700000
vertex -2.494475 -1.033245 2.700000
vertex -6.527385 6.839273 2.700000
endloop
endfacet
facet normal 0 0 -1
outer loop
vertex 6.690990 6.690990 2.700000
vertex 2.494475 -1.033245 2.700000
vertex 2.608000 -0.698811 2.700000
endloop
endfacet
facet normal 0 0 -1
outer loop
vertex 6.690990 6.690990 2.700000
vertex 2.608000 -0.698811 2.700000
vertex 2.676901 -0.352421 2.700000
endloop
endfacet
facet normal -0 -0 -1
outer loop
vertex -2.676901 -0.352421 2.700000
vertex -2.608000 -0.698811 2.700000
vertex -6.527385 6.839273 2.700000
endloop
endfacet
facet normal -0 -0 -1
outer loop
vertex -2.700000 0.000000 2.700000
vertex -2.676901 -0.352421 2.700000
vertex -6.527385 6.839273 2.700000
endloop
endfacet
facet normal 0 0 -1
outer loop
vertex 6.690990 6.690990 2.700000
vertex 2.676901 -0.352421 2.700000
vertex 2.700000 0.000000 2.700000
endloop
endfacet
facet normal 0 0 -1
outer loop
vertex 6.690990 6.690990 2.700000
vertex 2.700000 0.000000 2.700000
vertex 2.676901 0.352421 2.700000
endloop
endfacet
facet normal -0 0 -1
outer loop
vertex -2.676901 0.352421 2.700000
vertex -2.700000 0.000000 2.700000
vertex -6.527385 6.839273 2.700000
endloop
endfacet
facet normal -0 0 -1
outer loop
vertex -2.608000 0.698811 2.700000
vertex -2.676901 0.352421 2.700000
vertex -6.527385 6.839273 2.700000
endloop
endfacet
facet normal 0 0 -1
outer loop
vertex 6.690990 6.690990 2.700000
vertex 2.676901 0.352421 2.700000
vertex 2.608000 0.698811 2.700000
endloop
endfacet
facet normal 0 0 -1
outer loop
vertex 6.690990 6.690990 2.700000
vertex 2.608000 0.698811 2.700000
vertex 2.494475 1.033245 2.700000
endloop
endfacet
facet normal -0 0 -1
outer loop
vertex -2.494475 1.033245 2.700000
vertex -2.608000 0.698811 2.700000
vertex -6.527385 6.839273 2.700000
endloop
endfacet
facet normal -0 0 -1
outer loop
vertex -2.338269 1.350000 2.700000
vertex -2.494475 1.033245 2.700000
vertex -6.527385 6.839273 2.700000
endloop
endfacet
facet normal 0 0 -1
outer loop
vertex 6.690990 6.690990 2.700000
vertex 2.494475 1.033245 2.700000
vertex 2.338269 1.350000 2.700000
endloop
endfacet
facet normal 0 0 -1
outer loop
vertex 6.690990 6.690990 2.700000
vertex 2.338269 1.350000 2.700000
vertex 2.142054 1.643656 2.700000
endloop
endfacet
facet normal -0 0 -1
outer loop
vertex -2.142054 1.643656 2.700000
vertex -2.338269 1.350000 2.700000
vertex -6.527385 6.839273 2.700000
endloop
endfacet
facet normal -0 0 -1
outer loop
vertex -1.909188 1.909188 2.700000
vertex -2.142054 1.643656 2.700000
vertex -6.527385 6.839273 2.700000
endloop
endfacet
facet normal 0 0 -1
outer loop
vertex 6.690990 6.690990 2.700000
vertex 2.142054 1.643656 2.700000
vertex 1.909188 1.909188 2.700000
endloop
endfacet
facet normal 0 0 -1
outer loop
vertex 6.690990 6.690990 2.700000
vertex 1.909188 1.909188 2.700000
vertex 1.643656 2.142054 2.700000
endloop
endfacet
facet normal -0 0 -1
outer loop
vertex -1.643656 2.142054 2.700000
vertex -1.909188 1.909188 2.700000
vertex -6.527385 6.839273 2.700000
endloop
endfacet
facet normal -0 0 -1
outer loop
vertex -1.350000 2.338269 2.700000
vertex -1.643656 2.142054 2.700000
vertex -6.527385 6.839273 2.700000
endloop
endfacet
facet normal 0 0 -1
outer loop
vertex 6.690990 6.690990 2.700000
vertex 1.643656 2.142054 2.700000
vertex 1.350000 2.338269 2.700000
endloop
endfacet
facet normal 0 0 -1
outer loop
vertex 6.690990 6.690990 2.700000
vertex 1.350000 2.338269 2.700000
vertex 1.033245 2.494475 2.700000
endloop
endfacet
facet normal 0 0 -1
outer loop
vertex -1.350000 2.338269 2.700000
vertex -6.527385 6.839273 2.700000
vertex 6.690990 6.690990 2.700000
endloop
endfacet
facet normal -0 0 -1
outer loop
vertex -1.033245 2.494475 2.700000
vertex -1.350000 2.338269 2.700000
vertex 6.690990 6.690990 2.700000
endloop
endfacet
facet normal 0 0 -1
outer loop
vertex 6.690990 6.690990 2.700000
vertex 1.033245 2.494475 2.700000
vertex 0.698811 2.608000 2.700000
endloop
endfacet
facet normal 0 0 -1
outer loop
vertex 6.690990 6.690990 2.700000
vertex 0.698811 2.608000 2.700000
vertex 0.352421 2.676901 2.700000
endloop
endfacet
facet normal -0 0 -1
outer loop
vertex -0.698811 2.608000 2.700000
vertex -1.033245 2.494475 2.700000
vertex 6.690990 6.690990 2.700000
endloop
endfacet
facet normal -0 0 -1
outer loop
vertex -0.352421 2.676901 2.700000
vertex -0.698811 2.608000 2.700000
vertex 6.690990 6.690990 2.700000
endloop
endfacet
facet normal 0 0 -1
outer loop
vertex 6.690990 6.690990 2.700000
vertex 0.352421 2.676901 2.700000
vertex 0.000000 2.700000 2.700000
endloop
endfacet
facet normal 0 0 -1
outer loop
vertex 6.690990 6.690990 2.700000
vertex 0.000000 2.700000 2.700000
vertex -0.352421 2.676901 2.700000
endloop
endfacet
facet normal 0.997859 0.0654033 0
outer loop
vertex 2.700000 0.000000 2.700000
vertex 2.700000 0.000000 0.250000
vertex 2.676901 0.352421 0.250000
endloop
endfacet
facet normal 0.997859 0.0654033 0
outer loop
vertex 2.700000 0.000000 2.700000
vertex 2.676901 0.352421 0.250000
vertex 2.676901 0.352421 2.700000
endloop
endfacet
facet normal 0.980785 0.19509 0
outer loop
vertex 2.676901 0.352421 2.700000
vertex 2.676901 0.352421 0.250000
vertex 2.608000 0.698811 0.250000
endloop
endfacet
facet normal 0.980785 0.19509 0
outer loop
vertex 2.676901 0.352421 2.700000
vertex 2.608000 0.698811 0.250000
vertex 2.608000 0.698811 2.700000
endloop
endfacet
facet normal 0.94693 0.32144 0
outer loop
vertex 2.608000 0.698811 2.700000
vertex 2.608000 0.698811 0.250000
vertex 2.494475 1.033245 0.250000
endloop
endfacet
facet normal 0.94693 0.32144 0
outer loop
vertex 2.608000 0.698811 2.700000
vertex 2.494475 1.033245 0.250000
vertex 2.494475 1.033245 2.700000
endloop
endfacet
facet normal 0.896873 0.442289 0
outer loop
vertex 2.494475 1.033245 2.700000
vertex 2.494475 1.033245 0.250000
vertex 2.338269 1.350000 0.250000
endloop
endfacet
facet normal 0.896873 0.442289 0
outer loop
vertex 2.494475 1.033245 2.700000
vertex 2.338269 1.350000 0.250000
vertex 2.338269 1.350000 2.700000
endloop
endfacet
facet normal 0.83147 0.55557 0
outer loop
vertex 2.338269 1.350000 2.700000
vertex 2.338269 1.350000 0.250000
vertex 2.142054 1.643656 0.250000
endloop
endfacet
facet normal 0.83147 0.55557 0
outer loop
vertex 2.338269 1.350000 2.700000
vertex 2.142054 1.643656 0.250000
vertex 2.142054 1.643656 2.700000
endloop
endfacet
facet normal 0.75184 0.659346 0
outer loop
vertex 2.142054 1.643656 2.700000
vertex 2.142054 1.643656 0.250000
vertex 1.909188 1.909188 0.250000
endloop
endfacet
facet normal 0.75184 0.659346 0
outer loop
vertex 2.142054 1.643656 2.700000
vertex 1.909188 1.909188 0.250000
vertex 1.909188 1.909188 2.700000
endloop
endfacet
facet normal 0.659346 0.75184 0
outer loop
vertex 1.909188 1.909188 0.250000
vertex 1.643656 2.142054 0.250000
vertex 1.643656 2.142054 2.700000
endloop
endfacet
facet normal 0.659346 0.75184 -0
outer loop
vertex 1.909188 1.909188 0.250000
vertex 1.643656 2.142054 2.700000
vertex 1.909188 1.909188 2.700000
endloop
endfacet
facet normal 0.55557 0.83147 0
outer loop
vertex 1.643656 2.142054 0.250000
vertex 1.350000 2.338269 0.250000
vertex 1.350000 2.338269 2.700000
endloop
endfacet
facet normal 0.55557 0.83147 -0
outer loop
vertex 1.643656 2.142054 0.250000
vertex 1.350000 2.338269 2.700000
vertex 1.643656 2.142054 2.700000
endloop
endfacet
facet normal 0.442289 0.896873 0
outer loop
vertex 1.350000 2.338269 0.250000
vertex 1.033245 2.494475 0.250000
vertex 1.033245 2.494475 2.700000
endloop
endfacet
facet normal 0.442289 0.896873 -0
outer loop
vertex 1.350000 2.338269 0.250000
vertex 1.033245 2.494475 2.700000
vertex 1.350000 2.338269 2.700000
endloop
endfacet
facet normal 0.32144 0.94693 0
outer loop
vertex 1.033245 2.494475 0.250000
vertex 0.698811 2.608000 0.250000
vertex 0.698811 2.608000 2.700000
endloop
endfacet
facet normal 0.32144 0.94693 -0
outer loop
vertex 1.033245 2.494475 0.250000
vertex 0.698811 2.608000 2.700000
vertex 1.033245 2.494475 2.700000
endloop
endfacet
facet normal 0.19509 0.980785 0
outer loop
vertex 0.698811 2.608000 0.250000
vertex 0.352421 2.676901 0.250000
vertex 0.352421 2.676901 2.700000
endloop
endfacet
facet normal 0.19509 0.980785 -0
outer loop
vertex 0.698811 2.608000 0.250000
vertex 0.352421 2.676901 2.700000
vertex 0.698811 2.608000 2.700000
endloop
endfacet
facet normal 0.0654033 0.997859 0
outer loop
vertex 0.352421 2.676901 0.250000
vertex 0.000000 2.700000 0.250000
vertex 0.000000 2.700000 2.700000
endloop
endfacet
facet normal 0.0654033 0.997859 -0
outer loop
vertex 0.352421 2.676901 0.250000
vertex 0.000000 2.700000 2.700000
vertex 0.352421 2.676901 2.700000
endloop
endfacet
facet normal -0.0654033 0.997859 0
outer loop
vertex 0.000000 2.700000 0.250000
vertex -0.352421 2.676901 0.250000
vertex -0.352421 2.676901 2.700000
endloop
endfacet
facet normal -0.0654033 0.997859 0
outer loop
vertex 0.000000 2.700000 0.250000
vertex -0.352421 2.676901 2.700000
vertex 0.000000 2.700000 2.700000
endloop
endfacet
facet normal -0.19509 0.980785 0
outer loop
vertex -0.352421 2.676901 0.250000
vertex -0.698811 2.608000 0.250000
vertex -0.698811 2.608000 2.700000
endloop
endfacet
facet normal -0.19509 0.980785 0
outer loop
vertex -0.352421 2.676901 0.250000
vertex -0.698811 2.608000 2.700000
vertex -0.352421 2.676901 2.700000
endloop
endfacet
facet normal -0.32144 0.94693 0
outer loop
vertex -0.698811 2.608000 0.250000
vertex -1.033245 2.494475 0.250000
vertex -1.033245 2.494475 2.700000
endloop
endfacet
facet normal -0.32144 0.94693 0
outer loop
vertex -0.698811 2.608000 0.250000
vertex -1.033245 2.494475 2.700000
vertex -0.698811 2.608000 2.700000
endloop
endfacet
facet normal -0.442289 0.896873 0
outer loop
vertex -1.033245 2.494475 0.250000
vertex -1.350000 2.338269 0.250000
vertex -1.350000 2.338269 2.700000
endloop
endfacet
facet normal -0.442289 0.896873 0
outer loop
vertex -1.033245 2.494475 0.250000
vertex -1.350000 2.338269 2.700000
vertex -1.033245 2.494475 2.700000
endloop
endfacet
facet normal -0.55557 0.83147 0
outer loop
vertex -1.350000 2.338269 0.250000
vertex -1.643656 2.142054 0.250000
vertex -1.643656 2.142054 2.700000
endloop
endfacet
facet normal -0.55557 0.83147 0
outer loop
vertex -1.350000 2.338269 0.250000
vertex -1.643656 2.142054 2.700000
vertex -1.350000 2.338269 2.700000
endloop
endfacet
facet normal -0.659346 0.75184 0
outer loop
vertex -1.643656 2.142054 0.250000
vertex -1.909188 1.909188 0.250000
vertex -1.909188 1.909188 2.700000
endloop
endfacet
facet normal -0.659346 0.75184 0
outer loop
vertex -1.643656 2.142054 0.250000
vertex -1.909188 1.909188 2.700000
vertex -1.643656 2.142054 2.700000
endloop
endfacet
facet normal -0.75184 0.659346 0
outer loop
vertex -1.909188 1.909188 0.250000
vertex -2.142054 1.643656 0.250000
vertex -2.142054 1.643656 2.700000
endloop
endfacet
facet normal -0.75184 0.659346 0
outer loop
vertex -1.909188 1.909188 0.250000
vertex -2.142054 1.643656 2.700000
vertex -1.909188 1.909188 2.700000
endloop
endfacet
facet normal -0.83147 0.55557 0
outer loop
vertex -2.142054 1.643656 0.250000
vertex -2.338269 1.350000 0.250000
vertex -2.338269 1.350000 2.700000
endloop
endfacet
facet normal -0.83147 0.55557 0
outer loop
vertex -2.142054 1.643656 0.250000
vertex -2.338269 1.350000 2.700000
vertex -2.142054 1.643656 2.700000
endloop
endfacet
facet normal -0.896873 0.442289 0
outer loop
vertex -2.338269 1.350000 0.250000
vertex -2.494475 1.033245 0.250000
vertex -2.494475 1.033245 2.700000
endloop
endfacet
facet normal -0.896873 0.442289 0
outer loop
vertex -2.338269 1.350000 0.250000
vertex -2.494475 1.033245 2.700000
vertex -2.338269 1.350000 2.700000
endloop
endfacet
facet normal -0.94693 0.32144 0
outer loop
vertex -2.494475 1.033245 0.250000
vertex -2.608000 0.698811 0.250000
vertex -2.608000 0.698811 2.700000
endloop
endfacet
facet normal -0.94693 0.32144 0
outer loop
vertex -2.494475 1.033245 0.250000
vertex -2.608000 0.698811 2.700000
vertex -2.494475 1.033245 2.700000
endloop
endfacet
facet normal -0.980785 0.19509 0
outer loop
vertex -2.608000 0.698811 0.250000
vertex -2.676901 0.352421 0.250000
vertex -2.676901 0.352421 2.700000
endloop
endfacet
facet normal -0.980785 0.19509 0
outer loop
vertex -2.608000 0.698811 0.250000
vertex -2.676901 0.352421 2.700000
vertex -2.608000 0.698811 2.700000
endloop
endfacet
facet normal -0.997859 0.0654033 0
outer loop
vertex -2.676901 0.352421 0.250000
vertex -2.700000 0.000000 0.250000
vertex -2.700000 0.000000 2.700000
endloop
endfacet
facet normal -0.997859 0.0654033 0
outer loop
vertex -2.676901 0.352421 0.250000
vertex -2.700000 0.000000 2.700000
vertex -2.676901 0.352421 2.700000
endloop
endfacet
facet normal -0.997859 -0.0654033 0
outer loop
vertex -2.700000 0.000000 0.250000
vertex -2.676901 -0.352421 0.250000
vertex -2.676901 -0.352421 2.700000
endloop
endfacet
facet normal -0.997859 -0.0654033 0
outer loop
vertex -2.700000 0.000000 0.250000
vertex -2.676901 -0.352421 2.700000
vertex -2.700000 0.000000 2.700000
endloop
endfacet
facet normal -0.980785 -0.19509 0
outer loop
vertex -2.676901 -0.352421 0.250000
vertex -2.608000 -0.698811 0.250000
vertex -2.608000 -0.698811 2.700000
endloop
endfacet
facet normal -0.980785 -0.19509 0
outer loop
vertex -2.676901 -0.352421 0.250000
vertex -2.608000 -0.698811 2.700000
vertex -2.676901 -0.352421 2.700000
endloop
endfacet
facet normal -0.94693 -0.32144 0
outer loop
vertex -2.608000 -0.698811 0.250000
vertex -2.494475 -1.033245 0.250000
vertex -2.494475 -1.033245 2.700000
endloop
endfacet
facet normal -0.94693 -0.32144 0
outer loop
vertex -2.608000 -0.698811 0.250000
vertex -2.494475 -1.033245 2.700000
vertex -2.608000 -0.698811 2.700000
endloop
endfacet
facet normal -0.896873 -0.442289 0
outer loop
vertex -2.494475 -1.033245 0.250000
vertex -2.338269 -1.350000 0.250000
vertex -2.338269 -1.350000 2.700000
endloop
endfacet
facet normal -0.896873 -0.442289 0
outer loop
vertex -2.494475 -1.033245 0.250000
vertex -2.338269 -1.350000 2.700000
vertex -2.494475 -1.033245 2.700000
endloop
endfacet
facet normal -0.83147 -0.55557 0
outer loop
vertex -2.338269 -1.350000 0.250000
vertex -2.142054 -1.643656 0.250000
vertex -2.142054 -1.643656 2.700000
endloop
endfacet
facet normal -0.83147 -0.55557 0
outer loop
vertex -2.338269 -1.350000 0.250000
vertex -2.142054 -1.643656 2.700000
vertex -2.338269 -1.350000 2.700000
endloop
endfacet
facet normal -0.75184 -0.659346 0
outer loop
vertex -2.142054 -1.643656 0.250000
vertex -1.909188 -1.909188 0.250000
vertex -1.909188 -1.909188 2.700000
endloop
endfacet
facet normal -0.75184 -0.659346 0
outer loop
vertex -2.142054 -1.643656 0.250000
vertex -1.909188 -1.909188 2.700000
vertex -2.142054 -1.643656 2.700000
endloop
endfacet
facet normal -0.659346 -0.75184 -0
outer loop
vertex -1.909188 -1.909188 2.700000
vertex -1.909188 -1.909188 0.250000
vertex -1.643656 -2.142054 0.250000
endloop
endfacet
facet normal -0.659346 -0.75184 0
outer loop
vertex -1.909188 -1.909188 2.700000
vertex -1.643656 -2.142054 0.250000
vertex -1.643656 -2.142054 2.700000
endloop
endfacet
facet normal -0.55557 -0.83147 -0
outer loop
vertex -1.643656 -2.142054 2.700000
vertex -1.643656 -2.142054 0.250000
vertex -1.350000 -2.338269 0.250000
endloop
endfacet
facet normal -0.55557 -0.83147 0
outer loop
vertex -1.643656 -2.142054 2.700000
vertex -1.350000 -2.338269 0.250000
vertex -1.350000 -2.338269 2.700000
endloop
endfacet
facet normal -0.442289 -0.896873 -0
outer loop
vertex -1.350000 -2.338269 2.700000
vertex -1.350000 -2.338269 0.250000
vertex -1.033245 -2.494475 0.250000
endloop
endfacet
facet normal -0.442289 -0.896873 0
outer loop
vertex -1.350000 -2.338269 2.700000
vertex -1.033245 -2.494475 0.250000
vertex -1.033245 -2.494475 2.700000
endloop
endfacet
facet normal -0.32144 -0.94693 -0
outer loop
vertex -1.033245 -2.494475 2.700000
vertex -1.033245 -2.494475 0.250000
vertex -0.698811 -2.608000 0.250000
endloop
endfacet
facet normal -0.32144 -0.94693 0
outer loop
vertex -1.033245 -2.494475 2.700000
vertex -0.698811 -2.608000 0.250000
vertex -0.698811 -2.608000 2.700000
endloop
endfacet
facet normal -0.19509 -0.980785 -0
outer loop
vertex -0.698811 -2.608000 2.700000
vertex -0.698811 -2.608000 0.250000
vertex -0.352421 -2.676901 0.250000
endloop
endfacet
facet normal -0.19509 -0.980785 0
outer loop
vertex -0.698811 -2.608000 2.700000
vertex -0.352421 -2.676901 0.250000
vertex -0.352421 -2.676901 2.700000
endloop
endfacet
facet normal -0.0654033 -0.997859 -0
outer loop
vertex -0.352421 -2.676901 2.700000
vertex -0.352421 -2.676901 0.250000
vertex -0.000000 -2.700000 0.250000
endloop
endfacet
facet normal -0.0654033 -0.997859 0
outer loop
vertex -0.352421 -2.676901 2.700000
vertex -0.000000 -2.700000 0.250000
vertex -0.000000 -2.700000 2.700000
endloop
endfacet
facet normal 0.0654033 -0.997859 0
outer loop
vertex -0.000000 -2.700000 2.700000
vertex -0.000000 -2.700000 0.250000
vertex 0.352421 -2.676901 0.250000
endloop
endfacet
facet normal 0.0654033 -0.997859 0
outer loop
vertex -0.000000 -2.700000 2.700000
vertex 0.352421 -2.676901 0.250000
vertex 0.352421 -2.676901 2.700000
endloop
endfacet
facet normal 0.19509 -0.980785 0
outer loop
vertex 0.352421 -2.676901 2.700000
vertex 0.352421 -2.676901 0.250000
vertex 0.698811 -2.608000 0.250000
endloop
endfacet
facet normal 0.19509 -0.980785 0
outer loop
vertex 0.352421 -2.676901 2.700000
vertex 0.698811 -2.608000 0.250000
vertex 0.698811 -2.608000 2.700000
endloop
endfacet
facet normal 0.32144 -0.94693 0
outer loop
vertex 0.698811 -2.608000 2.700000
vertex 0.698811 -2.608000 0.250000
vertex 1.033245 -2.494475 0.250000
endloop
endfacet
facet normal 0.32144 -0.94693 0
outer loop
vertex 0.698811 -2.608000 2.700000
vertex 1.033245 -2.494475 0.250000
vertex 1.033245 -2.494475 2.700000
endloop
endfacet
facet normal 0.442289 -0.896873 0
outer loop
vertex 1.033245 -2.494475 2.700000
vertex 1.033245 -2.494475 0.250000
vertex 1.350000 -2.338269 0.250000
endloop
endfacet
facet normal 0.442289 -0.896873 0
outer loop
vertex 1.033245 -2.494475 2.700000
vertex 1.350000 -2.338269 0.250000
vertex 1.350000 -2.338269 2.700000
endloop
endfacet
facet normal 0.55557 -0.83147 0
outer loop
vertex 1.350000 -2.338269 2.700000
vertex 1.350000 -2.338269 0.250000
vertex 1.643656 -2.142054 0.250000
endloop
endfacet
facet normal 0.55557 -0.83147 0
outer loop
vertex 1.350000 -2.338269 2.700000
vertex 1.643656 -2.142054 0.250000
vertex 1.643656 -2.142054 2.700000
endloop
endfacet
facet normal 0.65935 -0.751836 0
outer loop
vertex 1.651043 -2.135576 2.700000
vertex 1.643656 -2.142054 2.700000
vertex 1.643656 -2.142054 0.250000
endloop
endfacet
facet normal 0.659346 -0.75184 0
outer loop
vertex 1.643656 -2.142054 0.250000
vertex 1.909188 -1.909188 0.250000
vertex 1.909188 -1.909188 2.700000
endloop
endfacet
facet normal 0.659346 -0.75184 2.28344e-08
outer loop
vertex 1.651043 -2.135576 2.700000
vertex 1.643656 -2.142054 0.250000
vertex 1.909188 -1.909188 2.700000
endloop
endfacet
facet normal 0.75184 -0.659346 0
outer loop
vertex 1.909188 -1.909188 2.700000
vertex 1.909188 -1.909188 0.250000
vertex 2.142054 -1.643656 0.250000
endloop
endfacet
facet normal 0.75184 -0.659346 0
outer loop
vertex 1.909188 -1.909188 2.700000
vertex 2.142054 -1.643656 0.250000
vertex 2.142054 -1.643656 2.700000
endloop
endfacet
facet normal 0.83147 -0.55557 0
outer loop
vertex 2.142054 -1.643656 2.700000
vertex 2.142054 -1.643656 0.250000
vertex 2.338269 -1.350000 0.250000
endloop
endfacet
facet normal 0.83147 -0.55557 0
outer loop
vertex 2.142054 -1.643656 2.700000
vertex 2.338269 -1.350000 0.250000
vertex 2.338269 -1.350000 2.700000
endloop
endfacet
facet normal 0.896873 -0.442289 0
outer loop
vertex 2.338269 -1.350000 2.700000
vertex 2.338269 -1.350000 0.250000
vertex 2.494475 -1.033245 0.250000
endloop
endfacet
facet normal 0.896873 -0.442289 0
outer loop
vertex 2.338269 -1.350000 2.700000
vertex 2.494475 -1.033245 0.250000
vertex 2.494475 -1.033245 2.700000
endloop
endfacet
facet normal 0.94693 -0.32144 0
outer loop
vertex 2.494475 -1.033245 2.700000
vertex 2.494475 -1.033245 0.250000
vertex 2.608000 -0.698811 0.250000
endloop
endfacet
facet normal 0.94693 -0.32144 0
outer loop
vertex 2.494475 -1.033245 2.700000
vertex 2.608000 -0.698811 0.250000
vertex 2.608000 -0.698811 2.700000
endloop
endfacet
facet normal 0.980785 -0.19509 0
outer loop
vertex 2.608000 -0.698811 2.700000
vertex 2.608000 -0.698811 0.250000
vertex 2.676901 -0.352421 0.250000
endloop
endfacet
facet normal 0.980785 -0.19509 0
outer loop
vertex 2.608000 -0.698811 2.700000
vertex 2.676901 -0.352421 0.250000
vertex 2.676901 -0.352421 2.700000
endloop
endfacet
facet normal 0.997859 -0.0654033 0
outer loop
vertex 2.676901 -0.352421 2.700000
vertex 2.676901 -0.352421 0.250000
vertex 2.700000 0.000000 0.250000
endloop
endfacet
facet normal 0.997859 -0.0654033 0
outer loop
vertex 2.676901 -0.352421 2.700000
vertex 2.700000 0.000000 0.250000
vertex 2.700000 0.000000 2.700000
endloop
endfacet
facet normal 0 0 -1
outer loop
vertex 2.142054 -1.643656 0.250000
vertex 1.909188 -1.909188 0.250000
vertex 1.643656 -2.142054 0.250000
endloop
endfacet
facet normal 0 0 -1
outer loop
vertex 1.643656 -2.142054 0.250000
vertex 1.350000 -2.338269 0.250000
vertex 1.033245 -2.494475 0.250000
endloop
endfacet
facet normal 0 0 -1
outer loop
vertex 1.033245 -2.494475 0.250000
vertex 0.698811 -2.608000 0.250000
vertex 0.352421 -2.676901 0.250000
endloop
endfacet
facet normal -0 0 -1
outer loop
vertex 0.352421 -2.676901 0.250000
vertex -0.000000 -2.700000 0.250000
vertex -0.352421 -2.676901 0.250000
endloop
endfacet
facet normal 0 0 -1
outer loop
vertex -0.352421 -2.676901 0.250000
vertex -0.698811 -2.608000 0.250000
vertex -1.033245 -2.494475 0.250000
endloop
endfacet
facet normal 0 0 -1
outer loop
vertex -1.033245 -2.494475 0.250000
vertex -1.350000 -2.338269 0.250000
vertex -1.643656 -2.142054 0.250000
endloop
endfacet
facet normal 0 0 -1
outer loop
vertex -1.643656 -2.142054 0.250000
vertex -1.909188 -1.909188 0.250000
vertex -2.142054 -1.643656 0.250000
endloop
endfacet
facet normal 0 0 -1
outer loop
vertex -2.142054 -1.643656 0.250000
vertex -2.338269 -1.350000 0.250000
vertex -2.494475 -1.033245 0.250000
endloop
endfacet
facet normal 0 0 -1
outer loop
vertex -2.494475 -1.033245 0.250000
vertex -2.608000 -0.698811 0.250000
vertex -2.676901 -0.352421 0.250000
endloop
endfacet
facet normal 0 0 -1
outer loop
vertex -2.676901 -0.352421 0.250000
vertex -2.700000 0.000000 0.250000
vertex -2.676901 0.352421 0.250000
endloop
endfacet
facet normal 0 0 -1
outer loop
vertex -2.676901 0.352421 0.250000
vertex -2.608000 0.698811 0.250000
vertex -2.494475 1.033245 0.250000
endloop
endfacet
facet normal 0 0 -1
outer loop
vertex -2.494475 1.033245 0.250000
vertex -2.075000 0.625000 0.250000
vertex -2.075000 -0.625000 0.250000
endloop
endfacet
facet normal 0 0 -1
outer loop
vertex -2.075000 -0.625000 0.250000
vertex -0.625000 -0.625000 0.250000
vertex -0.625000 -2.075000 0.250000
endloop
endfacet
facet normal 0 0 -1
outer loop
vertex 0.625000 -2.075000 0.250000
vertex 0.625000 -0.625000 0.250000
vertex 2.075000 -0.625000 0.250000
endloop
endfacet
facet normal 0 0 -1
outer loop
vertex 0.625000 -2.075000 0.250000
vertex 2.075000 -0.625000 0.250000
vertex 2.494475 -1.033245 0.250000
endloop
endfacet
facet normal 0 0 -1
outer loop
vertex 2.494475 -1.033245 0.250000
vertex 2.338269 -1.350000 0.250000
vertex 2.142054 -1.643656 0.250000
endloop
endfacet
facet normal 0 0 -1
outer loop
vertex 2.142054 -1.643656 0.250000
vertex 1.643656 -2.142054 0.250000
vertex 1.033245 -2.494475 0.250000
endloop
endfacet
facet normal 0 0 -1
outer loop
vertex 1.033245 -2.494475 0.250000
vertex 0.352421 -2.676901 0.250000
vertex -0.352421 -2.676901 0.250000
endloop
endfacet
facet normal 0 0 -1
outer loop
vertex -0.352421 -2.676901 0.250000
vertex -1.033245 -2.494475 0.250000
vertex -1.643656 -2.142054 0.250000
endloop
endfacet
facet normal 0 0 -1
outer loop
vertex -1.643656 -2.142054 0.250000
vertex -2.142054 -1.643656 0.250000
vertex -2.494475 -1.033245 0.250000
endloop
endfacet
facet normal 0 0 -1
outer loop
vertex -2.494475 -1.033245 0.250000
vertex -2.676901 -0.352421 0.250000
vertex -2.676901 0.352421 0.250000
endloop
endfacet
facet normal 0 0 -1
outer loop
vertex -2.676901 0.352421 0.250000
vertex -2.494475 1.033245 0.250000
vertex -2.075000 -0.625000 0.250000
endloop
endfacet
facet normal 0 0 -1
outer loop
vertex -2.494475 -1.033245 0.250000
vertex -2.676901 0.352421 0.250000
vertex -2.075000 -0.625000 0.250000
endloop
endfacet
facet normal 0 0 -1
outer loop
vertex -0.352421 -2.676901 0.250000
vertex -1.643656 -2.142054 0.250000
vertex -2.494475 -1.033245 0.250000
endloop
endfacet
facet normal 0 0 -1
outer loop
vertex 2.142054 -1.643656 0.250000
vertex 1.033245 -2.494475 0.250000
vertex -0.352421 -2.676901 0.250000
endloop
endfacet
facet normal 0 0 -1
outer loop
vertex 0.625000 -2.075000 0.250000
vertex 2.494475 -1.033245 0.250000
vertex 2.142054 -1.643656 0.250000
endloop
endfacet
facet normal 0 0 -1
outer loop
vertex -2.494475 -1.033245 0.250000
vertex -2.075000 -0.625000 0.250000
vertex -0.625000 -2.075000 0.250000
endloop
endfacet
facet normal 0 -0 -1
outer loop
vertex 0.625000 -2.075000 0.250000
vertex 2.142054 -1.643656 0.250000
vertex -0.352421 -2.676901 0.250000
endloop
endfacet
facet normal 0 0 -1
outer loop
vertex -0.352421 -2.676901 0.250000
vertex -2.494475 -1.033245 0.250000
vertex -0.625000 -2.075000 0.250000
endloop
endfacet
facet normal 0 0 -1
outer loop
vertex -0.352421 -2.676901 0.250000
vertex -0.625000 -2.075000 0.250000
vertex 0.625000 -2.075000 0.250000
endloop
endfacet
facet normal 0 0 -1
outer loop
vertex -2.494475 1.033245 0.250000
vertex -2.338269 1.350000 0.250000
vertex -2.142054 1.643656 0.250000
endloop
endfacet
facet normal 0 0 -1
outer loop
vertex -2.142054 1.643656 0.250000
vertex -1.909188 1.909188 0.250000
vertex -1.643656 2.142054 0.250000
endloop
endfacet
facet normal 0 0 -1
outer loop
vertex -1.643656 2.142054 0.250000
vertex -1.350000 2.338269 0.250000
vertex -1.033245 2.494475 0.250000
endloop
endfacet
facet normal 0 0 -1
outer loop
vertex -1.033245 2.494475 0.250000
vertex -0.698811 2.608000 0.250000
vertex -0.352421 2.676901 0.250000
endloop
endfacet
facet normal 0 0 -1
outer loop
vertex -0.352421 2.676901 0.250000
vertex 0.000000 2.700000 0.250000
vertex 0.352421 2.676901 0.250000
endloop
endfacet
facet normal 0 0 -1
outer loop
vertex 0.352421 2.676901 0.250000
vertex 0.698811 2.608000 0.250000
vertex 1.033245 2.494475 0.250000
endloop
endfacet
facet normal 0 0 -1
outer loop
vertex 1.033245 2.494475 0.250000
vertex 1.350000 2.338269 0.250000
vertex 1.643656 2.142054 0.250000
endloop
endfacet
facet normal 0 0 -1
outer loop
vertex 1.643656 2.142054 0.250000
vertex 1.909188 1.909188 0.250000
vertex 2.142054 1.643656 0.250000
endloop
endfacet
facet normal 0 0 -1
outer loop
vertex 2.142054 1.643656 0.250000
vertex 2.338269 1.350000 0.250000
vertex 2.494475 1.033245 0.250000
endloop
endfacet
facet normal 0 0 -1
outer loop
vertex 2.494475 1.033245 0.250000
vertex 2.608000 0.698811 0.250000
vertex 2.676901 0.352421 0.250000
endloop
endfacet
facet normal 0 0 -1
outer loop
vertex 2.676901 0.352421 0.250000
vertex 2.700000 0.000000 0.250000
vertex 2.676901 -0.352421 0.250000
endloop
endfacet
facet normal 0 0 -1
outer loop
vertex 2.676901 -0.352421 0.250000
vertex 2.608000 -0.698811 0.250000
vertex 2.494475 -1.033245 0.250000
endloop
endfacet
facet normal 0 0 -1
outer loop
vertex 2.494475 -1.033245 0.250000
vertex 2.075000 -0.625000 0.250000
vertex 2.075000 0.625000 0.250000
endloop
endfacet
facet normal 0 0 -1
outer loop
vertex 2.075000 0.625000 0.250000
vertex 0.625000 0.625000 0.250000
vertex 0.625000 2.075000 0.250000
endloop
endfacet
facet normal 0 -0 -1
outer loop
vertex -0.625000 2.075000 0.250000
vertex -0.625000 0.625000 0.250000
vertex -2.075000 0.625000 0.250000
endloop
endfacet
facet normal 0 0 -1
outer loop
vertex -0.625000 2.075000 0.250000
vertex -2.075000 0.625000 0.250000
vertex -2.494475 1.033245 0.250000
endloop
endfacet
facet normal 0 0 -1
outer loop
vertex -2.494475 1.033245 0.250000
vertex -2.142054 1.643656 0.250000
vertex -1.643656 2.142054 0.250000
endloop
endfacet
facet normal 0 0 -1
outer loop
vertex -1.643656 2.142054 0.250000
vertex -1.033245 2.494475 0.250000
vertex -0.352421 2.676901 0.250000
endloop
endfacet
facet normal 0 0 -1
outer loop
vertex -0.352421 2.676901 0.250000
vertex 0.352421 2.676901 0.250000
vertex 1.033245 2.494475 0.250000
endloop
endfacet
facet normal 0 0 -1
outer loop
vertex 1.033245 2.494475 0.250000
vertex 1.643656 2.142054 0.250000
vertex 2.142054 1.643656 0.250000
endloop
endfacet
facet normal 0 0 -1
outer loop
vertex 2.142054 1.643656 0.250000
vertex 2.494475 1.033245 0.250000
vertex 2.676901 0.352421 0.250000
endloop
endfacet
facet normal 0 -0 -1
outer loop
vertex 2.676901 0.352421 0.250000
vertex 2.676901 -0.352421 0.250000
vertex 2.494475 -1.033245 0.250000
endloop
endfacet
facet normal -0 0 -1
outer loop
vertex 2.676901 0.352421 0.250000
vertex 2.494475 -1.033245 0.250000
vertex 2.075000 0.625000 0.250000
endloop
endfacet
facet normal 0 0 -1
outer loop
vertex 1.033245 2.494475 0.250000
vertex 2.142054 1.643656 0.250000
vertex 2.676901 0.352421 0.250000
endloop
endfacet
facet normal 0 0 -1
outer loop
vertex -1.643656 2.142054 0.250000
vertex -0.352421 2.676901 0.250000
vertex 1.033245 2.494475 0.250000
endloop
endfacet
facet normal -0 0 -1
outer loop
vertex -0.625000 2.075000 0.250000
vertex -2.494475 1.033245 0.250000
vertex -1.643656 2.142054 0.250000
endloop
endfacet
facet normal 0 0 -1
outer loop
vertex 2.676901 0.352421 0.250000
vertex 2.075000 0.625000 0.250000
vertex 0.625000 2.075000 0.250000
endloop
endfacet
facet normal 0 0 -1
outer loop
vertex 0.625000 2.075000 0.250000
vertex -0.625000 2.075000 0.250000
vertex -1.643656 2.142054 0.250000
endloop
endfacet
facet normal 0 -0 -1
outer loop
vertex 1.033245 2.494475 0.250000
vertex 2.676901 0.352421 0.250000
vertex 0.625000 2.075000 0.250000
endloop
endfacet
facet normal 0 0 -1
outer loop
vertex -1.643656 2.142054 0.250000
vertex 1.033245 2.494475 0.250000
vertex 0.625000 2.075000 0.250000
endloop
endfacet
facet normal 0 1 0
outer loop
vertex -0.625000 -2.075000 0.250000
vertex -0.625000 -2.075000 2.550000
vertex 0.625000 -2.075000 2.550000
endloop
endfacet
facet normal 0 1 0
outer loop
vertex -0.625000 -2.075000 0.250000
vertex 0.625000 -2.075000 2.550000
vertex 0.625000 -2.075000 0.250000
endloop
endfacet
facet normal -1 0 0
outer loop
vertex 0.625000 -2.075000 0.250000
vertex 0.625000 -2.075000 2.550000
vertex 0.625000 -0.625000 2.550000
endloop
endfacet
facet normal -1 0 0
outer loop
vertex 0.625000 -2.075000 0.250000
vertex 0.625000 -0.625000 2.550000
vertex 0.625000 -0.625000 0.250000
endloop
endfacet
facet normal 0 1 0
outer loop
vertex 0.625000 -0.625000 0.250000
vertex 0.625000 -0.625000 2.550000
vertex 2.075000 -0.625000 2.550000
endloop
endfacet
facet normal 0 1 0
outer loop
vertex 0.625000 -0.625000 0.250000
vertex 2.075000 -0.625000 2.550000
vertex 2.075000 -0.625000 0.250000
endloop
endfacet
facet normal -1 0 0
outer loop
vertex 2.075000 -0.625000 2.550000
vertex 2.075000 0.625000 2.550000
vertex 2.075000 0.625000 0.250000
endloop
endfacet
facet normal -1 0 0
outer loop
vertex 2.075000 -0.625000 2.550000
vertex 2.075000 0.625000 0.250000
vertex 2.075000 -0.625000 0.250000
endloop
endfacet
facet normal 0 -1 0
outer loop
vertex 2.075000 0.625000 0.250000
vertex 2.075000 0.625000 2.550000
vertex 0.625000 0.625000 2.550000
endloop
endfacet
facet normal 0 -1 0
outer loop
vertex 2.075000 0.625000 0.250000
vertex 0.625000 0.625000 2.550000
vertex 0.625000 0.625000 0.250000
endloop
endfacet
facet normal -1 0 0
outer loop
vertex 0.625000 0.625000 0.250000
vertex 0.625000 0.625000 2.550000
vertex 0.625000 2.075000 2.550000
endloop
endfacet
facet normal -1 0 0
outer loop
vertex 0.625000 0.625000 0.250000
vertex 0.625000 2.075000 2.550000
vertex 0.625000 2.075000 0.250000
endloop
endfacet
facet normal 0 -1 0
outer loop
vertex 0.625000 2.075000 0.250000
vertex 0.625000 2.075000 2.550000
vertex -0.625000 2.075000 2.550000
endloop
endfacet
facet normal 0 -1 0
outer loop
vertex 0.625000 2.075000 0.250000
vertex -0.625000 2.075000 2.550000
vertex -0.625000 2.075000 0.250000
endloop
endfacet
facet normal 1 0 -0
outer loop
vertex -0.625000 2.075000 0.250000
vertex -0.625000 2.075000 2.550000
vertex -0.625000 0.625000 2.550000
endloop
endfacet
facet normal 1 0 0
outer loop
vertex -0.625000 2.075000 0.250000
vertex -0.625000 0.625000 2.550000
vertex -0.625000 0.625000 0.250000
endloop
endfacet
facet normal 0 -1 0
outer loop
vertex -0.625000 0.625000 0.250000
vertex -0.625000 0.625000 2.550000
vertex -2.075000 0.625000 2.550000
endloop
endfacet
facet normal 0 -1 0
outer loop
vertex -0.625000 0.625000 0.250000
vertex -2.075000 0.625000 2.550000
vertex -2.075000 0.625000 0.250000
endloop
endfacet
facet normal 1 0 -0
outer loop
vertex -2.075000 0.625000 0.250000
vertex -2.075000 0.625000 2.550000
vertex -2.075000 -0.625000 2.550000
endloop
endfacet
facet normal 1 0 0
outer loop
vertex -2.075000 0.625000 0.250000
vertex -2.075000 -0.625000 2.550000
vertex -2.075000 -0.625000 0.250000
endloop
endfacet
facet normal 0 1 0
outer loop
vertex -2.075000 -0.625000 0.250000
vertex -2.075000 -0.625000 2.550000
vertex -0.625000 -0.625000 2.550000
endloop
endfacet
facet normal 0 1 0
outer loop
vertex -2.075000 -0.625000 0.250000
vertex -0.625000 -0.625000 2.550000
vertex -0.625000 -0.625000 0.250000
endloop
endfacet
facet normal 1 0 -0
outer loop
vertex -0.625000 -0.625000 0.250000
vertex -0.625000 -0.625000 2.550000
vertex -0.625000 -2.075000 2.550000
endloop
endfacet
facet normal 1 0 0
outer loop
vertex -0.625000 -0.625000 0.250000
vertex -0.625000 -2.075000 2.550000
vertex -0.625000 -2.075000 0.250000
endloop
endfacet
facet normal 0 0 -1
outer loop
vertex -0.625000 -0.625000 2.550000
vertex -2.075000 -0.625000 2.550000
vertex -2.075000 0.625000 2.550000
endloop
endfacet
facet normal 0 0 -1
outer loop
vertex -0.625000 0.625000 2.550000
vertex -0.625000 2.075000 2.550000
vertex 0.625000 2.075000 2.550000
endloop
endfacet
facet normal 0 0 -1
outer loop
vertex -0.625000 -0.625000 2.550000
vertex -2.075000 0.625000 2.550000
vertex -0.625000 0.625000 2.550000
endloop
endfacet
facet normal 0 0 -1
outer loop
vertex 0.625000 -2.075000 2.550000
vertex -0.625000 -2.075000 2.550000
vertex -0.625000 -0.625000 2.550000
endloop
endfacet
facet normal 0 -0 -1
outer loop
vertex 2.075000 0.625000 2.550000
vertex 2.075000 -0.625000 2.550000
vertex 0.625000 -0.625000 2.550000
endloop
endfacet
facet normal -0 -0 -1
outer loop
vertex 0.625000 -0.625000 2.550000
vertex 0.625000 -2.075000 2.550000
vertex -0.625000 -0.625000 2.550000
endloop
endfacet
facet normal 0 0 -1
outer loop
vertex -0.625000 -0.625000 2.550000
vertex -0.625000 0.625000 2.550000
vertex 0.625000 2.075000 2.550000
endloop
endfacet
facet normal 0 0 -1
outer loop
vertex 0.625000 0.625000 2.550000
vertex 2.075000 0.625000 2.550000
vertex 0.625000 -0.625000 2.550000
endloop
endfacet
facet normal 0 0 -1
outer loop
vertex -0.625000 -0.625000 2.550000
vertex 0.625000 2.075000 2.550000
vertex 0.625000 0.625000 2.550000
endloop
endfacet
facet normal 0 -0 -1
outer loop
vertex 0.625000 0.625000 2.550000
vertex 0.625000 -0.625000 2.550000
vertex -0.625000 -0.625000 2.550000
endloop
endfacet
facet normal -0.155201 0.00933225 0.987839
outer loop
vertex 1.755181 0.169086 3.574913
vertex 1.869486 0.221357 3.592377
vertex 1.828873 0.208387 3.586119
endloop
endfacet
facet normal -0.155141 0.00941518 0.987847
outer loop
vertex 1.645892 0.046058 3.558916
vertex 1.607426 -0.075117 3.554030
vertex 1.693283 0.114051 3.565711
endloop
endfacet
facet normal -0.155045 0.0093841 0.987863
outer loop
vertex 1.607426 -0.075117 3.554030
vertex 1.645892 0.046058 3.558916
vertex 1.615449 -0.032539 3.554885
endloop
endfacet
facet normal -0.155111 0.00949169 0.987851
outer loop
vertex 1.615449 -0.205595 3.556540
vertex 1.667674 -0.319722 3.565837
vertex 1.604701 -0.119155 3.554022
endloop
endfacet
facet normal -0.15509 0.00950168 0.987855
outer loop
vertex 1.667674 -0.319722 3.565837
vertex 1.615449 -0.205595 3.556540
vertex 1.628373 -0.246038 3.558959
endloop
endfacet
facet normal -0.155211 0.00953182 0.987835
outer loop
vertex 1.790717 -0.429002 3.586220
vertex 1.911898 -0.467480 3.605632
vertex 1.722716 -0.381612 3.575078
endloop
endfacet
facet normal -0.155189 0.00960455 0.987838
outer loop
vertex 1.911898 -0.467480 3.605632
vertex 1.790717 -0.429002 3.586220
vertex 1.869320 -0.459451 3.598865
endloop
endfacet
facet normal -0.15528 0.00957356 0.987824
outer loop
vertex 2.042387 -0.459473 3.626063
vertex 2.156530 -0.407259 3.643500
vertex 1.955936 -0.470217 3.612578
endloop
endfacet
facet normal -0.15529 0.00959621 0.987822
outer loop
vertex 2.156530 -0.407259 3.643500
vertex 2.042387 -0.459473 3.626063
vertex 2.082836 -0.446552 3.632296
endloop
endfacet
facet normal -0.155318 0.0094827 0.987819
outer loop
vertex 2.265812 -0.284225 3.659497
vertex 2.304272 -0.163030 3.664381
vertex 2.218425 -0.352224 3.652699
endloop
endfacet
facet normal -0.1554 0.00950935 0.987806
outer loop
vertex 2.304272 -0.163030 3.664381
vertex 2.265812 -0.284225 3.659497
vertex 2.296251 -0.205616 3.663529
endloop
endfacet
facet normal -0.155347 0.00941212 0.987815
outer loop
vertex 2.296251 -0.032525 3.661873
vertex 2.244032 0.081619 3.652573
vertex 2.306998 -0.118982 3.664387
endloop
endfacet
facet normal -0.155392 0.00939128 0.987808
outer loop
vertex 2.244032 0.081619 3.652573
vertex 2.296251 -0.032525 3.661873
vertex 2.283329 0.007925 3.659456
endloop
endfacet
facet normal -0.155271 0.00936552 0.987827
outer loop
vertex 2.120993 0.190898 3.632193
vertex 1.999805 0.229355 3.612780
vertex 2.188994 0.143513 3.643331
endloop
endfacet
facet normal -0.155298 0.00928053 0.987824
outer loop
vertex 1.999805 0.229355 3.612780
vertex 2.120993 0.190898 3.632193
vertex 2.042388 0.221335 3.619550
endloop
endfacet
facet normal -0.155205 0.0093412 0.987838
outer loop
vertex 1.869486 0.221357 3.592377
vertex 1.755181 0.169086 3.574913
vertex 1.955762 0.232080 3.605831
endloop
endfacet
facet normal -0.155241 0.00945198 0.987831
outer loop
vertex 2.218425 -0.352224 3.652699
vertex 2.306998 -0.118982 3.664387
vertex 1.722716 -0.381612 3.575078
endloop
endfacet
facet normal -0.155162 0.00942468 0.987844
outer loop
vertex 1.604701 -0.119155 3.554022
vertex 1.693283 0.114051 3.565711
vertex 1.607426 -0.075117 3.554030
endloop
endfacet
facet normal -0.155208 0.00946055 0.987836
outer loop
vertex 1.722716 -0.381612 3.575078
vertex 1.604701 -0.119155 3.554022
vertex 1.667674 -0.319722 3.565837
endloop
endfacet
facet normal -0.155219 0.00951349 0.987834
outer loop
vertex 1.955936 -0.470217 3.612578
vertex 1.722716 -0.381612 3.575078
vertex 1.911898 -0.467480 3.605632
endloop
endfacet
facet normal -0.15525 0.00947732 0.98783
outer loop
vertex 2.218425 -0.352224 3.652699
vertex 1.955936 -0.470217 3.612578
vertex 2.156530 -0.407259 3.643500
endloop
endfacet
facet normal -0.155308 0.00947817 0.987821
outer loop
vertex 2.306998 -0.118982 3.664387
vertex 2.218425 -0.352224 3.652699
vertex 2.304272 -0.163030 3.664381
endloop
endfacet
facet normal -0.155262 0.00943964 0.987828
outer loop
vertex 2.188994 0.143513 3.643331
vertex 2.306998 -0.118982 3.664387
vertex 2.244032 0.081619 3.652573
endloop
endfacet
facet normal -0.155265 0.00937886 0.987828
outer loop
vertex 1.955762 0.232080 3.605831
vertex 2.188994 0.143513 3.643331
vertex 1.999805 0.229355 3.612780
endloop
endfacet
facet normal -0.155229 0.00945079 0.987833
outer loop
vertex 1.604701 -0.119155 3.554022
vertex 1.722716 -0.381612 3.575078
vertex 1.693283 0.114051 3.565711
endloop
endfacet
facet normal -0.155241 0.00945575 0.987831
outer loop
vertex 1.955936 -0.470217 3.612578
vertex 2.218425 -0.352224 3.652699
vertex 1.722716 -0.381612 3.575078
endloop
endfacet
facet normal -0.155233 0.00943062 0.987833
outer loop
vertex 1.755181 0.169086 3.574913
vertex 1.693283 0.114051 3.565711
vertex 1.955762 0.232080 3.605831
endloop
endfacet
facet normal -0.15524 0.0094472 0.987832
outer loop
vertex 2.188994 0.143513 3.643331
vertex 1.955762 0.232080 3.605831
vertex 1.693283 0.114051 3.565711
endloop
endfacet
facet normal -0.15524 0.0094501 0.987832
outer loop
vertex 1.693283 0.114051 3.565711
vertex 1.722716 -0.381612 3.575078
vertex 2.306998 -0.118982 3.664387
endloop
endfacet
facet normal -0.15524 0.00944983 0.987832
outer loop
vertex 2.306998 -0.118982 3.664387
vertex 2.188994 0.143513 3.643331
vertex 1.693283 0.114051 3.565711
endloop
endfacet
facet normal -0.162712 -0.13709 0.977103
outer loop
vertex 1.926376 1.863690 3.738624
vertex 1.889978 1.789167 3.722107
vertex 2.255049 1.789168 3.782901
endloop
endfacet
facet normal -0.162689 -0.137102 0.977106
outer loop
vertex 1.904069 1.828628 3.729990
vertex 1.889978 1.789167 3.722107
vertex 1.926376 1.863690 3.738624
endloop
endfacet
facet normal -0.0725652 -0.0465088 0.996279
outer loop
vertex 0.824330 0.748882 3.499830
vertex 0.789504 0.726769 3.496261
vertex 0.863482 0.762897 3.503336
endloop
endfacet
facet normal -0.072572 -0.0464642 0.99628
outer loop
vertex 0.760251 0.697520 3.492766
vertex 0.760251 0.463353 3.481845
vertex 0.789504 0.726769 3.496261
endloop
endfacet
facet normal -0.0724945 -0.0464794 0.996285
outer loop
vertex 0.724044 0.623235 3.486666
vertex 0.719107 0.580597 3.484317
vertex 0.738134 0.662697 3.489532
endloop
endfacet
facet normal -0.0725024 -0.0464502 0.996286
outer loop
vertex 0.724044 0.537637 3.482674
vertex 0.738134 0.498176 3.481859
vertex 0.719107 0.580597 3.484317
endloop
endfacet
facet normal -0.0725184 -0.0464539 0.996285
outer loop
vertex 0.760251 0.463353 3.481845
vertex 0.719107 0.580597 3.484317
vertex 0.738134 0.498176 3.481859
endloop
endfacet
facet normal -0.0725636 -0.0464094 0.996283
outer loop
vertex 0.824330 0.411990 3.484118
vertex 0.906616 0.392958 3.489225
vertex 0.789265 0.434295 3.482604
endloop
endfacet
facet normal -0.0725638 -0.04641 0.996283
outer loop
vertex 0.906616 0.392958 3.489225
vertex 0.824330 0.411990 3.484118
vertex 0.863793 0.397902 3.486336
endloop
endfacet
facet normal -0.0937399 -0.0489464 0.994393
outer loop
vertex 1.173775 0.804848 3.531374
vertex 1.087345 0.784580 3.522229
vertex 1.179352 0.420461 3.512980
endloop
endfacet
facet normal -0.103561 -0.052168 0.993254
outer loop
vertex 1.297432 0.849110 3.546592
vertex 1.173775 0.804848 3.531374
vertex 1.392580 0.482851 3.537276
endloop
endfacet
facet normal -0.121671 -0.0602132 0.990742
outer loop
vertex 1.698831 0.648982 3.582865
vertex 1.375330 0.887311 3.557621
vertex 1.551655 0.556308 3.559159
endloop
endfacet
facet normal -0.15919 -0.108803 0.981234
outer loop
vertex 2.170116 1.260415 3.703021
vertex 2.211638 1.386576 3.723746
vertex 1.835146 1.437118 3.668271
endloop
endfacet
facet normal -0.159862 -0.114661 0.980458
outer loop
vertex 1.868366 1.565613 3.688714
vertex 1.835146 1.437118 3.668271
vertex 2.211638 1.386576 3.723746
endloop
endfacet
facet normal -0.161331 -0.130526 0.978231
outer loop
vertex 1.889978 1.789167 3.722107
vertex 1.868366 1.565613 3.688714
vertex 2.253003 1.607977 3.757801
endloop
endfacet
facet normal -0.161579 -0.131044 0.978121
outer loop
vertex 1.889978 1.789167 3.722107
vertex 2.253003 1.607977 3.757801
vertex 2.259208 1.699820 3.771131
endloop
endfacet
facet normal -0.162711 -0.137102 0.977102
outer loop
vertex 2.189604 1.892703 3.786529
vertex 1.955438 1.892700 3.747534
vertex 2.218851 1.863454 3.787295
endloop
endfacet
facet normal -0.16274 -0.137105 0.977097
outer loop
vertex 2.218851 1.863454 3.787295
vertex 2.255049 1.789168 3.782901
vertex 2.240962 1.828630 3.786092
endloop
endfacet
facet normal -0.162722 -0.137161 0.977092
outer loop
vertex 2.154783 1.914816 3.783834
vertex 2.072687 1.933836 3.772832
vertex 2.189604 1.892703 3.786529
endloop
endfacet
facet normal -0.162722 -0.13716 0.977092
outer loop
vertex 2.115635 1.928830 3.779282
vertex 2.072687 1.933836 3.772832
vertex 2.154783 1.914816 3.783834
endloop
endfacet
facet normal -0.162698 -0.137168 0.977095
outer loop
vertex 2.029727 1.928901 3.764986
vertex 1.990264 1.914813 3.756437
vertex 2.072687 1.933836 3.772832
endloop
endfacet
facet normal -0.162712 -0.137105 0.977101
outer loop
vertex 1.955438 1.892700 3.747534
vertex 1.926376 1.863690 3.738624
vertex 2.218851 1.863454 3.787295
endloop
endfacet
facet normal -0.0725828 -0.0464645 0.996279
outer loop
vertex 0.789265 0.434295 3.482604
vertex 0.906616 0.392958 3.489225
vertex 0.789504 0.726769 3.496261
endloop
endfacet
facet normal -0.0725271 -0.0464717 0.996283
outer loop
vertex 0.760251 0.697520 3.492766
vertex 0.738134 0.662697 3.489532
vertex 0.719107 0.580597 3.484317
endloop
endfacet
facet normal -0.072569 -0.0464645 0.99628
outer loop
vertex 0.789265 0.434295 3.482604
vertex 0.789504 0.726769 3.496261
vertex 0.760251 0.463353 3.481845
endloop
endfacet
facet normal -0.0851923 -0.0468087 0.995264
outer loop
vertex 0.999269 0.396082 3.496418
vertex 1.179352 0.420461 3.512980
vertex 1.087345 0.784580 3.522229
endloop
endfacet
facet normal -0.113155 -0.0556707 0.992017
outer loop
vertex 1.375330 0.887311 3.557621
vertex 1.297432 0.849110 3.546592
vertex 1.551655 0.556308 3.559159
endloop
endfacet
facet normal -0.155867 -0.10226 0.982471
outer loop
vertex 2.135860 1.179422 3.689156
vertex 2.170116 1.260415 3.703021
vertex 1.835146 1.437118 3.668271
endloop
endfacet
facet normal -0.162258 -0.123366 0.979006
outer loop
vertex 1.868366 1.565613 3.688714
vertex 2.232499 1.473649 3.737476
vertex 2.253003 1.607977 3.757801
endloop
endfacet
facet normal -0.162712 -0.137091 0.977103
outer loop
vertex 2.218851 1.863454 3.787295
vertex 1.926376 1.863690 3.738624
vertex 2.255049 1.789168 3.782901
endloop
endfacet
facet normal -0.162711 -0.137127 0.977098
outer loop
vertex 2.072687 1.933836 3.772832
vertex 1.955438 1.892700 3.747534
vertex 2.189604 1.892703 3.786529
endloop
endfacet
facet normal -0.162701 -0.137153 0.977096
outer loop
vertex 1.990264 1.914813 3.756437
vertex 1.955438 1.892700 3.747534
vertex 2.072687 1.933836 3.772832
endloop
endfacet
facet normal -0.0725864 -0.0464657 0.996279
outer loop
vertex 0.863482 0.762897 3.503336
vertex 0.789504 0.726769 3.496261
vertex 0.906616 0.392958 3.489225
endloop
endfacet
facet normal -0.0725481 -0.0464643 0.996282
outer loop
vertex 0.719107 0.580597 3.484317
vertex 0.760251 0.463353 3.481845
vertex 0.760251 0.697520 3.492766
endloop
endfacet
facet normal -0.101553 -0.0507985 0.993532
outer loop
vertex 1.266378 0.441313 3.522253
vertex 1.392580 0.482851 3.537276
vertex 1.173775 0.804848 3.531374
endloop
endfacet
facet normal -0.155211 -0.101479 0.982655
outer loop
vertex 1.835146 1.437118 3.668271
vertex 1.765637 1.277625 3.640821
vertex 2.135860 1.179422 3.689156
endloop
endfacet
facet normal -0.16273 -0.1363 0.977211
outer loop
vertex 2.255049 1.789168 3.782901
vertex 1.889978 1.789167 3.722107
vertex 2.259208 1.699820 3.771131
endloop
endfacet
facet normal -0.160576 -0.116085 0.980173
outer loop
vertex 1.868366 1.565613 3.688714
vertex 2.211638 1.386576 3.723746
vertex 2.232499 1.473649 3.737476
endloop
endfacet
facet normal -0.07575 -0.0468249 0.996027
outer loop
vertex 0.906616 0.392958 3.489225
vertex 0.999269 0.396082 3.496418
vertex 0.863482 0.762897 3.503336
endloop
endfacet
facet normal -0.14827 -0.0872505 0.985091
outer loop
vertex 1.765637 1.277625 3.640821
vertex 1.670067 1.134415 3.613752
vertex 2.075210 1.063319 3.668434
endloop
endfacet
facet normal -0.153673 -0.0952592 0.983519
outer loop
vertex 2.075210 1.063319 3.668434
vertex 2.135860 1.179422 3.689156
vertex 1.765637 1.277625 3.640821
endloop
endfacet
facet normal -0.0793665 -0.0481572 0.995682
outer loop
vertex 1.087345 0.784580 3.522229
vertex 0.863482 0.762897 3.503336
vertex 0.999269 0.396082 3.496418
endloop
endfacet
facet normal -0.147931 -0.0851425 0.985326
outer loop
vertex 1.950934 0.885514 3.634412
vertex 2.075210 1.063319 3.668434
vertex 1.670067 1.134415 3.613752
endloop
endfacet
facet normal -0.0942209 -0.0489512 0.994347
outer loop
vertex 1.179352 0.420461 3.512980
vertex 1.266378 0.441313 3.522253
vertex 1.173775 0.804848 3.531374
endloop
endfacet
facet normal -0.14006 -0.0761041 0.987214
outer loop
vertex 1.670067 1.134415 3.613752
vertex 1.583096 1.039503 3.594096
vertex 1.950934 0.885514 3.634412
endloop
endfacet
facet normal -0.111473 -0.0541987 0.992289
outer loop
vertex 1.392580 0.482851 3.537276
vertex 1.551655 0.556308 3.559159
vertex 1.297432 0.849110 3.546592
endloop
endfacet
facet normal -0.139631 -0.0750411 0.987356
outer loop
vertex 1.832452 0.759244 3.608060
vertex 1.950934 0.885514 3.634412
vertex 1.583096 1.039503 3.594096
endloop
endfacet
facet normal -0.121955 -0.0606051 0.990684
outer loop
vertex 1.484427 0.956712 3.575297
vertex 1.375330 0.887311 3.557621
vertex 1.698831 0.648982 3.582865
endloop
endfacet
facet normal -0.131558 -0.0677771 0.988989
outer loop
vertex 1.583096 1.039503 3.594096
vertex 1.484427 0.956712 3.575297
vertex 1.832452 0.759244 3.608060
endloop
endfacet
facet normal -0.131159 -0.0670573 0.989091
outer loop
vertex 1.698831 0.648982 3.582865
vertex 1.832452 0.759244 3.608060
vertex 1.484427 0.956712 3.575297
endloop
endfacet
facet normal 0.165641 0.156274 0.973726
outer loop
vertex -2.306998 -1.989747 3.822873
vertex -2.303680 -2.033545 3.829337
vertex -1.927152 -1.998091 3.759596
endloop
endfacet
facet normal 0.16532 0.158946 0.973348
outer loop
vertex -2.303680 -2.033545 3.829337
vertex -2.283793 -2.116958 3.839581
vertex -1.927152 -1.998091 3.759596
endloop
endfacet
facet normal 0.161646 0.166276 0.97274
outer loop
vertex -2.247747 -2.193573 3.846286
vertex -2.168010 -2.290667 3.849633
vertex -1.927152 -1.998091 3.759596
endloop
endfacet
facet normal 0.153406 0.172063 0.973068
outer loop
vertex -2.063503 -2.360562 3.844927
vertex -1.983115 -2.388846 3.837255
vertex -1.905026 -2.020214 3.759761
endloop
endfacet
facet normal 0.165642 0.156027 0.973765
outer loop
vertex -1.929366 -1.965005 3.754671
vertex -2.306998 -1.989747 3.822873
vertex -1.927152 -1.998091 3.759596
endloop
endfacet
facet normal 0.147149 0.173045 0.97386
outer loop
vertex -1.871929 -2.022434 3.755099
vertex -1.896941 -2.400000 3.825968
vertex -1.852133 -2.398570 3.818944
endloop
endfacet
facet normal -0.091558 0.101423 0.990621
outer loop
vertex 1.177774 -1.462026 3.591602
vertex 1.272645 -1.419326 3.595999
vertex 1.076995 -1.099155 3.545135
endloop
endfacet
facet normal -0.0966332 0.097893 0.990494
outer loop
vertex 1.373543 -1.332861 3.597165
vertex 1.076995 -1.099155 3.545135
vertex 1.309935 -1.393735 3.596975
endloop
endfacet
facet normal -0.0984109 0.0956471 0.990539
outer loop
vertex 1.399872 -1.298080 3.596422
vertex 1.076995 -1.099155 3.545135
vertex 1.373543 -1.332861 3.597165
endloop
endfacet
facet normal -0.101634 0.0898214 0.990759
outer loop
vertex 1.465275 -1.140065 3.588473
vertex 1.096498 -1.071543 3.544430
vertex 1.440658 -1.222215 3.593395
endloop
endfacet
facet normal -0.102228 0.0822664 0.991354
outer loop
vertex 1.463172 -0.968667 3.573705
vertex 1.096498 -1.071543 3.544430
vertex 1.473010 -1.054675 3.581856
endloop
endfacet
facet normal -0.100875 0.0767456 0.991935
outer loop
vertex 1.413849 -0.845116 3.559001
vertex 1.091884 -1.037988 3.541181
vertex 1.451382 -0.926249 3.569095
endloop
endfacet
facet normal -0.0273549 -0.0198681 0.999428
outer loop
vertex -0.935022 0.991272 3.524599
vertex 1.084497 -1.028255 3.539727
vertex -0.706226 1.288909 3.536778
endloop
endfacet
facet normal 0.0709806 -0.093974 0.993041
outer loop
vertex -0.869078 1.368610 3.555594
vertex -0.935022 0.991272 3.524599
vertex -0.784708 1.338511 3.546715
endloop
endfacet
facet normal 0.0775597 -0.0950909 0.992443
outer loop
vertex -0.999570 1.378638 3.566497
vertex -0.972939 1.004395 3.528558
vertex -0.956022 1.379841 3.563209
endloop
endfacet
facet normal 0.0866559 -0.092203 0.991962
outer loop
vertex -1.165364 1.330599 3.575689
vertex -1.202902 1.308224 3.576888
vertex -0.972939 1.004395 3.528558
endloop
endfacet
facet normal 0.0891061 -0.0906817 0.991886
outer loop
vertex -1.270610 1.251683 3.577801
vertex -1.006129 0.983863 3.529557
vertex -1.202902 1.308224 3.576888
endloop
endfacet
facet normal 0.094162 -0.0842433 0.991986
outer loop
vertex -1.369200 1.084807 3.572593
vertex -1.006129 0.983863 3.529557
vertex -1.326059 1.179906 3.576574
endloop
endfacet
facet normal 0.105407 -0.0444144 0.993437
outer loop
vertex -1.307534 0.025957 3.518711
vertex -1.006129 0.983863 3.529557
vertex -1.369200 1.084807 3.572593
endloop
endfacet
facet normal 0.165877 0.153458 0.974133
outer loop
vertex -2.299054 -1.899209 3.807257
vertex -2.306998 -1.989747 3.822873
vertex -1.929366 -1.965005 3.754671
endloop
endfacet
facet normal 0.157537 0.170062 0.972759
outer loop
vertex -2.168010 -2.290667 3.849633
vertex -2.063503 -2.360562 3.844927
vertex -1.905026 -2.020214 3.759761
endloop
endfacet
facet normal 0.1602 0.167477 0.972773
outer loop
vertex -1.927152 -1.998091 3.759596
vertex -2.168010 -2.290667 3.849633
vertex -1.905026 -2.020214 3.759761
endloop
endfacet
facet normal 0.144199 0.172967 0.974315
outer loop
vertex -1.871929 -2.022434 3.755099
vertex -1.852133 -2.398570 3.818944
vertex -1.760478 -2.380412 3.802155
endloop
endfacet
facet normal -0.0943638 0.0996944 0.990533
outer loop
vertex 1.272645 -1.419326 3.595999
vertex 1.309935 -1.393735 3.596975
vertex 1.076995 -1.099155 3.545135
endloop
endfacet
facet normal -0.102364 0.0860577 0.991017
outer loop
vertex 1.465275 -1.140065 3.588473
vertex 1.473010 -1.054675 3.581856
vertex 1.096498 -1.071543 3.544430
endloop
endfacet
facet normal -0.0993793 0.074217 0.992278
outer loop
vertex 1.387729 -0.806712 3.553513
vertex 1.091884 -1.037988 3.541181
vertex 1.413849 -0.845116 3.559001
endloop
endfacet
facet normal 0.0746752 -0.0949823 0.992674
outer loop
vertex -0.956022 1.379841 3.563209
vertex -0.972939 1.004395 3.528558
vertex -0.869078 1.368610 3.555594
endloop
endfacet
facet normal 0.0841684 -0.0936813 0.992038
outer loop
vertex -1.084936 1.363060 3.571930
vertex -1.165364 1.330599 3.575689
vertex -0.972939 1.004395 3.528558
endloop
endfacet
facet normal 0.0918807 -0.0879405 0.991879
outer loop
vertex -1.270610 1.251683 3.577801
vertex -1.326059 1.179906 3.576574
vertex -1.006129 0.983863 3.529557
endloop
endfacet
facet normal 0.35618 -0.0375662 0.933662
outer loop
vertex -2.299054 -1.899209 3.807257
vertex -1.433105 -0.376089 3.538192
vertex -1.369200 1.084807 3.572593
endloop
endfacet
facet normal 0.164101 0.162362 0.97299
outer loop
vertex -2.283793 -2.116958 3.839581
vertex -2.247747 -2.193573 3.846286
vertex -1.927152 -1.998091 3.759596
endloop
endfacet
facet normal 0.14988 0.172894 0.97347
outer loop
vertex -1.905026 -2.020214 3.759761
vertex -1.983115 -2.388846 3.837255
vertex -1.896941 -2.400000 3.825968
endloop
endfacet
facet normal -0.0441283 0.355253 0.933728
outer loop
vertex -0.283558 -1.525631 3.546738
vertex -1.760478 -2.380412 3.802155
vertex 1.177774 -1.462026 3.591602
endloop
endfacet
facet normal -0.101706 0.0794927 0.991633
outer loop
vertex 1.463172 -0.968667 3.573705
vertex 1.451382 -0.926249 3.569095
vertex 1.091884 -1.037988 3.541181
endloop
endfacet
facet normal 0.0804587 -0.0948634 0.992234
outer loop
vertex -1.084936 1.363060 3.571930
vertex -0.972939 1.004395 3.528558
vertex -0.999570 1.378638 3.566497
endloop
endfacet
facet normal 0.0868139 -0.092083 0.99196
outer loop
vertex -0.972939 1.004395 3.528558
vertex -1.202902 1.308224 3.576888
vertex -1.006129 0.983863 3.529557
endloop
endfacet
facet normal 0.155227 0.0856037 0.984163
outer loop
vertex -2.299054 -1.899209 3.807257
vertex -1.929366 -1.965005 3.754671
vertex -1.433105 -0.376089 3.538192
endloop
endfacet
facet normal 0.148731 0.1729 0.973645
outer loop
vertex -1.905026 -2.020214 3.759761
vertex -1.896941 -2.400000 3.825968
vertex -1.871929 -2.022434 3.755099
endloop
endfacet
facet normal 0.0711427 -0.0940011 0.993027
outer loop
vertex -0.935022 0.991272 3.524599
vertex -0.869078 1.368610 3.555594
vertex -0.972939 1.004395 3.528558
endloop
endfacet
facet normal 0.258787 -0.0340517 0.965334
outer loop
vertex -1.307534 0.025957 3.518711
vertex -1.369200 1.084807 3.572593
vertex -1.433105 -0.376089 3.538192
endloop
endfacet
facet normal 0.0808144 0.154594 0.984667
outer loop
vertex -1.871929 -2.022434 3.755099
vertex -1.760478 -2.380412 3.802155
vertex -0.283558 -1.525631 3.546738
endloop
endfacet
facet normal 0.0673624 -0.0924329 0.993438
outer loop
vertex -0.706226 1.288909 3.536778
vertex -0.784708 1.338511 3.546715
vertex -0.935022 0.991272 3.524599
endloop
endfacet
facet normal 0.0312193 0.0386446 0.998765
outer loop
vertex -1.433105 -0.376089 3.538192
vertex -0.283558 -1.525631 3.546738
vertex -1.307534 0.025957 3.518711
endloop
endfacet
facet normal -0.0296298 -0.0216263 0.999327
outer loop
vertex 1.387729 -0.806712 3.553513
vertex -0.706226 1.288909 3.536778
vertex 1.084497 -1.028255 3.539727
endloop
endfacet
facet normal 0.0312191 0.0386444 0.998765
outer loop
vertex 0.118482 -1.400064 3.529313
vertex -1.307534 0.025957 3.518711
vertex -0.283558 -1.525631 3.546738
endloop
endfacet
facet normal -0.0986842 0.0733206 0.992414
outer loop
vertex 1.084497 -1.028255 3.539727
vertex 1.091884 -1.037988 3.541181
vertex 1.387729 -0.806712 3.553513
endloop
endfacet
facet normal -0.0411221 0.265341 0.963277
outer loop
vertex -0.283558 -1.525631 3.546738
vertex 1.177774 -1.462026 3.591602
vertex 0.118482 -1.400064 3.529313
endloop
endfacet
facet normal -0.102144 0.0819587 0.991388
outer loop
vertex 1.096498 -1.071543 3.544430
vertex 1.463172 -0.968667 3.573705
vertex 1.091884 -1.037988 3.541181
endloop
endfacet
facet normal -0.0517568 0.112689 0.992281
outer loop
vertex 0.118482 -1.400064 3.529313
vertex 1.177774 -1.462026 3.591602
vertex 1.076995 -1.099155 3.545135
endloop
endfacet
facet normal -0.100076 0.0933264 0.990593
outer loop
vertex 1.399872 -1.298080 3.596422
vertex 1.440658 -1.222215 3.593395
vertex 1.096498 -1.071543 3.544430
endloop
endfacet
facet normal -0.0987762 0.0950595 0.990559
outer loop
vertex 1.399872 -1.298080 3.596422
vertex 1.096498 -1.071543 3.544430
vertex 1.076995 -1.099155 3.545135
endloop
endfacet
facet normal -0.0089704 -0.164319 0.986367
outer loop
vertex 0.215322 1.910807 3.598547
vertex 0.275717 1.971197 3.609157
vertex -0.006195 2.223653 3.648649
endloop
endfacet
facet normal -0.00691184 -0.162902 0.986618
outer loop
vertex -0.006195 2.223653 3.648649
vertex -0.092386 2.125194 3.631789
vertex 0.215322 1.910807 3.598547
endloop
endfacet
facet normal -0.00264463 -0.15693 0.987606
outer loop
vertex -0.092386 2.125194 3.631789
vertex -0.157695 2.010710 3.613423
vertex 0.215322 1.910807 3.598547
endloop
endfacet
facet normal -0.00224945 -0.155489 0.987835
outer loop
vertex 0.175711 1.834241 3.586405
vertex 0.215322 1.910807 3.598547
vertex -0.157695 2.010710 3.613423
endloop
endfacet
facet normal 0.000583931 -0.15026 0.988646
outer loop
vertex -0.199017 1.883449 3.594105
vertex 0.175711 1.834241 3.586405
vertex -0.157695 2.010710 3.613423
endloop
endfacet
facet normal -0.000111181 -0.127547 0.991832
outer loop
vertex 0.192678 1.618027 3.556669
vertex 0.165159 1.700889 3.567322
vertex -0.174235 1.522707 3.544370
endloop
endfacet
facet normal -0.00132923 -0.122934 0.992414
outer loop
vertex -0.116607 1.403696 3.529705
vertex 0.192678 1.618027 3.556669
vertex -0.174235 1.522707 3.544370
endloop
endfacet
facet normal -0.0105096 -0.111232 0.993739
outer loop
vertex 0.061386 1.213485 3.509310
vertex 0.275765 1.521193 3.546020
vertex -0.037070 1.299628 3.517911
endloop
endfacet
facet normal -0.0292766 -0.102989 0.994252
outer loop
vertex 0.440442 1.467423 3.544302
vertex 0.352319 1.481635 3.543180
vertex 0.303109 1.106916 3.502915
endloop
endfacet
facet normal -0.0467703 -0.104347 0.993441
outer loop
vertex 0.568484 1.498550 3.553201
vertex 0.485642 1.471083 3.546416
vertex 0.663808 1.131654 3.519152
endloop
endfacet
facet normal -0.0514551 -0.105531 0.993084
outer loop
vertex 0.782806 1.189241 3.531437
vertex 0.568484 1.498550 3.553201
vertex 0.663808 1.131654 3.519152
endloop
endfacet
facet normal -0.0632041 -0.114504 0.99141
outer loop
vertex 0.973003 1.367141 3.563124
vertex 0.665295 1.581532 3.568268
vertex 0.886865 1.268731 3.546266
endloop
endfacet
facet normal -0.0705846 -0.127247 0.989356
outer loop
vertex 1.079585 1.608785 3.600803
vertex 0.704855 1.658019 3.580400
vertex 1.038276 1.481574 3.581494
endloop
endfacet
facet normal -0.0696805 -0.149896 0.986243
outer loop
vertex 0.688002 1.874244 3.610141
vertex 0.715447 1.791325 3.599478
vertex 1.054897 1.969537 3.650546
endloop
endfacet
facet normal -0.0684218 -0.154479 0.985624
outer loop
vertex 0.997325 2.088588 3.665209
vertex 0.688002 1.874244 3.610141
vertex 1.054897 1.969537 3.650546
endloop
endfacet
facet normal -0.0592485 -0.166037 0.984338
outer loop
vertex 0.819436 2.278887 3.685615
vertex 0.605035 1.971177 3.620806
vertex 0.917843 2.192701 3.677001
endloop
endfacet
facet normal -0.0463061 -0.173412 0.98376
outer loop
vertex 0.577775 2.385526 3.692034
vertex 0.528542 2.010792 3.623660
vertex 0.704999 2.344197 3.690737
endloop
endfacet
facet normal -0.0258093 -0.174142 0.984382
outer loop
vertex 0.347995 2.393508 3.685020
vertex 0.216986 2.360800 3.675799
vertex 0.395205 2.021383 3.620427
endloop
endfacet
facet normal -0.0122938 -0.167929 0.985722
outer loop
vertex 0.097925 2.303185 3.663497
vertex -0.006195 2.223653 3.648649
vertex 0.275717 1.971197 3.609157
endloop
endfacet
facet normal 0.00133047 -0.144704 0.989474
outer loop
vertex 0.161485 1.746096 3.573534
vertex 0.175711 1.834241 3.586405
vertex -0.199017 1.883449 3.594105
endloop
endfacet
facet normal 0.00206694 -0.142812 0.989748
outer loop
vertex -0.213476 1.746145 3.574324
vertex 0.161485 1.746096 3.573534
vertex -0.199017 1.883449 3.594105
endloop
endfacet
facet normal -0.00528911 -0.116592 0.993166
outer loop
vertex -0.037070 1.299628 3.517911
vertex 0.215374 1.581515 3.552347
vertex -0.116607 1.403696 3.529705
endloop
endfacet
facet normal -0.0378368 -0.102229 0.994041
outer loop
vertex 0.440393 1.092463 3.505739
vertex 0.532954 1.098972 3.509932
vertex 0.440442 1.467423 3.544302
endloop
endfacet
facet normal -0.0578425 -0.109402 0.992313
outer loop
vertex 0.886865 1.268731 3.546266
vertex 0.604987 1.521213 3.557672
vertex 0.782806 1.189241 3.531437
endloop
endfacet
facet normal -0.071987 -0.134706 0.988267
outer loop
vertex 1.094059 1.746046 3.620566
vertex 0.719093 1.746096 3.593260
vertex 1.079585 1.608785 3.600803
endloop
endfacet
facet normal -0.0644465 -0.160749 0.984889
outer loop
vertex 0.917843 2.192701 3.677001
vertex 0.665347 1.910789 3.614466
vertex 0.997325 2.088588 3.665209
endloop
endfacet
facet normal -0.038745 -0.174897 0.983824
outer loop
vertex 0.440492 2.400000 3.689200
vertex 0.440442 2.025039 3.622540
vertex 0.577775 2.385526 3.692034
endloop
endfacet
facet normal -0.0154584 -0.169571 0.985397
outer loop
vertex 0.275717 1.971197 3.609157
vertex 0.312269 1.993887 3.613635
vertex 0.097925 2.303185 3.663497
endloop
endfacet
facet normal 0.00206971 -0.136339 0.99066
outer loop
vertex -0.213476 1.746145 3.574324
vertex -0.206951 1.653575 3.561570
vertex 0.161485 1.746096 3.573534
endloop
endfacet
facet normal 0.00120677 -0.130016 0.991511
outer loop
vertex -0.206951 1.653575 3.561570
vertex -0.174235 1.522707 3.544370
vertex 0.165159 1.700889 3.567322
endloop
endfacet
facet normal -0.0442767 -0.103058 0.993689
outer loop
vertex 0.532954 1.098972 3.509932
vertex 0.663808 1.131654 3.519152
vertex 0.485642 1.471083 3.546416
endloop
endfacet
facet normal -0.0710013 -0.147458 0.986517
outer loop
vertex 1.087563 1.838634 3.633331
vertex 1.054897 1.969537 3.650546
vertex 0.715447 1.791325 3.599478
endloop
endfacet
facet normal -0.0186689 -0.171726 0.984968
outer loop
vertex 0.216986 2.360800 3.675799
vertex 0.097925 2.303185 3.663497
vertex 0.312269 1.993887 3.613635
endloop
endfacet
facet normal 0.00197679 -0.135975 0.99071
outer loop
vertex 0.165159 1.700889 3.567322
vertex 0.161485 1.746096 3.573534
vertex -0.206951 1.653575 3.561570
endloop
endfacet
facet normal -0.0233279 -0.172885 0.984666
outer loop
vertex 0.312269 1.993887 3.613635
vertex 0.395205 2.021383 3.620427
vertex 0.216986 2.360800 3.675799
endloop
endfacet
facet normal -0.0035836 -0.119729 0.9928
outer loop
vertex 0.192678 1.618027 3.556669
vertex -0.116607 1.403696 3.529705
vertex 0.215374 1.581515 3.552347
endloop
endfacet
facet normal -0.031837 -0.174854 0.984079
outer loop
vertex 0.395205 2.021383 3.620427
vertex 0.440442 2.025039 3.622540
vertex 0.347995 2.393508 3.685020
endloop
endfacet
facet normal -0.0090461 -0.113271 0.993523
outer loop
vertex 0.215374 1.581515 3.552347
vertex -0.037070 1.299628 3.517911
vertex 0.275765 1.521193 3.546020
endloop
endfacet
facet normal -0.0321935 -0.174939 0.984053
outer loop
vertex 0.440492 2.400000 3.689200
vertex 0.347995 2.393508 3.685020
vertex 0.440442 2.025039 3.622540
endloop
endfacet
facet normal -0.0166875 -0.106973 0.994122
outer loop
vertex 0.061386 1.213485 3.509310
vertex 0.175863 1.148214 3.504208
vertex 0.275765 1.521193 3.546020
endloop
endfacet
facet normal -0.0406697 -0.174174 0.983875
outer loop
vertex 0.528542 2.010792 3.623660
vertex 0.577775 2.385526 3.692034
vertex 0.440442 2.025039 3.622540
endloop
endfacet
facet normal -0.0181834 -0.106575 0.994138
outer loop
vertex 0.352319 1.481635 3.543180
vertex 0.275765 1.521193 3.546020
vertex 0.175863 1.148214 3.504208
endloop
endfacet
facet normal -0.0516545 -0.170626 0.983981
outer loop
vertex 0.528542 2.010792 3.623660
vertex 0.605035 1.971177 3.620806
vertex 0.704999 2.344197 3.690737
endloop
endfacet
facet normal -0.0235679 -0.103747 0.994324
outer loop
vertex 0.175863 1.148214 3.504208
vertex 0.303109 1.106916 3.502915
vertex 0.352319 1.481635 3.543180
endloop
endfacet
facet normal -0.0531166 -0.170232 0.983971
outer loop
vertex 0.819436 2.278887 3.685615
vertex 0.704999 2.344197 3.690737
vertex 0.605035 1.971177 3.620806
endloop
endfacet
facet normal -0.0312146 -0.102253 0.994269
outer loop
vertex 0.303109 1.106916 3.502915
vertex 0.440393 1.092463 3.505739
vertex 0.440442 1.467423 3.544302
endloop
endfacet
facet normal -0.0607253 -0.164015 0.984587
outer loop
vertex 0.665347 1.910789 3.614466
vertex 0.917843 2.192701 3.677001
vertex 0.605035 1.971177 3.620806
endloop
endfacet
facet normal -0.0382009 -0.102318 0.994018
outer loop
vertex 0.485642 1.471083 3.546416
vertex 0.440442 1.467423 3.544302
vertex 0.532954 1.098972 3.509932
endloop
endfacet
facet normal -0.0661753 -0.157632 0.985278
outer loop
vertex 0.688002 1.874244 3.610141
vertex 0.997325 2.088588 3.665209
vertex 0.665347 1.910789 3.614466
endloop
endfacet
facet normal -0.0546796 -0.107737 0.992675
outer loop
vertex 0.568484 1.498550 3.553201
vertex 0.782806 1.189241 3.531437
vertex 0.604987 1.521213 3.557672
endloop
endfacet
facet normal -0.0718306 -0.141515 0.987327
outer loop
vertex 0.715447 1.791325 3.599478
vertex 0.719093 1.746096 3.593260
vertex 1.087563 1.838634 3.633331
endloop
endfacet
facet normal -0.0611552 -0.113073 0.991703
outer loop
vertex 0.604987 1.521213 3.557672
vertex 0.886865 1.268731 3.546266
vertex 0.665295 1.581532 3.568268
endloop
endfacet
facet normal -0.0719225 -0.141168 0.98737
outer loop
vertex 1.094059 1.746046 3.620566
vertex 1.087563 1.838634 3.633331
vertex 0.719093 1.746096 3.593260
endloop
endfacet
facet normal -0.067424 -0.120537 0.990417
outer loop
vertex 0.973003 1.367141 3.563124
vertex 1.038276 1.481574 3.581494
vertex 0.665295 1.581532 3.568268
endloop
endfacet
facet normal -0.0712737 -0.132817 0.988575
outer loop
vertex 0.704855 1.658019 3.580400
vertex 1.079585 1.608785 3.600803
vertex 0.719093 1.746096 3.593260
endloop
endfacet
facet normal -0.0678074 -0.121994 0.990212
outer loop
vertex 0.704855 1.658019 3.580400
vertex 0.665295 1.581532 3.568268
vertex 1.038276 1.481574 3.581494
endloop
endfacet
facet normal 0.30422 -0.952602 0
outer loop
vertex 1.828873 0.208387 3.803301
vertex 1.828873 0.208387 3.586119
vertex 1.869486 0.221357 3.592377
endloop
endfacet
facet normal 0.30422 -0.952602 0
outer loop
vertex 1.828873 0.208387 3.803301
vertex 1.869486 0.221357 3.592377
vertex 1.869486 0.221357 3.810409
endloop
endfacet
facet normal 0.470575 -0.88236 0
outer loop
vertex 1.763884 0.173727 3.791581
vertex 1.755181 0.169086 3.790074
vertex 1.755181 0.169086 3.574913
endloop
endfacet
facet normal 0.470575 -0.88236 0
outer loop
vertex 1.755181 0.169086 3.574913
vertex 1.828873 0.208387 3.586119
vertex 1.828873 0.208387 3.803301
endloop
endfacet
facet normal 0.470575 -0.88236 7.34813e-09
outer loop
vertex 1.755181 0.169086 3.574913
vertex 1.828873 0.208387 3.803301
vertex 1.763884 0.173727 3.791581
endloop
endfacet
facet normal 0.820388 -0.571808 0
outer loop
vertex 1.645892 0.046058 3.770614
vertex 1.645892 0.046058 3.558916
vertex 1.693283 0.114051 3.565711
endloop
endfacet
facet normal 0.820388 -0.571808 0
outer loop
vertex 1.645892 0.046058 3.770614
vertex 1.693283 0.114051 3.565711
vertex 1.693283 0.114051 3.779174
endloop
endfacet
facet normal 0.932494 -0.361185 0
outer loop
vertex 1.628052 0.000000 3.767222
vertex 1.615449 -0.032539 3.765365
vertex 1.615449 -0.032539 3.554885
endloop
endfacet
facet normal 0.932495 -0.361184 0
outer loop
vertex 1.615449 -0.032539 3.554885
vertex 1.645892 0.046058 3.558916
vertex 1.645892 0.046058 3.770614
endloop
endfacet
facet normal 0.932495 -0.361184 -2.35762e-07
outer loop
vertex 1.615449 -0.032539 3.554885
vertex 1.645892 0.046058 3.770614
vertex 1.628052 0.000000 3.767222
endloop
endfacet
facet normal 0.982707 -0.18517 0
outer loop
vertex 1.607426 -0.075117 3.764364
vertex 1.607426 -0.075117 3.554030
vertex 1.615449 -0.032539 3.554885
endloop
endfacet
facet normal 0.982707 -0.18517 0
outer loop
vertex 1.607426 -0.075117 3.764364
vertex 1.615449 -0.032539 3.554885
vertex 1.615449 -0.032539 3.765365
endloop
endfacet
facet normal 0.992358 0.12339 0
outer loop
vertex 1.609597 -0.158531 3.765422
vertex 1.615449 -0.205595 3.767566
vertex 1.615449 -0.205595 3.556540
endloop
endfacet
facet normal 0.992358 0.123389 0
outer loop
vertex 1.615449 -0.205595 3.556540
vertex 1.604701 -0.119155 3.554022
vertex 1.604701 -0.119155 3.764269
endloop
endfacet
facet normal 0.992358 0.123389 9.76754e-08
outer loop
vertex 1.615449 -0.205595 3.556540
vertex 1.604701 -0.119155 3.764269
vertex 1.609597 -0.158531 3.765422
endloop
endfacet
facet normal 0.952545 0.304398 0
outer loop
vertex 1.628373 -0.246038 3.770729
vertex 1.628373 -0.246038 3.558959
vertex 1.615449 -0.205595 3.556540
endloop
endfacet
facet normal 0.952545 0.304398 0
outer loop
vertex 1.628373 -0.246038 3.770729
vertex 1.615449 -0.205595 3.556540
vertex 1.615449 -0.205595 3.767566
endloop
endfacet
facet normal 0.882339 0.470614 0
outer loop
vertex 1.667674 -0.319722 3.779123
vertex 1.667674 -0.319722 3.565837
vertex 1.628373 -0.246038 3.558959
endloop
endfacet
facet normal 0.882339 0.470614 0
outer loop
vertex 1.667674 -0.319722 3.779123
vertex 1.628373 -0.246038 3.558959
vertex 1.628373 -0.246038 3.770729
endloop
endfacet
facet normal 0.571755 0.820425 0
outer loop
vertex 1.790717 -0.429002 3.586220
vertex 1.722716 -0.381612 3.575078
vertex 1.722716 -0.381612 3.790488
endloop
endfacet
facet normal 0.571755 0.820425 -0
outer loop
vertex 1.790717 -0.429002 3.586220
vertex 1.722716 -0.381612 3.790488
vertex 1.790717 -0.429002 3.803577
endloop
endfacet
facet normal 0.361221 0.93248 0
outer loop
vertex 1.869320 -0.459451 3.598865
vertex 1.790717 -0.429002 3.586220
vertex 1.790717 -0.429002 3.803577
endloop
endfacet
facet normal 0.361221 0.93248 -0
outer loop
vertex 1.869320 -0.459451 3.598865
vertex 1.790717 -0.429002 3.803577
vertex 1.869320 -0.459451 3.817708
endloop
endfacet
facet normal 0.185306 0.982681 0
outer loop
vertex 1.911898 -0.467480 3.605632
vertex 1.869320 -0.459451 3.598865
vertex 1.869320 -0.459451 3.817708
endloop
endfacet
facet normal 0.185306 0.982681 -0
outer loop
vertex 1.911898 -0.467480 3.605632
vertex 1.869320 -0.459451 3.817708
vertex 1.911898 -0.467480 3.825015
endloop
endfacet
facet normal -0.123329 0.992366 0
outer loop
vertex 2.042387 -0.459473 3.626063
vertex 1.955936 -0.470217 3.612578
vertex 1.955936 -0.470217 3.832344
endloop
endfacet
facet normal -0.123329 0.992366 0
outer loop
vertex 2.042387 -0.459473 3.626063
vertex 1.955936 -0.470217 3.832344
vertex 2.042387 -0.459473 3.846070
endloop
endfacet
facet normal -0.304292 0.952579 0
outer loop
vertex 2.082836 -0.446552 3.632296
vertex 2.042387 -0.459473 3.626063
vertex 2.042387 -0.459473 3.846070
endloop
endfacet
facet normal -0.304292 0.952579 0
outer loop
vertex 2.082836 -0.446552 3.632296
vertex 2.042387 -0.459473 3.846070
vertex 2.082836 -0.446552 3.852168
endloop
endfacet
facet normal -0.470491 0.882405 0
outer loop
vertex 2.156530 -0.407259 3.862984
vertex 2.156530 -0.407259 3.643500
vertex 2.082836 -0.446552 3.632296
endloop
endfacet
facet normal -0.470491 0.882405 0
outer loop
vertex 2.082836 -0.446552 3.632296
vertex 2.082836 -0.446552 3.852168
vertex 2.126887 -0.423064 3.858423
endloop
endfacet
facet normal -0.470491 0.882405 7.89951e-08
outer loop
vertex 2.082836 -0.446552 3.632296
vertex 2.126887 -0.423064 3.858423
vertex 2.156530 -0.407259 3.862984
endloop
endfacet
facet normal -0.820434 0.571741 0
outer loop
vertex 2.265812 -0.284225 3.659497
vertex 2.218425 -0.352224 3.652699
vertex 2.218425 -0.352224 3.871963
endloop
endfacet
facet normal -0.820434 0.571741 0
outer loop
vertex 2.265812 -0.284225 3.659497
vertex 2.218425 -0.352224 3.871963
vertex 2.265812 -0.284225 3.878196
endloop
endfacet
facet normal -0.932529 0.361096 0
outer loop
vertex 2.296251 -0.205616 3.881673
vertex 2.296251 -0.205616 3.663529
vertex 2.265812 -0.284225 3.659497
endloop
endfacet
facet normal -0.932529 0.361095 0
outer loop
vertex 2.265812 -0.284225 3.659497
vertex 2.265812 -0.284225 3.878196
vertex 2.288588 -0.225406 3.880544
endloop
endfacet
facet normal -0.932528 0.361097 -5.03975e-07
outer loop
vertex 2.265812 -0.284225 3.659497
vertex 2.288588 -0.225406 3.880544
vertex 2.296251 -0.205616 3.881673
endloop
endfacet
facet normal -0.982721 0.185091 0
outer loop
vertex 2.304272 -0.163030 3.664381
vertex 2.296251 -0.205616 3.663529
vertex 2.296251 -0.205616 3.881673
endloop
endfacet
facet normal -0.982721 0.185091 0
outer loop
vertex 2.304272 -0.163030 3.664381
vertex 2.296251 -0.205616 3.881673
vertex 2.304272 -0.163030 3.882674
endloop
endfacet
facet normal -0.992363 -0.123355 0
outer loop
vertex 2.296251 -0.032525 3.661873
vertex 2.306998 -0.118982 3.664387
vertex 2.306998 -0.118982 3.882769
endloop
endfacet
facet normal -0.992363 -0.123355 0
outer loop
vertex 2.296251 -0.032525 3.661873
vertex 2.306998 -0.118982 3.882769
vertex 2.296251 -0.032525 3.880239
endloop
endfacet
facet normal -0.952574 -0.304307 -0
outer loop
vertex 2.283329 0.007925 3.877854
vertex 2.283329 0.007925 3.659456
vertex 2.296251 -0.032525 3.661873
endloop
endfacet
facet normal -0.952575 -0.304305 0
outer loop
vertex 2.296251 -0.032525 3.661873
vertex 2.296251 -0.032525 3.880239
vertex 2.285861 0.000000 3.878216
endloop
endfacet
facet normal -0.952572 -0.304314 1.50962e-06
outer loop
vertex 2.296251 -0.032525 3.661873
vertex 2.285861 0.000000 3.878216
vertex 2.283329 0.007925 3.877854
endloop
endfacet
facet normal -0.882385 -0.470529 0
outer loop
vertex 2.244032 0.081619 3.652573
vertex 2.283329 0.007925 3.659456
vertex 2.283329 0.007925 3.877854
endloop
endfacet
facet normal -0.882385 -0.470529 0
outer loop
vertex 2.244032 0.081619 3.652573
vertex 2.283329 0.007925 3.877854
vertex 2.244032 0.081619 3.871835
endloop
endfacet
facet normal -0.571714 -0.820453 -0
outer loop
vertex 2.120993 0.190898 3.851979
vertex 2.120993 0.190898 3.632193
vertex 2.188994 0.143513 3.643331
endloop
endfacet
facet normal -0.571714 -0.820453 0
outer loop
vertex 2.120993 0.190898 3.851979
vertex 2.188994 0.143513 3.643331
vertex 2.188994 0.143513 3.863061
endloop
endfacet
facet normal -0.361089 -0.932531 0
outer loop
vertex 2.083930 0.205249 3.845845
vertex 2.042388 0.221335 3.839302
vertex 2.042388 0.221335 3.619550
endloop
endfacet
facet normal -0.36109 -0.932531 0
outer loop
vertex 2.042388 0.221335 3.619550
vertex 2.120993 0.190898 3.632193
vertex 2.120993 0.190898 3.851979
endloop
endfacet
facet normal -0.36109 -0.932531 1.33494e-07
outer loop
vertex 2.042388 0.221335 3.619550
vertex 2.120993 0.190898 3.851979
vertex 2.083930 0.205249 3.845845
endloop
endfacet
facet normal -0.185084 -0.982723 -0
outer loop
vertex 1.999805 0.229355 3.832384
vertex 1.999805 0.229355 3.612780
vertex 2.042388 0.221335 3.619550
endloop
endfacet
facet normal -0.185084 -0.982723 0
outer loop
vertex 1.999805 0.229355 3.832384
vertex 2.042388 0.221335 3.619550
vertex 2.042388 0.221335 3.839302
endloop
endfacet
facet normal 0.123338 -0.992365 0
outer loop
vertex 1.869486 0.221357 3.810409
vertex 1.869486 0.221357 3.592377
vertex 1.955762 0.232080 3.605831
endloop
endfacet
facet normal 0.123338 -0.992365 0
outer loop
vertex 1.869486 0.221357 3.810409
vertex 1.955762 0.232080 3.605831
vertex 1.955762 0.232080 3.825092
endloop
endfacet
facet normal 0.998091 -0.0617604 0
outer loop
vertex 1.604701 -0.119155 3.764269
vertex 1.604701 -0.119155 3.554022
vertex 1.607426 -0.075117 3.554030
endloop
endfacet
facet normal 0.998091 -0.0617604 0
outer loop
vertex 1.604701 -0.119155 3.764269
vertex 1.607426 -0.075117 3.554030
vertex 1.607426 -0.075117 3.764364
endloop
endfacet
facet normal 0.747237 0.664557 0
outer loop
vertex 1.680639 -0.334300 3.781651
vertex 1.722716 -0.381612 3.790488
vertex 1.722716 -0.381612 3.575078
endloop
endfacet
facet normal 0.747237 0.664557 0
outer loop
vertex 1.722716 -0.381612 3.575078
vertex 1.667674 -0.319722 3.565837
vertex 1.667674 -0.319722 3.779123
endloop
endfacet
facet normal 0.747237 0.664558 -1.66702e-07
outer loop
vertex 1.722716 -0.381612 3.575078
vertex 1.667674 -0.319722 3.779123
vertex 1.680639 -0.334300 3.781651
endloop
endfacet
facet normal 0.0620309 0.998074 0
outer loop
vertex 1.955936 -0.470217 3.612578
vertex 1.911898 -0.467480 3.605632
vertex 1.911898 -0.467480 3.825015
endloop
endfacet
facet normal 0.0620309 0.998074 -0
outer loop
vertex 1.955936 -0.470217 3.612578
vertex 1.911898 -0.467480 3.825015
vertex 1.955936 -0.470217 3.832344
endloop
endfacet
facet normal -0.664479 0.747307 0
outer loop
vertex 2.218425 -0.352224 3.652699
vertex 2.156530 -0.407259 3.643500
vertex 2.156530 -0.407259 3.862984
endloop
endfacet
facet normal -0.664479 0.747307 0
outer loop
vertex 2.218425 -0.352224 3.652699
vertex 2.156530 -0.407259 3.862984
vertex 2.218425 -0.352224 3.871963
endloop
endfacet
facet normal -0.99809 0.0617706 0
outer loop
vertex 2.306998 -0.118982 3.664387
vertex 2.304272 -0.163030 3.664381
vertex 2.304272 -0.163030 3.882674
endloop
endfacet
facet normal -0.99809 0.0617706 0
outer loop
vertex 2.306998 -0.118982 3.664387
vertex 2.304272 -0.163030 3.882674
vertex 2.306998 -0.118982 3.882769
endloop
endfacet
facet normal -0.747283 -0.664506 0
outer loop
vertex 2.188994 0.143513 3.643331
vertex 2.244032 0.081619 3.652573
vertex 2.244032 0.081619 3.871835
endloop
endfacet
facet normal -0.747283 -0.664506 0
outer loop
vertex 2.188994 0.143513 3.643331
vertex 2.244032 0.081619 3.871835
vertex 2.188994 0.143513 3.863061
endloop
endfacet
facet normal -0.0617531 -0.998091 -0
outer loop
vertex 1.955762 0.232080 3.825092
vertex 1.955762 0.232080 3.605831
vertex 1.999805 0.229355 3.612780
endloop
endfacet
facet normal -0.0617531 -0.998091 0
outer loop
vertex 1.955762 0.232080 3.825092
vertex 1.999805 0.229355 3.612780
vertex 1.999805 0.229355 3.832384
endloop
endfacet
facet normal 0.664462 -0.747322 0
outer loop
vertex 1.693283 0.114051 3.779174
vertex 1.693283 0.114051 3.565711
vertex 1.755181 0.169086 3.574913
endloop
endfacet
facet normal 0.664462 -0.747322 0
outer loop
vertex 1.693283 0.114051 3.779174
vertex 1.755181 0.169086 3.574913
vertex 1.755181 0.169086 3.790074
endloop
endfacet
facet normal 0.843718 -0.536787 0
outer loop
vertex 1.904069 1.828628 3.938314
vertex 1.904069 1.828628 3.729990
vertex 1.926376 1.863690 3.738624
endloop
endfacet
facet normal 0.843718 -0.536787 0
outer loop
vertex 1.904069 1.828628 3.938314
vertex 1.926376 1.863690 3.738624
vertex 1.926376 1.863690 3.945084
endloop
endfacet
facet normal 0.941759 -0.336288 0
outer loop
vertex 1.889978 1.789167 3.932074
vertex 1.889978 1.789167 3.722107
vertex 1.904069 1.828628 3.729990
endloop
endfacet
facet normal 0.941759 -0.336288 0
outer loop
vertex 1.889978 1.789167 3.932074
vertex 1.904069 1.828628 3.729990
vertex 1.904069 1.828628 3.938314
endloop
endfacet
facet normal 0.53603 -0.844199 0
outer loop
vertex 0.789504 0.726769 3.709772
vertex 0.789504 0.726769 3.496261
vertex 0.824330 0.748882 3.499830
endloop
endfacet
facet normal 0.53603 -0.844199 0
outer loop
vertex 0.789504 0.726769 3.709772
vertex 0.824330 0.748882 3.499830
vertex 0.824330 0.748882 3.712143
endloop
endfacet
facet normal 0.337022 -0.941497 0
outer loop
vertex 0.824330 0.748882 3.712143
vertex 0.824330 0.748882 3.499830
vertex 0.863482 0.762897 3.503336
endloop
endfacet
facet normal 0.337022 -0.941497 0
outer loop
vertex 0.824330 0.748882 3.712143
vertex 0.863482 0.762897 3.503336
vertex 0.863482 0.762897 3.714384
endloop
endfacet
facet normal 0.707058 -0.707156 0
outer loop
vertex 0.760251 0.697520 3.707362
vertex 0.760251 0.697520 3.492766
vertex 0.789504 0.726769 3.496261
endloop
endfacet
facet normal 0.707058 -0.707156 0
outer loop
vertex 0.760251 0.697520 3.707362
vertex 0.789504 0.726769 3.496261
vertex 0.789504 0.726769 3.709772
endloop
endfacet
facet normal 0.993363 -0.11502 0
outer loop
vertex 0.720330 0.591160 3.701471
vertex 0.719107 0.580597 3.701046
vertex 0.719107 0.580597 3.484317
endloop
endfacet
facet normal 0.993363 -0.115021 0
outer loop
vertex 0.719107 0.580597 3.484317
vertex 0.724044 0.623235 3.486666
vertex 0.724044 0.623235 3.702888
endloop
endfacet
facet normal 0.993363 -0.115022 9.20315e-08
outer loop
vertex 0.719107 0.580597 3.484317
vertex 0.724044 0.623235 3.702888
vertex 0.720330 0.591160 3.701471
endloop
endfacet
facet normal 0.941769 -0.336261 0
outer loop
vertex 0.724044 0.623235 3.702888
vertex 0.724044 0.623235 3.486666
vertex 0.738134 0.662697 3.489532
endloop
endfacet
facet normal 0.941769 -0.336261 0
outer loop
vertex 0.724044 0.623235 3.702888
vertex 0.738134 0.662697 3.489532
vertex 0.738134 0.662697 3.705042
endloop
endfacet
facet normal 0.941766 0.336269 0
outer loop
vertex 0.738134 0.498176 3.699074
vertex 0.738134 0.498176 3.481859
vertex 0.724044 0.537637 3.482674
endloop
endfacet
facet normal 0.941766 0.336268 0
outer loop
vertex 0.738134 0.498176 3.699074
vertex 0.724044 0.537637 3.482674
vertex 0.724044 0.537637 3.699785
endloop
endfacet
facet normal 0.993461 0.114171 0
outer loop
vertex 0.724044 0.537637 3.699785
vertex 0.724044 0.537637 3.482674
vertex 0.719107 0.580597 3.484317
endloop
endfacet
facet normal 0.993461 0.114171 0
outer loop
vertex 0.724044 0.537637 3.699785
vertex 0.719107 0.580597 3.484317
vertex 0.719107 0.580597 3.701046
endloop
endfacet
facet normal 0.844135 0.536131 0
outer loop
vertex 0.740350 0.494686 3.699057
vertex 0.760251 0.463353 3.699113
vertex 0.760251 0.463353 3.481845
endloop
endfacet
facet normal 0.844135 0.536131 0
outer loop
vertex 0.760251 0.463353 3.481845
vertex 0.738134 0.498176 3.481859
vertex 0.738134 0.498176 3.699074
endloop
endfacet
facet normal 0.844133 0.536134 -7.78426e-07
outer loop
vertex 0.760251 0.463353 3.481845
vertex 0.738134 0.498176 3.699074
vertex 0.740350 0.494686 3.699057
endloop
endfacet
facet normal 0.53672 0.84376 0
outer loop
vertex 0.799878 0.427544 3.700022
vertex 0.824330 0.411990 3.700923
vertex 0.824330 0.411990 3.484118
endloop
endfacet
facet normal 0.53672 0.84376 0
outer loop
vertex 0.824330 0.411990 3.484118
vertex 0.789265 0.434295 3.482604
vertex 0.789265 0.434295 3.699693
endloop
endfacet
facet normal 0.53672 0.84376 3.73775e-08
outer loop
vertex 0.799878 0.427544 3.700022
vertex 0.824330 0.411990 3.484118
vertex 0.789265 0.434295 3.699693
endloop
endfacet
facet normal 0.33621 0.941787 0
outer loop
vertex 0.863793 0.397902 3.486336
vertex 0.824330 0.411990 3.484118
vertex 0.824330 0.411990 3.700923
endloop
endfacet
facet normal 0.33621 0.941787 -0
outer loop
vertex 0.863793 0.397902 3.486336
vertex 0.824330 0.411990 3.700923
vertex 0.863793 0.397902 3.702652
endloop
endfacet
facet normal 0.114691 0.993401 0
outer loop
vertex 0.906616 0.392958 3.489225
vertex 0.863793 0.397902 3.486336
vertex 0.863793 0.397902 3.702652
endloop
endfacet
facet normal 0.114691 0.993401 -0
outer loop
vertex 0.906616 0.392958 3.489225
vertex 0.863793 0.397902 3.702652
vertex 0.906616 0.392958 3.704787
endloop
endfacet
facet normal 0.228308 -0.973589 0
outer loop
vertex 1.148408 0.798899 3.728742
vertex 1.087345 0.784580 3.725384
vertex 1.087345 0.784580 3.522229
endloop
endfacet
facet normal 0.228309 -0.973589 0
outer loop
vertex 1.087345 0.784580 3.522229
vertex 1.173775 0.804848 3.531374
vertex 1.173775 0.804848 3.732783
endloop
endfacet
facet normal 0.22831 -0.973588 -6.35741e-07
outer loop
vertex 1.087345 0.784580 3.522229
vertex 1.173775 0.804848 3.732783
vertex 1.148408 0.798899 3.728742
endloop
endfacet
facet normal 0.337003 -0.941503 0
outer loop
vertex 1.240036 0.828566 3.744160
vertex 1.173775 0.804848 3.732783
vertex 1.173775 0.804848 3.531374
endloop
endfacet
facet normal 0.337003 -0.941503 0
outer loop
vertex 1.173775 0.804848 3.531374
vertex 1.297432 0.849110 3.546592
vertex 1.297432 0.849110 3.754261
endloop
endfacet
facet normal 0.337003 -0.941503 5.69689e-08
outer loop
vertex 1.173775 0.804848 3.531374
vertex 1.297432 0.849110 3.754261
vertex 1.240036 0.828566 3.744160
endloop
endfacet
facet normal -0.532845 0.846213 0
outer loop
vertex 1.698831 0.648982 3.582865
vertex 1.551655 0.556308 3.559159
vertex 1.551655 0.556308 3.770985
endloop
endfacet
facet normal -0.532845 0.846213 0
outer loop
vertex 1.698831 0.648982 3.582865
vertex 1.551655 0.556308 3.770985
vertex 1.698831 0.648982 3.799669
endloop
endfacet
facet normal -0.949877 0.312623 0
outer loop
vertex 2.211638 1.386576 3.723746
vertex 2.170116 1.260415 3.703021
vertex 2.170116 1.260415 3.916437
endloop
endfacet
facet normal -0.949877 0.312623 0
outer loop
vertex 2.211638 1.386576 3.723746
vertex 2.170116 1.260415 3.916437
vertex 2.211638 1.386576 3.933411
endloop
endfacet
facet normal 0.968168 -0.250302 0
outer loop
vertex 1.857772 1.524634 3.898031
vertex 1.835146 1.437118 3.886153
vertex 1.835146 1.437118 3.668271
endloop
endfacet
facet normal 0.968168 -0.250302 0
outer loop
vertex 1.835146 1.437118 3.668271
vertex 1.868366 1.565613 3.688714
vertex 1.868366 1.565613 3.904006
endloop
endfacet
facet normal 0.968167 -0.250303 5.57687e-07
outer loop
vertex 1.835146 1.437118 3.668271
vertex 1.868366 1.565613 3.904006
vertex 1.857772 1.524634 3.898031
endloop
endfacet
facet normal 0.99536 -0.0962262 0
outer loop
vertex 1.868366 1.565613 3.904006
vertex 1.868366 1.565613 3.688714
vertex 1.889978 1.789167 3.722107
endloop
endfacet
facet normal 0.99536 -0.0962262 0
outer loop
vertex 1.868366 1.565613 3.904006
vertex 1.889978 1.789167 3.722107
vertex 1.889978 1.789167 3.932074
endloop
endfacet
facet normal -0.997725 0.0674082 0
outer loop
vertex 2.259208 1.699820 3.973452
vertex 2.259208 1.699820 3.771131
vertex 2.253003 1.607977 3.757801
endloop
endfacet
facet normal -0.997726 0.0674071 0
outer loop
vertex 2.253003 1.607977 3.757801
vertex 2.253003 1.607977 3.960047
vertex 2.256031 1.652791 3.964968
endloop
endfacet
facet normal -0.997725 0.0674092 -4.49709e-07
outer loop
vertex 2.253003 1.607977 3.757801
vertex 2.256031 1.652791 3.964968
vertex 2.259208 1.699820 3.973452
endloop
endfacet
facet normal -0.707131 -0.707082 0
outer loop
vertex 2.189604 1.892703 3.786529
vertex 2.218851 1.863454 3.787295
vertex 2.218851 1.863454 3.992403
endloop
endfacet
facet normal -0.707131 -0.707082 0
outer loop
vertex 2.189604 1.892703 3.786529
vertex 2.218851 1.863454 3.992403
vertex 2.189604 1.892703 3.991840
endloop
endfacet
facet normal -0.941792 -0.336197 0
outer loop
vertex 2.240962 1.828630 3.786092
vertex 2.255049 1.789168 3.782901
vertex 2.255049 1.789168 3.987296
endloop
endfacet
facet normal -0.941792 -0.336197 0
outer loop
vertex 2.240962 1.828630 3.786092
vertex 2.255049 1.789168 3.987296
vertex 2.240962 1.828630 3.990680
endloop
endfacet
facet normal -0.844208 -0.536016 -0
outer loop
vertex 2.218851 1.863454 3.992403
vertex 2.218851 1.863454 3.787295
vertex 2.240962 1.828630 3.786092
endloop
endfacet
facet normal -0.844203 -0.536024 0
outer loop
vertex 2.240962 1.828630 3.786092
vertex 2.240962 1.828630 3.990680
vertex 2.236587 1.835520 3.990844
endloop
endfacet
facet normal -0.844209 -0.536014 -4.54052e-07
outer loop
vertex 2.240962 1.828630 3.786092
vertex 2.236587 1.835520 3.990844
vertex 2.218851 1.863454 3.992403
endloop
endfacet
facet normal -0.536084 -0.844165 -0
outer loop
vertex 2.154783 1.914816 3.988801
vertex 2.154783 1.914816 3.783834
vertex 2.189604 1.892703 3.786529
endloop
endfacet
facet normal -0.536084 -0.844165 0
outer loop
vertex 2.154783 1.914816 3.988801
vertex 2.189604 1.892703 3.786529
vertex 2.189604 1.892703 3.991840
endloop
endfacet
facet normal -0.33703 -0.941494 -0
outer loop
vertex 2.115635 1.928830 3.983363
vertex 2.115635 1.928830 3.779282
vertex 2.154783 1.914816 3.783834
endloop
endfacet
facet normal -0.33703 -0.941494 0
outer loop
vertex 2.115635 1.928830 3.983363
vertex 2.154783 1.914816 3.783834
vertex 2.154783 1.914816 3.988801
endloop
endfacet
facet normal -0.115775 -0.993275 -0
outer loop
vertex 2.072687 1.933836 3.975464
vertex 2.072687 1.933836 3.772832
vertex 2.115635 1.928830 3.779282
endloop
endfacet
facet normal -0.115775 -0.993275 0
outer loop
vertex 2.072687 1.933836 3.975464
vertex 2.115635 1.928830 3.779282
vertex 2.115635 1.928830 3.983363
endloop
endfacet
facet normal 0.114125 -0.993466 0
outer loop
vertex 2.029727 1.928901 3.965709
vertex 2.029727 1.928901 3.764986
vertex 2.072687 1.933836 3.772832
endloop
endfacet
facet normal 0.114125 -0.993466 0
outer loop
vertex 2.029727 1.928901 3.965709
vertex 2.072687 1.933836 3.772832
vertex 2.072687 1.933836 3.975464
endloop
endfacet
facet normal 0.336211 -0.941787 0
outer loop
vertex 2.027002 1.927928 3.964968
vertex 1.990264 1.914813 3.958881
vertex 1.990264 1.914813 3.756437
endloop
endfacet
facet normal 0.33621 -0.941787 0
outer loop
vertex 1.990264 1.914813 3.756437
vertex 2.029727 1.928901 3.764986
vertex 2.029727 1.928901 3.965709
endloop
endfacet
facet normal 0.336195 -0.941793 3.14163e-06
outer loop
vertex 1.990264 1.914813 3.756437
vertex 2.029727 1.928901 3.965709
vertex 2.027002 1.927928 3.964968
endloop
endfacet
facet normal 0.706472 -0.707741 0
outer loop
vertex 1.926376 1.863690 3.945084
vertex 1.926376 1.863690 3.738624
vertex 1.955438 1.892700 3.747534
endloop
endfacet
facet normal 0.706472 -0.707741 0
outer loop
vertex 1.926376 1.863690 3.945084
vertex 1.955438 1.892700 3.747534
vertex 1.955438 1.892700 3.952013
endloop
endfacet
facet normal 0.844135 -0.536131 0
outer loop
vertex 0.738134 0.662697 3.705042
vertex 0.738134 0.662697 3.489532
vertex 0.760251 0.697520 3.492766
endloop
endfacet
facet normal 0.844135 -0.536131 0
outer loop
vertex 0.738134 0.662697 3.705042
vertex 0.760251 0.697520 3.492766
vertex 0.760251 0.697520 3.707362
endloop
endfacet
facet normal 0.707643 0.706571 0
outer loop
vertex 0.789265 0.434295 3.699693
vertex 0.789265 0.434295 3.482604
vertex 0.760251 0.463353 3.481845
endloop
endfacet
facet normal 0.707643 0.706571 0
outer loop
vertex 0.789265 0.434295 3.699693
vertex 0.760251 0.463353 3.481845
vertex 0.760251 0.463353 3.699113
endloop
endfacet
facet normal -0.134153 0.990961 0
outer loop
vertex 1.179352 0.420461 3.512980
vertex 0.999269 0.396082 3.496418
vertex 0.999269 0.396082 3.709844
endloop
endfacet
facet normal -0.134153 0.990961 0
outer loop
vertex 1.179352 0.420461 3.512980
vertex 0.999269 0.396082 3.709844
vertex 1.179352 0.420461 3.720212
endloop
endfacet
facet normal 0.440303 -0.897849 0
outer loop
vertex 1.297432 0.849110 3.754261
vertex 1.297432 0.849110 3.546592
vertex 1.375330 0.887311 3.557621
endloop
endfacet
facet normal 0.440303 -0.897849 0
outer loop
vertex 1.297432 0.849110 3.754261
vertex 1.375330 0.887311 3.557621
vertex 1.375330 0.887311 3.768867
endloop
endfacet
facet normal -0.921009 0.389541 0
outer loop
vertex 2.170116 1.260415 3.703021
vertex 2.135860 1.179422 3.689156
vertex 2.135860 1.179422 3.904439
endloop
endfacet
facet normal -0.921009 0.389541 0
outer loop
vertex 2.170116 1.260415 3.703021
vertex 2.135860 1.179422 3.904439
vertex 2.170116 1.260415 3.916437
endloop
endfacet
facet normal -0.98855 0.150894 0
outer loop
vertex 2.253003 1.607977 3.960047
vertex 2.253003 1.607977 3.757801
vertex 2.232499 1.473649 3.737476
endloop
endfacet
facet normal -0.98855 0.150894 0
outer loop
vertex 2.232499 1.473649 3.737476
vertex 2.232499 1.473649 3.943996
vertex 2.235569 1.493759 3.946187
endloop
endfacet
facet normal -0.98855 0.150894 1.95388e-08
outer loop
vertex 2.232499 1.473649 3.737476
vertex 2.235569 1.493759 3.946187
vertex 2.253003 1.607977 3.960047
endloop
endfacet
facet normal 0.536031 -0.844198 0
outer loop
vertex 1.955438 1.892700 3.952013
vertex 1.955438 1.892700 3.747534
vertex 1.990264 1.914813 3.756437
endloop
endfacet
facet normal 0.536031 -0.844198 0
outer loop
vertex 1.955438 1.892700 3.952013
vertex 1.990264 1.914813 3.756437
vertex 1.990264 1.914813 3.958881
endloop
endfacet
facet normal -0.31264 0.949872 0
outer loop
vertex 1.392580 0.482851 3.741502
vertex 1.392580 0.482851 3.537276
vertex 1.266378 0.441313 3.522253
endloop
endfacet
facet normal -0.31264 0.949872 0
outer loop
vertex 1.266378 0.441313 3.522253
vertex 1.266378 0.441313 3.725401
vertex 1.320813 0.459230 3.728742
endloop
endfacet
facet normal -0.31264 0.949872 -9.3947e-08
outer loop
vertex 1.266378 0.441313 3.522253
vertex 1.320813 0.459230 3.728742
vertex 1.392580 0.482851 3.741502
endloop
endfacet
facet normal 0.916725 -0.399519 0
outer loop
vertex 1.765637 1.277625 3.860671
vertex 1.765637 1.277625 3.640821
vertex 1.835146 1.437118 3.668271
endloop
endfacet
facet normal 0.916725 -0.399519 0
outer loop
vertex 1.765637 1.277625 3.860671
vertex 1.835146 1.437118 3.668271
vertex 1.835146 1.437118 3.886153
endloop
endfacet
facet normal -0.998918 -0.0464977 0
outer loop
vertex 2.255049 1.789168 3.782901
vertex 2.259208 1.699820 3.771131
vertex 2.259208 1.699820 3.973452
endloop
endfacet
facet normal -0.998918 -0.0464977 0
outer loop
vertex 2.255049 1.789168 3.782901
vertex 2.259208 1.699820 3.973452
vertex 2.255049 1.789168 3.987296
endloop
endfacet
facet normal -0.97248 0.232986 0
outer loop
vertex 2.232499 1.473649 3.737476
vertex 2.211638 1.386576 3.723746
vertex 2.211638 1.386576 3.933411
endloop
endfacet
facet normal -0.97248 0.232986 0
outer loop
vertex 2.232499 1.473649 3.737476
vertex 2.211638 1.386576 3.933411
vertex 2.232499 1.473649 3.943996
endloop
endfacet
facet normal -0.0336982 0.999432 0
outer loop
vertex 0.952412 0.394502 3.707240
vertex 0.999269 0.396082 3.709844
vertex 0.999269 0.396082 3.496418
endloop
endfacet
facet normal -0.0336984 0.999432 0
outer loop
vertex 0.999269 0.396082 3.496418
vertex 0.906616 0.392958 3.489225
vertex 0.906616 0.392958 3.704787
endloop
endfacet
facet normal -0.0336985 0.999432 -7.5176e-08
outer loop
vertex 0.952412 0.394502 3.707240
vertex 0.999269 0.396082 3.496418
vertex 0.906616 0.392958 3.704787
endloop
endfacet
facet normal 0.831791 -0.555089 0
outer loop
vertex 1.670067 1.134415 3.833291
vertex 1.670067 1.134415 3.613752
vertex 1.765637 1.277625 3.640821
endloop
endfacet
facet normal 0.831791 -0.555089 0
outer loop
vertex 1.670067 1.134415 3.833291
vertex 1.765637 1.277625 3.640821
vertex 1.765637 1.277625 3.860671
endloop
endfacet
facet normal -0.886352 0.463012 0
outer loop
vertex 2.135860 1.179422 3.904439
vertex 2.135860 1.179422 3.689156
vertex 2.075210 1.063319 3.668434
endloop
endfacet
facet normal -0.886352 0.463012 0
outer loop
vertex 2.075210 1.063319 3.668434
vertex 2.075210 1.063319 3.886238
vertex 2.108479 1.127005 3.895919
endloop
endfacet
facet normal -0.886352 0.463012 -1.08794e-07
outer loop
vertex 2.075210 1.063319 3.668434
vertex 2.108479 1.127005 3.895919
vertex 2.135860 1.179422 3.904439
endloop
endfacet
facet normal 0.0964075 -0.995342 0
outer loop
vertex 0.938439 0.770157 3.717907
vertex 0.863482 0.762897 3.714384
vertex 0.863482 0.762897 3.503336
endloop
endfacet
facet normal 0.0964071 -0.995342 0
outer loop
vertex 0.863482 0.762897 3.503336
vertex 1.087345 0.784580 3.522229
vertex 1.087345 0.784580 3.725384
endloop
endfacet
facet normal 0.0964069 -0.995342 2.10407e-07
outer loop
vertex 0.863482 0.762897 3.503336
vertex 1.087345 0.784580 3.725384
vertex 0.938439 0.770157 3.717907
endloop
endfacet
facet normal -0.819638 0.572882 0
outer loop
vertex 2.075210 1.063319 3.668434
vertex 1.950934 0.885514 3.634412
vertex 1.950934 0.885514 3.854416
endloop
endfacet
facet normal -0.819638 0.572882 0
outer loop
vertex 2.075210 1.063319 3.668434
vertex 1.950934 0.885514 3.854416
vertex 2.075210 1.063319 3.886238
endloop
endfacet
facet normal -0.233011 0.972474 0
outer loop
vertex 1.266378 0.441313 3.522253
vertex 1.179352 0.420461 3.512980
vertex 1.179352 0.420461 3.720212
endloop
endfacet
facet normal -0.233011 0.972474 0
outer loop
vertex 1.266378 0.441313 3.522253
vertex 1.179352 0.420461 3.720212
vertex 1.266378 0.441313 3.725401
endloop
endfacet
facet normal 0.737277 -0.67559 0
outer loop
vertex 1.626317 1.086670 3.822550
vertex 1.583096 1.039503 3.812191
vertex 1.583096 1.039503 3.594096
endloop
endfacet
facet normal 0.737277 -0.67559 0
outer loop
vertex 1.583096 1.039503 3.594096
vertex 1.670067 1.134415 3.613752
vertex 1.670067 1.134415 3.833291
endloop
endfacet
facet normal 0.737277 -0.675591 1.65045e-07
outer loop
vertex 1.583096 1.039503 3.594096
vertex 1.670067 1.134415 3.833291
vertex 1.626317 1.086670 3.822550
endloop
endfacet
facet normal -0.419236 0.907877 0
outer loop
vertex 1.551655 0.556308 3.559159
vertex 1.392580 0.482851 3.537276
vertex 1.392580 0.482851 3.741502
endloop
endfacet
facet normal -0.419236 0.907877 0
outer loop
vertex 1.551655 0.556308 3.559159
vertex 1.392580 0.482851 3.741502
vertex 1.551655 0.556308 3.770985
endloop
endfacet
facet normal -0.729238 0.68426 0
outer loop
vertex 1.950934 0.885514 3.634412
vertex 1.832452 0.759244 3.608060
vertex 1.832452 0.759244 3.827202
endloop
endfacet
facet normal -0.729238 0.68426 0
outer loop
vertex 1.950934 0.885514 3.634412
vertex 1.832452 0.759244 3.827202
vertex 1.950934 0.885514 3.854416
endloop
endfacet
facet normal 0.536741 -0.843747 0
outer loop
vertex 1.375330 0.887311 3.768867
vertex 1.375330 0.887311 3.557621
vertex 1.484427 0.956712 3.575297
endloop
endfacet
facet normal 0.536741 -0.843747 0
outer loop
vertex 1.375330 0.887311 3.768867
vertex 1.484427 0.956712 3.575297
vertex 1.484427 0.956712 3.790703
endloop
endfacet
facet normal 0.642778 -0.766053 0
outer loop
vertex 1.484427 0.956712 3.790703
vertex 1.484427 0.956712 3.575297
vertex 1.583096 1.039503 3.594096
endloop
endfacet
facet normal 0.642778 -0.766053 0
outer loop
vertex 1.484427 0.956712 3.790703
vertex 1.583096 1.039503 3.594096
vertex 1.583096 1.039503 3.812191
endloop
endfacet
facet normal -0.636468 0.771303 0
outer loop
vertex 1.832452 0.759244 3.827202
vertex 1.832452 0.759244 3.608060
vertex 1.698831 0.648982 3.582865
endloop
endfacet
facet normal -0.636467 0.771303 0
outer loop
vertex 1.698831 0.648982 3.582865
vertex 1.698831 0.648982 3.799669
vertex 1.831923 0.758807 3.827089
endloop
endfacet
facet normal -0.636485 0.771289 1.88555e-05
outer loop
vertex 1.698831 0.648982 3.582865
vertex 1.831923 0.758807 3.827089
vertex 1.832452 0.759244 3.827202
endloop
endfacet
facet normal 0.997143 0.0755421 0
outer loop
vertex -2.303680 -2.033545 4.041550
vertex -2.303680 -2.033545 3.829337
vertex -2.306998 -1.989747 3.822873
endloop
endfacet
facet normal 0.997143 0.0755421 0
outer loop
vertex -2.303680 -2.033545 4.041550
vertex -2.306998 -1.989747 3.822873
vertex -2.306998 -1.989747 4.034069
endloop
endfacet
facet normal 0.972736 0.231916 0
outer loop
vertex -2.283793 -2.116958 4.053007
vertex -2.283793 -2.116958 3.839581
vertex -2.303680 -2.033545 3.829337
endloop
endfacet
facet normal 0.972736 0.231916 0
outer loop
vertex -2.283793 -2.116958 4.053007
vertex -2.303680 -2.033545 3.829337
vertex -2.303680 -2.033545 4.041550
endloop
endfacet
facet normal 0.772799 0.634651 0
outer loop
vertex -2.223319 -2.223319 4.060395
vertex -2.168010 -2.290667 4.063936
vertex -2.168010 -2.290667 3.849633
endloop
endfacet
facet normal 0.7728 0.63465 0
outer loop
vertex -2.168010 -2.290667 3.849633
vertex -2.247747 -2.193573 3.846286
vertex -2.247747 -2.193573 4.059874
endloop
endfacet
facet normal 0.772802 0.634647 1.76953e-06
outer loop
vertex -2.168010 -2.290667 3.849633
vertex -2.247747 -2.193573 4.059874
vertex -2.223319 -2.223319 4.060395
endloop
endfacet
facet normal 0.331897 0.943316 0
outer loop
vertex -1.983115 -2.388846 3.837255
vertex -2.063503 -2.360562 3.844927
vertex -2.063503 -2.360562 4.058831
endloop
endfacet
facet normal 0.331897 0.943316 -0
outer loop
vertex -1.983115 -2.388846 3.837255
vertex -2.063503 -2.360562 4.058831
vertex -1.983115 -2.388846 4.049664
endloop
endfacet
facet normal -0.997769 -0.066766 0
outer loop
vertex -1.929366 -1.965005 3.754671
vertex -1.927152 -1.998091 3.759596
vertex -1.927152 -1.998091 3.961261
endloop
endfacet
facet normal -0.997769 -0.066766 0
outer loop
vertex -1.929366 -1.965005 3.754671
vertex -1.927152 -1.998091 3.961261
vertex -1.929366 -1.965005 3.957371
endloop
endfacet
facet normal -0.0318985 0.999491 0
outer loop
vertex -1.852133 -2.398570 3.818944
vertex -1.896941 -2.400000 3.825968
vertex -1.896941 -2.400000 4.037427
endloop
endfacet
facet normal -0.0318985 0.999491 0
outer loop
vertex -1.852133 -2.398570 3.818944
vertex -1.896941 -2.400000 4.037427
vertex -1.852133 -2.398570 4.029700
endloop
endfacet
facet normal -0.410429 0.911892 0
outer loop
vertex 1.272645 -1.419326 3.814560
vertex 1.272645 -1.419326 3.595999
vertex 1.177774 -1.462026 3.591602
endloop
endfacet
facet normal -0.410431 0.911892 0
outer loop
vertex 1.177774 -1.462026 3.591602
vertex 1.177774 -1.462026 3.809425
vertex 1.193898 -1.454769 3.810063
endloop
endfacet
facet normal -0.410429 0.911893 -2.29288e-07
outer loop
vertex 1.177774 -1.462026 3.591602
vertex 1.193898 -1.454769 3.810063
vertex 1.272645 -1.419326 3.814560
endloop
endfacet
facet normal -0.69141 0.722462 0
outer loop
vertex 1.373543 -1.332861 3.815661
vertex 1.373543 -1.332861 3.597165
vertex 1.309935 -1.393735 3.596975
endloop
endfacet
facet normal -0.691411 0.722461 0
outer loop
vertex 1.309935 -1.393735 3.596975
vertex 1.309935 -1.393735 3.815588
vertex 1.352755 -1.352755 3.815316
endloop
endfacet
facet normal -0.691408 0.722464 -1.11545e-06
outer loop
vertex 1.309935 -1.393735 3.596975
vertex 1.352755 -1.352755 3.815316
vertex 1.373543 -1.332861 3.815661
endloop
endfacet
facet normal -0.797316 0.603562 0
outer loop
vertex 1.399872 -1.298080 3.596422
vertex 1.373543 -1.332861 3.597165
vertex 1.373543 -1.332861 3.815661
endloop
endfacet
facet normal -0.797316 0.603562 0
outer loop
vertex 1.399872 -1.298080 3.596422
vertex 1.373543 -1.332861 3.815661
vertex 1.399872 -1.298080 3.815011
endloop
endfacet
facet normal -0.957916 0.287049 0
outer loop
vertex 1.465275 -1.140065 3.806071
vertex 1.465275 -1.140065 3.588473
vertex 1.440658 -1.222215 3.593395
endloop
endfacet
facet normal -0.957916 0.28705 0
outer loop
vertex 1.440658 -1.222215 3.593395
vertex 1.440658 -1.222215 3.811509
vertex 1.450254 -1.190193 3.809078
endloop
endfacet
facet normal -0.957916 0.287048 1.7891e-07
outer loop
vertex 1.440658 -1.222215 3.593395
vertex 1.450254 -1.190193 3.809078
vertex 1.465275 -1.140065 3.806071
endloop
endfacet
facet normal -0.993522 -0.113643 -0
outer loop
vertex 1.463172 -0.968667 3.788661
vertex 1.463172 -0.968667 3.573705
vertex 1.473010 -1.054675 3.581856
endloop
endfacet
facet normal -0.993521 -0.113644 0
outer loop
vertex 1.473010 -1.054675 3.581856
vertex 1.473010 -1.054675 3.798527
vertex 1.464286 -0.978404 3.789668
endloop
endfacet
facet normal -0.993522 -0.113639 -1.84472e-06
outer loop
vertex 1.473010 -1.054675 3.581856
vertex 1.464286 -0.978404 3.789668
vertex 1.463172 -0.968667 3.788661
endloop
endfacet
facet normal -0.907589 -0.419861 0
outer loop
vertex 1.413849 -0.845116 3.559001
vertex 1.451382 -0.926249 3.569095
vertex 1.451382 -0.926249 3.783269
endloop
endfacet
facet normal -0.907589 -0.419861 0
outer loop
vertex 1.413849 -0.845116 3.559001
vertex 1.451382 -0.926249 3.783269
vertex 1.413849 -0.845116 3.770784
endloop
endfacet
facet normal 0.707108 0.707106 0
outer loop
vertex 1.016689 -0.960447 3.728742
vertex 1.084497 -1.028255 3.744923
vertex 1.084497 -1.028255 3.539727
endloop
endfacet
facet normal 0.707108 0.707105 0
outer loop
vertex 1.084497 -1.028255 3.539727
vertex -0.935022 0.991272 3.524599
vertex -0.935022 0.991272 3.726648
endloop
endfacet
facet normal 0.707108 0.707105 0
outer loop
vertex 1.084497 -1.028255 3.539727
vertex -0.935022 0.991272 3.726648
vertex -0.257421 0.313668 3.670825
endloop
endfacet
facet normal 0.707108 0.707105 3.08066e-07
outer loop
vertex 0.313655 -0.257410 3.670825
vertex 1.016689 -0.960447 3.728742
vertex 1.084497 -1.028255 3.539727
endloop
endfacet
facet normal 0.707108 0.707105 0
outer loop
vertex 0.169506 -0.113260 3.659063
vertex 0.313655 -0.257410 3.670825
vertex 1.084497 -1.028255 3.539727
endloop
endfacet
facet normal 0.707107 0.707107 0
outer loop
vertex 1.084497 -1.028255 3.539727
vertex -0.257421 0.313668 3.670825
vertex -0.113262 0.169509 3.659064
endloop
endfacet
facet normal 0.707111 0.707102 7.36651e-05
outer loop
vertex 1.084497 -1.028255 3.539727
vertex -0.113262 0.169509 3.659064
vertex -0.064587 0.120833 3.655169
endloop
endfacet
facet normal 0.707108 0.707105 5.62147e-07
outer loop
vertex 0.120832 -0.064586 3.655169
vertex 0.169506 -0.113260 3.659063
vertex 1.084497 -1.028255 3.539727
endloop
endfacet
facet normal 0.707108 0.707105 -2.78945e-07
outer loop
vertex 0.096018 -0.039772 3.653242
vertex 0.120832 -0.064586 3.655169
vertex 1.084497 -1.028255 3.539727
endloop
endfacet
facet normal 0.707115 0.707099 0
outer loop
vertex 1.084497 -1.028255 3.539727
vertex -0.064587 0.120833 3.655169
vertex -0.039772 0.096019 3.653242
endloop
endfacet
facet normal 0.707095 0.707118 0
outer loop
vertex 1.084497 -1.028255 3.539727
vertex -0.039772 0.096019 3.653242
vertex -0.024492 0.080738 3.652103
endloop
endfacet
facet normal 0.707108 0.707105 0
outer loop
vertex 0.080737 -0.024491 3.652103
vertex 0.096018 -0.039772 3.653242
vertex 1.084497 -1.028255 3.539727
endloop
endfacet
facet normal 0.707108 0.707105 -6.82369e-07
outer loop
vertex 0.070212 -0.013966 3.651358
vertex 0.080737 -0.024491 3.652103
vertex 1.084497 -1.028255 3.539727
endloop
endfacet
facet normal 0.707107 0.707107 0
outer loop
vertex 1.084497 -1.028255 3.539727
vertex -0.024492 0.080738 3.652103
vertex -0.013966 0.070212 3.651358
endloop
endfacet
facet normal 0.707124 0.707089 0.000277535
outer loop
vertex 1.084497 -1.028255 3.539727
vertex -0.013966 0.070212 3.651358
vertex -0.006145 0.062391 3.650840
endloop
endfacet
facet normal 0.707108 0.707105 0
outer loop
vertex 0.062391 -0.006145 3.650840
vertex 0.070212 -0.013966 3.651358
vertex 1.084497 -1.028255 3.539727
endloop
endfacet
facet normal 0.707108 0.707105 1.23486e-06
outer loop
vertex 0.056246 0.000000 3.650464
vertex 0.062391 -0.006145 3.650840
vertex 1.084497 -1.028255 3.539727
endloop
endfacet
facet normal 0.707107 0.707107 0
outer loop
vertex 1.084497 -1.028255 3.539727
vertex -0.006145 0.062391 3.650840
vertex 0.000000 0.056246 3.650464
endloop
endfacet
facet normal 0.707127 0.707086 0.000329692
outer loop
vertex 1.084497 -1.028255 3.539727
vertex 0.000000 0.056246 3.650464
vertex 0.005043 0.051203 3.650185
endloop
endfacet
facet normal 0.707108 0.707105 3.89315e-07
outer loop
vertex 0.051203 0.005043 3.650185
vertex 0.056246 0.000000 3.650464
vertex 1.084497 -1.028255 3.539727
endloop
endfacet
facet normal 0.707108 0.707105 -2.37571e-06
outer loop
vertex 0.049483 0.006763 3.650100
vertex 0.051203 0.005043 3.650185
vertex 1.084497 -1.028255 3.539727
endloop
endfacet
facet normal 0.707053 0.70716 -0.000854445
outer loop
vertex 1.084497 -1.028255 3.539727
vertex 0.005043 0.051203 3.650185
vertex 0.006763 0.049483 3.650100
endloop
endfacet
facet normal 0.707108 0.707105 0
outer loop
vertex 1.084497 -1.028255 3.539727
vertex 0.006763 0.049483 3.650100
vertex 0.049483 0.006763 3.650100
endloop
endfacet
facet normal -0.336009 -0.941859 -0
outer loop
vertex -0.869078 1.368610 3.766309
vertex -0.869078 1.368610 3.555594
vertex -0.784708 1.338511 3.546715
endloop
endfacet
facet normal -0.336009 -0.941859 0
outer loop
vertex -0.869078 1.368610 3.766309
vertex -0.784708 1.338511 3.546715
vertex -0.784708 1.338511 3.754621
endloop
endfacet
facet normal 0.0276128 -0.999619 0
outer loop
vertex -0.999570 1.378638 3.780177
vertex -0.999570 1.378638 3.566497
vertex -0.956022 1.379841 3.563209
endloop
endfacet
facet normal 0.0276128 -0.999619 0
outer loop
vertex -0.999570 1.378638 3.780177
vertex -0.956022 1.379841 3.563209
vertex -0.956022 1.379841 3.775957
endloop
endfacet
facet normal 0.512007 -0.858981 0
outer loop
vertex -1.202902 1.308224 3.792741
vertex -1.202902 1.308224 3.576888
vertex -1.165364 1.330599 3.575689
endloop
endfacet
facet normal 0.512007 -0.858981 0
outer loop
vertex -1.202902 1.308224 3.792741
vertex -1.165364 1.330599 3.575689
vertex -1.165364 1.330599 3.791283
endloop
endfacet
facet normal 0.640975 -0.767562 0
outer loop
vertex -1.260296 1.260296 3.793253
vertex -1.270610 1.251683 3.793567
vertex -1.270610 1.251683 3.577801
endloop
endfacet
facet normal 0.640971 -0.767565 0
outer loop
vertex -1.270610 1.251683 3.577801
vertex -1.202902 1.308224 3.576888
vertex -1.202902 1.308224 3.792741
endloop
endfacet
facet normal 0.64097 -0.767566 3.5032e-07
outer loop
vertex -1.270610 1.251683 3.577801
vertex -1.202902 1.308224 3.792741
vertex -1.260296 1.260296 3.793253
endloop
endfacet
facet normal 0.910676 -0.413122 0
outer loop
vertex -1.356352 1.113129 3.788581
vertex -1.369200 1.084807 3.787474
vertex -1.369200 1.084807 3.572593
endloop
endfacet
facet normal 0.910676 -0.413122 0
outer loop
vertex -1.369200 1.084807 3.572593
vertex -1.326059 1.179906 3.576574
vertex -1.326059 1.179906 3.792365
endloop
endfacet
facet normal 0.910676 -0.413122 -5.18389e-08
outer loop
vertex -1.369200 1.084807 3.572593
vertex -1.326059 1.179906 3.792365
vertex -1.356352 1.113129 3.788581
endloop
endfacet
facet normal -0.953893 0.300145 0
outer loop
vertex -1.011799 0.965842 3.728742
vertex -1.006129 0.983863 3.730077
vertex -1.006129 0.983863 3.529557
endloop
endfacet
facet normal -0.953894 0.300143 0
outer loop
vertex -1.006129 0.983863 3.529557
vertex -1.307534 0.025957 3.518711
vertex -1.307534 0.025957 3.723430
endloop
endfacet
facet normal -0.953894 0.300143 1.59191e-06
outer loop
vertex -1.006129 0.983863 3.529557
vertex -1.307534 0.025957 3.723430
vertex -1.276153 0.125690 3.721887
endloop
endfacet
facet normal -0.953894 0.300142 -2.6862e-07
outer loop
vertex -1.045679 0.858167 3.725989
vertex -1.011799 0.965842 3.728742
vertex -1.006129 0.983863 3.529557
endloop
endfacet
facet normal -0.953894 0.300142 -3.05008e-07
outer loop
vertex -1.087139 0.726403 3.723353
vertex -1.045679 0.858167 3.725989
vertex -1.006129 0.983863 3.529557
endloop
endfacet
facet normal -0.953894 0.300142 -2.5608e-06
outer loop
vertex -1.006129 0.983863 3.529557
vertex -1.276153 0.125690 3.721887
vertex -1.238205 0.246294 3.720730
endloop
endfacet
facet normal -0.953894 0.300143 3.19407e-06
outer loop
vertex -1.006129 0.983863 3.529557
vertex -1.238205 0.246294 3.720730
vertex -1.201062 0.364338 3.720301
endloop
endfacet
facet normal -0.953894 0.300143 2.17003e-07
outer loop
vertex -1.126279 0.602009 3.721581
vertex -1.087139 0.726403 3.723353
vertex -1.006129 0.983863 3.529557
endloop
endfacet
facet normal -0.953894 0.300142 -1.25547e-06
outer loop
vertex -1.006129 0.983863 3.529557
vertex -1.201062 0.364338 3.720301
vertex -1.163995 0.482143 3.720581
endloop
endfacet
facet normal -0.953894 0.300143 3.03729e-07
outer loop
vertex -1.006129 0.983863 3.529557
vertex -1.163995 0.482143 3.720581
vertex -1.126279 0.602009 3.721581
endloop
endfacet
facet normal 0.996173 -0.0874075 0
outer loop
vertex -2.306998 -1.989747 4.034069
vertex -2.306998 -1.989747 3.822873
vertex -2.299054 -1.899209 3.807257
endloop
endfacet
facet normal 0.996173 -0.0874075 0
outer loop
vertex -2.306998 -1.989747 4.034069
vertex -2.299054 -1.899209 3.807257
vertex -2.299054 -1.899209 4.015561
endloop
endfacet
facet normal 0.555932 0.831228 0
outer loop
vertex -2.063503 -2.360562 3.844927
vertex -2.168010 -2.290667 3.849633
vertex -2.168010 -2.290667 4.063936
endloop
endfacet
facet normal 0.555931 0.831228 -0
outer loop
vertex -2.063503 -2.360562 3.844927
vertex -2.168010 -2.290667 4.063936
vertex -2.063503 -2.360562 4.058831
endloop
endfacet
facet normal -0.707059 -0.707154 -0
outer loop
vertex -1.927152 -1.998091 3.961261
vertex -1.927152 -1.998091 3.759596
vertex -1.905026 -2.020214 3.759761
endloop
endfacet
facet normal -0.707059 -0.707154 0
outer loop
vertex -1.927152 -1.998091 3.961261
vertex -1.905026 -2.020214 3.759761
vertex -1.905026 -2.020214 3.961520
endloop
endfacet
facet normal -0.194335 0.980935 0
outer loop
vertex -1.760478 -2.380412 3.802155
vertex -1.852133 -2.398570 3.818944
vertex -1.852133 -2.398570 4.029700
endloop
endfacet
facet normal -0.194335 0.980935 0
outer loop
vertex -1.760478 -2.380412 3.802155
vertex -1.852133 -2.398570 4.029700
vertex -1.760478 -2.380412 4.010499
endloop
endfacet
facet normal -0.565839 0.824516 0
outer loop
vertex 1.309935 -1.393735 3.596975
vertex 1.272645 -1.419326 3.595999
vertex 1.272645 -1.419326 3.814560
endloop
endfacet
facet normal -0.565839 0.824516 0
outer loop
vertex 1.309935 -1.393735 3.596975
vertex 1.272645 -1.419326 3.814560
vertex 1.309935 -1.393735 3.815588
endloop
endfacet
facet normal -0.995922 0.0902138 0
outer loop
vertex 1.473010 -1.054675 3.581856
vertex 1.465275 -1.140065 3.588473
vertex 1.465275 -1.140065 3.806071
endloop
endfacet
facet normal -0.995922 0.0902138 0
outer loop
vertex 1.473010 -1.054675 3.581856
vertex 1.465275 -1.140065 3.806071
vertex 1.473010 -1.054675 3.798527
endloop
endfacet
facet normal -0.826874 -0.562387 0
outer loop
vertex 1.387729 -0.806712 3.553513
vertex 1.413849 -0.845116 3.559001
vertex 1.413849 -0.845116 3.770784
endloop
endfacet
facet normal -0.826875 -0.562387 0
outer loop
vertex 1.387729 -0.806712 3.553513
vertex 1.413849 -0.845116 3.770784
vertex 1.387729 -0.806712 3.763664
endloop
endfacet
facet normal -0.12811 -0.99176 0
outer loop
vertex -0.918765 1.375028 3.771555
vertex -0.956022 1.379841 3.775957
vertex -0.956022 1.379841 3.563209
endloop
endfacet
facet normal -0.12811 -0.99176 0
outer loop
vertex -0.956022 1.379841 3.563209
vertex -0.869078 1.368610 3.555594
vertex -0.869078 1.368610 3.766309
endloop
endfacet
facet normal -0.12811 -0.99176 -2.46294e-08
outer loop
vertex -0.956022 1.379841 3.563209
vertex -0.869078 1.368610 3.766309
vertex -0.918765 1.375028 3.771555
endloop
endfacet
facet normal 0.37427 -0.92732 0
outer loop
vertex -1.110250 1.352843 3.787815
vertex -1.165364 1.330599 3.791283
vertex -1.165364 1.330599 3.575689
endloop
endfacet
facet normal 0.37427 -0.92732 0
outer loop
vertex -1.165364 1.330599 3.575689
vertex -1.084936 1.363060 3.571930
vertex -1.084936 1.363060 3.786654
endloop
endfacet
facet normal 0.37427 -0.92732 7.94702e-08
outer loop
vertex -1.165364 1.330599 3.575689
vertex -1.084936 1.363060 3.786654
vertex -1.110250 1.352843 3.787815
endloop
endfacet
facet normal 0.791365 -0.611344 0
outer loop
vertex -1.326059 1.179906 3.792365
vertex -1.326059 1.179906 3.576574
vertex -1.270610 1.251683 3.577801
endloop
endfacet
facet normal 0.791365 -0.611344 0
outer loop
vertex -1.326059 1.179906 3.792365
vertex -1.270610 1.251683 3.577801
vertex -1.270610 1.251683 3.793567
endloop
endfacet
facet normal 0.954721 -0.297503 0
outer loop
vertex -2.293852 -1.882516 4.011379
vertex -2.299054 -1.899209 4.015561
vertex -2.299054 -1.899209 3.807257
endloop
endfacet
facet normal 0.954721 -0.297502 0
outer loop
vertex -1.369200 1.084807 3.572593
vertex -1.369200 1.084807 3.787474
vertex -1.413029 0.944156 3.779266
endloop
endfacet
facet normal 0.954721 -0.297502 -1.80871e-07
outer loop
vertex -1.369200 1.084807 3.572593
vertex -1.413029 0.944156 3.779266
vertex -1.463481 0.782247 3.772515
endloop
endfacet
facet normal 0.954721 -0.297502 -2.16216e-08
outer loop
vertex -2.232256 -1.684847 3.964968
vertex -2.293852 -1.882516 4.011379
vertex -2.299054 -1.899209 3.807257
endloop
endfacet
facet normal 0.954721 -0.297502 -1.16023e-06
outer loop
vertex -2.156182 -1.440715 3.930077
vertex -2.232256 -1.684847 3.964968
vertex -2.299054 -1.899209 3.807257
endloop
endfacet
facet normal 0.954721 -0.297502 -2.19979e-07
outer loop
vertex -1.369200 1.084807 3.572593
vertex -1.463481 0.782247 3.772515
vertex -1.512070 0.626320 3.768673
endloop
endfacet
facet normal 0.954721 -0.297502 9.31425e-07
outer loop
vertex -1.369200 1.084807 3.572593
vertex -1.512070 0.626320 3.768673
vertex -1.559797 0.473159 3.767548
endloop
endfacet
facet normal 0.954721 -0.297502 4.20112e-07
outer loop
vertex -2.156182 -1.440715 3.930077
vertex -2.299054 -1.899209 3.807257
vertex -1.369200 1.084807 3.572593
endloop
endfacet
facet normal 0.95472 -0.297505 -2.38925e-05
outer loop
vertex -2.048424 -1.094905 3.884429
vertex -2.156182 -1.440715 3.930077
vertex -1.369200 1.084807 3.572593
endloop
endfacet
facet normal 0.954721 -0.297502 4.91175e-07
outer loop
vertex -1.369200 1.084807 3.572593
vertex -1.559797 0.473159 3.767548
vertex -1.607594 0.319770 3.769084
endloop
endfacet
facet normal 0.954721 -0.297502 5.172e-07
outer loop
vertex -1.369200 1.084807 3.572593
vertex -1.607594 0.319770 3.769084
vertex -1.656402 0.163141 3.773358
endloop
endfacet
facet normal 0.954721 -0.297502 2.97715e-06
outer loop
vertex -1.960256 -0.811965 3.850528
vertex -2.048424 -1.094905 3.884429
vertex -1.369200 1.084807 3.572593
endloop
endfacet
facet normal 0.954721 -0.297502 -1.56043e-06
outer loop
vertex -1.885464 -0.571949 3.824971
vertex -1.960256 -0.811965 3.850528
vertex -1.369200 1.084807 3.572593
endloop
endfacet
facet normal 0.954721 -0.297502 -2.18084e-06
outer loop
vertex -1.369200 1.084807 3.572593
vertex -1.656402 0.163141 3.773358
vertex -1.707238 0.000000 3.780583
endloop
endfacet
facet normal 0.954721 -0.297502 3.46621e-06
outer loop
vertex -1.369200 1.084807 3.572593
vertex -1.707238 0.000000 3.780583
vertex -1.761294 -0.173472 3.791142
endloop
endfacet
facet normal 0.954721 -0.297503 -3.05675e-06
outer loop
vertex -1.820051 -0.362031 3.805635
vertex -1.885464 -0.571949 3.824971
vertex -1.369200 1.084807 3.572593
endloop
endfacet
facet normal 0.954721 -0.297502 2.47704e-06
outer loop
vertex -1.369200 1.084807 3.572593
vertex -1.761294 -0.173472 3.791142
vertex -1.820051 -0.362031 3.805635
endloop
endfacet
facet normal 0.904856 0.425718 0
outer loop
vertex -2.247747 -2.193573 4.059874
vertex -2.247747 -2.193573 3.846286
vertex -2.283793 -2.116958 3.839581
endloop
endfacet
facet normal 0.904856 0.425718 0
outer loop
vertex -2.247747 -2.193573 4.059874
vertex -2.283793 -2.116958 3.839581
vertex -2.283793 -2.116958 4.053007
endloop
endfacet
facet normal 0.128367 0.991727 0
outer loop
vertex -1.896941 -2.400000 4.037427
vertex -1.896941 -2.400000 3.825968
vertex -1.983115 -2.388846 3.837255
endloop
endfacet
facet normal 0.128368 0.991727 -0
outer loop
vertex -1.983115 -2.388846 3.837255
vertex -1.983115 -2.388846 4.049664
vertex -1.962649 -2.391495 4.046394
endloop
endfacet
facet normal 0.128367 0.991727 1.8032e-07
outer loop
vertex -1.983115 -2.388846 3.837255
vertex -1.962649 -2.391495 4.046394
vertex -1.896941 -2.400000 4.037427
endloop
endfacet
facet normal -0.298329 0.954463 0
outer loop
vertex -1.760478 -2.380412 3.802155
vertex -1.760478 -2.380412 4.010499
vertex -1.566734 -2.319855 3.964968
endloop
endfacet
facet normal -0.298325 0.954464 -5.76174e-06
outer loop
vertex -1.760478 -2.380412 3.802155
vertex -1.566734 -2.319855 3.964968
vertex -1.545681 -2.313275 3.961956
endloop
endfacet
facet normal -0.298329 0.954463 0
outer loop
vertex 1.011600 -1.513966 3.799750
vertex 1.177774 -1.462026 3.809425
vertex 1.177774 -1.462026 3.591602
endloop
endfacet
facet normal -0.298329 0.954463 5.24432e-07
outer loop
vertex 0.838201 -1.568164 3.792544
vertex 1.011600 -1.513966 3.799750
vertex 1.177774 -1.462026 3.591602
endloop
endfacet
facet normal -0.298329 0.954463 4.42072e-07
outer loop
vertex 1.177774 -1.462026 3.591602
vertex -1.760478 -2.380412 3.802155
vertex -1.545681 -2.313275 3.961956
endloop
endfacet
facet normal -0.298343 0.954459 -5.85288e-05
outer loop
vertex 1.177774 -1.462026 3.591602
vertex -1.545681 -2.313275 3.961956
vertex -1.174450 -2.197242 3.912901
endloop
endfacet
facet normal -0.298329 0.954463 2.5433e-07
outer loop
vertex 0.671179 -1.620368 3.788452
vertex 0.838201 -1.568164 3.792544
vertex 1.177774 -1.462026 3.591602
endloop
endfacet
facet normal -0.298329 0.954463 -1.08078e-06
outer loop
vertex 0.507091 -1.671656 3.787271
vertex 0.671179 -1.620368 3.788452
vertex 1.177774 -1.462026 3.591602
endloop
endfacet
facet normal -0.298326 0.954464 2.87378e-05
outer loop
vertex 1.177774 -1.462026 3.591602
vertex -1.174450 -2.197242 3.912901
vertex -0.870817 -2.102338 3.876477
endloop
endfacet
facet normal -0.298331 0.954462 -1.99536e-05
outer loop
vertex 1.177774 -1.462026 3.591602
vertex -0.870817 -2.102338 3.876477
vertex -0.613323 -2.021855 3.849020
endloop
endfacet
facet normal -0.298329 0.954463 1.26011e-06
outer loop
vertex 0.342732 -1.723029 3.788943
vertex 0.507091 -1.671656 3.787271
vertex 1.177774 -1.462026 3.591602
endloop
endfacet
facet normal -0.298329 0.954463 1.21439e-07
outer loop
vertex 0.174871 -1.775495 3.793550
vertex 0.342732 -1.723029 3.788943
vertex 1.177774 -1.462026 3.591602
endloop
endfacet
facet normal -0.298327 0.954464 1.09676e-05
outer loop
vertex 1.177774 -1.462026 3.591602
vertex -0.613323 -2.021855 3.849020
vertex -0.388174 -1.951482 3.828246
endloop
endfacet
facet normal -0.29833 0.954463 -7.27442e-06
outer loop
vertex 1.177774 -1.462026 3.591602
vertex -0.388174 -1.951482 3.828246
vertex -0.185980 -1.888284 3.812673
endloop
endfacet
facet normal -0.298329 0.954463 0
outer loop
vertex -0.000000 -1.830153 3.801323
vertex 0.174871 -1.775495 3.793550
vertex 1.177774 -1.462026 3.591602
endloop
endfacet
facet normal -0.298329 0.954463 4.43833e-06
outer loop
vertex 1.177774 -1.462026 3.591602
vertex -0.185980 -1.888284 3.812673
vertex -0.000000 -1.830153 3.801323
endloop
endfacet
facet normal -0.963476 -0.267795 0
outer loop
vertex 1.451382 -0.926249 3.569095
vertex 1.463172 -0.968667 3.573705
vertex 1.463172 -0.968667 3.788661
endloop
endfacet
facet normal -0.963476 -0.267795 0
outer loop
vertex 1.451382 -0.926249 3.569095
vertex 1.463172 -0.968667 3.788661
vertex 1.451382 -0.926249 3.783269
endloop
endfacet
facet normal 0.179521 -0.983754 0
outer loop
vertex -1.084936 1.363060 3.786654
vertex -1.084936 1.363060 3.571930
vertex -0.999570 1.378638 3.566497
endloop
endfacet
facet normal 0.179521 -0.983754 0
outer loop
vertex -1.084936 1.363060 3.786654
vertex -0.999570 1.378638 3.566497
vertex -0.999570 1.378638 3.780177
endloop
endfacet
facet normal -0.526092 0.850428 0
outer loop
vertex -0.972939 1.004395 3.728700
vertex -0.972939 1.004395 3.528558
vertex -1.006129 0.983863 3.529557
endloop
endfacet
facet normal -0.526094 0.850427 0
outer loop
vertex -1.006129 0.983863 3.529557
vertex -1.006129 0.983863 3.730077
vertex -0.992373 0.992373 3.729320
endloop
endfacet
facet normal -0.526099 0.850423 1.62489e-06
outer loop
vertex -0.976317 1.002306 3.728742
vertex -0.972939 1.004395 3.728700
vertex -1.006129 0.983863 3.529557
endloop
endfacet
facet normal -0.526089 0.85043 -4.46459e-07
outer loop
vertex -1.006129 0.983863 3.529557
vertex -0.992373 0.992373 3.729320
vertex -0.976317 1.002306 3.728742
endloop
endfacet
facet normal -0.954527 0.298124 0
outer loop
vertex -1.453336 -0.440865 3.748776
vertex -1.433105 -0.376089 3.742802
vertex -1.433105 -0.376089 3.538192
endloop
endfacet
facet normal -0.954527 0.298124 0
outer loop
vertex -1.433105 -0.376089 3.538192
vertex -1.929366 -1.965005 3.754671
vertex -1.929366 -1.965005 3.957371
endloop
endfacet
facet normal -0.954527 0.298124 -6.69463e-06
outer loop
vertex -1.433105 -0.376089 3.538192
vertex -1.929366 -1.965005 3.957371
vertex -1.913180 -1.913180 3.949047
endloop
endfacet
facet normal -0.954527 0.298124 2.83001e-07
outer loop
vertex -1.511138 -0.625934 3.768503
vertex -1.453336 -0.440865 3.748776
vertex -1.433105 -0.376089 3.538192
endloop
endfacet
facet normal -0.954527 0.298125 7.32017e-07
outer loop
vertex -1.579293 -0.844150 3.794673
vertex -1.511138 -0.625934 3.768503
vertex -1.433105 -0.376089 3.538192
endloop
endfacet
facet normal -0.954527 0.298125 1.39847e-06
outer loop
vertex -1.433105 -0.376089 3.538192
vertex -1.913180 -1.913180 3.949047
vertex -1.769097 -1.451861 3.878675
endloop
endfacet
facet normal -0.954527 0.298124 -6.84796e-07
outer loop
vertex -1.662613 -1.110923 3.829916
vertex -1.579293 -0.844150 3.794673
vertex -1.433105 -0.376089 3.538192
endloop
endfacet
facet normal -0.954527 0.298124 -2.23537e-07
outer loop
vertex -1.433105 -0.376089 3.538192
vertex -1.769097 -1.451861 3.878675
vertex -1.662613 -1.110923 3.829916
endloop
endfacet
facet normal -0.0669228 -0.997758 -0
outer loop
vertex -1.905026 -2.020214 3.961520
vertex -1.905026 -2.020214 3.759761
vertex -1.871929 -2.022434 3.755099
endloop
endfacet
facet normal -0.0669228 -0.997758 0
outer loop
vertex -1.905026 -2.020214 3.961520
vertex -1.871929 -2.022434 3.755099
vertex -1.871929 -2.022434 3.958043
endloop
endfacet
facet normal 0.327064 0.945002 0
outer loop
vertex -0.935022 0.991272 3.524599
vertex -0.972939 1.004395 3.528558
vertex -0.972939 1.004395 3.728700
endloop
endfacet
facet normal 0.327064 0.945002 -0
outer loop
vertex -0.935022 0.991272 3.524599
vertex -0.972939 1.004395 3.728700
vertex -0.935022 0.991272 3.726648
endloop
endfacet
facet normal 0.298514 -0.954405 0
outer loop
vertex -1.586503 -1.933160 3.914486
vertex -1.871929 -2.022434 3.958043
vertex -1.871929 -2.022434 3.755099
endloop
endfacet
facet normal 0.298514 -0.954405 0
outer loop
vertex -1.871929 -2.022434 3.755099
vertex -0.283558 -1.525631 3.546738
vertex -0.283558 -1.525631 3.754490
endloop
endfacet
facet normal 0.298514 -0.954405 0
outer loop
vertex -1.871929 -2.022434 3.755099
vertex -0.283558 -1.525631 3.754490
vertex -0.304788 -1.532271 3.756125
endloop
endfacet
facet normal 0.298514 -0.954405 0
outer loop
vertex -1.213806 -1.816590 3.861162
vertex -1.586503 -1.933160 3.914486
vertex -1.871929 -2.022434 3.755099
endloop
endfacet
facet normal 0.298514 -0.954405 -1.26335e-07
outer loop
vertex -0.922243 -1.725396 3.822626
vertex -1.213806 -1.816590 3.861162
vertex -1.871929 -2.022434 3.755099
endloop
endfacet
facet normal 0.298514 -0.954405 2.20872e-06
outer loop
vertex -1.871929 -2.022434 3.755099
vertex -0.304788 -1.532271 3.756125
vertex -0.481584 -1.587568 3.772444
endloop
endfacet
facet normal 0.298514 -0.954405 -1.31452e-06
outer loop
vertex -0.683789 -1.650813 3.794012
vertex -0.922243 -1.725396 3.822626
vertex -1.871929 -2.022434 3.755099
endloop
endfacet
facet normal 0.298514 -0.954405 -1.69842e-06
outer loop
vertex -1.871929 -2.022434 3.755099
vertex -0.481584 -1.587568 3.772444
vertex -0.683789 -1.650813 3.794012
endloop
endfacet
facet normal -0.534258 -0.845321 -0
outer loop
vertex -0.784708 1.338511 3.754621
vertex -0.784708 1.338511 3.546715
vertex -0.706226 1.288909 3.536778
endloop
endfacet
facet normal -0.534258 -0.845321 0
outer loop
vertex -0.784708 1.338511 3.754621
vertex -0.706226 1.288909 3.536778
vertex -0.706226 1.288909 3.740617
endloop
endfacet
facet normal 0.707106 0.707107 0
outer loop
vertex -0.300164 -1.509025 3.752126
vertex -0.283558 -1.525631 3.754490
vertex -0.283558 -1.525631 3.546738
endloop
endfacet
facet normal 0.707105 0.707108 0
outer loop
vertex -0.283558 -1.525631 3.546738
vertex -1.433105 -0.376089 3.538192
vertex -1.433105 -0.376089 3.742802
endloop
endfacet
facet normal 0.707105 0.707109 -3.41462e-05
outer loop
vertex -0.283558 -1.525631 3.546738
vertex -1.433105 -0.376089 3.742802
vertex -1.388114 -0.421080 3.737276
endloop
endfacet
facet normal 0.707105 0.707108 -1.5754e-07
outer loop
vertex -0.421079 -1.388111 3.737275
vertex -0.300164 -1.509025 3.752126
vertex -0.283558 -1.525631 3.546738
endloop
endfacet
facet normal 0.707105 0.707108 -3.08264e-07
outer loop
vertex -0.504616 -1.304574 3.728742
vertex -0.421079 -1.388111 3.737275
vertex -0.283558 -1.525631 3.546738
endloop
endfacet
facet normal 0.707105 0.707108 0
outer loop
vertex -0.283558 -1.525631 3.546738
vertex -1.388114 -0.421080 3.737276
vertex -1.304572 -0.504622 3.728742
endloop
endfacet
facet normal 0.707107 0.707107 0
outer loop
vertex -0.283558 -1.525631 3.546738
vertex -1.304572 -0.504622 3.728742
vertex -1.279293 -0.529900 3.727850
endloop
endfacet
facet normal 0.707106 0.707108 1.85265e-06
outer loop
vertex -0.529899 -1.279291 3.727850
vertex -0.504616 -1.304574 3.728742
vertex -0.283558 -1.525631 3.546738
endloop
endfacet
facet normal 0.707105 0.707108 -2.79487e-07
outer loop
vertex -0.630189 -1.179001 3.725064
vertex -0.529899 -1.279291 3.727850
vertex -0.283558 -1.525631 3.546738
endloop
endfacet
facet normal 0.707105 0.707108 2.73881e-06
outer loop
vertex -0.283558 -1.525631 3.546738
vertex -1.279293 -0.529900 3.727850
vertex -1.179003 -0.630190 3.725064
endloop
endfacet
facet normal 0.707105 0.707108 0
outer loop
vertex -0.283558 -1.525631 3.546738
vertex -1.179003 -0.630190 3.725064
vertex -1.084532 -0.724661 3.723170
endloop
endfacet
facet normal 0.707105 0.707108 0
outer loop
vertex -0.724660 -1.084531 3.723170
vertex -0.630189 -1.179001 3.725064
vertex -0.283558 -1.525631 3.546738
endloop
endfacet
facet normal 0.707105 0.707108 7.97653e-07
outer loop
vertex -0.815501 -0.993691 3.722071
vertex -0.724660 -1.084531 3.723170
vertex -0.283558 -1.525631 3.546738
endloop
endfacet
facet normal 0.707105 0.707109 -2.78259e-06
outer loop
vertex -0.283558 -1.525631 3.546738
vertex -1.084532 -0.724661 3.723170
vertex -0.993691 -0.815501 3.722071
endloop
endfacet
facet normal 0.707105 0.707108 -6.66327e-07
outer loop
vertex -0.904596 -0.904596 3.721710
vertex -0.815501 -0.993691 3.722071
vertex -0.283558 -1.525631 3.546738
endloop
endfacet
facet normal 0.707105 0.707108 1.37151e-06
outer loop
vertex -0.283558 -1.525631 3.546738
vertex -0.993691 -0.815501 3.722071
vertex -0.904596 -0.904596 3.721710
endloop
endfacet
facet normal -0.707388 -0.706826 0
outer loop
vertex -0.669049 1.251702 3.731997
vertex -0.706226 1.288909 3.740617
vertex -0.706226 1.288909 3.536778
endloop
endfacet
facet normal -0.707388 -0.706826 0
outer loop
vertex 1.387729 -0.806712 3.553513
vertex 1.387729 -0.806712 3.763664
vertex 1.248425 -0.667297 3.731370
endloop
endfacet
facet normal -0.70739 -0.706824 -2.69421e-06
outer loop
vertex 1.387729 -0.806712 3.553513
vertex 1.248425 -0.667297 3.731370
vertex 1.236746 -0.655608 3.728742
endloop
endfacet
facet normal -0.707388 -0.706826 2.79481e-08
outer loop
vertex -0.654587 1.237229 3.728742
vertex -0.669049 1.251702 3.731997
vertex -0.706226 1.288909 3.536778
endloop
endfacet
facet normal -0.707388 -0.706826 1.10706e-07
outer loop
vertex -0.411853 0.994302 3.709881
vertex -0.654587 1.237229 3.728742
vertex -0.706226 1.288909 3.536778
endloop
endfacet
facet normal -0.707388 -0.706826 0
outer loop
vertex -0.706226 1.288909 3.536778
vertex 1.387729 -0.806712 3.553513
vertex 1.236746 -0.655608 3.728742
endloop
endfacet
facet normal -0.707387 -0.706826 -3.36138e-05
outer loop
vertex -0.706226 1.288909 3.536778
vertex 1.236746 -0.655608 3.728742
vertex 0.992395 -0.411064 3.709761
endloop
endfacet
facet normal -0.707388 -0.706825 3.41114e-07
outer loop
vertex -0.253563 0.835886 3.698072
vertex -0.411853 0.994302 3.709881
vertex -0.706226 1.288909 3.536778
endloop
endfacet
facet normal -0.707388 -0.706826 -3.7487e-07
outer loop
vertex -0.144571 0.726807 3.690356
vertex -0.253563 0.835886 3.698072
vertex -0.706226 1.288909 3.536778
endloop
endfacet
facet normal -0.707389 -0.706824 2.30724e-05
outer loop
vertex -0.706226 1.288909 3.536778
vertex 0.992395 -0.411064 3.709761
vertex 0.834643 -0.253186 3.697996
endloop
endfacet
facet normal -0.707387 -0.706826 -2.97053e-05
outer loop
vertex -0.706226 1.288909 3.536778
vertex 0.834643 -0.253186 3.697996
vertex 0.725942 -0.144399 3.690305
endloop
endfacet
facet normal -0.707388 -0.706826 3.40863e-07
outer loop
vertex -0.063603 0.645775 3.684988
vertex -0.144571 0.726807 3.690356
vertex -0.706226 1.288909 3.536778
endloop
endfacet
facet normal -0.707388 -0.706826 -2.20781e-07
outer loop
vertex 0.000000 0.582121 3.681098
vertex -0.063603 0.645775 3.684988
vertex -0.706226 1.288909 3.536778
endloop
endfacet
facet normal -0.707389 -0.706824 3.55719e-05
outer loop
vertex -0.706226 1.288909 3.536778
vertex 0.725942 -0.144399 3.690305
vertex 0.645150 -0.063542 3.684952
endloop
endfacet
facet normal -0.707387 -0.706826 -2.0237e-05
outer loop
vertex -0.706226 1.288909 3.536778
vertex 0.645150 -0.063542 3.684952
vertex 0.581658 0.000000 3.681071
endloop
endfacet
facet normal -0.707388 -0.706826 0
outer loop
vertex 0.052190 0.529890 3.678205
vertex 0.000000 0.582121 3.681098
vertex -0.706226 1.288909 3.536778
endloop
endfacet
facet normal -0.707388 -0.706825 2.32391e-06
outer loop
vertex 0.096567 0.485477 3.676022
vertex 0.052190 0.529890 3.678205
vertex -0.706226 1.288909 3.536778
endloop
endfacet
facet normal -0.707388 -0.706826 2.21612e-05
outer loop
vertex -0.706226 1.288909 3.536778
vertex 0.581658 0.000000 3.681071
vertex 0.529544 0.052156 3.678185
endloop
endfacet
facet normal -0.707385 -0.706828 -2.35561e-05
outer loop
vertex -0.706226 1.288909 3.536778
vertex 0.529544 0.052156 3.678185
vertex 0.485219 0.096516 3.676007
endloop
endfacet
facet normal -0.707388 -0.706826 -1.56244e-06
outer loop
vertex 0.135460 0.446553 3.674371
vertex 0.096567 0.485477 3.676022
vertex -0.706226 1.288909 3.536778
endloop
endfacet
facet normal -0.707388 -0.706826 -8.99334e-07
outer loop
vertex 0.170460 0.411526 3.673136
vertex 0.135460 0.446553 3.674371
vertex -0.706226 1.288909 3.536778
endloop
endfacet
facet normal -0.707388 -0.706826 2.44427e-05
outer loop
vertex -0.706226 1.288909 3.536778
vertex 0.485219 0.096516 3.676007
vertex 0.446363 0.135403 3.674360
endloop
endfacet
facet normal -0.707389 -0.706824 2.4851e-05
outer loop
vertex -0.706226 1.288909 3.536778
vertex 0.446363 0.135403 3.674360
vertex 0.411390 0.170403 3.673127
endloop
endfacet
facet normal -0.707388 -0.706825 3.30119e-06
outer loop
vertex 0.202712 0.379248 3.672238
vertex 0.170460 0.411526 3.673136
vertex -0.706226 1.288909 3.536778
endloop
endfacet
facet normal -0.707388 -0.706826 -3.66525e-06
outer loop
vertex 0.233091 0.348845 3.671628
vertex 0.202712 0.379248 3.672238
vertex -0.706226 1.288909 3.536778
endloop
endfacet
facet normal -0.707388 -0.706826 -2.48205e-05
outer loop
vertex -0.706226 1.288909 3.536778
vertex 0.411390 0.170403 3.673127
vertex 0.379156 0.202663 3.672232
endloop
endfacet
facet normal -0.707392 -0.706822 4.87951e-05
outer loop
vertex -0.706226 1.288909 3.536778
vertex 0.379156 0.202663 3.672232
vertex 0.348790 0.233054 3.671624
endloop
endfacet
facet normal -0.707388 -0.706825 3.69838e-06
outer loop
vertex 0.262300 0.319613 3.671273
vertex 0.233091 0.348845 3.671628
vertex -0.706226 1.288909 3.536778
endloop
endfacet
facet normal -0.707388 -0.706825 1.6598e-06
outer loop
vertex 0.290945 0.290945 3.671156
vertex 0.262300 0.319613 3.671273
vertex -0.706226 1.288909 3.536778
endloop
endfacet
facet normal -0.707387 -0.706826 -2.36305e-05
outer loop
vertex -0.706226 1.288909 3.536778
vertex 0.348790 0.233054 3.671624
vertex 0.319588 0.262279 3.671272
endloop
endfacet
facet normal -0.707387 -0.706826 0
outer loop
vertex -0.706226 1.288909 3.536778
vertex 0.319588 0.262279 3.671272
vertex 0.290945 0.290945 3.671156
endloop
endfacet
facet normal -0.707108 -0.707106 -0
outer loop
vertex -1.307534 0.025957 3.723430
vertex -1.307534 0.025957 3.518711
vertex 0.118482 -1.400064 3.529313
endloop
endfacet
facet normal -0.70711 -0.707103 0
outer loop
vertex 0.118482 -1.400064 3.529313
vertex 0.118482 -1.400064 3.729735
vertex 0.112873 -1.394455 3.728742
endloop
endfacet
facet normal -0.707108 -0.707105 1.11345e-07
outer loop
vertex 0.118482 -1.400064 3.529313
vertex 0.112873 -1.394455 3.728742
vertex -0.000000 -1.281582 3.721844
endloop
endfacet
facet normal -0.707109 -0.707105 -1.423e-05
outer loop
vertex -1.281577 0.000000 3.721843
vertex -1.307534 0.025957 3.723430
vertex 0.118482 -1.400064 3.529313
endloop
endfacet
facet normal -0.707108 -0.707106 3.19006e-06
outer loop
vertex -1.166670 -0.114907 3.715479
vertex -1.281577 0.000000 3.721843
vertex 0.118482 -1.400064 3.529313
endloop
endfacet
facet normal -0.707108 -0.707106 2.30287e-07
outer loop
vertex 0.118482 -1.400064 3.529313
vertex -0.000000 -1.281582 3.721844
vertex -0.114907 -1.166674 3.715479
endloop
endfacet
facet normal -0.707108 -0.707106 8.18369e-07
outer loop
vertex 0.118482 -1.400064 3.529313
vertex -0.114907 -1.166674 3.715479
vertex -0.212628 -1.068953 3.710677
endloop
endfacet
facet normal -0.707108 -0.707105 -3.50597e-06
outer loop
vertex -1.068950 -0.212627 3.710677
vertex -1.166670 -0.114907 3.715479
vertex 0.118482 -1.400064 3.529313
endloop
endfacet
facet normal -0.707108 -0.707106 1.87791e-06
outer loop
vertex -0.983298 -0.298280 3.707045
vertex -1.068950 -0.212627 3.710677
vertex 0.118482 -1.400064 3.529313
endloop
endfacet
facet normal -0.707108 -0.707105 -6.29546e-07
outer loop
vertex 0.118482 -1.400064 3.529313
vertex -0.212628 -1.068953 3.710677
vertex -0.298281 -0.983300 3.707045
endloop
endfacet
facet normal -0.707108 -0.707106 7.1033e-07
outer loop
vertex 0.118482 -1.400064 3.529313
vertex -0.298281 -0.983300 3.707045
vertex -0.375366 -0.906214 3.704327
endloop
endfacet
facet normal -0.707108 -0.707106 1.96848e-06
outer loop
vertex -0.906213 -0.375366 3.704327
vertex -0.983298 -0.298280 3.707045
vertex 0.118482 -1.400064 3.529313
endloop
endfacet
facet normal -0.707108 -0.707105 -3.54243e-06
outer loop
vertex -0.835171 -0.446408 3.702353
vertex -0.906213 -0.375366 3.704327
vertex 0.118482 -1.400064 3.529313
endloop
endfacet
facet normal -0.707108 -0.707106 0
outer loop
vertex 0.118482 -1.400064 3.529313
vertex -0.375366 -0.906214 3.704327
vertex -0.446409 -0.835172 3.702353
endloop
endfacet
facet normal -0.707108 -0.707106 0
outer loop
vertex 0.118482 -1.400064 3.529313
vertex -0.446409 -0.835172 3.702353
vertex -0.513329 -0.768251 3.701012
endloop
endfacet
facet normal -0.707108 -0.707105 -2.55722e-07
outer loop
vertex -0.768250 -0.513328 3.701012
vertex -0.835171 -0.446408 3.702353
vertex 0.118482 -1.400064 3.529313
endloop
endfacet
facet normal -0.707108 -0.707106 -7.62948e-07
outer loop
vertex -0.703902 -0.577677 3.700233
vertex -0.768250 -0.513328 3.701012
vertex 0.118482 -1.400064 3.529313
endloop
endfacet
facet normal -0.707108 -0.707105 0
outer loop
vertex 0.118482 -1.400064 3.529313
vertex -0.513329 -0.768251 3.701012
vertex -0.577677 -0.703902 3.700233
endloop
endfacet
facet normal -0.707108 -0.707105 -9.96179e-07
outer loop
vertex -0.640790 -0.640790 3.699977
vertex -0.703902 -0.577677 3.700233
vertex 0.118482 -1.400064 3.529313
endloop
endfacet
facet normal -0.707108 -0.707106 0
outer loop
vertex 0.118482 -1.400064 3.529313
vertex -0.577677 -0.703902 3.700233
vertex -0.640790 -0.640790 3.699977
endloop
endfacet
facet normal 0.796557 0.604564 0
outer loop
vertex 1.091884 -1.037988 3.746951
vertex 1.091884 -1.037988 3.541181
vertex 1.084497 -1.028255 3.539727
endloop
endfacet
facet normal 0.796557 0.604564 0
outer loop
vertex 1.091884 -1.037988 3.746951
vertex 1.084497 -1.028255 3.539727
vertex 1.084497 -1.028255 3.744923
endloop
endfacet
facet normal 0.990678 0.136224 0
outer loop
vertex 1.096498 -1.071543 3.751336
vertex 1.096498 -1.071543 3.544430
vertex 1.091884 -1.037988 3.541181
endloop
endfacet
facet normal 0.990678 0.136224 0
outer loop
vertex 1.096498 -1.071543 3.751336
vertex 1.091884 -1.037988 3.541181
vertex 1.091884 -1.037988 3.746951
endloop
endfacet
facet normal 0.299519 -0.95409 0
outer loop
vertex 0.137312 -1.394153 3.728894
vertex 0.118482 -1.400064 3.729735
vertex 0.118482 -1.400064 3.529313
endloop
endfacet
facet normal 0.29952 -0.95409 0
outer loop
vertex 0.118482 -1.400064 3.529313
vertex 1.076995 -1.099155 3.545135
vertex 1.076995 -1.099155 3.752287
endloop
endfacet
facet normal 0.29952 -0.95409 -1.34572e-06
outer loop
vertex 0.118482 -1.400064 3.529313
vertex 1.076995 -1.099155 3.752287
vertex 0.937892 -1.142824 3.741972
endloop
endfacet
facet normal 0.299531 -0.954086 -1.25715e-06
outer loop
vertex 0.142790 -1.392433 3.728742
vertex 0.137312 -1.394153 3.728894
vertex 0.118482 -1.400064 3.529313
endloop
endfacet
facet normal 0.29952 -0.95409 1.93807e-07
outer loop
vertex 0.269086 -1.352785 3.727535
vertex 0.142790 -1.392433 3.728742
vertex 0.118482 -1.400064 3.529313
endloop
endfacet
facet normal 0.29952 -0.95409 2.39092e-06
outer loop
vertex 0.118482 -1.400064 3.529313
vertex 0.937892 -1.142824 3.741972
vertex 0.793830 -1.188050 3.733611
endloop
endfacet
facet normal 0.299521 -0.95409 0
outer loop
vertex 0.118482 -1.400064 3.529313
vertex 0.793830 -1.188050 3.733611
vertex 0.676113 -1.225005 3.728742
endloop
endfacet
facet normal 0.29952 -0.95409 3.81225e-07
outer loop
vertex 0.398079 -1.312289 3.727072
vertex 0.269086 -1.352785 3.727535
vertex 0.118482 -1.400064 3.529313
endloop
endfacet
facet normal 0.29952 -0.95409 0
outer loop
vertex 0.526826 -1.271871 3.727382
vertex 0.398079 -1.312289 3.727072
vertex 0.118482 -1.400064 3.529313
endloop
endfacet
facet normal 0.299521 -0.95409 -2.03221e-06
outer loop
vertex 0.118482 -1.400064 3.529313
vertex 0.676113 -1.225005 3.728742
vertex 0.657844 -1.230740 3.728481
endloop
endfacet
facet normal 0.299521 -0.95409 -1.11497e-06
outer loop
vertex 0.118482 -1.400064 3.529313
vertex 0.657844 -1.230740 3.728481
vertex 0.526826 -1.271871 3.727382
endloop
endfacet
facet normal -0.880783 0.473521 0
outer loop
vertex 1.440658 -1.222215 3.593395
vertex 1.399872 -1.298080 3.596422
vertex 1.399872 -1.298080 3.815011
endloop
endfacet
facet normal -0.880783 0.473521 0
outer loop
vertex 1.440658 -1.222215 3.593395
vertex 1.399872 -1.298080 3.815011
vertex 1.440658 -1.222215 3.811509
endloop
endfacet
facet normal 0.816796 -0.576927 0
outer loop
vertex 1.086168 -1.086168 3.751702
vertex 1.076995 -1.099155 3.752287
vertex 1.076995 -1.099155 3.545135
endloop
endfacet
facet normal 0.816798 -0.576924 0
outer loop
vertex 1.076995 -1.099155 3.545135
vertex 1.096498 -1.071543 3.544430
vertex 1.096498 -1.071543 3.751336
endloop
endfacet
facet normal 0.8168 -0.576921 -5.81375e-07
outer loop
vertex 1.076995 -1.099155 3.545135
vertex 1.096498 -1.071543 3.751336
vertex 1.086168 -1.086168 3.751702
endloop
endfacet
facet normal -0.707078 0.707136 0
outer loop
vertex 0.275717 1.971197 3.609157
vertex 0.215322 1.910807 3.598547
vertex 0.215322 1.910807 3.817164
endloop
endfacet
facet normal -0.707078 0.707136 0
outer loop
vertex 0.275717 1.971197 3.609157
vertex 0.215322 1.910807 3.817164
vertex 0.275717 1.971197 3.828753
endloop
endfacet
facet normal 0.752428 -0.658675 0
outer loop
vertex -0.092386 2.125194 3.851872
vertex -0.092386 2.125194 3.631789
vertex -0.006195 2.223653 3.648649
endloop
endfacet
facet normal 0.752428 -0.658675 0
outer loop
vertex -0.092386 2.125194 3.851872
vertex -0.006195 2.223653 3.648649
vertex -0.006195 2.223653 3.867771
endloop
endfacet
facet normal 0.868604 -0.495507 0
outer loop
vertex -0.157695 2.010710 3.833096
vertex -0.157695 2.010710 3.613423
vertex -0.092386 2.125194 3.631789
endloop
endfacet
facet normal 0.868604 -0.495507 0
outer loop
vertex -0.157695 2.010710 3.833096
vertex -0.092386 2.125194 3.631789
vertex -0.092386 2.125194 3.851872
endloop
endfacet
facet normal -0.88818 0.459495 0
outer loop
vertex 0.215322 1.910807 3.817164
vertex 0.215322 1.910807 3.598547
vertex 0.175711 1.834241 3.586405
endloop
endfacet
facet normal -0.88818 0.459496 0
outer loop
vertex 0.175711 1.834241 3.586405
vertex 0.175711 1.834241 3.803469
vertex 0.181820 1.846049 3.805512
endloop
endfacet
facet normal -0.88818 0.459495 2.20758e-08
outer loop
vertex 0.175711 1.834241 3.586405
vertex 0.181820 1.846049 3.805512
vertex 0.215322 1.910807 3.817164
endloop
endfacet
facet normal 0.951117 -0.308831 0
outer loop
vertex -0.188649 1.915381 3.817267
vertex -0.199017 1.883449 3.812188
vertex -0.199017 1.883449 3.594105
endloop
endfacet
facet normal 0.951117 -0.30883 0
outer loop
vertex -0.199017 1.883449 3.594105
vertex -0.157695 2.010710 3.613423
vertex -0.157695 2.010710 3.833096
endloop
endfacet
facet normal 0.951117 -0.30883 -9.06338e-08
outer loop
vertex -0.199017 1.883449 3.594105
vertex -0.157695 2.010710 3.833096
vertex -0.188649 1.915381 3.817267
endloop
endfacet
facet normal -0.949032 -0.31518 -0
outer loop
vertex 0.165159 1.700889 3.780881
vertex 0.165159 1.700889 3.567322
vertex 0.192678 1.618027 3.556669
endloop
endfacet
facet normal -0.949032 -0.31518 0
outer loop
vertex 0.192678 1.618027 3.556669
vertex 0.192678 1.618027 3.767677
vertex 0.166982 1.695399 3.779970
endloop
endfacet
facet normal -0.949032 -0.31518 0
outer loop
vertex 0.192678 1.618027 3.556669
vertex 0.166982 1.695399 3.779970
vertex 0.165159 1.700889 3.780881
endloop
endfacet
facet normal 0.900034 0.435819 0
outer loop
vertex -0.143779 1.459810 3.740026
vertex -0.116607 1.403696 3.730332
vertex -0.116607 1.403696 3.529705
endloop
endfacet
facet normal 0.900035 0.435818 0
outer loop
vertex -0.116607 1.403696 3.529705
vertex -0.174235 1.522707 3.544370
vertex -0.174235 1.522707 3.751291
endloop
endfacet
facet normal 0.900035 0.435818 1.49725e-07
outer loop
vertex -0.116607 1.403696 3.529705
vertex -0.174235 1.522707 3.751291
vertex -0.143779 1.459810 3.740026
endloop
endfacet
facet normal 0.658479 0.752599 0
outer loop
vertex 0.000000 1.267194 3.721005
vertex 0.061386 1.213485 3.718053
vertex 0.061386 1.213485 3.509310
endloop
endfacet
facet normal 0.658479 0.752599 0
outer loop
vertex 0.061386 1.213485 3.509310
vertex -0.037070 1.299628 3.517911
vertex -0.037070 1.299628 3.723001
endloop
endfacet
facet normal 0.658479 0.752599 -9.07326e-08
outer loop
vertex 0.000000 1.267194 3.721005
vertex 0.061386 1.213485 3.509310
vertex -0.037070 1.299628 3.723001
endloop
endfacet
facet normal -0.159217 -0.987244 -0
outer loop
vertex 0.352319 1.481635 3.749779
vertex 0.352319 1.481635 3.543180
vertex 0.440442 1.467423 3.544302
endloop
endfacet
facet normal -0.159217 -0.987244 0
outer loop
vertex 0.352319 1.481635 3.749779
vertex 0.440442 1.467423 3.544302
vertex 0.440442 1.467423 3.751067
endloop
endfacet
facet normal 0.314712 -0.949187 0
outer loop
vertex 0.485642 1.471083 3.754147
vertex 0.485642 1.471083 3.546416
vertex 0.568484 1.498550 3.553201
endloop
endfacet
facet normal 0.314712 -0.949187 0
outer loop
vertex 0.485642 1.471083 3.754147
vertex 0.568484 1.498550 3.553201
vertex 0.568484 1.498550 3.763231
endloop
endfacet
facet normal -0.435606 0.900137 0
outer loop
vertex 0.782806 1.189241 3.732826
vertex 0.782806 1.189241 3.531437
vertex 0.663808 1.131654 3.519152
endloop
endfacet
facet normal -0.435606 0.900137 0
outer loop
vertex 0.663808 1.131654 3.519152
vertex 0.663808 1.131654 3.723703
vertex 0.756788 1.176650 3.728742
endloop
endfacet
facet normal -0.435607 0.900137 4.95725e-07
outer loop
vertex 0.663808 1.131654 3.519152
vertex 0.756788 1.176650 3.728742
vertex 0.782806 1.189241 3.732826
endloop
endfacet
facet normal -0.752466 0.658631 0
outer loop
vertex 0.973003 1.367141 3.563124
vertex 0.886865 1.268731 3.546266
vertex 0.886865 1.268731 3.753921
endloop
endfacet
facet normal -0.752466 0.658631 0
outer loop
vertex 0.973003 1.367141 3.563124
vertex 0.886865 1.268731 3.753921
vertex 0.973003 1.367141 3.775943
endloop
endfacet
facet normal -0.95111 0.308852 0
outer loop
vertex 1.079585 1.608785 3.600803
vertex 1.038276 1.481574 3.581494
vertex 1.038276 1.481574 3.798039
endloop
endfacet
facet normal -0.95111 0.308852 0
outer loop
vertex 1.079585 1.608785 3.600803
vertex 1.038276 1.481574 3.798039
vertex 1.079585 1.608785 3.819458
endloop
endfacet
facet normal 0.94935 0.314221 0
outer loop
vertex 0.715447 1.791325 3.818164
vertex 0.715447 1.791325 3.599478
vertex 0.688002 1.874244 3.610141
endloop
endfacet
facet normal 0.94935 0.314221 0
outer loop
vertex 0.715447 1.791325 3.818164
vertex 0.688002 1.874244 3.610141
vertex 0.688002 1.874244 3.829791
endloop
endfacet
facet normal -0.900258 -0.435357 -0
outer loop
vertex 0.997325 2.088588 3.883514
vertex 0.997325 2.088588 3.665209
vertex 1.054897 1.969537 3.650546
endloop
endfacet
facet normal -0.900264 -0.435344 0
outer loop
vertex 1.054897 1.969537 3.650546
vertex 1.054897 1.969537 3.869523
vertex 1.053872 1.971656 3.869741
endloop
endfacet
facet normal -0.900258 -0.435357 1.53767e-07
outer loop
vertex 1.054897 1.969537 3.650546
vertex 1.053872 1.971656 3.869741
vertex 0.997325 2.088588 3.883514
endloop
endfacet
facet normal -0.65885 -0.752274 0
outer loop
vertex 0.910801 2.198869 3.894107
vertex 0.819436 2.278887 3.901634
vertex 0.819436 2.278887 3.685615
endloop
endfacet
facet normal -0.65885 -0.752274 0
outer loop
vertex 0.819436 2.278887 3.685615
vertex 0.917843 2.192701 3.677001
vertex 0.917843 2.192701 3.893673
endloop
endfacet
facet normal -0.658854 -0.752271 3.2527e-06
outer loop
vertex 0.819436 2.278887 3.685615
vertex 0.917843 2.192701 3.893673
vertex 0.910801 2.198869 3.894107
endloop
endfacet
facet normal -0.308958 -0.951076 -0
outer loop
vertex 0.577775 2.385526 3.907157
vertex 0.577775 2.385526 3.692034
vertex 0.704999 2.344197 3.690737
endloop
endfacet
facet normal -0.308958 -0.951076 0
outer loop
vertex 0.577775 2.385526 3.907157
vertex 0.704999 2.344197 3.690737
vertex 0.704999 2.344197 3.905607
endloop
endfacet
facet normal 0.242226 -0.97022 0
outer loop
vertex 0.232910 2.364776 3.893462
vertex 0.216986 2.360800 3.892659
vertex 0.216986 2.360800 3.675799
endloop
endfacet
facet normal 0.242227 -0.97022 0
outer loop
vertex 0.216986 2.360800 3.675799
vertex 0.347995 2.393508 3.685020
vertex 0.347995 2.393508 3.901116
endloop
endfacet
facet normal 0.242227 -0.97022 -3.39826e-08
outer loop
vertex 0.216986 2.360800 3.675799
vertex 0.347995 2.393508 3.901116
vertex 0.232910 2.364776 3.893462
endloop
endfacet
facet normal 0.607027 -0.794681 0
outer loop
vertex 0.000000 2.228385 3.868518
vertex -0.006195 2.223653 3.867771
vertex -0.006195 2.223653 3.648649
endloop
endfacet
facet normal 0.60702 -0.794686 0
outer loop
vertex -0.006195 2.223653 3.648649
vertex 0.097925 2.303185 3.663497
vertex 0.097925 2.303185 3.881951
endloop
endfacet
facet normal 0.60702 -0.794687 3.49395e-07
outer loop
vertex -0.006195 2.223653 3.648649
vertex 0.097925 2.303185 3.881951
vertex 0.000000 2.228385 3.868518
endloop
endfacet
facet normal -0.987225 0.159331 0
outer loop
vertex 0.175711 1.834241 3.586405
vertex 0.161485 1.746096 3.573534
vertex 0.161485 1.746096 3.788478
endloop
endfacet
facet normal -0.987225 0.159331 0
outer loop
vertex 0.175711 1.834241 3.586405
vertex 0.161485 1.746096 3.788478
vertex 0.175711 1.834241 3.803469
endloop
endfacet
facet normal 0.994501 -0.104727 0
outer loop
vertex -0.213476 1.746145 3.789602
vertex -0.213476 1.746145 3.574324
vertex -0.199017 1.883449 3.594105
endloop
endfacet
facet normal 0.994501 -0.104727 0
outer loop
vertex -0.213476 1.746145 3.789602
vertex -0.199017 1.883449 3.594105
vertex -0.199017 1.883449 3.812188
endloop
endfacet
facet normal 0.794521 0.607237 0
outer loop
vertex -0.109665 1.394612 3.728742
vertex -0.037070 1.299628 3.723001
vertex -0.037070 1.299628 3.517911
endloop
endfacet
facet normal 0.794521 0.607236 0
outer loop
vertex -0.037070 1.299628 3.517911
vertex -0.116607 1.403696 3.529705
vertex -0.116607 1.403696 3.730332
endloop
endfacet
facet normal 0.794523 0.607234 1.46814e-06
outer loop
vertex -0.037070 1.299628 3.517911
vertex -0.116607 1.403696 3.730332
vertex -0.109665 1.394612 3.728742
endloop
endfacet
facet normal -0.0701474 0.997537 0
outer loop
vertex 0.532954 1.098972 3.718419
vertex 0.532954 1.098972 3.509932
vertex 0.440393 1.092463 3.505739
endloop
endfacet
facet normal -0.0701475 0.997537 0
outer loop
vertex 0.440393 1.092463 3.505739
vertex 0.440393 1.092463 3.715832
vertex 0.452877 1.093341 3.716126
endloop
endfacet
facet normal -0.0701474 0.997537 -3.88394e-09
outer loop
vertex 0.440393 1.092463 3.505739
vertex 0.452877 1.093341 3.716126
vertex 0.532954 1.098972 3.718419
endloop
endfacet
facet normal -0.607042 0.79467 0
outer loop
vertex 0.806948 1.207683 3.737595
vertex 0.886865 1.268731 3.753921
vertex 0.886865 1.268731 3.546266
endloop
endfacet
facet normal -0.607042 0.794669 0
outer loop
vertex 0.886865 1.268731 3.546266
vertex 0.782806 1.189241 3.531437
vertex 0.782806 1.189241 3.732826
endloop
endfacet
facet normal -0.607043 0.794669 -6.66063e-07
outer loop
vertex 0.886865 1.268731 3.546266
vertex 0.782806 1.189241 3.732826
vertex 0.806948 1.207683 3.737595
endloop
endfacet
facet normal -0.994486 0.104868 0
outer loop
vertex 1.094059 1.746046 3.840540
vertex 1.094059 1.746046 3.620566
vertex 1.079585 1.608785 3.600803
endloop
endfacet
facet normal -0.994486 0.104872 0
outer loop
vertex 1.079585 1.608785 3.600803
vertex 1.079585 1.608785 3.819458
vertex 1.080452 1.617011 3.820661
endloop
endfacet
facet normal -0.994486 0.104867 1.59566e-07
outer loop
vertex 1.079585 1.608785 3.600803
vertex 1.080452 1.617011 3.820661
vertex 1.094059 1.746046 3.840540
endloop
endfacet
facet normal -0.794851 -0.606805 0
outer loop
vertex 0.917843 2.192701 3.677001
vertex 0.997325 2.088588 3.665209
vertex 0.997325 2.088588 3.883514
endloop
endfacet
facet normal -0.794851 -0.606805 0
outer loop
vertex 0.917843 2.192701 3.677001
vertex 0.997325 2.088588 3.883514
vertex 0.917843 2.192701 3.893673
endloop
endfacet
facet normal -0.104854 -0.994488 0
outer loop
vertex 0.476632 2.396190 3.904753
vertex 0.440492 2.400000 3.904494
vertex 0.440492 2.400000 3.689200
endloop
endfacet
facet normal -0.104852 -0.994488 0
outer loop
vertex 0.440492 2.400000 3.689200
vertex 0.577775 2.385526 3.692034
vertex 0.577775 2.385526 3.907157
endloop
endfacet
facet normal -0.104851 -0.994488 -5.27823e-07
outer loop
vertex 0.440492 2.400000 3.689200
vertex 0.577775 2.385526 3.907157
vertex 0.476632 2.396190 3.904753
endloop
endfacet
facet normal -0.527405 0.849614 0
outer loop
vertex 0.312269 1.993887 3.613635
vertex 0.275717 1.971197 3.609157
vertex 0.275717 1.971197 3.828753
endloop
endfacet
facet normal -0.527405 0.849614 0
outer loop
vertex 0.312269 1.993887 3.613635
vertex 0.275717 1.971197 3.828753
vertex 0.312269 1.993887 3.833451
endloop
endfacet
facet normal 0.997525 0.0703126 0
outer loop
vertex -0.206951 1.653575 3.773971
vertex -0.206951 1.653575 3.561570
vertex -0.213476 1.746145 3.574324
endloop
endfacet
facet normal 0.997525 0.0703126 0
outer loop
vertex -0.206951 1.653575 3.773971
vertex -0.213476 1.746145 3.574324
vertex -0.213476 1.746145 3.789602
endloop
endfacet
facet normal 0.970144 0.242529 0
outer loop
vertex -0.174235 1.522707 3.751291
vertex -0.174235 1.522707 3.544370
vertex -0.206951 1.653575 3.561570
endloop
endfacet
facet normal 0.970144 0.242529 0
outer loop
vertex -0.174235 1.522707 3.751291
vertex -0.206951 1.653575 3.561570
vertex -0.206951 1.653575 3.773971
endloop
endfacet
facet normal -0.242316 0.970197 0
outer loop
vertex 0.663808 1.131654 3.723703
vertex 0.663808 1.131654 3.519152
vertex 0.532954 1.098972 3.509932
endloop
endfacet
facet normal -0.242315 0.970197 0
outer loop
vertex 0.532954 1.098972 3.509932
vertex 0.532954 1.098972 3.718419
vertex 0.595803 1.114669 3.720814
endloop
endfacet
facet normal -0.242317 0.970197 4.78601e-07
outer loop
vertex 0.532954 1.098972 3.509932
vertex 0.595803 1.114669 3.720814
vertex 0.663808 1.131654 3.723703
endloop
endfacet
facet normal -0.970246 -0.242119 0
outer loop
vertex 1.054897 1.969537 3.650546
vertex 1.087563 1.838634 3.633331
vertex 1.087563 1.838634 3.853392
endloop
endfacet
facet normal -0.970246 -0.242119 0
outer loop
vertex 1.054897 1.969537 3.650546
vertex 1.087563 1.838634 3.853392
vertex 1.054897 1.969537 3.869523
endloop
endfacet
facet normal 0.435591 -0.900145 0
outer loop
vertex 0.097925 2.303185 3.881951
vertex 0.097925 2.303185 3.663497
vertex 0.216986 2.360800 3.675799
endloop
endfacet
facet normal 0.435591 -0.900145 0
outer loop
vertex 0.097925 2.303185 3.881951
vertex 0.216986 2.360800 3.675799
vertex 0.216986 2.360800 3.892659
endloop
endfacet
facet normal -0.996714 -0.0810035 0
outer loop
vertex 0.161485 1.746096 3.573534
vertex 0.165159 1.700889 3.567322
vertex 0.165159 1.700889 3.780881
endloop
endfacet
facet normal -0.996714 -0.0810035 0
outer loop
vertex 0.161485 1.746096 3.573534
vertex 0.165159 1.700889 3.780881
vertex 0.161485 1.746096 3.788478
endloop
endfacet
facet normal -0.31469 0.949194 0
outer loop
vertex 0.395205 2.021383 3.620427
vertex 0.312269 1.993887 3.613635
vertex 0.312269 1.993887 3.833451
endloop
endfacet
facet normal -0.31469 0.949194 0
outer loop
vertex 0.395205 2.021383 3.620427
vertex 0.312269 1.993887 3.833451
vertex 0.395205 2.021383 3.840101
endloop
endfacet
facet normal -0.849292 -0.527923 0
outer loop
vertex 0.192678 1.618027 3.556669
vertex 0.215374 1.581515 3.552347
vertex 0.215374 1.581515 3.762138
endloop
endfacet
facet normal -0.849292 -0.527923 0
outer loop
vertex 0.192678 1.618027 3.556669
vertex 0.215374 1.581515 3.762138
vertex 0.192678 1.618027 3.767677
endloop
endfacet
facet normal -0.0805542 0.99675 0
outer loop
vertex 0.440442 2.025039 3.842446
vertex 0.440442 2.025039 3.622540
vertex 0.395205 2.021383 3.620427
endloop
endfacet
facet normal -0.0805599 0.99675 0
outer loop
vertex 0.395205 2.021383 3.620427
vertex 0.395205 2.021383 3.840101
vertex 0.402190 2.021948 3.840369
endloop
endfacet
facet normal -0.0805531 0.99675 -2.15662e-07
outer loop
vertex 0.395205 2.021383 3.620427
vertex 0.402190 2.021948 3.840369
vertex 0.440442 2.025039 3.842446
endloop
endfacet
facet normal -0.706702 -0.707511 -0
outer loop
vertex 0.215374 1.581515 3.762138
vertex 0.215374 1.581515 3.552347
vertex 0.275765 1.521193 3.546020
endloop
endfacet
facet normal -0.706702 -0.707511 0
outer loop
vertex 0.215374 1.581515 3.762138
vertex 0.275765 1.521193 3.546020
vertex 0.275765 1.521193 3.753555
endloop
endfacet
facet normal 0.0700153 -0.997546 0
outer loop
vertex 0.347995 2.393508 3.901116
vertex 0.347995 2.393508 3.685020
vertex 0.440492 2.400000 3.689200
endloop
endfacet
facet normal 0.0700153 -0.997546 0
outer loop
vertex 0.347995 2.393508 3.901116
vertex 0.440492 2.400000 3.689200
vertex 0.440492 2.400000 3.904494
endloop
endfacet
facet normal 0.495312 0.868715 0
outer loop
vertex 0.116427 1.182102 3.716382
vertex 0.175863 1.148214 3.714936
vertex 0.175863 1.148214 3.504208
endloop
endfacet
facet normal 0.495313 0.868715 0
outer loop
vertex 0.175863 1.148214 3.504208
vertex 0.061386 1.213485 3.509310
vertex 0.061386 1.213485 3.718053
endloop
endfacet
facet normal 0.495313 0.868715 2.44555e-07
outer loop
vertex 0.116427 1.182102 3.716382
vertex 0.175863 1.148214 3.504208
vertex 0.061386 1.213485 3.718053
endloop
endfacet
facet normal 0.159639 0.987175 0
outer loop
vertex 0.528542 2.010792 3.623660
vertex 0.440442 2.025039 3.622540
vertex 0.440442 2.025039 3.842446
endloop
endfacet
facet normal 0.159639 0.987175 -0
outer loop
vertex 0.528542 2.010792 3.623660
vertex 0.440442 2.025039 3.842446
vertex 0.528542 2.010792 3.843727
endloop
endfacet
facet normal -0.459067 -0.888401 0
outer loop
vertex 0.300084 1.508626 3.752058
vertex 0.275765 1.521193 3.753555
vertex 0.275765 1.521193 3.546020
endloop
endfacet
facet normal -0.459067 -0.888402 0
outer loop
vertex 0.275765 1.521193 3.546020
vertex 0.352319 1.481635 3.543180
vertex 0.352319 1.481635 3.749779
endloop
endfacet
facet normal -0.459067 -0.888402 -3.3462e-08
outer loop
vertex 0.275765 1.521193 3.546020
vertex 0.352319 1.481635 3.749779
vertex 0.300084 1.508626 3.752058
endloop
endfacet
facet normal 0.459878 0.887982 0
outer loop
vertex 0.605035 1.971177 3.840488
vertex 0.605035 1.971177 3.620806
vertex 0.528542 2.010792 3.623660
endloop
endfacet
facet normal 0.459878 0.887982 -0
outer loop
vertex 0.528542 2.010792 3.623660
vertex 0.528542 2.010792 3.843727
vertex 0.598912 1.974348 3.840644
endloop
endfacet
facet normal 0.459879 0.887982 -3.08678e-07
outer loop
vertex 0.528542 2.010792 3.623660
vertex 0.598912 1.974348 3.840644
vertex 0.605035 1.971177 3.840488
endloop
endfacet
facet normal 0.308701 0.951159 0
outer loop
vertex 0.303109 1.106916 3.714107
vertex 0.303109 1.106916 3.502915
vertex 0.175863 1.148214 3.504208
endloop
endfacet
facet normal 0.308701 0.951159 -0
outer loop
vertex 0.175863 1.148214 3.504208
vertex 0.175863 1.148214 3.714936
vertex 0.225208 1.132199 3.714434
endloop
endfacet
facet normal 0.308701 0.951159 5.4038e-08
outer loop
vertex 0.175863 1.148214 3.504208
vertex 0.225208 1.132199 3.714434
vertex 0.303109 1.106916 3.714107
endloop
endfacet
facet normal -0.495672 -0.86851 0
outer loop
vertex 0.710203 2.341227 3.905334
vertex 0.704999 2.344197 3.905607
vertex 0.704999 2.344197 3.690737
endloop
endfacet
facet normal -0.495667 -0.868513 0
outer loop
vertex 0.704999 2.344197 3.690737
vertex 0.819436 2.278887 3.685615
vertex 0.819436 2.278887 3.901634
endloop
endfacet
facet normal -0.495666 -0.868513 -1.78855e-07
outer loop
vertex 0.704999 2.344197 3.690737
vertex 0.819436 2.278887 3.901634
vertex 0.710203 2.341227 3.905334
endloop
endfacet
facet normal 0.104699 0.994504 0
outer loop
vertex 0.334768 1.103583 3.714367
vertex 0.440393 1.092463 3.715832
vertex 0.440393 1.092463 3.505739
endloop
endfacet
facet normal 0.104699 0.994504 0
outer loop
vertex 0.440393 1.092463 3.505739
vertex 0.303109 1.106916 3.502915
vertex 0.303109 1.106916 3.714107
endloop
endfacet
facet normal 0.104698 0.994504 -7.72419e-07
outer loop
vertex 0.334768 1.103583 3.714367
vertex 0.440393 1.092463 3.505739
vertex 0.303109 1.106916 3.714107
endloop
endfacet
facet normal 0.707552 0.706661 0
outer loop
vertex 0.665347 1.910789 3.834315
vertex 0.665347 1.910789 3.614466
vertex 0.605035 1.971177 3.620806
endloop
endfacet
facet normal 0.707552 0.706661 0
outer loop
vertex 0.665347 1.910789 3.834315
vertex 0.605035 1.971177 3.620806
vertex 0.605035 1.971177 3.840488
endloop
endfacet
facet normal 0.0807085 -0.996738 0
outer loop
vertex 0.445256 1.467813 3.751328
vertex 0.440442 1.467423 3.751067
vertex 0.440442 1.467423 3.544302
endloop
endfacet
facet normal 0.0807111 -0.996738 0
outer loop
vertex 0.440442 1.467423 3.544302
vertex 0.485642 1.471083 3.546416
vertex 0.485642 1.471083 3.754147
endloop
endfacet
facet normal 0.0807114 -0.996738 -6.84183e-08
outer loop
vertex 0.440442 1.467423 3.544302
vertex 0.485642 1.471083 3.754147
vertex 0.445256 1.467813 3.751328
endloop
endfacet
facet normal 0.849933 0.526891 0
outer loop
vertex 0.688002 1.874244 3.829791
vertex 0.688002 1.874244 3.610141
vertex 0.665347 1.910789 3.614466
endloop
endfacet
facet normal 0.849933 0.526891 0
outer loop
vertex 0.688002 1.874244 3.829791
vertex 0.665347 1.910789 3.614466
vertex 0.665347 1.910789 3.834315
endloop
endfacet
facet normal 0.527463 -0.849578 0
outer loop
vertex 0.568484 1.498550 3.763231
vertex 0.568484 1.498550 3.553201
vertex 0.604987 1.521213 3.557672
endloop
endfacet
facet normal 0.527463 -0.849578 0
outer loop
vertex 0.568484 1.498550 3.763231
vertex 0.604987 1.521213 3.557672
vertex 0.604987 1.521213 3.768913
endloop
endfacet
facet normal 0.996767 0.0803518 0
outer loop
vertex 0.719093 1.746096 3.811177
vertex 0.719093 1.746096 3.593260
vertex 0.715447 1.791325 3.599478
endloop
endfacet
facet normal 0.996767 0.0803518 0
outer loop
vertex 0.719093 1.746096 3.811177
vertex 0.715447 1.791325 3.599478
vertex 0.715447 1.791325 3.818164
endloop
endfacet
facet normal 0.707171 -0.707042 0
outer loop
vertex 0.647875 1.564109 3.778177
vertex 0.604987 1.521213 3.768913
vertex 0.604987 1.521213 3.557672
endloop
endfacet
facet normal 0.707171 -0.707042 0
outer loop
vertex 0.604987 1.521213 3.557672
vertex 0.665295 1.581532 3.568268
vertex 0.665295 1.581532 3.782096
endloop
endfacet
facet normal 0.707171 -0.707043 1.34454e-07
outer loop
vertex 0.604987 1.521213 3.557672
vertex 0.665295 1.581532 3.782096
vertex 0.647875 1.564109 3.778177
endloop
endfacet
facet normal -0.997548 -0.0699877 0
outer loop
vertex 1.087563 1.838634 3.633331
vertex 1.094059 1.746046 3.620566
vertex 1.094059 1.746046 3.840540
endloop
endfacet
facet normal -0.997548 -0.0699877 0
outer loop
vertex 1.087563 1.838634 3.633331
vertex 1.094059 1.746046 3.840540
vertex 1.087563 1.838634 3.853392
endloop
endfacet
facet normal -0.868627 0.495467 0
outer loop
vertex 1.038276 1.481574 3.581494
vertex 0.973003 1.367141 3.563124
vertex 0.973003 1.367141 3.775943
endloop
endfacet
facet normal -0.868627 0.495467 0
outer loop
vertex 1.038276 1.481574 3.581494
vertex 0.973003 1.367141 3.775943
vertex 1.038276 1.481574 3.798039
endloop
endfacet
facet normal 0.987185 -0.159582 0
outer loop
vertex 0.716428 1.729610 3.808403
vertex 0.704855 1.658019 3.796634
vertex 0.704855 1.658019 3.580400
endloop
endfacet
facet normal 0.987185 -0.159582 0
outer loop
vertex 0.704855 1.658019 3.580400
vertex 0.719093 1.746096 3.593260
vertex 0.719093 1.746096 3.811177
endloop
endfacet
facet normal 0.987185 -0.159583 1.614e-07
outer loop
vertex 0.704855 1.658019 3.580400
vertex 0.719093 1.746096 3.811177
vertex 0.716428 1.729610 3.808403
endloop
endfacet
facet normal 0.888228 -0.459403 0
outer loop
vertex 0.665295 1.581532 3.782096
vertex 0.665295 1.581532 3.568268
vertex 0.704855 1.658019 3.580400
endloop
endfacet
facet normal 0.888228 -0.459403 0
outer loop
vertex 0.665295 1.581532 3.782096
vertex 0.704855 1.658019 3.580400
vertex 0.704855 1.658019 3.796634
endloop
endfacet
endsolid
