solid keycaps/fast
facet normal 0.758729 0.0372746 -0.650339
outer loop
vertex 8.700000 6.000000 0.000000
vertex 8.686998 6.264646 0.000000
vertex 8.985554 6.294052 0.350000
endloop
endfacet
facet normal 0.758729 0.037275 -0.650339
outer loop
vertex 8.700000 6.000000 0.000000
vertex 8.985554 6.294052 0.350000
vertex 9.000000 6.000000 0.350000
endloop
endfacet
facet normal 0.751421 0.111463 -0.65034
outer loop
vertex 8.686998 6.264646 0.000000
vertex 8.648120 6.526744 0.000000
vertex 8.942356 6.585271 0.350000
endloop
endfacet
facet normal 0.751422 0.111461 -0.650339
outer loop
vertex 8.686998 6.264646 0.000000
vertex 8.942356 6.585271 0.350000
vertex 8.985554 6.294052 0.350000
endloop
endfacet
facet normal 0.736879 0.184577 -0.650339
outer loop
vertex 8.648120 6.526744 0.000000
vertex 8.583739 6.783769 0.000000
vertex 8.870821 6.870854 0.350000
endloop
endfacet
facet normal 0.736878 0.184579 -0.65034
outer loop
vertex 8.648120 6.526744 0.000000
vertex 8.870821 6.870854 0.350000
vertex 8.942356 6.585271 0.350000
endloop
endfacet
facet normal 0.715237 0.255918 -0.65034
outer loop
vertex 8.583739 6.783769 0.000000
vertex 8.494474 7.033245 0.000000
vertex 8.771639 7.148050 0.350000
endloop
endfacet
facet normal 0.715239 0.255916 -0.650339
outer loop
vertex 8.583739 6.783769 0.000000
vertex 8.771639 7.148050 0.350000
vertex 8.870821 6.870854 0.350000
endloop
endfacet
facet normal 0.686711 0.324789 -0.650339
outer loop
vertex 8.494474 7.033245 0.000000
vertex 8.381187 7.272771 0.000000
vertex 8.645763 7.414190 0.350000
endloop
endfacet
facet normal 0.686709 0.324791 -0.65034
outer loop
vertex 8.494474 7.033245 0.000000
vertex 8.645763 7.414190 0.350000
vertex 8.771639 7.148050 0.350000
endloop
endfacet
facet normal 0.651569 0.390535 -0.650339
outer loop
vertex 8.381187 7.272771 0.000000
vertex 8.244968 7.500040 0.000000
vertex 8.494409 7.666711 0.350000
endloop
endfacet
facet normal 0.651569 0.390535 -0.650339
outer loop
vertex 8.381187 7.272771 0.000000
vertex 8.494409 7.666711 0.350000
vertex 8.645763 7.414190 0.350000
endloop
endfacet
facet normal 0.610152 0.452519 -0.650339
outer loop
vertex 8.244968 7.500040 0.000000
vertex 8.087129 7.712862 0.000000
vertex 8.319032 7.903180 0.350000
endloop
endfacet
facet normal 0.610153 0.452519 -0.650339
outer loop
vertex 8.244968 7.500040 0.000000
vertex 8.319032 7.903180 0.350000
vertex 8.494409 7.666711 0.350000
endloop
endfacet
facet normal 0.562858 0.510146 -0.65034
outer loop
vertex 8.087129 7.712862 0.000000
vertex 7.909188 7.909188 0.000000
vertex 8.121321 8.121321 0.350000
endloop
endfacet
facet normal 0.56286 0.510145 -0.650339
outer loop
vertex 8.087129 7.712862 0.000000
vertex 8.121321 8.121321 0.350000
vertex 8.319032 7.903180 0.350000
endloop
endfacet
facet normal 0.510147 0.562858 -0.650339
outer loop
vertex 7.909188 7.909188 0.000000
vertex 7.712862 8.087129 0.000000
vertex 7.903180 8.319032 0.350000
endloop
endfacet
facet normal 0.510145 0.562859 -0.65034
outer loop
vertex 7.909188 7.909188 0.000000
vertex 7.903180 8.319032 0.350000
vertex 8.121321 8.121321 0.350000
endloop
endfacet
facet normal 0.45252 0.610152 -0.650339
outer loop
vertex 7.712862 8.087129 0.000000
vertex 7.500040 8.244968 0.000000
vertex 7.666711 8.494409 0.350000
endloop
endfacet
facet normal 0.452519 0.610152 -0.650339
outer loop
vertex 7.712862 8.087129 0.000000
vertex 7.666711 8.494409 0.350000
vertex 7.903180 8.319032 0.350000
endloop
endfacet
facet normal 0.390535 0.651569 -0.650339
outer loop
vertex 7.500040 8.244968 0.000000
vertex 7.272771 8.381187 0.000000
vertex 7.414190 8.645763 0.350000
endloop
endfacet
facet normal 0.390535 0.651569 -0.650339
outer loop
vertex 7.500040 8.244968 0.000000
vertex 7.414190 8.645763 0.350000
vertex 7.666711 8.494409 0.350000
endloop
endfacet
facet normal 0.324788 0.68671 -0.65034
outer loop
vertex 7.272771 8.381187 0.000000
vertex 7.033245 8.494474 0.000000
vertex 7.148050 8.771639 0.350000
endloop
endfacet
facet normal 0.324791 0.68671 -0.650339
outer loop
vertex 7.272771 8.381187 0.000000
vertex 7.148050 8.771639 0.350000
vertex 7.414190 8.645763 0.350000
endloop
endfacet
facet normal 0.255919 0.715238 -0.650339
outer loop
vertex 7.033245 8.494474 0.000000
vertex 6.783769 8.583739 0.000000
vertex 6.870854 8.870821 0.350000
endloop
endfacet
facet normal 0.255915 0.715238 -0.65034
outer loop
vertex 7.033245 8.494474 0.000000
vertex 6.870854 8.870821 0.350000
vertex 7.148050 8.771639 0.350000
endloop
endfacet
facet normal 0.184576 0.736878 -0.65034
outer loop
vertex 6.783769 8.583739 0.000000
vertex 6.526744 8.648120 0.000000
vertex 6.585271 8.942356 0.350000
endloop
endfacet
facet normal 0.184579 0.736879 -0.650339
outer loop
vertex 6.783769 8.583739 0.000000
vertex 6.585271 8.942356 0.350000
vertex 6.870854 8.870821 0.350000
endloop
endfacet
facet normal 0.111463 0.751422 -0.650339
outer loop
vertex 6.526744 8.648120 0.000000
vertex 6.264646 8.686998 0.000000
vertex 6.294052 8.985554 0.350000
endloop
endfacet
facet normal 0.111461 0.751422 -0.65034
outer loop
vertex 6.526744 8.648120 0.000000
vertex 6.294052 8.985554 0.350000
vertex 6.585271 8.942356 0.350000
endloop
endfacet
facet normal 0.0372746 0.758729 -0.650339
outer loop
vertex 6.264646 8.686998 0.000000
vertex 6.000000 8.700000 0.000000
vertex 6.000000 9.000000 0.350000
endloop
endfacet
facet normal 0.0372751 0.758729 -0.650339
outer loop
vertex 6.264646 8.686998 0.000000
vertex 6.000000 9.000000 0.350000
vertex 6.294052 8.985554 0.350000
endloop
endfacet
facet normal 0 0.759256 -0.650792
outer loop
vertex 6.000000 8.700000 0.000000
vertex -6.000000 8.700000 0.000000
vertex -6.000000 9.000000 0.350000
endloop
endfacet
facet normal 0 0.759256 -0.650792
outer loop
vertex 6.000000 8.700000 0.000000
vertex -6.000000 9.000000 0.350000
vertex 6.000000 9.000000 0.350000
endloop
endfacet
facet normal -0.0372746 0.758729 -0.650339
outer loop
vertex -6.000000 8.700000 0.000000
vertex -6.264646 8.686998 0.000000
vertex -6.294052 8.985554 0.350000
endloop
endfacet
facet normal -0.037275 0.758729 -0.650339
outer loop
vertex -6.000000 8.700000 0.000000
vertex -6.294052 8.985554 0.350000
vertex -6.000000 9.000000 0.350000
endloop
endfacet
facet normal -0.111463 0.751421 -0.65034
outer loop
vertex -6.264646 8.686998 0.000000
vertex -6.526744 8.648120 0.000000
vertex -6.585271 8.942356 0.350000
endloop
endfacet
facet normal -0.111461 0.751422 -0.650339
outer loop
vertex -6.264646 8.686998 0.000000
vertex -6.585271 8.942356 0.350000
vertex -6.294052 8.985554 0.350000
endloop
endfacet
facet normal -0.184577 0.736879 -0.650339
outer loop
vertex -6.526744 8.648120 0.000000
vertex -6.783769 8.583739 0.000000
vertex -6.870854 8.870821 0.350000
endloop
endfacet
facet normal -0.184579 0.736878 -0.65034
outer loop
vertex -6.526744 8.648120 0.000000
vertex -6.870854 8.870821 0.350000
vertex -6.585271 8.942356 0.350000
endloop
endfacet
facet normal -0.255918 0.715237 -0.65034
outer loop
vertex -6.783769 8.583739 0.000000
vertex -7.033245 8.494474 0.000000
vertex -7.148050 8.771639 0.350000
endloop
endfacet
facet normal -0.255916 0.715239 -0.650339
outer loop
vertex -6.783769 8.583739 0.000000
vertex -7.148050 8.771639 0.350000
vertex -6.870854 8.870821 0.350000
endloop
endfacet
facet normal -0.324789 0.686711 -0.650339
outer loop
vertex -7.033245 8.494474 0.000000
vertex -7.272771 8.381187 0.000000
vertex -7.414190 8.645763 0.350000
endloop
endfacet
facet normal -0.324791 0.686709 -0.65034
outer loop
vertex -7.033245 8.494474 0.000000
vertex -7.414190 8.645763 0.350000
vertex -7.148050 8.771639 0.350000
endloop
endfacet
facet normal -0.390535 0.651569 -0.650339
outer loop
vertex -7.272771 8.381187 0.000000
vertex -7.500040 8.244968 0.000000
vertex -7.666711 8.494409 0.350000
endloop
endfacet
facet normal -0.390535 0.651569 -0.650339
outer loop
vertex -7.272771 8.381187 0.000000
vertex -7.666711 8.494409 0.350000
vertex -7.414190 8.645763 0.350000
endloop
endfacet
facet normal -0.452519 0.610152 -0.650339
outer loop
vertex -7.500040 8.244968 0.000000
vertex -7.712862 8.087129 0.000000
vertex -7.903180 8.319032 0.350000
endloop
endfacet
facet normal -0.452519 0.610153 -0.650339
outer loop
vertex -7.500040 8.244968 0.000000
vertex -7.903180 8.319032 0.350000
vertex -7.666711 8.494409 0.350000
endloop
endfacet
facet normal -0.510146 0.562858 -0.65034
outer loop
vertex -7.712862 8.087129 0.000000
vertex -7.909188 7.909188 0.000000
vertex -8.121321 8.121321 0.350000
endloop
endfacet
facet normal -0.510145 0.56286 -0.650339
outer loop
vertex -7.712862 8.087129 0.000000
vertex -8.121321 8.121321 0.350000
vertex -7.903180 8.319032 0.350000
endloop
endfacet
facet normal -0.562858 0.510147 -0.650339
outer loop
vertex -7.909188 7.909188 0.000000
vertex -8.087129 7.712862 0.000000
vertex -8.319032 7.903180 0.350000
endloop
endfacet
facet normal -0.562859 0.510145 -0.65034
outer loop
vertex -7.909188 7.909188 0.000000
vertex -8.319032 7.903180 0.350000
vertex -8.121321 8.121321 0.350000
endloop
endfacet
facet normal -0.610152 0.45252 -0.650339
outer loop
vertex -8.087129 7.712862 0.000000
vertex -8.244968 7.500040 0.000000
vertex -8.494409 7.666711 0.350000
endloop
endfacet
facet normal -0.610152 0.452519 -0.650339
outer loop
vertex -8.087129 7.712862 0.000000
vertex -8.494409 7.666711 0.350000
vertex -8.319032 7.903180 0.350000
endloop
endfacet
facet normal -0.651569 0.390535 -0.650339
outer loop
vertex -8.244968 7.500040 0.000000
vertex -8.381187 7.272771 0.000000
vertex -8.645763 7.414190 0.350000
endloop
endfacet
facet normal -0.651569 0.390535 -0.650339
outer loop
vertex -8.244968 7.500040 0.000000
vertex -8.645763 7.414190 0.350000
vertex -8.494409 7.666711 0.350000
endloop
endfacet
facet normal -0.68671 0.324788 -0.65034
outer loop
vertex -8.381187 7.272771 0.000000
vertex -8.494474 7.033245 0.000000
vertex -8.771639 7.148050 0.350000
endloop
endfacet
facet normal -0.68671 0.324791 -0.650339
outer loop
vertex -8.381187 7.272771 0.000000
vertex -8.771639 7.148050 0.350000
vertex -8.645763 7.414190 0.350000
endloop
endfacet
facet normal -0.715238 0.255919 -0.650339
outer loop
vertex -8.494474 7.033245 0.000000
vertex -8.583739 6.783769 0.000000
vertex -8.870821 6.870854 0.350000
endloop
endfacet
facet normal -0.715238 0.255915 -0.65034
outer loop
vertex -8.494474 7.033245 0.000000
vertex -8.870821 6.870854 0.350000
vertex -8.771639 7.148050 0.350000
endloop
endfacet
facet normal -0.736878 0.184576 -0.65034
outer loop
vertex -8.583739 6.783769 0.000000
vertex -8.648120 6.526744 0.000000
vertex -8.942356 6.585271 0.350000
endloop
endfacet
facet normal -0.736879 0.184579 -0.650339
outer loop
vertex -8.583739 6.783769 0.000000
vertex -8.942356 6.585271 0.350000
vertex -8.870821 6.870854 0.350000
endloop
endfacet
facet normal -0.751422 0.111463 -0.650339
outer loop
vertex -8.648120 6.526744 0.000000
vertex -8.686998 6.264646 0.000000
vertex -8.985554 6.294052 0.350000
endloop
endfacet
facet normal -0.751422 0.111461 -0.65034
outer loop
vertex -8.648120 6.526744 0.000000
vertex -8.985554 6.294052 0.350000
vertex -8.942356 6.585271 0.350000
endloop
endfacet
facet normal -0.758729 0.0372746 -0.650339
outer loop
vertex -8.686998 6.264646 0.000000
vertex -8.700000 6.000000 0.000000
vertex -9.000000 6.000000 0.350000
endloop
endfacet
facet normal -0.758729 0.0372751 -0.650339
outer loop
vertex -8.686998 6.264646 0.000000
vertex -9.000000 6.000000 0.350000
vertex -8.985554 6.294052 0.350000
endloop
endfacet
facet normal -0.759256 -0 -0.650792
outer loop
vertex -8.700000 6.000000 0.000000
vertex -8.700000 -6.000000 0.000000
vertex -9.000000 -6.000000 0.350000
endloop
endfacet
facet normal -0.759256 0 -0.650792
outer loop
vertex -8.700000 6.000000 0.000000
vertex -9.000000 -6.000000 0.350000
vertex -9.000000 6.000000 0.350000
endloop
endfacet
facet normal -0.758729 -0.0372746 -0.650339
outer loop
vertex -8.700000 -6.000000 0.000000
vertex -8.686998 -6.264646 0.000000
vertex -8.985554 -6.294052 0.350000
endloop
endfacet
facet normal -0.758729 -0.037275 -0.650339
outer loop
vertex -8.700000 -6.000000 0.000000
vertex -8.985554 -6.294052 0.350000
vertex -9.000000 -6.000000 0.350000
endloop
endfacet
facet normal -0.751421 -0.111463 -0.65034
outer loop
vertex -8.686998 -6.264646 0.000000
vertex -8.648120 -6.526744 0.000000
vertex -8.942356 -6.585271 0.350000
endloop
endfacet
facet normal -0.751422 -0.111461 -0.650339
outer loop
vertex -8.686998 -6.264646 0.000000
vertex -8.942356 -6.585271 0.350000
vertex -8.985554 -6.294052 0.350000
endloop
endfacet
facet normal -0.736879 -0.184577 -0.650339
outer loop
vertex -8.648120 -6.526744 0.000000
vertex -8.583739 -6.783769 0.000000
vertex -8.870821 -6.870854 0.350000
endloop
endfacet
facet normal -0.736878 -0.184579 -0.65034
outer loop
vertex -8.648120 -6.526744 0.000000
vertex -8.870821 -6.870854 0.350000
vertex -8.942356 -6.585271 0.350000
endloop
endfacet
facet normal -0.715237 -0.255918 -0.65034
outer loop
vertex -8.583739 -6.783769 0.000000
vertex -8.494474 -7.033245 0.000000
vertex -8.771639 -7.148050 0.350000
endloop
endfacet
facet normal -0.715239 -0.255916 -0.650339
outer loop
vertex -8.583739 -6.783769 0.000000
vertex -8.771639 -7.148050 0.350000
vertex -8.870821 -6.870854 0.350000
endloop
endfacet
facet normal -0.686711 -0.324789 -0.650339
outer loop
vertex -8.494474 -7.033245 0.000000
vertex -8.381187 -7.272771 0.000000
vertex -8.645763 -7.414190 0.350000
endloop
endfacet
facet normal -0.686709 -0.324791 -0.65034
outer loop
vertex -8.494474 -7.033245 0.000000
vertex -8.645763 -7.414190 0.350000
vertex -8.771639 -7.148050 0.350000
endloop
endfacet
facet normal -0.651569 -0.390535 -0.650339
outer loop
vertex -8.381187 -7.272771 0.000000
vertex -8.244968 -7.500040 0.000000
vertex -8.494409 -7.666711 0.350000
endloop
endfacet
facet normal -0.651569 -0.390535 -0.650339
outer loop
vertex -8.381187 -7.272771 0.000000
vertex -8.494409 -7.666711 0.350000
vertex -8.645763 -7.414190 0.350000
endloop
endfacet
facet normal -0.610152 -0.452519 -0.650339
outer loop
vertex -8.244968 -7.500040 0.000000
vertex -8.087129 -7.712862 0.000000
vertex -8.319032 -7.903180 0.350000
endloop
endfacet
facet normal -0.610153 -0.452519 -0.650339
outer loop
vertex -8.244968 -7.500040 0.000000
vertex -8.319032 -7.903180 0.350000
vertex -8.494409 -7.666711 0.350000
endloop
endfacet
facet normal -0.562858 -0.510146 -0.65034
outer loop
vertex -8.087129 -7.712862 0.000000
vertex -7.909188 -7.909188 0.000000
vertex -8.121321 -8.121321 0.350000
endloop
endfacet
facet normal -0.56286 -0.510145 -0.650339
outer loop
vertex -8.087129 -7.712862 0.000000
vertex -8.121321 -8.121321 0.350000
vertex -8.319032 -7.903180 0.350000
endloop
endfacet
facet normal -0.510147 -0.562858 -0.650339
outer loop
vertex -7.909188 -7.909188 0.000000
vertex -7.712862 -8.087129 0.000000
vertex -7.903180 -8.319032 0.350000
endloop
endfacet
facet normal -0.510145 -0.562859 -0.65034
outer loop
vertex -7.909188 -7.909188 0.000000
vertex -7.903180 -8.319032 0.350000
vertex -8.121321 -8.121321 0.350000
endloop
endfacet
facet normal -0.45252 -0.610152 -0.650339
outer loop
vertex -7.712862 -8.087129 0.000000
vertex -7.500040 -8.244968 0.000000
vertex -7.666711 -8.494409 0.350000
endloop
endfacet
facet normal -0.452519 -0.610152 -0.650339
outer loop
vertex -7.712862 -8.087129 0.000000
vertex -7.666711 -8.494409 0.350000
vertex -7.903180 -8.319032 0.350000
endloop
endfacet
facet normal -0.390535 -0.651569 -0.650339
outer loop
vertex -7.500040 -8.244968 0.000000
vertex -7.272771 -8.381187 0.000000
vertex -7.414190 -8.645763 0.350000
endloop
endfacet
facet normal -0.390535 -0.651569 -0.650339
outer loop
vertex -7.500040 -8.244968 0.000000
vertex -7.414190 -8.645763 0.350000
vertex -7.666711 -8.494409 0.350000
endloop
endfacet
facet normal -0.324788 -0.68671 -0.65034
outer loop
vertex -7.272771 -8.381187 0.000000
vertex -7.033245 -8.494474 0.000000
vertex -7.148050 -8.771639 0.350000
endloop
endfacet
facet normal -0.324791 -0.68671 -0.650339
outer loop
vertex -7.272771 -8.381187 0.000000
vertex -7.148050 -8.771639 0.350000
vertex -7.414190 -8.645763 0.350000
endloop
endfacet
facet normal -0.255919 -0.715238 -0.650339
outer loop
vertex -7.033245 -8.494474 0.000000
vertex -6.783769 -8.583739 0.000000
vertex -6.870854 -8.870821 0.350000
endloop
endfacet
facet normal -0.255915 -0.715238 -0.65034
outer loop
vertex -7.033245 -8.494474 0.000000
vertex -6.870854 -8.870821 0.350000
vertex -7.148050 -8.771639 0.350000
endloop
endfacet
facet normal -0.184576 -0.736878 -0.65034
outer loop
vertex -6.783769 -8.583739 0.000000
vertex -6.526744 -8.648120 0.000000
vertex -6.585271 -8.942356 0.350000
endloop
endfacet
facet normal -0.184579 -0.736879 -0.650339
outer loop
vertex -6.783769 -8.583739 0.000000
vertex -6.585271 -8.942356 0.350000
vertex -6.870854 -8.870821 0.350000
endloop
endfacet
facet normal -0.111463 -0.751422 -0.650339
outer loop
vertex -6.526744 -8.648120 0.000000
vertex -6.264646 -8.686998 0.000000
vertex -6.294052 -8.985554 0.350000
endloop
endfacet
facet normal -0.111461 -0.751422 -0.65034
outer loop
vertex -6.526744 -8.648120 0.000000
vertex -6.294052 -8.985554 0.350000
vertex -6.585271 -8.942356 0.350000
endloop
endfacet
facet normal -0.0372746 -0.758729 -0.650339
outer loop
vertex -6.264646 -8.686998 0.000000
vertex -6.000000 -8.700000 0.000000
vertex -6.000000 -9.000000 0.350000
endloop
endfacet
facet normal -0.0372751 -0.758729 -0.650339
outer loop
vertex -6.264646 -8.686998 0.000000
vertex -6.000000 -9.000000 0.350000
vertex -6.294052 -8.985554 0.350000
endloop
endfacet
facet normal 0 -0.759256 -0.650792
outer loop
vertex -6.000000 -8.700000 0.000000
vertex 6.000000 -8.700000 0.000000
vertex 6.000000 -9.000000 0.350000
endloop
endfacet
facet normal 0 -0.759256 -0.650792
outer loop
vertex -6.000000 -8.700000 0.000000
vertex 6.000000 -9.000000 0.350000
vertex -6.000000 -9.000000 0.350000
endloop
endfacet
facet normal 0.0372746 -0.758729 -0.650339
outer loop
vertex 6.000000 -8.700000 0.000000
vertex 6.264646 -8.686998 0.000000
vertex 6.294052 -8.985554 0.350000
endloop
endfacet
facet normal 0.037275 -0.758729 -0.650339
outer loop
vertex 6.000000 -8.700000 0.000000
vertex 6.294052 -8.985554 0.350000
vertex 6.000000 -9.000000 0.350000
endloop
endfacet
facet normal 0.111463 -0.751421 -0.65034
outer loop
vertex 6.264646 -8.686998 0.000000
vertex 6.526744 -8.648120 0.000000
vertex 6.585271 -8.942356 0.350000
endloop
endfacet
facet normal 0.111461 -0.751422 -0.650339
outer loop
vertex 6.264646 -8.686998 0.000000
vertex 6.585271 -8.942356 0.350000
vertex 6.294052 -8.985554 0.350000
endloop
endfacet
facet normal 0.184577 -0.736879 -0.650339
outer loop
vertex 6.526744 -8.648120 0.000000
vertex 6.783769 -8.583739 0.000000
vertex 6.870854 -8.870821 0.350000
endloop
endfacet
facet normal 0.184579 -0.736878 -0.65034
outer loop
vertex 6.526744 -8.648120 0.000000
vertex 6.870854 -8.870821 0.350000
vertex 6.585271 -8.942356 0.350000
endloop
endfacet
facet normal 0.255918 -0.715237 -0.65034
outer loop
vertex 6.783769 -8.583739 0.000000
vertex 7.033245 -8.494474 0.000000
vertex 7.148050 -8.771639 0.350000
endloop
endfacet
facet normal 0.255916 -0.715239 -0.650339
outer loop
vertex 6.783769 -8.583739 0.000000
vertex 7.148050 -8.771639 0.350000
vertex 6.870854 -8.870821 0.350000
endloop
endfacet
facet normal 0.324789 -0.686711 -0.650339
outer loop
vertex 7.033245 -8.494474 0.000000
vertex 7.272771 -8.381187 0.000000
vertex 7.414190 -8.645763 0.350000
endloop
endfacet
facet normal 0.324791 -0.686709 -0.65034
outer loop
vertex 7.033245 -8.494474 0.000000
vertex 7.414190 -8.645763 0.350000
vertex 7.148050 -8.771639 0.350000
endloop
endfacet
facet normal 0.390535 -0.651569 -0.650339
outer loop
vertex 7.272771 -8.381187 0.000000
vertex 7.500040 -8.244968 0.000000
vertex 7.666711 -8.494409 0.350000
endloop
endfacet
facet normal 0.390535 -0.651569 -0.650339
outer loop
vertex 7.272771 -8.381187 0.000000
vertex 7.666711 -8.494409 0.350000
vertex 7.414190 -8.645763 0.350000
endloop
endfacet
facet normal 0.452519 -0.610152 -0.650339
outer loop
vertex 7.500040 -8.244968 0.000000
vertex 7.712862 -8.087129 0.000000
vertex 7.903180 -8.319032 0.350000
endloop
endfacet
facet normal 0.452519 -0.610153 -0.650339
outer loop
vertex 7.500040 -8.244968 0.000000
vertex 7.903180 -8.319032 0.350000
vertex 7.666711 -8.494409 0.350000
endloop
endfacet
facet normal 0.510146 -0.562858 -0.65034
outer loop
vertex 7.712862 -8.087129 0.000000
vertex 7.909188 -7.909188 0.000000
vertex 8.121321 -8.121321 0.350000
endloop
endfacet
facet normal 0.510145 -0.56286 -0.650339
outer loop
vertex 7.712862 -8.087129 0.000000
vertex 8.121321 -8.121321 0.350000
vertex 7.903180 -8.319032 0.350000
endloop
endfacet
facet normal 0.562858 -0.510147 -0.650339
outer loop
vertex 7.909188 -7.909188 0.000000
vertex 8.087129 -7.712862 0.000000
vertex 8.319032 -7.903180 0.350000
endloop
endfacet
facet normal 0.562859 -0.510145 -0.65034
outer loop
vertex 7.909188 -7.909188 0.000000
vertex 8.319032 -7.903180 0.350000
vertex 8.121321 -8.121321 0.350000
endloop
endfacet
facet normal 0.610152 -0.45252 -0.650339
outer loop
vertex 8.087129 -7.712862 0.000000
vertex 8.244968 -7.500040 0.000000
vertex 8.494409 -7.666711 0.350000
endloop
endfacet
facet normal 0.610152 -0.452519 -0.650339
outer loop
vertex 8.087129 -7.712862 0.000000
vertex 8.494409 -7.666711 0.350000
vertex 8.319032 -7.903180 0.350000
endloop
endfacet
facet normal 0.651569 -0.390535 -0.650339
outer loop
vertex 8.244968 -7.500040 0.000000
vertex 8.381187 -7.272771 0.000000
vertex 8.645763 -7.414190 0.350000
endloop
endfacet
facet normal 0.651569 -0.390535 -0.650339
outer loop
vertex 8.244968 -7.500040 0.000000
vertex 8.645763 -7.414190 0.350000
vertex 8.494409 -7.666711 0.350000
endloop
endfacet
facet normal 0.68671 -0.324788 -0.65034
outer loop
vertex 8.381187 -7.272771 0.000000
vertex 8.494474 -7.033245 0.000000
vertex 8.771639 -7.148050 0.350000
endloop
endfacet
facet normal 0.68671 -0.324791 -0.650339
outer loop
vertex 8.381187 -7.272771 0.000000
vertex 8.771639 -7.148050 0.350000
vertex 8.645763 -7.414190 0.350000
endloop
endfacet
facet normal 0.715238 -0.255919 -0.650339
outer loop
vertex 8.494474 -7.033245 0.000000
vertex 8.583739 -6.783769 0.000000
vertex 8.870821 -6.870854 0.350000
endloop
endfacet
facet normal 0.715238 -0.255915 -0.65034
outer loop
vertex 8.494474 -7.033245 0.000000
vertex 8.870821 -6.870854 0.350000
vertex 8.771639 -7.148050 0.350000
endloop
endfacet
facet normal 0.736878 -0.184576 -0.65034
outer loop
vertex 8.583739 -6.783769 0.000000
vertex 8.648120 -6.526744 0.000000
vertex 8.942356 -6.585271 0.350000
endloop
endfacet
facet normal 0.736879 -0.184579 -0.650339
outer loop
vertex 8.583739 -6.783769 0.000000
vertex 8.942356 -6.585271 0.350000
vertex 8.870821 -6.870854 0.350000
endloop
endfacet
facet normal 0.751422 -0.111463 -0.650339
outer loop
vertex 8.648120 -6.526744 0.000000
vertex 8.686998 -6.264646 0.000000
vertex 8.985554 -6.294052 0.350000
endloop
endfacet
facet normal 0.751422 -0.111461 -0.65034
outer loop
vertex 8.648120 -6.526744 0.000000
vertex 8.985554 -6.294052 0.350000
vertex 8.942356 -6.585271 0.350000
endloop
endfacet
facet normal 0.758729 -0.0372746 -0.650339
outer loop
vertex 8.686998 -6.264646 0.000000
vertex 8.700000 -6.000000 0.000000
vertex 9.000000 -6.000000 0.350000
endloop
endfacet
facet normal 0.758729 -0.0372751 -0.650339
outer loop
vertex 8.686998 -6.264646 0.000000
vertex 9.000000 -6.000000 0.350000
vertex 8.985554 -6.294052 0.350000
endloop
endfacet
facet normal 0.759256 0 -0.650792
outer loop
vertex 8.700000 -6.000000 0.000000
vertex 8.700000 6.000000 0.000000
vertex 9.000000 6.000000 0.350000
endloop
endfacet
facet normal 0.759256 0 -0.650792
outer loop
vertex 8.700000 -6.000000 0.000000
vertex 9.000000 6.000000 0.350000
vertex 9.000000 -6.000000 0.350000
endloop
endfacet
facet normal 0.998795 0.0490691 0
outer loop
vertex 9.000000 6.000000 0.350000
vertex 8.985554 6.294052 0.350000
vertex 8.985554 6.294052 5.150000
endloop
endfacet
facet normal 0.998795 0.0490691 -0
outer loop
vertex 9.000000 6.000000 0.350000
vertex 8.985554 6.294052 5.150000
vertex 9.000000 6.000000 5.150000
endloop
endfacet
facet normal 0.989177 0.146728 0
outer loop
vertex 8.985554 6.294052 0.350000
vertex 8.942356 6.585271 0.350000
vertex 8.942356 6.585271 5.150000
endloop
endfacet
facet normal 0.989177 0.146728 -0
outer loop
vertex 8.985554 6.294052 0.350000
vertex 8.942356 6.585271 5.150000
vertex 8.985554 6.294052 5.150000
endloop
endfacet
facet normal 0.970031 0.242981 0
outer loop
vertex 8.942356 6.585271 0.350000
vertex 8.870821 6.870854 0.350000
vertex 8.870821 6.870854 5.150000
endloop
endfacet
facet normal 0.970031 0.242981 -0
outer loop
vertex 8.942356 6.585271 0.350000
vertex 8.870821 6.870854 5.150000
vertex 8.942356 6.585271 5.150000
endloop
endfacet
facet normal 0.941544 0.336889 0
outer loop
vertex 8.870821 6.870854 0.350000
vertex 8.771639 7.148050 0.350000
vertex 8.771639 7.148050 5.150000
endloop
endfacet
facet normal 0.941544 0.336889 -0
outer loop
vertex 8.870821 6.870854 0.350000
vertex 8.771639 7.148050 5.150000
vertex 8.870821 6.870854 5.150000
endloop
endfacet
facet normal 0.903988 0.427557 0
outer loop
vertex 8.771639 7.148050 0.350000
vertex 8.645763 7.414190 0.350000
vertex 8.645763 7.414190 5.150000
endloop
endfacet
facet normal 0.903988 0.427557 -0
outer loop
vertex 8.771639 7.148050 0.350000
vertex 8.645763 7.414190 5.150000
vertex 8.771639 7.148050 5.150000
endloop
endfacet
facet normal 0.857729 0.514102 0
outer loop
vertex 8.645763 7.414190 0.350000
vertex 8.494409 7.666711 0.350000
vertex 8.494409 7.666711 5.150000
endloop
endfacet
facet normal 0.857729 0.514102 -0
outer loop
vertex 8.645763 7.414190 0.350000
vertex 8.494409 7.666711 5.150000
vertex 8.645763 7.414190 5.150000
endloop
endfacet
facet normal 0.803208 0.595699 0
outer loop
vertex 8.494409 7.666711 0.350000
vertex 8.319032 7.903180 0.350000
vertex 8.319032 7.903180 5.150000
endloop
endfacet
facet normal 0.803208 0.595699 -0
outer loop
vertex 8.494409 7.666711 0.350000
vertex 8.319032 7.903180 5.150000
vertex 8.494409 7.666711 5.150000
endloop
endfacet
facet normal 0.740952 0.671558 0
outer loop
vertex 8.319032 7.903180 0.350000
vertex 8.121321 8.121321 0.350000
vertex 8.121321 8.121321 5.150000
endloop
endfacet
facet normal 0.740952 0.671558 -0
outer loop
vertex 8.319032 7.903180 0.350000
vertex 8.121321 8.121321 5.150000
vertex 8.319032 7.903180 5.150000
endloop
endfacet
facet normal 0.671558 0.740952 0
outer loop
vertex 8.121321 8.121321 0.350000
vertex 7.903180 8.319032 0.350000
vertex 7.903180 8.319032 5.150000
endloop
endfacet
facet normal 0.671558 0.740952 -0
outer loop
vertex 8.121321 8.121321 0.350000
vertex 7.903180 8.319032 5.150000
vertex 8.121321 8.121321 5.150000
endloop
endfacet
facet normal 0.595699 0.803208 0
outer loop
vertex 7.903180 8.319032 0.350000
vertex 7.666711 8.494409 0.350000
vertex 7.666711 8.494409 5.150000
endloop
endfacet
facet normal 0.595699 0.803208 -0
outer loop
vertex 7.903180 8.319032 0.350000
vertex 7.666711 8.494409 5.150000
vertex 7.903180 8.319032 5.150000
endloop
endfacet
facet normal 0.514102 0.857729 0
outer loop
vertex 7.666711 8.494409 0.350000
vertex 7.414190 8.645763 0.350000
vertex 7.414190 8.645763 5.150000
endloop
endfacet
facet normal 0.514102 0.857729 -0
outer loop
vertex 7.666711 8.494409 0.350000
vertex 7.414190 8.645763 5.150000
vertex 7.666711 8.494409 5.150000
endloop
endfacet
facet normal 0.427557 0.903988 0
outer loop
vertex 7.414190 8.645763 0.350000
vertex 7.148050 8.771639 0.350000
vertex 7.148050 8.771639 5.150000
endloop
endfacet
facet normal 0.427557 0.903988 -0
outer loop
vertex 7.414190 8.645763 0.350000
vertex 7.148050 8.771639 5.150000
vertex 7.414190 8.645763 5.150000
endloop
endfacet
facet normal 0.336889 0.941544 0
outer loop
vertex 7.148050 8.771639 0.350000
vertex 6.870854 8.870821 0.350000
vertex 6.870854 8.870821 5.150000
endloop
endfacet
facet normal 0.336889 0.941544 -0
outer loop
vertex 7.148050 8.771639 0.350000
vertex 6.870854 8.870821 5.150000
vertex 7.148050 8.771639 5.150000
endloop
endfacet
facet normal 0.242981 0.970031 0
outer loop
vertex 6.870854 8.870821 0.350000
vertex 6.585271 8.942356 0.350000
vertex 6.585271 8.942356 5.150000
endloop
endfacet
facet normal 0.242981 0.970031 -0
outer loop
vertex 6.870854 8.870821 0.350000
vertex 6.585271 8.942356 5.150000
vertex 6.870854 8.870821 5.150000
endloop
endfacet
facet normal 0.146728 0.989177 0
outer loop
vertex 6.585271 8.942356 0.350000
vertex 6.294052 8.985554 0.350000
vertex 6.294052 8.985554 5.150000
endloop
endfacet
facet normal 0.146728 0.989177 -0
outer loop
vertex 6.585271 8.942356 0.350000
vertex 6.294052 8.985554 5.150000
vertex 6.585271 8.942356 5.150000
endloop
endfacet
facet normal 0.0490691 0.998795 0
outer loop
vertex 6.294052 8.985554 0.350000
vertex 6.000000 9.000000 0.350000
vertex 6.000000 9.000000 5.150000
endloop
endfacet
facet normal 0.0490691 0.998795 -0
outer loop
vertex 6.294052 8.985554 0.350000
vertex 6.000000 9.000000 5.150000
vertex 6.294052 8.985554 5.150000
endloop
endfacet
facet normal 0 1 0
outer loop
vertex 6.000000 9.000000 0.350000
vertex -6.000000 9.000000 0.350000
vertex -6.000000 9.000000 5.150000
endloop
endfacet
facet normal 0 1 -0
outer loop
vertex 6.000000 9.000000 0.350000
vertex -6.000000 9.000000 5.150000
vertex 6.000000 9.000000 5.150000
endloop
endfacet
facet normal -0.0490691 0.998795 0
outer loop
vertex -6.000000 9.000000 0.350000
vertex -6.294052 8.985554 0.350000
vertex -6.294052 8.985554 5.150000
endloop
endfacet
facet normal -0.0490691 0.998795 0
outer loop
vertex -6.000000 9.000000 0.350000
vertex -6.294052 8.985554 5.150000
vertex -6.000000 9.000000 5.150000
endloop
endfacet
facet normal -0.146728 0.989177 0
outer loop
vertex -6.294052 8.985554 0.350000
vertex -6.585271 8.942356 0.350000
vertex -6.585271 8.942356 5.150000
endloop
endfacet
facet normal -0.146728 0.989177 0
outer loop
vertex -6.294052 8.985554 0.350000
vertex -6.585271 8.942356 5.150000
vertex -6.294052 8.985554 5.150000
endloop
endfacet
facet normal -0.242981 0.970031 0
outer loop
vertex -6.585271 8.942356 0.350000
vertex -6.870854 8.870821 0.350000
vertex -6.870854 8.870821 5.150000
endloop
endfacet
facet normal -0.242981 0.970031 0
outer loop
vertex -6.585271 8.942356 0.350000
vertex -6.870854 8.870821 5.150000
vertex -6.585271 8.942356 5.150000
endloop
endfacet
facet normal -0.336889 0.941544 0
outer loop
vertex -6.870854 8.870821 0.350000
vertex -7.148050 8.771639 0.350000
vertex -7.148050 8.771639 5.150000
endloop
endfacet
facet normal -0.336889 0.941544 0
outer loop
vertex -6.870854 8.870821 0.350000
vertex -7.148050 8.771639 5.150000
vertex -6.870854 8.870821 5.150000
endloop
endfacet
facet normal -0.427557 0.903988 0
outer loop
vertex -7.148050 8.771639 0.350000
vertex -7.414190 8.645763 0.350000
vertex -7.414190 8.645763 5.150000
endloop
endfacet
facet normal -0.427557 0.903988 0
outer loop
vertex -7.148050 8.771639 0.350000
vertex -7.414190 8.645763 5.150000
vertex -7.148050 8.771639 5.150000
endloop
endfacet
facet normal -0.514102 0.857729 0
outer loop
vertex -7.414190 8.645763 0.350000
vertex -7.666711 8.494409 0.350000
vertex -7.666711 8.494409 5.150000
endloop
endfacet
facet normal -0.514102 0.857729 0
outer loop
vertex -7.414190 8.645763 0.350000
vertex -7.666711 8.494409 5.150000
vertex -7.414190 8.645763 5.150000
endloop
endfacet
facet normal -0.595699 0.803208 0
outer loop
vertex -7.666711 8.494409 0.350000
vertex -7.903180 8.319032 0.350000
vertex -7.903180 8.319032 5.150000
endloop
endfacet
facet normal -0.595699 0.803208 0
outer loop
vertex -7.666711 8.494409 0.350000
vertex -7.903180 8.319032 5.150000
vertex -7.666711 8.494409 5.150000
endloop
endfacet
facet normal -0.671558 0.740952 0
outer loop
vertex -7.903180 8.319032 0.350000
vertex -8.121321 8.121321 0.350000
vertex -8.121321 8.121321 5.150000
endloop
endfacet
facet normal -0.671558 0.740952 0
outer loop
vertex -7.903180 8.319032 0.350000
vertex -8.121321 8.121321 5.150000
vertex -7.903180 8.319032 5.150000
endloop
endfacet
facet normal -0.740952 0.671558 0
outer loop
vertex -8.121321 8.121321 0.350000
vertex -8.319032 7.903180 0.350000
vertex -8.319032 7.903180 5.150000
endloop
endfacet
facet normal -0.740952 0.671558 0
outer loop
vertex -8.121321 8.121321 0.350000
vertex -8.319032 7.903180 5.150000
vertex -8.121321 8.121321 5.150000
endloop
endfacet
facet normal -0.803208 0.595699 0
outer loop
vertex -8.319032 7.903180 0.350000
vertex -8.494409 7.666711 0.350000
vertex -8.494409 7.666711 5.150000
endloop
endfacet
facet normal -0.803208 0.595699 0
outer loop
vertex -8.319032 7.903180 0.350000
vertex -8.494409 7.666711 5.150000
vertex -8.319032 7.903180 5.150000
endloop
endfacet
facet normal -0.857729 0.514102 0
outer loop
vertex -8.494409 7.666711 0.350000
vertex -8.645763 7.414190 0.350000
vertex -8.645763 7.414190 5.150000
endloop
endfacet
facet normal -0.857729 0.514102 0
outer loop
vertex -8.494409 7.666711 0.350000
vertex -8.645763 7.414190 5.150000
vertex -8.494409 7.666711 5.150000
endloop
endfacet
facet normal -0.903988 0.427557 0
outer loop
vertex -8.645763 7.414190 0.350000
vertex -8.771639 7.148050 0.350000
vertex -8.771639 7.148050 5.150000
endloop
endfacet
facet normal -0.903988 0.427557 0
outer loop
vertex -8.645763 7.414190 0.350000
vertex -8.771639 7.148050 5.150000
vertex -8.645763 7.414190 5.150000
endloop
endfacet
facet normal -0.941544 0.336889 0
outer loop
vertex -8.771639 7.148050 0.350000
vertex -8.870821 6.870854 0.350000
vertex -8.870821 6.870854 5.150000
endloop
endfacet
facet normal -0.941544 0.336889 0
outer loop
vertex -8.771639 7.148050 0.350000
vertex -8.870821 6.870854 5.150000
vertex -8.771639 7.148050 5.150000
endloop
endfacet
facet normal -0.970031 0.242981 0
outer loop
vertex -8.870821 6.870854 0.350000
vertex -8.942356 6.585271 0.350000
vertex -8.942356 6.585271 5.150000
endloop
endfacet
facet normal -0.970031 0.242981 0
outer loop
vertex -8.870821 6.870854 0.350000
vertex -8.942356 6.585271 5.150000
vertex -8.870821 6.870854 5.150000
endloop
endfacet
facet normal -0.989177 0.146728 0
outer loop
vertex -8.942356 6.585271 0.350000
vertex -8.985554 6.294052 0.350000
vertex -8.985554 6.294052 5.150000
endloop
endfacet
facet normal -0.989177 0.146728 0
outer loop
vertex -8.942356 6.585271 0.350000
vertex -8.985554 6.294052 5.150000
vertex -8.942356 6.585271 5.150000
endloop
endfacet
facet normal -0.998795 0.0490691 0
outer loop
vertex -8.985554 6.294052 0.350000
vertex -9.000000 6.000000 0.350000
vertex -9.000000 6.000000 5.150000
endloop
endfacet
facet normal -0.998795 0.0490691 0
outer loop
vertex -8.985554 6.294052 0.350000
vertex -9.000000 6.000000 5.150000
vertex -8.985554 6.294052 5.150000
endloop
endfacet
facet normal -1 0 0
outer loop
vertex -9.000000 6.000000 0.350000
vertex -9.000000 -6.000000 0.350000
vertex -9.000000 -6.000000 5.150000
endloop
endfacet
facet normal -1 0 0
outer loop
vertex -9.000000 6.000000 0.350000
vertex -9.000000 -6.000000 5.150000
vertex -9.000000 6.000000 5.150000
endloop
endfacet
facet normal -0.998795 -0.0490691 0
outer loop
vertex -9.000000 -6.000000 0.350000
vertex -8.985554 -6.294052 0.350000
vertex -8.985554 -6.294052 5.150000
endloop
endfacet
facet normal -0.998795 -0.0490691 0
outer loop
vertex -9.000000 -6.000000 0.350000
vertex -8.985554 -6.294052 5.150000
vertex -9.000000 -6.000000 5.150000
endloop
endfacet
facet normal -0.989177 -0.146728 0
outer loop
vertex -8.985554 -6.294052 0.350000
vertex -8.942356 -6.585271 0.350000
vertex -8.942356 -6.585271 5.150000
endloop
endfacet
facet normal -0.989177 -0.146728 0
outer loop
vertex -8.985554 -6.294052 0.350000
vertex -8.942356 -6.585271 5.150000
vertex -8.985554 -6.294052 5.150000
endloop
endfacet
facet normal -0.970031 -0.242981 0
outer loop
vertex -8.942356 -6.585271 0.350000
vertex -8.870821 -6.870854 0.350000
vertex -8.870821 -6.870854 5.150000
endloop
endfacet
facet normal -0.970031 -0.242981 0
outer loop
vertex -8.942356 -6.585271 0.350000
vertex -8.870821 -6.870854 5.150000
vertex -8.942356 -6.585271 5.150000
endloop
endfacet
facet normal -0.941544 -0.336889 0
outer loop
vertex -8.870821 -6.870854 0.350000
vertex -8.771639 -7.148050 0.350000
vertex -8.771639 -7.148050 5.150000
endloop
endfacet
facet normal -0.941544 -0.336889 0
outer loop
vertex -8.870821 -6.870854 0.350000
vertex -8.771639 -7.148050 5.150000
vertex -8.870821 -6.870854 5.150000
endloop
endfacet
facet normal -0.903988 -0.427557 0
outer loop
vertex -8.771639 -7.148050 0.350000
vertex -8.645763 -7.414190 0.350000
vertex -8.645763 -7.414190 5.150000
endloop
endfacet
facet normal -0.903988 -0.427557 0
outer loop
vertex -8.771639 -7.148050 0.350000
vertex -8.645763 -7.414190 5.150000
vertex -8.771639 -7.148050 5.150000
endloop
endfacet
facet normal -0.857729 -0.514102 0
outer loop
vertex -8.645763 -7.414190 0.350000
vertex -8.494409 -7.666711 0.350000
vertex -8.494409 -7.666711 5.150000
endloop
endfacet
facet normal -0.857729 -0.514102 0
outer loop
vertex -8.645763 -7.414190 0.350000
vertex -8.494409 -7.666711 5.150000
vertex -8.645763 -7.414190 5.150000
endloop
endfacet
facet normal -0.803208 -0.595699 0
outer loop
vertex -8.494409 -7.666711 0.350000
vertex -8.319032 -7.903180 0.350000
vertex -8.319032 -7.903180 5.150000
endloop
endfacet
facet normal -0.803208 -0.595699 0
outer loop
vertex -8.494409 -7.666711 0.350000
vertex -8.319032 -7.903180 5.150000
vertex -8.494409 -7.666711 5.150000
endloop
endfacet
facet normal -0.740952 -0.671558 0
outer loop
vertex -8.319032 -7.903180 0.350000
vertex -8.121321 -8.121321 0.350000
vertex -8.121321 -8.121321 5.150000
endloop
endfacet
facet normal -0.740952 -0.671558 0
outer loop
vertex -8.319032 -7.903180 0.350000
vertex -8.121321 -8.121321 5.150000
vertex -8.319032 -7.903180 5.150000
endloop
endfacet
facet normal -0.671558 -0.740952 0
outer loop
vertex -8.121321 -8.121321 0.350000
vertex -7.903180 -8.319032 0.350000
vertex -7.903180 -8.319032 5.150000
endloop
endfacet
facet normal -0.671558 -0.740952 0
outer loop
vertex -8.121321 -8.121321 0.350000
vertex -7.903180 -8.319032 5.150000
vertex -8.121321 -8.121321 5.150000
endloop
endfacet
facet normal -0.595699 -0.803208 0
outer loop
vertex -7.903180 -8.319032 0.350000
vertex -7.666711 -8.494409 0.350000
vertex -7.666711 -8.494409 5.150000
endloop
endfacet
facet normal -0.595699 -0.803208 0
outer loop
vertex -7.903180 -8.319032 0.350000
vertex -7.666711 -8.494409 5.150000
vertex -7.903180 -8.319032 5.150000
endloop
endfacet
facet normal -0.514102 -0.857729 0
outer loop
vertex -7.666711 -8.494409 0.350000
vertex -7.414190 -8.645763 0.350000
vertex -7.414190 -8.645763 5.150000
endloop
endfacet
facet normal -0.514102 -0.857729 0
outer loop
vertex -7.666711 -8.494409 0.350000
vertex -7.414190 -8.645763 5.150000
vertex -7.666711 -8.494409 5.150000
endloop
endfacet
facet normal -0.427557 -0.903988 0
outer loop
vertex -7.414190 -8.645763 0.350000
vertex -7.148050 -8.771639 0.350000
vertex -7.148050 -8.771639 5.150000
endloop
endfacet
facet normal -0.427557 -0.903988 0
outer loop
vertex -7.414190 -8.645763 0.350000
vertex -7.148050 -8.771639 5.150000
vertex -7.414190 -8.645763 5.150000
endloop
endfacet
facet normal -0.336889 -0.941544 0
outer loop
vertex -7.148050 -8.771639 0.350000
vertex -6.870854 -8.870821 0.350000
vertex -6.870854 -8.870821 5.150000
endloop
endfacet
facet normal -0.336889 -0.941544 0
outer loop
vertex -7.148050 -8.771639 0.350000
vertex -6.870854 -8.870821 5.150000
vertex -7.148050 -8.771639 5.150000
endloop
endfacet
facet normal -0.242981 -0.970031 0
outer loop
vertex -6.870854 -8.870821 0.350000
vertex -6.585271 -8.942356 0.350000
vertex -6.585271 -8.942356 5.150000
endloop
endfacet
facet normal -0.242981 -0.970031 0
outer loop
vertex -6.870854 -8.870821 0.350000
vertex -6.585271 -8.942356 5.150000
vertex -6.870854 -8.870821 5.150000
endloop
endfacet
facet normal -0.146728 -0.989177 0
outer loop
vertex -6.585271 -8.942356 0.350000
vertex -6.294052 -8.985554 0.350000
vertex -6.294052 -8.985554 5.150000
endloop
endfacet
facet normal -0.146728 -0.989177 0
outer loop
vertex -6.585271 -8.942356 0.350000
vertex -6.294052 -8.985554 5.150000
vertex -6.585271 -8.942356 5.150000
endloop
endfacet
facet normal -0.0490691 -0.998795 0
outer loop
vertex -6.294052 -8.985554 0.350000
vertex -6.000000 -9.000000 0.350000
vertex -6.000000 -9.000000 5.150000
endloop
endfacet
facet normal -0.0490691 -0.998795 0
outer loop
vertex -6.294052 -8.985554 0.350000
vertex -6.000000 -9.000000 5.150000
vertex -6.294052 -8.985554 5.150000
endloop
endfacet
facet normal 0 -1 0
outer loop
vertex -6.000000 -9.000000 0.350000
vertex 6.000000 -9.000000 0.350000
vertex 6.000000 -9.000000 5.150000
endloop
endfacet
facet normal 0 -1 0
outer loop
vertex -6.000000 -9.000000 0.350000
vertex 6.000000 -9.000000 5.150000
vertex -6.000000 -9.000000 5.150000
endloop
endfacet
facet normal 0.0490691 -0.998795 0
outer loop
vertex 6.000000 -9.000000 0.350000
vertex 6.294052 -8.985554 0.350000
vertex 6.294052 -8.985554 5.150000
endloop
endfacet
facet normal 0.0490691 -0.998795 0
outer loop
vertex 6.000000 -9.000000 0.350000
vertex 6.294052 -8.985554 5.150000
vertex 6.000000 -9.000000 5.150000
endloop
endfacet
facet normal 0.146728 -0.989177 0
outer loop
vertex 6.294052 -8.985554 0.350000
vertex 6.585271 -8.942356 0.350000
vertex 6.585271 -8.942356 5.150000
endloop
endfacet
facet normal 0.146728 -0.989177 0
outer loop
vertex 6.294052 -8.985554 0.350000
vertex 6.585271 -8.942356 5.150000
vertex 6.294052 -8.985554 5.150000
endloop
endfacet
facet normal 0.242981 -0.970031 0
outer loop
vertex 6.585271 -8.942356 0.350000
vertex 6.870854 -8.870821 0.350000
vertex 6.870854 -8.870821 5.150000
endloop
endfacet
facet normal 0.242981 -0.970031 0
outer loop
vertex 6.585271 -8.942356 0.350000
vertex 6.870854 -8.870821 5.150000
vertex 6.585271 -8.942356 5.150000
endloop
endfacet
facet normal 0.336889 -0.941544 0
outer loop
vertex 6.870854 -8.870821 0.350000
vertex 7.148050 -8.771639 0.350000
vertex 7.148050 -8.771639 5.150000
endloop
endfacet
facet normal 0.336889 -0.941544 0
outer loop
vertex 6.870854 -8.870821 0.350000
vertex 7.148050 -8.771639 5.150000
vertex 6.870854 -8.870821 5.150000
endloop
endfacet
facet normal 0.427557 -0.903988 0
outer loop
vertex 7.148050 -8.771639 0.350000
vertex 7.414190 -8.645763 0.350000
vertex 7.414190 -8.645763 5.150000
endloop
endfacet
facet normal 0.427557 -0.903988 0
outer loop
vertex 7.148050 -8.771639 0.350000
vertex 7.414190 -8.645763 5.150000
vertex 7.148050 -8.771639 5.150000
endloop
endfacet
facet normal 0.514102 -0.857729 0
outer loop
vertex 7.414190 -8.645763 0.350000
vertex 7.666711 -8.494409 0.350000
vertex 7.666711 -8.494409 5.150000
endloop
endfacet
facet normal 0.514102 -0.857729 0
outer loop
vertex 7.414190 -8.645763 0.350000
vertex 7.666711 -8.494409 5.150000
vertex 7.414190 -8.645763 5.150000
endloop
endfacet
facet normal 0.595699 -0.803208 0
outer loop
vertex 7.666711 -8.494409 0.350000
vertex 7.903180 -8.319032 0.350000
vertex 7.903180 -8.319032 5.150000
endloop
endfacet
facet normal 0.595699 -0.803208 0
outer loop
vertex 7.666711 -8.494409 0.350000
vertex 7.903180 -8.319032 5.150000
vertex 7.666711 -8.494409 5.150000
endloop
endfacet
facet normal 0.671558 -0.740952 0
outer loop
vertex 7.903180 -8.319032 0.350000
vertex 8.121321 -8.121321 0.350000
vertex 8.121321 -8.121321 5.150000
endloop
endfacet
facet normal 0.671558 -0.740952 0
outer loop
vertex 7.903180 -8.319032 0.350000
vertex 8.121321 -8.121321 5.150000
vertex 7.903180 -8.319032 5.150000
endloop
endfacet
facet normal 0.740952 -0.671558 0
outer loop
vertex 8.121321 -8.121321 0.350000
vertex 8.319032 -7.903180 0.350000
vertex 8.319032 -7.903180 5.150000
endloop
endfacet
facet normal 0.740952 -0.671558 0
outer loop
vertex 8.121321 -8.121321 0.350000
vertex 8.319032 -7.903180 5.150000
vertex 8.121321 -8.121321 5.150000
endloop
endfacet
facet normal 0.803208 -0.595699 0
outer loop
vertex 8.319032 -7.903180 0.350000
vertex 8.494409 -7.666711 0.350000
vertex 8.494409 -7.666711 5.150000
endloop
endfacet
facet normal 0.803208 -0.595699 0
outer loop
vertex 8.319032 -7.903180 0.350000
vertex 8.494409 -7.666711 5.150000
vertex 8.319032 -7.903180 5.150000
endloop
endfacet
facet normal 0.857729 -0.514102 0
outer loop
vertex 8.494409 -7.666711 0.350000
vertex 8.645763 -7.414190 0.350000
vertex 8.645763 -7.414190 5.150000
endloop
endfacet
facet normal 0.857729 -0.514102 0
outer loop
vertex 8.494409 -7.666711 0.350000
vertex 8.645763 -7.414190 5.150000
vertex 8.494409 -7.666711 5.150000
endloop
endfacet
facet normal 0.903988 -0.427557 0
outer loop
vertex 8.645763 -7.414190 0.350000
vertex 8.771639 -7.148050 0.350000
vertex 8.771639 -7.148050 5.150000
endloop
endfacet
facet normal 0.903988 -0.427557 0
outer loop
vertex 8.645763 -7.414190 0.350000
vertex 8.771639 -7.148050 5.150000
vertex 8.645763 -7.414190 5.150000
endloop
endfacet
facet normal 0.941544 -0.336889 0
outer loop
vertex 8.771639 -7.148050 0.350000
vertex 8.870821 -6.870854 0.350000
vertex 8.870821 -6.870854 5.150000
endloop
endfacet
facet normal 0.941544 -0.336889 0
outer loop
vertex 8.771639 -7.148050 0.350000
vertex 8.870821 -6.870854 5.150000
vertex 8.771639 -7.148050 5.150000
endloop
endfacet
facet normal 0.970031 -0.242981 0
outer loop
vertex 8.870821 -6.870854 0.350000
vertex 8.942356 -6.585271 0.350000
vertex 8.942356 -6.585271 5.150000
endloop
endfacet
facet normal 0.970031 -0.242981 0
outer loop
vertex 8.870821 -6.870854 0.350000
vertex 8.942356 -6.585271 5.150000
vertex 8.870821 -6.870854 5.150000
endloop
endfacet
facet normal 0.989177 -0.146728 0
outer loop
vertex 8.942356 -6.585271 0.350000
vertex 8.985554 -6.294052 0.350000
vertex 8.985554 -6.294052 5.150000
endloop
endfacet
facet normal 0.989177 -0.146728 0
outer loop
vertex 8.942356 -6.585271 0.350000
vertex 8.985554 -6.294052 5.150000
vertex 8.942356 -6.585271 5.150000
endloop
endfacet
facet normal 0.998795 -0.0490691 0
outer loop
vertex 8.985554 -6.294052 0.350000
vertex 9.000000 -6.000000 0.350000
vertex 9.000000 -6.000000 5.150000
endloop
endfacet
facet normal 0.998795 -0.0490691 0
outer loop
vertex 8.985554 -6.294052 0.350000
vertex 9.000000 -6.000000 5.150000
vertex 8.985554 -6.294052 5.150000
endloop
endfacet
facet normal 1 0 0
outer loop
vertex 9.000000 -6.000000 0.350000
vertex 9.000000 6.000000 0.350000
vertex 9.000000 6.000000 5.150000
endloop
endfacet
facet normal 1 0 0
outer loop
vertex 9.000000 -6.000000 0.350000
vertex 9.000000 6.000000 5.150000
vertex 9.000000 -6.000000 5.150000
endloop
endfacet
facet normal 0.979445 0.0481185 0.195888
outer loop
vertex 9.000000 6.000000 5.150000
vertex 8.985554 6.294052 5.150000
vertex 8.935795 6.289151 5.400000
endloop
endfacet
facet normal 0.979445 0.0481167 0.19589
outer loop
vertex 9.000000 6.000000 5.150000
vertex 8.935795 6.289151 5.400000
vertex 8.950000 6.000000 5.400000
endloop
endfacet
facet normal 0.970012 0.143886 0.195891
outer loop
vertex 8.985554 6.294052 5.150000
vertex 8.942356 6.585271 5.150000
vertex 8.893316 6.575516 5.400000
endloop
endfacet
facet normal 0.970012 0.143889 0.195888
outer loop
vertex 8.985554 6.294052 5.150000
vertex 8.893316 6.575516 5.400000
vertex 8.935795 6.289151 5.400000
endloop
endfacet
facet normal 0.951238 0.238274 0.195888
outer loop
vertex 8.942356 6.585271 5.150000
vertex 8.870821 6.870854 5.150000
vertex 8.822974 6.856340 5.400000
endloop
endfacet
facet normal 0.951238 0.238271 0.195891
outer loop
vertex 8.942356 6.585271 5.150000
vertex 8.822974 6.856340 5.400000
vertex 8.893316 6.575516 5.400000
endloop
endfacet
facet normal 0.923303 0.330362 0.195889
outer loop
vertex 8.870821 6.870854 5.150000
vertex 8.771639 7.148050 5.150000
vertex 8.725445 7.128916 5.400000
endloop
endfacet
facet normal 0.923303 0.330363 0.195888
outer loop
vertex 8.870821 6.870854 5.150000
vertex 8.725445 7.128916 5.400000
vertex 8.822974 6.856340 5.400000
endloop
endfacet
facet normal 0.886475 0.419273 0.195889
outer loop
vertex 8.771639 7.148050 5.150000
vertex 8.645763 7.414190 5.150000
vertex 8.601667 7.390620 5.400000
endloop
endfacet
facet normal 0.886475 0.419273 0.195889
outer loop
vertex 8.771639 7.148050 5.150000
vertex 8.601667 7.390620 5.400000
vertex 8.725445 7.128916 5.400000
endloop
endfacet
facet normal 0.841111 0.504142 0.195889
outer loop
vertex 8.645763 7.414190 5.150000
vertex 8.494409 7.666711 5.150000
vertex 8.452835 7.638932 5.400000
endloop
endfacet
facet normal 0.841111 0.504142 0.195889
outer loop
vertex 8.645763 7.414190 5.150000
vertex 8.452835 7.638932 5.400000
vertex 8.601667 7.390620 5.400000
endloop
endfacet
facet normal 0.787647 0.584158 0.195889
outer loop
vertex 8.494409 7.666711 5.150000
vertex 8.319032 7.903180 5.150000
vertex 8.280381 7.871460 5.400000
endloop
endfacet
facet normal 0.787647 0.584157 0.195889
outer loop
vertex 8.494409 7.666711 5.150000
vertex 8.280381 7.871460 5.400000
vertex 8.452835 7.638932 5.400000
endloop
endfacet
facet normal 0.726597 0.658547 0.19589
outer loop
vertex 8.319032 7.903180 5.150000
vertex 8.121321 8.121321 5.150000
vertex 8.085965 8.085965 5.400000
endloop
endfacet
facet normal 0.726596 0.658548 0.195889
outer loop
vertex 8.319032 7.903180 5.150000
vertex 8.085965 8.085965 5.400000
vertex 8.280381 7.871460 5.400000
endloop
endfacet
facet normal 0.658547 0.726597 0.195889
outer loop
vertex 8.121321 8.121321 5.150000
vertex 7.903180 8.319032 5.150000
vertex 7.871460 8.280381 5.400000
endloop
endfacet
facet normal 0.658548 0.726596 0.19589
outer loop
vertex 8.121321 8.121321 5.150000
vertex 7.871460 8.280381 5.400000
vertex 8.085965 8.085965 5.400000
endloop
endfacet
facet normal 0.584158 0.787647 0.195889
outer loop
vertex 7.903180 8.319032 5.150000
vertex 7.666711 8.494409 5.150000
vertex 7.638932 8.452835 5.400000
endloop
endfacet
facet normal 0.584157 0.787647 0.195889
outer loop
vertex 7.903180 8.319032 5.150000
vertex 7.638932 8.452835 5.400000
vertex 7.871460 8.280381 5.400000
endloop
endfacet
facet normal 0.504142 0.841111 0.195889
outer loop
vertex 7.666711 8.494409 5.150000
vertex 7.414190 8.645763 5.150000
vertex 7.390620 8.601667 5.400000
endloop
endfacet
facet normal 0.504142 0.841111 0.195889
outer loop
vertex 7.666711 8.494409 5.150000
vertex 7.390620 8.601667 5.400000
vertex 7.638932 8.452835 5.400000
endloop
endfacet
facet normal 0.419273 0.886475 0.195889
outer loop
vertex 7.414190 8.645763 5.150000
vertex 7.148050 8.771639 5.150000
vertex 7.128916 8.725445 5.400000
endloop
endfacet
facet normal 0.419273 0.886475 0.195889
outer loop
vertex 7.414190 8.645763 5.150000
vertex 7.128916 8.725445 5.400000
vertex 7.390620 8.601667 5.400000
endloop
endfacet
facet normal 0.330362 0.923303 0.195888
outer loop
vertex 7.148050 8.771639 5.150000
vertex 6.870854 8.870821 5.150000
vertex 6.856340 8.822974 5.400000
endloop
endfacet
facet normal 0.330363 0.923303 0.195889
outer loop
vertex 7.148050 8.771639 5.150000
vertex 6.856340 8.822974 5.400000
vertex 7.128916 8.725445 5.400000
endloop
endfacet
facet normal 0.238274 0.951237 0.195891
outer loop
vertex 6.870854 8.870821 5.150000
vertex 6.585271 8.942356 5.150000
vertex 6.575516 8.893316 5.400000
endloop
endfacet
facet normal 0.238271 0.951239 0.195888
outer loop
vertex 6.870854 8.870821 5.150000
vertex 6.575516 8.893316 5.400000
vertex 6.856340 8.822974 5.400000
endloop
endfacet
facet normal 0.143886 0.970013 0.195888
outer loop
vertex 6.585271 8.942356 5.150000
vertex 6.294052 8.985554 5.150000
vertex 6.289151 8.935795 5.400000
endloop
endfacet
facet normal 0.143888 0.970012 0.195891
outer loop
vertex 6.585271 8.942356 5.150000
vertex 6.289151 8.935795 5.400000
vertex 6.575516 8.893316 5.400000
endloop
endfacet
facet normal 0.0481185 0.979445 0.19589
outer loop
vertex 6.294052 8.985554 5.150000
vertex 6.000000 9.000000 5.150000
vertex 6.000000 8.950000 5.400000
endloop
endfacet
facet normal 0.0481168 0.979445 0.195888
outer loop
vertex 6.294052 8.985554 5.150000
vertex 6.000000 8.950000 5.400000
vertex 6.289151 8.935795 5.400000
endloop
endfacet
facet normal 0 0.98058 0.196117
outer loop
vertex 6.000000 9.000000 5.150000
vertex -6.000000 9.000000 5.150000
vertex -6.000000 8.950000 5.400000
endloop
endfacet
facet normal 0 0.98058 0.196117
outer loop
vertex 6.000000 9.000000 5.150000
vertex -6.000000 8.950000 5.400000
vertex 6.000000 8.950000 5.400000
endloop
endfacet
facet normal -0.0481185 0.979445 0.195888
outer loop
vertex -6.000000 9.000000 5.150000
vertex -6.294052 8.985554 5.150000
vertex -6.289151 8.935795 5.400000
endloop
endfacet
facet normal -0.0481167 0.979445 0.19589
outer loop
vertex -6.000000 9.000000 5.150000
vertex -6.289151 8.935795 5.400000
vertex -6.000000 8.950000 5.400000
endloop
endfacet
facet normal -0.143886 0.970012 0.195891
outer loop
vertex -6.294052 8.985554 5.150000
vertex -6.585271 8.942356 5.150000
vertex -6.575516 8.893316 5.400000
endloop
endfacet
facet normal -0.143889 0.970012 0.195888
outer loop
vertex -6.294052 8.985554 5.150000
vertex -6.575516 8.893316 5.400000
vertex -6.289151 8.935795 5.400000
endloop
endfacet
facet normal -0.238274 0.951238 0.195888
outer loop
vertex -6.585271 8.942356 5.150000
vertex -6.870854 8.870821 5.150000
vertex -6.856340 8.822974 5.400000
endloop
endfacet
facet normal -0.238271 0.951238 0.195891
outer loop
vertex -6.585271 8.942356 5.150000
vertex -6.856340 8.822974 5.400000
vertex -6.575516 8.893316 5.400000
endloop
endfacet
facet normal -0.330362 0.923303 0.195889
outer loop
vertex -6.870854 8.870821 5.150000
vertex -7.148050 8.771639 5.150000
vertex -7.128916 8.725445 5.400000
endloop
endfacet
facet normal -0.330363 0.923303 0.195888
outer loop
vertex -6.870854 8.870821 5.150000
vertex -7.128916 8.725445 5.400000
vertex -6.856340 8.822974 5.400000
endloop
endfacet
facet normal -0.419273 0.886475 0.195889
outer loop
vertex -7.148050 8.771639 5.150000
vertex -7.414190 8.645763 5.150000
vertex -7.390620 8.601667 5.400000
endloop
endfacet
facet normal -0.419273 0.886475 0.195889
outer loop
vertex -7.148050 8.771639 5.150000
vertex -7.390620 8.601667 5.400000
vertex -7.128916 8.725445 5.400000
endloop
endfacet
facet normal -0.504142 0.841111 0.195889
outer loop
vertex -7.414190 8.645763 5.150000
vertex -7.666711 8.494409 5.150000
vertex -7.638932 8.452835 5.400000
endloop
endfacet
facet normal -0.504142 0.841111 0.195889
outer loop
vertex -7.414190 8.645763 5.150000
vertex -7.638932 8.452835 5.400000
vertex -7.390620 8.601667 5.400000
endloop
endfacet
facet normal -0.584158 0.787647 0.195889
outer loop
vertex -7.666711 8.494409 5.150000
vertex -7.903180 8.319032 5.150000
vertex -7.871460 8.280381 5.400000
endloop
endfacet
facet normal -0.584157 0.787647 0.195889
outer loop
vertex -7.666711 8.494409 5.150000
vertex -7.871460 8.280381 5.400000
vertex -7.638932 8.452835 5.400000
endloop
endfacet
facet normal -0.658547 0.726597 0.19589
outer loop
vertex -7.903180 8.319032 5.150000
vertex -8.121321 8.121321 5.150000
vertex -8.085965 8.085965 5.400000
endloop
endfacet
facet normal -0.658548 0.726596 0.195889
outer loop
vertex -7.903180 8.319032 5.150000
vertex -8.085965 8.085965 5.400000
vertex -7.871460 8.280381 5.400000
endloop
endfacet
facet normal -0.726597 0.658547 0.195889
outer loop
vertex -8.121321 8.121321 5.150000
vertex -8.319032 7.903180 5.150000
vertex -8.280381 7.871460 5.400000
endloop
endfacet
facet normal -0.726596 0.658548 0.19589
outer loop
vertex -8.121321 8.121321 5.150000
vertex -8.280381 7.871460 5.400000
vertex -8.085965 8.085965 5.400000
endloop
endfacet
facet normal -0.787647 0.584158 0.195889
outer loop
vertex -8.319032 7.903180 5.150000
vertex -8.494409 7.666711 5.150000
vertex -8.452835 7.638932 5.400000
endloop
endfacet
facet normal -0.787647 0.584157 0.195889
outer loop
vertex -8.319032 7.903180 5.150000
vertex -8.452835 7.638932 5.400000
vertex -8.280381 7.871460 5.400000
endloop
endfacet
facet normal -0.841111 0.504142 0.195889
outer loop
vertex -8.494409 7.666711 5.150000
vertex -8.645763 7.414190 5.150000
vertex -8.601667 7.390620 5.400000
endloop
endfacet
facet normal -0.841111 0.504142 0.195889
outer loop
vertex -8.494409 7.666711 5.150000
vertex -8.601667 7.390620 5.400000
vertex -8.452835 7.638932 5.400000
endloop
endfacet
facet normal -0.886475 0.419273 0.195889
outer loop
vertex -8.645763 7.414190 5.150000
vertex -8.771639 7.148050 5.150000
vertex -8.725445 7.128916 5.400000
endloop
endfacet
facet normal -0.886475 0.419273 0.195889
outer loop
vertex -8.645763 7.414190 5.150000
vertex -8.725445 7.128916 5.400000
vertex -8.601667 7.390620 5.400000
endloop
endfacet
facet normal -0.923303 0.330362 0.195888
outer loop
vertex -8.771639 7.148050 5.150000
vertex -8.870821 6.870854 5.150000
vertex -8.822974 6.856340 5.400000
endloop
endfacet
facet normal -0.923303 0.330363 0.195889
outer loop
vertex -8.771639 7.148050 5.150000
vertex -8.822974 6.856340 5.400000
vertex -8.725445 7.128916 5.400000
endloop
endfacet
facet normal -0.951237 0.238274 0.195891
outer loop
vertex -8.870821 6.870854 5.150000
vertex -8.942356 6.585271 5.150000
vertex -8.893316 6.575516 5.400000
endloop
endfacet
facet normal -0.951239 0.238271 0.195888
outer loop
vertex -8.870821 6.870854 5.150000
vertex -8.893316 6.575516 5.400000
vertex -8.822974 6.856340 5.400000
endloop
endfacet
facet normal -0.970013 0.143886 0.195888
outer loop
vertex -8.942356 6.585271 5.150000
vertex -8.985554 6.294052 5.150000
vertex -8.935795 6.289151 5.400000
endloop
endfacet
facet normal -0.970012 0.143888 0.195891
outer loop
vertex -8.942356 6.585271 5.150000
vertex -8.935795 6.289151 5.400000
vertex -8.893316 6.575516 5.400000
endloop
endfacet
facet normal -0.979445 0.0481185 0.19589
outer loop
vertex -8.985554 6.294052 5.150000
vertex -9.000000 6.000000 5.150000
vertex -8.950000 6.000000 5.400000
endloop
endfacet
facet normal -0.979445 0.0481168 0.195888
outer loop
vertex -8.985554 6.294052 5.150000
vertex -8.950000 6.000000 5.400000
vertex -8.935795 6.289151 5.400000
endloop
endfacet
facet normal -0.98058 0 0.196117
outer loop
vertex -9.000000 6.000000 5.150000
vertex -9.000000 -6.000000 5.150000
vertex -8.950000 -6.000000 5.400000
endloop
endfacet
facet normal -0.98058 0 0.196117
outer loop
vertex -9.000000 6.000000 5.150000
vertex -8.950000 -6.000000 5.400000
vertex -8.950000 6.000000 5.400000
endloop
endfacet
facet normal -0.979445 -0.0481185 0.195888
outer loop
vertex -9.000000 -6.000000 5.150000
vertex -8.985554 -6.294052 5.150000
vertex -8.935795 -6.289151 5.400000
endloop
endfacet
facet normal -0.979445 -0.0481167 0.19589
outer loop
vertex -9.000000 -6.000000 5.150000
vertex -8.935795 -6.289151 5.400000
vertex -8.950000 -6.000000 5.400000
endloop
endfacet
facet normal -0.970012 -0.143886 0.195891
outer loop
vertex -8.985554 -6.294052 5.150000
vertex -8.942356 -6.585271 5.150000
vertex -8.893316 -6.575516 5.400000
endloop
endfacet
facet normal -0.970012 -0.143889 0.195888
outer loop
vertex -8.985554 -6.294052 5.150000
vertex -8.893316 -6.575516 5.400000
vertex -8.935795 -6.289151 5.400000
endloop
endfacet
facet normal -0.951238 -0.238274 0.195888
outer loop
vertex -8.942356 -6.585271 5.150000
vertex -8.870821 -6.870854 5.150000
vertex -8.822974 -6.856340 5.400000
endloop
endfacet
facet normal -0.951238 -0.238271 0.195891
outer loop
vertex -8.942356 -6.585271 5.150000
vertex -8.822974 -6.856340 5.400000
vertex -8.893316 -6.575516 5.400000
endloop
endfacet
facet normal -0.923303 -0.330362 0.195889
outer loop
vertex -8.870821 -6.870854 5.150000
vertex -8.771639 -7.148050 5.150000
vertex -8.725445 -7.128916 5.400000
endloop
endfacet
facet normal -0.923303 -0.330363 0.195888
outer loop
vertex -8.870821 -6.870854 5.150000
vertex -8.725445 -7.128916 5.400000
vertex -8.822974 -6.856340 5.400000
endloop
endfacet
facet normal -0.886475 -0.419273 0.195889
outer loop
vertex -8.771639 -7.148050 5.150000
vertex -8.645763 -7.414190 5.150000
vertex -8.601667 -7.390620 5.400000
endloop
endfacet
facet normal -0.886475 -0.419273 0.195889
outer loop
vertex -8.771639 -7.148050 5.150000
vertex -8.601667 -7.390620 5.400000
vertex -8.725445 -7.128916 5.400000
endloop
endfacet
facet normal -0.841111 -0.504142 0.195889
outer loop
vertex -8.645763 -7.414190 5.150000
vertex -8.494409 -7.666711 5.150000
vertex -8.452835 -7.638932 5.400000
endloop
endfacet
facet normal -0.841111 -0.504142 0.195889
outer loop
vertex -8.645763 -7.414190 5.150000
vertex -8.452835 -7.638932 5.400000
vertex -8.601667 -7.390620 5.400000
endloop
endfacet
facet normal -0.787647 -0.584158 0.195889
outer loop
vertex -8.494409 -7.666711 5.150000
vertex -8.319032 -7.903180 5.150000
vertex -8.280381 -7.871460 5.400000
endloop
endfacet
facet normal -0.787647 -0.584157 0.195889
outer loop
vertex -8.494409 -7.666711 5.150000
vertex -8.280381 -7.871460 5.400000
vertex -8.452835 -7.638932 5.400000
endloop
endfacet
facet normal -0.726597 -0.658547 0.19589
outer loop
vertex -8.319032 -7.903180 5.150000
vertex -8.121321 -8.121321 5.150000
vertex -8.085965 -8.085965 5.400000
endloop
endfacet
facet normal -0.726596 -0.658548 0.195889
outer loop
vertex -8.319032 -7.903180 5.150000
vertex -8.085965 -8.085965 5.400000
vertex -8.280381 -7.871460 5.400000
endloop
endfacet
facet normal -0.658547 -0.726597 0.195889
outer loop
vertex -8.121321 -8.121321 5.150000
vertex -7.903180 -8.319032 5.150000
vertex -7.871460 -8.280381 5.400000
endloop
endfacet
facet normal -0.658548 -0.726596 0.19589
outer loop
vertex -8.121321 -8.121321 5.150000
vertex -7.871460 -8.280381 5.400000
vertex -8.085965 -8.085965 5.400000
endloop
endfacet
facet normal -0.584158 -0.787647 0.195889
outer loop
vertex -7.903180 -8.319032 5.150000
vertex -7.666711 -8.494409 5.150000
vertex -7.638932 -8.452835 5.400000
endloop
endfacet
facet normal -0.584157 -0.787647 0.195889
outer loop
vertex -7.903180 -8.319032 5.150000
vertex -7.638932 -8.452835 5.400000
vertex -7.871460 -8.280381 5.400000
endloop
endfacet
facet normal -0.504142 -0.841111 0.195889
outer loop
vertex -7.666711 -8.494409 5.150000
vertex -7.414190 -8.645763 5.150000
vertex -7.390620 -8.601667 5.400000
endloop
endfacet
facet normal -0.504142 -0.841111 0.195889
outer loop
vertex -7.666711 -8.494409 5.150000
vertex -7.390620 -8.601667 5.400000
vertex -7.638932 -8.452835 5.400000
endloop
endfacet
facet normal -0.419273 -0.886475 0.195889
outer loop
vertex -7.414190 -8.645763 5.150000
vertex -7.148050 -8.771639 5.150000
vertex -7.128916 -8.725445 5.400000
endloop
endfacet
facet normal -0.419273 -0.886475 0.195889
outer loop
vertex -7.414190 -8.645763 5.150000
vertex -7.128916 -8.725445 5.400000
vertex -7.390620 -8.601667 5.400000
endloop
endfacet
facet normal -0.330362 -0.923303 0.195888
outer loop
vertex -7.148050 -8.771639 5.150000
vertex -6.870854 -8.870821 5.150000
vertex -6.856340 -8.822974 5.400000
endloop
endfacet
facet normal -0.330363 -0.923303 0.195889
outer loop
vertex -7.148050 -8.771639 5.150000
vertex -6.856340 -8.822974 5.400000
vertex -7.128916 -8.725445 5.400000
endloop
endfacet
facet normal -0.238274 -0.951237 0.195891
outer loop
vertex -6.870854 -8.870821 5.150000
vertex -6.585271 -8.942356 5.150000
vertex -6.575516 -8.893316 5.400000
endloop
endfacet
facet normal -0.238271 -0.951239 0.195888
outer loop
vertex -6.870854 -8.870821 5.150000
vertex -6.575516 -8.893316 5.400000
vertex -6.856340 -8.822974 5.400000
endloop
endfacet
facet normal -0.143886 -0.970013 0.195888
outer loop
vertex -6.585271 -8.942356 5.150000
vertex -6.294052 -8.985554 5.150000
vertex -6.289151 -8.935795 5.400000
endloop
endfacet
facet normal -0.143888 -0.970012 0.195891
outer loop
vertex -6.585271 -8.942356 5.150000
vertex -6.289151 -8.935795 5.400000
vertex -6.575516 -8.893316 5.400000
endloop
endfacet
facet normal -0.0481185 -0.979445 0.19589
outer loop
vertex -6.294052 -8.985554 5.150000
vertex -6.000000 -9.000000 5.150000
vertex -6.000000 -8.950000 5.400000
endloop
endfacet
facet normal -0.0481168 -0.979445 0.195888
outer loop
vertex -6.294052 -8.985554 5.150000
vertex -6.000000 -8.950000 5.400000
vertex -6.289151 -8.935795 5.400000
endloop
endfacet
facet normal 0 -0.98058 0.196117
outer loop
vertex -6.000000 -9.000000 5.150000
vertex 6.000000 -9.000000 5.150000
vertex 6.000000 -8.950000 5.400000
endloop
endfacet
facet normal 0 -0.98058 0.196117
outer loop
vertex -6.000000 -9.000000 5.150000
vertex 6.000000 -8.950000 5.400000
vertex -6.000000 -8.950000 5.400000
endloop
endfacet
facet normal 0.0481185 -0.979445 0.195888
outer loop
vertex 6.000000 -9.000000 5.150000
vertex 6.294052 -8.985554 5.150000
vertex 6.289151 -8.935795 5.400000
endloop
endfacet
facet normal 0.0481167 -0.979445 0.19589
outer loop
vertex 6.000000 -9.000000 5.150000
vertex 6.289151 -8.935795 5.400000
vertex 6.000000 -8.950000 5.400000
endloop
endfacet
facet normal 0.143886 -0.970012 0.195891
outer loop
vertex 6.294052 -8.985554 5.150000
vertex 6.585271 -8.942356 5.150000
vertex 6.575516 -8.893316 5.400000
endloop
endfacet
facet normal 0.143889 -0.970012 0.195888
outer loop
vertex 6.294052 -8.985554 5.150000
vertex 6.575516 -8.893316 5.400000
vertex 6.289151 -8.935795 5.400000
endloop
endfacet
facet normal 0.238274 -0.951238 0.195888
outer loop
vertex 6.585271 -8.942356 5.150000
vertex 6.870854 -8.870821 5.150000
vertex 6.856340 -8.822974 5.400000
endloop
endfacet
facet normal 0.238271 -0.951238 0.195891
outer loop
vertex 6.585271 -8.942356 5.150000
vertex 6.856340 -8.822974 5.400000
vertex 6.575516 -8.893316 5.400000
endloop
endfacet
facet normal 0.330362 -0.923303 0.195889
outer loop
vertex 6.870854 -8.870821 5.150000
vertex 7.148050 -8.771639 5.150000
vertex 7.128916 -8.725445 5.400000
endloop
endfacet
facet normal 0.330363 -0.923303 0.195888
outer loop
vertex 6.870854 -8.870821 5.150000
vertex 7.128916 -8.725445 5.400000
vertex 6.856340 -8.822974 5.400000
endloop
endfacet
facet normal 0.419273 -0.886475 0.195889
outer loop
vertex 7.148050 -8.771639 5.150000
vertex 7.414190 -8.645763 5.150000
vertex 7.390620 -8.601667 5.400000
endloop
endfacet
facet normal 0.419273 -0.886475 0.195889
outer loop
vertex 7.148050 -8.771639 5.150000
vertex 7.390620 -8.601667 5.400000
vertex 7.128916 -8.725445 5.400000
endloop
endfacet
facet normal 0.504142 -0.841111 0.195889
outer loop
vertex 7.414190 -8.645763 5.150000
vertex 7.666711 -8.494409 5.150000
vertex 7.638932 -8.452835 5.400000
endloop
endfacet
facet normal 0.504142 -0.841111 0.195889
outer loop
vertex 7.414190 -8.645763 5.150000
vertex 7.638932 -8.452835 5.400000
vertex 7.390620 -8.601667 5.400000
endloop
endfacet
facet normal 0.584158 -0.787647 0.195889
outer loop
vertex 7.666711 -8.494409 5.150000
vertex 7.903180 -8.319032 5.150000
vertex 7.871460 -8.280381 5.400000
endloop
endfacet
facet normal 0.584157 -0.787647 0.195889
outer loop
vertex 7.666711 -8.494409 5.150000
vertex 7.871460 -8.280381 5.400000
vertex 7.638932 -8.452835 5.400000
endloop
endfacet
facet normal 0.658547 -0.726597 0.19589
outer loop
vertex 7.903180 -8.319032 5.150000
vertex 8.121321 -8.121321 5.150000
vertex 8.085965 -8.085965 5.400000
endloop
endfacet
facet normal 0.658548 -0.726596 0.195889
outer loop
vertex 7.903180 -8.319032 5.150000
vertex 8.085965 -8.085965 5.400000
vertex 7.871460 -8.280381 5.400000
endloop
endfacet
facet normal 0.726597 -0.658547 0.195889
outer loop
vertex 8.121321 -8.121321 5.150000
vertex 8.319032 -7.903180 5.150000
vertex 8.280381 -7.871460 5.400000
endloop
endfacet
facet normal 0.726596 -0.658548 0.19589
outer loop
vertex 8.121321 -8.121321 5.150000
vertex 8.280381 -7.871460 5.400000
vertex 8.085965 -8.085965 5.400000
endloop
endfacet
facet normal 0.787647 -0.584158 0.195889
outer loop
vertex 8.319032 -7.903180 5.150000
vertex 8.494409 -7.666711 5.150000
vertex 8.452835 -7.638932 5.400000
endloop
endfacet
facet normal 0.787647 -0.584157 0.195889
outer loop
vertex 8.319032 -7.903180 5.150000
vertex 8.452835 -7.638932 5.400000
vertex 8.280381 -7.871460 5.400000
endloop
endfacet
facet normal 0.841111 -0.504142 0.195889
outer loop
vertex 8.494409 -7.666711 5.150000
vertex 8.645763 -7.414190 5.150000
vertex 8.601667 -7.390620 5.400000
endloop
endfacet
facet normal 0.841111 -0.504142 0.195889
outer loop
vertex 8.494409 -7.666711 5.150000
vertex 8.601667 -7.390620 5.400000
vertex 8.452835 -7.638932 5.400000
endloop
endfacet
facet normal 0.886475 -0.419273 0.195889
outer loop
vertex 8.645763 -7.414190 5.150000
vertex 8.771639 -7.148050 5.150000
vertex 8.725445 -7.128916 5.400000
endloop
endfacet
facet normal 0.886475 -0.419273 0.195889
outer loop
vertex 8.645763 -7.414190 5.150000
vertex 8.725445 -7.128916 5.400000
vertex 8.601667 -7.390620 5.400000
endloop
endfacet
facet normal 0.923303 -0.330362 0.195888
outer loop
vertex 8.771639 -7.148050 5.150000
vertex 8.870821 -6.870854 5.150000
vertex 8.822974 -6.856340 5.400000
endloop
endfacet
facet normal 0.923303 -0.330363 0.195889
outer loop
vertex 8.771639 -7.148050 5.150000
vertex 8.822974 -6.856340 5.400000
vertex 8.725445 -7.128916 5.400000
endloop
endfacet
facet normal 0.951237 -0.238274 0.195891
outer loop
vertex 8.870821 -6.870854 5.150000
vertex 8.942356 -6.585271 5.150000
vertex 8.893316 -6.575516 5.400000
endloop
endfacet
facet normal 0.951239 -0.238271 0.195888
outer loop
vertex 8.870821 -6.870854 5.150000
vertex 8.893316 -6.575516 5.400000
vertex 8.822974 -6.856340 5.400000
endloop
endfacet
facet normal 0.970013 -0.143886 0.195888
outer loop
vertex 8.942356 -6.585271 5.150000
vertex 8.985554 -6.294052 5.150000
vertex 8.935795 -6.289151 5.400000
endloop
endfacet
facet normal 0.970012 -0.143888 0.195891
outer loop
vertex 8.942356 -6.585271 5.150000
vertex 8.935795 -6.289151 5.400000
vertex 8.893316 -6.575516 5.400000
endloop
endfacet
facet normal 0.979445 -0.0481185 0.19589
outer loop
vertex 8.985554 -6.294052 5.150000
vertex 9.000000 -6.000000 5.150000
vertex 8.950000 -6.000000 5.400000
endloop
endfacet
facet normal 0.979445 -0.0481168 0.195888
outer loop
vertex 8.985554 -6.294052 5.150000
vertex 8.950000 -6.000000 5.400000
vertex 8.935795 -6.289151 5.400000
endloop
endfacet
facet normal 0.98058 -0 0.196117
outer loop
vertex 9.000000 -6.000000 5.150000
vertex 9.000000 6.000000 5.150000
vertex 8.950000 6.000000 5.400000
endloop
endfacet
facet normal 0.98058 0 0.196117
outer loop
vertex 9.000000 -6.000000 5.150000
vertex 8.950000 6.000000 5.400000
vertex 8.950000 -6.000000 5.400000
endloop
endfacet
facet normal 0.758448 0.03726 0.650667
outer loop
vertex 8.950000 6.000000 5.400000
vertex 8.935795 6.289151 5.400000
vertex 8.811036 6.209249 5.550000
endloop
endfacet
facet normal 0.758447 0.0372586 0.650668
outer loop
vertex 8.950000 6.000000 5.400000
vertex 8.811036 6.209249 5.550000
vertex 8.825000 5.925000 5.550000
endloop
endfacet
facet normal 0.734927 0.109017 0.669326
outer loop
vertex 8.935795 6.289151 5.400000
vertex 8.893316 6.575516 5.400000
vertex 8.769278 6.490762 5.550000
endloop
endfacet
facet normal 0.734927 0.109016 0.669327
outer loop
vertex 8.935795 6.289151 5.400000
vertex 8.769278 6.490762 5.550000
vertex 8.811036 6.209249 5.550000
endloop
endfacet
facet normal 0.70699 0.17709 0.684693
outer loop
vertex 8.893316 6.575516 5.400000
vertex 8.822974 6.856340 5.400000
vertex 8.700127 6.766826 5.550000
endloop
endfacet
facet normal 0.706991 0.177093 0.684691
outer loop
vertex 8.893316 6.575516 5.400000
vertex 8.700127 6.766826 5.550000
vertex 8.769278 6.490762 5.550000
endloop
endfacet
facet normal 0.675107 0.241557 0.697051
outer loop
vertex 8.822974 6.856340 5.400000
vertex 8.725445 7.128916 5.400000
vertex 8.604251 7.034782 5.550000
endloop
endfacet
facet normal 0.675107 0.241556 0.697052
outer loop
vertex 8.822974 6.856340 5.400000
vertex 8.604251 7.034782 5.550000
vertex 8.700127 6.766826 5.550000
endloop
endfacet
facet normal 0.639631 0.302525 0.706648
outer loop
vertex 8.725445 7.128916 5.400000
vertex 8.601667 7.390620 5.400000
vertex 8.482572 7.292050 5.550000
endloop
endfacet
facet normal 0.639631 0.302524 0.706648
outer loop
vertex 8.725445 7.128916 5.400000
vertex 8.482572 7.292050 5.550000
vertex 8.604251 7.034782 5.550000
endloop
endfacet
facet normal 0.600818 0.360116 0.713676
outer loop
vertex 8.601667 7.390620 5.400000
vertex 8.452835 7.638932 5.400000
vertex 8.336262 7.536154 5.550000
endloop
endfacet
facet normal 0.600818 0.360116 0.713676
outer loop
vertex 8.601667 7.390620 5.400000
vertex 8.336262 7.536154 5.550000
vertex 8.482572 7.292050 5.550000
endloop
endfacet
facet normal 0.558832 0.414457 0.718284
outer loop
vertex 8.452835 7.638932 5.400000
vertex 8.280381 7.871460 5.400000
vertex 8.166730 7.764740 5.550000
endloop
endfacet
facet normal 0.558832 0.414459 0.718283
outer loop
vertex 8.452835 7.638932 5.400000
vertex 8.166730 7.764740 5.550000
vertex 8.336262 7.536154 5.550000
endloop
endfacet
facet normal 0.513769 0.465652 0.720562
outer loop
vertex 8.280381 7.871460 5.400000
vertex 8.085965 8.085965 5.400000
vertex 7.975610 7.975610 5.550000
endloop
endfacet
facet normal 0.513769 0.465651 0.720563
outer loop
vertex 8.280381 7.871460 5.400000
vertex 7.975610 7.975610 5.550000
vertex 8.166730 7.764740 5.550000
endloop
endfacet
facet normal 0.465652 0.513768 0.720563
outer loop
vertex 8.085965 8.085965 5.400000
vertex 7.871460 8.280381 5.400000
vertex 7.764740 8.166730 5.550000
endloop
endfacet
facet normal 0.465652 0.513769 0.720562
outer loop
vertex 8.085965 8.085965 5.400000
vertex 7.764740 8.166730 5.550000
vertex 7.975610 7.975610 5.550000
endloop
endfacet
facet normal 0.414458 0.558833 0.718282
outer loop
vertex 7.871460 8.280381 5.400000
vertex 7.638932 8.452835 5.400000
vertex 7.536154 8.336262 5.550000
endloop
endfacet
facet normal 0.414458 0.558831 0.718284
outer loop
vertex 7.871460 8.280381 5.400000
vertex 7.536154 8.336262 5.550000
vertex 7.764740 8.166730 5.550000
endloop
endfacet
facet normal 0.360116 0.600818 0.713676
outer loop
vertex 7.638932 8.452835 5.400000
vertex 7.390620 8.601667 5.400000
vertex 7.292050 8.482572 5.550000
endloop
endfacet
facet normal 0.360116 0.600818 0.713676
outer loop
vertex 7.638932 8.452835 5.400000
vertex 7.292050 8.482572 5.550000
vertex 7.536154 8.336262 5.550000
endloop
endfacet
facet normal 0.302524 0.639631 0.706648
outer loop
vertex 7.390620 8.601667 5.400000
vertex 7.128916 8.725445 5.400000
vertex 7.034782 8.604251 5.550000
endloop
endfacet
facet normal 0.302524 0.639632 0.706648
outer loop
vertex 7.390620 8.601667 5.400000
vertex 7.034782 8.604251 5.550000
vertex 7.292050 8.482572 5.550000
endloop
endfacet
facet normal 0.241557 0.675106 0.697052
outer loop
vertex 7.128916 8.725445 5.400000
vertex 6.856340 8.822974 5.400000
vertex 6.766826 8.700127 5.550000
endloop
endfacet
facet normal 0.241556 0.675108 0.697051
outer loop
vertex 7.128916 8.725445 5.400000
vertex 6.766826 8.700127 5.550000
vertex 7.034782 8.604251 5.550000
endloop
endfacet
facet normal 0.177091 0.706992 0.68469
outer loop
vertex 6.856340 8.822974 5.400000
vertex 6.575516 8.893316 5.400000
vertex 6.490762 8.769278 5.550000
endloop
endfacet
facet normal 0.177093 0.706988 0.684694
outer loop
vertex 6.856340 8.822974 5.400000
vertex 6.490762 8.769278 5.550000
vertex 6.766826 8.700127 5.550000
endloop
endfacet
facet normal 0.109017 0.734927 0.669327
outer loop
vertex 6.575516 8.893316 5.400000
vertex 6.289151 8.935795 5.400000
vertex 6.209249 8.811036 5.550000
endloop
endfacet
facet normal 0.109016 0.734927 0.669326
outer loop
vertex 6.575516 8.893316 5.400000
vertex 6.209249 8.811036 5.550000
vertex 6.490762 8.769278 5.550000
endloop
endfacet
facet normal 0.0372599 0.758447 0.650669
outer loop
vertex 6.289151 8.935795 5.400000
vertex 6.000000 8.950000 5.400000
vertex 5.925000 8.825000 5.550000
endloop
endfacet
facet normal 0.0372587 0.758449 0.650667
outer loop
vertex 6.289151 8.935795 5.400000
vertex 5.925000 8.825000 5.550000
vertex 6.209249 8.811036 5.550000
endloop
endfacet
facet normal 0 0.768221 0.640184
outer loop
vertex 6.000000 8.950000 5.400000
vertex -6.000000 8.950000 5.400000
vertex -5.925000 8.825000 5.550000
endloop
endfacet
facet normal 0 0.768221 0.640184
outer loop
vertex 6.000000 8.950000 5.400000
vertex -5.925000 8.825000 5.550000
vertex 5.925000 8.825000 5.550000
endloop
endfacet
facet normal -0.03726 0.758448 0.650667
outer loop
vertex -6.000000 8.950000 5.400000
vertex -6.289151 8.935795 5.400000
vertex -6.209249 8.811036 5.550000
endloop
endfacet
facet normal -0.0372586 0.758447 0.650668
outer loop
vertex -6.000000 8.950000 5.400000
vertex -6.209249 8.811036 5.550000
vertex -5.925000 8.825000 5.550000
endloop
endfacet
facet normal -0.109017 0.734927 0.669326
outer loop
vertex -6.289151 8.935795 5.400000
vertex -6.575516 8.893316 5.400000
vertex -6.490762 8.769278 5.550000
endloop
endfacet
facet normal -0.109016 0.734927 0.669327
outer loop
vertex -6.289151 8.935795 5.400000
vertex -6.490762 8.769278 5.550000
vertex -6.209249 8.811036 5.550000
endloop
endfacet
facet normal -0.17709 0.70699 0.684693
outer loop
vertex -6.575516 8.893316 5.400000
vertex -6.856340 8.822974 5.400000
vertex -6.766826 8.700127 5.550000
endloop
endfacet
facet normal -0.177093 0.706991 0.684691
outer loop
vertex -6.575516 8.893316 5.400000
vertex -6.766826 8.700127 5.550000
vertex -6.490762 8.769278 5.550000
endloop
endfacet
facet normal -0.241557 0.675107 0.697051
outer loop
vertex -6.856340 8.822974 5.400000
vertex -7.128916 8.725445 5.400000
vertex -7.034782 8.604251 5.550000
endloop
endfacet
facet normal -0.241556 0.675107 0.697052
outer loop
vertex -6.856340 8.822974 5.400000
vertex -7.034782 8.604251 5.550000
vertex -6.766826 8.700127 5.550000
endloop
endfacet
facet normal -0.302525 0.639631 0.706648
outer loop
vertex -7.128916 8.725445 5.400000
vertex -7.390620 8.601667 5.400000
vertex -7.292050 8.482572 5.550000
endloop
endfacet
facet normal -0.302524 0.639631 0.706648
outer loop
vertex -7.128916 8.725445 5.400000
vertex -7.292050 8.482572 5.550000
vertex -7.034782 8.604251 5.550000
endloop
endfacet
facet normal -0.360116 0.600818 0.713676
outer loop
vertex -7.390620 8.601667 5.400000
vertex -7.638932 8.452835 5.400000
vertex -7.536154 8.336262 5.550000
endloop
endfacet
facet normal -0.360116 0.600818 0.713676
outer loop
vertex -7.390620 8.601667 5.400000
vertex -7.536154 8.336262 5.550000
vertex -7.292050 8.482572 5.550000
endloop
endfacet
facet normal -0.414457 0.558832 0.718284
outer loop
vertex -7.638932 8.452835 5.400000
vertex -7.871460 8.280381 5.400000
vertex -7.764740 8.166730 5.550000
endloop
endfacet
facet normal -0.414459 0.558832 0.718283
outer loop
vertex -7.638932 8.452835 5.400000
vertex -7.764740 8.166730 5.550000
vertex -7.536154 8.336262 5.550000
endloop
endfacet
facet normal -0.465652 0.513769 0.720562
outer loop
vertex -7.871460 8.280381 5.400000
vertex -8.085965 8.085965 5.400000
vertex -7.975610 7.975610 5.550000
endloop
endfacet
facet normal -0.465651 0.513769 0.720563
outer loop
vertex -7.871460 8.280381 5.400000
vertex -7.975610 7.975610 5.550000
vertex -7.764740 8.166730 5.550000
endloop
endfacet
facet normal -0.513768 0.465652 0.720563
outer loop
vertex -8.085965 8.085965 5.400000
vertex -8.280381 7.871460 5.400000
vertex -8.166730 7.764740 5.550000
endloop
endfacet
facet normal -0.513769 0.465652 0.720562
outer loop
vertex -8.085965 8.085965 5.400000
vertex -8.166730 7.764740 5.550000
vertex -7.975610 7.975610 5.550000
endloop
endfacet
facet normal -0.558833 0.414458 0.718282
outer loop
vertex -8.280381 7.871460 5.400000
vertex -8.452835 7.638932 5.400000
vertex -8.336262 7.536154 5.550000
endloop
endfacet
facet normal -0.558831 0.414458 0.718284
outer loop
vertex -8.280381 7.871460 5.400000
vertex -8.336262 7.536154 5.550000
vertex -8.166730 7.764740 5.550000
endloop
endfacet
facet normal -0.600818 0.360116 0.713676
outer loop
vertex -8.452835 7.638932 5.400000
vertex -8.601667 7.390620 5.400000
vertex -8.482572 7.292050 5.550000
endloop
endfacet
facet normal -0.600818 0.360116 0.713676
outer loop
vertex -8.452835 7.638932 5.400000
vertex -8.482572 7.292050 5.550000
vertex -8.336262 7.536154 5.550000
endloop
endfacet
facet normal -0.639631 0.302524 0.706648
outer loop
vertex -8.601667 7.390620 5.400000
vertex -8.725445 7.128916 5.400000
vertex -8.604251 7.034782 5.550000
endloop
endfacet
facet normal -0.639632 0.302524 0.706648
outer loop
vertex -8.601667 7.390620 5.400000
vertex -8.604251 7.034782 5.550000
vertex -8.482572 7.292050 5.550000
endloop
endfacet
facet normal -0.675106 0.241557 0.697052
outer loop
vertex -8.725445 7.128916 5.400000
vertex -8.822974 6.856340 5.400000
vertex -8.700127 6.766826 5.550000
endloop
endfacet
facet normal -0.675108 0.241556 0.697051
outer loop
vertex -8.725445 7.128916 5.400000
vertex -8.700127 6.766826 5.550000
vertex -8.604251 7.034782 5.550000
endloop
endfacet
facet normal -0.706992 0.177091 0.68469
outer loop
vertex -8.822974 6.856340 5.400000
vertex -8.893316 6.575516 5.400000
vertex -8.769278 6.490762 5.550000
endloop
endfacet
facet normal -0.706988 0.177093 0.684694
outer loop
vertex -8.822974 6.856340 5.400000
vertex -8.769278 6.490762 5.550000
vertex -8.700127 6.766826 5.550000
endloop
endfacet
facet normal -0.734927 0.109017 0.669327
outer loop
vertex -8.893316 6.575516 5.400000
vertex -8.935795 6.289151 5.400000
vertex -8.811036 6.209249 5.550000
endloop
endfacet
facet normal -0.734927 0.109016 0.669326
outer loop
vertex -8.893316 6.575516 5.400000
vertex -8.811036 6.209249 5.550000
vertex -8.769278 6.490762 5.550000
endloop
endfacet
facet normal -0.758447 0.0372599 0.650669
outer loop
vertex -8.935795 6.289151 5.400000
vertex -8.950000 6.000000 5.400000
vertex -8.825000 5.925000 5.550000
endloop
endfacet
facet normal -0.758449 0.0372587 0.650667
outer loop
vertex -8.935795 6.289151 5.400000
vertex -8.825000 5.925000 5.550000
vertex -8.811036 6.209249 5.550000
endloop
endfacet
facet normal -0.768221 0 0.640184
outer loop
vertex -8.950000 6.000000 5.400000
vertex -8.950000 -6.000000 5.400000
vertex -8.825000 -5.925000 5.550000
endloop
endfacet
facet normal -0.768221 0 0.640184
outer loop
vertex -8.950000 6.000000 5.400000
vertex -8.825000 -5.925000 5.550000
vertex -8.825000 5.925000 5.550000
endloop
endfacet
facet normal -0.758448 -0.03726 0.650667
outer loop
vertex -8.950000 -6.000000 5.400000
vertex -8.935795 -6.289151 5.400000
vertex -8.811036 -6.209249 5.550000
endloop
endfacet
facet normal -0.758447 -0.0372586 0.650668
outer loop
vertex -8.950000 -6.000000 5.400000
vertex -8.811036 -6.209249 5.550000
vertex -8.825000 -5.925000 5.550000
endloop
endfacet
facet normal -0.734927 -0.109017 0.669326
outer loop
vertex -8.935795 -6.289151 5.400000
vertex -8.893316 -6.575516 5.400000
vertex -8.769278 -6.490762 5.550000
endloop
endfacet
facet normal -0.734927 -0.109016 0.669327
outer loop
vertex -8.935795 -6.289151 5.400000
vertex -8.769278 -6.490762 5.550000
vertex -8.811036 -6.209249 5.550000
endloop
endfacet
facet normal -0.70699 -0.17709 0.684693
outer loop
vertex -8.893316 -6.575516 5.400000
vertex -8.822974 -6.856340 5.400000
vertex -8.700127 -6.766826 5.550000
endloop
endfacet
facet normal -0.706991 -0.177093 0.684691
outer loop
vertex -8.893316 -6.575516 5.400000
vertex -8.700127 -6.766826 5.550000
vertex -8.769278 -6.490762 5.550000
endloop
endfacet
facet normal -0.675107 -0.241557 0.697051
outer loop
vertex -8.822974 -6.856340 5.400000
vertex -8.725445 -7.128916 5.400000
vertex -8.604251 -7.034782 5.550000
endloop
endfacet
facet normal -0.675107 -0.241556 0.697052
outer loop
vertex -8.822974 -6.856340 5.400000
vertex -8.604251 -7.034782 5.550000
vertex -8.700127 -6.766826 5.550000
endloop
endfacet
facet normal -0.639631 -0.302525 0.706648
outer loop
vertex -8.725445 -7.128916 5.400000
vertex -8.601667 -7.390620 5.400000
vertex -8.482572 -7.292050 5.550000
endloop
endfacet
facet normal -0.639631 -0.302524 0.706648
outer loop
vertex -8.725445 -7.128916 5.400000
vertex -8.482572 -7.292050 5.550000
vertex -8.604251 -7.034782 5.550000
endloop
endfacet
facet normal -0.600818 -0.360116 0.713676
outer loop
vertex -8.601667 -7.390620 5.400000
vertex -8.452835 -7.638932 5.400000
vertex -8.336262 -7.536154 5.550000
endloop
endfacet
facet normal -0.600818 -0.360116 0.713676
outer loop
vertex -8.601667 -7.390620 5.400000
vertex -8.336262 -7.536154 5.550000
vertex -8.482572 -7.292050 5.550000
endloop
endfacet
facet normal -0.558832 -0.414457 0.718284
outer loop
vertex -8.452835 -7.638932 5.400000
vertex -8.280381 -7.871460 5.400000
vertex -8.166730 -7.764740 5.550000
endloop
endfacet
facet normal -0.558832 -0.414459 0.718283
outer loop
vertex -8.452835 -7.638932 5.400000
vertex -8.166730 -7.764740 5.550000
vertex -8.336262 -7.536154 5.550000
endloop
endfacet
facet normal -0.513769 -0.465652 0.720562
outer loop
vertex -8.280381 -7.871460 5.400000
vertex -8.085965 -8.085965 5.400000
vertex -7.975610 -7.975610 5.550000
endloop
endfacet
facet normal -0.513769 -0.465651 0.720563
outer loop
vertex -8.280381 -7.871460 5.400000
vertex -7.975610 -7.975610 5.550000
vertex -8.166730 -7.764740 5.550000
endloop
endfacet
facet normal -0.465652 -0.513768 0.720563
outer loop
vertex -8.085965 -8.085965 5.400000
vertex -7.871460 -8.280381 5.400000
vertex -7.764740 -8.166730 5.550000
endloop
endfacet
facet normal -0.465652 -0.513769 0.720562
outer loop
vertex -8.085965 -8.085965 5.400000
vertex -7.764740 -8.166730 5.550000
vertex -7.975610 -7.975610 5.550000
endloop
endfacet
facet normal -0.414458 -0.558833 0.718282
outer loop
vertex -7.871460 -8.280381 5.400000
vertex -7.638932 -8.452835 5.400000
vertex -7.536154 -8.336262 5.550000
endloop
endfacet
facet normal -0.414458 -0.558831 0.718284
outer loop
vertex -7.871460 -8.280381 5.400000
vertex -7.536154 -8.336262 5.550000
vertex -7.764740 -8.166730 5.550000
endloop
endfacet
facet normal -0.360116 -0.600818 0.713676
outer loop
vertex -7.638932 -8.452835 5.400000
vertex -7.390620 -8.601667 5.400000
vertex -7.292050 -8.482572 5.550000
endloop
endfacet
facet normal -0.360116 -0.600818 0.713676
outer loop
vertex -7.638932 -8.452835 5.400000
vertex -7.292050 -8.482572 5.550000
vertex -7.536154 -8.336262 5.550000
endloop
endfacet
facet normal -0.302524 -0.639631 0.706648
outer loop
vertex -7.390620 -8.601667 5.400000
vertex -7.128916 -8.725445 5.400000
vertex -7.034782 -8.604251 5.550000
endloop
endfacet
facet normal -0.302524 -0.639632 0.706648
outer loop
vertex -7.390620 -8.601667 5.400000
vertex -7.034782 -8.604251 5.550000
vertex -7.292050 -8.482572 5.550000
endloop
endfacet
facet normal -0.241557 -0.675106 0.697052
outer loop
vertex -7.128916 -8.725445 5.400000
vertex -6.856340 -8.822974 5.400000
vertex -6.766826 -8.700127 5.550000
endloop
endfacet
facet normal -0.241556 -0.675108 0.697051
outer loop
vertex -7.128916 -8.725445 5.400000
vertex -6.766826 -8.700127 5.550000
vertex -7.034782 -8.604251 5.550000
endloop
endfacet
facet normal -0.177091 -0.706992 0.68469
outer loop
vertex -6.856340 -8.822974 5.400000
vertex -6.575516 -8.893316 5.400000
vertex -6.490762 -8.769278 5.550000
endloop
endfacet
facet normal -0.177093 -0.706988 0.684694
outer loop
vertex -6.856340 -8.822974 5.400000
vertex -6.490762 -8.769278 5.550000
vertex -6.766826 -8.700127 5.550000
endloop
endfacet
facet normal -0.109017 -0.734927 0.669327
outer loop
vertex -6.575516 -8.893316 5.400000
vertex -6.289151 -8.935795 5.400000
vertex -6.209249 -8.811036 5.550000
endloop
endfacet
facet normal -0.109016 -0.734927 0.669326
outer loop
vertex -6.575516 -8.893316 5.400000
vertex -6.209249 -8.811036 5.550000
vertex -6.490762 -8.769278 5.550000
endloop
endfacet
facet normal -0.0372599 -0.758447 0.650669
outer loop
vertex -6.289151 -8.935795 5.400000
vertex -6.000000 -8.950000 5.400000
vertex -5.925000 -8.825000 5.550000
endloop
endfacet
facet normal -0.0372587 -0.758449 0.650667
outer loop
vertex -6.289151 -8.935795 5.400000
vertex -5.925000 -8.825000 5.550000
vertex -6.209249 -8.811036 5.550000
endloop
endfacet
facet normal 0 -0.768221 0.640184
outer loop
vertex -6.000000 -8.950000 5.400000
vertex 6.000000 -8.950000 5.400000
vertex 5.925000 -8.825000 5.550000
endloop
endfacet
facet normal 0 -0.768221 0.640184
outer loop
vertex -6.000000 -8.950000 5.400000
vertex 5.925000 -8.825000 5.550000
vertex -5.925000 -8.825000 5.550000
endloop
endfacet
facet normal 0.03726 -0.758448 0.650667
outer loop
vertex 6.000000 -8.950000 5.400000
vertex 6.289151 -8.935795 5.400000
vertex 6.209249 -8.811036 5.550000
endloop
endfacet
facet normal 0.0372586 -0.758447 0.650668
outer loop
vertex 6.000000 -8.950000 5.400000
vertex 6.209249 -8.811036 5.550000
vertex 5.925000 -8.825000 5.550000
endloop
endfacet
facet normal 0.109017 -0.734927 0.669326
outer loop
vertex 6.289151 -8.935795 5.400000
vertex 6.575516 -8.893316 5.400000
vertex 6.490762 -8.769278 5.550000
endloop
endfacet
facet normal 0.109016 -0.734927 0.669327
outer loop
vertex 6.289151 -8.935795 5.400000
vertex 6.490762 -8.769278 5.550000
vertex 6.209249 -8.811036 5.550000
endloop
endfacet
facet normal 0.17709 -0.70699 0.684693
outer loop
vertex 6.575516 -8.893316 5.400000
vertex 6.856340 -8.822974 5.400000
vertex 6.766826 -8.700127 5.550000
endloop
endfacet
facet normal 0.177093 -0.706991 0.684691
outer loop
vertex 6.575516 -8.893316 5.400000
vertex 6.766826 -8.700127 5.550000
vertex 6.490762 -8.769278 5.550000
endloop
endfacet
facet normal 0.241557 -0.675107 0.697051
outer loop
vertex 6.856340 -8.822974 5.400000
vertex 7.128916 -8.725445 5.400000
vertex 7.034782 -8.604251 5.550000
endloop
endfacet
facet normal 0.241556 -0.675107 0.697052
outer loop
vertex 6.856340 -8.822974 5.400000
vertex 7.034782 -8.604251 5.550000
vertex 6.766826 -8.700127 5.550000
endloop
endfacet
facet normal 0.302525 -0.639631 0.706648
outer loop
vertex 7.128916 -8.725445 5.400000
vertex 7.390620 -8.601667 5.400000
vertex 7.292050 -8.482572 5.550000
endloop
endfacet
facet normal 0.302524 -0.639631 0.706648
outer loop
vertex 7.128916 -8.725445 5.400000
vertex 7.292050 -8.482572 5.550000
vertex 7.034782 -8.604251 5.550000
endloop
endfacet
facet normal 0.360116 -0.600818 0.713676
outer loop
vertex 7.390620 -8.601667 5.400000
vertex 7.638932 -8.452835 5.400000
vertex 7.536154 -8.336262 5.550000
endloop
endfacet
facet normal 0.360116 -0.600818 0.713676
outer loop
vertex 7.390620 -8.601667 5.400000
vertex 7.536154 -8.336262 5.550000
vertex 7.292050 -8.482572 5.550000
endloop
endfacet
facet normal 0.414457 -0.558832 0.718284
outer loop
vertex 7.638932 -8.452835 5.400000
vertex 7.871460 -8.280381 5.400000
vertex 7.764740 -8.166730 5.550000
endloop
endfacet
facet normal 0.414459 -0.558832 0.718283
outer loop
vertex 7.638932 -8.452835 5.400000
vertex 7.764740 -8.166730 5.550000
vertex 7.536154 -8.336262 5.550000
endloop
endfacet
facet normal 0.465652 -0.513769 0.720562
outer loop
vertex 7.871460 -8.280381 5.400000
vertex 8.085965 -8.085965 5.400000
vertex 7.975610 -7.975610 5.550000
endloop
endfacet
facet normal 0.465651 -0.513769 0.720563
outer loop
vertex 7.871460 -8.280381 5.400000
vertex 7.975610 -7.975610 5.550000
vertex 7.764740 -8.166730 5.550000
endloop
endfacet
facet normal 0.513768 -0.465652 0.720563
outer loop
vertex 8.085965 -8.085965 5.400000
vertex 8.280381 -7.871460 5.400000
vertex 8.166730 -7.764740 5.550000
endloop
endfacet
facet normal 0.513769 -0.465652 0.720562
outer loop
vertex 8.085965 -8.085965 5.400000
vertex 8.166730 -7.764740 5.550000
vertex 7.975610 -7.975610 5.550000
endloop
endfacet
facet normal 0.558833 -0.414458 0.718282
outer loop
vertex 8.280381 -7.871460 5.400000
vertex 8.452835 -7.638932 5.400000
vertex 8.336262 -7.536154 5.550000
endloop
endfacet
facet normal 0.558831 -0.414458 0.718284
outer loop
vertex 8.280381 -7.871460 5.400000
vertex 8.336262 -7.536154 5.550000
vertex 8.166730 -7.764740 5.550000
endloop
endfacet
facet normal 0.600818 -0.360116 0.713676
outer loop
vertex 8.452835 -7.638932 5.400000
vertex 8.601667 -7.390620 5.400000
vertex 8.482572 -7.292050 5.550000
endloop
endfacet
facet normal 0.600818 -0.360116 0.713676
outer loop
vertex 8.452835 -7.638932 5.400000
vertex 8.482572 -7.292050 5.550000
vertex 8.336262 -7.536154 5.550000
endloop
endfacet
facet normal 0.639631 -0.302524 0.706648
outer loop
vertex 8.601667 -7.390620 5.400000
vertex 8.725445 -7.128916 5.400000
vertex 8.604251 -7.034782 5.550000
endloop
endfacet
facet normal 0.639632 -0.302524 0.706648
outer loop
vertex 8.601667 -7.390620 5.400000
vertex 8.604251 -7.034782 5.550000
vertex 8.482572 -7.292050 5.550000
endloop
endfacet
facet normal 0.675106 -0.241557 0.697052
outer loop
vertex 8.725445 -7.128916 5.400000
vertex 8.822974 -6.856340 5.400000
vertex 8.700127 -6.766826 5.550000
endloop
endfacet
facet normal 0.675108 -0.241556 0.697051
outer loop
vertex 8.725445 -7.128916 5.400000
vertex 8.700127 -6.766826 5.550000
vertex 8.604251 -7.034782 5.550000
endloop
endfacet
facet normal 0.706992 -0.177091 0.68469
outer loop
vertex 8.822974 -6.856340 5.400000
vertex 8.893316 -6.575516 5.400000
vertex 8.769278 -6.490762 5.550000
endloop
endfacet
facet normal 0.706988 -0.177093 0.684694
outer loop
vertex 8.822974 -6.856340 5.400000
vertex 8.769278 -6.490762 5.550000
vertex 8.700127 -6.766826 5.550000
endloop
endfacet
facet normal 0.734927 -0.109017 0.669327
outer loop
vertex 8.893316 -6.575516 5.400000
vertex 8.935795 -6.289151 5.400000
vertex 8.811036 -6.209249 5.550000
endloop
endfacet
facet normal 0.734927 -0.109016 0.669326
outer loop
vertex 8.893316 -6.575516 5.400000
vertex 8.811036 -6.209249 5.550000
vertex 8.769278 -6.490762 5.550000
endloop
endfacet
facet normal 0.758447 -0.0372599 0.650669
outer loop
vertex 8.935795 -6.289151 5.400000
vertex 8.950000 -6.000000 5.400000
vertex 8.825000 -5.925000 5.550000
endloop
endfacet
facet normal 0.758449 -0.0372587 0.650667
outer loop
vertex 8.935795 -6.289151 5.400000
vertex 8.825000 -5.925000 5.550000
vertex 8.811036 -6.209249 5.550000
endloop
endfacet
facet normal 0.768221 -0 0.640184
outer loop
vertex 8.950000 -6.000000 5.400000
vertex 8.950000 6.000000 5.400000
vertex 8.825000 5.925000 5.550000
endloop
endfacet
facet normal 0.768221 0 0.640184
outer loop
vertex 8.950000 -6.000000 5.400000
vertex 8.825000 5.925000 5.550000
vertex 8.825000 -5.925000 5.550000
endloop
endfacet
facet normal 0 0 1
outer loop
vertex 8.825000 5.925000 5.550000
vertex 8.811036 6.209249 5.550000
vertex 7.215089 0.710624 5.550000
endloop
endfacet
facet normal 0 0 1
outer loop
vertex 8.825000 5.925000 5.550000
vertex 7.215089 0.710624 5.550000
vertex 7.250000 0.000000 5.550000
endloop
endfacet
facet normal 0 0 1
outer loop
vertex 8.811036 6.209249 5.550000
vertex 8.769278 6.490762 5.550000
vertex 7.110693 1.414405 5.550000
endloop
endfacet
facet normal 0 0 1
outer loop
vertex 8.811036 6.209249 5.550000
vertex 7.110693 1.414405 5.550000
vertex 7.215089 0.710624 5.550000
endloop
endfacet
facet normal 0 0 1
outer loop
vertex 8.769278 6.490762 5.550000
vertex 8.700127 6.766826 5.550000
vertex 6.937818 2.104564 5.550000
endloop
endfacet
facet normal 0 0 1
outer loop
vertex 8.769278 6.490762 5.550000
vertex 6.937818 2.104564 5.550000
vertex 7.110693 1.414405 5.550000
endloop
endfacet
facet normal 0 0 1
outer loop
vertex 8.700127 6.766826 5.550000
vertex 8.604251 7.034782 5.550000
vertex 6.698127 2.774455 5.550000
endloop
endfacet
facet normal 0 0 1
outer loop
vertex 8.700127 6.766826 5.550000
vertex 6.698127 2.774455 5.550000
vertex 6.937818 2.104564 5.550000
endloop
endfacet
facet normal 0 0 1
outer loop
vertex 8.604251 7.034782 5.550000
vertex 8.482572 7.292050 5.550000
vertex 6.393929 3.417626 5.550000
endloop
endfacet
facet normal 0 0 1
outer loop
vertex 8.604251 7.034782 5.550000
vertex 6.393929 3.417626 5.550000
vertex 6.698127 2.774455 5.550000
endloop
endfacet
facet normal 0 0 1
outer loop
vertex 8.482572 7.292050 5.550000
vertex 8.336262 7.536154 5.550000
vertex 6.028155 4.027884 5.550000
endloop
endfacet
facet normal 0 0 1
outer loop
vertex 8.482572 7.292050 5.550000
vertex 6.028155 4.027884 5.550000
vertex 6.393929 3.417626 5.550000
endloop
endfacet
facet normal 0 0 1
outer loop
vertex 8.336262 7.536154 5.550000
vertex 8.166730 7.764740 5.550000
vertex 5.604326 4.599351 5.550000
endloop
endfacet
facet normal 0 0 1
outer loop
vertex 8.336262 7.536154 5.550000
vertex 5.604326 4.599351 5.550000
vertex 6.028155 4.027884 5.550000
endloop
endfacet
facet normal 0 0 1
outer loop
vertex 8.166730 7.764740 5.550000
vertex 7.975610 7.975610 5.550000
vertex 5.126524 5.126524 5.550000
endloop
endfacet
facet normal 0 0 1
outer loop
vertex 8.166730 7.764740 5.550000
vertex 5.126524 5.126524 5.550000
vertex 5.604326 4.599351 5.550000
endloop
endfacet
facet normal 0 0 1
outer loop
vertex 7.975610 7.975610 5.550000
vertex 7.764740 8.166730 5.550000
vertex 4.599351 5.604326 5.550000
endloop
endfacet
facet normal 0 0 1
outer loop
vertex 7.975610 7.975610 5.550000
vertex 4.599351 5.604326 5.550000
vertex 5.126524 5.126524 5.550000
endloop
endfacet
facet normal 0 0 1
outer loop
vertex 7.764740 8.166730 5.550000
vertex 7.536154 8.336262 5.550000
vertex 4.027884 6.028155 5.550000
endloop
endfacet
facet normal 0 0 1
outer loop
vertex 7.764740 8.166730 5.550000
vertex 4.027884 6.028155 5.550000
vertex 4.599351 5.604326 5.550000
endloop
endfacet
facet normal 0 0 1
outer loop
vertex 7.536154 8.336262 5.550000
vertex 7.292050 8.482572 5.550000
vertex 3.417626 6.393929 5.550000
endloop
endfacet
facet normal 0 0 1
outer loop
vertex 7.536154 8.336262 5.550000
vertex 3.417626 6.393929 5.550000
vertex 4.027884 6.028155 5.550000
endloop
endfacet
facet normal 0 0 1
outer loop
vertex 7.292050 8.482572 5.550000
vertex 7.034782 8.604251 5.550000
vertex 2.774455 6.698127 5.550000
endloop
endfacet
facet normal 0 0 1
outer loop
vertex 7.292050 8.482572 5.550000
vertex 2.774455 6.698127 5.550000
vertex 3.417626 6.393929 5.550000
endloop
endfacet
facet normal 0 0 1
outer loop
vertex 7.034782 8.604251 5.550000
vertex 6.766826 8.700127 5.550000
vertex 2.104564 6.937818 5.550000
endloop
endfacet
facet normal 0 0 1
outer loop
vertex 7.034782 8.604251 5.550000
vertex 2.104564 6.937818 5.550000
vertex 2.774455 6.698127 5.550000
endloop
endfacet
facet normal 0 0 1
outer loop
vertex 6.766826 8.700127 5.550000
vertex 6.490762 8.769278 5.550000
vertex 1.414405 7.110693 5.550000
endloop
endfacet
facet normal 0 0 1
outer loop
vertex 6.766826 8.700127 5.550000
vertex 1.414405 7.110693 5.550000
vertex 2.104564 6.937818 5.550000
endloop
endfacet
facet normal 0 0 1
outer loop
vertex 6.490762 8.769278 5.550000
vertex 6.209249 8.811036 5.550000
vertex 0.710624 7.215089 5.550000
endloop
endfacet
facet normal 0 0 1
outer loop
vertex 6.490762 8.769278 5.550000
vertex 0.710624 7.215089 5.550000
vertex 1.414405 7.110693 5.550000
endloop
endfacet
facet normal 0 0 1
outer loop
vertex 6.209249 8.811036 5.550000
vertex 5.925000 8.825000 5.550000
vertex 0.000000 7.250000 5.550000
endloop
endfacet
facet normal 0 0 1
outer loop
vertex 6.209249 8.811036 5.550000
vertex 0.000000 7.250000 5.550000
vertex 0.710624 7.215089 5.550000
endloop
endfacet
facet normal 0 0 1
outer loop
vertex 5.925000 8.825000 5.550000
vertex -5.925000 8.825000 5.550000
vertex 0.000000 7.250000 5.550000
endloop
endfacet
facet normal 0 0 1
outer loop
vertex -5.925000 8.825000 5.550000
vertex -6.209249 8.811036 5.550000
vertex -0.710624 7.215089 5.550000
endloop
endfacet
facet normal 0 0 1
outer loop
vertex -5.925000 8.825000 5.550000
vertex -0.710624 7.215089 5.550000
vertex 0.000000 7.250000 5.550000
endloop
endfacet
facet normal 0 0 1
outer loop
vertex -6.209249 8.811036 5.550000
vertex -6.490762 8.769278 5.550000
vertex -1.414405 7.110693 5.550000
endloop
endfacet
facet normal 0 0 1
outer loop
vertex -6.209249 8.811036 5.550000
vertex -1.414405 7.110693 5.550000
vertex -0.710624 7.215089 5.550000
endloop
endfacet
facet normal 0 0 1
outer loop
vertex -6.490762 8.769278 5.550000
vertex -6.766826 8.700127 5.550000
vertex -2.104564 6.937818 5.550000
endloop
endfacet
facet normal 0 0 1
outer loop
vertex -6.490762 8.769278 5.550000
vertex -2.104564 6.937818 5.550000
vertex -1.414405 7.110693 5.550000
endloop
endfacet
facet normal 0 0 1
outer loop
vertex -6.766826 8.700127 5.550000
vertex -7.034782 8.604251 5.550000
vertex -2.774455 6.698127 5.550000
endloop
endfacet
facet normal 0 0 1
outer loop
vertex -6.766826 8.700127 5.550000
vertex -2.774455 6.698127 5.550000
vertex -2.104564 6.937818 5.550000
endloop
endfacet
facet normal 0 0 1
outer loop
vertex -7.034782 8.604251 5.550000
vertex -7.292050 8.482572 5.550000
vertex -3.417626 6.393929 5.550000
endloop
endfacet
facet normal 0 0 1
outer loop
vertex -7.034782 8.604251 5.550000
vertex -3.417626 6.393929 5.550000
vertex -2.774455 6.698127 5.550000
endloop
endfacet
facet normal 0 0 1
outer loop
vertex -7.292050 8.482572 5.550000
vertex -7.536154 8.336262 5.550000
vertex -4.027884 6.028155 5.550000
endloop
endfacet
facet normal 0 0 1
outer loop
vertex -7.292050 8.482572 5.550000
vertex -4.027884 6.028155 5.550000
vertex -3.417626 6.393929 5.550000
endloop
endfacet
facet normal 0 0 1
outer loop
vertex -7.536154 8.336262 5.550000
vertex -7.764740 8.166730 5.550000
vertex -4.599351 5.604326 5.550000
endloop
endfacet
facet normal 0 0 1
outer loop
vertex -7.536154 8.336262 5.550000
vertex -4.599351 5.604326 5.550000
vertex -4.027884 6.028155 5.550000
endloop
endfacet
facet normal 0 0 1
outer loop
vertex -7.764740 8.166730 5.550000
vertex -7.975610 7.975610 5.550000
vertex -5.126524 5.126524 5.550000
endloop
endfacet
facet normal 0 0 1
outer loop
vertex -7.764740 8.166730 5.550000
vertex -5.126524 5.126524 5.550000
vertex -4.599351 5.604326 5.550000
endloop
endfacet
facet normal 0 0 1
outer loop
vertex -7.975610 7.975610 5.550000
vertex -8.166730 7.764740 5.550000
vertex -5.604326 4.599351 5.550000
endloop
endfacet
facet normal 0 0 1
outer loop
vertex -7.975610 7.975610 5.550000
vertex -5.604326 4.599351 5.550000
vertex -5.126524 5.126524 5.550000
endloop
endfacet
facet normal 0 0 1
outer loop
vertex -8.166730 7.764740 5.550000
vertex -8.336262 7.536154 5.550000
vertex -6.028155 4.027884 5.550000
endloop
endfacet
facet normal 0 0 1
outer loop
vertex -8.166730 7.764740 5.550000
vertex -6.028155 4.027884 5.550000
vertex -5.604326 4.599351 5.550000
endloop
endfacet
facet normal 0 0 1
outer loop
vertex -8.336262 7.536154 5.550000
vertex -8.482572 7.292050 5.550000
vertex -6.393929 3.417626 5.550000
endloop
endfacet
facet normal 0 0 1
outer loop
vertex -8.336262 7.536154 5.550000
vertex -6.393929 3.417626 5.550000
vertex -6.028155 4.027884 5.550000
endloop
endfacet
facet normal 0 0 1
outer loop
vertex -8.482572 7.292050 5.550000
vertex -8.604251 7.034782 5.550000
vertex -6.698127 2.774455 5.550000
endloop
endfacet
facet normal 0 0 1
outer loop
vertex -8.482572 7.292050 5.550000
vertex -6.698127 2.774455 5.550000
vertex -6.393929 3.417626 5.550000
endloop
endfacet
facet normal 0 0 1
outer loop
vertex -8.604251 7.034782 5.550000
vertex -8.700127 6.766826 5.550000
vertex -6.937818 2.104564 5.550000
endloop
endfacet
facet normal 0 0 1
outer loop
vertex -8.604251 7.034782 5.550000
vertex -6.937818 2.104564 5.550000
vertex -6.698127 2.774455 5.550000
endloop
endfacet
facet normal 0 0 1
outer loop
vertex -8.700127 6.766826 5.550000
vertex -8.769278 6.490762 5.550000
vertex -7.110693 1.414405 5.550000
endloop
endfacet
facet normal 0 0 1
outer loop
vertex -8.700127 6.766826 5.550000
vertex -7.110693 1.414405 5.550000
vertex -6.937818 2.104564 5.550000
endloop
endfacet
facet normal 0 0 1
outer loop
vertex -8.769278 6.490762 5.550000
vertex -8.811036 6.209249 5.550000
vertex -7.215089 0.710624 5.550000
endloop
endfacet
facet normal 0 0 1
outer loop
vertex -8.769278 6.490762 5.550000
vertex -7.215089 0.710624 5.550000
vertex -7.110693 1.414405 5.550000
endloop
endfacet
facet normal 0 0 1
outer loop
vertex -8.811036 6.209249 5.550000
vertex -8.825000 5.925000 5.550000
vertex -7.250000 0.000000 5.550000
endloop
endfacet
facet normal 0 0 1
outer loop
vertex -8.811036 6.209249 5.550000
vertex -7.250000 0.000000 5.550000
vertex -7.215089 0.710624 5.550000
endloop
endfacet
facet normal 0 0 1
outer loop
vertex -8.825000 5.925000 5.550000
vertex -8.825000 -5.925000 5.550000
vertex -7.250000 0.000000 5.550000
endloop
endfacet
facet normal -0 0 1
outer loop
vertex -8.825000 -5.925000 5.550000
vertex -8.811036 -6.209249 5.550000
vertex -7.215089 -0.710624 5.550000
endloop
endfacet
facet normal 0 0 1
outer loop
vertex -8.825000 -5.925000 5.550000
vertex -7.215089 -0.710624 5.550000
vertex -7.250000 0.000000 5.550000
endloop
endfacet
facet normal -0 0 1
outer loop
vertex -8.811036 -6.209249 5.550000
vertex -8.769278 -6.490762 5.550000
vertex -7.110693 -1.414405 5.550000
endloop
endfacet
facet normal 0 0 1
outer loop
vertex -8.811036 -6.209249 5.550000
vertex -7.110693 -1.414405 5.550000
vertex -7.215089 -0.710624 5.550000
endloop
endfacet
facet normal -0 0 1
outer loop
vertex -8.769278 -6.490762 5.550000
vertex -8.700127 -6.766826 5.550000
vertex -6.937818 -2.104564 5.550000
endloop
endfacet
facet normal 0 0 1
outer loop
vertex -8.769278 -6.490762 5.550000
vertex -6.937818 -2.104564 5.550000
vertex -7.110693 -1.414405 5.550000
endloop
endfacet
facet normal -0 0 1
outer loop
vertex -8.700127 -6.766826 5.550000
vertex -8.604251 -7.034782 5.550000
vertex -6.698127 -2.774455 5.550000
endloop
endfacet
facet normal 0 0 1
outer loop
vertex -8.700127 -6.766826 5.550000
vertex -6.698127 -2.774455 5.550000
vertex -6.937818 -2.104564 5.550000
endloop
endfacet
facet normal -0 0 1
outer loop
vertex -8.604251 -7.034782 5.550000
vertex -8.482572 -7.292050 5.550000
vertex -6.393929 -3.417626 5.550000
endloop
endfacet
facet normal 0 0 1
outer loop
vertex -8.604251 -7.034782 5.550000
vertex -6.393929 -3.417626 5.550000
vertex -6.698127 -2.774455 5.550000
endloop
endfacet
facet normal -0 0 1
outer loop
vertex -8.482572 -7.292050 5.550000
vertex -8.336262 -7.536154 5.550000
vertex -6.028155 -4.027884 5.550000
endloop
endfacet
facet normal 0 0 1
outer loop
vertex -8.482572 -7.292050 5.550000
vertex -6.028155 -4.027884 5.550000
vertex -6.393929 -3.417626 5.550000
endloop
endfacet
facet normal -0 0 1
outer loop
vertex -8.336262 -7.536154 5.550000
vertex -8.166730 -7.764740 5.550000
vertex -5.604326 -4.599351 5.550000
endloop
endfacet
facet normal 0 0 1
outer loop
vertex -8.336262 -7.536154 5.550000
vertex -5.604326 -4.599351 5.550000
vertex -6.028155 -4.027884 5.550000
endloop
endfacet
facet normal -0 0 1
outer loop
vertex -8.166730 -7.764740 5.550000
vertex -7.975610 -7.975610 5.550000
vertex -5.126524 -5.126524 5.550000
endloop
endfacet
facet normal 0 0 1
outer loop
vertex -8.166730 -7.764740 5.550000
vertex -5.126524 -5.126524 5.550000
vertex -5.604326 -4.599351 5.550000
endloop
endfacet
facet normal -0 0 1
outer loop
vertex -7.975610 -7.975610 5.550000
vertex -7.764740 -8.166730 5.550000
vertex -4.599351 -5.604326 5.550000
endloop
endfacet
facet normal 0 0 1
outer loop
vertex -7.975610 -7.975610 5.550000
vertex -4.599351 -5.604326 5.550000
vertex -5.126524 -5.126524 5.550000
endloop
endfacet
facet normal -0 0 1
outer loop
vertex -7.764740 -8.166730 5.550000
vertex -7.536154 -8.336262 5.550000
vertex -4.027884 -6.028155 5.550000
endloop
endfacet
facet normal 0 0 1
outer loop
vertex -7.764740 -8.166730 5.550000
vertex -4.027884 -6.028155 5.550000
vertex -4.599351 -5.604326 5.550000
endloop
endfacet
facet normal -0 0 1
outer loop
vertex -7.536154 -8.336262 5.550000
vertex -7.292050 -8.482572 5.550000
vertex -3.417626 -6.393929 5.550000
endloop
endfacet
facet normal 0 0 1
outer loop
vertex -7.536154 -8.336262 5.550000
vertex -3.417626 -6.393929 5.550000
vertex -4.027884 -6.028155 5.550000
endloop
endfacet
facet normal -0 0 1
outer loop
vertex -7.292050 -8.482572 5.550000
vertex -7.034782 -8.604251 5.550000
vertex -2.774455 -6.698127 5.550000
endloop
endfacet
facet normal 0 0 1
outer loop
vertex -7.292050 -8.482572 5.550000
vertex -2.774455 -6.698127 5.550000
vertex -3.417626 -6.393929 5.550000
endloop
endfacet
facet normal -0 0 1
outer loop
vertex -7.034782 -8.604251 5.550000
vertex -6.766826 -8.700127 5.550000
vertex -2.104564 -6.937818 5.550000
endloop
endfacet
facet normal 0 0 1
outer loop
vertex -7.034782 -8.604251 5.550000
vertex -2.104564 -6.937818 5.550000
vertex -2.774455 -6.698127 5.550000
endloop
endfacet
facet normal -0 0 1
outer loop
vertex -6.766826 -8.700127 5.550000
vertex -6.490762 -8.769278 5.550000
vertex -1.414405 -7.110693 5.550000
endloop
endfacet
facet normal 0 0 1
outer loop
vertex -6.766826 -8.700127 5.550000
vertex -1.414405 -7.110693 5.550000
vertex -2.104564 -6.937818 5.550000
endloop
endfacet
facet normal -0 0 1
outer loop
vertex -6.490762 -8.769278 5.550000
vertex -6.209249 -8.811036 5.550000
vertex -0.710624 -7.215089 5.550000
endloop
endfacet
facet normal 0 0 1
outer loop
vertex -6.490762 -8.769278 5.550000
vertex -0.710624 -7.215089 5.550000
vertex -1.414405 -7.110693 5.550000
endloop
endfacet
facet normal -0 0 1
outer loop
vertex -6.209249 -8.811036 5.550000
vertex -5.925000 -8.825000 5.550000
vertex -0.000000 -7.250000 5.550000
endloop
endfacet
facet normal 0 0 1
outer loop
vertex -6.209249 -8.811036 5.550000
vertex -0.000000 -7.250000 5.550000
vertex -0.710624 -7.215089 5.550000
endloop
endfacet
facet normal 0 0 1
outer loop
vertex -5.925000 -8.825000 5.550000
vertex 5.925000 -8.825000 5.550000
vertex -0.000000 -7.250000 5.550000
endloop
endfacet
facet normal 0 -0 1
outer loop
vertex 5.925000 -8.825000 5.550000
vertex 6.209249 -8.811036 5.550000
vertex 0.710624 -7.215089 5.550000
endloop
endfacet
facet normal 0 0 1
outer loop
vertex 5.925000 -8.825000 5.550000
vertex 0.710624 -7.215089 5.550000
vertex -0.000000 -7.250000 5.550000
endloop
endfacet
facet normal 0 -0 1
outer loop
vertex 6.209249 -8.811036 5.550000
vertex 6.490762 -8.769278 5.550000
vertex 1.414405 -7.110693 5.550000
endloop
endfacet
facet normal 0 0 1
outer loop
vertex 6.209249 -8.811036 5.550000
vertex 1.414405 -7.110693 5.550000
vertex 0.710624 -7.215089 5.550000
endloop
endfacet
facet normal 0 -0 1
outer loop
vertex 6.490762 -8.769278 5.550000
vertex 6.766826 -8.700127 5.550000
vertex 2.104564 -6.937818 5.550000
endloop
endfacet
facet normal 0 0 1
outer loop
vertex 6.490762 -8.769278 5.550000
vertex 2.104564 -6.937818 5.550000
vertex 1.414405 -7.110693 5.550000
endloop
endfacet
facet normal 0 -0 1
outer loop
vertex 6.766826 -8.700127 5.550000
vertex 7.034782 -8.604251 5.550000
vertex 2.774455 -6.698127 5.550000
endloop
endfacet
facet normal 0 0 1
outer loop
vertex 6.766826 -8.700127 5.550000
vertex 2.774455 -6.698127 5.550000
vertex 2.104564 -6.937818 5.550000
endloop
endfacet
facet normal 0 -0 1
outer loop
vertex 7.034782 -8.604251 5.550000
vertex 7.292050 -8.482572 5.550000
vertex 3.417626 -6.393929 5.550000
endloop
endfacet
facet normal 0 0 1
outer loop
vertex 7.034782 -8.604251 5.550000
vertex 3.417626 -6.393929 5.550000
vertex 2.774455 -6.698127 5.550000
endloop
endfacet
facet normal 0 -0 1
outer loop
vertex 7.292050 -8.482572 5.550000
vertex 7.536154 -8.336262 5.550000
vertex 4.027884 -6.028155 5.550000
endloop
endfacet
facet normal 0 0 1
outer loop
vertex 7.292050 -8.482572 5.550000
vertex 4.027884 -6.028155 5.550000
vertex 3.417626 -6.393929 5.550000
endloop
endfacet
facet normal 0 -0 1
outer loop
vertex 7.536154 -8.336262 5.550000
vertex 7.764740 -8.166730 5.550000
vertex 4.599351 -5.604326 5.550000
endloop
endfacet
facet normal 0 0 1
outer loop
vertex 7.536154 -8.336262 5.550000
vertex 4.599351 -5.604326 5.550000
vertex 4.027884 -6.028155 5.550000
endloop
endfacet
facet normal 0 -0 1
outer loop
vertex 7.764740 -8.166730 5.550000
vertex 7.975610 -7.975610 5.550000
vertex 5.126524 -5.126524 5.550000
endloop
endfacet
facet normal 0 0 1
outer loop
vertex 7.764740 -8.166730 5.550000
vertex 5.126524 -5.126524 5.550000
vertex 4.599351 -5.604326 5.550000
endloop
endfacet
facet normal 0 -0 1
outer loop
vertex 7.975610 -7.975610 5.550000
vertex 8.166730 -7.764740 5.550000
vertex 5.604326 -4.599351 5.550000
endloop
endfacet
facet normal 0 0 1
outer loop
vertex 7.975610 -7.975610 5.550000
vertex 5.604326 -4.599351 5.550000
vertex 5.126524 -5.126524 5.550000
endloop
endfacet
facet normal 0 -0 1
outer loop
vertex 8.166730 -7.764740 5.550000
vertex 8.336262 -7.536154 5.550000
vertex 6.028155 -4.027884 5.550000
endloop
endfacet
facet normal 0 0 1
outer loop
vertex 8.166730 -7.764740 5.550000
vertex 6.028155 -4.027884 5.550000
vertex 5.604326 -4.599351 5.550000
endloop
endfacet
facet normal 0 -0 1
outer loop
vertex 8.336262 -7.536154 5.550000
vertex 8.482572 -7.292050 5.550000
vertex 6.393929 -3.417626 5.550000
endloop
endfacet
facet normal 0 0 1
outer loop
vertex 8.336262 -7.536154 5.550000
vertex 6.393929 -3.417626 5.550000
vertex 6.028155 -4.027884 5.550000
endloop
endfacet
facet normal 0 -0 1
outer loop
vertex 8.482572 -7.292050 5.550000
vertex 8.604251 -7.034782 5.550000
vertex 6.698127 -2.774455 5.550000
endloop
endfacet
facet normal 0 0 1
outer loop
vertex 8.482572 -7.292050 5.550000
vertex 6.698127 -2.774455 5.550000
vertex 6.393929 -3.417626 5.550000
endloop
endfacet
facet normal 0 -0 1
outer loop
vertex 8.604251 -7.034782 5.550000
vertex 8.700127 -6.766826 5.550000
vertex 6.937818 -2.104564 5.550000
endloop
endfacet
facet normal 0 0 1
outer loop
vertex 8.604251 -7.034782 5.550000
vertex 6.937818 -2.104564 5.550000
vertex 6.698127 -2.774455 5.550000
endloop
endfacet
facet normal 0 -0 1
outer loop
vertex 8.700127 -6.766826 5.550000
vertex 8.769278 -6.490762 5.550000
vertex 7.110693 -1.414405 5.550000
endloop
endfacet
facet normal 0 0 1
outer loop
vertex 8.700127 -6.766826 5.550000
vertex 7.110693 -1.414405 5.550000
vertex 6.937818 -2.104564 5.550000
endloop
endfacet
facet normal 0 -0 1
outer loop
vertex 8.769278 -6.490762 5.550000
vertex 8.811036 -6.209249 5.550000
vertex 7.215089 -0.710624 5.550000
endloop
endfacet
facet normal 0 0 1
outer loop
vertex 8.769278 -6.490762 5.550000
vertex 7.215089 -0.710624 5.550000
vertex 7.110693 -1.414405 5.550000
endloop
endfacet
facet normal 0 -0 1
outer loop
vertex 8.811036 -6.209249 5.550000
vertex 8.825000 -5.925000 5.550000
vertex 7.250000 0.000000 5.550000
endloop
endfacet
facet normal 0 0 1
outer loop
vertex 8.811036 -6.209249 5.550000
vertex 7.250000 0.000000 5.550000
vertex 7.215089 -0.710624 5.550000
endloop
endfacet
facet normal 0 -0 1
outer loop
vertex 8.825000 -5.925000 5.550000
vertex 8.825000 5.925000 5.550000
vertex 7.250000 0.000000 5.550000
endloop
endfacet
facet normal -0.0570495 -0.00280266 0.998367
outer loop
vertex 7.250000 0.000000 5.550000
vertex 7.215089 0.710624 5.550000
vertex 6.866775 0.676318 5.530000
endloop
endfacet
facet normal -0.0570495 -0.00280268 0.998367
outer loop
vertex 7.250000 0.000000 5.550000
vertex 6.866775 0.676318 5.530000
vertex 6.900000 -0.000000 5.530000
endloop
endfacet
facet normal -0.0565001 -0.00838098 0.998367
outer loop
vertex 7.215089 0.710624 5.550000
vertex 7.110693 1.414405 5.550000
vertex 6.767418 1.346123 5.530000
endloop
endfacet
facet normal -0.0565001 -0.00838099 0.998367
outer loop
vertex 7.215089 0.710624 5.550000
vertex 6.767418 1.346123 5.530000
vertex 6.866775 0.676318 5.530000
endloop
endfacet
facet normal -0.0554065 -0.0138786 0.998367
outer loop
vertex 7.110693 1.414405 5.550000
vertex 6.937818 2.104564 5.550000
vertex 6.602888 2.002964 5.530000
endloop
endfacet
facet normal -0.0554065 -0.0138786 0.998367
outer loop
vertex 7.110693 1.414405 5.550000
vertex 6.602888 2.002964 5.530000
vertex 6.767418 1.346123 5.530000
endloop
endfacet
facet normal -0.0537794 -0.0192426 0.998367
outer loop
vertex 6.937818 2.104564 5.550000
vertex 6.698127 2.774455 5.550000
vertex 6.374769 2.640516 5.530000
endloop
endfacet
facet normal -0.0537794 -0.0192425 0.998367
outer loop
vertex 6.937818 2.104564 5.550000
vertex 6.374769 2.640516 5.530000
vertex 6.602888 2.002964 5.530000
endloop
endfacet
facet normal -0.0516343 -0.0244212 0.998367
outer loop
vertex 6.698127 2.774455 5.550000
vertex 6.393929 3.417626 5.550000
vertex 6.085257 3.252637 5.530000
endloop
endfacet
facet normal -0.0516343 -0.0244212 0.998367
outer loop
vertex 6.698127 2.774455 5.550000
vertex 6.085257 3.252637 5.530000
vertex 6.374769 2.640516 5.530000
endloop
endfacet
facet normal -0.048992 -0.0293647 0.998367
outer loop
vertex 6.393929 3.417626 5.550000
vertex 6.028155 4.027884 5.550000
vertex 5.737140 3.833435 5.530000
endloop
endfacet
facet normal -0.048992 -0.0293647 0.998367
outer loop
vertex 6.393929 3.417626 5.550000
vertex 5.737140 3.833435 5.530000
vertex 6.085257 3.252637 5.530000
endloop
endfacet
facet normal -0.0458779 -0.0340253 0.998367
outer loop
vertex 6.028155 4.027884 5.550000
vertex 5.604326 4.599351 5.550000
vertex 5.333772 4.377314 5.530000
endloop
endfacet
facet normal -0.0458778 -0.0340253 0.998367
outer loop
vertex 6.028155 4.027884 5.550000
vertex 5.333772 4.377314 5.530000
vertex 5.737140 3.833435 5.530000
endloop
endfacet
facet normal -0.0423219 -0.0383584 0.998367
outer loop
vertex 5.604326 4.599351 5.550000
vertex 5.126524 5.126524 5.550000
vertex 4.879037 4.879037 5.530000
endloop
endfacet
facet normal -0.0423219 -0.0383583 0.998367
outer loop
vertex 5.604326 4.599351 5.550000
vertex 4.879037 4.879037 5.530000
vertex 5.333772 4.377314 5.530000
endloop
endfacet
facet normal -0.0383583 -0.0423219 0.998367
outer loop
vertex 5.126524 5.126524 5.550000
vertex 4.599351 5.604326 5.550000
vertex 4.377314 5.333772 5.530000
endloop
endfacet
facet normal -0.0383583 -0.0423219 0.998367
outer loop
vertex 5.126524 5.126524 5.550000
vertex 4.377314 5.333772 5.530000
vertex 4.879037 4.879037 5.530000
endloop
endfacet
facet normal -0.0340253 -0.0458778 0.998367
outer loop
vertex 4.599351 5.604326 5.550000
vertex 4.027884 6.028155 5.550000
vertex 3.833435 5.737140 5.530000
endloop
endfacet
facet normal -0.0340253 -0.0458779 0.998367
outer loop
vertex 4.599351 5.604326 5.550000
vertex 3.833435 5.737140 5.530000
vertex 4.377314 5.333772 5.530000
endloop
endfacet
facet normal -0.0293647 -0.048992 0.998367
outer loop
vertex 4.027884 6.028155 5.550000
vertex 3.417626 6.393929 5.550000
vertex 3.252637 6.085257 5.530000
endloop
endfacet
facet normal -0.0293647 -0.048992 0.998367
outer loop
vertex 4.027884 6.028155 5.550000
vertex 3.252637 6.085257 5.530000
vertex 3.833435 5.737140 5.530000
endloop
endfacet
facet normal -0.0244212 -0.0516343 0.998367
outer loop
vertex 3.417626 6.393929 5.550000
vertex 2.774455 6.698127 5.550000
vertex 2.640516 6.374769 5.530000
endloop
endfacet
facet normal -0.0244212 -0.0516343 0.998367
outer loop
vertex 3.417626 6.393929 5.550000
vertex 2.640516 6.374769 5.530000
vertex 3.252637 6.085257 5.530000
endloop
endfacet
facet normal -0.0192426 -0.0537794 0.998367
outer loop
vertex 2.774455 6.698127 5.550000
vertex 2.104564 6.937818 5.550000
vertex 2.002964 6.602888 5.530000
endloop
endfacet
facet normal -0.0192426 -0.0537794 0.998367
outer loop
vertex 2.774455 6.698127 5.550000
vertex 2.002964 6.602888 5.530000
vertex 2.640516 6.374769 5.530000
endloop
endfacet
facet normal -0.0138786 -0.0554065 0.998367
outer loop
vertex 2.104564 6.937818 5.550000
vertex 1.414405 7.110693 5.550000
vertex 1.346123 6.767418 5.530000
endloop
endfacet
facet normal -0.0138786 -0.0554065 0.998367
outer loop
vertex 2.104564 6.937818 5.550000
vertex 1.346123 6.767418 5.530000
vertex 2.002964 6.602888 5.530000
endloop
endfacet
facet normal -0.00838099 -0.0565001 0.998367
outer loop
vertex 1.414405 7.110693 5.550000
vertex 0.710624 7.215089 5.550000
vertex 0.676318 6.866775 5.530000
endloop
endfacet
facet normal -0.00838099 -0.0565001 0.998367
outer loop
vertex 1.414405 7.110693 5.550000
vertex 0.676318 6.866775 5.530000
vertex 1.346123 6.767418 5.530000
endloop
endfacet
facet normal -0.00280266 -0.0570495 0.998367
outer loop
vertex 0.710624 7.215089 5.550000
vertex 0.000000 7.250000 5.550000
vertex 0.000000 6.900000 5.530000
endloop
endfacet
facet normal -0.00280268 -0.0570495 0.998367
outer loop
vertex 0.710624 7.215089 5.550000
vertex 0.000000 6.900000 5.530000
vertex 0.676318 6.866775 5.530000
endloop
endfacet
facet normal 0.00280266 -0.0570495 0.998367
outer loop
vertex 0.000000 7.250000 5.550000
vertex -0.710624 7.215089 5.550000
vertex -0.676318 6.866775 5.530000
endloop
endfacet
facet normal 0.00280268 -0.0570495 0.998367
outer loop
vertex 0.000000 7.250000 5.550000
vertex -0.676318 6.866775 5.530000
vertex 0.000000 6.900000 5.530000
endloop
endfacet
facet normal 0.00838098 -0.0565001 0.998367
outer loop
vertex -0.710624 7.215089 5.550000
vertex -1.414405 7.110693 5.550000
vertex -1.346123 6.767418 5.530000
endloop
endfacet
facet normal 0.00838099 -0.0565001 0.998367
outer loop
vertex -0.710624 7.215089 5.550000
vertex -1.346123 6.767418 5.530000
vertex -0.676318 6.866775 5.530000
endloop
endfacet
facet normal 0.0138786 -0.0554065 0.998367
outer loop
vertex -1.414405 7.110693 5.550000
vertex -2.104564 6.937818 5.550000
vertex -2.002964 6.602888 5.530000
endloop
endfacet
facet normal 0.0138786 -0.0554065 0.998367
outer loop
vertex -1.414405 7.110693 5.550000
vertex -2.002964 6.602888 5.530000
vertex -1.346123 6.767418 5.530000
endloop
endfacet
facet normal 0.0192426 -0.0537794 0.998367
outer loop
vertex -2.104564 6.937818 5.550000
vertex -2.774455 6.698127 5.550000
vertex -2.640516 6.374769 5.530000
endloop
endfacet
facet normal 0.0192425 -0.0537794 0.998367
outer loop
vertex -2.104564 6.937818 5.550000
vertex -2.640516 6.374769 5.530000
vertex -2.002964 6.602888 5.530000
endloop
endfacet
facet normal 0.0244212 -0.0516343 0.998367
outer loop
vertex -2.774455 6.698127 5.550000
vertex -3.417626 6.393929 5.550000
vertex -3.252637 6.085257 5.530000
endloop
endfacet
facet normal 0.0244212 -0.0516343 0.998367
outer loop
vertex -2.774455 6.698127 5.550000
vertex -3.252637 6.085257 5.530000
vertex -2.640516 6.374769 5.530000
endloop
endfacet
facet normal 0.0293647 -0.048992 0.998367
outer loop
vertex -3.417626 6.393929 5.550000
vertex -4.027884 6.028155 5.550000
vertex -3.833435 5.737140 5.530000
endloop
endfacet
facet normal 0.0293647 -0.048992 0.998367
outer loop
vertex -3.417626 6.393929 5.550000
vertex -3.833435 5.737140 5.530000
vertex -3.252637 6.085257 5.530000
endloop
endfacet
facet normal 0.0340253 -0.0458779 0.998367
outer loop
vertex -4.027884 6.028155 5.550000
vertex -4.599351 5.604326 5.550000
vertex -4.377314 5.333772 5.530000
endloop
endfacet
facet normal 0.0340253 -0.0458778 0.998367
outer loop
vertex -4.027884 6.028155 5.550000
vertex -4.377314 5.333772 5.530000
vertex -3.833435 5.737140 5.530000
endloop
endfacet
facet normal 0.0383584 -0.0423219 0.998367
outer loop
vertex -4.599351 5.604326 5.550000
vertex -5.126524 5.126524 5.550000
vertex -4.879037 4.879037 5.530000
endloop
endfacet
facet normal 0.0383583 -0.0423219 0.998367
outer loop
vertex -4.599351 5.604326 5.550000
vertex -4.879037 4.879037 5.530000
vertex -4.377314 5.333772 5.530000
endloop
endfacet
facet normal 0.0423219 -0.0383583 0.998367
outer loop
vertex -5.126524 5.126524 5.550000
vertex -5.604326 4.599351 5.550000
vertex -5.333772 4.377314 5.530000
endloop
endfacet
facet normal 0.0423219 -0.0383583 0.998367
outer loop
vertex -5.126524 5.126524 5.550000
vertex -5.333772 4.377314 5.530000
vertex -4.879037 4.879037 5.530000
endloop
endfacet
facet normal 0.0458778 -0.0340253 0.998367
outer loop
vertex -5.604326 4.599351 5.550000
vertex -6.028155 4.027884 5.550000
vertex -5.737140 3.833435 5.530000
endloop
endfacet
facet normal 0.0458779 -0.0340253 0.998367
outer loop
vertex -5.604326 4.599351 5.550000
vertex -5.737140 3.833435 5.530000
vertex -5.333772 4.377314 5.530000
endloop
endfacet
facet normal 0.048992 -0.0293647 0.998367
outer loop
vertex -6.028155 4.027884 5.550000
vertex -6.393929 3.417626 5.550000
vertex -6.085257 3.252637 5.530000
endloop
endfacet
facet normal 0.048992 -0.0293647 0.998367
outer loop
vertex -6.028155 4.027884 5.550000
vertex -6.085257 3.252637 5.530000
vertex -5.737140 3.833435 5.530000
endloop
endfacet
facet normal 0.0516343 -0.0244212 0.998367
outer loop
vertex -6.393929 3.417626 5.550000
vertex -6.698127 2.774455 5.550000
vertex -6.374769 2.640516 5.530000
endloop
endfacet
facet normal 0.0516343 -0.0244212 0.998367
outer loop
vertex -6.393929 3.417626 5.550000
vertex -6.374769 2.640516 5.530000
vertex -6.085257 3.252637 5.530000
endloop
endfacet
facet normal 0.0537794 -0.0192426 0.998367
outer loop
vertex -6.698127 2.774455 5.550000
vertex -6.937818 2.104564 5.550000
vertex -6.602888 2.002964 5.530000
endloop
endfacet
facet normal 0.0537794 -0.0192426 0.998367
outer loop
vertex -6.698127 2.774455 5.550000
vertex -6.602888 2.002964 5.530000
vertex -6.374769 2.640516 5.530000
endloop
endfacet
facet normal 0.0554065 -0.0138786 0.998367
outer loop
vertex -6.937818 2.104564 5.550000
vertex -7.110693 1.414405 5.550000
vertex -6.767418 1.346123 5.530000
endloop
endfacet
facet normal 0.0554065 -0.0138786 0.998367
outer loop
vertex -6.937818 2.104564 5.550000
vertex -6.767418 1.346123 5.530000
vertex -6.602888 2.002964 5.530000
endloop
endfacet
facet normal 0.0565001 -0.00838099 0.998367
outer loop
vertex -7.110693 1.414405 5.550000
vertex -7.215089 0.710624 5.550000
vertex -6.866775 0.676318 5.530000
endloop
endfacet
facet normal 0.0565001 -0.00838099 0.998367
outer loop
vertex -7.110693 1.414405 5.550000
vertex -6.866775 0.676318 5.530000
vertex -6.767418 1.346123 5.530000
endloop
endfacet
facet normal 0.0570495 -0.00280266 0.998367
outer loop
vertex -7.215089 0.710624 5.550000
vertex -7.250000 0.000000 5.550000
vertex -6.900000 0.000000 5.530000
endloop
endfacet
facet normal 0.0570495 -0.00280268 0.998367
outer loop
vertex -7.215089 0.710624 5.550000
vertex -6.900000 0.000000 5.530000
vertex -6.866775 0.676318 5.530000
endloop
endfacet
facet normal 0.0570495 0.00280266 0.998367
outer loop
vertex -7.250000 0.000000 5.550000
vertex -7.215089 -0.710624 5.550000
vertex -6.866775 -0.676318 5.530000
endloop
endfacet
facet normal 0.0570495 0.00280268 0.998367
outer loop
vertex -7.250000 0.000000 5.550000
vertex -6.866775 -0.676318 5.530000
vertex -6.900000 0.000000 5.530000
endloop
endfacet
facet normal 0.0565001 0.00838098 0.998367
outer loop
vertex -7.215089 -0.710624 5.550000
vertex -7.110693 -1.414405 5.550000
vertex -6.767418 -1.346123 5.530000
endloop
endfacet
facet normal 0.0565001 0.00838099 0.998367
outer loop
vertex -7.215089 -0.710624 5.550000
vertex -6.767418 -1.346123 5.530000
vertex -6.866775 -0.676318 5.530000
endloop
endfacet
facet normal 0.0554065 0.0138786 0.998367
outer loop
vertex -7.110693 -1.414405 5.550000
vertex -6.937818 -2.104564 5.550000
vertex -6.602888 -2.002964 5.530000
endloop
endfacet
facet normal 0.0554065 0.0138786 0.998367
outer loop
vertex -7.110693 -1.414405 5.550000
vertex -6.602888 -2.002964 5.530000
vertex -6.767418 -1.346123 5.530000
endloop
endfacet
facet normal 0.0537794 0.0192426 0.998367
outer loop
vertex -6.937818 -2.104564 5.550000
vertex -6.698127 -2.774455 5.550000
vertex -6.374769 -2.640516 5.530000
endloop
endfacet
facet normal 0.0537794 0.0192425 0.998367
outer loop
vertex -6.937818 -2.104564 5.550000
vertex -6.374769 -2.640516 5.530000
vertex -6.602888 -2.002964 5.530000
endloop
endfacet
facet normal 0.0516343 0.0244212 0.998367
outer loop
vertex -6.698127 -2.774455 5.550000
vertex -6.393929 -3.417626 5.550000
vertex -6.085257 -3.252637 5.530000
endloop
endfacet
facet normal 0.0516343 0.0244212 0.998367
outer loop
vertex -6.698127 -2.774455 5.550000
vertex -6.085257 -3.252637 5.530000
vertex -6.374769 -2.640516 5.530000
endloop
endfacet
facet normal 0.048992 0.0293647 0.998367
outer loop
vertex -6.393929 -3.417626 5.550000
vertex -6.028155 -4.027884 5.550000
vertex -5.737140 -3.833435 5.530000
endloop
endfacet
facet normal 0.048992 0.0293647 0.998367
outer loop
vertex -6.393929 -3.417626 5.550000
vertex -5.737140 -3.833435 5.530000
vertex -6.085257 -3.252637 5.530000
endloop
endfacet
facet normal 0.0458779 0.0340253 0.998367
outer loop
vertex -6.028155 -4.027884 5.550000
vertex -5.604326 -4.599351 5.550000
vertex -5.333772 -4.377314 5.530000
endloop
endfacet
facet normal 0.0458778 0.0340253 0.998367
outer loop
vertex -6.028155 -4.027884 5.550000
vertex -5.333772 -4.377314 5.530000
vertex -5.737140 -3.833435 5.530000
endloop
endfacet
facet normal 0.0423219 0.0383584 0.998367
outer loop
vertex -5.604326 -4.599351 5.550000
vertex -5.126524 -5.126524 5.550000
vertex -4.879037 -4.879037 5.530000
endloop
endfacet
facet normal 0.0423219 0.0383583 0.998367
outer loop
vertex -5.604326 -4.599351 5.550000
vertex -4.879037 -4.879037 5.530000
vertex -5.333772 -4.377314 5.530000
endloop
endfacet
facet normal 0.0383583 0.0423219 0.998367
outer loop
vertex -5.126524 -5.126524 5.550000
vertex -4.599351 -5.604326 5.550000
vertex -4.377314 -5.333772 5.530000
endloop
endfacet
facet normal 0.0383583 0.0423219 0.998367
outer loop
vertex -5.126524 -5.126524 5.550000
vertex -4.377314 -5.333772 5.530000
vertex -4.879037 -4.879037 5.530000
endloop
endfacet
facet normal 0.0340253 0.0458778 0.998367
outer loop
vertex -4.599351 -5.604326 5.550000
vertex -4.027884 -6.028155 5.550000
vertex -3.833435 -5.737140 5.530000
endloop
endfacet
facet normal 0.0340253 0.0458779 0.998367
outer loop
vertex -4.599351 -5.604326 5.550000
vertex -3.833435 -5.737140 5.530000
vertex -4.377314 -5.333772 5.530000
endloop
endfacet
facet normal 0.0293647 0.048992 0.998367
outer loop
vertex -4.027884 -6.028155 5.550000
vertex -3.417626 -6.393929 5.550000
vertex -3.252637 -6.085257 5.530000
endloop
endfacet
facet normal 0.0293647 0.048992 0.998367
outer loop
vertex -4.027884 -6.028155 5.550000
vertex -3.252637 -6.085257 5.530000
vertex -3.833435 -5.737140 5.530000
endloop
endfacet
facet normal 0.0244212 0.0516343 0.998367
outer loop
vertex -3.417626 -6.393929 5.550000
vertex -2.774455 -6.698127 5.550000
vertex -2.640516 -6.374769 5.530000
endloop
endfacet
facet normal 0.0244212 0.0516343 0.998367
outer loop
vertex -3.417626 -6.393929 5.550000
vertex -2.640516 -6.374769 5.530000
vertex -3.252637 -6.085257 5.530000
endloop
endfacet
facet normal 0.0192426 0.0537794 0.998367
outer loop
vertex -2.774455 -6.698127 5.550000
vertex -2.104564 -6.937818 5.550000
vertex -2.002964 -6.602888 5.530000
endloop
endfacet
facet normal 0.0192426 0.0537794 0.998367
outer loop
vertex -2.774455 -6.698127 5.550000
vertex -2.002964 -6.602888 5.530000
vertex -2.640516 -6.374769 5.530000
endloop
endfacet
facet normal 0.0138786 0.0554065 0.998367
outer loop
vertex -2.104564 -6.937818 5.550000
vertex -1.414405 -7.110693 5.550000
vertex -1.346123 -6.767418 5.530000
endloop
endfacet
facet normal 0.0138786 0.0554065 0.998367
outer loop
vertex -2.104564 -6.937818 5.550000
vertex -1.346123 -6.767418 5.530000
vertex -2.002964 -6.602888 5.530000
endloop
endfacet
facet normal 0.00838099 0.0565001 0.998367
outer loop
vertex -1.414405 -7.110693 5.550000
vertex -0.710624 -7.215089 5.550000
vertex -0.676318 -6.866775 5.530000
endloop
endfacet
facet normal 0.00838099 0.0565001 0.998367
outer loop
vertex -1.414405 -7.110693 5.550000
vertex -0.676318 -6.866775 5.530000
vertex -1.346123 -6.767418 5.530000
endloop
endfacet
facet normal 0.00280266 0.0570495 0.998367
outer loop
vertex -0.710624 -7.215089 5.550000
vertex -0.000000 -7.250000 5.550000
vertex -0.000000 -6.900000 5.530000
endloop
endfacet
facet normal 0.00280268 0.0570495 0.998367
outer loop
vertex -0.710624 -7.215089 5.550000
vertex -0.000000 -6.900000 5.530000
vertex -0.676318 -6.866775 5.530000
endloop
endfacet
facet normal -0.00280266 0.0570495 0.998367
outer loop
vertex -0.000000 -7.250000 5.550000
vertex 0.710624 -7.215089 5.550000
vertex 0.676318 -6.866775 5.530000
endloop
endfacet
facet normal -0.00280268 0.0570495 0.998367
outer loop
vertex -0.000000 -7.250000 5.550000
vertex 0.676318 -6.866775 5.530000
vertex -0.000000 -6.900000 5.530000
endloop
endfacet
facet normal -0.00838098 0.0565001 0.998367
outer loop
vertex 0.710624 -7.215089 5.550000
vertex 1.414405 -7.110693 5.550000
vertex 1.346123 -6.767418 5.530000
endloop
endfacet
facet normal -0.00838099 0.0565001 0.998367
outer loop
vertex 0.710624 -7.215089 5.550000
vertex 1.346123 -6.767418 5.530000
vertex 0.676318 -6.866775 5.530000
endloop
endfacet
facet normal -0.0138786 0.0554065 0.998367
outer loop
vertex 1.414405 -7.110693 5.550000
vertex 2.104564 -6.937818 5.550000
vertex 2.002964 -6.602888 5.530000
endloop
endfacet
facet normal -0.0138786 0.0554065 0.998367
outer loop
vertex 1.414405 -7.110693 5.550000
vertex 2.002964 -6.602888 5.530000
vertex 1.346123 -6.767418 5.530000
endloop
endfacet
facet normal -0.0192426 0.0537794 0.998367
outer loop
vertex 2.104564 -6.937818 5.550000
vertex 2.774455 -6.698127 5.550000
vertex 2.640516 -6.374769 5.530000
endloop
endfacet
facet normal -0.0192425 0.0537794 0.998367
outer loop
vertex 2.104564 -6.937818 5.550000
vertex 2.640516 -6.374769 5.530000
vertex 2.002964 -6.602888 5.530000
endloop
endfacet
facet normal -0.0244212 0.0516343 0.998367
outer loop
vertex 2.774455 -6.698127 5.550000
vertex 3.417626 -6.393929 5.550000
vertex 3.252637 -6.085257 5.530000
endloop
endfacet
facet normal -0.0244212 0.0516343 0.998367
outer loop
vertex 2.774455 -6.698127 5.550000
vertex 3.252637 -6.085257 5.530000
vertex 2.640516 -6.374769 5.530000
endloop
endfacet
facet normal -0.0293647 0.048992 0.998367
outer loop
vertex 3.417626 -6.393929 5.550000
vertex 4.027884 -6.028155 5.550000
vertex 3.833435 -5.737140 5.530000
endloop
endfacet
facet normal -0.0293647 0.048992 0.998367
outer loop
vertex 3.417626 -6.393929 5.550000
vertex 3.833435 -5.737140 5.530000
vertex 3.252637 -6.085257 5.530000
endloop
endfacet
facet normal -0.0340253 0.0458779 0.998367
outer loop
vertex 4.027884 -6.028155 5.550000
vertex 4.599351 -5.604326 5.550000
vertex 4.377314 -5.333772 5.530000
endloop
endfacet
facet normal -0.0340253 0.0458778 0.998367
outer loop
vertex 4.027884 -6.028155 5.550000
vertex 4.377314 -5.333772 5.530000
vertex 3.833435 -5.737140 5.530000
endloop
endfacet
facet normal -0.0383584 0.0423219 0.998367
outer loop
vertex 4.599351 -5.604326 5.550000
vertex 5.126524 -5.126524 5.550000
vertex 4.879037 -4.879037 5.530000
endloop
endfacet
facet normal -0.0383583 0.0423219 0.998367
outer loop
vertex 4.599351 -5.604326 5.550000
vertex 4.879037 -4.879037 5.530000
vertex 4.377314 -5.333772 5.530000
endloop
endfacet
facet normal -0.0423219 0.0383583 0.998367
outer loop
vertex 5.126524 -5.126524 5.550000
vertex 5.604326 -4.599351 5.550000
vertex 5.333772 -4.377314 5.530000
endloop
endfacet
facet normal -0.0423219 0.0383583 0.998367
outer loop
vertex 5.126524 -5.126524 5.550000
vertex 5.333772 -4.377314 5.530000
vertex 4.879037 -4.879037 5.530000
endloop
endfacet
facet normal -0.0458778 0.0340253 0.998367
outer loop
vertex 5.604326 -4.599351 5.550000
vertex 6.028155 -4.027884 5.550000
vertex 5.737140 -3.833435 5.530000
endloop
endfacet
facet normal -0.0458779 0.0340253 0.998367
outer loop
vertex 5.604326 -4.599351 5.550000
vertex 5.737140 -3.833435 5.530000
vertex 5.333772 -4.377314 5.530000
endloop
endfacet
facet normal -0.048992 0.0293647 0.998367
outer loop
vertex 6.028155 -4.027884 5.550000
vertex 6.393929 -3.417626 5.550000
vertex 6.085257 -3.252637 5.530000
endloop
endfacet
facet normal -0.048992 0.0293647 0.998367
outer loop
vertex 6.028155 -4.027884 5.550000
vertex 6.085257 -3.252637 5.530000
vertex 5.737140 -3.833435 5.530000
endloop
endfacet
facet normal -0.0516343 0.0244212 0.998367
outer loop
vertex 6.393929 -3.417626 5.550000
vertex 6.698127 -2.774455 5.550000
vertex 6.374769 -2.640516 5.530000
endloop
endfacet
facet normal -0.0516343 0.0244212 0.998367
outer loop
vertex 6.393929 -3.417626 5.550000
vertex 6.374769 -2.640516 5.530000
vertex 6.085257 -3.252637 5.530000
endloop
endfacet
facet normal -0.0537794 0.0192426 0.998367
outer loop
vertex 6.698127 -2.774455 5.550000
vertex 6.937818 -2.104564 5.550000
vertex 6.602888 -2.002964 5.530000
endloop
endfacet
facet normal -0.0537794 0.0192426 0.998367
outer loop
vertex 6.698127 -2.774455 5.550000
vertex 6.602888 -2.002964 5.530000
vertex 6.374769 -2.640516 5.530000
endloop
endfacet
facet normal -0.0554065 0.0138786 0.998367
outer loop
vertex 6.937818 -2.104564 5.550000
vertex 7.110693 -1.414405 5.550000
vertex 6.767418 -1.346123 5.530000
endloop
endfacet
facet normal -0.0554065 0.0138786 0.998367
outer loop
vertex 6.937818 -2.104564 5.550000
vertex 6.767418 -1.346123 5.530000
vertex 6.602888 -2.002964 5.530000
endloop
endfacet
facet normal -0.0565001 0.00838099 0.998367
outer loop
vertex 7.110693 -1.414405 5.550000
vertex 7.215089 -0.710624 5.550000
vertex 6.866775 -0.676318 5.530000
endloop
endfacet
facet normal -0.0565001 0.00838099 0.998367
outer loop
vertex 7.110693 -1.414405 5.550000
vertex 6.866775 -0.676318 5.530000
vertex 6.767418 -1.346123 5.530000
endloop
endfacet
facet normal -0.0570495 0.00280266 0.998367
outer loop
vertex 7.215089 -0.710624 5.550000
vertex 7.250000 0.000000 5.550000
vertex 6.900000 -0.000000 5.530000
endloop
endfacet
facet normal -0.0570495 0.00280268 0.998367
outer loop
vertex 7.215089 -0.710624 5.550000
vertex 6.900000 -0.000000 5.530000
vertex 6.866775 -0.676318 5.530000
endloop
endfacet
facet normal -0.397532 -0.0195296 0.91738
outer loop
vertex 6.900000 -0.000000 5.530000
vertex 6.866775 0.676318 5.530000
vertex 6.568219 0.646913 5.400000
endloop
endfacet
facet normal -0.397532 -0.0195294 0.917381
outer loop
vertex 6.900000 -0.000000 5.530000
vertex 6.568219 0.646913 5.400000
vertex 6.600000 -0.000000 5.400000
endloop
endfacet
facet normal -0.393703 -0.0584004 0.917381
outer loop
vertex 6.866775 0.676318 5.530000
vertex 6.767418 1.346123 5.530000
vertex 6.473183 1.287596 5.400000
endloop
endfacet
facet normal -0.393703 -0.0584005 0.917381
outer loop
vertex 6.866775 0.676318 5.530000
vertex 6.473183 1.287596 5.400000
vertex 6.568219 0.646913 5.400000
endloop
endfacet
facet normal -0.386084 -0.0967091 0.91738
outer loop
vertex 6.767418 1.346123 5.530000
vertex 6.602888 2.002964 5.530000
vertex 6.315806 1.915879 5.400000
endloop
endfacet
facet normal -0.386083 -0.0967086 0.917381
outer loop
vertex 6.767418 1.346123 5.530000
vertex 6.315806 1.915879 5.400000
vertex 6.473183 1.287596 5.400000
endloop
endfacet
facet normal -0.374745 -0.134086 0.917381
outer loop
vertex 6.602888 2.002964 5.530000
vertex 6.374769 2.640516 5.530000
vertex 6.097605 2.525711 5.400000
endloop
endfacet
facet normal -0.374746 -0.134086 0.91738
outer loop
vertex 6.602888 2.002964 5.530000
vertex 6.097605 2.525711 5.400000
vertex 6.315806 1.915879 5.400000
endloop
endfacet
facet normal -0.359798 -0.170172 0.91738
outer loop
vertex 6.374769 2.640516 5.530000
vertex 6.085257 3.252637 5.530000
vertex 5.820680 3.111218 5.400000
endloop
endfacet
facet normal -0.359798 -0.170172 0.917381
outer loop
vertex 6.374769 2.640516 5.530000
vertex 5.820680 3.111218 5.400000
vertex 6.097605 2.525711 5.400000
endloop
endfacet
facet normal -0.341386 -0.204619 0.91738
outer loop
vertex 6.085257 3.252637 5.530000
vertex 5.737140 3.833435 5.530000
vertex 5.487700 3.666764 5.400000
endloop
endfacet
facet normal -0.341386 -0.204619 0.917381
outer loop
vertex 6.085257 3.252637 5.530000
vertex 5.487700 3.666764 5.400000
vertex 5.820680 3.111218 5.400000
endloop
endfacet
facet normal -0.319686 -0.237095 0.917381
outer loop
vertex 5.737140 3.833435 5.530000
vertex 5.333772 4.377314 5.530000
vertex 5.101869 4.186996 5.400000
endloop
endfacet
facet normal -0.319686 -0.237095 0.91738
outer loop
vertex 5.737140 3.833435 5.530000
vertex 5.101869 4.186996 5.400000
vertex 5.487700 3.666764 5.400000
endloop
endfacet
facet normal -0.294907 -0.267288 0.91738
outer loop
vertex 5.333772 4.377314 5.530000
vertex 4.879037 4.879037 5.530000
vertex 4.666905 4.666905 5.400000
endloop
endfacet
facet normal -0.294907 -0.267288 0.917381
outer loop
vertex 5.333772 4.377314 5.530000
vertex 4.666905 4.666905 5.400000
vertex 5.101869 4.186996 5.400000
endloop
endfacet
facet normal -0.267288 -0.294907 0.917381
outer loop
vertex 4.879037 4.879037 5.530000
vertex 4.377314 5.333772 5.530000
vertex 4.186996 5.101869 5.400000
endloop
endfacet
facet normal -0.267288 -0.294907 0.91738
outer loop
vertex 4.879037 4.879037 5.530000
vertex 4.186996 5.101869 5.400000
vertex 4.666905 4.666905 5.400000
endloop
endfacet
facet normal -0.237095 -0.319686 0.91738
outer loop
vertex 4.377314 5.333772 5.530000
vertex 3.833435 5.737140 5.530000
vertex 3.666764 5.487700 5.400000
endloop
endfacet
facet normal -0.237095 -0.319686 0.917381
outer loop
vertex 4.377314 5.333772 5.530000
vertex 3.666764 5.487700 5.400000
vertex 4.186996 5.101869 5.400000
endloop
endfacet
facet normal -0.204619 -0.341386 0.91738
outer loop
vertex 3.833435 5.737140 5.530000
vertex 3.252637 6.085257 5.530000
vertex 3.111218 5.820680 5.400000
endloop
endfacet
facet normal -0.204619 -0.341386 0.91738
outer loop
vertex 3.833435 5.737140 5.530000
vertex 3.111218 5.820680 5.400000
vertex 3.666764 5.487700 5.400000
endloop
endfacet
facet normal -0.170172 -0.359798 0.917381
outer loop
vertex 3.252637 6.085257 5.530000
vertex 2.640516 6.374769 5.530000
vertex 2.525711 6.097605 5.400000
endloop
endfacet
facet normal -0.170172 -0.359798 0.917381
outer loop
vertex 3.252637 6.085257 5.530000
vertex 2.525711 6.097605 5.400000
vertex 3.111218 5.820680 5.400000
endloop
endfacet
facet normal -0.134086 -0.374746 0.91738
outer loop
vertex 2.640516 6.374769 5.530000
vertex 2.002964 6.602888 5.530000
vertex 1.915879 6.315806 5.400000
endloop
endfacet
facet normal -0.134086 -0.374745 0.917381
outer loop
vertex 2.640516 6.374769 5.530000
vertex 1.915879 6.315806 5.400000
vertex 2.525711 6.097605 5.400000
endloop
endfacet
facet normal -0.0967089 -0.386083 0.917381
outer loop
vertex 2.002964 6.602888 5.530000
vertex 1.346123 6.767418 5.530000
vertex 1.287596 6.473183 5.400000
endloop
endfacet
facet normal -0.0967088 -0.386084 0.91738
outer loop
vertex 2.002964 6.602888 5.530000
vertex 1.287596 6.473183 5.400000
vertex 1.915879 6.315806 5.400000
endloop
endfacet
facet normal -0.0584004 -0.393703 0.91738
outer loop
vertex 1.346123 6.767418 5.530000
vertex 0.676318 6.866775 5.530000
vertex 0.646913 6.568219 5.400000
endloop
endfacet
facet normal -0.0584005 -0.393703 0.917381
outer loop
vertex 1.346123 6.767418 5.530000
vertex 0.646913 6.568219 5.400000
vertex 1.287596 6.473183 5.400000
endloop
endfacet
facet normal -0.0195296 -0.397532 0.917381
outer loop
vertex 0.676318 6.866775 5.530000
vertex 0.000000 6.900000 5.530000
vertex 0.000000 6.600000 5.400000
endloop
endfacet
facet normal -0.0195294 -0.397532 0.91738
outer loop
vertex 0.676318 6.866775 5.530000
vertex 0.000000 6.600000 5.400000
vertex 0.646913 6.568219 5.400000
endloop
endfacet
facet normal 0.0195296 -0.397532 0.91738
outer loop
vertex 0.000000 6.900000 5.530000
vertex -0.676318 6.866775 5.530000
vertex -0.646913 6.568219 5.400000
endloop
endfacet
facet normal 0.0195294 -0.397532 0.917381
outer loop
vertex 0.000000 6.900000 5.530000
vertex -0.646913 6.568219 5.400000
vertex 0.000000 6.600000 5.400000
endloop
endfacet
facet normal 0.0584004 -0.393703 0.917381
outer loop
vertex -0.676318 6.866775 5.530000
vertex -1.346123 6.767418 5.530000
vertex -1.287596 6.473183 5.400000
endloop
endfacet
facet normal 0.0584005 -0.393703 0.917381
outer loop
vertex -0.676318 6.866775 5.530000
vertex -1.287596 6.473183 5.400000
vertex -0.646913 6.568219 5.400000
endloop
endfacet
facet normal 0.0967091 -0.386084 0.91738
outer loop
vertex -1.346123 6.767418 5.530000
vertex -2.002964 6.602888 5.530000
vertex -1.915879 6.315806 5.400000
endloop
endfacet
facet normal 0.0967086 -0.386083 0.917381
outer loop
vertex -1.346123 6.767418 5.530000
vertex -1.915879 6.315806 5.400000
vertex -1.287596 6.473183 5.400000
endloop
endfacet
facet normal 0.134086 -0.374745 0.917381
outer loop
vertex -2.002964 6.602888 5.530000
vertex -2.640516 6.374769 5.530000
vertex -2.525711 6.097605 5.400000
endloop
endfacet
facet normal 0.134086 -0.374746 0.91738
outer loop
vertex -2.002964 6.602888 5.530000
vertex -2.525711 6.097605 5.400000
vertex -1.915879 6.315806 5.400000
endloop
endfacet
facet normal 0.170172 -0.359798 0.91738
outer loop
vertex -2.640516 6.374769 5.530000
vertex -3.252637 6.085257 5.530000
vertex -3.111218 5.820680 5.400000
endloop
endfacet
facet normal 0.170172 -0.359798 0.917381
outer loop
vertex -2.640516 6.374769 5.530000
vertex -3.111218 5.820680 5.400000
vertex -2.525711 6.097605 5.400000
endloop
endfacet
facet normal 0.204619 -0.341386 0.91738
outer loop
vertex -3.252637 6.085257 5.530000
vertex -3.833435 5.737140 5.530000
vertex -3.666764 5.487700 5.400000
endloop
endfacet
facet normal 0.204619 -0.341386 0.917381
outer loop
vertex -3.252637 6.085257 5.530000
vertex -3.666764 5.487700 5.400000
vertex -3.111218 5.820680 5.400000
endloop
endfacet
facet normal 0.237095 -0.319686 0.917381
outer loop
vertex -3.833435 5.737140 5.530000
vertex -4.377314 5.333772 5.530000
vertex -4.186996 5.101869 5.400000
endloop
endfacet
facet normal 0.237095 -0.319686 0.91738
outer loop
vertex -3.833435 5.737140 5.530000
vertex -4.186996 5.101869 5.400000
vertex -3.666764 5.487700 5.400000
endloop
endfacet
facet normal 0.267288 -0.294907 0.91738
outer loop
vertex -4.377314 5.333772 5.530000
vertex -4.879037 4.879037 5.530000
vertex -4.666905 4.666905 5.400000
endloop
endfacet
facet normal 0.267288 -0.294907 0.917381
outer loop
vertex -4.377314 5.333772 5.530000
vertex -4.666905 4.666905 5.400000
vertex -4.186996 5.101869 5.400000
endloop
endfacet
facet normal 0.294907 -0.267288 0.917381
outer loop
vertex -4.879037 4.879037 5.530000
vertex -5.333772 4.377314 5.530000
vertex -5.101869 4.186996 5.400000
endloop
endfacet
facet normal 0.294907 -0.267288 0.91738
outer loop
vertex -4.879037 4.879037 5.530000
vertex -5.101869 4.186996 5.400000
vertex -4.666905 4.666905 5.400000
endloop
endfacet
facet normal 0.319686 -0.237095 0.91738
outer loop
vertex -5.333772 4.377314 5.530000
vertex -5.737140 3.833435 5.530000
vertex -5.487700 3.666764 5.400000
endloop
endfacet
facet normal 0.319686 -0.237095 0.917381
outer loop
vertex -5.333772 4.377314 5.530000
vertex -5.487700 3.666764 5.400000
vertex -5.101869 4.186996 5.400000
endloop
endfacet
facet normal 0.341386 -0.204619 0.91738
outer loop
vertex -5.737140 3.833435 5.530000
vertex -6.085257 3.252637 5.530000
vertex -5.820680 3.111218 5.400000
endloop
endfacet
facet normal 0.341386 -0.204619 0.91738
outer loop
vertex -5.737140 3.833435 5.530000
vertex -5.820680 3.111218 5.400000
vertex -5.487700 3.666764 5.400000
endloop
endfacet
facet normal 0.359798 -0.170172 0.917381
outer loop
vertex -6.085257 3.252637 5.530000
vertex -6.374769 2.640516 5.530000
vertex -6.097605 2.525711 5.400000
endloop
endfacet
facet normal 0.359798 -0.170172 0.917381
outer loop
vertex -6.085257 3.252637 5.530000
vertex -6.097605 2.525711 5.400000
vertex -5.820680 3.111218 5.400000
endloop
endfacet
facet normal 0.374746 -0.134086 0.91738
outer loop
vertex -6.374769 2.640516 5.530000
vertex -6.602888 2.002964 5.530000
vertex -6.315806 1.915879 5.400000
endloop
endfacet
facet normal 0.374745 -0.134086 0.917381
outer loop
vertex -6.374769 2.640516 5.530000
vertex -6.315806 1.915879 5.400000
vertex -6.097605 2.525711 5.400000
endloop
endfacet
facet normal 0.386083 -0.0967089 0.917381
outer loop
vertex -6.602888 2.002964 5.530000
vertex -6.767418 1.346123 5.530000
vertex -6.473183 1.287596 5.400000
endloop
endfacet
facet normal 0.386084 -0.0967088 0.91738
outer loop
vertex -6.602888 2.002964 5.530000
vertex -6.473183 1.287596 5.400000
vertex -6.315806 1.915879 5.400000
endloop
endfacet
facet normal 0.393703 -0.0584004 0.91738
outer loop
vertex -6.767418 1.346123 5.530000
vertex -6.866775 0.676318 5.530000
vertex -6.568219 0.646913 5.400000
endloop
endfacet
facet normal 0.393703 -0.0584005 0.917381
outer loop
vertex -6.767418 1.346123 5.530000
vertex -6.568219 0.646913 5.400000
vertex -6.473183 1.287596 5.400000
endloop
endfacet
facet normal 0.397532 -0.0195296 0.917381
outer loop
vertex -6.866775 0.676318 5.530000
vertex -6.900000 0.000000 5.530000
vertex -6.600000 0.000000 5.400000
endloop
endfacet
facet normal 0.397532 -0.0195294 0.91738
outer loop
vertex -6.866775 0.676318 5.530000
vertex -6.600000 0.000000 5.400000
vertex -6.568219 0.646913 5.400000
endloop
endfacet
facet normal 0.397532 0.0195296 0.91738
outer loop
vertex -6.900000 0.000000 5.530000
vertex -6.866775 -0.676318 5.530000
vertex -6.568219 -0.646913 5.400000
endloop
endfacet
facet normal 0.397532 0.0195294 0.917381
outer loop
vertex -6.900000 0.000000 5.530000
vertex -6.568219 -0.646913 5.400000
vertex -6.600000 0.000000 5.400000
endloop
endfacet
facet normal 0.393703 0.0584004 0.917381
outer loop
vertex -6.866775 -0.676318 5.530000
vertex -6.767418 -1.346123 5.530000
vertex -6.473183 -1.287596 5.400000
endloop
endfacet
facet normal 0.393703 0.0584005 0.917381
outer loop
vertex -6.866775 -0.676318 5.530000
vertex -6.473183 -1.287596 5.400000
vertex -6.568219 -0.646913 5.400000
endloop
endfacet
facet normal 0.386084 0.0967091 0.91738
outer loop
vertex -6.767418 -1.346123 5.530000
vertex -6.602888 -2.002964 5.530000
vertex -6.315806 -1.915879 5.400000
endloop
endfacet
facet normal 0.386083 0.0967086 0.917381
outer loop
vertex -6.767418 -1.346123 5.530000
vertex -6.315806 -1.915879 5.400000
vertex -6.473183 -1.287596 5.400000
endloop
endfacet
facet normal 0.374745 0.134086 0.917381
outer loop
vertex -6.602888 -2.002964 5.530000
vertex -6.374769 -2.640516 5.530000
vertex -6.097605 -2.525711 5.400000
endloop
endfacet
facet normal 0.374746 0.134086 0.91738
outer loop
vertex -6.602888 -2.002964 5.530000
vertex -6.097605 -2.525711 5.400000
vertex -6.315806 -1.915879 5.400000
endloop
endfacet
facet normal 0.359798 0.170172 0.91738
outer loop
vertex -6.374769 -2.640516 5.530000
vertex -6.085257 -3.252637 5.530000
vertex -5.820680 -3.111218 5.400000
endloop
endfacet
facet normal 0.359798 0.170172 0.917381
outer loop
vertex -6.374769 -2.640516 5.530000
vertex -5.820680 -3.111218 5.400000
vertex -6.097605 -2.525711 5.400000
endloop
endfacet
facet normal 0.341386 0.204619 0.91738
outer loop
vertex -6.085257 -3.252637 5.530000
vertex -5.737140 -3.833435 5.530000
vertex -5.487700 -3.666764 5.400000
endloop
endfacet
facet normal 0.341386 0.204619 0.917381
outer loop
vertex -6.085257 -3.252637 5.530000
vertex -5.487700 -3.666764 5.400000
vertex -5.820680 -3.111218 5.400000
endloop
endfacet
facet normal 0.319686 0.237095 0.917381
outer loop
vertex -5.737140 -3.833435 5.530000
vertex -5.333772 -4.377314 5.530000
vertex -5.101869 -4.186996 5.400000
endloop
endfacet
facet normal 0.319686 0.237095 0.91738
outer loop
vertex -5.737140 -3.833435 5.530000
vertex -5.101869 -4.186996 5.400000
vertex -5.487700 -3.666764 5.400000
endloop
endfacet
facet normal 0.294907 0.267288 0.91738
outer loop
vertex -5.333772 -4.377314 5.530000
vertex -4.879037 -4.879037 5.530000
vertex -4.666905 -4.666905 5.400000
endloop
endfacet
facet normal 0.294907 0.267288 0.917381
outer loop
vertex -5.333772 -4.377314 5.530000
vertex -4.666905 -4.666905 5.400000
vertex -5.101869 -4.186996 5.400000
endloop
endfacet
facet normal 0.267288 0.294907 0.917381
outer loop
vertex -4.879037 -4.879037 5.530000
vertex -4.377314 -5.333772 5.530000
vertex -4.186996 -5.101869 5.400000
endloop
endfacet
facet normal 0.267288 0.294907 0.91738
outer loop
vertex -4.879037 -4.879037 5.530000
vertex -4.186996 -5.101869 5.400000
vertex -4.666905 -4.666905 5.400000
endloop
endfacet
facet normal 0.237095 0.319686 0.91738
outer loop
vertex -4.377314 -5.333772 5.530000
vertex -3.833435 -5.737140 5.530000
vertex -3.666764 -5.487700 5.400000
endloop
endfacet
facet normal 0.237095 0.319686 0.917381
outer loop
vertex -4.377314 -5.333772 5.530000
vertex -3.666764 -5.487700 5.400000
vertex -4.186996 -5.101869 5.400000
endloop
endfacet
facet normal 0.204619 0.341386 0.91738
outer loop
vertex -3.833435 -5.737140 5.530000
vertex -3.252637 -6.085257 5.530000
vertex -3.111218 -5.820680 5.400000
endloop
endfacet
facet normal 0.204619 0.341386 0.91738
outer loop
vertex -3.833435 -5.737140 5.530000
vertex -3.111218 -5.820680 5.400000
vertex -3.666764 -5.487700 5.400000
endloop
endfacet
facet normal 0.170172 0.359798 0.917381
outer loop
vertex -3.252637 -6.085257 5.530000
vertex -2.640516 -6.374769 5.530000
vertex -2.525711 -6.097605 5.400000
endloop
endfacet
facet normal 0.170172 0.359798 0.917381
outer loop
vertex -3.252637 -6.085257 5.530000
vertex -2.525711 -6.097605 5.400000
vertex -3.111218 -5.820680 5.400000
endloop
endfacet
facet normal 0.134086 0.374746 0.91738
outer loop
vertex -2.640516 -6.374769 5.530000
vertex -2.002964 -6.602888 5.530000
vertex -1.915879 -6.315806 5.400000
endloop
endfacet
facet normal 0.134086 0.374745 0.917381
outer loop
vertex -2.640516 -6.374769 5.530000
vertex -1.915879 -6.315806 5.400000
vertex -2.525711 -6.097605 5.400000
endloop
endfacet
facet normal 0.0967089 0.386083 0.917381
outer loop
vertex -2.002964 -6.602888 5.530000
vertex -1.346123 -6.767418 5.530000
vertex -1.287596 -6.473183 5.400000
endloop
endfacet
facet normal 0.0967088 0.386084 0.91738
outer loop
vertex -2.002964 -6.602888 5.530000
vertex -1.287596 -6.473183 5.400000
vertex -1.915879 -6.315806 5.400000
endloop
endfacet
facet normal 0.0584004 0.393703 0.91738
outer loop
vertex -1.346123 -6.767418 5.530000
vertex -0.676318 -6.866775 5.530000
vertex -0.646913 -6.568219 5.400000
endloop
endfacet
facet normal 0.0584005 0.393703 0.917381
outer loop
vertex -1.346123 -6.767418 5.530000
vertex -0.646913 -6.568219 5.400000
vertex -1.287596 -6.473183 5.400000
endloop
endfacet
facet normal 0.0195296 0.397532 0.917381
outer loop
vertex -0.676318 -6.866775 5.530000
vertex -0.000000 -6.900000 5.530000
vertex -0.000000 -6.600000 5.400000
endloop
endfacet
facet normal 0.0195294 0.397532 0.91738
outer loop
vertex -0.676318 -6.866775 5.530000
vertex -0.000000 -6.600000 5.400000
vertex -0.646913 -6.568219 5.400000
endloop
endfacet
facet normal -0.0195296 0.397532 0.91738
outer loop
vertex -0.000000 -6.900000 5.530000
vertex 0.676318 -6.866775 5.530000
vertex 0.646913 -6.568219 5.400000
endloop
endfacet
facet normal -0.0195294 0.397532 0.917381
outer loop
vertex -0.000000 -6.900000 5.530000
vertex 0.646913 -6.568219 5.400000
vertex -0.000000 -6.600000 5.400000
endloop
endfacet
facet normal -0.0584004 0.393703 0.917381
outer loop
vertex 0.676318 -6.866775 5.530000
vertex 1.346123 -6.767418 5.530000
vertex 1.287596 -6.473183 5.400000
endloop
endfacet
facet normal -0.0584005 0.393703 0.917381
outer loop
vertex 0.676318 -6.866775 5.530000
vertex 1.287596 -6.473183 5.400000
vertex 0.646913 -6.568219 5.400000
endloop
endfacet
facet normal -0.0967091 0.386084 0.91738
outer loop
vertex 1.346123 -6.767418 5.530000
vertex 2.002964 -6.602888 5.530000
vertex 1.915879 -6.315806 5.400000
endloop
endfacet
facet normal -0.0967086 0.386083 0.917381
outer loop
vertex 1.346123 -6.767418 5.530000
vertex 1.915879 -6.315806 5.400000
vertex 1.287596 -6.473183 5.400000
endloop
endfacet
facet normal -0.134086 0.374745 0.917381
outer loop
vertex 2.002964 -6.602888 5.530000
vertex 2.640516 -6.374769 5.530000
vertex 2.525711 -6.097605 5.400000
endloop
endfacet
facet normal -0.134086 0.374746 0.91738
outer loop
vertex 2.002964 -6.602888 5.530000
vertex 2.525711 -6.097605 5.400000
vertex 1.915879 -6.315806 5.400000
endloop
endfacet
facet normal -0.170172 0.359798 0.91738
outer loop
vertex 2.640516 -6.374769 5.530000
vertex 3.252637 -6.085257 5.530000
vertex 3.111218 -5.820680 5.400000
endloop
endfacet
facet normal -0.170172 0.359798 0.917381
outer loop
vertex 2.640516 -6.374769 5.530000
vertex 3.111218 -5.820680 5.400000
vertex 2.525711 -6.097605 5.400000
endloop
endfacet
facet normal -0.204619 0.341386 0.91738
outer loop
vertex 3.252637 -6.085257 5.530000
vertex 3.833435 -5.737140 5.530000
vertex 3.666764 -5.487700 5.400000
endloop
endfacet
facet normal -0.204619 0.341386 0.917381
outer loop
vertex 3.252637 -6.085257 5.530000
vertex 3.666764 -5.487700 5.400000
vertex 3.111218 -5.820680 5.400000
endloop
endfacet
facet normal -0.237095 0.319686 0.917381
outer loop
vertex 3.833435 -5.737140 5.530000
vertex 4.377314 -5.333772 5.530000
vertex 4.186996 -5.101869 5.400000
endloop
endfacet
facet normal -0.237095 0.319686 0.91738
outer loop
vertex 3.833435 -5.737140 5.530000
vertex 4.186996 -5.101869 5.400000
vertex 3.666764 -5.487700 5.400000
endloop
endfacet
facet normal -0.267288 0.294907 0.91738
outer loop
vertex 4.377314 -5.333772 5.530000
vertex 4.879037 -4.879037 5.530000
vertex 4.666905 -4.666905 5.400000
endloop
endfacet
facet normal -0.267288 0.294907 0.917381
outer loop
vertex 4.377314 -5.333772 5.530000
vertex 4.666905 -4.666905 5.400000
vertex 4.186996 -5.101869 5.400000
endloop
endfacet
facet normal -0.294907 0.267288 0.917381
outer loop
vertex 4.879037 -4.879037 5.530000
vertex 5.333772 -4.377314 5.530000
vertex 5.101869 -4.186996 5.400000
endloop
endfacet
facet normal -0.294907 0.267288 0.91738
outer loop
vertex 4.879037 -4.879037 5.530000
vertex 5.101869 -4.186996 5.400000
vertex 4.666905 -4.666905 5.400000
endloop
endfacet
facet normal -0.319686 0.237095 0.91738
outer loop
vertex 5.333772 -4.377314 5.530000
vertex 5.737140 -3.833435 5.530000
vertex 5.487700 -3.666764 5.400000
endloop
endfacet
facet normal -0.319686 0.237095 0.917381
outer loop
vertex 5.333772 -4.377314 5.530000
vertex 5.487700 -3.666764 5.400000
vertex 5.101869 -4.186996 5.400000
endloop
endfacet
facet normal -0.341386 0.204619 0.91738
outer loop
vertex 5.737140 -3.833435 5.530000
vertex 6.085257 -3.252637 5.530000
vertex 5.820680 -3.111218 5.400000
endloop
endfacet
facet normal -0.341386 0.204619 0.91738
outer loop
vertex 5.737140 -3.833435 5.530000
vertex 5.820680 -3.111218 5.400000
vertex 5.487700 -3.666764 5.400000
endloop
endfacet
facet normal -0.359798 0.170172 0.917381
outer loop
vertex 6.085257 -3.252637 5.530000
vertex 6.374769 -2.640516 5.530000
vertex 6.097605 -2.525711 5.400000
endloop
endfacet
facet normal -0.359798 0.170172 0.917381
outer loop
vertex 6.085257 -3.252637 5.530000
vertex 6.097605 -2.525711 5.400000
vertex 5.820680 -3.111218 5.400000
endloop
endfacet
facet normal -0.374746 0.134086 0.91738
outer loop
vertex 6.374769 -2.640516 5.530000
vertex 6.602888 -2.002964 5.530000
vertex 6.315806 -1.915879 5.400000
endloop
endfacet
facet normal -0.374745 0.134086 0.917381
outer loop
vertex 6.374769 -2.640516 5.530000
vertex 6.315806 -1.915879 5.400000
vertex 6.097605 -2.525711 5.400000
endloop
endfacet
facet normal -0.386083 0.0967089 0.917381
outer loop
vertex 6.602888 -2.002964 5.530000
vertex 6.767418 -1.346123 5.530000
vertex 6.473183 -1.287596 5.400000
endloop
endfacet
facet normal -0.386084 0.0967088 0.91738
outer loop
vertex 6.602888 -2.002964 5.530000
vertex 6.473183 -1.287596 5.400000
vertex 6.315806 -1.915879 5.400000
endloop
endfacet
facet normal -0.393703 0.0584004 0.91738
outer loop
vertex 6.767418 -1.346123 5.530000
vertex 6.866775 -0.676318 5.530000
vertex 6.568219 -0.646913 5.400000
endloop
endfacet
facet normal -0.393703 0.0584005 0.917381
outer loop
vertex 6.767418 -1.346123 5.530000
vertex 6.568219 -0.646913 5.400000
vertex 6.473183 -1.287596 5.400000
endloop
endfacet
facet normal -0.397532 0.0195296 0.917381
outer loop
vertex 6.866775 -0.676318 5.530000
vertex 6.900000 -0.000000 5.530000
vertex 6.600000 -0.000000 5.400000
endloop
endfacet
facet normal -0.397532 0.0195294 0.91738
outer loop
vertex 6.866775 -0.676318 5.530000
vertex 6.600000 -0.000000 5.400000
vertex 6.568219 -0.646913 5.400000
endloop
endfacet
facet normal -0.454365 -0.0223215 0.890536
outer loop
vertex 6.600000 -0.000000 5.400000
vertex 6.568219 0.646913 5.400000
vertex 6.070627 0.597905 5.144892
endloop
endfacet
facet normal -0.454365 -0.0223216 0.890536
outer loop
vertex 6.600000 -0.000000 5.400000
vertex 6.070627 0.597905 5.144892
vertex 6.100000 -0.000000 5.144892
endloop
endfacet
facet normal -0.44999 -0.0667498 0.890536
outer loop
vertex 6.568219 0.646913 5.400000
vertex 6.473183 1.287596 5.400000
vertex 5.982790 1.190051 5.144892
endloop
endfacet
facet normal -0.449989 -0.0667497 0.890536
outer loop
vertex 6.568219 0.646913 5.400000
vertex 5.982790 1.190051 5.144892
vertex 6.070627 0.597905 5.144892
endloop
endfacet
facet normal -0.44128 -0.110535 0.890536
outer loop
vertex 6.473183 1.287596 5.400000
vertex 6.315806 1.915879 5.400000
vertex 5.837336 1.770737 5.144892
endloop
endfacet
facet normal -0.44128 -0.110535 0.890536
outer loop
vertex 6.473183 1.287596 5.400000
vertex 5.837336 1.770737 5.144892
vertex 5.982790 1.190051 5.144892
endloop
endfacet
facet normal -0.428321 -0.153256 0.890536
outer loop
vertex 6.315806 1.915879 5.400000
vertex 6.097605 2.525711 5.400000
vertex 5.635665 2.334369 5.144892
endloop
endfacet
facet normal -0.428321 -0.153256 0.890536
outer loop
vertex 6.315806 1.915879 5.400000
vertex 5.635665 2.334369 5.144892
vertex 5.837336 1.770737 5.144892
endloop
endfacet
facet normal -0.411237 -0.194501 0.890536
outer loop
vertex 6.097605 2.525711 5.400000
vertex 5.820680 3.111218 5.400000
vertex 5.379720 2.875520 5.144892
endloop
endfacet
facet normal -0.411237 -0.1945 0.890536
outer loop
vertex 6.097605 2.525711 5.400000
vertex 5.379720 2.875520 5.144892
vertex 5.635665 2.334369 5.144892
endloop
endfacet
facet normal -0.390192 -0.233872 0.890536
outer loop
vertex 5.820680 3.111218 5.400000
vertex 5.487700 3.666764 5.400000
vertex 5.071965 3.388978 5.144892
endloop
endfacet
facet normal -0.390192 -0.233872 0.890536
outer loop
vertex 5.820680 3.111218 5.400000
vertex 5.071965 3.388978 5.144892
vertex 5.379720 2.875520 5.144892
endloop
endfacet
facet normal -0.36539 -0.270992 0.890536
outer loop
vertex 5.487700 3.666764 5.400000
vertex 5.101869 4.186996 5.400000
vertex 4.715364 3.869799 5.144892
endloop
endfacet
facet normal -0.36539 -0.270992 0.890536
outer loop
vertex 5.487700 3.666764 5.400000
vertex 4.715364 3.869799 5.144892
vertex 5.071965 3.388978 5.144892
endloop
endfacet
facet normal -0.337068 -0.305501 0.890536
outer loop
vertex 5.101869 4.186996 5.400000
vertex 4.666905 4.666905 5.400000
vertex 4.313351 4.313351 5.144892
endloop
endfacet
facet normal -0.337068 -0.305502 0.890536
outer loop
vertex 5.101869 4.186996 5.400000
vertex 4.313351 4.313351 5.144892
vertex 4.715364 3.869799 5.144892
endloop
endfacet
facet normal -0.305501 -0.337069 0.890536
outer loop
vertex 4.666905 4.666905 5.400000
vertex 4.186996 5.101869 5.400000
vertex 3.869799 4.715364 5.144892
endloop
endfacet
facet normal -0.305501 -0.337068 0.890536
outer loop
vertex 4.666905 4.666905 5.400000
vertex 3.869799 4.715364 5.144892
vertex 4.313351 4.313351 5.144892
endloop
endfacet
facet normal -0.270992 -0.36539 0.890536
outer loop
vertex 4.186996 5.101869 5.400000
vertex 3.666764 5.487700 5.400000
vertex 3.388978 5.071965 5.144892
endloop
endfacet
facet normal -0.270992 -0.36539 0.890536
outer loop
vertex 4.186996 5.101869 5.400000
vertex 3.388978 5.071965 5.144892
vertex 3.869799 4.715364 5.144892
endloop
endfacet
facet normal -0.233872 -0.390192 0.890536
outer loop
vertex 3.666764 5.487700 5.400000
vertex 3.111218 5.820680 5.400000
vertex 2.875520 5.379720 5.144892
endloop
endfacet
facet normal -0.233872 -0.390192 0.890536
outer loop
vertex 3.666764 5.487700 5.400000
vertex 2.875520 5.379720 5.144892
vertex 3.388978 5.071965 5.144892
endloop
endfacet
facet normal -0.194501 -0.411237 0.890536
outer loop
vertex 3.111218 5.820680 5.400000
vertex 2.525711 6.097605 5.400000
vertex 2.334369 5.635665 5.144892
endloop
endfacet
facet normal -0.1945 -0.411237 0.890536
outer loop
vertex 3.111218 5.820680 5.400000
vertex 2.334369 5.635665 5.144892
vertex 2.875520 5.379720 5.144892
endloop
endfacet
facet normal -0.153256 -0.428321 0.890536
outer loop
vertex 2.525711 6.097605 5.400000
vertex 1.915879 6.315806 5.400000
vertex 1.770737 5.837336 5.144892
endloop
endfacet
facet normal -0.153256 -0.428321 0.890536
outer loop
vertex 2.525711 6.097605 5.400000
vertex 1.770737 5.837336 5.144892
vertex 2.334369 5.635665 5.144892
endloop
endfacet
facet normal -0.110535 -0.44128 0.890536
outer loop
vertex 1.915879 6.315806 5.400000
vertex 1.287596 6.473183 5.400000
vertex 1.190051 5.982790 5.144892
endloop
endfacet
facet normal -0.110535 -0.44128 0.890536
outer loop
vertex 1.915879 6.315806 5.400000
vertex 1.190051 5.982790 5.144892
vertex 1.770737 5.837336 5.144892
endloop
endfacet
facet normal -0.0667497 -0.449989 0.890536
outer loop
vertex 1.287596 6.473183 5.400000
vertex 0.646913 6.568219 5.400000
vertex 0.597905 6.070627 5.144892
endloop
endfacet
facet normal -0.0667498 -0.449989 0.890536
outer loop
vertex 1.287596 6.473183 5.400000
vertex 0.597905 6.070627 5.144892
vertex 1.190051 5.982790 5.144892
endloop
endfacet
facet normal -0.0223215 -0.454365 0.890536
outer loop
vertex 0.646913 6.568219 5.400000
vertex 0.000000 6.600000 5.400000
vertex 0.000000 6.100000 5.144892
endloop
endfacet
facet normal -0.0223216 -0.454365 0.890536
outer loop
vertex 0.646913 6.568219 5.400000
vertex 0.000000 6.100000 5.144892
vertex 0.597905 6.070627 5.144892
endloop
endfacet
facet normal 0.0223215 -0.454365 0.890536
outer loop
vertex 0.000000 6.600000 5.400000
vertex -0.646913 6.568219 5.400000
vertex -0.597905 6.070627 5.144892
endloop
endfacet
facet normal 0.0223216 -0.454365 0.890536
outer loop
vertex 0.000000 6.600000 5.400000
vertex -0.597905 6.070627 5.144892
vertex 0.000000 6.100000 5.144892
endloop
endfacet
facet normal 0.0667498 -0.44999 0.890536
outer loop
vertex -0.646913 6.568219 5.400000
vertex -1.287596 6.473183 5.400000
vertex -1.190051 5.982790 5.144892
endloop
endfacet
facet normal 0.0667497 -0.449989 0.890536
outer loop
vertex -0.646913 6.568219 5.400000
vertex -1.190051 5.982790 5.144892
vertex -0.597905 6.070627 5.144892
endloop
endfacet
facet normal 0.110535 -0.44128 0.890536
outer loop
vertex -1.287596 6.473183 5.400000
vertex -1.915879 6.315806 5.400000
vertex -1.770737 5.837336 5.144892
endloop
endfacet
facet normal 0.110535 -0.44128 0.890536
outer loop
vertex -1.287596 6.473183 5.400000
vertex -1.770737 5.837336 5.144892
vertex -1.190051 5.982790 5.144892
endloop
endfacet
facet normal 0.153256 -0.428321 0.890536
outer loop
vertex -1.915879 6.315806 5.400000
vertex -2.525711 6.097605 5.400000
vertex -2.334369 5.635665 5.144892
endloop
endfacet
facet normal 0.153256 -0.428321 0.890536
outer loop
vertex -1.915879 6.315806 5.400000
vertex -2.334369 5.635665 5.144892
vertex -1.770737 5.837336 5.144892
endloop
endfacet
facet normal 0.194501 -0.411237 0.890536
outer loop
vertex -2.525711 6.097605 5.400000
vertex -3.111218 5.820680 5.400000
vertex -2.875520 5.379720 5.144892
endloop
endfacet
facet normal 0.1945 -0.411237 0.890536
outer loop
vertex -2.525711 6.097605 5.400000
vertex -2.875520 5.379720 5.144892
vertex -2.334369 5.635665 5.144892
endloop
endfacet
facet normal 0.233872 -0.390192 0.890536
outer loop
vertex -3.111218 5.820680 5.400000
vertex -3.666764 5.487700 5.400000
vertex -3.388978 5.071965 5.144892
endloop
endfacet
facet normal 0.233872 -0.390192 0.890536
outer loop
vertex -3.111218 5.820680 5.400000
vertex -3.388978 5.071965 5.144892
vertex -2.875520 5.379720 5.144892
endloop
endfacet
facet normal 0.270992 -0.36539 0.890536
outer loop
vertex -3.666764 5.487700 5.400000
vertex -4.186996 5.101869 5.400000
vertex -3.869799 4.715364 5.144892
endloop
endfacet
facet normal 0.270992 -0.36539 0.890536
outer loop
vertex -3.666764 5.487700 5.400000
vertex -3.869799 4.715364 5.144892
vertex -3.388978 5.071965 5.144892
endloop
endfacet
facet normal 0.305501 -0.337068 0.890536
outer loop
vertex -4.186996 5.101869 5.400000
vertex -4.666905 4.666905 5.400000
vertex -4.313351 4.313351 5.144892
endloop
endfacet
facet normal 0.305502 -0.337068 0.890536
outer loop
vertex -4.186996 5.101869 5.400000
vertex -4.313351 4.313351 5.144892
vertex -3.869799 4.715364 5.144892
endloop
endfacet
facet normal 0.337069 -0.305501 0.890536
outer loop
vertex -4.666905 4.666905 5.400000
vertex -5.101869 4.186996 5.400000
vertex -4.715364 3.869799 5.144892
endloop
endfacet
facet normal 0.337068 -0.305501 0.890536
outer loop
vertex -4.666905 4.666905 5.400000
vertex -4.715364 3.869799 5.144892
vertex -4.313351 4.313351 5.144892
endloop
endfacet
facet normal 0.36539 -0.270992 0.890536
outer loop
vertex -5.101869 4.186996 5.400000
vertex -5.487700 3.666764 5.400000
vertex -5.071965 3.388978 5.144892
endloop
endfacet
facet normal 0.36539 -0.270992 0.890536
outer loop
vertex -5.101869 4.186996 5.400000
vertex -5.071965 3.388978 5.144892
vertex -4.715364 3.869799 5.144892
endloop
endfacet
facet normal 0.390192 -0.233872 0.890536
outer loop
vertex -5.487700 3.666764 5.400000
vertex -5.820680 3.111218 5.400000
vertex -5.379720 2.875520 5.144892
endloop
endfacet
facet normal 0.390192 -0.233872 0.890536
outer loop
vertex -5.487700 3.666764 5.400000
vertex -5.379720 2.875520 5.144892
vertex -5.071965 3.388978 5.144892
endloop
endfacet
facet normal 0.411237 -0.194501 0.890536
outer loop
vertex -5.820680 3.111218 5.400000
vertex -6.097605 2.525711 5.400000
vertex -5.635665 2.334369 5.144892
endloop
endfacet
facet normal 0.411237 -0.1945 0.890536
outer loop
vertex -5.820680 3.111218 5.400000
vertex -5.635665 2.334369 5.144892
vertex -5.379720 2.875520 5.144892
endloop
endfacet
facet normal 0.428321 -0.153256 0.890536
outer loop
vertex -6.097605 2.525711 5.400000
vertex -6.315806 1.915879 5.400000
vertex -5.837336 1.770737 5.144892
endloop
endfacet
facet normal 0.428321 -0.153256 0.890536
outer loop
vertex -6.097605 2.525711 5.400000
vertex -5.837336 1.770737 5.144892
vertex -5.635665 2.334369 5.144892
endloop
endfacet
facet normal 0.44128 -0.110535 0.890536
outer loop
vertex -6.315806 1.915879 5.400000
vertex -6.473183 1.287596 5.400000
vertex -5.982790 1.190051 5.144892
endloop
endfacet
facet normal 0.44128 -0.110535 0.890536
outer loop
vertex -6.315806 1.915879 5.400000
vertex -5.982790 1.190051 5.144892
vertex -5.837336 1.770737 5.144892
endloop
endfacet
facet normal 0.449989 -0.0667497 0.890536
outer loop
vertex -6.473183 1.287596 5.400000
vertex -6.568219 0.646913 5.400000
vertex -6.070627 0.597905 5.144892
endloop
endfacet
facet normal 0.449989 -0.0667498 0.890536
outer loop
vertex -6.473183 1.287596 5.400000
vertex -6.070627 0.597905 5.144892
vertex -5.982790 1.190051 5.144892
endloop
endfacet
facet normal 0.454365 -0.0223215 0.890536
outer loop
vertex -6.568219 0.646913 5.400000
vertex -6.600000 0.000000 5.400000
vertex -6.100000 0.000000 5.144892
endloop
endfacet
facet normal 0.454365 -0.0223216 0.890536
outer loop
vertex -6.568219 0.646913 5.400000
vertex -6.100000 0.000000 5.144892
vertex -6.070627 0.597905 5.144892
endloop
endfacet
facet normal 0.454365 0.0223215 0.890536
outer loop
vertex -6.600000 0.000000 5.400000
vertex -6.568219 -0.646913 5.400000
vertex -6.070627 -0.597905 5.144892
endloop
endfacet
facet normal 0.454365 0.0223216 0.890536
outer loop
vertex -6.600000 0.000000 5.400000
vertex -6.070627 -0.597905 5.144892
vertex -6.100000 0.000000 5.144892
endloop
endfacet
facet normal 0.44999 0.0667498 0.890536
outer loop
vertex -6.568219 -0.646913 5.400000
vertex -6.473183 -1.287596 5.400000
vertex -5.982790 -1.190051 5.144892
endloop
endfacet
facet normal 0.449989 0.0667497 0.890536
outer loop
vertex -6.568219 -0.646913 5.400000
vertex -5.982790 -1.190051 5.144892
vertex -6.070627 -0.597905 5.144892
endloop
endfacet
facet normal 0.44128 0.110535 0.890536
outer loop
vertex -6.473183 -1.287596 5.400000
vertex -6.315806 -1.915879 5.400000
vertex -5.837336 -1.770737 5.144892
endloop
endfacet
facet normal 0.44128 0.110535 0.890536
outer loop
vertex -6.473183 -1.287596 5.400000
vertex -5.837336 -1.770737 5.144892
vertex -5.982790 -1.190051 5.144892
endloop
endfacet
facet normal 0.428321 0.153256 0.890536
outer loop
vertex -6.315806 -1.915879 5.400000
vertex -6.097605 -2.525711 5.400000
vertex -5.635665 -2.334369 5.144892
endloop
endfacet
facet normal 0.428321 0.153256 0.890536
outer loop
vertex -6.315806 -1.915879 5.400000
vertex -5.635665 -2.334369 5.144892
vertex -5.837336 -1.770737 5.144892
endloop
endfacet
facet normal 0.411237 0.194501 0.890536
outer loop
vertex -6.097605 -2.525711 5.400000
vertex -5.820680 -3.111218 5.400000
vertex -5.379720 -2.875520 5.144892
endloop
endfacet
facet normal 0.411237 0.1945 0.890536
outer loop
vertex -6.097605 -2.525711 5.400000
vertex -5.379720 -2.875520 5.144892
vertex -5.635665 -2.334369 5.144892
endloop
endfacet
facet normal 0.390192 0.233872 0.890536
outer loop
vertex -5.820680 -3.111218 5.400000
vertex -5.487700 -3.666764 5.400000
vertex -5.071965 -3.388978 5.144892
endloop
endfacet
facet normal 0.390192 0.233872 0.890536
outer loop
vertex -5.820680 -3.111218 5.400000
vertex -5.071965 -3.388978 5.144892
vertex -5.379720 -2.875520 5.144892
endloop
endfacet
facet normal 0.36539 0.270992 0.890536
outer loop
vertex -5.487700 -3.666764 5.400000
vertex -5.101869 -4.186996 5.400000
vertex -4.715364 -3.869799 5.144892
endloop
endfacet
facet normal 0.36539 0.270992 0.890536
outer loop
vertex -5.487700 -3.666764 5.400000
vertex -4.715364 -3.869799 5.144892
vertex -5.071965 -3.388978 5.144892
endloop
endfacet
facet normal 0.337068 0.305501 0.890536
outer loop
vertex -5.101869 -4.186996 5.400000
vertex -4.666905 -4.666905 5.400000
vertex -4.313351 -4.313351 5.144892
endloop
endfacet
facet normal 0.337068 0.305502 0.890536
outer loop
vertex -5.101869 -4.186996 5.400000
vertex -4.313351 -4.313351 5.144892
vertex -4.715364 -3.869799 5.144892
endloop
endfacet
facet normal 0.305501 0.337069 0.890536
outer loop
vertex -4.666905 -4.666905 5.400000
vertex -4.186996 -5.101869 5.400000
vertex -3.869799 -4.715364 5.144892
endloop
endfacet
facet normal 0.305501 0.337068 0.890536
outer loop
vertex -4.666905 -4.666905 5.400000
vertex -3.869799 -4.715364 5.144892
vertex -4.313351 -4.313351 5.144892
endloop
endfacet
facet normal 0.270992 0.36539 0.890536
outer loop
vertex -4.186996 -5.101869 5.400000
vertex -3.666764 -5.487700 5.400000
vertex -3.388978 -5.071965 5.144892
endloop
endfacet
facet normal 0.270992 0.36539 0.890536
outer loop
vertex -4.186996 -5.101869 5.400000
vertex -3.388978 -5.071965 5.144892
vertex -3.869799 -4.715364 5.144892
endloop
endfacet
facet normal 0.233872 0.390192 0.890536
outer loop
vertex -3.666764 -5.487700 5.400000
vertex -3.111218 -5.820680 5.400000
vertex -2.875520 -5.379720 5.144892
endloop
endfacet
facet normal 0.233872 0.390192 0.890536
outer loop
vertex -3.666764 -5.487700 5.400000
vertex -2.875520 -5.379720 5.144892
vertex -3.388978 -5.071965 5.144892
endloop
endfacet
facet normal 0.194501 0.411237 0.890536
outer loop
vertex -3.111218 -5.820680 5.400000
vertex -2.525711 -6.097605 5.400000
vertex -2.334369 -5.635665 5.144892
endloop
endfacet
facet normal 0.1945 0.411237 0.890536
outer loop
vertex -3.111218 -5.820680 5.400000
vertex -2.334369 -5.635665 5.144892
vertex -2.875520 -5.379720 5.144892
endloop
endfacet
facet normal 0.153256 0.428321 0.890536
outer loop
vertex -2.525711 -6.097605 5.400000
vertex -1.915879 -6.315806 5.400000
vertex -1.770737 -5.837336 5.144892
endloop
endfacet
facet normal 0.153256 0.428321 0.890536
outer loop
vertex -2.525711 -6.097605 5.400000
vertex -1.770737 -5.837336 5.144892
vertex -2.334369 -5.635665 5.144892
endloop
endfacet
facet normal 0.110535 0.44128 0.890536
outer loop
vertex -1.915879 -6.315806 5.400000
vertex -1.287596 -6.473183 5.400000
vertex -1.190051 -5.982790 5.144892
endloop
endfacet
facet normal 0.110535 0.44128 0.890536
outer loop
vertex -1.915879 -6.315806 5.400000
vertex -1.190051 -5.982790 5.144892
vertex -1.770737 -5.837336 5.144892
endloop
endfacet
facet normal 0.0667497 0.449989 0.890536
outer loop
vertex -1.287596 -6.473183 5.400000
vertex -0.646913 -6.568219 5.400000
vertex -0.597905 -6.070627 5.144892
endloop
endfacet
facet normal 0.0667498 0.449989 0.890536
outer loop
vertex -1.287596 -6.473183 5.400000
vertex -0.597905 -6.070627 5.144892
vertex -1.190051 -5.982790 5.144892
endloop
endfacet
facet normal 0.0223215 0.454365 0.890536
outer loop
vertex -0.646913 -6.568219 5.400000
vertex -0.000000 -6.600000 5.400000
vertex -0.000000 -6.100000 5.144892
endloop
endfacet
facet normal 0.0223216 0.454365 0.890536
outer loop
vertex -0.646913 -6.568219 5.400000
vertex -0.000000 -6.100000 5.144892
vertex -0.597905 -6.070627 5.144892
endloop
endfacet
facet normal -0.0223215 0.454365 0.890536
outer loop
vertex -0.000000 -6.600000 5.400000
vertex 0.646913 -6.568219 5.400000
vertex 0.597905 -6.070627 5.144892
endloop
endfacet
facet normal -0.0223216 0.454365 0.890536
outer loop
vertex -0.000000 -6.600000 5.400000
vertex 0.597905 -6.070627 5.144892
vertex -0.000000 -6.100000 5.144892
endloop
endfacet
facet normal -0.0667498 0.44999 0.890536
outer loop
vertex 0.646913 -6.568219 5.400000
vertex 1.287596 -6.473183 5.400000
vertex 1.190051 -5.982790 5.144892
endloop
endfacet
facet normal -0.0667497 0.449989 0.890536
outer loop
vertex 0.646913 -6.568219 5.400000
vertex 1.190051 -5.982790 5.144892
vertex 0.597905 -6.070627 5.144892
endloop
endfacet
facet normal -0.110535 0.44128 0.890536
outer loop
vertex 1.287596 -6.473183 5.400000
vertex 1.915879 -6.315806 5.400000
vertex 1.770737 -5.837336 5.144892
endloop
endfacet
facet normal -0.110535 0.44128 0.890536
outer loop
vertex 1.287596 -6.473183 5.400000
vertex 1.770737 -5.837336 5.144892
vertex 1.190051 -5.982790 5.144892
endloop
endfacet
facet normal -0.153256 0.428321 0.890536
outer loop
vertex 1.915879 -6.315806 5.400000
vertex 2.525711 -6.097605 5.400000
vertex 2.334369 -5.635665 5.144892
endloop
endfacet
facet normal -0.153256 0.428321 0.890536
outer loop
vertex 1.915879 -6.315806 5.400000
vertex 2.334369 -5.635665 5.144892
vertex 1.770737 -5.837336 5.144892
endloop
endfacet
facet normal -0.194501 0.411237 0.890536
outer loop
vertex 2.525711 -6.097605 5.400000
vertex 3.111218 -5.820680 5.400000
vertex 2.875520 -5.379720 5.144892
endloop
endfacet
facet normal -0.1945 0.411237 0.890536
outer loop
vertex 2.525711 -6.097605 5.400000
vertex 2.875520 -5.379720 5.144892
vertex 2.334369 -5.635665 5.144892
endloop
endfacet
facet normal -0.233872 0.390192 0.890536
outer loop
vertex 3.111218 -5.820680 5.400000
vertex 3.666764 -5.487700 5.400000
vertex 3.388978 -5.071965 5.144892
endloop
endfacet
facet normal -0.233872 0.390192 0.890536
outer loop
vertex 3.111218 -5.820680 5.400000
vertex 3.388978 -5.071965 5.144892
vertex 2.875520 -5.379720 5.144892
endloop
endfacet
facet normal -0.270992 0.36539 0.890536
outer loop
vertex 3.666764 -5.487700 5.400000
vertex 4.186996 -5.101869 5.400000
vertex 3.869799 -4.715364 5.144892
endloop
endfacet
facet normal -0.270992 0.36539 0.890536
outer loop
vertex 3.666764 -5.487700 5.400000
vertex 3.869799 -4.715364 5.144892
vertex 3.388978 -5.071965 5.144892
endloop
endfacet
facet normal -0.305501 0.337068 0.890536
outer loop
vertex 4.186996 -5.101869 5.400000
vertex 4.666905 -4.666905 5.400000
vertex 4.313351 -4.313351 5.144892
endloop
endfacet
facet normal -0.305502 0.337068 0.890536
outer loop
vertex 4.186996 -5.101869 5.400000
vertex 4.313351 -4.313351 5.144892
vertex 3.869799 -4.715364 5.144892
endloop
endfacet
facet normal -0.337069 0.305501 0.890536
outer loop
vertex 4.666905 -4.666905 5.400000
vertex 5.101869 -4.186996 5.400000
vertex 4.715364 -3.869799 5.144892
endloop
endfacet
facet normal -0.337068 0.305501 0.890536
outer loop
vertex 4.666905 -4.666905 5.400000
vertex 4.715364 -3.869799 5.144892
vertex 4.313351 -4.313351 5.144892
endloop
endfacet
facet normal -0.36539 0.270992 0.890536
outer loop
vertex 5.101869 -4.186996 5.400000
vertex 5.487700 -3.666764 5.400000
vertex 5.071965 -3.388978 5.144892
endloop
endfacet
facet normal -0.36539 0.270992 0.890536
outer loop
vertex 5.101869 -4.186996 5.400000
vertex 5.071965 -3.388978 5.144892
vertex 4.715364 -3.869799 5.144892
endloop
endfacet
facet normal -0.390192 0.233872 0.890536
outer loop
vertex 5.487700 -3.666764 5.400000
vertex 5.820680 -3.111218 5.400000
vertex 5.379720 -2.875520 5.144892
endloop
endfacet
facet normal -0.390192 0.233872 0.890536
outer loop
vertex 5.487700 -3.666764 5.400000
vertex 5.379720 -2.875520 5.144892
vertex 5.071965 -3.388978 5.144892
endloop
endfacet
facet normal -0.411237 0.194501 0.890536
outer loop
vertex 5.820680 -3.111218 5.400000
vertex 6.097605 -2.525711 5.400000
vertex 5.635665 -2.334369 5.144892
endloop
endfacet
facet normal -0.411237 0.1945 0.890536
outer loop
vertex 5.820680 -3.111218 5.400000
vertex 5.635665 -2.334369 5.144892
vertex 5.379720 -2.875520 5.144892
endloop
endfacet
facet normal -0.428321 0.153256 0.890536
outer loop
vertex 6.097605 -2.525711 5.400000
vertex 6.315806 -1.915879 5.400000
vertex 5.837336 -1.770737 5.144892
endloop
endfacet
facet normal -0.428321 0.153256 0.890536
outer loop
vertex 6.097605 -2.525711 5.400000
vertex 5.837336 -1.770737 5.144892
vertex 5.635665 -2.334369 5.144892
endloop
endfacet
facet normal -0.44128 0.110535 0.890536
outer loop
vertex 6.315806 -1.915879 5.400000
vertex 6.473183 -1.287596 5.400000
vertex 5.982790 -1.190051 5.144892
endloop
endfacet
facet normal -0.44128 0.110535 0.890536
outer loop
vertex 6.315806 -1.915879 5.400000
vertex 5.982790 -1.190051 5.144892
vertex 5.837336 -1.770737 5.144892
endloop
endfacet
facet normal -0.449989 0.0667497 0.890536
outer loop
vertex 6.473183 -1.287596 5.400000
vertex 6.568219 -0.646913 5.400000
vertex 6.070627 -0.597905 5.144892
endloop
endfacet
facet normal -0.449989 0.0667498 0.890536
outer loop
vertex 6.473183 -1.287596 5.400000
vertex 6.070627 -0.597905 5.144892
vertex 5.982790 -1.190051 5.144892
endloop
endfacet
facet normal -0.454365 0.0223215 0.890536
outer loop
vertex 6.568219 -0.646913 5.400000
vertex 6.600000 -0.000000 5.400000
vertex 6.100000 -0.000000 5.144892
endloop
endfacet
facet normal -0.454365 0.0223216 0.890536
outer loop
vertex 6.568219 -0.646913 5.400000
vertex 6.100000 -0.000000 5.144892
vertex 6.070627 -0.597905 5.144892
endloop
endfacet
facet normal -0.414799 -0.0203777 0.909685
outer loop
vertex 6.100000 -0.000000 5.144892
vertex 6.070627 0.597905 5.144892
vertex 5.224720 0.514590 4.757309
endloop
endfacet
facet normal -0.414799 -0.0203776 0.909685
outer loop
vertex 6.100000 -0.000000 5.144892
vertex 5.224720 0.514590 4.757309
vertex 5.250000 0.000000 4.757309
endloop
endfacet
facet normal -0.410804 -0.0609371 0.909685
outer loop
vertex 6.070627 0.597905 5.144892
vertex 5.982790 1.190051 5.144892
vertex 5.149123 1.024224 4.757309
endloop
endfacet
facet normal -0.410804 -0.0609372 0.909685
outer loop
vertex 6.070627 0.597905 5.144892
vertex 5.149123 1.024224 4.757309
vertex 5.224720 0.514590 4.757309
endloop
endfacet
facet normal -0.402853 -0.100909 0.909685
outer loop
vertex 5.982790 1.190051 5.144892
vertex 5.837336 1.770737 5.144892
vertex 5.023937 1.523995 4.757309
endloop
endfacet
facet normal -0.402853 -0.100909 0.909685
outer loop
vertex 5.982790 1.190051 5.144892
vertex 5.023937 1.523995 4.757309
vertex 5.149123 1.024224 4.757309
endloop
endfacet
facet normal -0.391022 -0.13991 0.909685
outer loop
vertex 5.837336 1.770737 5.144892
vertex 5.635665 2.334369 5.144892
vertex 4.850368 2.009088 4.757309
endloop
endfacet
facet normal -0.391022 -0.13991 0.909685
outer loop
vertex 5.837336 1.770737 5.144892
vertex 4.850368 2.009088 4.757309
vertex 5.023937 1.523995 4.757309
endloop
endfacet
facet normal -0.375426 -0.177563 0.909685
outer loop
vertex 5.635665 2.334369 5.144892
vertex 5.379720 2.875520 5.144892
vertex 4.630086 2.474833 4.757309
endloop
endfacet
facet normal -0.375426 -0.177563 0.909685
outer loop
vertex 5.635665 2.334369 5.144892
vertex 4.630086 2.474833 4.757309
vertex 4.850368 2.009088 4.757309
endloop
endfacet
facet normal -0.356214 -0.213506 0.909685
outer loop
vertex 5.379720 2.875520 5.144892
vertex 5.071965 3.388978 5.144892
vertex 4.365215 2.916744 4.757309
endloop
endfacet
facet normal -0.356214 -0.213506 0.909685
outer loop
vertex 5.379720 2.875520 5.144892
vertex 4.365215 2.916744 4.757309
vertex 4.630086 2.474833 4.757309
endloop
endfacet
facet normal -0.333571 -0.247393 0.909685
outer loop
vertex 5.071965 3.388978 5.144892
vertex 4.715364 3.869799 5.144892
vertex 4.058305 3.330565 4.757309
endloop
endfacet
facet normal -0.333571 -0.247393 0.909685
outer loop
vertex 5.071965 3.388978 5.144892
vertex 4.058305 3.330565 4.757309
vertex 4.365215 2.916744 4.757309
endloop
endfacet
facet normal -0.307716 -0.278898 0.909685
outer loop
vertex 4.715364 3.869799 5.144892
vertex 4.313351 4.313351 5.144892
vertex 3.712311 3.712311 4.757309
endloop
endfacet
facet normal -0.307716 -0.278897 0.909685
outer loop
vertex 4.715364 3.869799 5.144892
vertex 3.712311 3.712311 4.757309
vertex 4.058305 3.330565 4.757309
endloop
endfacet
facet normal -0.278898 -0.307716 0.909685
outer loop
vertex 4.313351 4.313351 5.144892
vertex 3.869799 4.715364 5.144892
vertex 3.330565 4.058305 4.757309
endloop
endfacet
facet normal -0.278898 -0.307716 0.909685
outer loop
vertex 4.313351 4.313351 5.144892
vertex 3.330565 4.058305 4.757309
vertex 3.712311 3.712311 4.757309
endloop
endfacet
facet normal -0.247393 -0.333571 0.909685
outer loop
vertex 3.869799 4.715364 5.144892
vertex 3.388978 5.071965 5.144892
vertex 2.916744 4.365215 4.757309
endloop
endfacet
facet normal -0.247393 -0.333571 0.909685
outer loop
vertex 3.869799 4.715364 5.144892
vertex 2.916744 4.365215 4.757309
vertex 3.330565 4.058305 4.757309
endloop
endfacet
facet normal -0.213506 -0.356214 0.909685
outer loop
vertex 3.388978 5.071965 5.144892
vertex 2.875520 5.379720 5.144892
vertex 2.474833 4.630086 4.757309
endloop
endfacet
facet normal -0.213506 -0.356214 0.909685
outer loop
vertex 3.388978 5.071965 5.144892
vertex 2.474833 4.630086 4.757309
vertex 2.916744 4.365215 4.757309
endloop
endfacet
facet normal -0.177563 -0.375426 0.909685
outer loop
vertex 2.875520 5.379720 5.144892
vertex 2.334369 5.635665 5.144892
vertex 2.009088 4.850368 4.757309
endloop
endfacet
facet normal -0.177563 -0.375425 0.909685
outer loop
vertex 2.875520 5.379720 5.144892
vertex 2.009088 4.850368 4.757309
vertex 2.474833 4.630086 4.757309
endloop
endfacet
facet normal -0.13991 -0.391022 0.909685
outer loop
vertex 2.334369 5.635665 5.144892
vertex 1.770737 5.837336 5.144892
vertex 1.523995 5.023937 4.757309
endloop
endfacet
facet normal -0.13991 -0.391022 0.909685
outer loop
vertex 2.334369 5.635665 5.144892
vertex 1.523995 5.023937 4.757309
vertex 2.009088 4.850368 4.757309
endloop
endfacet
facet normal -0.100909 -0.402853 0.909685
outer loop
vertex 1.770737 5.837336 5.144892
vertex 1.190051 5.982790 5.144892
vertex 1.024224 5.149123 4.757309
endloop
endfacet
facet normal -0.100909 -0.402853 0.909685
outer loop
vertex 1.770737 5.837336 5.144892
vertex 1.024224 5.149123 4.757309
vertex 1.523995 5.023937 4.757309
endloop
endfacet
facet normal -0.0609371 -0.410804 0.909685
outer loop
vertex 1.190051 5.982790 5.144892
vertex 0.597905 6.070627 5.144892
vertex 0.514590 5.224720 4.757309
endloop
endfacet
facet normal -0.0609371 -0.410804 0.909685
outer loop
vertex 1.190051 5.982790 5.144892
vertex 0.514590 5.224720 4.757309
vertex 1.024224 5.149123 4.757309
endloop
endfacet
facet normal -0.0203777 -0.414798 0.909685
outer loop
vertex 0.597905 6.070627 5.144892
vertex 0.000000 6.100000 5.144892
vertex 0.000000 5.250000 4.757309
endloop
endfacet
facet normal -0.0203776 -0.414799 0.909685
outer loop
vertex 0.597905 6.070627 5.144892
vertex 0.000000 5.250000 4.757309
vertex 0.514590 5.224720 4.757309
endloop
endfacet
facet normal 0.0203777 -0.414799 0.909685
outer loop
vertex 0.000000 6.100000 5.144892
vertex -0.597905 6.070627 5.144892
vertex -0.514590 5.224720 4.757309
endloop
endfacet
facet normal 0.0203776 -0.414799 0.909685
outer loop
vertex 0.000000 6.100000 5.144892
vertex -0.514590 5.224720 4.757309
vertex 0.000000 5.250000 4.757309
endloop
endfacet
facet normal 0.0609371 -0.410804 0.909685
outer loop
vertex -0.597905 6.070627 5.144892
vertex -1.190051 5.982790 5.144892
vertex -1.024224 5.149123 4.757309
endloop
endfacet
facet normal 0.0609372 -0.410804 0.909685
outer loop
vertex -0.597905 6.070627 5.144892
vertex -1.024224 5.149123 4.757309
vertex -0.514590 5.224720 4.757309
endloop
endfacet
facet normal 0.100909 -0.402853 0.909685
outer loop
vertex -1.190051 5.982790 5.144892
vertex -1.770737 5.837336 5.144892
vertex -1.523995 5.023937 4.757309
endloop
endfacet
facet normal 0.100909 -0.402853 0.909685
outer loop
vertex -1.190051 5.982790 5.144892
vertex -1.523995 5.023937 4.757309
vertex -1.024224 5.149123 4.757309
endloop
endfacet
facet normal 0.13991 -0.391022 0.909685
outer loop
vertex -1.770737 5.837336 5.144892
vertex -2.334369 5.635665 5.144892
vertex -2.009088 4.850368 4.757309
endloop
endfacet
facet normal 0.13991 -0.391022 0.909685
outer loop
vertex -1.770737 5.837336 5.144892
vertex -2.009088 4.850368 4.757309
vertex -1.523995 5.023937 4.757309
endloop
endfacet
facet normal 0.177563 -0.375426 0.909685
outer loop
vertex -2.334369 5.635665 5.144892
vertex -2.875520 5.379720 5.144892
vertex -2.474833 4.630086 4.757309
endloop
endfacet
facet normal 0.177563 -0.375426 0.909685
outer loop
vertex -2.334369 5.635665 5.144892
vertex -2.474833 4.630086 4.757309
vertex -2.009088 4.850368 4.757309
endloop
endfacet
facet normal 0.213506 -0.356214 0.909685
outer loop
vertex -2.875520 5.379720 5.144892
vertex -3.388978 5.071965 5.144892
vertex -2.916744 4.365215 4.757309
endloop
endfacet
facet normal 0.213506 -0.356214 0.909685
outer loop
vertex -2.875520 5.379720 5.144892
vertex -2.916744 4.365215 4.757309
vertex -2.474833 4.630086 4.757309
endloop
endfacet
facet normal 0.247393 -0.333571 0.909685
outer loop
vertex -3.388978 5.071965 5.144892
vertex -3.869799 4.715364 5.144892
vertex -3.330565 4.058305 4.757309
endloop
endfacet
facet normal 0.247393 -0.333571 0.909685
outer loop
vertex -3.388978 5.071965 5.144892
vertex -3.330565 4.058305 4.757309
vertex -2.916744 4.365215 4.757309
endloop
endfacet
facet normal 0.278898 -0.307716 0.909685
outer loop
vertex -3.869799 4.715364 5.144892
vertex -4.313351 4.313351 5.144892
vertex -3.712311 3.712311 4.757309
endloop
endfacet
facet normal 0.278897 -0.307716 0.909685
outer loop
vertex -3.869799 4.715364 5.144892
vertex -3.712311 3.712311 4.757309
vertex -3.330565 4.058305 4.757309
endloop
endfacet
facet normal 0.307716 -0.278898 0.909685
outer loop
vertex -4.313351 4.313351 5.144892
vertex -4.715364 3.869799 5.144892
vertex -4.058305 3.330565 4.757309
endloop
endfacet
facet normal 0.307716 -0.278898 0.909685
outer loop
vertex -4.313351 4.313351 5.144892
vertex -4.058305 3.330565 4.757309
vertex -3.712311 3.712311 4.757309
endloop
endfacet
facet normal 0.333571 -0.247393 0.909685
outer loop
vertex -4.715364 3.869799 5.144892
vertex -5.071965 3.388978 5.144892
vertex -4.365215 2.916744 4.757309
endloop
endfacet
facet normal 0.333571 -0.247393 0.909685
outer loop
vertex -4.715364 3.869799 5.144892
vertex -4.365215 2.916744 4.757309
vertex -4.058305 3.330565 4.757309
endloop
endfacet
facet normal 0.356214 -0.213506 0.909685
outer loop
vertex -5.071965 3.388978 5.144892
vertex -5.379720 2.875520 5.144892
vertex -4.630086 2.474833 4.757309
endloop
endfacet
facet normal 0.356214 -0.213506 0.909685
outer loop
vertex -5.071965 3.388978 5.144892
vertex -4.630086 2.474833 4.757309
vertex -4.365215 2.916744 4.757309
endloop
endfacet
facet normal 0.375426 -0.177563 0.909685
outer loop
vertex -5.379720 2.875520 5.144892
vertex -5.635665 2.334369 5.144892
vertex -4.850368 2.009088 4.757309
endloop
endfacet
facet normal 0.375425 -0.177563 0.909685
outer loop
vertex -5.379720 2.875520 5.144892
vertex -4.850368 2.009088 4.757309
vertex -4.630086 2.474833 4.757309
endloop
endfacet
facet normal 0.391022 -0.13991 0.909685
outer loop
vertex -5.635665 2.334369 5.144892
vertex -5.837336 1.770737 5.144892
vertex -5.023937 1.523995 4.757309
endloop
endfacet
facet normal 0.391022 -0.13991 0.909685
outer loop
vertex -5.635665 2.334369 5.144892
vertex -5.023937 1.523995 4.757309
vertex -4.850368 2.009088 4.757309
endloop
endfacet
facet normal 0.402853 -0.100909 0.909685
outer loop
vertex -5.837336 1.770737 5.144892
vertex -5.982790 1.190051 5.144892
vertex -5.149123 1.024224 4.757309
endloop
endfacet
facet normal 0.402853 -0.100909 0.909685
outer loop
vertex -5.837336 1.770737 5.144892
vertex -5.149123 1.024224 4.757309
vertex -5.023937 1.523995 4.757309
endloop
endfacet
facet normal 0.410804 -0.0609371 0.909685
outer loop
vertex -5.982790 1.190051 5.144892
vertex -6.070627 0.597905 5.144892
vertex -5.224720 0.514590 4.757309
endloop
endfacet
facet normal 0.410804 -0.0609371 0.909685
outer loop
vertex -5.982790 1.190051 5.144892
vertex -5.224720 0.514590 4.757309
vertex -5.149123 1.024224 4.757309
endloop
endfacet
facet normal 0.414798 -0.0203777 0.909685
outer loop
vertex -6.070627 0.597905 5.144892
vertex -6.100000 0.000000 5.144892
vertex -5.250000 0.000000 4.757309
endloop
endfacet
facet normal 0.414799 -0.0203776 0.909685
outer loop
vertex -6.070627 0.597905 5.144892
vertex -5.250000 0.000000 4.757309
vertex -5.224720 0.514590 4.757309
endloop
endfacet
facet normal 0.414799 0.0203777 0.909685
outer loop
vertex -6.100000 0.000000 5.144892
vertex -6.070627 -0.597905 5.144892
vertex -5.224720 -0.514590 4.757309
endloop
endfacet
facet normal 0.414799 0.0203776 0.909685
outer loop
vertex -6.100000 0.000000 5.144892
vertex -5.224720 -0.514590 4.757309
vertex -5.250000 0.000000 4.757309
endloop
endfacet
facet normal 0.410804 0.0609371 0.909685
outer loop
vertex -6.070627 -0.597905 5.144892
vertex -5.982790 -1.190051 5.144892
vertex -5.149123 -1.024224 4.757309
endloop
endfacet
facet normal 0.410804 0.0609372 0.909685
outer loop
vertex -6.070627 -0.597905 5.144892
vertex -5.149123 -1.024224 4.757309
vertex -5.224720 -0.514590 4.757309
endloop
endfacet
facet normal 0.402853 0.100909 0.909685
outer loop
vertex -5.982790 -1.190051 5.144892
vertex -5.837336 -1.770737 5.144892
vertex -5.023937 -1.523995 4.757309
endloop
endfacet
facet normal 0.402853 0.100909 0.909685
outer loop
vertex -5.982790 -1.190051 5.144892
vertex -5.023937 -1.523995 4.757309
vertex -5.149123 -1.024224 4.757309
endloop
endfacet
facet normal 0.391022 0.13991 0.909685
outer loop
vertex -5.837336 -1.770737 5.144892
vertex -5.635665 -2.334369 5.144892
vertex -4.850368 -2.009088 4.757309
endloop
endfacet
facet normal 0.391022 0.13991 0.909685
outer loop
vertex -5.837336 -1.770737 5.144892
vertex -4.850368 -2.009088 4.757309
vertex -5.023937 -1.523995 4.757309
endloop
endfacet
facet normal 0.375426 0.177563 0.909685
outer loop
vertex -5.635665 -2.334369 5.144892
vertex -5.379720 -2.875520 5.144892
vertex -4.630086 -2.474833 4.757309
endloop
endfacet
facet normal 0.375426 0.177563 0.909685
outer loop
vertex -5.635665 -2.334369 5.144892
vertex -4.630086 -2.474833 4.757309
vertex -4.850368 -2.009088 4.757309
endloop
endfacet
facet normal 0.356214 0.213506 0.909685
outer loop
vertex -5.379720 -2.875520 5.144892
vertex -5.071965 -3.388978 5.144892
vertex -4.365215 -2.916744 4.757309
endloop
endfacet
facet normal 0.356214 0.213506 0.909685
outer loop
vertex -5.379720 -2.875520 5.144892
vertex -4.365215 -2.916744 4.757309
vertex -4.630086 -2.474833 4.757309
endloop
endfacet
facet normal 0.333571 0.247393 0.909685
outer loop
vertex -5.071965 -3.388978 5.144892
vertex -4.715364 -3.869799 5.144892
vertex -4.058305 -3.330565 4.757309
endloop
endfacet
facet normal 0.333571 0.247393 0.909685
outer loop
vertex -5.071965 -3.388978 5.144892
vertex -4.058305 -3.330565 4.757309
vertex -4.365215 -2.916744 4.757309
endloop
endfacet
facet normal 0.307716 0.278898 0.909685
outer loop
vertex -4.715364 -3.869799 5.144892
vertex -4.313351 -4.313351 5.144892
vertex -3.712311 -3.712311 4.757309
endloop
endfacet
facet normal 0.307716 0.278897 0.909685
outer loop
vertex -4.715364 -3.869799 5.144892
vertex -3.712311 -3.712311 4.757309
vertex -4.058305 -3.330565 4.757309
endloop
endfacet
facet normal 0.278898 0.307716 0.909685
outer loop
vertex -4.313351 -4.313351 5.144892
vertex -3.869799 -4.715364 5.144892
vertex -3.330565 -4.058305 4.757309
endloop
endfacet
facet normal 0.278898 0.307716 0.909685
outer loop
vertex -4.313351 -4.313351 5.144892
vertex -3.330565 -4.058305 4.757309
vertex -3.712311 -3.712311 4.757309
endloop
endfacet
facet normal 0.247393 0.333571 0.909685
outer loop
vertex -3.869799 -4.715364 5.144892
vertex -3.388978 -5.071965 5.144892
vertex -2.916744 -4.365215 4.757309
endloop
endfacet
facet normal 0.247393 0.333571 0.909685
outer loop
vertex -3.869799 -4.715364 5.144892
vertex -2.916744 -4.365215 4.757309
vertex -3.330565 -4.058305 4.757309
endloop
endfacet
facet normal 0.213506 0.356214 0.909685
outer loop
vertex -3.388978 -5.071965 5.144892
vertex -2.875520 -5.379720 5.144892
vertex -2.474833 -4.630086 4.757309
endloop
endfacet
facet normal 0.213506 0.356214 0.909685
outer loop
vertex -3.388978 -5.071965 5.144892
vertex -2.474833 -4.630086 4.757309
vertex -2.916744 -4.365215 4.757309
endloop
endfacet
facet normal 0.177563 0.375426 0.909685
outer loop
vertex -2.875520 -5.379720 5.144892
vertex -2.334369 -5.635665 5.144892
vertex -2.009088 -4.850368 4.757309
endloop
endfacet
facet normal 0.177563 0.375425 0.909685
outer loop
vertex -2.875520 -5.379720 5.144892
vertex -2.009088 -4.850368 4.757309
vertex -2.474833 -4.630086 4.757309
endloop
endfacet
facet normal 0.13991 0.391022 0.909685
outer loop
vertex -2.334369 -5.635665 5.144892
vertex -1.770737 -5.837336 5.144892
vertex -1.523995 -5.023937 4.757309
endloop
endfacet
facet normal 0.13991 0.391022 0.909685
outer loop
vertex -2.334369 -5.635665 5.144892
vertex -1.523995 -5.023937 4.757309
vertex -2.009088 -4.850368 4.757309
endloop
endfacet
facet normal 0.100909 0.402853 0.909685
outer loop
vertex -1.770737 -5.837336 5.144892
vertex -1.190051 -5.982790 5.144892
vertex -1.024224 -5.149123 4.757309
endloop
endfacet
facet normal 0.100909 0.402853 0.909685
outer loop
vertex -1.770737 -5.837336 5.144892
vertex -1.024224 -5.149123 4.757309
vertex -1.523995 -5.023937 4.757309
endloop
endfacet
facet normal 0.0609371 0.410804 0.909685
outer loop
vertex -1.190051 -5.982790 5.144892
vertex -0.597905 -6.070627 5.144892
vertex -0.514590 -5.224720 4.757309
endloop
endfacet
facet normal 0.0609371 0.410804 0.909685
outer loop
vertex -1.190051 -5.982790 5.144892
vertex -0.514590 -5.224720 4.757309
vertex -1.024224 -5.149123 4.757309
endloop
endfacet
facet normal 0.0203777 0.414798 0.909685
outer loop
vertex -0.597905 -6.070627 5.144892
vertex -0.000000 -6.100000 5.144892
vertex -0.000000 -5.250000 4.757309
endloop
endfacet
facet normal 0.0203776 0.414799 0.909685
outer loop
vertex -0.597905 -6.070627 5.144892
vertex -0.000000 -5.250000 4.757309
vertex -0.514590 -5.224720 4.757309
endloop
endfacet
facet normal -0.0203777 0.414799 0.909685
outer loop
vertex -0.000000 -6.100000 5.144892
vertex 0.597905 -6.070627 5.144892
vertex 0.514590 -5.224720 4.757309
endloop
endfacet
facet normal -0.0203776 0.414799 0.909685
outer loop
vertex -0.000000 -6.100000 5.144892
vertex 0.514590 -5.224720 4.757309
vertex -0.000000 -5.250000 4.757309
endloop
endfacet
facet normal -0.0609371 0.410804 0.909685
outer loop
vertex 0.597905 -6.070627 5.144892
vertex 1.190051 -5.982790 5.144892
vertex 1.024224 -5.149123 4.757309
endloop
endfacet
facet normal -0.0609372 0.410804 0.909685
outer loop
vertex 0.597905 -6.070627 5.144892
vertex 1.024224 -5.149123 4.757309
vertex 0.514590 -5.224720 4.757309
endloop
endfacet
facet normal -0.100909 0.402853 0.909685
outer loop
vertex 1.190051 -5.982790 5.144892
vertex 1.770737 -5.837336 5.144892
vertex 1.523995 -5.023937 4.757309
endloop
endfacet
facet normal -0.100909 0.402853 0.909685
outer loop
vertex 1.190051 -5.982790 5.144892
vertex 1.523995 -5.023937 4.757309
vertex 1.024224 -5.149123 4.757309
endloop
endfacet
facet normal -0.13991 0.391022 0.909685
outer loop
vertex 1.770737 -5.837336 5.144892
vertex 2.334369 -5.635665 5.144892
vertex 2.009088 -4.850368 4.757309
endloop
endfacet
facet normal -0.13991 0.391022 0.909685
outer loop
vertex 1.770737 -5.837336 5.144892
vertex 2.009088 -4.850368 4.757309
vertex 1.523995 -5.023937 4.757309
endloop
endfacet
facet normal -0.177563 0.375426 0.909685
outer loop
vertex 2.334369 -5.635665 5.144892
vertex 2.875520 -5.379720 5.144892
vertex 2.474833 -4.630086 4.757309
endloop
endfacet
facet normal -0.177563 0.375426 0.909685
outer loop
vertex 2.334369 -5.635665 5.144892
vertex 2.474833 -4.630086 4.757309
vertex 2.009088 -4.850368 4.757309
endloop
endfacet
facet normal -0.213506 0.356214 0.909685
outer loop
vertex 2.875520 -5.379720 5.144892
vertex 3.388978 -5.071965 5.144892
vertex 2.916744 -4.365215 4.757309
endloop
endfacet
facet normal -0.213506 0.356214 0.909685
outer loop
vertex 2.875520 -5.379720 5.144892
vertex 2.916744 -4.365215 4.757309
vertex 2.474833 -4.630086 4.757309
endloop
endfacet
facet normal -0.247393 0.333571 0.909685
outer loop
vertex 3.388978 -5.071965 5.144892
vertex 3.869799 -4.715364 5.144892
vertex 3.330565 -4.058305 4.757309
endloop
endfacet
facet normal -0.247393 0.333571 0.909685
outer loop
vertex 3.388978 -5.071965 5.144892
vertex 3.330565 -4.058305 4.757309
vertex 2.916744 -4.365215 4.757309
endloop
endfacet
facet normal -0.278898 0.307716 0.909685
outer loop
vertex 3.869799 -4.715364 5.144892
vertex 4.313351 -4.313351 5.144892
vertex 3.712311 -3.712311 4.757309
endloop
endfacet
facet normal -0.278897 0.307716 0.909685
outer loop
vertex 3.869799 -4.715364 5.144892
vertex 3.712311 -3.712311 4.757309
vertex 3.330565 -4.058305 4.757309
endloop
endfacet
facet normal -0.307716 0.278898 0.909685
outer loop
vertex 4.313351 -4.313351 5.144892
vertex 4.715364 -3.869799 5.144892
vertex 4.058305 -3.330565 4.757309
endloop
endfacet
facet normal -0.307716 0.278898 0.909685
outer loop
vertex 4.313351 -4.313351 5.144892
vertex 4.058305 -3.330565 4.757309
vertex 3.712311 -3.712311 4.757309
endloop
endfacet
facet normal -0.333571 0.247393 0.909685
outer loop
vertex 4.715364 -3.869799 5.144892
vertex 5.071965 -3.388978 5.144892
vertex 4.365215 -2.916744 4.757309
endloop
endfacet
facet normal -0.333571 0.247393 0.909685
outer loop
vertex 4.715364 -3.869799 5.144892
vertex 4.365215 -2.916744 4.757309
vertex 4.058305 -3.330565 4.757309
endloop
endfacet
facet normal -0.356214 0.213506 0.909685
outer loop
vertex 5.071965 -3.388978 5.144892
vertex 5.379720 -2.875520 5.144892
vertex 4.630086 -2.474833 4.757309
endloop
endfacet
facet normal -0.356214 0.213506 0.909685
outer loop
vertex 5.071965 -3.388978 5.144892
vertex 4.630086 -2.474833 4.757309
vertex 4.365215 -2.916744 4.757309
endloop
endfacet
facet normal -0.375426 0.177563 0.909685
outer loop
vertex 5.379720 -2.875520 5.144892
vertex 5.635665 -2.334369 5.144892
vertex 4.850368 -2.009088 4.757309
endloop
endfacet
facet normal -0.375425 0.177563 0.909685
outer loop
vertex 5.379720 -2.875520 5.144892
vertex 4.850368 -2.009088 4.757309
vertex 4.630086 -2.474833 4.757309
endloop
endfacet
facet normal -0.391022 0.13991 0.909685
outer loop
vertex 5.635665 -2.334369 5.144892
vertex 5.837336 -1.770737 5.144892
vertex 5.023937 -1.523995 4.757309
endloop
endfacet
facet normal -0.391022 0.13991 0.909685
outer loop
vertex 5.635665 -2.334369 5.144892
vertex 5.023937 -1.523995 4.757309
vertex 4.850368 -2.009088 4.757309
endloop
endfacet
facet normal -0.402853 0.100909 0.909685
outer loop
vertex 5.837336 -1.770737 5.144892
vertex 5.982790 -1.190051 5.144892
vertex 5.149123 -1.024224 4.757309
endloop
endfacet
facet normal -0.402853 0.100909 0.909685
outer loop
vertex 5.837336 -1.770737 5.144892
vertex 5.149123 -1.024224 4.757309
vertex 5.023937 -1.523995 4.757309
endloop
endfacet
facet normal -0.410804 0.0609371 0.909685
outer loop
vertex 5.982790 -1.190051 5.144892
vertex 6.070627 -0.597905 5.144892
vertex 5.224720 -0.514590 4.757309
endloop
endfacet
facet normal -0.410804 0.0609371 0.909685
outer loop
vertex 5.982790 -1.190051 5.144892
vertex 5.224720 -0.514590 4.757309
vertex 5.149123 -1.024224 4.757309
endloop
endfacet
facet normal -0.414798 0.0203777 0.909685
outer loop
vertex 6.070627 -0.597905 5.144892
vertex 6.100000 -0.000000 5.144892
vertex 5.250000 0.000000 4.757309
endloop
endfacet
facet normal -0.414799 0.0203776 0.909685
outer loop
vertex 6.070627 -0.597905 5.144892
vertex 5.250000 0.000000 4.757309
vertex 5.224720 -0.514590 4.757309
endloop
endfacet
facet normal -0.351589 -0.0172723 0.935995
outer loop
vertex 5.250000 0.000000 4.757309
vertex 5.224720 0.514590 4.757309
vertex 4.080257 0.401870 4.325333
endloop
endfacet
facet normal -0.351589 -0.0172724 0.935995
outer loop
vertex 5.250000 0.000000 4.757309
vertex 4.080257 0.401870 4.325333
vertex 4.100000 -0.000000 4.325333
endloop
endfacet
facet normal -0.348203 -0.0516512 0.935995
outer loop
vertex 5.224720 0.514590 4.757309
vertex 5.149123 1.024224 4.757309
vertex 4.021220 0.799870 4.325333
endloop
endfacet
facet normal -0.348203 -0.0516511 0.935995
outer loop
vertex 5.224720 0.514590 4.757309
vertex 4.021220 0.799870 4.325333
vertex 4.080257 0.401870 4.325333
endloop
endfacet
facet normal -0.341464 -0.0855323 0.935995
outer loop
vertex 5.149123 1.024224 4.757309
vertex 5.023937 1.523995 4.757309
vertex 3.923455 1.190167 4.325333
endloop
endfacet
facet normal -0.341464 -0.0855323 0.935995
outer loop
vertex 5.149123 1.024224 4.757309
vertex 3.923455 1.190167 4.325333
vertex 4.021220 0.799870 4.325333
endloop
endfacet
facet normal -0.331436 -0.11859 0.935995
outer loop
vertex 5.023937 1.523995 4.757309
vertex 4.850368 2.009088 4.757309
vertex 3.787906 1.569002 4.325333
endloop
endfacet
facet normal -0.331436 -0.11859 0.935995
outer loop
vertex 5.023937 1.523995 4.757309
vertex 3.787906 1.569002 4.325333
vertex 3.923455 1.190167 4.325333
endloop
endfacet
facet normal -0.318216 -0.150505 0.935995
outer loop
vertex 4.850368 2.009088 4.757309
vertex 4.630086 2.474833 4.757309
vertex 3.615877 1.932727 4.325333
endloop
endfacet
facet normal -0.318216 -0.150505 0.935995
outer loop
vertex 4.850368 2.009088 4.757309
vertex 3.615877 1.932727 4.325333
vertex 3.787906 1.569002 4.325333
endloop
endfacet
facet normal -0.301932 -0.180971 0.935995
outer loop
vertex 4.630086 2.474833 4.757309
vertex 4.365215 2.916744 4.757309
vertex 3.409025 2.277838 4.325333
endloop
endfacet
facet normal -0.301932 -0.180971 0.935995
outer loop
vertex 4.630086 2.474833 4.757309
vertex 3.409025 2.277838 4.325333
vertex 3.615877 1.932727 4.325333
endloop
endfacet
facet normal -0.28274 -0.209694 0.935995
outer loop
vertex 4.365215 2.916744 4.757309
vertex 4.058305 3.330565 4.757309
vertex 3.169343 2.601012 4.325333
endloop
endfacet
facet normal -0.28274 -0.209694 0.935995
outer loop
vertex 4.365215 2.916744 4.757309
vertex 3.169343 2.601012 4.325333
vertex 3.409025 2.277838 4.325333
endloop
endfacet
facet normal -0.260825 -0.236398 0.935995
outer loop
vertex 4.058305 3.330565 4.757309
vertex 3.712311 3.712311 4.757309
vertex 2.899138 2.899138 4.325333
endloop
endfacet
facet normal -0.260825 -0.236398 0.935995
outer loop
vertex 4.058305 3.330565 4.757309
vertex 2.899138 2.899138 4.325333
vertex 3.169343 2.601012 4.325333
endloop
endfacet
facet normal -0.236398 -0.260825 0.935995
outer loop
vertex 3.712311 3.712311 4.757309
vertex 3.330565 4.058305 4.757309
vertex 2.601012 3.169343 4.325333
endloop
endfacet
facet normal -0.236398 -0.260825 0.935995
outer loop
vertex 3.712311 3.712311 4.757309
vertex 2.601012 3.169343 4.325333
vertex 2.899138 2.899138 4.325333
endloop
endfacet
facet normal -0.209694 -0.28274 0.935995
outer loop
vertex 3.330565 4.058305 4.757309
vertex 2.916744 4.365215 4.757309
vertex 2.277838 3.409025 4.325333
endloop
endfacet
facet normal -0.209694 -0.28274 0.935995
outer loop
vertex 3.330565 4.058305 4.757309
vertex 2.277838 3.409025 4.325333
vertex 2.601012 3.169343 4.325333
endloop
endfacet
facet normal -0.180971 -0.301932 0.935995
outer loop
vertex 2.916744 4.365215 4.757309
vertex 2.474833 4.630086 4.757309
vertex 1.932727 3.615877 4.325333
endloop
endfacet
facet normal -0.180971 -0.301932 0.935995
outer loop
vertex 2.916744 4.365215 4.757309
vertex 1.932727 3.615877 4.325333
vertex 2.277838 3.409025 4.325333
endloop
endfacet
facet normal -0.150505 -0.318216 0.935995
outer loop
vertex 2.474833 4.630086 4.757309
vertex 2.009088 4.850368 4.757309
vertex 1.569002 3.787906 4.325333
endloop
endfacet
facet normal -0.150505 -0.318216 0.935995
outer loop
vertex 2.474833 4.630086 4.757309
vertex 1.569002 3.787906 4.325333
vertex 1.932727 3.615877 4.325333
endloop
endfacet
facet normal -0.11859 -0.331436 0.935995
outer loop
vertex 2.009088 4.850368 4.757309
vertex 1.523995 5.023937 4.757309
vertex 1.190167 3.923455 4.325333
endloop
endfacet
facet normal -0.11859 -0.331436 0.935995
outer loop
vertex 2.009088 4.850368 4.757309
vertex 1.190167 3.923455 4.325333
vertex 1.569002 3.787906 4.325333
endloop
endfacet
facet normal -0.0855323 -0.341464 0.935995
outer loop
vertex 1.523995 5.023937 4.757309
vertex 1.024224 5.149123 4.757309
vertex 0.799870 4.021220 4.325333
endloop
endfacet
facet normal -0.0855323 -0.341464 0.935995
outer loop
vertex 1.523995 5.023937 4.757309
vertex 0.799870 4.021220 4.325333
vertex 1.190167 3.923455 4.325333
endloop
endfacet
facet normal -0.0516512 -0.348203 0.935995
outer loop
vertex 1.024224 5.149123 4.757309
vertex 0.514590 5.224720 4.757309
vertex 0.401870 4.080257 4.325333
endloop
endfacet
facet normal -0.0516511 -0.348203 0.935995
outer loop
vertex 1.024224 5.149123 4.757309
vertex 0.401870 4.080257 4.325333
vertex 0.799870 4.021220 4.325333
endloop
endfacet
facet normal -0.0172723 -0.351589 0.935995
outer loop
vertex 0.514590 5.224720 4.757309
vertex 0.000000 5.250000 4.757309
vertex 0.000000 4.100000 4.325333
endloop
endfacet
facet normal -0.0172724 -0.351589 0.935995
outer loop
vertex 0.514590 5.224720 4.757309
vertex 0.000000 4.100000 4.325333
vertex 0.401870 4.080257 4.325333
endloop
endfacet
facet normal 0.0172723 -0.351589 0.935995
outer loop
vertex 0.000000 5.250000 4.757309
vertex -0.514590 5.224720 4.757309
vertex -0.401870 4.080257 4.325333
endloop
endfacet
facet normal 0.0172724 -0.351589 0.935995
outer loop
vertex 0.000000 5.250000 4.757309
vertex -0.401870 4.080257 4.325333
vertex 0.000000 4.100000 4.325333
endloop
endfacet
facet normal 0.0516512 -0.348203 0.935995
outer loop
vertex -0.514590 5.224720 4.757309
vertex -1.024224 5.149123 4.757309
vertex -0.799870 4.021220 4.325333
endloop
endfacet
facet normal 0.0516511 -0.348203 0.935995
outer loop
vertex -0.514590 5.224720 4.757309
vertex -0.799870 4.021220 4.325333
vertex -0.401870 4.080257 4.325333
endloop
endfacet
facet normal 0.0855323 -0.341464 0.935995
outer loop
vertex -1.024224 5.149123 4.757309
vertex -1.523995 5.023937 4.757309
vertex -1.190167 3.923455 4.325333
endloop
endfacet
facet normal 0.0855323 -0.341464 0.935995
outer loop
vertex -1.024224 5.149123 4.757309
vertex -1.190167 3.923455 4.325333
vertex -0.799870 4.021220 4.325333
endloop
endfacet
facet normal 0.11859 -0.331436 0.935995
outer loop
vertex -1.523995 5.023937 4.757309
vertex -2.009088 4.850368 4.757309
vertex -1.569002 3.787906 4.325333
endloop
endfacet
facet normal 0.11859 -0.331436 0.935995
outer loop
vertex -1.523995 5.023937 4.757309
vertex -1.569002 3.787906 4.325333
vertex -1.190167 3.923455 4.325333
endloop
endfacet
facet normal 0.150505 -0.318216 0.935995
outer loop
vertex -2.009088 4.850368 4.757309
vertex -2.474833 4.630086 4.757309
vertex -1.932727 3.615877 4.325333
endloop
endfacet
facet normal 0.150505 -0.318216 0.935995
outer loop
vertex -2.009088 4.850368 4.757309
vertex -1.932727 3.615877 4.325333
vertex -1.569002 3.787906 4.325333
endloop
endfacet
facet normal 0.180971 -0.301932 0.935995
outer loop
vertex -2.474833 4.630086 4.757309
vertex -2.916744 4.365215 4.757309
vertex -2.277838 3.409025 4.325333
endloop
endfacet
facet normal 0.180971 -0.301932 0.935995
outer loop
vertex -2.474833 4.630086 4.757309
vertex -2.277838 3.409025 4.325333
vertex -1.932727 3.615877 4.325333
endloop
endfacet
facet normal 0.209694 -0.28274 0.935995
outer loop
vertex -2.916744 4.365215 4.757309
vertex -3.330565 4.058305 4.757309
vertex -2.601012 3.169343 4.325333
endloop
endfacet
facet normal 0.209694 -0.28274 0.935995
outer loop
vertex -2.916744 4.365215 4.757309
vertex -2.601012 3.169343 4.325333
vertex -2.277838 3.409025 4.325333
endloop
endfacet
facet normal 0.236398 -0.260825 0.935995
outer loop
vertex -3.330565 4.058305 4.757309
vertex -3.712311 3.712311 4.757309
vertex -2.899138 2.899138 4.325333
endloop
endfacet
facet normal 0.236398 -0.260825 0.935995
outer loop
vertex -3.330565 4.058305 4.757309
vertex -2.899138 2.899138 4.325333
vertex -2.601012 3.169343 4.325333
endloop
endfacet
facet normal 0.260825 -0.236398 0.935995
outer loop
vertex -3.712311 3.712311 4.757309
vertex -4.058305 3.330565 4.757309
vertex -3.169343 2.601012 4.325333
endloop
endfacet
facet normal 0.260825 -0.236398 0.935995
outer loop
vertex -3.712311 3.712311 4.757309
vertex -3.169343 2.601012 4.325333
vertex -2.899138 2.899138 4.325333
endloop
endfacet
facet normal 0.28274 -0.209694 0.935995
outer loop
vertex -4.058305 3.330565 4.757309
vertex -4.365215 2.916744 4.757309
vertex -3.409025 2.277838 4.325333
endloop
endfacet
facet normal 0.28274 -0.209694 0.935995
outer loop
vertex -4.058305 3.330565 4.757309
vertex -3.409025 2.277838 4.325333
vertex -3.169343 2.601012 4.325333
endloop
endfacet
facet normal 0.301932 -0.180971 0.935995
outer loop
vertex -4.365215 2.916744 4.757309
vertex -4.630086 2.474833 4.757309
vertex -3.615877 1.932727 4.325333
endloop
endfacet
facet normal 0.301932 -0.180971 0.935995
outer loop
vertex -4.365215 2.916744 4.757309
vertex -3.615877 1.932727 4.325333
vertex -3.409025 2.277838 4.325333
endloop
endfacet
facet normal 0.318216 -0.150505 0.935995
outer loop
vertex -4.630086 2.474833 4.757309
vertex -4.850368 2.009088 4.757309
vertex -3.787906 1.569002 4.325333
endloop
endfacet
facet normal 0.318216 -0.150505 0.935995
outer loop
vertex -4.630086 2.474833 4.757309
vertex -3.787906 1.569002 4.325333
vertex -3.615877 1.932727 4.325333
endloop
endfacet
facet normal 0.331436 -0.11859 0.935995
outer loop
vertex -4.850368 2.009088 4.757309
vertex -5.023937 1.523995 4.757309
vertex -3.923455 1.190167 4.325333
endloop
endfacet
facet normal 0.331436 -0.11859 0.935995
outer loop
vertex -4.850368 2.009088 4.757309
vertex -3.923455 1.190167 4.325333
vertex -3.787906 1.569002 4.325333
endloop
endfacet
facet normal 0.341464 -0.0855323 0.935995
outer loop
vertex -5.023937 1.523995 4.757309
vertex -5.149123 1.024224 4.757309
vertex -4.021220 0.799870 4.325333
endloop
endfacet
facet normal 0.341464 -0.0855323 0.935995
outer loop
vertex -5.023937 1.523995 4.757309
vertex -4.021220 0.799870 4.325333
vertex -3.923455 1.190167 4.325333
endloop
endfacet
facet normal 0.348203 -0.0516512 0.935995
outer loop
vertex -5.149123 1.024224 4.757309
vertex -5.224720 0.514590 4.757309
vertex -4.080257 0.401870 4.325333
endloop
endfacet
facet normal 0.348203 -0.0516511 0.935995
outer loop
vertex -5.149123 1.024224 4.757309
vertex -4.080257 0.401870 4.325333
vertex -4.021220 0.799870 4.325333
endloop
endfacet
facet normal 0.351589 -0.0172723 0.935995
outer loop
vertex -5.224720 0.514590 4.757309
vertex -5.250000 0.000000 4.757309
vertex -4.100000 0.000000 4.325333
endloop
endfacet
facet normal 0.351589 -0.0172724 0.935995
outer loop
vertex -5.224720 0.514590 4.757309
vertex -4.100000 0.000000 4.325333
vertex -4.080257 0.401870 4.325333
endloop
endfacet
facet normal 0.351589 0.0172723 0.935995
outer loop
vertex -5.250000 0.000000 4.757309
vertex -5.224720 -0.514590 4.757309
vertex -4.080257 -0.401870 4.325333
endloop
endfacet
facet normal 0.351589 0.0172724 0.935995
outer loop
vertex -5.250000 0.000000 4.757309
vertex -4.080257 -0.401870 4.325333
vertex -4.100000 0.000000 4.325333
endloop
endfacet
facet normal 0.348203 0.0516512 0.935995
outer loop
vertex -5.224720 -0.514590 4.757309
vertex -5.149123 -1.024224 4.757309
vertex -4.021220 -0.799870 4.325333
endloop
endfacet
facet normal 0.348203 0.0516511 0.935995
outer loop
vertex -5.224720 -0.514590 4.757309
vertex -4.021220 -0.799870 4.325333
vertex -4.080257 -0.401870 4.325333
endloop
endfacet
facet normal 0.341464 0.0855323 0.935995
outer loop
vertex -5.149123 -1.024224 4.757309
vertex -5.023937 -1.523995 4.757309
vertex -3.923455 -1.190167 4.325333
endloop
endfacet
facet normal 0.341464 0.0855323 0.935995
outer loop
vertex -5.149123 -1.024224 4.757309
vertex -3.923455 -1.190167 4.325333
vertex -4.021220 -0.799870 4.325333
endloop
endfacet
facet normal 0.331436 0.11859 0.935995
outer loop
vertex -5.023937 -1.523995 4.757309
vertex -4.850368 -2.009088 4.757309
vertex -3.787906 -1.569002 4.325333
endloop
endfacet
facet normal 0.331436 0.11859 0.935995
outer loop
vertex -5.023937 -1.523995 4.757309
vertex -3.787906 -1.569002 4.325333
vertex -3.923455 -1.190167 4.325333
endloop
endfacet
facet normal 0.318216 0.150505 0.935995
outer loop
vertex -4.850368 -2.009088 4.757309
vertex -4.630086 -2.474833 4.757309
vertex -3.615877 -1.932727 4.325333
endloop
endfacet
facet normal 0.318216 0.150505 0.935995
outer loop
vertex -4.850368 -2.009088 4.757309
vertex -3.615877 -1.932727 4.325333
vertex -3.787906 -1.569002 4.325333
endloop
endfacet
facet normal 0.301932 0.180971 0.935995
outer loop
vertex -4.630086 -2.474833 4.757309
vertex -4.365215 -2.916744 4.757309
vertex -3.409025 -2.277838 4.325333
endloop
endfacet
facet normal 0.301932 0.180971 0.935995
outer loop
vertex -4.630086 -2.474833 4.757309
vertex -3.409025 -2.277838 4.325333
vertex -3.615877 -1.932727 4.325333
endloop
endfacet
facet normal 0.28274 0.209694 0.935995
outer loop
vertex -4.365215 -2.916744 4.757309
vertex -4.058305 -3.330565 4.757309
vertex -3.169343 -2.601012 4.325333
endloop
endfacet
facet normal 0.28274 0.209694 0.935995
outer loop
vertex -4.365215 -2.916744 4.757309
vertex -3.169343 -2.601012 4.325333
vertex -3.409025 -2.277838 4.325333
endloop
endfacet
facet normal 0.260825 0.236398 0.935995
outer loop
vertex -4.058305 -3.330565 4.757309
vertex -3.712311 -3.712311 4.757309
vertex -2.899138 -2.899138 4.325333
endloop
endfacet
facet normal 0.260825 0.236398 0.935995
outer loop
vertex -4.058305 -3.330565 4.757309
vertex -2.899138 -2.899138 4.325333
vertex -3.169343 -2.601012 4.325333
endloop
endfacet
facet normal 0.236398 0.260825 0.935995
outer loop
vertex -3.712311 -3.712311 4.757309
vertex -3.330565 -4.058305 4.757309
vertex -2.601012 -3.169343 4.325333
endloop
endfacet
facet normal 0.236398 0.260825 0.935995
outer loop
vertex -3.712311 -3.712311 4.757309
vertex -2.601012 -3.169343 4.325333
vertex -2.899138 -2.899138 4.325333
endloop
endfacet
facet normal 0.209694 0.28274 0.935995
outer loop
vertex -3.330565 -4.058305 4.757309
vertex -2.916744 -4.365215 4.757309
vertex -2.277838 -3.409025 4.325333
endloop
endfacet
facet normal 0.209694 0.28274 0.935995
outer loop
vertex -3.330565 -4.058305 4.757309
vertex -2.277838 -3.409025 4.325333
vertex -2.601012 -3.169343 4.325333
endloop
endfacet
facet normal 0.180971 0.301932 0.935995
outer loop
vertex -2.916744 -4.365215 4.757309
vertex -2.474833 -4.630086 4.757309
vertex -1.932727 -3.615877 4.325333
endloop
endfacet
facet normal 0.180971 0.301932 0.935995
outer loop
vertex -2.916744 -4.365215 4.757309
vertex -1.932727 -3.615877 4.325333
vertex -2.277838 -3.409025 4.325333
endloop
endfacet
facet normal 0.150505 0.318216 0.935995
outer loop
vertex -2.474833 -4.630086 4.757309
vertex -2.009088 -4.850368 4.757309
vertex -1.569002 -3.787906 4.325333
endloop
endfacet
facet normal 0.150505 0.318216 0.935995
outer loop
vertex -2.474833 -4.630086 4.757309
vertex -1.569002 -3.787906 4.325333
vertex -1.932727 -3.615877 4.325333
endloop
endfacet
facet normal 0.11859 0.331436 0.935995
outer loop
vertex -2.009088 -4.850368 4.757309
vertex -1.523995 -5.023937 4.757309
vertex -1.190167 -3.923455 4.325333
endloop
endfacet
facet normal 0.11859 0.331436 0.935995
outer loop
vertex -2.009088 -4.850368 4.757309
vertex -1.190167 -3.923455 4.325333
vertex -1.569002 -3.787906 4.325333
endloop
endfacet
facet normal 0.0855323 0.341464 0.935995
outer loop
vertex -1.523995 -5.023937 4.757309
vertex -1.024224 -5.149123 4.757309
vertex -0.799870 -4.021220 4.325333
endloop
endfacet
facet normal 0.0855323 0.341464 0.935995
outer loop
vertex -1.523995 -5.023937 4.757309
vertex -0.799870 -4.021220 4.325333
vertex -1.190167 -3.923455 4.325333
endloop
endfacet
facet normal 0.0516512 0.348203 0.935995
outer loop
vertex -1.024224 -5.149123 4.757309
vertex -0.514590 -5.224720 4.757309
vertex -0.401870 -4.080257 4.325333
endloop
endfacet
facet normal 0.0516511 0.348203 0.935995
outer loop
vertex -1.024224 -5.149123 4.757309
vertex -0.401870 -4.080257 4.325333
vertex -0.799870 -4.021220 4.325333
endloop
endfacet
facet normal 0.0172723 0.351589 0.935995
outer loop
vertex -0.514590 -5.224720 4.757309
vertex -0.000000 -5.250000 4.757309
vertex -0.000000 -4.100000 4.325333
endloop
endfacet
facet normal 0.0172724 0.351589 0.935995
outer loop
vertex -0.514590 -5.224720 4.757309
vertex -0.000000 -4.100000 4.325333
vertex -0.401870 -4.080257 4.325333
endloop
endfacet
facet normal -0.0172723 0.351589 0.935995
outer loop
vertex -0.000000 -5.250000 4.757309
vertex 0.514590 -5.224720 4.757309
vertex 0.401870 -4.080257 4.325333
endloop
endfacet
facet normal -0.0172724 0.351589 0.935995
outer loop
vertex -0.000000 -5.250000 4.757309
vertex 0.401870 -4.080257 4.325333
vertex -0.000000 -4.100000 4.325333
endloop
endfacet
facet normal -0.0516512 0.348203 0.935995
outer loop
vertex 0.514590 -5.224720 4.757309
vertex 1.024224 -5.149123 4.757309
vertex 0.799870 -4.021220 4.325333
endloop
endfacet
facet normal -0.0516511 0.348203 0.935995
outer loop
vertex 0.514590 -5.224720 4.757309
vertex 0.799870 -4.021220 4.325333
vertex 0.401870 -4.080257 4.325333
endloop
endfacet
facet normal -0.0855323 0.341464 0.935995
outer loop
vertex 1.024224 -5.149123 4.757309
vertex 1.523995 -5.023937 4.757309
vertex 1.190167 -3.923455 4.325333
endloop
endfacet
facet normal -0.0855323 0.341464 0.935995
outer loop
vertex 1.024224 -5.149123 4.757309
vertex 1.190167 -3.923455 4.325333
vertex 0.799870 -4.021220 4.325333
endloop
endfacet
facet normal -0.11859 0.331436 0.935995
outer loop
vertex 1.523995 -5.023937 4.757309
vertex 2.009088 -4.850368 4.757309
vertex 1.569002 -3.787906 4.325333
endloop
endfacet
facet normal -0.11859 0.331436 0.935995
outer loop
vertex 1.523995 -5.023937 4.757309
vertex 1.569002 -3.787906 4.325333
vertex 1.190167 -3.923455 4.325333
endloop
endfacet
facet normal -0.150505 0.318216 0.935995
outer loop
vertex 2.009088 -4.850368 4.757309
vertex 2.474833 -4.630086 4.757309
vertex 1.932727 -3.615877 4.325333
endloop
endfacet
facet normal -0.150505 0.318216 0.935995
outer loop
vertex 2.009088 -4.850368 4.757309
vertex 1.932727 -3.615877 4.325333
vertex 1.569002 -3.787906 4.325333
endloop
endfacet
facet normal -0.180971 0.301932 0.935995
outer loop
vertex 2.474833 -4.630086 4.757309
vertex 2.916744 -4.365215 4.757309
vertex 2.277838 -3.409025 4.325333
endloop
endfacet
facet normal -0.180971 0.301932 0.935995
outer loop
vertex 2.474833 -4.630086 4.757309
vertex 2.277838 -3.409025 4.325333
vertex 1.932727 -3.615877 4.325333
endloop
endfacet
facet normal -0.209694 0.28274 0.935995
outer loop
vertex 2.916744 -4.365215 4.757309
vertex 3.330565 -4.058305 4.757309
vertex 2.601012 -3.169343 4.325333
endloop
endfacet
facet normal -0.209694 0.28274 0.935995
outer loop
vertex 2.916744 -4.365215 4.757309
vertex 2.601012 -3.169343 4.325333
vertex 2.277838 -3.409025 4.325333
endloop
endfacet
facet normal -0.236398 0.260825 0.935995
outer loop
vertex 3.330565 -4.058305 4.757309
vertex 3.712311 -3.712311 4.757309
vertex 2.899138 -2.899138 4.325333
endloop
endfacet
facet normal -0.236398 0.260825 0.935995
outer loop
vertex 3.330565 -4.058305 4.757309
vertex 2.899138 -2.899138 4.325333
vertex 2.601012 -3.169343 4.325333
endloop
endfacet
facet normal -0.260825 0.236398 0.935995
outer loop
vertex 3.712311 -3.712311 4.757309
vertex 4.058305 -3.330565 4.757309
vertex 3.169343 -2.601012 4.325333
endloop
endfacet
facet normal -0.260825 0.236398 0.935995
outer loop
vertex 3.712311 -3.712311 4.757309
vertex 3.169343 -2.601012 4.325333
vertex 2.899138 -2.899138 4.325333
endloop
endfacet
facet normal -0.28274 0.209694 0.935995
outer loop
vertex 4.058305 -3.330565 4.757309
vertex 4.365215 -2.916744 4.757309
vertex 3.409025 -2.277838 4.325333
endloop
endfacet
facet normal -0.28274 0.209694 0.935995
outer loop
vertex 4.058305 -3.330565 4.757309
vertex 3.409025 -2.277838 4.325333
vertex 3.169343 -2.601012 4.325333
endloop
endfacet
facet normal -0.301932 0.180971 0.935995
outer loop
vertex 4.365215 -2.916744 4.757309
vertex 4.630086 -2.474833 4.757309
vertex 3.615877 -1.932727 4.325333
endloop
endfacet
facet normal -0.301932 0.180971 0.935995
outer loop
vertex 4.365215 -2.916744 4.757309
vertex 3.615877 -1.932727 4.325333
vertex 3.409025 -2.277838 4.325333
endloop
endfacet
facet normal -0.318216 0.150505 0.935995
outer loop
vertex 4.630086 -2.474833 4.757309
vertex 4.850368 -2.009088 4.757309
vertex 3.787906 -1.569002 4.325333
endloop
endfacet
facet normal -0.318216 0.150505 0.935995
outer loop
vertex 4.630086 -2.474833 4.757309
vertex 3.787906 -1.569002 4.325333
vertex 3.615877 -1.932727 4.325333
endloop
endfacet
facet normal -0.331436 0.11859 0.935995
outer loop
vertex 4.850368 -2.009088 4.757309
vertex 5.023937 -1.523995 4.757309
vertex 3.923455 -1.190167 4.325333
endloop
endfacet
facet normal -0.331436 0.11859 0.935995
outer loop
vertex 4.850368 -2.009088 4.757309
vertex 3.923455 -1.190167 4.325333
vertex 3.787906 -1.569002 4.325333
endloop
endfacet
facet normal -0.341464 0.0855323 0.935995
outer loop
vertex 5.023937 -1.523995 4.757309
vertex 5.149123 -1.024224 4.757309
vertex 4.021220 -0.799870 4.325333
endloop
endfacet
facet normal -0.341464 0.0855323 0.935995
outer loop
vertex 5.023937 -1.523995 4.757309
vertex 4.021220 -0.799870 4.325333
vertex 3.923455 -1.190167 4.325333
endloop
endfacet
facet normal -0.348203 0.0516512 0.935995
outer loop
vertex 5.149123 -1.024224 4.757309
vertex 5.224720 -0.514590 4.757309
vertex 4.080257 -0.401870 4.325333
endloop
endfacet
facet normal -0.348203 0.0516511 0.935995
outer loop
vertex 5.149123 -1.024224 4.757309
vertex 4.080257 -0.401870 4.325333
vertex 4.021220 -0.799870 4.325333
endloop
endfacet
facet normal -0.351589 0.0172723 0.935995
outer loop
vertex 5.224720 -0.514590 4.757309
vertex 5.250000 0.000000 4.757309
vertex 4.100000 -0.000000 4.325333
endloop
endfacet
facet normal -0.351589 0.0172724 0.935995
outer loop
vertex 5.224720 -0.514590 4.757309
vertex 4.100000 -0.000000 4.325333
vertex 4.080257 -0.401870 4.325333
endloop
endfacet
facet normal -0.267107 -0.013122 0.963578
outer loop
vertex 4.100000 -0.000000 4.325333
vertex 4.080257 0.401870 4.325333
vertex 2.786517 0.274448 3.964968
endloop
endfacet
facet normal -0.267107 -0.0131222 0.963578
outer loop
vertex 4.100000 -0.000000 4.325333
vertex 2.786517 0.274448 3.964968
vertex 2.800000 0.000000 3.964968
endloop
endfacet
facet normal -0.264535 -0.03924 0.963578
outer loop
vertex 4.080257 0.401870 4.325333
vertex 4.021220 0.799870 4.325333
vertex 2.746199 0.546253 3.964968
endloop
endfacet
facet normal -0.264535 -0.0392399 0.963578
outer loop
vertex 4.080257 0.401870 4.325333
vertex 2.746199 0.546253 3.964968
vertex 2.786517 0.274448 3.964968
endloop
endfacet
facet normal -0.259415 -0.06498 0.963578
outer loop
vertex 4.021220 0.799870 4.325333
vertex 3.923455 1.190167 4.325333
vertex 2.679433 0.812797 3.964968
endloop
endfacet
facet normal -0.259415 -0.0649801 0.963578
outer loop
vertex 4.021220 0.799870 4.325333
vertex 2.679433 0.812797 3.964968
vertex 2.746199 0.546253 3.964968
endloop
endfacet
facet normal -0.251796 -0.0900942 0.963578
outer loop
vertex 3.923455 1.190167 4.325333
vertex 3.787906 1.569002 4.325333
vertex 2.586863 1.071514 3.964968
endloop
endfacet
facet normal -0.251796 -0.090094 0.963578
outer loop
vertex 3.923455 1.190167 4.325333
vertex 2.586863 1.071514 3.964968
vertex 2.679433 0.812797 3.964968
endloop
endfacet
facet normal -0.241753 -0.114341 0.963578
outer loop
vertex 3.787906 1.569002 4.325333
vertex 3.615877 1.932727 4.325333
vertex 2.469379 1.319911 3.964968
endloop
endfacet
facet normal -0.241753 -0.114341 0.963577
outer loop
vertex 3.787906 1.569002 4.325333
vertex 2.469379 1.319911 3.964968
vertex 2.586863 1.071514 3.964968
endloop
endfacet
facet normal -0.229382 -0.137486 0.963578
outer loop
vertex 3.615877 1.932727 4.325333
vertex 3.409025 2.277838 4.325333
vertex 2.328115 1.555597 3.964968
endloop
endfacet
facet normal -0.229382 -0.137486 0.963578
outer loop
vertex 3.615877 1.932727 4.325333
vertex 2.328115 1.555597 3.964968
vertex 2.469379 1.319911 3.964968
endloop
endfacet
facet normal -0.214801 -0.159308 0.963578
outer loop
vertex 3.409025 2.277838 4.325333
vertex 3.169343 2.601012 4.325333
vertex 2.164429 1.776301 3.964968
endloop
endfacet
facet normal -0.214801 -0.159308 0.963578
outer loop
vertex 3.409025 2.277838 4.325333
vertex 2.164429 1.776301 3.964968
vertex 2.328115 1.555597 3.964968
endloop
endfacet
facet normal -0.198152 -0.179595 0.963578
outer loop
vertex 3.169343 2.601012 4.325333
vertex 2.899138 2.899138 4.325333
vertex 1.979899 1.979899 3.964968
endloop
endfacet
facet normal -0.198152 -0.179595 0.963578
outer loop
vertex 3.169343 2.601012 4.325333
vertex 1.979899 1.979899 3.964968
vertex 2.164429 1.776301 3.964968
endloop
endfacet
facet normal -0.179595 -0.198152 0.963578
outer loop
vertex 2.899138 2.899138 4.325333
vertex 2.601012 3.169343 4.325333
vertex 1.776301 2.164429 3.964968
endloop
endfacet
facet normal -0.179595 -0.198152 0.963578
outer loop
vertex 2.899138 2.899138 4.325333
vertex 1.776301 2.164429 3.964968
vertex 1.979899 1.979899 3.964968
endloop
endfacet
facet normal -0.159308 -0.214801 0.963578
outer loop
vertex 2.601012 3.169343 4.325333
vertex 2.277838 3.409025 4.325333
vertex 1.555597 2.328115 3.964968
endloop
endfacet
facet normal -0.159308 -0.214801 0.963578
outer loop
vertex 2.601012 3.169343 4.325333
vertex 1.555597 2.328115 3.964968
vertex 1.776301 2.164429 3.964968
endloop
endfacet
facet normal -0.137486 -0.229382 0.963578
outer loop
vertex 2.277838 3.409025 4.325333
vertex 1.932727 3.615877 4.325333
vertex 1.319911 2.469379 3.964968
endloop
endfacet
facet normal -0.137486 -0.229382 0.963577
outer loop
vertex 2.277838 3.409025 4.325333
vertex 1.319911 2.469379 3.964968
vertex 1.555597 2.328115 3.964968
endloop
endfacet
facet normal -0.114341 -0.241753 0.963578
outer loop
vertex 1.932727 3.615877 4.325333
vertex 1.569002 3.787906 4.325333
vertex 1.071514 2.586863 3.964968
endloop
endfacet
facet normal -0.114341 -0.241753 0.963577
outer loop
vertex 1.932727 3.615877 4.325333
vertex 1.071514 2.586863 3.964968
vertex 1.319911 2.469379 3.964968
endloop
endfacet
facet normal -0.0900942 -0.251796 0.963578
outer loop
vertex 1.569002 3.787906 4.325333
vertex 1.190167 3.923455 4.325333
vertex 0.812797 2.679433 3.964968
endloop
endfacet
facet normal -0.0900941 -0.251796 0.963578
outer loop
vertex 1.569002 3.787906 4.325333
vertex 0.812797 2.679433 3.964968
vertex 1.071514 2.586863 3.964968
endloop
endfacet
facet normal -0.06498 -0.259415 0.963578
outer loop
vertex 1.190167 3.923455 4.325333
vertex 0.799870 4.021220 4.325333
vertex 0.546253 2.746199 3.964968
endloop
endfacet
facet normal -0.0649801 -0.259415 0.963577
outer loop
vertex 1.190167 3.923455 4.325333
vertex 0.546253 2.746199 3.964968
vertex 0.812797 2.679433 3.964968
endloop
endfacet
facet normal -0.03924 -0.264535 0.963578
outer loop
vertex 0.799870 4.021220 4.325333
vertex 0.401870 4.080257 4.325333
vertex 0.274448 2.786517 3.964968
endloop
endfacet
facet normal -0.0392399 -0.264535 0.963578
outer loop
vertex 0.799870 4.021220 4.325333
vertex 0.274448 2.786517 3.964968
vertex 0.546253 2.746199 3.964968
endloop
endfacet
facet normal -0.013122 -0.267107 0.963578
outer loop
vertex 0.401870 4.080257 4.325333
vertex 0.000000 4.100000 4.325333
vertex 0.000000 2.800000 3.964968
endloop
endfacet
facet normal -0.0131222 -0.267107 0.963578
outer loop
vertex 0.401870 4.080257 4.325333
vertex 0.000000 2.800000 3.964968
vertex 0.274448 2.786517 3.964968
endloop
endfacet
facet normal 0.013122 -0.267107 0.963578
outer loop
vertex 0.000000 4.100000 4.325333
vertex -0.401870 4.080257 4.325333
vertex -0.274448 2.786517 3.964968
endloop
endfacet
facet normal 0.0131222 -0.267107 0.963578
outer loop
vertex 0.000000 4.100000 4.325333
vertex -0.274448 2.786517 3.964968
vertex 0.000000 2.800000 3.964968
endloop
endfacet
facet normal 0.03924 -0.264535 0.963578
outer loop
vertex -0.401870 4.080257 4.325333
vertex -0.799870 4.021220 4.325333
vertex -0.546253 2.746199 3.964968
endloop
endfacet
facet normal 0.0392399 -0.264535 0.963578
outer loop
vertex -0.401870 4.080257 4.325333
vertex -0.546253 2.746199 3.964968
vertex -0.274448 2.786517 3.964968
endloop
endfacet
facet normal 0.06498 -0.259415 0.963578
outer loop
vertex -0.799870 4.021220 4.325333
vertex -1.190167 3.923455 4.325333
vertex -0.812797 2.679433 3.964968
endloop
endfacet
facet normal 0.0649801 -0.259415 0.963578
outer loop
vertex -0.799870 4.021220 4.325333
vertex -0.812797 2.679433 3.964968
vertex -0.546253 2.746199 3.964968
endloop
endfacet
facet normal 0.0900942 -0.251796 0.963578
outer loop
vertex -1.190167 3.923455 4.325333
vertex -1.569002 3.787906 4.325333
vertex -1.071514 2.586863 3.964968
endloop
endfacet
facet normal 0.090094 -0.251796 0.963578
outer loop
vertex -1.190167 3.923455 4.325333
vertex -1.071514 2.586863 3.964968
vertex -0.812797 2.679433 3.964968
endloop
endfacet
facet normal 0.114341 -0.241753 0.963578
outer loop
vertex -1.569002 3.787906 4.325333
vertex -1.932727 3.615877 4.325333
vertex -1.319911 2.469379 3.964968
endloop
endfacet
facet normal 0.114341 -0.241753 0.963577
outer loop
vertex -1.569002 3.787906 4.325333
vertex -1.319911 2.469379 3.964968
vertex -1.071514 2.586863 3.964968
endloop
endfacet
facet normal 0.137486 -0.229382 0.963578
outer loop
vertex -1.932727 3.615877 4.325333
vertex -2.277838 3.409025 4.325333
vertex -1.555597 2.328115 3.964968
endloop
endfacet
facet normal 0.137486 -0.229382 0.963578
outer loop
vertex -1.932727 3.615877 4.325333
vertex -1.555597 2.328115 3.964968
vertex -1.319911 2.469379 3.964968
endloop
endfacet
facet normal 0.159308 -0.214801 0.963578
outer loop
vertex -2.277838 3.409025 4.325333
vertex -2.601012 3.169343 4.325333
vertex -1.776301 2.164429 3.964968
endloop
endfacet
facet normal 0.159308 -0.214801 0.963578
outer loop
vertex -2.277838 3.409025 4.325333
vertex -1.776301 2.164429 3.964968
vertex -1.555597 2.328115 3.964968
endloop
endfacet
facet normal 0.179595 -0.198152 0.963578
outer loop
vertex -2.601012 3.169343 4.325333
vertex -2.899138 2.899138 4.325333
vertex -1.979899 1.979899 3.964968
endloop
endfacet
facet normal 0.179595 -0.198152 0.963578
outer loop
vertex -2.601012 3.169343 4.325333
vertex -1.979899 1.979899 3.964968
vertex -1.776301 2.164429 3.964968
endloop
endfacet
facet normal 0.198152 -0.179595 0.963578
outer loop
vertex -2.899138 2.899138 4.325333
vertex -3.169343 2.601012 4.325333
vertex -2.164429 1.776301 3.964968
endloop
endfacet
facet normal 0.198152 -0.179595 0.963578
outer loop
vertex -2.899138 2.899138 4.325333
vertex -2.164429 1.776301 3.964968
vertex -1.979899 1.979899 3.964968
endloop
endfacet
facet normal 0.214801 -0.159308 0.963578
outer loop
vertex -3.169343 2.601012 4.325333
vertex -3.409025 2.277838 4.325333
vertex -2.328115 1.555597 3.964968
endloop
endfacet
facet normal 0.214801 -0.159308 0.963578
outer loop
vertex -3.169343 2.601012 4.325333
vertex -2.328115 1.555597 3.964968
vertex -2.164429 1.776301 3.964968
endloop
endfacet
facet normal 0.229382 -0.137486 0.963578
outer loop
vertex -3.409025 2.277838 4.325333
vertex -3.615877 1.932727 4.325333
vertex -2.469379 1.319911 3.964968
endloop
endfacet
facet normal 0.229382 -0.137486 0.963577
outer loop
vertex -3.409025 2.277838 4.325333
vertex -2.469379 1.319911 3.964968
vertex -2.328115 1.555597 3.964968
endloop
endfacet
facet normal 0.241753 -0.114341 0.963578
outer loop
vertex -3.615877 1.932727 4.325333
vertex -3.787906 1.569002 4.325333
vertex -2.586863 1.071514 3.964968
endloop
endfacet
facet normal 0.241753 -0.114341 0.963577
outer loop
vertex -3.615877 1.932727 4.325333
vertex -2.586863 1.071514 3.964968
vertex -2.469379 1.319911 3.964968
endloop
endfacet
facet normal 0.251796 -0.0900942 0.963578
outer loop
vertex -3.787906 1.569002 4.325333
vertex -3.923455 1.190167 4.325333
vertex -2.679433 0.812797 3.964968
endloop
endfacet
facet normal 0.251796 -0.0900941 0.963578
outer loop
vertex -3.787906 1.569002 4.325333
vertex -2.679433 0.812797 3.964968
vertex -2.586863 1.071514 3.964968
endloop
endfacet
facet normal 0.259415 -0.06498 0.963578
outer loop
vertex -3.923455 1.190167 4.325333
vertex -4.021220 0.799870 4.325333
vertex -2.746199 0.546253 3.964968
endloop
endfacet
facet normal 0.259415 -0.0649801 0.963577
outer loop
vertex -3.923455 1.190167 4.325333
vertex -2.746199 0.546253 3.964968
vertex -2.679433 0.812797 3.964968
endloop
endfacet
facet normal 0.264535 -0.03924 0.963578
outer loop
vertex -4.021220 0.799870 4.325333
vertex -4.080257 0.401870 4.325333
vertex -2.786517 0.274448 3.964968
endloop
endfacet
facet normal 0.264535 -0.0392399 0.963578
outer loop
vertex -4.021220 0.799870 4.325333
vertex -2.786517 0.274448 3.964968
vertex -2.746199 0.546253 3.964968
endloop
endfacet
facet normal 0.267107 -0.013122 0.963578
outer loop
vertex -4.080257 0.401870 4.325333
vertex -4.100000 0.000000 4.325333
vertex -2.800000 0.000000 3.964968
endloop
endfacet
facet normal 0.267107 -0.0131222 0.963578
outer loop
vertex -4.080257 0.401870 4.325333
vertex -2.800000 0.000000 3.964968
vertex -2.786517 0.274448 3.964968
endloop
endfacet
facet normal 0.267107 0.013122 0.963578
outer loop
vertex -4.100000 0.000000 4.325333
vertex -4.080257 -0.401870 4.325333
vertex -2.786517 -0.274448 3.964968
endloop
endfacet
facet normal 0.267107 0.0131222 0.963578
outer loop
vertex -4.100000 0.000000 4.325333
vertex -2.786517 -0.274448 3.964968
vertex -2.800000 0.000000 3.964968
endloop
endfacet
facet normal 0.264535 0.03924 0.963578
outer loop
vertex -4.080257 -0.401870 4.325333
vertex -4.021220 -0.799870 4.325333
vertex -2.746199 -0.546253 3.964968
endloop
endfacet
facet normal 0.264535 0.0392399 0.963578
outer loop
vertex -4.080257 -0.401870 4.325333
vertex -2.746199 -0.546253 3.964968
vertex -2.786517 -0.274448 3.964968
endloop
endfacet
facet normal 0.259415 0.06498 0.963578
outer loop
vertex -4.021220 -0.799870 4.325333
vertex -3.923455 -1.190167 4.325333
vertex -2.679433 -0.812797 3.964968
endloop
endfacet
facet normal 0.259415 0.0649801 0.963578
outer loop
vertex -4.021220 -0.799870 4.325333
vertex -2.679433 -0.812797 3.964968
vertex -2.746199 -0.546253 3.964968
endloop
endfacet
facet normal 0.251796 0.0900942 0.963578
outer loop
vertex -3.923455 -1.190167 4.325333
vertex -3.787906 -1.569002 4.325333
vertex -2.586863 -1.071514 3.964968
endloop
endfacet
facet normal 0.251796 0.090094 0.963578
outer loop
vertex -3.923455 -1.190167 4.325333
vertex -2.586863 -1.071514 3.964968
vertex -2.679433 -0.812797 3.964968
endloop
endfacet
facet normal 0.241753 0.114341 0.963578
outer loop
vertex -3.787906 -1.569002 4.325333
vertex -3.615877 -1.932727 4.325333
vertex -2.469379 -1.319911 3.964968
endloop
endfacet
facet normal 0.241753 0.114341 0.963577
outer loop
vertex -3.787906 -1.569002 4.325333
vertex -2.469379 -1.319911 3.964968
vertex -2.586863 -1.071514 3.964968
endloop
endfacet
facet normal 0.229382 0.137486 0.963578
outer loop
vertex -3.615877 -1.932727 4.325333
vertex -3.409025 -2.277838 4.325333
vertex -2.328115 -1.555597 3.964968
endloop
endfacet
facet normal 0.229382 0.137486 0.963578
outer loop
vertex -3.615877 -1.932727 4.325333
vertex -2.328115 -1.555597 3.964968
vertex -2.469379 -1.319911 3.964968
endloop
endfacet
facet normal 0.214801 0.159308 0.963578
outer loop
vertex -3.409025 -2.277838 4.325333
vertex -3.169343 -2.601012 4.325333
vertex -2.164429 -1.776301 3.964968
endloop
endfacet
facet normal 0.214801 0.159308 0.963578
outer loop
vertex -3.409025 -2.277838 4.325333
vertex -2.164429 -1.776301 3.964968
vertex -2.328115 -1.555597 3.964968
endloop
endfacet
facet normal 0.198152 0.179595 0.963578
outer loop
vertex -3.169343 -2.601012 4.325333
vertex -2.899138 -2.899138 4.325333
vertex -1.979899 -1.979899 3.964968
endloop
endfacet
facet normal 0.198152 0.179595 0.963578
outer loop
vertex -3.169343 -2.601012 4.325333
vertex -1.979899 -1.979899 3.964968
vertex -2.164429 -1.776301 3.964968
endloop
endfacet
facet normal 0.179595 0.198152 0.963578
outer loop
vertex -2.899138 -2.899138 4.325333
vertex -2.601012 -3.169343 4.325333
vertex -1.776301 -2.164429 3.964968
endloop
endfacet
facet normal 0.179595 0.198152 0.963578
outer loop
vertex -2.899138 -2.899138 4.325333
vertex -1.776301 -2.164429 3.964968
vertex -1.979899 -1.979899 3.964968
endloop
endfacet
facet normal 0.159308 0.214801 0.963578
outer loop
vertex -2.601012 -3.169343 4.325333
vertex -2.277838 -3.409025 4.325333
vertex -1.555597 -2.328115 3.964968
endloop
endfacet
facet normal 0.159308 0.214801 0.963578
outer loop
vertex -2.601012 -3.169343 4.325333
vertex -1.555597 -2.328115 3.964968
vertex -1.776301 -2.164429 3.964968
endloop
endfacet
facet normal 0.137486 0.229382 0.963578
outer loop
vertex -2.277838 -3.409025 4.325333
vertex -1.932727 -3.615877 4.325333
vertex -1.319911 -2.469379 3.964968
endloop
endfacet
facet normal 0.137486 0.229382 0.963577
outer loop
vertex -2.277838 -3.409025 4.325333
vertex -1.319911 -2.469379 3.964968
vertex -1.555597 -2.328115 3.964968
endloop
endfacet
facet normal 0.114341 0.241753 0.963578
outer loop
vertex -1.932727 -3.615877 4.325333
vertex -1.569002 -3.787906 4.325333
vertex -1.071514 -2.586863 3.964968
endloop
endfacet
facet normal 0.114341 0.241753 0.963577
outer loop
vertex -1.932727 -3.615877 4.325333
vertex -1.071514 -2.586863 3.964968
vertex -1.319911 -2.469379 3.964968
endloop
endfacet
facet normal 0.0900942 0.251796 0.963578
outer loop
vertex -1.569002 -3.787906 4.325333
vertex -1.190167 -3.923455 4.325333
vertex -0.812797 -2.679433 3.964968
endloop
endfacet
facet normal 0.0900941 0.251796 0.963578
outer loop
vertex -1.569002 -3.787906 4.325333
vertex -0.812797 -2.679433 3.964968
vertex -1.071514 -2.586863 3.964968
endloop
endfacet
facet normal 0.06498 0.259415 0.963578
outer loop
vertex -1.190167 -3.923455 4.325333
vertex -0.799870 -4.021220 4.325333
vertex -0.546253 -2.746199 3.964968
endloop
endfacet
facet normal 0.0649801 0.259415 0.963577
outer loop
vertex -1.190167 -3.923455 4.325333
vertex -0.546253 -2.746199 3.964968
vertex -0.812797 -2.679433 3.964968
endloop
endfacet
facet normal 0.03924 0.264535 0.963578
outer loop
vertex -0.799870 -4.021220 4.325333
vertex -0.401870 -4.080257 4.325333
vertex -0.274448 -2.786517 3.964968
endloop
endfacet
facet normal 0.0392399 0.264535 0.963578
outer loop
vertex -0.799870 -4.021220 4.325333
vertex -0.274448 -2.786517 3.964968
vertex -0.546253 -2.746199 3.964968
endloop
endfacet
facet normal 0.013122 0.267107 0.963578
outer loop
vertex -0.401870 -4.080257 4.325333
vertex -0.000000 -4.100000 4.325333
vertex -0.000000 -2.800000 3.964968
endloop
endfacet
facet normal 0.0131222 0.267107 0.963578
outer loop
vertex -0.401870 -4.080257 4.325333
vertex -0.000000 -2.800000 3.964968
vertex -0.274448 -2.786517 3.964968
endloop
endfacet
facet normal -0.013122 0.267107 0.963578
outer loop
vertex -0.000000 -4.100000 4.325333
vertex 0.401870 -4.080257 4.325333
vertex 0.274448 -2.786517 3.964968
endloop
endfacet
facet normal -0.0131222 0.267107 0.963578
outer loop
vertex -0.000000 -4.100000 4.325333
vertex 0.274448 -2.786517 3.964968
vertex -0.000000 -2.800000 3.964968
endloop
endfacet
facet normal -0.03924 0.264535 0.963578
outer loop
vertex 0.401870 -4.080257 4.325333
vertex 0.799870 -4.021220 4.325333
vertex 0.546253 -2.746199 3.964968
endloop
endfacet
facet normal -0.0392399 0.264535 0.963578
outer loop
vertex 0.401870 -4.080257 4.325333
vertex 0.546253 -2.746199 3.964968
vertex 0.274448 -2.786517 3.964968
endloop
endfacet
facet normal -0.06498 0.259415 0.963578
outer loop
vertex 0.799870 -4.021220 4.325333
vertex 1.190167 -3.923455 4.325333
vertex 0.812797 -2.679433 3.964968
endloop
endfacet
facet normal -0.0649801 0.259415 0.963578
outer loop
vertex 0.799870 -4.021220 4.325333
vertex 0.812797 -2.679433 3.964968
vertex 0.546253 -2.746199 3.964968
endloop
endfacet
facet normal -0.0900942 0.251796 0.963578
outer loop
vertex 1.190167 -3.923455 4.325333
vertex 1.569002 -3.787906 4.325333
vertex 1.071514 -2.586863 3.964968
endloop
endfacet
facet normal -0.090094 0.251796 0.963578
outer loop
vertex 1.190167 -3.923455 4.325333
vertex 1.071514 -2.586863 3.964968
vertex 0.812797 -2.679433 3.964968
endloop
endfacet
facet normal -0.114341 0.241753 0.963578
outer loop
vertex 1.569002 -3.787906 4.325333
vertex 1.932727 -3.615877 4.325333
vertex 1.319911 -2.469379 3.964968
endloop
endfacet
facet normal -0.114341 0.241753 0.963577
outer loop
vertex 1.569002 -3.787906 4.325333
vertex 1.319911 -2.469379 3.964968
vertex 1.071514 -2.586863 3.964968
endloop
endfacet
facet normal -0.137486 0.229382 0.963578
outer loop
vertex 1.932727 -3.615877 4.325333
vertex 2.277838 -3.409025 4.325333
vertex 1.555597 -2.328115 3.964968
endloop
endfacet
facet normal -0.137486 0.229382 0.963578
outer loop
vertex 1.932727 -3.615877 4.325333
vertex 1.555597 -2.328115 3.964968
vertex 1.319911 -2.469379 3.964968
endloop
endfacet
facet normal -0.159308 0.214801 0.963578
outer loop
vertex 2.277838 -3.409025 4.325333
vertex 2.601012 -3.169343 4.325333
vertex 1.776301 -2.164429 3.964968
endloop
endfacet
facet normal -0.159308 0.214801 0.963578
outer loop
vertex 2.277838 -3.409025 4.325333
vertex 1.776301 -2.164429 3.964968
vertex 1.555597 -2.328115 3.964968
endloop
endfacet
facet normal -0.179595 0.198152 0.963578
outer loop
vertex 2.601012 -3.169343 4.325333
vertex 2.899138 -2.899138 4.325333
vertex 1.979899 -1.979899 3.964968
endloop
endfacet
facet normal -0.179595 0.198152 0.963578
outer loop
vertex 2.601012 -3.169343 4.325333
vertex 1.979899 -1.979899 3.964968
vertex 1.776301 -2.164429 3.964968
endloop
endfacet
facet normal -0.198152 0.179595 0.963578
outer loop
vertex 2.899138 -2.899138 4.325333
vertex 3.169343 -2.601012 4.325333
vertex 2.164429 -1.776301 3.964968
endloop
endfacet
facet normal -0.198152 0.179595 0.963578
outer loop
vertex 2.899138 -2.899138 4.325333
vertex 2.164429 -1.776301 3.964968
vertex 1.979899 -1.979899 3.964968
endloop
endfacet
facet normal -0.214801 0.159308 0.963578
outer loop
vertex 3.169343 -2.601012 4.325333
vertex 3.409025 -2.277838 4.325333
vertex 2.328115 -1.555597 3.964968
endloop
endfacet
facet normal -0.214801 0.159308 0.963578
outer loop
vertex 3.169343 -2.601012 4.325333
vertex 2.328115 -1.555597 3.964968
vertex 2.164429 -1.776301 3.964968
endloop
endfacet
facet normal -0.229382 0.137486 0.963578
outer loop
vertex 3.409025 -2.277838 4.325333
vertex 3.615877 -1.932727 4.325333
vertex 2.469379 -1.319911 3.964968
endloop
endfacet
facet normal -0.229382 0.137486 0.963577
outer loop
vertex 3.409025 -2.277838 4.325333
vertex 2.469379 -1.319911 3.964968
vertex 2.328115 -1.555597 3.964968
endloop
endfacet
facet normal -0.241753 0.114341 0.963578
outer loop
vertex 3.615877 -1.932727 4.325333
vertex 3.787906 -1.569002 4.325333
vertex 2.586863 -1.071514 3.964968
endloop
endfacet
facet normal -0.241753 0.114341 0.963577
outer loop
vertex 3.615877 -1.932727 4.325333
vertex 2.586863 -1.071514 3.964968
vertex 2.469379 -1.319911 3.964968
endloop
endfacet
facet normal -0.251796 0.0900942 0.963578
outer loop
vertex 3.787906 -1.569002 4.325333
vertex 3.923455 -1.190167 4.325333
vertex 2.679433 -0.812797 3.964968
endloop
endfacet
facet normal -0.251796 0.0900941 0.963578
outer loop
vertex 3.787906 -1.569002 4.325333
vertex 2.679433 -0.812797 3.964968
vertex 2.586863 -1.071514 3.964968
endloop
endfacet
facet normal -0.259415 0.06498 0.963578
outer loop
vertex 3.923455 -1.190167 4.325333
vertex 4.021220 -0.799870 4.325333
vertex 2.746199 -0.546253 3.964968
endloop
endfacet
facet normal -0.259415 0.0649801 0.963577
outer loop
vertex 3.923455 -1.190167 4.325333
vertex 2.746199 -0.546253 3.964968
vertex 2.679433 -0.812797 3.964968
endloop
endfacet
facet normal -0.264535 0.03924 0.963578
outer loop
vertex 4.021220 -0.799870 4.325333
vertex 4.080257 -0.401870 4.325333
vertex 2.786517 -0.274448 3.964968
endloop
endfacet
facet normal -0.264535 0.0392399 0.963578
outer loop
vertex 4.021220 -0.799870 4.325333
vertex 2.786517 -0.274448 3.964968
vertex 2.746199 -0.546253 3.964968
endloop
endfacet
facet normal -0.267107 0.013122 0.963578
outer loop
vertex 4.080257 -0.401870 4.325333
vertex 4.100000 -0.000000 4.325333
vertex 2.800000 0.000000 3.964968
endloop
endfacet
facet normal -0.267107 0.0131222 0.963578
outer loop
vertex 4.080257 -0.401870 4.325333
vertex 2.800000 0.000000 3.964968
vertex 2.786517 -0.274448 3.964968
endloop
endfacet
facet normal -0.166376 -0.00817357 0.986028
outer loop
vertex 1.393259 0.137224 3.728742
vertex 1.400000 0.000000 3.728742
vertex 1.445375 0.000000 3.736398
endloop
endfacet
facet normal -0.166375 -0.00817314 0.986029
outer loop
vertex 1.393259 0.137224 3.728742
vertex 1.445375 0.000000 3.736398
vertex 1.576907 0.155312 3.759879
endloop
endfacet
facet normal -0.166376 -0.00817352 0.986029
outer loop
vertex 1.980532 0.000000 3.826697
vertex 2.800000 0.000000 3.964968
vertex 2.786517 0.274448 3.964968
endloop
endfacet
facet normal -0.166376 -0.00817185 0.986029
outer loop
vertex 2.786517 0.274448 3.964968
vertex 2.131756 0.209960 3.853954
vertex 2.097757 0.145660 3.847684
endloop
endfacet
facet normal -0.166376 -0.00817257 0.986028
outer loop
vertex 2.047690 0.079300 3.838686
vertex 1.980532 0.000000 3.826697
vertex 2.786517 0.274448 3.964968
endloop
endfacet
facet normal -0.166375 -0.0081751 0.986029
outer loop
vertex 2.786517 0.274448 3.964968
vertex 2.097757 0.145660 3.847684
vertex 2.047690 0.079300 3.838686
endloop
endfacet
facet normal -0.164744 -0.0244671 0.986033
outer loop
vertex 1.576907 0.155312 3.759879
vertex 1.733234 0.339901 3.790578
vertex 1.737201 0.345551 3.791381
endloop
endfacet
facet normal -0.164773 -0.0244417 0.986029
outer loop
vertex 1.737201 0.345551 3.791381
vertex 1.373099 0.273126 3.728742
vertex 1.393259 0.137224 3.728742
endloop
endfacet
facet normal -0.164773 -0.0244419 0.986029
outer loop
vertex 1.737201 0.345551 3.791381
vertex 1.393259 0.137224 3.728742
vertex 1.576907 0.155312 3.759879
endloop
endfacet
facet normal -0.164773 -0.0244459 0.986028
outer loop
vertex 2.154986 0.253892 3.858925
vertex 2.131756 0.209960 3.853954
vertex 2.786517 0.274448 3.964968
endloop
endfacet
facet normal -0.164773 -0.0244417 0.986029
outer loop
vertex 2.786517 0.274448 3.964968
vertex 2.746199 0.546253 3.964968
vertex 2.194684 0.436550 3.870086
endloop
endfacet
facet normal -0.164773 -0.0244415 0.986029
outer loop
vertex 2.184249 0.347936 3.866146
vertex 2.154986 0.253892 3.858925
vertex 2.786517 0.274448 3.964968
endloop
endfacet
facet normal -0.164773 -0.0244416 0.986029
outer loop
vertex 2.786517 0.274448 3.964968
vertex 2.194684 0.436550 3.870086
vertex 2.184249 0.347936 3.866146
endloop
endfacet
facet normal -0.161591 -0.0404731 0.986027
outer loop
vertex 1.768097 0.389552 3.798251
vertex 1.788716 0.455840 3.804351
vertex 1.784677 0.528395 3.806667
endloop
endfacet
facet normal -0.161583 -0.0404792 0.986029
outer loop
vertex 1.784677 0.528395 3.806667
vertex 1.779175 0.539707 3.806230
vertex 1.339716 0.406399 3.728742
endloop
endfacet
facet normal -0.161584 -0.0404748 0.986029
outer loop
vertex 1.339716 0.406399 3.728742
vertex 1.373099 0.273126 3.728742
vertex 1.737201 0.345551 3.791381
endloop
endfacet
facet normal -0.16159 -0.0404733 0.986028
outer loop
vertex 1.737201 0.345551 3.791381
vertex 1.768097 0.389552 3.798251
vertex 1.784677 0.528395 3.806667
endloop
endfacet
facet normal -0.161584 -0.0404748 0.986029
outer loop
vertex 1.784677 0.528395 3.806667
vertex 1.339716 0.406399 3.728742
vertex 1.737201 0.345551 3.791381
endloop
endfacet
facet normal -0.161584 -0.0404748 0.986029
outer loop
vertex 2.194684 0.436550 3.870086
vertex 2.746199 0.546253 3.964968
vertex 2.679433 0.812797 3.964968
endloop
endfacet
facet normal -0.161585 -0.0404703 0.986029
outer loop
vertex 2.679433 0.812797 3.964968
vertex 2.170575 0.658437 3.875243
vertex 2.177113 0.642209 3.875649
endloop
endfacet
facet normal -0.161584 -0.0404756 0.986029
outer loop
vertex 2.679433 0.812797 3.964968
vertex 2.177113 0.642209 3.875649
vertex 2.192577 0.568499 3.875157
endloop
endfacet
facet normal -0.161585 -0.040473 0.986028
outer loop
vertex 2.198574 0.469584 3.872080
vertex 2.194684 0.436550 3.870086
vertex 2.679433 0.812797 3.964968
endloop
endfacet
facet normal -0.161584 -0.0404747 0.986029
outer loop
vertex 2.679433 0.812797 3.964968
vertex 2.192577 0.568499 3.875157
vertex 2.198574 0.469584 3.872080
endloop
endfacet
facet normal -0.156834 -0.056108 0.98603
outer loop
vertex 1.758423 0.582371 3.805357
vertex 1.716924 0.621753 3.800997
vertex 1.662395 0.641709 3.793460
endloop
endfacet
facet normal -0.156839 -0.0561072 0.986029
outer loop
vertex 1.662395 0.641709 3.793460
vertex 1.598543 0.647088 3.783609
vertex 1.562209 0.647088 3.777830
endloop
endfacet
facet normal -0.156839 -0.0561176 0.986029
outer loop
vertex 1.562209 0.647088 3.777830
vertex 1.293431 0.535757 3.728742
vertex 1.339716 0.406399 3.728742
endloop
endfacet
facet normal -0.156838 -0.0561192 0.986029
outer loop
vertex 1.339716 0.406399 3.728742
vertex 1.779175 0.539707 3.806230
vertex 1.758423 0.582371 3.805357
endloop
endfacet
facet normal -0.156839 -0.0561161 0.986029
outer loop
vertex 1.758423 0.582371 3.805357
vertex 1.662395 0.641709 3.793460
vertex 1.562209 0.647088 3.777830
endloop
endfacet
facet normal -0.156839 -0.0561171 0.986029
outer loop
vertex 1.562209 0.647088 3.777830
vertex 1.339716 0.406399 3.728742
vertex 1.758423 0.582371 3.805357
endloop
endfacet
facet normal -0.156839 -0.0561175 0.986029
outer loop
vertex 2.131618 0.755138 3.874550
vertex 2.170575 0.658437 3.875243
vertex 2.679433 0.812797 3.964968
endloop
endfacet
facet normal -0.156839 -0.0561176 0.986029
outer loop
vertex 2.679433 0.812797 3.964968
vertex 2.586863 1.071514 3.964968
vertex 2.061944 0.854085 3.869099
endloop
endfacet
facet normal -0.156839 -0.0561191 0.986029
outer loop
vertex 2.076033 0.839416 3.870506
vertex 2.131618 0.755138 3.874550
vertex 2.679433 0.812797 3.964968
endloop
endfacet
facet normal -0.156839 -0.0561188 0.986029
outer loop
vertex 2.679433 0.812797 3.964968
vertex 2.061944 0.854085 3.869099
vertex 2.076033 0.839416 3.870506
endloop
endfacet
facet normal -0.150584 -0.0712183 0.986029
outer loop
vertex 1.996851 0.921856 3.864053
vertex 2.061944 0.854085 3.869099
vertex 2.586863 1.071514 3.964968
endloop
endfacet
facet normal -0.150583 -0.0712206 0.986029
outer loop
vertex 2.586863 1.071514 3.964968
vertex 2.469379 1.319911 3.964968
vertex 1.868035 0.998486 3.849916
endloop
endfacet
facet normal -0.150583 -0.0712224 0.986028
outer loop
vertex 1.919432 0.976638 3.856187
vertex 1.996851 0.921856 3.864053
vertex 2.586863 1.071514 3.964968
endloop
endfacet
facet normal -0.150583 -0.0712185 0.986029
outer loop
vertex 2.586863 1.071514 3.964968
vertex 1.868035 0.998486 3.849916
vertex 1.919432 0.976638 3.856187
endloop
endfacet
facet normal -0.150583 -0.0712205 0.986029
outer loop
vertex 1.240774 0.647091 3.728742
vertex 1.293431 0.535757 3.728742
vertex 1.562209 0.647088 3.777830
endloop
endfacet
facet normal -0.142876 -0.0856389 0.986029
outer loop
vertex 1.795080 1.029498 3.842038
vertex 1.868035 0.998486 3.849916
vertex 2.469379 1.319911 3.964968
endloop
endfacet
facet normal -0.142877 -0.0856372 0.986029
outer loop
vertex 2.469379 1.319911 3.964968
vertex 2.328115 1.555597 3.964968
vertex 1.576370 1.053297 3.812414
endloop
endfacet
facet normal -0.142878 -0.0856356 0.986029
outer loop
vertex 1.662756 1.053065 3.824911
vertex 1.795080 1.029498 3.842038
vertex 2.469379 1.319911 3.964968
endloop
endfacet
facet normal -0.142877 -0.0856393 0.986028
outer loop
vertex 2.469379 1.319911 3.964968
vertex 1.576370 1.053297 3.812414
vertex 1.662756 1.053065 3.824911
endloop
endfacet
facet normal -0.133795 -0.0992294 0.986029
outer loop
vertex 1.576370 1.053297 3.812414
vertex 2.328115 1.555597 3.964968
vertex 2.164429 1.776301 3.964968
endloop
endfacet
facet normal -0.133796 -0.0992291 0.986029
outer loop
vertex 1.576370 1.053297 3.812414
vertex 2.164429 1.776301 3.964968
vertex 1.284402 1.054082 3.772875
endloop
endfacet
facet normal -0.123425 -0.111866 0.986029
outer loop
vertex 1.284402 1.054082 3.772875
vertex 2.164429 1.776301 3.964968
vertex 1.979899 1.979899 3.964968
endloop
endfacet
facet normal -0.123425 -0.111866 0.986029
outer loop
vertex 1.284402 1.054082 3.772875
vertex 1.979899 1.979899 3.964968
vertex 1.054699 1.054699 3.744193
endloop
endfacet
facet normal -0.111865 -0.123425 0.986029
outer loop
vertex 0.918105 1.055066 3.728742
vertex 1.054699 1.054699 3.744193
vertex 1.979899 1.979899 3.964968
endloop
endfacet
facet normal -0.111866 -0.123425 0.986029
outer loop
vertex 1.979899 1.979899 3.964968
vertex 1.776301 2.164429 3.964968
vertex 0.888151 1.082215 3.728742
endloop
endfacet
facet normal -0.111866 -0.123425 0.986029
outer loop
vertex 1.979899 1.979899 3.964968
vertex 0.888151 1.082215 3.728742
vertex 0.918105 1.055066 3.728742
endloop
endfacet
facet normal -0.0992294 -0.133795 0.986029
outer loop
vertex 0.793965 1.152068 3.728742
vertex 0.888151 1.082215 3.728742
vertex 1.776301 2.164429 3.964968
endloop
endfacet
facet normal -0.0992293 -0.133795 0.986029
outer loop
vertex 1.776301 2.164429 3.964968
vertex 1.555597 2.328115 3.964968
vertex 0.810952 1.213676 3.738811
endloop
endfacet
facet normal -0.0992272 -0.133797 0.986029
outer loop
vertex 1.776301 2.164429 3.964968
vertex 0.810952 1.213676 3.738811
vertex 0.793965 1.152068 3.728742
endloop
endfacet
facet normal -0.0856368 -0.142877 0.986029
outer loop
vertex 0.940938 1.685093 3.818410
vertex 0.810952 1.213676 3.738811
vertex 1.555597 2.328115 3.964968
endloop
endfacet
facet normal -0.0856371 -0.142877 0.986029
outer loop
vertex 1.555597 2.328115 3.964968
vertex 1.319911 2.469379 3.964968
vertex 0.954770 1.786249 3.834269
endloop
endfacet
facet normal -0.0856371 -0.142877 0.986029
outer loop
vertex 0.954842 1.780950 3.833507
vertex 0.940938 1.685093 3.818410
vertex 1.555597 2.328115 3.964968
endloop
endfacet
facet normal -0.0856409 -0.142873 0.986029
outer loop
vertex 1.555597 2.328115 3.964968
vertex 0.954770 1.786249 3.834269
vertex 0.954842 1.780950 3.833507
endloop
endfacet
facet normal -0.0712225 -0.150582 0.986029
outer loop
vertex 0.953099 1.909090 3.852908
vertex 0.954770 1.786249 3.834269
vertex 1.319911 2.469379 3.964968
endloop
endfacet
facet normal -0.0712206 -0.150583 0.986029
outer loop
vertex 1.319911 2.469379 3.964968
vertex 1.071514 2.586863 3.964968
vertex 0.879843 2.124129 3.880456
endloop
endfacet
facet normal -0.0712086 -0.150597 0.986027
outer loop
vertex 1.319911 2.469379 3.964968
vertex 0.879843 2.124129 3.880456
vertex 0.880980 2.122539 3.880296
endloop
endfacet
facet normal -0.0712196 -0.150584 0.986029
outer loop
vertex 0.939521 1.982697 3.863168
vertex 0.953099 1.909090 3.852908
vertex 1.319911 2.469379 3.964968
endloop
endfacet
facet normal -0.0712211 -0.150582 0.986029
outer loop
vertex 1.319911 2.469379 3.964968
vertex 0.880980 2.122539 3.880296
vertex 0.915589 2.054426 3.872394
endloop
endfacet
facet normal -0.0712205 -0.150583 0.986029
outer loop
vertex 1.319911 2.469379 3.964968
vertex 0.915589 2.054426 3.872394
vertex 0.939521 1.982697 3.863168
endloop
endfacet
facet normal -0.0561177 -0.156839 0.986029
outer loop
vertex 0.406399 1.339716 3.728742
vertex 0.421296 1.334386 3.728742
vertex 0.530213 1.723756 3.796874
endloop
endfacet
facet normal -0.0561176 -0.156839 0.986029
outer loop
vertex 0.406399 1.339716 3.728742
vertex 0.530213 1.723756 3.796874
vertex 0.544320 1.794382 3.808911
endloop
endfacet
facet normal -0.0561167 -0.156839 0.986029
outer loop
vertex 0.836304 2.185010 3.887662
vertex 0.879843 2.124129 3.880456
vertex 1.071514 2.586863 3.964968
endloop
endfacet
facet normal -0.0561176 -0.156839 0.986029
outer loop
vertex 1.071514 2.586863 3.964968
vertex 0.812797 2.679433 3.964968
vertex 0.699391 2.305584 3.899049
endloop
endfacet
facet normal -0.0561186 -0.156837 0.986029
outer loop
vertex 1.071514 2.586863 3.964968
vertex 0.699391 2.305584 3.899049
vertex 0.724412 2.289984 3.897992
endloop
endfacet
facet normal -0.0561173 -0.156839 0.986029
outer loop
vertex 0.783407 2.241303 3.893606
vertex 0.836304 2.185010 3.887662
vertex 1.071514 2.586863 3.964968
endloop
endfacet
facet normal -0.0561173 -0.156839 0.986029
outer loop
vertex 1.071514 2.586863 3.964968
vertex 0.724412 2.289984 3.897992
vertex 0.783407 2.241303 3.893606
endloop
endfacet
facet normal -0.0404739 -0.161584 0.986029
outer loop
vertex 0.659067 2.330727 3.901514
vertex 0.699391 2.305584 3.899049
vertex 0.812797 2.679433 3.964968
endloop
endfacet
facet normal -0.0404748 -0.161584 0.986029
outer loop
vertex 0.812797 2.679433 3.964968
vertex 0.546253 2.746199 3.964968
vertex 0.475423 2.390113 3.903708
endloop
endfacet
facet normal -0.0404742 -0.161585 0.986029
outer loop
vertex 0.812797 2.679433 3.964968
vertex 0.475423 2.390113 3.903708
vertex 0.513643 2.384622 3.904377
endloop
endfacet
facet normal -0.0404756 -0.161583 0.986029
outer loop
vertex 0.588458 2.362438 3.903812
vertex 0.659067 2.330727 3.901514
vertex 0.812797 2.679433 3.964968
endloop
endfacet
facet normal -0.0404751 -0.161584 0.986029
outer loop
vertex 0.812797 2.679433 3.964968
vertex 0.513643 2.384622 3.904377
vertex 0.588458 2.362438 3.903812
endloop
endfacet
facet normal -0.0404812 -0.161584 0.986028
outer loop
vertex 0.547313 1.809367 3.811490
vertex 0.546839 1.865355 3.820645
vertex 0.530058 1.913091 3.827779
endloop
endfacet
facet normal -0.0404724 -0.16158 0.986029
outer loop
vertex 0.530058 1.913091 3.827779
vertex 0.482269 1.960845 3.833643
vertex 0.418998 1.987151 3.835356
endloop
endfacet
facet normal -0.0404696 -0.161585 0.986029
outer loop
vertex 0.418998 1.987151 3.835356
vertex 0.395631 1.988973 3.834696
vertex 0.273126 1.373099 3.728742
endloop
endfacet
facet normal -0.0404748 -0.161584 0.986029
outer loop
vertex 0.273126 1.373099 3.728742
vertex 0.406399 1.339716 3.728742
vertex 0.544320 1.794382 3.808911
endloop
endfacet
facet normal -0.0404914 -0.161586 0.986028
outer loop
vertex 0.544320 1.794382 3.808911
vertex 0.547313 1.809367 3.811490
vertex 0.530058 1.913091 3.827779
endloop
endfacet
facet normal -0.0404748 -0.161584 0.986029
outer loop
vertex 0.530058 1.913091 3.827779
vertex 0.418998 1.987151 3.835356
vertex 0.273126 1.373099 3.728742
endloop
endfacet
facet normal -0.0404751 -0.161584 0.986029
outer loop
vertex 0.530058 1.913091 3.827779
vertex 0.273126 1.373099 3.728742
vertex 0.544320 1.794382 3.808911
endloop
endfacet
facet normal -0.0244424 -0.164773 0.986029
outer loop
vertex 0.357190 1.991971 3.834244
vertex 0.278849 1.978864 3.830112
vertex 0.220105 1.947367 3.823392
endloop
endfacet
facet normal -0.0244409 -0.164773 0.986029
outer loop
vertex 0.220105 1.947367 3.823392
vertex 0.188812 1.917041 3.817549
vertex 0.137224 1.393259 3.728742
endloop
endfacet
facet normal -0.0244417 -0.164773 0.986028
outer loop
vertex 0.137224 1.393259 3.728742
vertex 0.273126 1.373099 3.728742
vertex 0.395631 1.988973 3.834696
endloop
endfacet
facet normal -0.024444 -0.164768 0.986029
outer loop
vertex 0.395631 1.988973 3.834696
vertex 0.357190 1.991971 3.834244
vertex 0.220105 1.947367 3.823392
endloop
endfacet
facet normal -0.0244429 -0.164773 0.986029
outer loop
vertex 0.220105 1.947367 3.823392
vertex 0.137224 1.393259 3.728742
vertex 0.395631 1.988973 3.834696
endloop
endfacet
facet normal -0.0244428 -0.164773 0.986029
outer loop
vertex 0.413155 2.399059 3.903659
vertex 0.475423 2.390113 3.903708
vertex 0.546253 2.746199 3.964968
endloop
endfacet
facet normal -0.0244417 -0.164773 0.986029
outer loop
vertex 0.546253 2.746199 3.964968
vertex 0.274448 2.786517 3.964968
vertex 0.235159 2.387605 3.897333
endloop
endfacet
facet normal -0.0244403 -0.164774 0.986029
outer loop
vertex 0.337430 2.400000 3.901939
vertex 0.413155 2.399059 3.903659
vertex 0.546253 2.746199 3.964968
endloop
endfacet
facet normal -0.0244418 -0.164773 0.986029
outer loop
vertex 0.546253 2.746199 3.964968
vertex 0.235159 2.387605 3.897333
vertex 0.337430 2.400000 3.901939
endloop
endfacet
facet normal -0.00817313 -0.166376 0.986029
outer loop
vertex 0.180712 1.909191 3.816157
vertex 0.000000 1.694712 3.778470
vertex 0.000000 1.400000 3.728742
endloop
endfacet
facet normal -0.00817352 -0.166375 0.986029
outer loop
vertex 0.000000 1.400000 3.728742
vertex 0.137224 1.393259 3.728742
vertex 0.188812 1.917041 3.817549
endloop
endfacet
facet normal -0.00817068 -0.166376 0.986028
outer loop
vertex 0.000000 1.400000 3.728742
vertex 0.188812 1.917041 3.817549
vertex 0.180712 1.909191 3.816157
endloop
endfacet
facet normal -0.00818508 -0.166374 0.986029
outer loop
vertex 0.222654 2.386089 3.896973
vertex 0.235159 2.387605 3.897333
vertex 0.274448 2.786517 3.964968
endloop
endfacet
facet normal -0.00817353 -0.166375 0.986029
outer loop
vertex 0.274448 2.786517 3.964968
vertex 0.000000 2.800000 3.964968
vertex 0.000000 2.287235 3.878448
endloop
endfacet
facet normal -0.00817482 -0.166375 0.986029
outer loop
vertex 0.274448 2.786517 3.964968
vertex 0.000000 2.287235 3.878448
vertex 0.035644 2.314674 3.883373
endloop
endfacet
facet normal -0.0081717 -0.166376 0.986029
outer loop
vertex 0.137202 2.362056 3.892210
vertex 0.222654 2.386089 3.896973
vertex 0.274448 2.786517 3.964968
endloop
endfacet
facet normal -0.00817329 -0.166375 0.986029
outer loop
vertex 0.274448 2.786517 3.964968
vertex 0.035644 2.314674 3.883373
vertex 0.137202 2.362056 3.892210
endloop
endfacet
facet normal 0.00817349 -0.166375 0.986029
outer loop
vertex -0.149445 1.517343 3.749780
vertex -0.137224 1.393259 3.728742
vertex 0.000000 1.400000 3.728742
endloop
endfacet
facet normal 0.00817293 -0.166376 0.986029
outer loop
vertex -0.149445 1.517343 3.749780
vertex 0.000000 1.400000 3.728742
vertex 0.000000 1.694712 3.778470
endloop
endfacet
facet normal 0.00817206 -0.166375 0.986029
outer loop
vertex -0.088042 2.219462 3.867742
vertex 0.000000 2.287235 3.878448
vertex 0.000000 2.800000 3.964968
endloop
endfacet
facet normal 0.00817353 -0.166376 0.986029
outer loop
vertex 0.000000 2.800000 3.964968
vertex -0.274448 2.786517 3.964968
vertex -0.204958 2.080971 3.845343
endloop
endfacet
facet normal 0.00817399 -0.166376 0.986029
outer loop
vertex 0.000000 2.800000 3.964968
vertex -0.204958 2.080971 3.845343
vertex -0.088042 2.219462 3.867742
endloop
endfacet
facet normal 0.0244416 -0.164773 0.986029
outer loop
vertex -0.137224 1.393259 3.728742
vertex -0.149445 1.517343 3.749780
vertex -0.270673 1.373463 3.728742
endloop
endfacet
facet normal 0.0244417 -0.164773 0.986029
outer loop
vertex -0.274448 2.786517 3.964968
vertex -0.546253 2.746199 3.964968
vertex -0.374082 1.880638 3.816058
endloop
endfacet
facet normal 0.0244421 -0.164773 0.986029
outer loop
vertex -0.274448 2.786517 3.964968
vertex -0.374082 1.880638 3.816058
vertex -0.204958 2.080971 3.845343
endloop
endfacet
facet normal 0.0404748 -0.161584 0.986029
outer loop
vertex -0.546253 2.746199 3.964968
vertex -0.812797 2.679433 3.964968
vertex -0.518568 1.709490 3.793942
endloop
endfacet
facet normal 0.0404752 -0.161584 0.986029
outer loop
vertex -0.546253 2.746199 3.964968
vertex -0.518568 1.709490 3.793942
vertex -0.374082 1.880638 3.816058
endloop
endfacet
facet normal 0.0561177 -0.156839 0.986029
outer loop
vertex -0.812797 2.679433 3.964968
vertex -1.071514 2.586863 3.964968
vertex -0.645711 1.558885 3.777223
endloop
endfacet
facet normal 0.0561177 -0.156839 0.986029
outer loop
vertex -0.812797 2.679433 3.964968
vertex -0.645711 1.558885 3.777223
vertex -0.518568 1.709490 3.793942
endloop
endfacet
facet normal 0.0712206 -0.150583 0.986029
outer loop
vertex -1.071514 2.586863 3.964968
vertex -1.319911 2.469379 3.964968
vertex -0.760539 1.422868 3.764745
endloop
endfacet
facet normal 0.0712203 -0.150583 0.986029
outer loop
vertex -1.071514 2.586863 3.964968
vertex -0.760539 1.422868 3.764745
vertex -0.645711 1.558885 3.777223
endloop
endfacet
facet normal 0.0856372 -0.142877 0.986029
outer loop
vertex -1.319911 2.469379 3.964968
vertex -1.555597 2.328115 3.964968
vertex -0.866703 1.297113 3.755743
endloop
endfacet
facet normal 0.0856368 -0.142877 0.986029
outer loop
vertex -1.319911 2.469379 3.964968
vertex -0.866703 1.297113 3.755743
vertex -0.760539 1.422868 3.764745
endloop
endfacet
facet normal 0.0992294 -0.133795 0.986029
outer loop
vertex -1.555597 2.328115 3.964968
vertex -1.776301 2.164429 3.964968
vertex -0.967006 1.178301 3.749716
endloop
endfacet
facet normal 0.0992294 -0.133795 0.986029
outer loop
vertex -1.555597 2.328115 3.964968
vertex -0.967006 1.178301 3.749716
vertex -0.866703 1.297113 3.755743
endloop
endfacet
facet normal 0.111866 -0.123425 0.986029
outer loop
vertex -1.776301 2.164429 3.964968
vertex -1.979899 1.979899 3.964968
vertex -1.063729 1.063729 3.746347
endloop
endfacet
facet normal 0.111865 -0.123425 0.986029
outer loop
vertex -1.776301 2.164429 3.964968
vertex -1.063729 1.063729 3.746347
vertex -0.967006 1.178301 3.749716
endloop
endfacet
facet normal 0.123425 -0.111866 0.986029
outer loop
vertex -1.979899 1.979899 3.964968
vertex -2.164429 1.776301 3.964968
vertex -1.158856 0.951049 3.745471
endloop
endfacet
facet normal 0.123426 -0.111865 0.986029
outer loop
vertex -1.979899 1.979899 3.964968
vertex -1.158856 0.951049 3.745471
vertex -1.063729 1.063729 3.746347
endloop
endfacet
facet normal 0.133795 -0.0992294 0.986029
outer loop
vertex -2.164429 1.776301 3.964968
vertex -2.328115 1.555597 3.964968
vertex -1.254244 0.838059 3.747044
endloop
endfacet
facet normal 0.133795 -0.0992299 0.986029
outer loop
vertex -2.164429 1.776301 3.964968
vertex -1.254244 0.838059 3.747044
vertex -1.158856 0.951049 3.745471
endloop
endfacet
facet normal 0.142877 -0.0856371 0.986029
outer loop
vertex -2.328115 1.555597 3.964968
vertex -2.469379 1.319911 3.964968
vertex -1.351770 0.722536 3.751142
endloop
endfacet
facet normal 0.142878 -0.0856362 0.986029
outer loop
vertex -2.328115 1.555597 3.964968
vertex -1.351770 0.722536 3.751142
vertex -1.254244 0.838059 3.747044
endloop
endfacet
facet normal 0.150583 -0.0712206 0.986029
outer loop
vertex -2.469379 1.319911 3.964968
vertex -2.586863 1.071514 3.964968
vertex -1.453484 0.602053 3.757973
endloop
endfacet
facet normal 0.150582 -0.0712218 0.986029
outer loop
vertex -2.469379 1.319911 3.964968
vertex -1.453484 0.602053 3.757973
vertex -1.351770 0.722536 3.751142
endloop
endfacet
facet normal 0.156839 -0.0561177 0.986029
outer loop
vertex -2.586863 1.071514 3.964968
vertex -2.679433 0.812797 3.964968
vertex -1.561788 0.473763 3.767899
endloop
endfacet
facet normal 0.156839 -0.0561165 0.986029
outer loop
vertex -2.586863 1.071514 3.964968
vertex -1.561788 0.473763 3.767899
vertex -1.453484 0.602053 3.757973
endloop
endfacet
facet normal 0.161584 -0.0404748 0.986029
outer loop
vertex -2.679433 0.812797 3.964968
vertex -2.746199 0.546253 3.964968
vertex -1.679685 0.334110 3.781487
endloop
endfacet
facet normal 0.161584 -0.0404748 0.986029
outer loop
vertex -2.679433 0.812797 3.964968
vertex -1.679685 0.334110 3.781487
vertex -1.561788 0.473763 3.767899
endloop
endfacet
facet normal 0.164773 -0.0244417 0.986029
outer loop
vertex -2.746199 0.546253 3.964968
vertex -2.786517 0.274448 3.964968
vertex -1.811152 0.178383 3.799596
endloop
endfacet
facet normal 0.164773 -0.0244414 0.986029
outer loop
vertex -2.746199 0.546253 3.964968
vertex -1.811152 0.178383 3.799596
vertex -1.679685 0.334110 3.781487
endloop
endfacet
facet normal 0.166378 -0.00817375 0.986028
outer loop
vertex -1.400000 0.000000 3.728742
vertex -1.398272 0.035168 3.728742
vertex -1.427903 0.000000 3.733450
endloop
endfacet
facet normal 0.166376 -0.00817353 0.986029
outer loop
vertex -2.786517 0.274448 3.964968
vertex -2.800000 0.000000 3.964968
vertex -1.961746 0.000000 3.823527
endloop
endfacet
facet normal 0.166375 -0.00817427 0.986029
outer loop
vertex -2.786517 0.274448 3.964968
vertex -1.961746 0.000000 3.823527
vertex -1.811152 0.178383 3.799596
endloop
endfacet
facet normal 0.166376 0.00817355 0.986028
outer loop
vertex -1.557122 -0.153363 3.756525
vertex -1.393259 -0.137224 3.728742
vertex -1.400000 0.000000 3.728742
endloop
endfacet
facet normal 0.166378 0.008171 0.986028
outer loop
vertex -1.557122 -0.153363 3.756525
vertex -1.400000 0.000000 3.728742
vertex -1.427903 0.000000 3.733450
endloop
endfacet
facet normal 0.166376 0.00817352 0.986029
outer loop
vertex -1.961746 0.000000 3.823527
vertex -2.800000 0.000000 3.964968
vertex -2.786517 -0.274448 3.964968
endloop
endfacet
facet normal 0.166375 0.00817311 0.986029
outer loop
vertex -2.786517 -0.274448 3.964968
vertex -2.118327 -0.208637 3.851677
vertex -2.102159 -0.176484 3.848682
endloop
endfacet
facet normal 0.166375 0.00817447 0.986029
outer loop
vertex -2.051015 -0.105742 3.839466
vertex -1.961746 0.000000 3.823527
vertex -2.786517 -0.274448 3.964968
endloop
endfacet
facet normal 0.166376 0.0081729 0.986029
outer loop
vertex -2.786517 -0.274448 3.964968
vertex -2.102159 -0.176484 3.848682
vertex -2.051015 -0.105742 3.839466
endloop
endfacet
facet normal 0.164773 0.0244417 0.986029
outer loop
vertex -1.715398 -0.341214 3.787630
vertex -1.373099 -0.273126 3.728742
vertex -1.393259 -0.137224 3.728742
endloop
endfacet
facet normal 0.164774 0.0244406 0.986028
outer loop
vertex -1.715398 -0.341214 3.787630
vertex -1.393259 -0.137224 3.728742
vertex -1.557122 -0.153363 3.756525
endloop
endfacet
facet normal 0.164773 0.0244423 0.986029
outer loop
vertex -2.157268 -0.286081 3.860104
vertex -2.118327 -0.208637 3.851677
vertex -2.786517 -0.274448 3.964968
endloop
endfacet
facet normal 0.164773 0.0244417 0.986029
outer loop
vertex -2.786517 -0.274448 3.964968
vertex -2.746199 -0.546253 3.964968
vertex -2.191216 -0.435860 3.869489
endloop
endfacet
facet normal 0.164773 0.0244417 0.986029
outer loop
vertex -2.184860 -0.379203 3.867023
vertex -2.157268 -0.286081 3.860104
vertex -2.786517 -0.274448 3.964968
endloop
endfacet
facet normal 0.164773 0.024439 0.986029
outer loop
vertex -2.786517 -0.274448 3.964968
vertex -2.191216 -0.435860 3.869489
vertex -2.184860 -0.379203 3.867023
endloop
endfacet
facet normal 0.161584 0.0404748 0.986028
outer loop
vertex -2.191216 -0.435860 3.869489
vertex -2.746199 -0.546253 3.964968
vertex -2.679433 -0.812797 3.964968
endloop
endfacet
facet normal 0.161584 0.0404741 0.986029
outer loop
vertex -2.679433 -0.812797 3.964968
vertex -2.177309 -0.660479 3.876431
vertex -2.193284 -0.596720 3.876431
endloop
endfacet
facet normal 0.161584 0.0404747 0.986029
outer loop
vertex -2.198574 -0.501445 3.873387
vertex -2.191216 -0.435860 3.869489
vertex -2.679433 -0.812797 3.964968
endloop
endfacet
facet normal 0.161583 0.0404763 0.986029
outer loop
vertex -2.679433 -0.812797 3.964968
vertex -2.193284 -0.596720 3.876431
vertex -2.198574 -0.501445 3.873387
endloop
endfacet
facet normal 0.161589 0.0404735 0.986028
outer loop
vertex -1.734466 -0.363845 3.791684
vertex -1.767550 -0.413661 3.799151
vertex -1.788677 -0.485170 3.805548
endloop
endfacet
facet normal 0.161585 0.0404733 0.986029
outer loop
vertex -1.788677 -0.485170 3.805548
vertex -1.786076 -0.541800 3.807446
vertex -1.339716 -0.406399 3.728742
endloop
endfacet
facet normal 0.161584 0.0404748 0.986029
outer loop
vertex -1.339716 -0.406399 3.728742
vertex -1.373099 -0.273126 3.728742
vertex -1.715398 -0.341214 3.787630
endloop
endfacet
facet normal 0.161591 0.0404726 0.986028
outer loop
vertex -1.715398 -0.341214 3.787630
vertex -1.734466 -0.363845 3.791684
vertex -1.788677 -0.485170 3.805548
endloop
endfacet
facet normal 0.161584 0.040476 0.986029
outer loop
vertex -1.788677 -0.485170 3.805548
vertex -1.339716 -0.406399 3.728742
vertex -1.715398 -0.341214 3.787630
endloop
endfacet
facet normal 0.156837 0.0561146 0.986029
outer loop
vertex -1.758792 -0.613428 3.807183
vertex -1.721533 -0.648113 3.803231
vertex -1.666189 -0.667826 3.795550
endloop
endfacet
facet normal 0.15684 0.0561156 0.986029
outer loop
vertex -1.666189 -0.667826 3.795550
vertex -1.621186 -0.671517 3.788601
vertex -1.293431 -0.535757 3.728742
endloop
endfacet
facet normal 0.156839 0.0561177 0.986029
outer loop
vertex -1.293431 -0.535757 3.728742
vertex -1.339716 -0.406399 3.728742
vertex -1.786076 -0.541800 3.807446
endloop
endfacet
facet normal 0.156824 0.0561135 0.986031
outer loop
vertex -1.786076 -0.541800 3.807446
vertex -1.785361 -0.557373 3.808219
vertex -1.758792 -0.613428 3.807183
endloop
endfacet
facet normal 0.156839 0.0561176 0.986028
outer loop
vertex -1.758792 -0.613428 3.807183
vertex -1.666189 -0.667826 3.795550
vertex -1.293431 -0.535757 3.728742
endloop
endfacet
facet normal 0.156839 0.056119 0.986029
outer loop
vertex -1.293431 -0.535757 3.728742
vertex -1.786076 -0.541800 3.807446
vertex -1.758792 -0.613428 3.807183
endloop
endfacet
facet normal 0.156839 0.0561181 0.986029
outer loop
vertex -2.163646 -0.715011 3.877361
vertex -2.177309 -0.660479 3.876431
vertex -2.679433 -0.812797 3.964968
endloop
endfacet
facet normal 0.156839 0.0561177 0.986029
outer loop
vertex -2.679433 -0.812797 3.964968
vertex -2.586863 -1.071514 3.964968
vertex -2.082172 -0.862464 3.872794
endloop
endfacet
facet normal 0.156839 0.0561174 0.986029
outer loop
vertex -2.120364 -0.806351 3.875675
vertex -2.163646 -0.715011 3.877361
vertex -2.679433 -0.812797 3.964968
endloop
endfacet
facet normal 0.156839 0.0561169 0.986029
outer loop
vertex -2.679433 -0.812797 3.964968
vertex -2.082172 -0.862464 3.872794
vertex -2.120364 -0.806351 3.875675
endloop
endfacet
facet normal 0.150584 0.0712122 0.986029
outer loop
vertex -1.601448 -0.673136 3.785704
vertex -1.259354 -0.673139 3.733461
vertex -1.234690 -0.659955 3.728742
endloop
endfacet
facet normal 0.150583 0.0712206 0.986029
outer loop
vertex -1.234690 -0.659955 3.728742
vertex -1.293431 -0.535757 3.728742
vertex -1.621186 -0.671517 3.788601
endloop
endfacet
facet normal 0.150582 0.0712613 0.986026
outer loop
vertex -1.234690 -0.659955 3.728742
vertex -1.621186 -0.671517 3.788601
vertex -1.601448 -0.673136 3.785704
endloop
endfacet
facet normal 0.150582 0.0712232 0.986029
outer loop
vertex -2.078416 -0.867983 3.872619
vertex -2.082172 -0.862464 3.872794
vertex -2.586863 -1.071514 3.964968
endloop
endfacet
facet normal 0.150583 0.0712206 0.986029
outer loop
vertex -2.586863 -1.071514 3.964968
vertex -2.469379 -1.319911 3.964968
vertex -1.897831 -1.014412 3.855617
endloop
endfacet
facet normal 0.150582 0.0712252 0.986028
outer loop
vertex -2.586863 -1.071514 3.964968
vertex -1.897831 -1.014412 3.855617
vertex -1.920390 -1.005054 3.858386
endloop
endfacet
facet normal 0.150583 0.0712217 0.986029
outer loop
vertex -1.997985 -0.951378 3.866359
vertex -2.078416 -0.867983 3.872619
vertex -2.586863 -1.071514 3.964968
endloop
endfacet
facet normal 0.150583 0.0712183 0.986029
outer loop
vertex -2.586863 -1.071514 3.964968
vertex -1.920390 -1.005054 3.858386
vertex -1.997985 -0.951378 3.866359
endloop
endfacet
facet normal 0.142877 0.0856376 0.986029
outer loop
vertex -1.796608 -1.056399 3.844596
vertex -1.897831 -1.014412 3.855617
vertex -2.469379 -1.319911 3.964968
endloop
endfacet
facet normal 0.142877 0.0856372 0.986029
outer loop
vertex -2.469379 -1.319911 3.964968
vertex -2.328115 -1.555597 3.964968
vertex -1.615315 -1.079319 3.820317
endloop
endfacet
facet normal 0.142877 0.0856373 0.986029
outer loop
vertex -1.665272 -1.079189 3.827545
vertex -1.796608 -1.056399 3.844596
vertex -2.469379 -1.319911 3.964968
endloop
endfacet
facet normal 0.142879 0.0856323 0.986029
outer loop
vertex -2.469379 -1.319911 3.964968
vertex -1.615315 -1.079319 3.820317
vertex -1.665272 -1.079189 3.827545
endloop
endfacet
facet normal 0.142874 0.0856353 0.986029
outer loop
vertex -1.234690 -0.659955 3.728742
vertex -1.259354 -0.673139 3.733461
vertex -1.226788 -0.673139 3.728742
endloop
endfacet
facet normal 0.133795 0.0992294 0.986029
outer loop
vertex -1.615315 -1.079319 3.820317
vertex -2.328115 -1.555597 3.964968
vertex -2.164429 -1.776301 3.964968
endloop
endfacet
facet normal 0.133795 0.0992296 0.986029
outer loop
vertex -1.615315 -1.079319 3.820317
vertex -2.164429 -1.776301 3.964968
vertex -1.316102 -1.080097 3.779795
endloop
endfacet
facet normal 0.123425 0.111866 0.986029
outer loop
vertex -1.316102 -1.080097 3.779795
vertex -2.164429 -1.776301 3.964968
vertex -1.979899 -1.979899 3.964968
endloop
endfacet
facet normal 0.123425 0.111865 0.986029
outer loop
vertex -1.316102 -1.080097 3.779795
vertex -1.979899 -1.979899 3.964968
vertex -1.080709 -1.080709 3.750399
endloop
endfacet
facet normal 0.111866 0.123425 0.986029
outer loop
vertex -0.889262 -1.081207 3.728742
vertex -1.080709 -1.080709 3.750399
vertex -1.979899 -1.979899 3.964968
endloop
endfacet
facet normal 0.111866 0.123425 0.986029
outer loop
vertex -1.979899 -1.979899 3.964968
vertex -1.776301 -2.164429 3.964968
vertex -0.888151 -1.082215 3.728742
endloop
endfacet
facet normal 0.111865 0.123422 0.986029
outer loop
vertex -1.979899 -1.979899 3.964968
vertex -0.888151 -1.082215 3.728742
vertex -0.889262 -1.081207 3.728742
endloop
endfacet
facet normal 0.0992302 0.133796 0.986028
outer loop
vertex -0.801202 -1.199083 3.735850
vertex -0.789258 -1.155558 3.728742
vertex -0.888151 -1.082215 3.728742
endloop
endfacet
facet normal 0.0992294 0.133795 0.986029
outer loop
vertex -0.888151 -1.082215 3.728742
vertex -1.776301 -2.164429 3.964968
vertex -1.555597 -2.328115 3.964968
endloop
endfacet
facet normal 0.099229 0.133795 0.986029
outer loop
vertex -0.888151 -1.082215 3.728742
vertex -1.555597 -2.328115 3.964968
vertex -0.801202 -1.199083 3.735850
endloop
endfacet
facet normal 0.0856371 0.142877 0.986029
outer loop
vertex -0.801202 -1.199083 3.735850
vertex -1.555597 -2.328115 3.964968
vertex -1.319911 -2.469379 3.964968
endloop
endfacet
facet normal 0.0856417 0.142875 0.986029
outer loop
vertex -1.319911 -2.469379 3.964968
vertex -0.945262 -1.768460 3.830865
vertex -0.944939 -1.761295 3.829799
endloop
endfacet
facet normal 0.0856367 0.142877 0.986029
outer loop
vertex -0.916760 -1.620207 3.806908
vertex -0.801202 -1.199083 3.735850
vertex -1.319911 -2.469379 3.964968
endloop
endfacet
facet normal 0.085636 0.142878 0.986029
outer loop
vertex -1.319911 -2.469379 3.964968
vertex -0.944939 -1.761295 3.829799
vertex -0.916760 -1.620207 3.806908
endloop
endfacet
facet normal 0.0712206 0.150583 0.986029
outer loop
vertex -0.945262 -1.768460 3.830865
vertex -1.319911 -2.469379 3.964968
vertex -1.071514 -2.586863 3.964968
endloop
endfacet
facet normal 0.071222 0.150583 0.986029
outer loop
vertex -1.071514 -2.586863 3.964968
vertex -0.877789 -2.119170 3.879551
vertex -0.909937 -2.054119 3.871938
endloop
endfacet
facet normal 0.0712214 0.150583 0.986029
outer loop
vertex -1.071514 -2.586863 3.964968
vertex -0.909937 -2.054119 3.871938
vertex -0.942421 -1.935681 3.856197
endloop
endfacet
facet normal 0.0712231 0.150582 0.986028
outer loop
vertex -0.949337 -1.858978 3.844983
vertex -0.945262 -1.768460 3.830865
vertex -1.071514 -2.586863 3.964968
endloop
endfacet
facet normal 0.0712217 0.150583 0.986028
outer loop
vertex -1.071514 -2.586863 3.964968
vertex -0.942421 -1.935681 3.856197
vertex -0.949337 -1.858978 3.844983
endloop
endfacet
facet normal 0.0561178 0.156839 0.986029
outer loop
vertex -0.512307 -1.688850 3.790303
vertex -0.406399 -1.339716 3.728742
vertex -0.417286 -1.335821 3.728742
endloop
endfacet
facet normal 0.0561043 0.156845 0.986028
outer loop
vertex -0.876288 -2.122207 3.879948
vertex -0.877789 -2.119170 3.879551
vertex -1.071514 -2.586863 3.964968
endloop
endfacet
facet normal 0.0561176 0.156839 0.986029
outer loop
vertex -1.071514 -2.586863 3.964968
vertex -0.812797 -2.679433 3.964968
vertex -0.698613 -2.303019 3.898597
endloop
endfacet
facet normal 0.0561158 0.156841 0.986028
outer loop
vertex -1.071514 -2.586863 3.964968
vertex -0.698613 -2.303019 3.898597
vertex -0.730683 -2.282505 3.897159
endloop
endfacet
facet normal 0.0561183 0.156839 0.986029
outer loop
vertex -0.814234 -2.206305 3.889793
vertex -0.876288 -2.122207 3.879948
vertex -1.071514 -2.586863 3.964968
endloop
endfacet
facet normal 0.0561169 0.15684 0.986028
outer loop
vertex -1.071514 -2.586863 3.964968
vertex -0.730683 -2.282505 3.897159
vertex -0.814234 -2.206305 3.889793
endloop
endfacet
facet normal 0.0404754 0.161584 0.986029
outer loop
vertex -0.654078 -2.331507 3.901437
vertex -0.698613 -2.303019 3.898597
vertex -0.812797 -2.679433 3.964968
endloop
endfacet
facet normal 0.0404747 0.161584 0.986029
outer loop
vertex -0.812797 -2.679433 3.964968
vertex -0.546253 -2.746199 3.964968
vertex -0.475397 -2.389982 3.903685
endloop
endfacet
facet normal 0.040476 0.161583 0.986029
outer loop
vertex -0.529225 -2.380705 3.904374
vertex -0.654078 -2.331507 3.901437
vertex -0.812797 -2.679433 3.964968
endloop
endfacet
facet normal 0.0404716 0.161587 0.986028
outer loop
vertex -0.812797 -2.679433 3.964968
vertex -0.475397 -2.389982 3.903685
vertex -0.529225 -2.380705 3.904374
endloop
endfacet
facet normal 0.0404709 0.161584 0.986029
outer loop
vertex -0.522095 -1.725215 3.796664
vertex -0.539560 -1.811812 3.811572
vertex -0.539376 -1.868532 3.820859
endloop
endfacet
facet normal 0.0404731 0.161585 0.986028
outer loop
vertex -0.539376 -1.868532 3.820859
vertex -0.522967 -1.916834 3.828101
vertex -0.498639 -1.944774 3.831681
endloop
endfacet
facet normal 0.0404677 0.161569 0.986031
outer loop
vertex -0.498639 -1.944774 3.831681
vertex -0.446677 -1.978267 3.835037
vertex -0.404770 -1.990230 3.835277
endloop
endfacet
facet normal 0.040492 0.16158 0.986028
outer loop
vertex -0.404770 -1.990230 3.835277
vertex -0.395997 -1.990811 3.835012
vertex -0.273126 -1.373099 3.728742
endloop
endfacet
facet normal 0.0404748 0.161584 0.986029
outer loop
vertex -0.273126 -1.373099 3.728742
vertex -0.406399 -1.339716 3.728742
vertex -0.512307 -1.688850 3.790303
endloop
endfacet
facet normal 0.0404688 0.161585 0.986029
outer loop
vertex -0.512307 -1.688850 3.790303
vertex -0.522095 -1.725215 3.796664
vertex -0.539376 -1.868532 3.820859
endloop
endfacet
facet normal 0.0404768 0.161587 0.986028
outer loop
vertex -0.539376 -1.868532 3.820859
vertex -0.498639 -1.944774 3.831681
vertex -0.404770 -1.990230 3.835277
endloop
endfacet
facet normal 0.0404745 0.161584 0.986029
outer loop
vertex -0.404770 -1.990230 3.835277
vertex -0.273126 -1.373099 3.728742
vertex -0.512307 -1.688850 3.790303
endloop
endfacet
facet normal 0.0404736 0.161584 0.986029
outer loop
vertex -0.539376 -1.868532 3.820859
vertex -0.404770 -1.990230 3.835277
vertex -0.512307 -1.688850 3.790303
endloop
endfacet
facet normal 0.0244392 0.164774 0.986029
outer loop
vertex -0.212263 -1.949283 3.823518
vertex -0.189853 -1.927611 3.819341
vertex -0.137224 -1.393259 3.728742
endloop
endfacet
facet normal 0.0244417 0.164773 0.986029
outer loop
vertex -0.137224 -1.393259 3.728742
vertex -0.273126 -1.373099 3.728742
vertex -0.395997 -1.990811 3.835012
endloop
endfacet
facet normal 0.0244402 0.164774 0.986029
outer loop
vertex -0.395997 -1.990811 3.835012
vertex -0.349929 -1.993860 3.834380
vertex -0.270860 -1.980703 3.830221
endloop
endfacet
facet normal 0.0244436 0.164773 0.986029
outer loop
vertex -0.270860 -1.980703 3.830221
vertex -0.212263 -1.949283 3.823518
vertex -0.137224 -1.393259 3.728742
endloop
endfacet
facet normal 0.0244402 0.164774 0.986029
outer loop
vertex -0.137224 -1.393259 3.728742
vertex -0.395997 -1.990811 3.835012
vertex -0.270860 -1.980703 3.830221
endloop
endfacet
facet normal 0.0244428 0.164773 0.986029
outer loop
vertex -0.417273 -2.400000 3.903918
vertex -0.475397 -2.389982 3.903685
vertex -0.546253 -2.746199 3.964968
endloop
endfacet
facet normal 0.0244417 0.164773 0.986029
outer loop
vertex -0.546253 -2.746199 3.964968
vertex -0.274448 -2.786517 3.964968
vertex -0.235438 -2.390446 3.897814
endloop
endfacet
facet normal 0.0244424 0.164773 0.986029
outer loop
vertex -0.280830 -2.398284 3.900249
vertex -0.417273 -2.400000 3.903918
vertex -0.546253 -2.746199 3.964968
endloop
endfacet
facet normal 0.0244418 0.164773 0.986029
outer loop
vertex -0.546253 -2.746199 3.964968
vertex -0.235438 -2.390446 3.897814
vertex -0.280830 -2.398284 3.900249
endloop
endfacet
facet normal 0.0081742 0.166375 0.986029
outer loop
vertex -0.174638 -1.912896 3.816732
vertex -0.000000 -1.706685 3.780490
vertex -0.000000 -1.400000 3.728742
endloop
endfacet
facet normal 0.00817353 0.166376 0.986028
outer loop
vertex -0.000000 -1.400000 3.728742
vertex -0.137224 -1.393259 3.728742
vertex -0.189853 -1.927611 3.819341
endloop
endfacet
facet normal 0.00818087 0.166373 0.986029
outer loop
vertex -0.000000 -1.400000 3.728742
vertex -0.189853 -1.927611 3.819341
vertex -0.174638 -1.912896 3.816732
endloop
endfacet
facet normal 0.00816978 0.166376 0.986029
outer loop
vertex -0.194274 -2.383338 3.896274
vertex -0.235438 -2.390446 3.897814
vertex -0.274448 -2.786517 3.964968
endloop
endfacet
facet normal 0.00817353 0.166375 0.986029
outer loop
vertex -0.274448 -2.786517 3.964968
vertex -0.000000 -2.800000 3.964968
vertex -0.000000 -2.295975 3.879922
endloop
endfacet
facet normal 0.00817343 0.166375 0.986029
outer loop
vertex -0.087473 -2.347167 3.889285
vertex -0.194274 -2.383338 3.896274
vertex -0.274448 -2.786517 3.964968
endloop
endfacet
facet normal 0.00817453 0.166375 0.986029
outer loop
vertex -0.274448 -2.786517 3.964968
vertex -0.000000 -2.295975 3.879922
vertex -0.087473 -2.347167 3.889285
endloop
endfacet
facet normal -0.00817354 0.166376 0.986028
outer loop
vertex 0.150582 -1.528880 3.751736
vertex 0.137224 -1.393259 3.728742
vertex -0.000000 -1.400000 3.728742
endloop
endfacet
facet normal -0.00817387 0.166375 0.986029
outer loop
vertex 0.150582 -1.528880 3.751736
vertex -0.000000 -1.400000 3.728742
vertex -0.000000 -1.706685 3.780490
endloop
endfacet
facet normal -0.00817363 0.166375 0.986029
outer loop
vertex 0.028763 -2.279142 3.877321
vertex -0.000000 -2.295975 3.879922
vertex -0.000000 -2.800000 3.964968
endloop
endfacet
facet normal -0.00817353 0.166375 0.986029
outer loop
vertex -0.000000 -2.800000 3.964968
vertex 0.274448 -2.786517 3.964968
vertex 0.206335 -2.094956 3.847714
endloop
endfacet
facet normal -0.00817234 0.166375 0.986029
outer loop
vertex 0.135418 -2.178694 3.861256
vertex 0.028763 -2.279142 3.877321
vertex -0.000000 -2.800000 3.964968
endloop
endfacet
facet normal -0.00817549 0.166376 0.986029
outer loop
vertex -0.000000 -2.800000 3.964968
vertex 0.206335 -2.094956 3.847714
vertex 0.135418 -2.178694 3.861256
endloop
endfacet
facet normal -0.0244417 0.164773 0.986028
outer loop
vertex 0.273126 -1.373099 3.728742
vertex 0.137224 -1.393259 3.728742
vertex 0.150582 -1.528880 3.751736
endloop
endfacet
facet normal -0.0244457 0.164776 0.986028
outer loop
vertex 0.273126 -1.373099 3.728742
vertex 0.150582 -1.528880 3.751736
vertex 0.274911 -1.382073 3.730286
endloop
endfacet
facet normal -0.0244417 0.164773 0.986029
outer loop
vertex 0.274448 -2.786517 3.964968
vertex 0.546253 -2.746199 3.964968
vertex 0.376699 -1.893792 3.818321
endloop
endfacet
facet normal -0.0244411 0.164773 0.986029
outer loop
vertex 0.274448 -2.786517 3.964968
vertex 0.376699 -1.893792 3.818321
vertex 0.206335 -2.094956 3.847714
endloop
endfacet
facet normal -0.0404751 0.161588 0.986028
outer loop
vertex 0.273126 -1.373099 3.728742
vertex 0.274911 -1.382073 3.730286
vertex 0.285037 -1.370116 3.728742
endloop
endfacet
facet normal -0.0404748 0.161584 0.986029
outer loop
vertex 0.546253 -2.746199 3.964968
vertex 0.812797 -2.679433 3.964968
vertex 0.522317 -1.721847 3.796121
endloop
endfacet
facet normal -0.0404757 0.161584 0.986029
outer loop
vertex 0.546253 -2.746199 3.964968
vertex 0.522317 -1.721847 3.796121
vertex 0.376699 -1.893792 3.818321
endloop
endfacet
facet normal -0.0561177 0.156839 0.986029
outer loop
vertex 0.812797 -2.679433 3.964968
vertex 1.071514 -2.586863 3.964968
vertex 0.650512 -1.570475 3.779340
endloop
endfacet
facet normal -0.0561169 0.156839 0.986029
outer loop
vertex 0.812797 -2.679433 3.964968
vertex 0.650512 -1.570475 3.779340
vertex 0.522317 -1.721847 3.796121
endloop
endfacet
facet normal -0.0712206 0.150583 0.986029
outer loop
vertex 1.071514 -2.586863 3.964968
vertex 1.319911 -2.469379 3.964968
vertex 0.766335 -1.433712 3.766820
endloop
endfacet
facet normal -0.0712208 0.150583 0.986029
outer loop
vertex 1.071514 -2.586863 3.964968
vertex 0.766335 -1.433712 3.766820
vertex 0.650512 -1.570475 3.779340
endloop
endfacet
facet normal -0.0856372 0.142877 0.986029
outer loop
vertex 1.319911 -2.469379 3.964968
vertex 1.555597 -2.328115 3.964968
vertex 0.873458 -1.307223 3.757795
endloop
endfacet
facet normal -0.0856373 0.142877 0.986029
outer loop
vertex 1.319911 -2.469379 3.964968
vertex 0.873458 -1.307223 3.757795
vertex 0.766335 -1.433712 3.766820
endloop
endfacet
facet normal -0.0992294 0.133795 0.986029
outer loop
vertex 1.555597 -2.328115 3.964968
vertex 1.776301 -2.164429 3.964968
vertex 0.974701 -1.187676 3.751762
endloop
endfacet
facet normal -0.0992297 0.133795 0.986029
outer loop
vertex 1.555597 -2.328115 3.964968
vertex 0.974701 -1.187676 3.751762
vertex 0.873458 -1.307223 3.757795
endloop
endfacet
facet normal -0.111866 0.123425 0.986029
outer loop
vertex 1.776301 -2.164429 3.964968
vertex 1.979899 -1.979899 3.964968
vertex 1.072361 -1.072361 3.748407
endloop
endfacet
facet normal -0.111865 0.123425 0.986029
outer loop
vertex 1.776301 -2.164429 3.964968
vertex 1.072361 -1.072361 3.748407
vertex 0.974701 -1.187676 3.751762
endloop
endfacet
facet normal -0.123425 0.111866 0.986029
outer loop
vertex 1.979899 -1.979899 3.964968
vertex 2.164429 -1.776301 3.964968
vertex 1.168438 -0.958913 3.747563
endloop
endfacet
facet normal -0.123425 0.111865 0.986029
outer loop
vertex 1.979899 -1.979899 3.964968
vertex 1.168438 -0.958913 3.747563
vertex 1.072361 -1.072361 3.748407
endloop
endfacet
facet normal -0.133795 0.0992293 0.986029
outer loop
vertex 1.168438 -0.958913 3.747563
vertex 2.164429 -1.776301 3.964968
vertex 2.328115 -1.555597 3.964968
endloop
endfacet
facet normal -0.133795 0.0992302 0.986029
outer loop
vertex 1.168438 -0.958913 3.747563
vertex 2.328115 -1.555597 3.964968
vertex 1.264809 -0.845119 3.749188
endloop
endfacet
facet normal -0.142877 0.0856372 0.986029
outer loop
vertex 1.264809 -0.845119 3.749188
vertex 2.328115 -1.555597 3.964968
vertex 2.469379 -1.319911 3.964968
endloop
endfacet
facet normal -0.142878 0.0856359 0.986029
outer loop
vertex 1.264809 -0.845119 3.749188
vertex 2.469379 -1.319911 3.964968
vertex 1.363371 -0.728737 3.753362
endloop
endfacet
facet normal -0.150583 0.0712205 0.986029
outer loop
vertex 1.363371 -0.728737 3.753362
vertex 2.469379 -1.319911 3.964968
vertex 2.586863 -1.071514 3.964968
endloop
endfacet
facet normal -0.150583 0.0712207 0.986029
outer loop
vertex 1.363371 -0.728737 3.753362
vertex 2.586863 -1.071514 3.964968
vertex 1.466199 -0.607319 3.760295
endloop
endfacet
facet normal -0.156839 0.0561177 0.986029
outer loop
vertex 1.466199 -0.607319 3.760295
vertex 2.586863 -1.071514 3.964968
vertex 2.679433 -0.812797 3.964968
endloop
endfacet
facet normal -0.156839 0.0561176 0.986029
outer loop
vertex 1.466199 -0.607319 3.760295
vertex 2.679433 -0.812797 3.964968
vertex 1.575726 -0.477991 3.770356
endloop
endfacet
facet normal -0.161584 0.0404748 0.986029
outer loop
vertex 1.575726 -0.477991 3.770356
vertex 2.679433 -0.812797 3.964968
vertex 2.746199 -0.546253 3.964968
endloop
endfacet
facet normal -0.161584 0.0404753 0.986029
outer loop
vertex 1.575726 -0.477991 3.770356
vertex 2.746199 -0.546253 3.964968
vertex 1.694998 -0.337156 3.784121
endloop
endfacet
facet normal -0.164773 0.0244417 0.986029
outer loop
vertex 1.694998 -0.337156 3.784121
vertex 2.746199 -0.546253 3.964968
vertex 2.786517 -0.274448 3.964968
endloop
endfacet
facet normal -0.164773 0.024442 0.986029
outer loop
vertex 1.694998 -0.337156 3.784121
vertex 2.786517 -0.274448 3.964968
vertex 1.828051 -0.180047 3.802461
endloop
endfacet
facet normal -0.166376 0.00817363 0.986028
outer loop
vertex 1.400000 0.000000 3.728742
vertex 1.397206 -0.056878 3.728742
vertex 1.445375 0.000000 3.736398
endloop
endfacet
facet normal -0.166376 0.00817353 0.986029
outer loop
vertex 2.786517 -0.274448 3.964968
vertex 2.800000 0.000000 3.964968
vertex 1.980532 0.000000 3.826697
endloop
endfacet
facet normal -0.166376 0.00817356 0.986029
outer loop
vertex 2.786517 -0.274448 3.964968
vertex 1.980532 0.000000 3.826697
vertex 1.828051 -0.180047 3.802461
endloop
endfacet
facet normal -0.0581541 -0.00285694 0.998304
outer loop
vertex 1.400000 0.000000 3.728742
vertex 1.393259 0.137224 3.728742
vertex 0.049759 0.004901 3.650100
endloop
endfacet
facet normal -0.0581541 -0.00285661 0.998304
outer loop
vertex 1.400000 0.000000 3.728742
vertex 0.049759 0.004901 3.650100
vertex 0.050000 0.000000 3.650100
endloop
endfacet
facet normal -0.057594 -0.00854323 0.998304
outer loop
vertex 1.393259 0.137224 3.728742
vertex 1.373099 0.273126 3.728742
vertex 0.049039 0.009755 3.650100
endloop
endfacet
facet normal -0.057594 -0.00854396 0.998303
outer loop
vertex 1.393259 0.137224 3.728742
vertex 0.049039 0.009755 3.650100
vertex 0.049759 0.004901 3.650100
endloop
endfacet
facet normal -0.0564793 -0.0141474 0.998304
outer loop
vertex 1.373099 0.273126 3.728742
vertex 1.339716 0.406399 3.728742
vertex 0.047847 0.014514 3.650100
endloop
endfacet
facet normal -0.0564792 -0.014147 0.998304
outer loop
vertex 1.373099 0.273126 3.728742
vertex 0.047847 0.014514 3.650100
vertex 0.049039 0.009755 3.650100
endloop
endfacet
facet normal -0.0548207 -0.0196151 0.998304
outer loop
vertex 1.339716 0.406399 3.728742
vertex 1.293431 0.535757 3.728742
vertex 0.046194 0.019134 3.650100
endloop
endfacet
facet normal -0.0548205 -0.0196151 0.998304
outer loop
vertex 1.339716 0.406399 3.728742
vertex 0.046194 0.019134 3.650100
vertex 0.047847 0.014514 3.650100
endloop
endfacet
facet normal -0.0526341 -0.0248931 0.998304
outer loop
vertex 1.210622 0.647091 3.727152
vertex 0.044096 0.023570 3.650100
vertex 0.046194 0.019134 3.650100
endloop
endfacet
facet normal -0.052634 -0.024894 0.998304
outer loop
vertex 0.046194 0.019134 3.650100
vertex 1.293431 0.535757 3.728742
vertex 1.240774 0.647091 3.728742
endloop
endfacet
facet normal -0.052635 -0.0248925 0.998303
outer loop
vertex 0.046194 0.019134 3.650100
vertex 1.240774 0.647091 3.728742
vertex 1.210622 0.647091 3.727152
endloop
endfacet
facet normal -0.0499406 -0.0299332 0.998304
outer loop
vertex 0.968442 0.647093 3.715037
vertex 0.041573 0.027779 3.650100
vertex 0.044096 0.023570 3.650100
endloop
endfacet
facet normal -0.0499403 -0.0299337 0.998304
outer loop
vertex 0.968442 0.647093 3.715037
vertex 0.044096 0.023570 3.650100
vertex 1.210622 0.647091 3.727152
endloop
endfacet
facet normal -0.0467661 -0.0346837 0.998304
outer loop
vertex 0.788486 0.647094 3.706607
vertex 0.038651 0.031720 3.650100
vertex 0.041573 0.027779 3.650100
endloop
endfacet
facet normal -0.0467668 -0.0346831 0.998304
outer loop
vertex 0.788486 0.647094 3.706607
vertex 0.041573 0.027779 3.650100
vertex 0.968442 0.647093 3.715037
endloop
endfacet
facet normal -0.0431411 -0.0391014 0.998303
outer loop
vertex 0.647095 0.647095 3.700497
vertex 0.035355 0.035355 3.650100
vertex 0.038651 0.031720 3.650100
endloop
endfacet
facet normal -0.0431401 -0.0391024 0.998304
outer loop
vertex 0.647095 0.647095 3.700497
vertex 0.038651 0.031720 3.650100
vertex 0.788486 0.647094 3.706607
endloop
endfacet
facet normal -0.0391013 -0.0431412 0.998304
outer loop
vertex 0.531058 0.647096 3.695952
vertex 0.031720 0.038651 3.650100
vertex 0.035355 0.035355 3.650100
endloop
endfacet
facet normal -0.0391021 -0.0431403 0.998304
outer loop
vertex 0.531058 0.647096 3.695952
vertex 0.035355 0.035355 3.650100
vertex 0.647095 0.647095 3.700497
endloop
endfacet
facet normal -0.0391017 -0.0431422 0.998303
outer loop
vertex 0.888151 1.082215 3.728742
vertex 0.865985 1.055206 3.726707
vertex 0.918105 1.055066 3.728742
endloop
endfacet
facet normal -0.0346854 -0.0467651 0.998304
outer loop
vertex 0.498014 0.647096 3.694804
vertex 0.440406 0.659113 3.693365
vertex 0.027779 0.041573 3.650100
endloop
endfacet
facet normal -0.0346841 -0.0467661 0.998304
outer loop
vertex 0.027779 0.041573 3.650100
vertex 0.031720 0.038651 3.650100
vertex 0.531058 0.647096 3.695952
endloop
endfacet
facet normal -0.0346827 -0.0467672 0.998303
outer loop
vertex 0.027779 0.041573 3.650100
vertex 0.531058 0.647096 3.695952
vertex 0.498014 0.647096 3.694804
endloop
endfacet
facet normal -0.0346849 -0.046767 0.998304
outer loop
vertex 0.865985 1.055206 3.726707
vertex 0.888151 1.082215 3.728742
vertex 0.793965 1.152068 3.728742
endloop
endfacet
facet normal -0.0346836 -0.0467661 0.998304
outer loop
vertex 0.865985 1.055206 3.726707
vertex 0.793965 1.152068 3.728742
vertex 0.767330 1.055471 3.723291
endloop
endfacet
facet normal -0.0299332 -0.0499408 0.998304
outer loop
vertex 0.416698 0.664059 3.692902
vertex 0.371881 0.695740 3.693143
vertex 0.023570 0.044096 3.650100
endloop
endfacet
facet normal -0.0299332 -0.0499405 0.998304
outer loop
vertex 0.023570 0.044096 3.650100
vertex 0.027779 0.041573 3.650100
vertex 0.440406 0.659113 3.693365
endloop
endfacet
facet normal -0.0299258 -0.0499454 0.998304
outer loop
vertex 0.023570 0.044096 3.650100
vertex 0.440406 0.659113 3.693365
vertex 0.416698 0.664059 3.692902
endloop
endfacet
facet normal -0.0248951 -0.0526336 0.998304
outer loop
vertex 0.348868 0.712007 3.693427
vertex 0.316773 0.764757 3.695408
vertex 0.019134 0.046194 3.650100
endloop
endfacet
facet normal -0.0248941 -0.0526342 0.998304
outer loop
vertex 0.019134 0.046194 3.650100
vertex 0.023570 0.044096 3.650100
vertex 0.371881 0.695740 3.693143
endloop
endfacet
facet normal -0.0248973 -0.0526325 0.998304
outer loop
vertex 0.019134 0.046194 3.650100
vertex 0.371881 0.695740 3.693143
vertex 0.348868 0.712007 3.693427
endloop
endfacet
facet normal -0.0196151 -0.0548208 0.998303
outer loop
vertex 0.301500 0.906126 3.702871
vertex 0.421296 1.334386 3.728742
vertex 0.406399 1.339716 3.728742
endloop
endfacet
facet normal -0.0196151 -0.0548205 0.998304
outer loop
vertex 0.406399 1.339716 3.728742
vertex 0.014514 0.047847 3.650100
vertex 0.019134 0.046194 3.650100
endloop
endfacet
facet normal -0.0196116 -0.0548221 0.998304
outer loop
vertex 0.019134 0.046194 3.650100
vertex 0.316773 0.764757 3.695408
vertex 0.305860 0.782693 3.696178
endloop
endfacet
facet normal -0.0196175 -0.0548197 0.998304
outer loop
vertex 0.019134 0.046194 3.650100
vertex 0.305860 0.782693 3.696178
vertex 0.295930 0.823247 3.698210
endloop
endfacet
facet normal -0.0196121 -0.0548216 0.998304
outer loop
vertex 0.301500 0.906126 3.702871
vertex 0.406399 1.339716 3.728742
vertex 0.019134 0.046194 3.650100
endloop
endfacet
facet normal -0.0196165 -0.0548201 0.998303
outer loop
vertex 0.019134 0.046194 3.650100
vertex 0.295930 0.823247 3.698210
vertex 0.301500 0.906126 3.702871
endloop
endfacet
facet normal -0.0141474 -0.0564793 0.998304
outer loop
vertex 0.406399 1.339716 3.728742
vertex 0.273126 1.373099 3.728742
vertex 0.009755 0.049039 3.650100
endloop
endfacet
facet normal -0.014147 -0.0564792 0.998304
outer loop
vertex 0.406399 1.339716 3.728742
vertex 0.009755 0.049039 3.650100
vertex 0.014514 0.047847 3.650100
endloop
endfacet
facet normal -0.00854323 -0.057594 0.998304
outer loop
vertex 0.273126 1.373099 3.728742
vertex 0.137224 1.393259 3.728742
vertex 0.004901 0.049759 3.650100
endloop
endfacet
facet normal -0.00854396 -0.0575942 0.998303
outer loop
vertex 0.273126 1.373099 3.728742
vertex 0.004901 0.049759 3.650100
vertex 0.009755 0.049039 3.650100
endloop
endfacet
facet normal -0.00285694 -0.0581541 0.998304
outer loop
vertex 0.137224 1.393259 3.728742
vertex 0.000000 1.400000 3.728742
vertex 0.000000 0.050000 3.650100
endloop
endfacet
facet normal -0.00285662 -0.0581542 0.998304
outer loop
vertex 0.137224 1.393259 3.728742
vertex 0.000000 0.050000 3.650100
vertex 0.004901 0.049759 3.650100
endloop
endfacet
facet normal 0.00285694 -0.0581541 0.998304
outer loop
vertex 0.000000 1.400000 3.728742
vertex -0.137224 1.393259 3.728742
vertex -0.004901 0.049759 3.650100
endloop
endfacet
facet normal 0.00285661 -0.0581541 0.998304
outer loop
vertex 0.000000 1.400000 3.728742
vertex -0.004901 0.049759 3.650100
vertex 0.000000 0.050000 3.650100
endloop
endfacet
facet normal 0.00854326 -0.057594 0.998304
outer loop
vertex -0.004901 0.049759 3.650100
vertex -0.137224 1.393259 3.728742
vertex -0.270673 1.373463 3.728742
endloop
endfacet
facet normal 0.00850298 -0.0576019 0.998303
outer loop
vertex -0.270673 1.373463 3.728742
vertex -0.272716 1.371038 3.728619
vertex -0.009755 0.049039 3.650100
endloop
endfacet
facet normal 0.00854396 -0.0575939 0.998303
outer loop
vertex -0.270673 1.373463 3.728742
vertex -0.009755 0.049039 3.650100
vertex -0.004901 0.049759 3.650100
endloop
endfacet
facet normal 0.0141473 -0.0564792 0.998304
outer loop
vertex -0.014514 0.047847 3.650100
vertex -0.009755 0.049039 3.650100
vertex -0.272716 1.371038 3.728619
endloop
endfacet
facet normal 0.0141483 -0.0564791 0.998304
outer loop
vertex -0.014514 0.047847 3.650100
vertex -0.272716 1.371038 3.728619
vertex -0.377996 1.246086 3.723042
endloop
endfacet
facet normal 0.0196152 -0.0548207 0.998304
outer loop
vertex -0.019134 0.046194 3.650100
vertex -0.014514 0.047847 3.650100
vertex -0.377996 1.246086 3.723042
endloop
endfacet
facet normal 0.0196141 -0.054821 0.998304
outer loop
vertex -0.019134 0.046194 3.650100
vertex -0.377996 1.246086 3.723042
vertex -0.470614 1.136163 3.718826
endloop
endfacet
facet normal 0.024894 -0.052634 0.998304
outer loop
vertex -0.023570 0.044096 3.650100
vertex -0.019134 0.046194 3.650100
vertex -0.470614 1.136163 3.718826
endloop
endfacet
facet normal 0.0248958 -0.0526332 0.998304
outer loop
vertex -0.023570 0.044096 3.650100
vertex -0.470614 1.136163 3.718826
vertex -0.554240 1.036910 3.715678
endloop
endfacet
facet normal 0.0299328 -0.0499403 0.998304
outer loop
vertex -0.631540 0.945167 3.713406
vertex -0.027779 0.041573 3.650100
vertex -0.023570 0.044096 3.650100
endloop
endfacet
facet normal 0.0299322 -0.0499412 0.998304
outer loop
vertex -0.631540 0.945167 3.713406
vertex -0.023570 0.044096 3.650100
vertex -0.554240 1.036910 3.715678
endloop
endfacet
facet normal 0.0346842 -0.0467658 0.998304
outer loop
vertex -0.704557 0.858506 3.711884
vertex -0.031720 0.038651 3.650100
vertex -0.027779 0.041573 3.650100
endloop
endfacet
facet normal 0.0346845 -0.0467658 0.998303
outer loop
vertex -0.704557 0.858506 3.711884
vertex -0.027779 0.041573 3.650100
vertex -0.631540 0.945167 3.713406
endloop
endfacet
facet normal 0.039101 -0.0431413 0.998304
outer loop
vertex -0.774955 0.774955 3.711030
vertex -0.035355 0.035355 3.650100
vertex -0.031720 0.038651 3.650100
endloop
endfacet
facet normal 0.0391014 -0.043141 0.998304
outer loop
vertex -0.774955 0.774955 3.711030
vertex -0.031720 0.038651 3.650100
vertex -0.704557 0.858506 3.711884
endloop
endfacet
facet normal 0.0431408 -0.0391014 0.998304
outer loop
vertex -0.844177 0.692798 3.710804
vertex -0.038651 0.031720 3.650100
vertex -0.035355 0.035355 3.650100
endloop
endfacet
facet normal 0.0431411 -0.0391013 0.998303
outer loop
vertex -0.844177 0.692798 3.710804
vertex -0.035355 0.035355 3.650100
vertex -0.774955 0.774955 3.711030
endloop
endfacet
facet normal 0.0467664 -0.0346835 0.998303
outer loop
vertex -0.913576 0.610432 3.711193
vertex -0.041573 0.027779 3.650100
vertex -0.038651 0.031720 3.650100
endloop
endfacet
facet normal 0.0467659 -0.0346844 0.998304
outer loop
vertex -0.913576 0.610432 3.711193
vertex -0.038651 0.031720 3.650100
vertex -0.844177 0.692798 3.710804
endloop
endfacet
facet normal 0.0499407 -0.0299328 0.998304
outer loop
vertex -0.984517 0.526235 3.712217
vertex -0.044096 0.023570 3.650100
vertex -0.041573 0.027779 3.650100
endloop
endfacet
facet normal 0.0499403 -0.0299336 0.998304
outer loop
vertex -0.984517 0.526235 3.712217
vertex -0.041573 0.027779 3.650100
vertex -0.913576 0.610432 3.711193
endloop
endfacet
facet normal 0.0526343 -0.0248936 0.998304
outer loop
vertex -1.058489 0.438441 3.713928
vertex -0.046194 0.019134 3.650100
vertex -0.044096 0.023570 3.650100
endloop
endfacet
facet normal 0.0526343 -0.0248934 0.998304
outer loop
vertex -1.058489 0.438441 3.713928
vertex -0.044096 0.023570 3.650100
vertex -0.984517 0.526235 3.712217
endloop
endfacet
facet normal 0.0548206 -0.0196148 0.998304
outer loop
vertex -1.137238 0.344977 3.716416
vertex -0.047847 0.014514 3.650100
vertex -0.046194 0.019134 3.650100
endloop
endfacet
facet normal 0.0548204 -0.0196158 0.998304
outer loop
vertex -1.137238 0.344977 3.716416
vertex -0.046194 0.019134 3.650100
vertex -1.058489 0.438441 3.713928
endloop
endfacet
facet normal 0.0564796 -0.0141472 0.998304
outer loop
vertex -1.222943 0.243258 3.719823
vertex -0.049039 0.009755 3.650100
vertex -0.047847 0.014514 3.650100
endloop
endfacet
facet normal 0.0564792 -0.0141475 0.998304
outer loop
vertex -1.222943 0.243258 3.719823
vertex -0.047847 0.014514 3.650100
vertex -1.137238 0.344977 3.716416
endloop
endfacet
facet normal 0.057594 -0.00854393 0.998303
outer loop
vertex -1.318488 0.129860 3.724365
vertex -0.049759 0.004901 3.650100
vertex -0.049039 0.009755 3.650100
endloop
endfacet
facet normal 0.0575941 -0.00854241 0.998304
outer loop
vertex -1.318488 0.129860 3.724365
vertex -0.049039 0.009755 3.650100
vertex -1.222943 0.243258 3.719823
endloop
endfacet
facet normal 0.058154 -0.00285695 0.998303
outer loop
vertex -1.318488 0.129860 3.724365
vertex -1.398272 0.035168 3.728742
vertex -1.400000 0.000000 3.728742
endloop
endfacet
facet normal 0.0581541 -0.00285661 0.998304
outer loop
vertex -1.400000 0.000000 3.728742
vertex -0.050000 0.000000 3.650100
vertex -0.049759 0.004901 3.650100
endloop
endfacet
facet normal 0.0581541 -0.00285704 0.998304
outer loop
vertex -1.400000 0.000000 3.728742
vertex -0.049759 0.004901 3.650100
vertex -1.318488 0.129860 3.724365
endloop
endfacet
facet normal 0.0581541 0.00285694 0.998304
outer loop
vertex -1.400000 0.000000 3.728742
vertex -1.393259 -0.137224 3.728742
vertex -0.049759 -0.004901 3.650100
endloop
endfacet
facet normal 0.0581541 0.00285661 0.998304
outer loop
vertex -1.400000 0.000000 3.728742
vertex -0.049759 -0.004901 3.650100
vertex -0.050000 0.000000 3.650100
endloop
endfacet
facet normal 0.057594 0.00854323 0.998304
outer loop
vertex -1.393259 -0.137224 3.728742
vertex -1.373099 -0.273126 3.728742
vertex -0.049039 -0.009755 3.650100
endloop
endfacet
facet normal 0.057594 0.00854396 0.998303
outer loop
vertex -1.393259 -0.137224 3.728742
vertex -0.049039 -0.009755 3.650100
vertex -0.049759 -0.004901 3.650100
endloop
endfacet
facet normal 0.0564793 0.0141474 0.998304
outer loop
vertex -1.373099 -0.273126 3.728742
vertex -1.339716 -0.406399 3.728742
vertex -0.047847 -0.014514 3.650100
endloop
endfacet
facet normal 0.0564792 0.014147 0.998304
outer loop
vertex -1.373099 -0.273126 3.728742
vertex -0.047847 -0.014514 3.650100
vertex -0.049039 -0.009755 3.650100
endloop
endfacet
facet normal 0.0548207 0.0196151 0.998304
outer loop
vertex -1.339716 -0.406399 3.728742
vertex -1.293431 -0.535757 3.728742
vertex -0.046194 -0.019134 3.650100
endloop
endfacet
facet normal 0.0548205 0.0196151 0.998304
outer loop
vertex -1.339716 -0.406399 3.728742
vertex -0.046194 -0.019134 3.650100
vertex -0.047847 -0.014514 3.650100
endloop
endfacet
facet normal 0.052634 0.0248941 0.998304
outer loop
vertex -1.293431 -0.535757 3.728742
vertex -1.234690 -0.659955 3.728742
vertex -0.044096 -0.023570 3.650100
endloop
endfacet
facet normal 0.0526346 0.0248935 0.998303
outer loop
vertex -1.293431 -0.535757 3.728742
vertex -0.044096 -0.023570 3.650100
vertex -0.046194 -0.019134 3.650100
endloop
endfacet
facet normal 0.0499406 0.0299332 0.998304
outer loop
vertex -0.041573 -0.027779 3.650100
vertex -0.044096 -0.023570 3.650100
vertex -1.234690 -0.659955 3.728742
endloop
endfacet
facet normal 0.049941 0.0299334 0.998303
outer loop
vertex -1.234690 -0.659955 3.728742
vertex -1.226788 -0.673139 3.728742
vertex -1.007427 -0.673141 3.717768
endloop
endfacet
facet normal 0.049941 0.0299325 0.998304
outer loop
vertex -1.234690 -0.659955 3.728742
vertex -1.007427 -0.673141 3.717768
vertex -0.041573 -0.027779 3.650100
endloop
endfacet
facet normal 0.0467669 0.0346841 0.998304
outer loop
vertex -0.820226 -0.673142 3.708999
vertex -0.038651 -0.031720 3.650100
vertex -0.041573 -0.027779 3.650100
endloop
endfacet
facet normal 0.0467652 0.0346854 0.998304
outer loop
vertex -0.820226 -0.673142 3.708999
vertex -0.041573 -0.027779 3.650100
vertex -1.007427 -0.673141 3.717768
endloop
endfacet
facet normal 0.0431412 0.0391012 0.998303
outer loop
vertex -0.673144 -0.673144 3.702643
vertex -0.035355 -0.035355 3.650100
vertex -0.038651 -0.031720 3.650100
endloop
endfacet
facet normal 0.0431424 0.0390998 0.998304
outer loop
vertex -0.673144 -0.673144 3.702643
vertex -0.038651 -0.031720 3.650100
vertex -0.820226 -0.673142 3.708999
endloop
endfacet
facet normal 0.0391173 0.0431577 0.998302
outer loop
vertex -0.888151 -1.082215 3.728742
vertex -0.887328 -1.081212 3.728666
vertex -0.889262 -1.081207 3.728742
endloop
endfacet
facet normal 0.0391015 0.0431411 0.998304
outer loop
vertex -0.552435 -0.673145 3.697915
vertex -0.031720 -0.038651 3.650100
vertex -0.035355 -0.035355 3.650100
endloop
endfacet
facet normal 0.0390995 0.0431427 0.998304
outer loop
vertex -0.552435 -0.673145 3.697915
vertex -0.035355 -0.035355 3.650100
vertex -0.673144 -0.673144 3.702643
endloop
endfacet
facet normal 0.0346816 0.0467679 0.998303
outer loop
vertex -0.501006 -0.673145 3.696128
vertex -0.456032 -0.682500 3.695004
vertex -0.027779 -0.041573 3.650100
endloop
endfacet
facet normal 0.0346842 0.0467662 0.998304
outer loop
vertex -0.027779 -0.041573 3.650100
vertex -0.031720 -0.038651 3.650100
vertex -0.552435 -0.673145 3.697915
endloop
endfacet
facet normal 0.034687 0.0467638 0.998304
outer loop
vertex -0.027779 -0.041573 3.650100
vertex -0.552435 -0.673145 3.697915
vertex -0.501006 -0.673145 3.696128
endloop
endfacet
facet normal 0.0346977 0.0467844 0.998302
outer loop
vertex -0.887328 -1.081212 3.728666
vertex -0.888151 -1.082215 3.728742
vertex -0.789258 -1.155558 3.728742
endloop
endfacet
facet normal 0.034684 0.0467664 0.998303
outer loop
vertex -0.887328 -1.081212 3.728666
vertex -0.789258 -1.155558 3.728742
vertex -0.768942 -1.081520 3.724568
endloop
endfacet
facet normal 0.0299318 0.0499413 0.998304
outer loop
vertex -0.419897 -0.690017 3.694296
vertex -0.382775 -0.716121 3.694489
vertex -0.023570 -0.044096 3.650100
endloop
endfacet
facet normal 0.0299333 0.0499406 0.998304
outer loop
vertex -0.023570 -0.044096 3.650100
vertex -0.027779 -0.041573 3.650100
vertex -0.456032 -0.682500 3.695004
endloop
endfacet
facet normal 0.0299374 0.0499379 0.998304
outer loop
vertex -0.419897 -0.690017 3.694296
vertex -0.023570 -0.044096 3.650100
vertex -0.456032 -0.682500 3.695004
endloop
endfacet
facet normal 0.0248946 0.0526338 0.998304
outer loop
vertex -0.352393 -0.737486 3.694858
vertex -0.324389 -0.783145 3.696567
vertex -0.019134 -0.046194 3.650100
endloop
endfacet
facet normal 0.024894 0.052634 0.998304
outer loop
vertex -0.019134 -0.046194 3.650100
vertex -0.023570 -0.044096 3.650100
vertex -0.382775 -0.716121 3.694489
endloop
endfacet
facet normal 0.0248933 0.0526344 0.998304
outer loop
vertex -0.019134 -0.046194 3.650100
vertex -0.382775 -0.716121 3.694489
vertex -0.352393 -0.737486 3.694858
endloop
endfacet
facet normal 0.0196151 0.0548207 0.998304
outer loop
vertex -0.417286 -1.335821 3.728742
vertex -0.406399 -1.339716 3.728742
vertex -0.014514 -0.047847 3.650100
endloop
endfacet
facet normal 0.0196152 0.0548206 0.998304
outer loop
vertex -0.014514 -0.047847 3.650100
vertex -0.019134 -0.046194 3.650100
vertex -0.324389 -0.783145 3.696567
endloop
endfacet
facet normal 0.0196119 0.054822 0.998304
outer loop
vertex -0.014514 -0.047847 3.650100
vertex -0.324389 -0.783145 3.696567
vertex -0.309080 -0.808107 3.697637
endloop
endfacet
facet normal 0.0196193 0.0548193 0.998303
outer loop
vertex -0.297411 -0.890454 3.701930
vertex -0.417286 -1.335821 3.728742
vertex -0.014514 -0.047847 3.650100
endloop
endfacet
facet normal 0.0196149 0.0548208 0.998304
outer loop
vertex -0.014514 -0.047847 3.650100
vertex -0.309080 -0.808107 3.697637
vertex -0.297411 -0.890454 3.701930
endloop
endfacet
facet normal 0.0141474 0.0564793 0.998304
outer loop
vertex -0.406399 -1.339716 3.728742
vertex -0.273126 -1.373099 3.728742
vertex -0.009755 -0.049039 3.650100
endloop
endfacet
facet normal 0.014147 0.0564792 0.998304
outer loop
vertex -0.406399 -1.339716 3.728742
vertex -0.009755 -0.049039 3.650100
vertex -0.014514 -0.047847 3.650100
endloop
endfacet
facet normal 0.00854323 0.057594 0.998304
outer loop
vertex -0.273126 -1.373099 3.728742
vertex -0.137224 -1.393259 3.728742
vertex -0.004901 -0.049759 3.650100
endloop
endfacet
facet normal 0.00854396 0.0575942 0.998303
outer loop
vertex -0.273126 -1.373099 3.728742
vertex -0.004901 -0.049759 3.650100
vertex -0.009755 -0.049039 3.650100
endloop
endfacet
facet normal 0.00285694 0.0581541 0.998304
outer loop
vertex -0.137224 -1.393259 3.728742
vertex -0.000000 -1.400000 3.728742
vertex -0.000000 -0.050000 3.650100
endloop
endfacet
facet normal 0.00285662 0.0581542 0.998304
outer loop
vertex -0.137224 -1.393259 3.728742
vertex -0.000000 -0.050000 3.650100
vertex -0.004901 -0.049759 3.650100
endloop
endfacet
facet normal -0.00285694 0.0581541 0.998304
outer loop
vertex -0.000000 -1.400000 3.728742
vertex 0.137224 -1.393259 3.728742
vertex 0.004901 -0.049759 3.650100
endloop
endfacet
facet normal -0.00285661 0.0581541 0.998304
outer loop
vertex -0.000000 -1.400000 3.728742
vertex 0.004901 -0.049759 3.650100
vertex -0.000000 -0.050000 3.650100
endloop
endfacet
facet normal -0.00854323 0.057594 0.998304
outer loop
vertex 0.137224 -1.393259 3.728742
vertex 0.273126 -1.373099 3.728742
vertex 0.009755 -0.049039 3.650100
endloop
endfacet
facet normal -0.00854396 0.057594 0.998303
outer loop
vertex 0.137224 -1.393259 3.728742
vertex 0.009755 -0.049039 3.650100
vertex 0.004901 -0.049759 3.650100
endloop
endfacet
facet normal -0.0141468 0.0564795 0.998304
outer loop
vertex 0.381182 -1.256589 3.723682
vertex 0.014514 -0.047847 3.650100
vertex 0.009755 -0.049039 3.650100
endloop
endfacet
facet normal -0.0141474 0.0564794 0.998304
outer loop
vertex 0.009755 -0.049039 3.650100
vertex 0.273126 -1.373099 3.728742
vertex 0.285037 -1.370116 3.728742
endloop
endfacet
facet normal -0.0141484 0.0564791 0.998304
outer loop
vertex 0.009755 -0.049039 3.650100
vertex 0.285037 -1.370116 3.728742
vertex 0.381182 -1.256589 3.723682
endloop
endfacet
facet normal -0.0196152 0.0548207 0.998304
outer loop
vertex 0.019134 -0.046194 3.650100
vertex 0.014514 -0.047847 3.650100
vertex 0.381182 -1.256589 3.723682
endloop
endfacet
facet normal -0.0196151 0.0548208 0.998304
outer loop
vertex 0.019134 -0.046194 3.650100
vertex 0.381182 -1.256589 3.723682
vertex 0.474738 -1.146119 3.719454
endloop
endfacet
facet normal -0.0248941 0.0526341 0.998304
outer loop
vertex 0.023570 -0.044096 3.650100
vertex 0.019134 -0.046194 3.650100
vertex 0.474738 -1.146119 3.719454
endloop
endfacet
facet normal -0.0248936 0.0526343 0.998304
outer loop
vertex 0.023570 -0.044096 3.650100
vertex 0.474738 -1.146119 3.719454
vertex 0.559265 -1.046311 3.716299
endloop
endfacet
facet normal -0.0299333 0.0499406 0.998304
outer loop
vertex 0.027779 -0.041573 3.650100
vertex 0.023570 -0.044096 3.650100
vertex 0.559265 -1.046311 3.716299
endloop
endfacet
facet normal -0.0299334 0.0499405 0.998303
outer loop
vertex 0.027779 -0.041573 3.650100
vertex 0.559265 -1.046311 3.716299
vertex 0.637442 -0.954000 3.714025
endloop
endfacet
facet normal -0.0346841 0.0467662 0.998304
outer loop
vertex 0.031720 -0.038651 3.650100
vertex 0.027779 -0.041573 3.650100
vertex 0.637442 -0.954000 3.714025
endloop
endfacet
facet normal -0.0346846 0.046766 0.998303
outer loop
vertex 0.031720 -0.038651 3.650100
vertex 0.637442 -0.954000 3.714025
vertex 0.711328 -0.866756 3.712505
endloop
endfacet
facet normal -0.0391011 0.0431414 0.998303
outer loop
vertex 0.035355 -0.035355 3.650100
vertex 0.031720 -0.038651 3.650100
vertex 0.711328 -0.866756 3.712505
endloop
endfacet
facet normal -0.0391 0.0431423 0.998304
outer loop
vertex 0.035355 -0.035355 3.650100
vertex 0.711328 -0.866756 3.712505
vertex 0.782599 -0.782599 3.711660
endloop
endfacet
facet normal -0.0431413 0.039101 0.998304
outer loop
vertex 0.038651 -0.031720 3.650100
vertex 0.035355 -0.035355 3.650100
vertex 0.782599 -0.782599 3.711660
endloop
endfacet
facet normal -0.0431416 0.0391006 0.998304
outer loop
vertex 0.038651 -0.031720 3.650100
vertex 0.782599 -0.782599 3.711660
vertex 0.852716 -0.699806 3.711447
endloop
endfacet
facet normal -0.0467662 0.0346841 0.998304
outer loop
vertex 0.041573 -0.027779 3.650100
vertex 0.038651 -0.031720 3.650100
vertex 0.852716 -0.699806 3.711447
endloop
endfacet
facet normal -0.0467659 0.0346845 0.998304
outer loop
vertex 0.041573 -0.027779 3.650100
vertex 0.852716 -0.699806 3.711447
vertex 0.923047 -0.616760 3.711857
endloop
endfacet
facet normal -0.0499405 0.0299332 0.998304
outer loop
vertex 0.044096 -0.023570 3.650100
vertex 0.041573 -0.027779 3.650100
vertex 0.923047 -0.616760 3.711857
endloop
endfacet
facet normal -0.0499406 0.0299331 0.998303
outer loop
vertex 0.044096 -0.023570 3.650100
vertex 0.923047 -0.616760 3.711857
vertex 0.994977 -0.531826 3.712908
endloop
endfacet
facet normal -0.052634 0.024894 0.998304
outer loop
vertex 0.046194 -0.019134 3.650100
vertex 0.044096 -0.023570 3.650100
vertex 0.994977 -0.531826 3.712908
endloop
endfacet
facet normal -0.052634 0.0248942 0.998304
outer loop
vertex 0.046194 -0.019134 3.650100
vertex 0.994977 -0.531826 3.712908
vertex 1.070019 -0.443217 3.714655
endloop
endfacet
facet normal -0.0548206 0.0196151 0.998303
outer loop
vertex 0.047847 -0.014514 3.650100
vertex 0.046194 -0.019134 3.650100
vertex 1.070019 -0.443217 3.714655
endloop
endfacet
facet normal -0.0548206 0.0196152 0.998304
outer loop
vertex 0.047847 -0.014514 3.650100
vertex 1.070019 -0.443217 3.714655
vertex 1.149951 -0.348834 3.717190
endloop
endfacet
facet normal -0.0564793 0.0141473 0.998304
outer loop
vertex 0.049039 -0.009755 3.650100
vertex 0.047847 -0.014514 3.650100
vertex 1.149951 -0.348834 3.717190
endloop
endfacet
facet normal -0.0564794 0.0141469 0.998304
outer loop
vertex 0.049039 -0.009755 3.650100
vertex 1.149951 -0.348834 3.717190
vertex 1.236995 -0.246054 3.720658
endloop
endfacet
facet normal -0.057594 0.00854326 0.998303
outer loop
vertex 0.049759 -0.004901 3.650100
vertex 0.049039 -0.009755 3.650100
vertex 1.236995 -0.246054 3.720658
endloop
endfacet
facet normal -0.0575941 0.00854311 0.998304
outer loop
vertex 0.049759 -0.004901 3.650100
vertex 1.236995 -0.246054 3.720658
vertex 1.334096 -0.131397 3.725279
endloop
endfacet
facet normal -0.0581538 0.00285694 0.998304
outer loop
vertex 1.334096 -0.131397 3.725279
vertex 1.397206 -0.056878 3.728742
vertex 1.400000 0.000000 3.728742
endloop
endfacet
facet normal -0.0581541 0.00285661 0.998304
outer loop
vertex 1.400000 0.000000 3.728742
vertex 0.050000 0.000000 3.650100
vertex 0.049759 -0.004901 3.650100
endloop
endfacet
facet normal -0.0581541 0.00285708 0.998304
outer loop
vertex 1.400000 0.000000 3.728742
vertex 0.049759 -0.004901 3.650100
vertex 1.334096 -0.131397 3.725279
endloop
endfacet
facet normal 0 0 -1
outer loop
vertex -6.783769 -8.583739 0.000000
vertex -7.033245 -8.494474 0.000000
vertex -7.272771 -8.381187 0.000000
endloop
endfacet
facet normal 0 0 -1
outer loop
vertex -7.272771 -8.381187 0.000000
vertex -7.500040 -8.244968 0.000000
vertex -7.712862 -8.087129 0.000000
endloop
endfacet
facet normal 0 0 -1
outer loop
vertex -7.712862 -8.087129 0.000000
vertex -7.909188 -7.909188 0.000000
vertex -8.087129 -7.712862 0.000000
endloop
endfacet
facet normal 0 0 -1
outer loop
vertex -8.087129 -7.712862 0.000000
vertex -8.244968 -7.500040 0.000000
vertex -8.381187 -7.272771 0.000000
endloop
endfacet
facet normal 0 0 -1
outer loop
vertex -8.381187 -7.272771 0.000000
vertex -8.494474 -7.033245 0.000000
vertex -8.583739 -6.783769 0.000000
endloop
endfacet
facet normal 0 0 -1
outer loop
vertex -8.583739 -6.783769 0.000000
vertex -8.648120 -6.526744 0.000000
vertex -8.686998 -6.264646 0.000000
endloop
endfacet
facet normal 0 0 -1
outer loop
vertex -8.686998 -6.264646 0.000000
vertex -8.700000 -6.000000 0.000000
vertex -8.700000 6.000000 0.000000
endloop
endfacet
facet normal 0 0 -1
outer loop
vertex -8.700000 6.000000 0.000000
vertex -8.686998 6.264646 0.000000
vertex -8.648120 6.526744 0.000000
endloop
endfacet
facet normal 0 0 -1
outer loop
vertex -8.648120 6.526744 0.000000
vertex -8.583739 6.783769 0.000000
vertex -8.494474 7.033245 0.000000
endloop
endfacet
facet normal 0 0 -1
outer loop
vertex -8.494474 7.033245 0.000000
vertex -8.381187 7.272771 0.000000
vertex -8.244968 7.500040 0.000000
endloop
endfacet
facet normal 0 0 -1
outer loop
vertex -8.244968 7.500040 0.000000
vertex -8.087129 7.712862 0.000000
vertex -7.909188 7.909188 0.000000
endloop
endfacet
facet normal 0 0 -1
outer loop
vertex -7.909188 7.909188 0.000000
vertex -7.712862 8.087129 0.000000
vertex -7.500040 8.244968 0.000000
endloop
endfacet
facet normal 0 0 -1
outer loop
vertex -7.500040 8.244968 0.000000
vertex -7.272771 8.381187 0.000000
vertex -7.033245 8.494474 0.000000
endloop
endfacet
facet normal 0 0 -1
outer loop
vertex -7.033245 8.494474 0.000000
vertex -6.783769 8.583739 0.000000
vertex -6.526744 8.648120 0.000000
endloop
endfacet
facet normal 0 0 -1
outer loop
vertex -6.526744 8.648120 0.000000
vertex -6.264646 8.686998 0.000000
vertex -6.000000 8.700000 0.000000
endloop
endfacet
facet normal 0 0 -1
outer loop
vertex -6.000000 8.700000 0.000000
vertex 6.000000 8.700000 0.000000
vertex 6.264646 8.686998 0.000000
endloop
endfacet
facet normal 0 0 -1
outer loop
vertex 6.264646 8.686998 0.000000
vertex 6.526744 8.648120 0.000000
vertex 6.783769 8.583739 0.000000
endloop
endfacet
facet normal 0 -0 -1
outer loop
vertex 6.783769 8.583739 0.000000
vertex 7.033245 8.494474 0.000000
vertex 6.278492 7.304803 0.000000
endloop
endfacet
facet normal 0 0 -1
outer loop
vertex 6.783769 8.583739 0.000000
vertex 6.278492 7.304803 0.000000
vertex 6.056709 7.409699 0.000000
endloop
endfacet
facet normal 0 0 -1
outer loop
vertex -6.000000 8.700000 0.000000
vertex 6.264646 8.686998 0.000000
vertex 6.783769 8.583739 0.000000
endloop
endfacet
facet normal 0 0 -1
outer loop
vertex -7.033245 8.494474 0.000000
vertex -6.526744 8.648120 0.000000
vertex -6.000000 8.700000 0.000000
endloop
endfacet
facet normal 0 0 -1
outer loop
vertex -7.909188 7.909188 0.000000
vertex -7.500040 8.244968 0.000000
vertex -7.033245 8.494474 0.000000
endloop
endfacet
facet normal 0 0 -1
outer loop
vertex -8.494474 7.033245 0.000000
vertex -8.244968 7.500040 0.000000
vertex -7.909188 7.909188 0.000000
endloop
endfacet
facet normal 0 0 -1
outer loop
vertex -8.700000 6.000000 0.000000
vertex -8.648120 6.526744 0.000000
vertex -8.494474 7.033245 0.000000
endloop
endfacet
facet normal 0 0 -1
outer loop
vertex -8.583739 -6.783769 0.000000
vertex -8.686998 -6.264646 0.000000
vertex -8.700000 6.000000 0.000000
endloop
endfacet
facet normal 0 0 -1
outer loop
vertex -8.087129 -7.712862 0.000000
vertex -8.381187 -7.272771 0.000000
vertex -8.583739 -6.783769 0.000000
endloop
endfacet
facet normal 0 0 -1
outer loop
vertex -7.272771 -8.381187 0.000000
vertex -7.712862 -8.087129 0.000000
vertex -8.087129 -7.712862 0.000000
endloop
endfacet
facet normal 0 0 -1
outer loop
vertex -6.526744 -8.648120 0.000000
vertex -6.783769 -8.583739 0.000000
vertex -7.272771 -8.381187 0.000000
endloop
endfacet
facet normal 0 0 -1
outer loop
vertex -6.000000 -8.700000 0.000000
vertex -6.264646 -8.686998 0.000000
vertex -6.526744 -8.648120 0.000000
endloop
endfacet
facet normal 0 0 -1
outer loop
vertex 6.264646 -8.686998 0.000000
vertex 6.000000 -8.700000 0.000000
vertex -6.000000 -8.700000 0.000000
endloop
endfacet
facet normal 0 0 -1
outer loop
vertex 6.783769 -8.583739 0.000000
vertex 6.526744 -8.648120 0.000000
vertex 6.264646 -8.686998 0.000000
endloop
endfacet
facet normal 0 0 -1
outer loop
vertex 7.272771 -8.381187 0.000000
vertex 7.033245 -8.494474 0.000000
vertex 6.783769 -8.583739 0.000000
endloop
endfacet
facet normal 0 0 -1
outer loop
vertex 7.712862 -8.087129 0.000000
vertex 7.500040 -8.244968 0.000000
vertex 7.272771 -8.381187 0.000000
endloop
endfacet
facet normal 0 0 -1
outer loop
vertex 8.087129 -7.712862 0.000000
vertex 7.909188 -7.909188 0.000000
vertex 7.712862 -8.087129 0.000000
endloop
endfacet
facet normal 0 0 -1
outer loop
vertex 8.381187 -7.272771 0.000000
vertex 8.244968 -7.500040 0.000000
vertex 8.087129 -7.712862 0.000000
endloop
endfacet
facet normal 0 0 -1
outer loop
vertex 8.583739 -6.783769 0.000000
vertex 8.494474 -7.033245 0.000000
vertex 8.381187 -7.272771 0.000000
endloop
endfacet
facet normal 0 0 -1
outer loop
vertex 8.686998 -6.264646 0.000000
vertex 8.648120 -6.526744 0.000000
vertex 8.583739 -6.783769 0.000000
endloop
endfacet
facet normal 0 -0 -1
outer loop
vertex 8.700000 6.000000 0.000000
vertex 8.700000 -6.000000 0.000000
vertex 8.686998 -6.264646 0.000000
endloop
endfacet
facet normal 0 0 -1
outer loop
vertex 8.648120 6.526744 0.000000
vertex 8.686998 6.264646 0.000000
vertex 8.700000 6.000000 0.000000
endloop
endfacet
facet normal 0 0 -1
outer loop
vertex 8.494474 7.033245 0.000000
vertex 8.583739 6.783769 0.000000
vertex 8.648120 6.526744 0.000000
endloop
endfacet
facet normal 0 0 -1
outer loop
vertex 7.304803 6.278492 0.000000
vertex 7.275242 6.327812 0.000000
vertex 8.494474 7.033245 0.000000
endloop
endfacet
facet normal 0 0 -1
outer loop
vertex 7.409699 6.056709 0.000000
vertex 7.304803 6.278492 0.000000
vertex 8.494474 7.033245 0.000000
endloop
endfacet
facet normal 0 0 -1
outer loop
vertex 8.494474 7.033245 0.000000
vertex 8.648120 6.526744 0.000000
vertex 8.700000 6.000000 0.000000
endloop
endfacet
facet normal 0 0 -1
outer loop
vertex 8.700000 6.000000 0.000000
vertex 8.686998 -6.264646 0.000000
vertex 8.583739 -6.783769 0.000000
endloop
endfacet
facet normal 0 0 -1
outer loop
vertex 8.583739 -6.783769 0.000000
vertex 8.381187 -7.272771 0.000000
vertex 8.087129 -7.712862 0.000000
endloop
endfacet
facet normal 0 0 -1
outer loop
vertex 8.087129 -7.712862 0.000000
vertex 7.712862 -8.087129 0.000000
vertex 7.272771 -8.381187 0.000000
endloop
endfacet
facet normal 0 0 -1
outer loop
vertex 7.272771 -8.381187 0.000000
vertex 6.783769 -8.583739 0.000000
vertex 6.264646 -8.686998 0.000000
endloop
endfacet
facet normal -0 0 -1
outer loop
vertex 6.264646 -8.686998 0.000000
vertex -6.000000 -8.700000 0.000000
vertex -6.526744 -8.648120 0.000000
endloop
endfacet
facet normal 0 0 -1
outer loop
vertex -6.526744 -8.648120 0.000000
vertex -7.272771 -8.381187 0.000000
vertex -8.087129 -7.712862 0.000000
endloop
endfacet
facet normal 0 0 -1
outer loop
vertex -8.087129 -7.712862 0.000000
vertex -8.583739 -6.783769 0.000000
vertex -8.700000 6.000000 0.000000
endloop
endfacet
facet normal 0 0 -1
outer loop
vertex -8.700000 6.000000 0.000000
vertex -8.494474 7.033245 0.000000
vertex -7.909188 7.909188 0.000000
endloop
endfacet
facet normal 0 0 -1
outer loop
vertex -7.909188 7.909188 0.000000
vertex -7.033245 8.494474 0.000000
vertex -6.000000 8.700000 0.000000
endloop
endfacet
facet normal 0 0 -1
outer loop
vertex 6.783769 8.583739 0.000000
vertex 6.056709 7.409699 0.000000
vertex 5.825712 7.492351 0.000000
endloop
endfacet
facet normal 0 0 -1
outer loop
vertex 6.783769 8.583739 0.000000
vertex 5.825712 7.492351 0.000000
vertex 5.587726 7.551963 0.000000
endloop
endfacet
facet normal 0 0 -1
outer loop
vertex -7.909188 7.909188 0.000000
vertex -6.000000 8.700000 0.000000
vertex 6.783769 8.583739 0.000000
endloop
endfacet
facet normal 0 0 -1
outer loop
vertex -8.087129 -7.712862 0.000000
vertex -8.700000 6.000000 0.000000
vertex -7.909188 7.909188 0.000000
endloop
endfacet
facet normal 0 0 -1
outer loop
vertex 6.264646 -8.686998 0.000000
vertex -6.526744 -8.648120 0.000000
vertex -8.087129 -7.712862 0.000000
endloop
endfacet
facet normal 0 0 -1
outer loop
vertex 8.087129 -7.712862 0.000000
vertex 7.272771 -8.381187 0.000000
vertex 6.264646 -8.686998 0.000000
endloop
endfacet
facet normal 0 0 -1
outer loop
vertex 8.700000 6.000000 0.000000
vertex 8.583739 -6.783769 0.000000
vertex 8.087129 -7.712862 0.000000
endloop
endfacet
facet normal 0 0 -1
outer loop
vertex 7.409699 6.056709 0.000000
vertex 8.494474 7.033245 0.000000
vertex 8.700000 6.000000 0.000000
endloop
endfacet
facet normal 0 0 -1
outer loop
vertex 7.492351 5.825712 0.000000
vertex 7.409699 6.056709 0.000000
vertex 8.700000 6.000000 0.000000
endloop
endfacet
facet normal -0 0 -1
outer loop
vertex 8.087129 -7.712862 0.000000
vertex 6.264646 -8.686998 0.000000
vertex -8.087129 -7.712862 0.000000
endloop
endfacet
facet normal 0 0 -1
outer loop
vertex 6.783769 8.583739 0.000000
vertex 5.587726 7.551963 0.000000
vertex 5.345043 7.587962 0.000000
endloop
endfacet
facet normal 0 0 -1
outer loop
vertex 6.783769 8.583739 0.000000
vertex 5.345043 7.587962 0.000000
vertex 5.100000 7.600000 0.000000
endloop
endfacet
facet normal 0 0 -1
outer loop
vertex 7.551963 5.587726 0.000000
vertex 7.492351 5.825712 0.000000
vertex 8.700000 6.000000 0.000000
endloop
endfacet
facet normal 0 0 -1
outer loop
vertex 7.587962 5.345043 0.000000
vertex 7.551963 5.587726 0.000000
vertex 8.700000 6.000000 0.000000
endloop
endfacet
facet normal 0 0 -1
outer loop
vertex -7.909188 7.909188 0.000000
vertex 6.783769 8.583739 0.000000
vertex 5.100000 7.600000 0.000000
endloop
endfacet
facet normal 0 0 -1
outer loop
vertex -7.909188 7.909188 0.000000
vertex 5.100000 7.600000 0.000000
vertex -5.100000 7.600000 0.000000
endloop
endfacet
facet normal 0 0 -1
outer loop
vertex 7.600000 5.100000 0.000000
vertex 7.587962 5.345043 0.000000
vertex 8.700000 6.000000 0.000000
endloop
endfacet
facet normal 0 0 -1
outer loop
vertex 7.600000 -5.100000 0.000000
vertex 7.600000 5.100000 0.000000
vertex 8.700000 6.000000 0.000000
endloop
endfacet
facet normal 0 0 -1
outer loop
vertex -7.909188 7.909188 0.000000
vertex -5.100000 7.600000 0.000000
vertex -5.345043 7.587962 0.000000
endloop
endfacet
facet normal 0 0 -1
outer loop
vertex -7.909188 7.909188 0.000000
vertex -5.345043 7.587962 0.000000
vertex -5.587726 7.551963 0.000000
endloop
endfacet
facet normal 0 0 -1
outer loop
vertex 7.600000 -5.100000 0.000000
vertex 8.700000 6.000000 0.000000
vertex 8.087129 -7.712862 0.000000
endloop
endfacet
facet normal 0 0 -1
outer loop
vertex 7.587962 -5.345043 0.000000
vertex 7.600000 -5.100000 0.000000
vertex 8.087129 -7.712862 0.000000
endloop
endfacet
facet normal 0 0 -1
outer loop
vertex -7.909188 7.909188 0.000000
vertex -5.587726 7.551963 0.000000
vertex -5.825712 7.492351 0.000000
endloop
endfacet
facet normal 0 0 -1
outer loop
vertex -7.909188 7.909188 0.000000
vertex -5.825712 7.492351 0.000000
vertex -6.056709 7.409699 0.000000
endloop
endfacet
facet normal 0 0 -1
outer loop
vertex 7.551963 -5.587726 0.000000
vertex 7.587962 -5.345043 0.000000
vertex 8.087129 -7.712862 0.000000
endloop
endfacet
facet normal 0 0 -1
outer loop
vertex 7.492351 -5.825712 0.000000
vertex 7.551963 -5.587726 0.000000
vertex 8.087129 -7.712862 0.000000
endloop
endfacet
facet normal 0 0 -1
outer loop
vertex -7.909188 7.909188 0.000000
vertex -6.056709 7.409699 0.000000
vertex -6.278492 7.304803 0.000000
endloop
endfacet
facet normal 0 0 -1
outer loop
vertex -7.909188 7.909188 0.000000
vertex -6.278492 7.304803 0.000000
vertex -6.488925 7.178674 0.000000
endloop
endfacet
facet normal 0 0 -1
outer loop
vertex 7.409699 -6.056709 0.000000
vertex 7.492351 -5.825712 0.000000
vertex 8.087129 -7.712862 0.000000
endloop
endfacet
facet normal 0 0 -1
outer loop
vertex 7.304803 -6.278492 0.000000
vertex 7.409699 -6.056709 0.000000
vertex 8.087129 -7.712862 0.000000
endloop
endfacet
facet normal 0 0 -1
outer loop
vertex -7.909188 7.909188 0.000000
vertex -6.488925 7.178674 0.000000
vertex -6.685983 7.032526 0.000000
endloop
endfacet
facet normal 0 0 -1
outer loop
vertex -7.909188 7.909188 0.000000
vertex -6.685983 7.032526 0.000000
vertex -6.867767 6.867767 0.000000
endloop
endfacet
facet normal 0 0 -1
outer loop
vertex 7.178674 -6.488925 0.000000
vertex 7.304803 -6.278492 0.000000
vertex 8.087129 -7.712862 0.000000
endloop
endfacet
facet normal 0 0 -1
outer loop
vertex 7.032526 -6.685983 0.000000
vertex 7.178674 -6.488925 0.000000
vertex 8.087129 -7.712862 0.000000
endloop
endfacet
facet normal 0 0 -1
outer loop
vertex -7.909188 7.909188 0.000000
vertex -6.867767 6.867767 0.000000
vertex -7.032526 6.685983 0.000000
endloop
endfacet
facet normal 0 0 -1
outer loop
vertex -7.909188 7.909188 0.000000
vertex -7.032526 6.685983 0.000000
vertex -7.178674 6.488925 0.000000
endloop
endfacet
facet normal 0 0 -1
outer loop
vertex 6.867767 -6.867767 0.000000
vertex 7.032526 -6.685983 0.000000
vertex 8.087129 -7.712862 0.000000
endloop
endfacet
facet normal 0 0 -1
outer loop
vertex 6.685983 -7.032526 0.000000
vertex 6.867767 -6.867767 0.000000
vertex 8.087129 -7.712862 0.000000
endloop
endfacet
facet normal 0 0 -1
outer loop
vertex -7.909188 7.909188 0.000000
vertex -7.178674 6.488925 0.000000
vertex -7.304803 6.278492 0.000000
endloop
endfacet
facet normal 0 0 -1
outer loop
vertex -7.909188 7.909188 0.000000
vertex -7.304803 6.278492 0.000000
vertex -7.409699 6.056709 0.000000
endloop
endfacet
facet normal 0 0 -1
outer loop
vertex 6.488925 -7.178674 0.000000
vertex 6.685983 -7.032526 0.000000
vertex 8.087129 -7.712862 0.000000
endloop
endfacet
facet normal 0 0 -1
outer loop
vertex 6.278492 -7.304803 0.000000
vertex 6.488925 -7.178674 0.000000
vertex 8.087129 -7.712862 0.000000
endloop
endfacet
facet normal 0 0 -1
outer loop
vertex -7.909188 7.909188 0.000000
vertex -7.409699 6.056709 0.000000
vertex -7.492351 5.825712 0.000000
endloop
endfacet
facet normal 0 0 -1
outer loop
vertex -7.909188 7.909188 0.000000
vertex -7.492351 5.825712 0.000000
vertex -7.551963 5.587726 0.000000
endloop
endfacet
facet normal 0 0 -1
outer loop
vertex 6.056709 -7.409699 0.000000
vertex 6.278492 -7.304803 0.000000
vertex 8.087129 -7.712862 0.000000
endloop
endfacet
facet normal 0 0 -1
outer loop
vertex 5.825712 -7.492351 0.000000
vertex 6.056709 -7.409699 0.000000
vertex 8.087129 -7.712862 0.000000
endloop
endfacet
facet normal 0 0 -1
outer loop
vertex -7.909188 7.909188 0.000000
vertex -7.551963 5.587726 0.000000
vertex -7.587962 5.345043 0.000000
endloop
endfacet
facet normal 0 0 -1
outer loop
vertex -7.909188 7.909188 0.000000
vertex -7.587962 5.345043 0.000000
vertex -7.600000 5.100000 0.000000
endloop
endfacet
facet normal 0 0 -1
outer loop
vertex 5.587726 -7.551963 0.000000
vertex 5.825712 -7.492351 0.000000
vertex 8.087129 -7.712862 0.000000
endloop
endfacet
facet normal 0 0 -1
outer loop
vertex 5.345043 -7.587962 0.000000
vertex 5.587726 -7.551963 0.000000
vertex 8.087129 -7.712862 0.000000
endloop
endfacet
facet normal 0 0 -1
outer loop
vertex -8.087129 -7.712862 0.000000
vertex -7.909188 7.909188 0.000000
vertex -7.600000 5.100000 0.000000
endloop
endfacet
facet normal 0 0 -1
outer loop
vertex -8.087129 -7.712862 0.000000
vertex -7.600000 5.100000 0.000000
vertex -7.600000 -5.100000 0.000000
endloop
endfacet
facet normal 0 0 -1
outer loop
vertex 5.100000 -7.600000 0.000000
vertex 5.345043 -7.587962 0.000000
vertex 8.087129 -7.712862 0.000000
endloop
endfacet
facet normal 0 0 -1
outer loop
vertex -5.100000 -7.600000 0.000000
vertex 5.100000 -7.600000 0.000000
vertex 8.087129 -7.712862 0.000000
endloop
endfacet
facet normal 0 0 -1
outer loop
vertex -8.087129 -7.712862 0.000000
vertex -7.600000 -5.100000 0.000000
vertex -7.587962 -5.345043 0.000000
endloop
endfacet
facet normal 0 0 -1
outer loop
vertex -8.087129 -7.712862 0.000000
vertex -7.587962 -5.345043 0.000000
vertex -7.551963 -5.587726 0.000000
endloop
endfacet
facet normal 0 -0 -1
outer loop
vertex -5.100000 -7.600000 0.000000
vertex 8.087129 -7.712862 0.000000
vertex -8.087129 -7.712862 0.000000
endloop
endfacet
facet normal 0 -0 -1
outer loop
vertex -5.345043 -7.587962 0.000000
vertex -5.100000 -7.600000 0.000000
vertex -8.087129 -7.712862 0.000000
endloop
endfacet
facet normal 0 0 -1
outer loop
vertex -8.087129 -7.712862 0.000000
vertex -7.551963 -5.587726 0.000000
vertex -7.492351 -5.825712 0.000000
endloop
endfacet
facet normal 0 0 -1
outer loop
vertex -8.087129 -7.712862 0.000000
vertex -7.492351 -5.825712 0.000000
vertex -7.409699 -6.056709 0.000000
endloop
endfacet
facet normal 0 -0 -1
outer loop
vertex -5.587726 -7.551963 0.000000
vertex -5.345043 -7.587962 0.000000
vertex -8.087129 -7.712862 0.000000
endloop
endfacet
facet normal 0 -0 -1
outer loop
vertex -5.825712 -7.492351 0.000000
vertex -5.587726 -7.551963 0.000000
vertex -8.087129 -7.712862 0.000000
endloop
endfacet
facet normal 0 0 -1
outer loop
vertex -8.087129 -7.712862 0.000000
vertex -7.409699 -6.056709 0.000000
vertex -7.304803 -6.278492 0.000000
endloop
endfacet
facet normal 0 0 -1
outer loop
vertex -8.087129 -7.712862 0.000000
vertex -7.304803 -6.278492 0.000000
vertex -7.178674 -6.488925 0.000000
endloop
endfacet
facet normal 0 -0 -1
outer loop
vertex -6.056709 -7.409699 0.000000
vertex -5.825712 -7.492351 0.000000
vertex -8.087129 -7.712862 0.000000
endloop
endfacet
facet normal 0 -0 -1
outer loop
vertex -6.278492 -7.304803 0.000000
vertex -6.056709 -7.409699 0.000000
vertex -8.087129 -7.712862 0.000000
endloop
endfacet
facet normal 0 0 -1
outer loop
vertex -8.087129 -7.712862 0.000000
vertex -7.178674 -6.488925 0.000000
vertex -7.032526 -6.685983 0.000000
endloop
endfacet
facet normal 0 0 -1
outer loop
vertex -8.087129 -7.712862 0.000000
vertex -7.032526 -6.685983 0.000000
vertex -6.867767 -6.867767 0.000000
endloop
endfacet
facet normal 0 -0 -1
outer loop
vertex -6.488925 -7.178674 0.000000
vertex -6.278492 -7.304803 0.000000
vertex -8.087129 -7.712862 0.000000
endloop
endfacet
facet normal 0 0 -1
outer loop
vertex -8.087129 -7.712862 0.000000
vertex -6.867767 -6.867767 0.000000
vertex -6.685983 -7.032526 0.000000
endloop
endfacet
facet normal 0 0 -1
outer loop
vertex -8.087129 -7.712862 0.000000
vertex -6.685983 -7.032526 0.000000
vertex -6.488925 -7.178674 0.000000
endloop
endfacet
facet normal 0 0 -1
outer loop
vertex 7.909188 7.909188 0.000000
vertex 8.087129 7.712862 0.000000
vertex 8.244968 7.500040 0.000000
endloop
endfacet
facet normal 0 0 -1
outer loop
vertex 8.244968 7.500040 0.000000
vertex 8.381187 7.272771 0.000000
vertex 8.494474 7.033245 0.000000
endloop
endfacet
facet normal 0 0 -1
outer loop
vertex 8.494474 7.033245 0.000000
vertex 7.275242 6.327812 0.000000
vertex 7.178674 6.488925 0.000000
endloop
endfacet
facet normal 0 0 -1
outer loop
vertex 8.494474 7.033245 0.000000
vertex 7.178674 6.488925 0.000000
vertex 7.032526 6.685983 0.000000
endloop
endfacet
facet normal 0 0 -1
outer loop
vertex 7.909188 7.909188 0.000000
vertex 8.244968 7.500040 0.000000
vertex 8.494474 7.033245 0.000000
endloop
endfacet
facet normal 0 0 -1
outer loop
vertex 7.500040 8.244968 0.000000
vertex 7.712862 8.087129 0.000000
vertex 7.909188 7.909188 0.000000
endloop
endfacet
facet normal 0 0 -1
outer loop
vertex 7.033245 8.494474 0.000000
vertex 7.272771 8.381187 0.000000
vertex 7.500040 8.244968 0.000000
endloop
endfacet
facet normal 0 0 -1
outer loop
vertex 6.488925 7.178674 0.000000
vertex 6.278492 7.304803 0.000000
vertex 7.033245 8.494474 0.000000
endloop
endfacet
facet normal 0 0 -1
outer loop
vertex 6.685983 7.032526 0.000000
vertex 6.488925 7.178674 0.000000
vertex 7.033245 8.494474 0.000000
endloop
endfacet
facet normal 0 0 -1
outer loop
vertex 7.033245 8.494474 0.000000
vertex 7.500040 8.244968 0.000000
vertex 7.909188 7.909188 0.000000
endloop
endfacet
facet normal 0 -0 -1
outer loop
vertex 7.909188 7.909188 0.000000
vertex 8.494474 7.033245 0.000000
vertex 7.032526 6.685983 0.000000
endloop
endfacet
facet normal 0 0 -1
outer loop
vertex 6.867767 6.867767 0.000000
vertex 6.685983 7.032526 0.000000
vertex 7.033245 8.494474 0.000000
endloop
endfacet
facet normal 0 0 -1
outer loop
vertex 7.909188 7.909188 0.000000
vertex 7.032526 6.685983 0.000000
vertex 6.867767 6.867767 0.000000
endloop
endfacet
facet normal 0 0 -1
outer loop
vertex 6.867767 6.867767 0.000000
vertex 7.033245 8.494474 0.000000
vertex 7.909188 7.909188 0.000000
endloop
endfacet
facet normal 0 0 1
outer loop
vertex 0.047847 -0.014514 3.650100
vertex 0.049039 -0.009755 3.650100
vertex 0.049759 -0.004901 3.650100
endloop
endfacet
facet normal 0 0 1
outer loop
vertex 0.049759 -0.004901 3.650100
vertex 0.050000 0.000000 3.650100
vertex 0.049759 0.004901 3.650100
endloop
endfacet
facet normal 0 0 1
outer loop
vertex 0.049759 0.004901 3.650100
vertex 0.049039 0.009755 3.650100
vertex 0.047847 0.014514 3.650100
endloop
endfacet
facet normal 0 0 1
outer loop
vertex 0.047847 0.014514 3.650100
vertex 0.046194 0.019134 3.650100
vertex 0.044096 0.023570 3.650100
endloop
endfacet
facet normal 0 0 1
outer loop
vertex 0.044096 0.023570 3.650100
vertex 0.041573 0.027779 3.650100
vertex 0.038651 0.031720 3.650100
endloop
endfacet
facet normal 0 0 1
outer loop
vertex 0.038651 0.031720 3.650100
vertex 0.035355 0.035355 3.650100
vertex 0.031720 0.038651 3.650100
endloop
endfacet
facet normal 0 0 1
outer loop
vertex 0.031720 0.038651 3.650100
vertex 0.027779 0.041573 3.650100
vertex 0.023570 0.044096 3.650100
endloop
endfacet
facet normal 0 0 1
outer loop
vertex 0.023570 0.044096 3.650100
vertex 0.019134 0.046194 3.650100
vertex 0.014514 0.047847 3.650100
endloop
endfacet
facet normal 0 0 1
outer loop
vertex 0.014514 0.047847 3.650100
vertex 0.009755 0.049039 3.650100
vertex 0.004901 0.049759 3.650100
endloop
endfacet
facet normal 0 0 1
outer loop
vertex 0.004901 0.049759 3.650100
vertex 0.000000 0.050000 3.650100
vertex -0.004901 0.049759 3.650100
endloop
endfacet
facet normal 0 0 1
outer loop
vertex -0.004901 0.049759 3.650100
vertex -0.009755 0.049039 3.650100
vertex -0.014514 0.047847 3.650100
endloop
endfacet
facet normal 0 0 1
outer loop
vertex -0.014514 0.047847 3.650100
vertex -0.019134 0.046194 3.650100
vertex -0.023570 0.044096 3.650100
endloop
endfacet
facet normal 0 0 1
outer loop
vertex -0.023570 0.044096 3.650100
vertex -0.027779 0.041573 3.650100
vertex -0.031720 0.038651 3.650100
endloop
endfacet
facet normal 0 0 1
outer loop
vertex -0.031720 0.038651 3.650100
vertex -0.035355 0.035355 3.650100
vertex -0.038651 0.031720 3.650100
endloop
endfacet
facet normal 0 0 1
outer loop
vertex -0.038651 0.031720 3.650100
vertex -0.041573 0.027779 3.650100
vertex -0.044096 0.023570 3.650100
endloop
endfacet
facet normal 0 0 1
outer loop
vertex -0.044096 0.023570 3.650100
vertex -0.046194 0.019134 3.650100
vertex -0.047847 0.014514 3.650100
endloop
endfacet
facet normal 0 0 1
outer loop
vertex -0.047847 0.014514 3.650100
vertex -0.049039 0.009755 3.650100
vertex -0.049759 0.004901 3.650100
endloop
endfacet
facet normal 0 0 1
outer loop
vertex -0.049759 0.004901 3.650100
vertex -0.050000 0.000000 3.650100
vertex -0.049759 -0.004901 3.650100
endloop
endfacet
facet normal 0 0 1
outer loop
vertex -0.049759 -0.004901 3.650100
vertex -0.049039 -0.009755 3.650100
vertex -0.047847 -0.014514 3.650100
endloop
endfacet
facet normal 0 0 1
outer loop
vertex -0.047847 -0.014514 3.650100
vertex -0.046194 -0.019134 3.650100
vertex -0.044096 -0.023570 3.650100
endloop
endfacet
facet normal 0 0 1
outer loop
vertex -0.044096 -0.023570 3.650100
vertex -0.041573 -0.027779 3.650100
vertex -0.038651 -0.031720 3.650100
endloop
endfacet
facet normal 0 0 1
outer loop
vertex -0.038651 -0.031720 3.650100
vertex -0.035355 -0.035355 3.650100
vertex -0.031720 -0.038651 3.650100
endloop
endfacet
facet normal 0 0 1
outer loop
vertex -0.031720 -0.038651 3.650100
vertex -0.027779 -0.041573 3.650100
vertex -0.023570 -0.044096 3.650100
endloop
endfacet
facet normal 0 0 1
outer loop
vertex -0.023570 -0.044096 3.650100
vertex -0.019134 -0.046194 3.650100
vertex -0.014514 -0.047847 3.650100
endloop
endfacet
facet normal 0 0 1
outer loop
vertex -0.014514 -0.047847 3.650100
vertex -0.009755 -0.049039 3.650100
vertex -0.004901 -0.049759 3.650100
endloop
endfacet
facet normal -0 0 1
outer loop
vertex -0.004901 -0.049759 3.650100
vertex -0.000000 -0.050000 3.650100
vertex 0.004901 -0.049759 3.650100
endloop
endfacet
facet normal 0 0 1
outer loop
vertex 0.004901 -0.049759 3.650100
vertex 0.009755 -0.049039 3.650100
vertex 0.014514 -0.047847 3.650100
endloop
endfacet
facet normal 0 0 1
outer loop
vertex 0.014514 -0.047847 3.650100
vertex 0.019134 -0.046194 3.650100
vertex 0.023570 -0.044096 3.650100
endloop
endfacet
facet normal 0 0 1
outer loop
vertex 0.023570 -0.044096 3.650100
vertex 0.027779 -0.041573 3.650100
vertex 0.031720 -0.038651 3.650100
endloop
endfacet
facet normal 0 0 1
outer loop
vertex 0.031720 -0.038651 3.650100
vertex 0.035355 -0.035355 3.650100
vertex 0.038651 -0.031720 3.650100
endloop
endfacet
facet normal 0 0 1
outer loop
vertex 0.038651 -0.031720 3.650100
vertex 0.041573 -0.027779 3.650100
vertex 0.044096 -0.023570 3.650100
endloop
endfacet
facet normal 0 0 1
outer loop
vertex 0.044096 -0.023570 3.650100
vertex 0.046194 -0.019134 3.650100
vertex 0.047847 -0.014514 3.650100
endloop
endfacet
facet normal 0 0 1
outer loop
vertex 0.047847 -0.014514 3.650100
vertex 0.049759 -0.004901 3.650100
vertex 0.049759 0.004901 3.650100
endloop
endfacet
facet normal 0 0 1
outer loop
vertex 0.049759 0.004901 3.650100
vertex 0.047847 0.014514 3.650100
vertex 0.044096 0.023570 3.650100
endloop
endfacet
facet normal 0 0 1
outer loop
vertex 0.044096 0.023570 3.650100
vertex 0.038651 0.031720 3.650100
vertex 0.031720 0.038651 3.650100
endloop
endfacet
facet normal 0 0 1
outer loop
vertex 0.031720 0.038651 3.650100
vertex 0.023570 0.044096 3.650100
vertex 0.014514 0.047847 3.650100
endloop
endfacet
facet normal 0 0 1
outer loop
vertex 0.014514 0.047847 3.650100
vertex 0.004901 0.049759 3.650100
vertex -0.004901 0.049759 3.650100
endloop
endfacet
facet normal 0 0 1
outer loop
vertex -0.004901 0.049759 3.650100
vertex -0.014514 0.047847 3.650100
vertex -0.023570 0.044096 3.650100
endloop
endfacet
facet normal 0 0 1
outer loop
vertex -0.023570 0.044096 3.650100
vertex -0.031720 0.038651 3.650100
vertex -0.038651 0.031720 3.650100
endloop
endfacet
facet normal 0 0 1
outer loop
vertex -0.038651 0.031720 3.650100
vertex -0.044096 0.023570 3.650100
vertex -0.047847 0.014514 3.650100
endloop
endfacet
facet normal 0 0 1
outer loop
vertex -0.047847 0.014514 3.650100
vertex -0.049759 0.004901 3.650100
vertex -0.049759 -0.004901 3.650100
endloop
endfacet
facet normal 0 0 1
outer loop
vertex -0.049759 -0.004901 3.650100
vertex -0.047847 -0.014514 3.650100
vertex -0.044096 -0.023570 3.650100
endloop
endfacet
facet normal 0 0 1
outer loop
vertex -0.044096 -0.023570 3.650100
vertex -0.038651 -0.031720 3.650100
vertex -0.031720 -0.038651 3.650100
endloop
endfacet
facet normal 0 0 1
outer loop
vertex -0.031720 -0.038651 3.650100
vertex -0.023570 -0.044096 3.650100
vertex -0.014514 -0.047847 3.650100
endloop
endfacet
facet normal 0 0 1
outer loop
vertex -0.014514 -0.047847 3.650100
vertex -0.004901 -0.049759 3.650100
vertex 0.004901 -0.049759 3.650100
endloop
endfacet
facet normal 0 0 1
outer loop
vertex 0.004901 -0.049759 3.650100
vertex 0.014514 -0.047847 3.650100
vertex 0.023570 -0.044096 3.650100
endloop
endfacet
facet normal 0 0 1
outer loop
vertex 0.023570 -0.044096 3.650100
vertex 0.031720 -0.038651 3.650100
vertex 0.038651 -0.031720 3.650100
endloop
endfacet
facet normal 0 0 1
outer loop
vertex 0.038651 -0.031720 3.650100
vertex 0.044096 -0.023570 3.650100
vertex 0.047847 -0.014514 3.650100
endloop
endfacet
facet normal 0 -0 1
outer loop
vertex 0.047847 -0.014514 3.650100
vertex 0.049759 0.004901 3.650100
vertex 0.044096 0.023570 3.650100
endloop
endfacet
facet normal 0 0 1
outer loop
vertex 0.044096 0.023570 3.650100
vertex 0.031720 0.038651 3.650100
vertex 0.014514 0.047847 3.650100
endloop
endfacet
facet normal 0 0 1
outer loop
vertex 0.014514 0.047847 3.650100
vertex -0.004901 0.049759 3.650100
vertex -0.023570 0.044096 3.650100
endloop
endfacet
facet normal 0 0 1
outer loop
vertex -0.023570 0.044096 3.650100
vertex -0.038651 0.031720 3.650100
vertex -0.047847 0.014514 3.650100
endloop
endfacet
facet normal 0 0 1
outer loop
vertex -0.047847 0.014514 3.650100
vertex -0.049759 -0.004901 3.650100
vertex -0.044096 -0.023570 3.650100
endloop
endfacet
facet normal 0 0 1
outer loop
vertex -0.044096 -0.023570 3.650100
vertex -0.031720 -0.038651 3.650100
vertex -0.014514 -0.047847 3.650100
endloop
endfacet
facet normal -0 0 1
outer loop
vertex -0.014514 -0.047847 3.650100
vertex 0.004901 -0.049759 3.650100
vertex 0.023570 -0.044096 3.650100
endloop
endfacet
facet normal 0 0 1
outer loop
vertex 0.023570 -0.044096 3.650100
vertex 0.038651 -0.031720 3.650100
vertex 0.047847 -0.014514 3.650100
endloop
endfacet
facet normal 0 0 1
outer loop
vertex 0.047847 -0.014514 3.650100
vertex 0.044096 0.023570 3.650100
vertex 0.014514 0.047847 3.650100
endloop
endfacet
facet normal 0 0 1
outer loop
vertex 0.014514 0.047847 3.650100
vertex -0.023570 0.044096 3.650100
vertex -0.047847 0.014514 3.650100
endloop
endfacet
facet normal 0 0 1
outer loop
vertex -0.047847 0.014514 3.650100
vertex -0.044096 -0.023570 3.650100
vertex -0.014514 -0.047847 3.650100
endloop
endfacet
facet normal 0 0 1
outer loop
vertex -0.014514 -0.047847 3.650100
vertex 0.023570 -0.044096 3.650100
vertex 0.047847 -0.014514 3.650100
endloop
endfacet
facet normal 0 0 1
outer loop
vertex 0.047847 -0.014514 3.650100
vertex 0.014514 0.047847 3.650100
vertex -0.047847 0.014514 3.650100
endloop
endfacet
facet normal 0 0 1
outer loop
vertex -0.047847 0.014514 3.650100
vertex -0.014514 -0.047847 3.650100
vertex 0.047847 -0.014514 3.650100
endloop
endfacet
facet normal -0.998795 -0.0490679 0
outer loop
vertex 7.600000 5.100000 0.000000
vertex 7.600000 5.100000 2.450000
vertex 7.587962 5.345043 2.450000
endloop
endfacet
facet normal -0.998795 -0.0490679 0
outer loop
vertex 7.600000 5.100000 0.000000
vertex 7.587962 5.345043 2.450000
vertex 7.587962 5.345043 0.000000
endloop
endfacet
facet normal -0.989177 -0.146729 0
outer loop
vertex 7.587962 5.345043 0.000000
vertex 7.587962 5.345043 2.450000
vertex 7.551963 5.587726 2.450000
endloop
endfacet
facet normal -0.989177 -0.146729 0
outer loop
vertex 7.587962 5.345043 0.000000
vertex 7.551963 5.587726 2.450000
vertex 7.551963 5.587726 0.000000
endloop
endfacet
facet normal -0.970031 -0.24298 0
outer loop
vertex 7.551963 5.587726 0.000000
vertex 7.551963 5.587726 2.450000
vertex 7.492351 5.825712 2.450000
endloop
endfacet
facet normal -0.970031 -0.24298 0
outer loop
vertex 7.551963 5.587726 0.000000
vertex 7.492351 5.825712 2.450000
vertex 7.492351 5.825712 0.000000
endloop
endfacet
facet normal -0.941544 -0.33689 0
outer loop
vertex 7.492351 5.825712 0.000000
vertex 7.492351 5.825712 2.450000
vertex 7.409699 6.056709 2.450000
endloop
endfacet
facet normal -0.941544 -0.33689 0
outer loop
vertex 7.492351 5.825712 0.000000
vertex 7.409699 6.056709 2.450000
vertex 7.409699 6.056709 0.000000
endloop
endfacet
facet normal -0.903989 -0.427555 0
outer loop
vertex 7.409699 6.056709 0.000000
vertex 7.409699 6.056709 2.450000
vertex 7.304803 6.278492 2.450000
endloop
endfacet
facet normal -0.903989 -0.427555 0
outer loop
vertex 7.409699 6.056709 0.000000
vertex 7.304803 6.278492 2.450000
vertex 7.304803 6.278492 0.000000
endloop
endfacet
facet normal 0 0 1
outer loop
vertex 7.178674 6.488925 0.000000
vertex 7.275242 6.327812 0.000000
vertex 7.304803 6.278492 0.000000
endloop
endfacet
facet normal -0.857728 -0.514103 0
outer loop
vertex 7.304803 6.278492 0.000000
vertex 7.304803 6.278492 2.450000
vertex 7.178674 6.488925 2.450000
endloop
endfacet
facet normal -0.857728 -0.514103 0
outer loop
vertex 7.304803 6.278492 0.000000
vertex 7.178674 6.488925 2.450000
vertex 7.178674 6.488925 0.000000
endloop
endfacet
facet normal -0.803207 -0.5957 0
outer loop
vertex 7.178674 6.488925 2.450000
vertex 7.032526 6.685983 2.450000
vertex 7.032526 6.685983 0.000000
endloop
endfacet
facet normal -0.803207 -0.5957 -0
outer loop
vertex 7.178674 6.488925 2.450000
vertex 7.032526 6.685983 0.000000
vertex 7.178674 6.488925 0.000000
endloop
endfacet
facet normal -0.740951 -0.671559 0
outer loop
vertex 7.032526 6.685983 0.000000
vertex 7.032526 6.685983 2.450000
vertex 6.867767 6.867767 2.450000
endloop
endfacet
facet normal -0.740951 -0.671559 0
outer loop
vertex 7.032526 6.685983 0.000000
vertex 6.867767 6.867767 2.450000
vertex 6.867767 6.867767 0.000000
endloop
endfacet
facet normal -0.671559 -0.740951 0
outer loop
vertex 6.867767 6.867767 0.000000
vertex 6.867767 6.867767 2.450000
vertex 6.685983 7.032526 2.450000
endloop
endfacet
facet normal -0.671559 -0.740951 0
outer loop
vertex 6.867767 6.867767 0.000000
vertex 6.685983 7.032526 2.450000
vertex 6.685983 7.032526 0.000000
endloop
endfacet
facet normal -0.5957 -0.803207 0
outer loop
vertex 6.685983 7.032526 0.000000
vertex 6.685983 7.032526 2.450000
vertex 6.488925 7.178674 2.450000
endloop
endfacet
facet normal -0.5957 -0.803207 0
outer loop
vertex 6.685983 7.032526 0.000000
vertex 6.488925 7.178674 2.450000
vertex 6.488925 7.178674 0.000000
endloop
endfacet
facet normal -0.514103 -0.857728 0
outer loop
vertex 6.488925 7.178674 0.000000
vertex 6.488925 7.178674 2.450000
vertex 6.278492 7.304803 2.450000
endloop
endfacet
facet normal -0.514103 -0.857728 0
outer loop
vertex 6.488925 7.178674 0.000000
vertex 6.278492 7.304803 2.450000
vertex 6.278492 7.304803 0.000000
endloop
endfacet
facet normal -0.427555 -0.903989 0
outer loop
vertex 6.278492 7.304803 0.000000
vertex 6.278492 7.304803 2.450000
vertex 6.056709 7.409699 2.450000
endloop
endfacet
facet normal -0.427555 -0.903989 0
outer loop
vertex 6.278492 7.304803 0.000000
vertex 6.056709 7.409699 2.450000
vertex 6.056709 7.409699 0.000000
endloop
endfacet
facet normal -0.33689 -0.941544 0
outer loop
vertex 6.056709 7.409699 0.000000
vertex 6.056709 7.409699 2.450000
vertex 5.825712 7.492351 2.450000
endloop
endfacet
facet normal -0.33689 -0.941544 0
outer loop
vertex 6.056709 7.409699 0.000000
vertex 5.825712 7.492351 2.450000
vertex 5.825712 7.492351 0.000000
endloop
endfacet
facet normal -0.24298 -0.970031 0
outer loop
vertex 5.825712 7.492351 0.000000
vertex 5.825712 7.492351 2.450000
vertex 5.587726 7.551963 2.450000
endloop
endfacet
facet normal -0.24298 -0.970031 0
outer loop
vertex 5.825712 7.492351 0.000000
vertex 5.587726 7.551963 2.450000
vertex 5.587726 7.551963 0.000000
endloop
endfacet
facet normal -0.146729 -0.989177 0
outer loop
vertex 5.587726 7.551963 0.000000
vertex 5.587726 7.551963 2.450000
vertex 5.345043 7.587962 2.450000
endloop
endfacet
facet normal -0.146729 -0.989177 0
outer loop
vertex 5.587726 7.551963 0.000000
vertex 5.345043 7.587962 2.450000
vertex 5.345043 7.587962 0.000000
endloop
endfacet
facet normal -0.0490679 -0.998795 0
outer loop
vertex 5.345043 7.587962 0.000000
vertex 5.345043 7.587962 2.450000
vertex 5.100000 7.600000 2.450000
endloop
endfacet
facet normal -0.0490679 -0.998795 0
outer loop
vertex 5.345043 7.587962 0.000000
vertex 5.100000 7.600000 2.450000
vertex 5.100000 7.600000 0.000000
endloop
endfacet
facet normal 0 -1 0
outer loop
vertex 5.100000 7.600000 0.000000
vertex 5.100000 7.600000 2.450000
vertex -5.100000 7.600000 2.450000
endloop
endfacet
facet normal 0 -1 0
outer loop
vertex 5.100000 7.600000 0.000000
vertex -5.100000 7.600000 2.450000
vertex -5.100000 7.600000 0.000000
endloop
endfacet
facet normal 0.0490679 -0.998795 0
outer loop
vertex -5.100000 7.600000 0.000000
vertex -5.100000 7.600000 2.450000
vertex -5.345043 7.587962 2.450000
endloop
endfacet
facet normal 0.0490679 -0.998795 0
outer loop
vertex -5.100000 7.600000 0.000000
vertex -5.345043 7.587962 2.450000
vertex -5.345043 7.587962 0.000000
endloop
endfacet
facet normal 0.146729 -0.989177 0
outer loop
vertex -5.345043 7.587962 0.000000
vertex -5.345043 7.587962 2.450000
vertex -5.587726 7.551963 2.450000
endloop
endfacet
facet normal 0.146729 -0.989177 0
outer loop
vertex -5.345043 7.587962 0.000000
vertex -5.587726 7.551963 2.450000
vertex -5.587726 7.551963 0.000000
endloop
endfacet
facet normal 0.24298 -0.970031 0
outer loop
vertex -5.587726 7.551963 0.000000
vertex -5.587726 7.551963 2.450000
vertex -5.825712 7.492351 2.450000
endloop
endfacet
facet normal 0.24298 -0.970031 0
outer loop
vertex -5.587726 7.551963 0.000000
vertex -5.825712 7.492351 2.450000
vertex -5.825712 7.492351 0.000000
endloop
endfacet
facet normal 0.33689 -0.941544 0
outer loop
vertex -5.825712 7.492351 0.000000
vertex -5.825712 7.492351 2.450000
vertex -6.056709 7.409699 2.450000
endloop
endfacet
facet normal 0.33689 -0.941544 0
outer loop
vertex -5.825712 7.492351 0.000000
vertex -6.056709 7.409699 2.450000
vertex -6.056709 7.409699 0.000000
endloop
endfacet
facet normal 0.427555 -0.903989 0
outer loop
vertex -6.056709 7.409699 0.000000
vertex -6.056709 7.409699 2.450000
vertex -6.278492 7.304803 2.450000
endloop
endfacet
facet normal 0.427555 -0.903989 0
outer loop
vertex -6.056709 7.409699 0.000000
vertex -6.278492 7.304803 2.450000
vertex -6.278492 7.304803 0.000000
endloop
endfacet
facet normal 0.514103 -0.857728 0
outer loop
vertex -6.278492 7.304803 0.000000
vertex -6.278492 7.304803 2.450000
vertex -6.488925 7.178674 2.450000
endloop
endfacet
facet normal 0.514103 -0.857728 0
outer loop
vertex -6.278492 7.304803 0.000000
vertex -6.488925 7.178674 2.450000
vertex -6.488925 7.178674 0.000000
endloop
endfacet
facet normal 0.5957 -0.803207 0
outer loop
vertex -6.488925 7.178674 0.000000
vertex -6.488925 7.178674 2.450000
vertex -6.685983 7.032526 2.450000
endloop
endfacet
facet normal 0.5957 -0.803207 0
outer loop
vertex -6.488925 7.178674 0.000000
vertex -6.685983 7.032526 2.450000
vertex -6.685983 7.032526 0.000000
endloop
endfacet
facet normal 0.671559 -0.740951 0
outer loop
vertex -6.685983 7.032526 0.000000
vertex -6.685983 7.032526 2.450000
vertex -6.867767 6.867767 2.450000
endloop
endfacet
facet normal 0.671559 -0.740951 0
outer loop
vertex -6.685983 7.032526 0.000000
vertex -6.867767 6.867767 2.450000
vertex -6.867767 6.867767 0.000000
endloop
endfacet
facet normal 0.740951 -0.671559 0
outer loop
vertex -6.867767 6.867767 0.000000
vertex -6.867767 6.867767 2.450000
vertex -7.032526 6.685983 2.450000
endloop
endfacet
facet normal 0.740951 -0.671559 0
outer loop
vertex -6.867767 6.867767 0.000000
vertex -7.032526 6.685983 2.450000
vertex -7.032526 6.685983 0.000000
endloop
endfacet
facet normal 0.803207 -0.5957 0
outer loop
vertex -7.032526 6.685983 0.000000
vertex -7.032526 6.685983 2.450000
vertex -7.178674 6.488925 2.450000
endloop
endfacet
facet normal 0.803207 -0.5957 0
outer loop
vertex -7.032526 6.685983 0.000000
vertex -7.178674 6.488925 2.450000
vertex -7.178674 6.488925 0.000000
endloop
endfacet
facet normal 0.857728 -0.514103 0
outer loop
vertex -7.178674 6.488925 0.000000
vertex -7.178674 6.488925 2.450000
vertex -7.304803 6.278492 2.450000
endloop
endfacet
facet normal 0.857728 -0.514103 0
outer loop
vertex -7.178674 6.488925 0.000000
vertex -7.304803 6.278492 2.450000
vertex -7.304803 6.278492 0.000000
endloop
endfacet
facet normal 0.903989 -0.427555 0
outer loop
vertex -7.304803 6.278492 0.000000
vertex -7.304803 6.278492 2.450000
vertex -7.409699 6.056709 2.450000
endloop
endfacet
facet normal 0.903989 -0.427555 0
outer loop
vertex -7.304803 6.278492 0.000000
vertex -7.409699 6.056709 2.450000
vertex -7.409699 6.056709 0.000000
endloop
endfacet
facet normal 0.941544 -0.33689 0
outer loop
vertex -7.409699 6.056709 0.000000
vertex -7.409699 6.056709 2.450000
vertex -7.492351 5.825712 2.450000
endloop
endfacet
facet normal 0.941544 -0.33689 0
outer loop
vertex -7.409699 6.056709 0.000000
vertex -7.492351 5.825712 2.450000
vertex -7.492351 5.825712 0.000000
endloop
endfacet
facet normal 0.970031 -0.24298 0
outer loop
vertex -7.492351 5.825712 0.000000
vertex -7.492351 5.825712 2.450000
vertex -7.551963 5.587726 2.450000
endloop
endfacet
facet normal 0.970031 -0.24298 0
outer loop
vertex -7.492351 5.825712 0.000000
vertex -7.551963 5.587726 2.450000
vertex -7.551963 5.587726 0.000000
endloop
endfacet
facet normal 0.989177 -0.146729 0
outer loop
vertex -7.551963 5.587726 0.000000
vertex -7.551963 5.587726 2.450000
vertex -7.587962 5.345043 2.450000
endloop
endfacet
facet normal 0.989177 -0.146729 0
outer loop
vertex -7.551963 5.587726 0.000000
vertex -7.587962 5.345043 2.450000
vertex -7.587962 5.345043 0.000000
endloop
endfacet
facet normal 0.998795 -0.0490679 0
outer loop
vertex -7.587962 5.345043 0.000000
vertex -7.587962 5.345043 2.450000
vertex -7.600000 5.100000 2.450000
endloop
endfacet
facet normal 0.998795 -0.0490679 0
outer loop
vertex -7.587962 5.345043 0.000000
vertex -7.600000 5.100000 2.450000
vertex -7.600000 5.100000 0.000000
endloop
endfacet
facet normal 1 0 -0
outer loop
vertex -7.600000 5.100000 0.000000
vertex -7.600000 5.100000 2.450000
vertex -7.600000 -5.100000 2.450000
endloop
endfacet
facet normal 1 0 0
outer loop
vertex -7.600000 5.100000 0.000000
vertex -7.600000 -5.100000 2.450000
vertex -7.600000 -5.100000 0.000000
endloop
endfacet
facet normal 0.998795 0.0490679 -0
outer loop
vertex -7.600000 -5.100000 0.000000
vertex -7.600000 -5.100000 2.450000
vertex -7.587962 -5.345043 2.450000
endloop
endfacet
facet normal 0.998795 0.0490679 0
outer loop
vertex -7.600000 -5.100000 0.000000
vertex -7.587962 -5.345043 2.450000
vertex -7.587962 -5.345043 0.000000
endloop
endfacet
facet normal 0.989177 0.146729 -0
outer loop
vertex -7.587962 -5.345043 0.000000
vertex -7.587962 -5.345043 2.450000
vertex -7.551963 -5.587726 2.450000
endloop
endfacet
facet normal 0.989177 0.146729 0
outer loop
vertex -7.587962 -5.345043 0.000000
vertex -7.551963 -5.587726 2.450000
vertex -7.551963 -5.587726 0.000000
endloop
endfacet
facet normal 0.970031 0.24298 -0
outer loop
vertex -7.551963 -5.587726 0.000000
vertex -7.551963 -5.587726 2.450000
vertex -7.492351 -5.825712 2.450000
endloop
endfacet
facet normal 0.970031 0.24298 0
outer loop
vertex -7.551963 -5.587726 0.000000
vertex -7.492351 -5.825712 2.450000
vertex -7.492351 -5.825712 0.000000
endloop
endfacet
facet normal 0.941544 0.33689 -0
outer loop
vertex -7.492351 -5.825712 0.000000
vertex -7.492351 -5.825712 2.450000
vertex -7.409699 -6.056709 2.450000
endloop
endfacet
facet normal 0.941544 0.33689 0
outer loop
vertex -7.492351 -5.825712 0.000000
vertex -7.409699 -6.056709 2.450000
vertex -7.409699 -6.056709 0.000000
endloop
endfacet
facet normal 0.903989 0.427555 -0
outer loop
vertex -7.409699 -6.056709 0.000000
vertex -7.409699 -6.056709 2.450000
vertex -7.304803 -6.278492 2.450000
endloop
endfacet
facet normal 0.903989 0.427555 0
outer loop
vertex -7.409699 -6.056709 0.000000
vertex -7.304803 -6.278492 2.450000
vertex -7.304803 -6.278492 0.000000
endloop
endfacet
facet normal 0.857728 0.514103 -0
outer loop
vertex -7.304803 -6.278492 0.000000
vertex -7.304803 -6.278492 2.450000
vertex -7.178674 -6.488925 2.450000
endloop
endfacet
facet normal 0.857728 0.514103 0
outer loop
vertex -7.304803 -6.278492 0.000000
vertex -7.178674 -6.488925 2.450000
vertex -7.178674 -6.488925 0.000000
endloop
endfacet
facet normal 0.803207 0.5957 -0
outer loop
vertex -7.178674 -6.488925 0.000000
vertex -7.178674 -6.488925 2.450000
vertex -7.032526 -6.685983 2.450000
endloop
endfacet
facet normal 0.803207 0.5957 0
outer loop
vertex -7.178674 -6.488925 0.000000
vertex -7.032526 -6.685983 2.450000
vertex -7.032526 -6.685983 0.000000
endloop
endfacet
facet normal 0.740951 0.671559 -0
outer loop
vertex -7.032526 -6.685983 0.000000
vertex -7.032526 -6.685983 2.450000
vertex -6.867767 -6.867767 2.450000
endloop
endfacet
facet normal 0.740951 0.671559 0
outer loop
vertex -7.032526 -6.685983 0.000000
vertex -6.867767 -6.867767 2.450000
vertex -6.867767 -6.867767 0.000000
endloop
endfacet
facet normal 0.671559 0.740951 -0
outer loop
vertex -6.867767 -6.867767 0.000000
vertex -6.867767 -6.867767 2.450000
vertex -6.685983 -7.032526 2.450000
endloop
endfacet
facet normal 0.671559 0.740951 0
outer loop
vertex -6.867767 -6.867767 0.000000
vertex -6.685983 -7.032526 2.450000
vertex -6.685983 -7.032526 0.000000
endloop
endfacet
facet normal 0.5957 0.803207 -0
outer loop
vertex -6.685983 -7.032526 0.000000
vertex -6.685983 -7.032526 2.450000
vertex -6.488925 -7.178674 2.450000
endloop
endfacet
facet normal 0.5957 0.803207 0
outer loop
vertex -6.685983 -7.032526 0.000000
vertex -6.488925 -7.178674 2.450000
vertex -6.488925 -7.178674 0.000000
endloop
endfacet
facet normal 0.514103 0.857728 -0
outer loop
vertex -6.488925 -7.178674 0.000000
vertex -6.488925 -7.178674 2.450000
vertex -6.278492 -7.304803 2.450000
endloop
endfacet
facet normal 0.514103 0.857728 0
outer loop
vertex -6.488925 -7.178674 0.000000
vertex -6.278492 -7.304803 2.450000
vertex -6.278492 -7.304803 0.000000
endloop
endfacet
facet normal 0.427555 0.903989 -0
outer loop
vertex -6.278492 -7.304803 0.000000
vertex -6.278492 -7.304803 2.450000
vertex -6.056709 -7.409699 2.450000
endloop
endfacet
facet normal 0.427555 0.903989 0
outer loop
vertex -6.278492 -7.304803 0.000000
vertex -6.056709 -7.409699 2.450000
vertex -6.056709 -7.409699 0.000000
endloop
endfacet
facet normal 0.33689 0.941544 -0
outer loop
vertex -6.056709 -7.409699 0.000000
vertex -6.056709 -7.409699 2.450000
vertex -5.825712 -7.492351 2.450000
endloop
endfacet
facet normal 0.33689 0.941544 0
outer loop
vertex -6.056709 -7.409699 0.000000
vertex -5.825712 -7.492351 2.450000
vertex -5.825712 -7.492351 0.000000
endloop
endfacet
facet normal 0.24298 0.970031 -0
outer loop
vertex -5.825712 -7.492351 0.000000
vertex -5.825712 -7.492351 2.450000
vertex -5.587726 -7.551963 2.450000
endloop
endfacet
facet normal 0.24298 0.970031 0
outer loop
vertex -5.825712 -7.492351 0.000000
vertex -5.587726 -7.551963 2.450000
vertex -5.587726 -7.551963 0.000000
endloop
endfacet
facet normal 0.146729 0.989177 -0
outer loop
vertex -5.587726 -7.551963 0.000000
vertex -5.587726 -7.551963 2.450000
vertex -5.345043 -7.587962 2.450000
endloop
endfacet
facet normal 0.146729 0.989177 0
outer loop
vertex -5.587726 -7.551963 0.000000
vertex -5.345043 -7.587962 2.450000
vertex -5.345043 -7.587962 0.000000
endloop
endfacet
facet normal 0.0490679 0.998795 -0
outer loop
vertex -5.345043 -7.587962 0.000000
vertex -5.345043 -7.587962 2.450000
vertex -5.100000 -7.600000 2.450000
endloop
endfacet
facet normal 0.0490679 0.998795 0
outer loop
vertex -5.345043 -7.587962 0.000000
vertex -5.100000 -7.600000 2.450000
vertex -5.100000 -7.600000 0.000000
endloop
endfacet
facet normal 0 1 0
outer loop
vertex -5.100000 -7.600000 0.000000
vertex -5.100000 -7.600000 2.450000
vertex 5.100000 -7.600000 2.450000
endloop
endfacet
facet normal 0 1 0
outer loop
vertex -5.100000 -7.600000 0.000000
vertex 5.100000 -7.600000 2.450000
vertex 5.100000 -7.600000 0.000000
endloop
endfacet
facet normal -0.0490679 0.998795 0
outer loop
vertex 5.100000 -7.600000 0.000000
vertex 5.100000 -7.600000 2.450000
vertex 5.345043 -7.587962 2.450000
endloop
endfacet
facet normal -0.0490679 0.998795 0
outer loop
vertex 5.100000 -7.600000 0.000000
vertex 5.345043 -7.587962 2.450000
vertex 5.345043 -7.587962 0.000000
endloop
endfacet
facet normal -0.146729 0.989177 0
outer loop
vertex 5.345043 -7.587962 0.000000
vertex 5.345043 -7.587962 2.450000
vertex 5.587726 -7.551963 2.450000
endloop
endfacet
facet normal -0.146729 0.989177 0
outer loop
vertex 5.345043 -7.587962 0.000000
vertex 5.587726 -7.551963 2.450000
vertex 5.587726 -7.551963 0.000000
endloop
endfacet
facet normal -0.24298 0.970031 0
outer loop
vertex 5.587726 -7.551963 0.000000
vertex 5.587726 -7.551963 2.450000
vertex 5.825712 -7.492351 2.450000
endloop
endfacet
facet normal -0.24298 0.970031 0
outer loop
vertex 5.587726 -7.551963 0.000000
vertex 5.825712 -7.492351 2.450000
vertex 5.825712 -7.492351 0.000000
endloop
endfacet
facet normal -0.33689 0.941544 0
outer loop
vertex 5.825712 -7.492351 0.000000
vertex 5.825712 -7.492351 2.450000
vertex 6.056709 -7.409699 2.450000
endloop
endfacet
facet normal -0.33689 0.941544 0
outer loop
vertex 5.825712 -7.492351 0.000000
vertex 6.056709 -7.409699 2.450000
vertex 6.056709 -7.409699 0.000000
endloop
endfacet
facet normal -0.427555 0.903989 0
outer loop
vertex 6.056709 -7.409699 0.000000
vertex 6.056709 -7.409699 2.450000
vertex 6.278492 -7.304803 2.450000
endloop
endfacet
facet normal -0.427555 0.903989 0
outer loop
vertex 6.056709 -7.409699 0.000000
vertex 6.278492 -7.304803 2.450000
vertex 6.278492 -7.304803 0.000000
endloop
endfacet
facet normal -0.514103 0.857728 0
outer loop
vertex 6.278492 -7.304803 0.000000
vertex 6.278492 -7.304803 2.450000
vertex 6.488925 -7.178674 2.450000
endloop
endfacet
facet normal -0.514103 0.857728 0
outer loop
vertex 6.278492 -7.304803 0.000000
vertex 6.488925 -7.178674 2.450000
vertex 6.488925 -7.178674 0.000000
endloop
endfacet
facet normal -0.5957 0.803207 0
outer loop
vertex 6.488925 -7.178674 0.000000
vertex 6.488925 -7.178674 2.450000
vertex 6.685983 -7.032526 2.450000
endloop
endfacet
facet normal -0.5957 0.803207 0
outer loop
vertex 6.488925 -7.178674 0.000000
vertex 6.685983 -7.032526 2.450000
vertex 6.685983 -7.032526 0.000000
endloop
endfacet
facet normal -0.671559 0.740951 0
outer loop
vertex 6.685983 -7.032526 0.000000
vertex 6.685983 -7.032526 2.450000
vertex 6.867767 -6.867767 2.450000
endloop
endfacet
facet normal -0.671559 0.740951 0
outer loop
vertex 6.685983 -7.032526 0.000000
vertex 6.867767 -6.867767 2.450000
vertex 6.867767 -6.867767 0.000000
endloop
endfacet
facet normal -0.740951 0.671559 0
outer loop
vertex 6.867767 -6.867767 0.000000
vertex 6.867767 -6.867767 2.450000
vertex 7.032526 -6.685983 2.450000
endloop
endfacet
facet normal -0.740951 0.671559 0
outer loop
vertex 6.867767 -6.867767 0.000000
vertex 7.032526 -6.685983 2.450000
vertex 7.032526 -6.685983 0.000000
endloop
endfacet
facet normal -0.803207 0.5957 0
outer loop
vertex 7.032526 -6.685983 0.000000
vertex 7.032526 -6.685983 2.450000
vertex 7.178674 -6.488925 2.450000
endloop
endfacet
facet normal -0.803207 0.5957 0
outer loop
vertex 7.032526 -6.685983 0.000000
vertex 7.178674 -6.488925 2.450000
vertex 7.178674 -6.488925 0.000000
endloop
endfacet
facet normal -0.857728 0.514103 0
outer loop
vertex 7.178674 -6.488925 0.000000
vertex 7.178674 -6.488925 2.450000
vertex 7.304803 -6.278492 2.450000
endloop
endfacet
facet normal -0.857728 0.514103 0
outer loop
vertex 7.178674 -6.488925 0.000000
vertex 7.304803 -6.278492 2.450000
vertex 7.304803 -6.278492 0.000000
endloop
endfacet
facet normal -0.903989 0.427555 0
outer loop
vertex 7.304803 -6.278492 0.000000
vertex 7.304803 -6.278492 2.450000
vertex 7.409699 -6.056709 2.450000
endloop
endfacet
facet normal -0.903989 0.427555 0
outer loop
vertex 7.304803 -6.278492 0.000000
vertex 7.409699 -6.056709 2.450000
vertex 7.409699 -6.056709 0.000000
endloop
endfacet
facet normal -0.941544 0.33689 0
outer loop
vertex 7.409699 -6.056709 0.000000
vertex 7.409699 -6.056709 2.450000
vertex 7.492351 -5.825712 2.450000
endloop
endfacet
facet normal -0.941544 0.33689 0
outer loop
vertex 7.409699 -6.056709 0.000000
vertex 7.492351 -5.825712 2.450000
vertex 7.492351 -5.825712 0.000000
endloop
endfacet
facet normal -0.970031 0.24298 0
outer loop
vertex 7.492351 -5.825712 0.000000
vertex 7.492351 -5.825712 2.450000
vertex 7.551963 -5.587726 2.450000
endloop
endfacet
facet normal -0.970031 0.24298 0
outer loop
vertex 7.492351 -5.825712 0.000000
vertex 7.551963 -5.587726 2.450000
vertex 7.551963 -5.587726 0.000000
endloop
endfacet
facet normal -0.989177 0.146729 0
outer loop
vertex 7.551963 -5.587726 0.000000
vertex 7.551963 -5.587726 2.450000
vertex 7.587962 -5.345043 2.450000
endloop
endfacet
facet normal -0.989177 0.146729 0
outer loop
vertex 7.551963 -5.587726 0.000000
vertex 7.587962 -5.345043 2.450000
vertex 7.587962 -5.345043 0.000000
endloop
endfacet
facet normal -0.998795 0.0490679 0
outer loop
vertex 7.587962 -5.345043 0.000000
vertex 7.587962 -5.345043 2.450000
vertex 7.600000 -5.100000 2.450000
endloop
endfacet
facet normal -0.998795 0.0490679 0
outer loop
vertex 7.587962 -5.345043 0.000000
vertex 7.600000 -5.100000 2.450000
vertex 7.600000 -5.100000 0.000000
endloop
endfacet
facet normal -1 0 0
outer loop
vertex 7.600000 -5.100000 0.000000
vertex 7.600000 -5.100000 2.450000
vertex 7.600000 5.100000 2.450000
endloop
endfacet
facet normal -1 0 0
outer loop
vertex 7.600000 -5.100000 0.000000
vertex 7.600000 5.100000 2.450000
vertex 7.600000 5.100000 0.000000
endloop
endfacet
facet normal -0.706681 -0.0347165 -0.706681
outer loop
vertex 7.600000 5.100000 2.450000
vertex 7.350000 5.100000 2.700000
vertex 7.339166 5.320539 2.700000
endloop
endfacet
facet normal -0.706681 -0.0347171 -0.70668
outer loop
vertex 7.600000 5.100000 2.450000
vertex 7.339166 5.320539 2.700000
vertex 7.587962 5.345043 2.450000
endloop
endfacet
facet normal -0.699875 -0.103816 -0.70668
outer loop
vertex 7.587962 5.345043 2.450000
vertex 7.339166 5.320539 2.700000
vertex 7.306767 5.538953 2.700000
endloop
endfacet
facet normal -0.699875 -0.103816 -0.70668
outer loop
vertex 7.587962 5.345043 2.450000
vertex 7.306767 5.538953 2.700000
vertex 7.551963 5.587726 2.450000
endloop
endfacet
facet normal -0.686329 -0.171917 -0.70668
outer loop
vertex 7.551963 5.587726 2.450000
vertex 7.306767 5.538953 2.700000
vertex 7.253116 5.753140 2.700000
endloop
endfacet
facet normal -0.686329 -0.171916 -0.706681
outer loop
vertex 7.551963 5.587726 2.450000
vertex 7.253116 5.753140 2.700000
vertex 7.492351 5.825712 2.450000
endloop
endfacet
facet normal -0.666173 -0.23836 -0.706681
outer loop
vertex 7.492351 5.825712 2.450000
vertex 7.253116 5.753140 2.700000
vertex 7.178729 5.961038 2.700000
endloop
endfacet
facet normal -0.666173 -0.238361 -0.706681
outer loop
vertex 7.492351 5.825712 2.450000
vertex 7.178729 5.961038 2.700000
vertex 7.409699 6.056709 2.450000
endloop
endfacet
facet normal -0.639602 -0.302509 -0.706681
outer loop
vertex 7.409699 6.056709 2.450000
vertex 7.178729 5.961038 2.700000
vertex 7.084323 6.160643 2.700000
endloop
endfacet
facet normal -0.639602 -0.302509 -0.706681
outer loop
vertex 7.409699 6.056709 2.450000
vertex 7.084323 6.160643 2.700000
vertex 7.304803 6.278492 2.450000
endloop
endfacet
facet normal -0.606871 -0.363745 -0.706681
outer loop
vertex 7.304803 6.278492 2.450000
vertex 7.084323 6.160643 2.700000
vertex 6.970807 6.350033 2.700000
endloop
endfacet
facet normal -0.606871 -0.363745 -0.706681
outer loop
vertex 7.304803 6.278492 2.450000
vertex 6.970807 6.350033 2.700000
vertex 7.178674 6.488925 2.450000
endloop
endfacet
facet normal -0.568295 -0.421477 -0.706681
outer loop
vertex 7.178674 6.488925 2.450000
vertex 6.970807 6.350033 2.700000
vertex 6.839273 6.527385 2.700000
endloop
endfacet
facet normal -0.568295 -0.421477 -0.706681
outer loop
vertex 7.178674 6.488925 2.450000
vertex 6.839273 6.527385 2.700000
vertex 7.032526 6.685983 2.450000
endloop
endfacet
facet normal -0.524248 -0.475149 -0.706681
outer loop
vertex 7.032526 6.685983 2.450000
vertex 6.839273 6.527385 2.700000
vertex 6.690990 6.690990 2.700000
endloop
endfacet
facet normal -0.524248 -0.47515 -0.70668
outer loop
vertex 7.032526 6.685983 2.450000
vertex 6.690990 6.690990 2.700000
vertex 6.867767 6.867767 2.450000
endloop
endfacet
facet normal -0.475149 -0.524248 -0.70668
outer loop
vertex 6.867767 6.867767 2.450000
vertex 6.690990 6.690990 2.700000
vertex 6.527385 6.839273 2.700000
endloop
endfacet
facet normal -0.47515 -0.524247 -0.706681
outer loop
vertex 6.867767 6.867767 2.450000
vertex 6.527385 6.839273 2.700000
vertex 6.685983 7.032526 2.450000
endloop
endfacet
facet normal -0.421477 -0.568296 -0.706681
outer loop
vertex 6.685983 7.032526 2.450000
vertex 6.527385 6.839273 2.700000
vertex 6.350033 6.970807 2.700000
endloop
endfacet
facet normal -0.421477 -0.568295 -0.706681
outer loop
vertex 6.685983 7.032526 2.450000
vertex 6.350033 6.970807 2.700000
vertex 6.488925 7.178674 2.450000
endloop
endfacet
facet normal -0.363745 -0.60687 -0.706681
outer loop
vertex 6.488925 7.178674 2.450000
vertex 6.350033 6.970807 2.700000
vertex 6.160643 7.084323 2.700000
endloop
endfacet
facet normal -0.363745 -0.606871 -0.706681
outer loop
vertex 6.488925 7.178674 2.450000
vertex 6.160643 7.084323 2.700000
vertex 6.278492 7.304803 2.450000
endloop
endfacet
facet normal -0.302509 -0.639602 -0.706681
outer loop
vertex 6.278492 7.304803 2.450000
vertex 6.160643 7.084323 2.700000
vertex 5.961038 7.178729 2.700000
endloop
endfacet
facet normal -0.302509 -0.639602 -0.706681
outer loop
vertex 6.278492 7.304803 2.450000
vertex 5.961038 7.178729 2.700000
vertex 6.056709 7.409699 2.450000
endloop
endfacet
facet normal -0.23836 -0.666173 -0.706681
outer loop
vertex 6.056709 7.409699 2.450000
vertex 5.961038 7.178729 2.700000
vertex 5.753140 7.253116 2.700000
endloop
endfacet
facet normal -0.23836 -0.666173 -0.706681
outer loop
vertex 6.056709 7.409699 2.450000
vertex 5.753140 7.253116 2.700000
vertex 5.825712 7.492351 2.450000
endloop
endfacet
facet normal -0.171917 -0.686328 -0.706681
outer loop
vertex 5.825712 7.492351 2.450000
vertex 5.753140 7.253116 2.700000
vertex 5.538953 7.306767 2.700000
endloop
endfacet
facet normal -0.171916 -0.686329 -0.706681
outer loop
vertex 5.825712 7.492351 2.450000
vertex 5.538953 7.306767 2.700000
vertex 5.587726 7.551963 2.450000
endloop
endfacet
facet normal -0.103816 -0.699875 -0.70668
outer loop
vertex 5.587726 7.551963 2.450000
vertex 5.538953 7.306767 2.700000
vertex 5.320539 7.339166 2.700000
endloop
endfacet
facet normal -0.103816 -0.699875 -0.70668
outer loop
vertex 5.587726 7.551963 2.450000
vertex 5.320539 7.339166 2.700000
vertex 5.345043 7.587962 2.450000
endloop
endfacet
facet normal -0.0347165 -0.706681 -0.70668
outer loop
vertex 5.345043 7.587962 2.450000
vertex 5.320539 7.339166 2.700000
vertex 5.100000 7.350000 2.700000
endloop
endfacet
facet normal -0.0347171 -0.706681 -0.706681
outer loop
vertex 5.345043 7.587962 2.450000
vertex 5.100000 7.350000 2.700000
vertex 5.100000 7.600000 2.450000
endloop
endfacet
facet normal 0 -0.707107 -0.707107
outer loop
vertex 5.100000 7.600000 2.450000
vertex 5.100000 7.350000 2.700000
vertex -5.100000 7.350000 2.700000
endloop
endfacet
facet normal -0 -0.707107 -0.707107
outer loop
vertex 5.100000 7.600000 2.450000
vertex -5.100000 7.350000 2.700000
vertex -5.100000 7.600000 2.450000
endloop
endfacet
facet normal 0.0347165 -0.706681 -0.706681
outer loop
vertex -5.100000 7.600000 2.450000
vertex -5.100000 7.350000 2.700000
vertex -5.320539 7.339166 2.700000
endloop
endfacet
facet normal 0.0347171 -0.706681 -0.70668
outer loop
vertex -5.100000 7.600000 2.450000
vertex -5.320539 7.339166 2.700000
vertex -5.345043 7.587962 2.450000
endloop
endfacet
facet normal 0.103816 -0.699875 -0.70668
outer loop
vertex -5.345043 7.587962 2.450000
vertex -5.320539 7.339166 2.700000
vertex -5.538953 7.306767 2.700000
endloop
endfacet
facet normal 0.103816 -0.699875 -0.70668
outer loop
vertex -5.345043 7.587962 2.450000
vertex -5.538953 7.306767 2.700000
vertex -5.587726 7.551963 2.450000
endloop
endfacet
facet normal 0.171917 -0.686329 -0.70668
outer loop
vertex -5.587726 7.551963 2.450000
vertex -5.538953 7.306767 2.700000
vertex -5.753140 7.253116 2.700000
endloop
endfacet
facet normal 0.171916 -0.686329 -0.706681
outer loop
vertex -5.587726 7.551963 2.450000
vertex -5.753140 7.253116 2.700000
vertex -5.825712 7.492351 2.450000
endloop
endfacet
facet normal 0.23836 -0.666173 -0.706681
outer loop
vertex -5.825712 7.492351 2.450000
vertex -5.753140 7.253116 2.700000
vertex -5.961038 7.178729 2.700000
endloop
endfacet
facet normal 0.238361 -0.666173 -0.706681
outer loop
vertex -5.825712 7.492351 2.450000
vertex -5.961038 7.178729 2.700000
vertex -6.056709 7.409699 2.450000
endloop
endfacet
facet normal 0.302509 -0.639602 -0.706681
outer loop
vertex -6.056709 7.409699 2.450000
vertex -5.961038 7.178729 2.700000
vertex -6.160643 7.084323 2.700000
endloop
endfacet
facet normal 0.302509 -0.639602 -0.706681
outer loop
vertex -6.056709 7.409699 2.450000
vertex -6.160643 7.084323 2.700000
vertex -6.278492 7.304803 2.450000
endloop
endfacet
facet normal 0.363745 -0.606871 -0.706681
outer loop
vertex -6.278492 7.304803 2.450000
vertex -6.160643 7.084323 2.700000
vertex -6.350033 6.970807 2.700000
endloop
endfacet
facet normal 0.363745 -0.606871 -0.706681
outer loop
vertex -6.278492 7.304803 2.450000
vertex -6.350033 6.970807 2.700000
vertex -6.488925 7.178674 2.450000
endloop
endfacet
facet normal 0.421477 -0.568295 -0.706681
outer loop
vertex -6.488925 7.178674 2.450000
vertex -6.350033 6.970807 2.700000
vertex -6.527385 6.839273 2.700000
endloop
endfacet
facet normal 0.421477 -0.568295 -0.706681
outer loop
vertex -6.488925 7.178674 2.450000
vertex -6.527385 6.839273 2.700000
vertex -6.685983 7.032526 2.450000
endloop
endfacet
facet normal 0.475149 -0.524248 -0.706681
outer loop
vertex -6.685983 7.032526 2.450000
vertex -6.527385 6.839273 2.700000
vertex -6.690990 6.690990 2.700000
endloop
endfacet
facet normal 0.47515 -0.524248 -0.70668
outer loop
vertex -6.685983 7.032526 2.450000
vertex -6.690990 6.690990 2.700000
vertex -6.867767 6.867767 2.450000
endloop
endfacet
facet normal 0.524248 -0.475149 -0.70668
outer loop
vertex -6.867767 6.867767 2.450000
vertex -6.690990 6.690990 2.700000
vertex -6.839273 6.527385 2.700000
endloop
endfacet
facet normal 0.524247 -0.47515 -0.706681
outer loop
vertex -6.867767 6.867767 2.450000
vertex -6.839273 6.527385 2.700000
vertex -7.032526 6.685983 2.450000
endloop
endfacet
facet normal 0.568296 -0.421477 -0.706681
outer loop
vertex -7.032526 6.685983 2.450000
vertex -6.839273 6.527385 2.700000
vertex -6.970807 6.350033 2.700000
endloop
endfacet
facet normal 0.568295 -0.421477 -0.706681
outer loop
vertex -7.032526 6.685983 2.450000
vertex -6.970807 6.350033 2.700000
vertex -7.178674 6.488925 2.450000
endloop
endfacet
facet normal 0.60687 -0.363745 -0.706681
outer loop
vertex -7.178674 6.488925 2.450000
vertex -6.970807 6.350033 2.700000
vertex -7.084323 6.160643 2.700000
endloop
endfacet
facet normal 0.606871 -0.363745 -0.706681
outer loop
vertex -7.178674 6.488925 2.450000
vertex -7.084323 6.160643 2.700000
vertex -7.304803 6.278492 2.450000
endloop
endfacet
facet normal 0.639602 -0.302509 -0.706681
outer loop
vertex -7.304803 6.278492 2.450000
vertex -7.084323 6.160643 2.700000
vertex -7.178729 5.961038 2.700000
endloop
endfacet
facet normal 0.639602 -0.302509 -0.706681
outer loop
vertex -7.304803 6.278492 2.450000
vertex -7.178729 5.961038 2.700000
vertex -7.409699 6.056709 2.450000
endloop
endfacet
facet normal 0.666173 -0.23836 -0.706681
outer loop
vertex -7.409699 6.056709 2.450000
vertex -7.178729 5.961038 2.700000
vertex -7.253116 5.753140 2.700000
endloop
endfacet
facet normal 0.666173 -0.23836 -0.706681
outer loop
vertex -7.409699 6.056709 2.450000
vertex -7.253116 5.753140 2.700000
vertex -7.492351 5.825712 2.450000
endloop
endfacet
facet normal 0.686328 -0.171917 -0.706681
outer loop
vertex -7.492351 5.825712 2.450000
vertex -7.253116 5.753140 2.700000
vertex -7.306767 5.538953 2.700000
endloop
endfacet
facet normal 0.686329 -0.171916 -0.706681
outer loop
vertex -7.492351 5.825712 2.450000
vertex -7.306767 5.538953 2.700000
vertex -7.551963 5.587726 2.450000
endloop
endfacet
facet normal 0.699875 -0.103816 -0.70668
outer loop
vertex -7.551963 5.587726 2.450000
vertex -7.306767 5.538953 2.700000
vertex -7.339166 5.320539 2.700000
endloop
endfacet
facet normal 0.699875 -0.103816 -0.70668
outer loop
vertex -7.551963 5.587726 2.450000
vertex -7.339166 5.320539 2.700000
vertex -7.587962 5.345043 2.450000
endloop
endfacet
facet normal 0.706681 -0.0347165 -0.70668
outer loop
vertex -7.587962 5.345043 2.450000
vertex -7.339166 5.320539 2.700000
vertex -7.350000 5.100000 2.700000
endloop
endfacet
facet normal 0.706681 -0.0347171 -0.706681
outer loop
vertex -7.587962 5.345043 2.450000
vertex -7.350000 5.100000 2.700000
vertex -7.600000 5.100000 2.450000
endloop
endfacet
facet normal 0.707107 0 -0.707107
outer loop
vertex -7.600000 5.100000 2.450000
vertex -7.350000 5.100000 2.700000
vertex -7.350000 -5.100000 2.700000
endloop
endfacet
facet normal 0.707107 0 -0.707107
outer loop
vertex -7.600000 5.100000 2.450000
vertex -7.350000 -5.100000 2.700000
vertex -7.600000 -5.100000 2.450000
endloop
endfacet
facet normal 0.706681 0.0347165 -0.706681
outer loop
vertex -7.600000 -5.100000 2.450000
vertex -7.350000 -5.100000 2.700000
vertex -7.339166 -5.320539 2.700000
endloop
endfacet
facet normal 0.706681 0.0347171 -0.70668
outer loop
vertex -7.600000 -5.100000 2.450000
vertex -7.339166 -5.320539 2.700000
vertex -7.587962 -5.345043 2.450000
endloop
endfacet
facet normal 0.699875 0.103816 -0.70668
outer loop
vertex -7.587962 -5.345043 2.450000
vertex -7.339166 -5.320539 2.700000
vertex -7.306767 -5.538953 2.700000
endloop
endfacet
facet normal 0.699875 0.103816 -0.70668
outer loop
vertex -7.587962 -5.345043 2.450000
vertex -7.306767 -5.538953 2.700000
vertex -7.551963 -5.587726 2.450000
endloop
endfacet
facet normal 0.686329 0.171917 -0.70668
outer loop
vertex -7.551963 -5.587726 2.450000
vertex -7.306767 -5.538953 2.700000
vertex -7.253116 -5.753140 2.700000
endloop
endfacet
facet normal 0.686329 0.171916 -0.706681
outer loop
vertex -7.551963 -5.587726 2.450000
vertex -7.253116 -5.753140 2.700000
vertex -7.492351 -5.825712 2.450000
endloop
endfacet
facet normal 0.666173 0.23836 -0.706681
outer loop
vertex -7.492351 -5.825712 2.450000
vertex -7.253116 -5.753140 2.700000
vertex -7.178729 -5.961038 2.700000
endloop
endfacet
facet normal 0.666173 0.238361 -0.706681
outer loop
vertex -7.492351 -5.825712 2.450000
vertex -7.178729 -5.961038 2.700000
vertex -7.409699 -6.056709 2.450000
endloop
endfacet
facet normal 0.639602 0.302509 -0.706681
outer loop
vertex -7.409699 -6.056709 2.450000
vertex -7.178729 -5.961038 2.700000
vertex -7.084323 -6.160643 2.700000
endloop
endfacet
facet normal 0.639602 0.302509 -0.706681
outer loop
vertex -7.409699 -6.056709 2.450000
vertex -7.084323 -6.160643 2.700000
vertex -7.304803 -6.278492 2.450000
endloop
endfacet
facet normal 0.606871 0.363745 -0.706681
outer loop
vertex -7.304803 -6.278492 2.450000
vertex -7.084323 -6.160643 2.700000
vertex -6.970807 -6.350033 2.700000
endloop
endfacet
facet normal 0.606871 0.363745 -0.706681
outer loop
vertex -7.304803 -6.278492 2.450000
vertex -6.970807 -6.350033 2.700000
vertex -7.178674 -6.488925 2.450000
endloop
endfacet
facet normal 0.568295 0.421477 -0.706681
outer loop
vertex -7.178674 -6.488925 2.450000
vertex -6.970807 -6.350033 2.700000
vertex -6.839273 -6.527385 2.700000
endloop
endfacet
facet normal 0.568295 0.421477 -0.706681
outer loop
vertex -7.178674 -6.488925 2.450000
vertex -6.839273 -6.527385 2.700000
vertex -7.032526 -6.685983 2.450000
endloop
endfacet
facet normal 0.524248 0.475149 -0.706681
outer loop
vertex -7.032526 -6.685983 2.450000
vertex -6.839273 -6.527385 2.700000
vertex -6.690990 -6.690990 2.700000
endloop
endfacet
facet normal 0.524248 0.47515 -0.70668
outer loop
vertex -7.032526 -6.685983 2.450000
vertex -6.690990 -6.690990 2.700000
vertex -6.867767 -6.867767 2.450000
endloop
endfacet
facet normal 0.475149 0.524248 -0.70668
outer loop
vertex -6.867767 -6.867767 2.450000
vertex -6.690990 -6.690990 2.700000
vertex -6.527385 -6.839273 2.700000
endloop
endfacet
facet normal 0.47515 0.524247 -0.706681
outer loop
vertex -6.867767 -6.867767 2.450000
vertex -6.527385 -6.839273 2.700000
vertex -6.685983 -7.032526 2.450000
endloop
endfacet
facet normal 0.421477 0.568296 -0.706681
outer loop
vertex -6.685983 -7.032526 2.450000
vertex -6.527385 -6.839273 2.700000
vertex -6.350033 -6.970807 2.700000
endloop
endfacet
facet normal 0.421477 0.568295 -0.706681
outer loop
vertex -6.685983 -7.032526 2.450000
vertex -6.350033 -6.970807 2.700000
vertex -6.488925 -7.178674 2.450000
endloop
endfacet
facet normal 0.363745 0.60687 -0.706681
outer loop
vertex -6.488925 -7.178674 2.450000
vertex -6.350033 -6.970807 2.700000
vertex -6.160643 -7.084323 2.700000
endloop
endfacet
facet normal 0.363745 0.606871 -0.706681
outer loop
vertex -6.488925 -7.178674 2.450000
vertex -6.160643 -7.084323 2.700000
vertex -6.278492 -7.304803 2.450000
endloop
endfacet
facet normal 0.302509 0.639602 -0.706681
outer loop
vertex -6.278492 -7.304803 2.450000
vertex -6.160643 -7.084323 2.700000
vertex -5.961038 -7.178729 2.700000
endloop
endfacet
facet normal 0.302509 0.639602 -0.706681
outer loop
vertex -6.278492 -7.304803 2.450000
vertex -5.961038 -7.178729 2.700000
vertex -6.056709 -7.409699 2.450000
endloop
endfacet
facet normal 0.23836 0.666173 -0.706681
outer loop
vertex -6.056709 -7.409699 2.450000
vertex -5.961038 -7.178729 2.700000
vertex -5.753140 -7.253116 2.700000
endloop
endfacet
facet normal 0.23836 0.666173 -0.706681
outer loop
vertex -6.056709 -7.409699 2.450000
vertex -5.753140 -7.253116 2.700000
vertex -5.825712 -7.492351 2.450000
endloop
endfacet
facet normal 0.171917 0.686328 -0.706681
outer loop
vertex -5.825712 -7.492351 2.450000
vertex -5.753140 -7.253116 2.700000
vertex -5.538953 -7.306767 2.700000
endloop
endfacet
facet normal 0.171916 0.686329 -0.706681
outer loop
vertex -5.825712 -7.492351 2.450000
vertex -5.538953 -7.306767 2.700000
vertex -5.587726 -7.551963 2.450000
endloop
endfacet
facet normal 0.103816 0.699875 -0.70668
outer loop
vertex -5.587726 -7.551963 2.450000
vertex -5.538953 -7.306767 2.700000
vertex -5.320539 -7.339166 2.700000
endloop
endfacet
facet normal 0.103816 0.699875 -0.70668
outer loop
vertex -5.587726 -7.551963 2.450000
vertex -5.320539 -7.339166 2.700000
vertex -5.345043 -7.587962 2.450000
endloop
endfacet
facet normal 0.0347165 0.706681 -0.70668
outer loop
vertex -5.345043 -7.587962 2.450000
vertex -5.320539 -7.339166 2.700000
vertex -5.100000 -7.350000 2.700000
endloop
endfacet
facet normal 0.0347171 0.706681 -0.706681
outer loop
vertex -5.345043 -7.587962 2.450000
vertex -5.100000 -7.350000 2.700000
vertex -5.100000 -7.600000 2.450000
endloop
endfacet
facet normal 0 0.707107 -0.707107
outer loop
vertex -5.100000 -7.600000 2.450000
vertex -5.100000 -7.350000 2.700000
vertex 5.100000 -7.350000 2.700000
endloop
endfacet
facet normal 0 0.707107 -0.707107
outer loop
vertex -5.100000 -7.600000 2.450000
vertex 5.100000 -7.350000 2.700000
vertex 5.100000 -7.600000 2.450000
endloop
endfacet
facet normal -0.0347165 0.706681 -0.706681
outer loop
vertex 5.100000 -7.600000 2.450000
vertex 5.100000 -7.350000 2.700000
vertex 5.320539 -7.339166 2.700000
endloop
endfacet
facet normal -0.0347171 0.706681 -0.70668
outer loop
vertex 5.100000 -7.600000 2.450000
vertex 5.320539 -7.339166 2.700000
vertex 5.345043 -7.587962 2.450000
endloop
endfacet
facet normal -0.103816 0.699875 -0.70668
outer loop
vertex 5.345043 -7.587962 2.450000
vertex 5.320539 -7.339166 2.700000
vertex 5.538953 -7.306767 2.700000
endloop
endfacet
facet normal -0.103816 0.699875 -0.70668
outer loop
vertex 5.345043 -7.587962 2.450000
vertex 5.538953 -7.306767 2.700000
vertex 5.587726 -7.551963 2.450000
endloop
endfacet
facet normal -0.171917 0.686329 -0.70668
outer loop
vertex 5.587726 -7.551963 2.450000
vertex 5.538953 -7.306767 2.700000
vertex 5.753140 -7.253116 2.700000
endloop
endfacet
facet normal -0.171916 0.686329 -0.706681
outer loop
vertex 5.587726 -7.551963 2.450000
vertex 5.753140 -7.253116 2.700000
vertex 5.825712 -7.492351 2.450000
endloop
endfacet
facet normal -0.23836 0.666173 -0.706681
outer loop
vertex 5.825712 -7.492351 2.450000
vertex 5.753140 -7.253116 2.700000
vertex 5.961038 -7.178729 2.700000
endloop
endfacet
facet normal -0.238361 0.666173 -0.706681
outer loop
vertex 5.825712 -7.492351 2.450000
vertex 5.961038 -7.178729 2.700000
vertex 6.056709 -7.409699 2.450000
endloop
endfacet
facet normal -0.302509 0.639602 -0.706681
outer loop
vertex 6.056709 -7.409699 2.450000
vertex 5.961038 -7.178729 2.700000
vertex 6.160643 -7.084323 2.700000
endloop
endfacet
facet normal -0.302509 0.639602 -0.706681
outer loop
vertex 6.056709 -7.409699 2.450000
vertex 6.160643 -7.084323 2.700000
vertex 6.278492 -7.304803 2.450000
endloop
endfacet
facet normal -0.363745 0.606871 -0.706681
outer loop
vertex 6.278492 -7.304803 2.450000
vertex 6.160643 -7.084323 2.700000
vertex 6.350033 -6.970807 2.700000
endloop
endfacet
facet normal -0.363745 0.606871 -0.706681
outer loop
vertex 6.278492 -7.304803 2.450000
vertex 6.350033 -6.970807 2.700000
vertex 6.488925 -7.178674 2.450000
endloop
endfacet
facet normal -0.421477 0.568295 -0.706681
outer loop
vertex 6.488925 -7.178674 2.450000
vertex 6.350033 -6.970807 2.700000
vertex 6.527385 -6.839273 2.700000
endloop
endfacet
facet normal -0.421477 0.568295 -0.706681
outer loop
vertex 6.488925 -7.178674 2.450000
vertex 6.527385 -6.839273 2.700000
vertex 6.685983 -7.032526 2.450000
endloop
endfacet
facet normal -0.475149 0.524248 -0.706681
outer loop
vertex 6.685983 -7.032526 2.450000
vertex 6.527385 -6.839273 2.700000
vertex 6.690990 -6.690990 2.700000
endloop
endfacet
facet normal -0.47515 0.524248 -0.70668
outer loop
vertex 6.685983 -7.032526 2.450000
vertex 6.690990 -6.690990 2.700000
vertex 6.867767 -6.867767 2.450000
endloop
endfacet
facet normal -0.524248 0.475149 -0.70668
outer loop
vertex 6.867767 -6.867767 2.450000
vertex 6.690990 -6.690990 2.700000
vertex 6.839273 -6.527385 2.700000
endloop
endfacet
facet normal -0.524247 0.47515 -0.706681
outer loop
vertex 6.867767 -6.867767 2.450000
vertex 6.839273 -6.527385 2.700000
vertex 7.032526 -6.685983 2.450000
endloop
endfacet
facet normal -0.568296 0.421477 -0.706681
outer loop
vertex 7.032526 -6.685983 2.450000
vertex 6.839273 -6.527385 2.700000
vertex 6.970807 -6.350033 2.700000
endloop
endfacet
facet normal -0.568295 0.421477 -0.706681
outer loop
vertex 7.032526 -6.685983 2.450000
vertex 6.970807 -6.350033 2.700000
vertex 7.178674 -6.488925 2.450000
endloop
endfacet
facet normal -0.60687 0.363745 -0.706681
outer loop
vertex 7.178674 -6.488925 2.450000
vertex 6.970807 -6.350033 2.700000
vertex 7.084323 -6.160643 2.700000
endloop
endfacet
facet normal -0.606871 0.363745 -0.706681
outer loop
vertex 7.178674 -6.488925 2.450000
vertex 7.084323 -6.160643 2.700000
vertex 7.304803 -6.278492 2.450000
endloop
endfacet
facet normal -0.639602 0.302509 -0.706681
outer loop
vertex 7.304803 -6.278492 2.450000
vertex 7.084323 -6.160643 2.700000
vertex 7.178729 -5.961038 2.700000
endloop
endfacet
facet normal -0.639602 0.302509 -0.706681
outer loop
vertex 7.304803 -6.278492 2.450000
vertex 7.178729 -5.961038 2.700000
vertex 7.409699 -6.056709 2.450000
endloop
endfacet
facet normal -0.666173 0.23836 -0.706681
outer loop
vertex 7.409699 -6.056709 2.450000
vertex 7.178729 -5.961038 2.700000
vertex 7.253116 -5.753140 2.700000
endloop
endfacet
facet normal -0.666173 0.23836 -0.706681
outer loop
vertex 7.409699 -6.056709 2.450000
vertex 7.253116 -5.753140 2.700000
vertex 7.492351 -5.825712 2.450000
endloop
endfacet
facet normal -0.686328 0.171917 -0.706681
outer loop
vertex 7.492351 -5.825712 2.450000
vertex 7.253116 -5.753140 2.700000
vertex 7.306767 -5.538953 2.700000
endloop
endfacet
facet normal -0.686329 0.171916 -0.706681
outer loop
vertex 7.492351 -5.825712 2.450000
vertex 7.306767 -5.538953 2.700000
vertex 7.551963 -5.587726 2.450000
endloop
endfacet
facet normal -0.699875 0.103816 -0.70668
outer loop
vertex 7.551963 -5.587726 2.450000
vertex 7.306767 -5.538953 2.700000
vertex 7.339166 -5.320539 2.700000
endloop
endfacet
facet normal -0.699875 0.103816 -0.70668
outer loop
vertex 7.551963 -5.587726 2.450000
vertex 7.339166 -5.320539 2.700000
vertex 7.587962 -5.345043 2.450000
endloop
endfacet
facet normal -0.706681 0.0347165 -0.70668
outer loop
vertex 7.587962 -5.345043 2.450000
vertex 7.339166 -5.320539 2.700000
vertex 7.350000 -5.100000 2.700000
endloop
endfacet
facet normal -0.706681 0.0347171 -0.706681
outer loop
vertex 7.587962 -5.345043 2.450000
vertex 7.350000 -5.100000 2.700000
vertex 7.600000 -5.100000 2.450000
endloop
endfacet
facet normal -0.707107 0 -0.707107
outer loop
vertex 7.600000 -5.100000 2.450000
vertex 7.350000 -5.100000 2.700000
vertex 7.350000 5.100000 2.700000
endloop
endfacet
facet normal -0.707107 0 -0.707107
outer loop
vertex 7.600000 -5.100000 2.450000
vertex 7.350000 5.100000 2.700000
vertex 7.600000 5.100000 2.450000
endloop
endfacet
facet normal 0 0 -1
outer loop
vertex -5.320539 -7.339166 2.700000
vertex -5.538953 -7.306767 2.700000
vertex -5.753140 -7.253116 2.700000
endloop
endfacet
facet normal 0 0 -1
outer loop
vertex -5.753140 -7.253116 2.700000
vertex -5.961038 -7.178729 2.700000
vertex -6.160643 -7.084323 2.700000
endloop
endfacet
facet normal 0 0 -1
outer loop
vertex -6.160643 -7.084323 2.700000
vertex -6.350033 -6.970807 2.700000
vertex -6.527385 -6.839273 2.700000
endloop
endfacet
facet normal 0 0 -1
outer loop
vertex -6.527385 -6.839273 2.700000
vertex -6.690990 -6.690990 2.700000
vertex -6.839273 -6.527385 2.700000
endloop
endfacet
facet normal 0 0 -1
outer loop
vertex -6.839273 -6.527385 2.700000
vertex -6.970807 -6.350033 2.700000
vertex -1.909188 -1.909188 2.700000
endloop
endfacet
facet normal 0 0 -1
outer loop
vertex -6.839273 -6.527385 2.700000
vertex -1.909188 -1.909188 2.700000
vertex -1.643656 -2.142054 2.700000
endloop
endfacet
facet normal 0 0 -1
outer loop
vertex -6.160643 -7.084323 2.700000
vertex -6.527385 -6.839273 2.700000
vertex -6.839273 -6.527385 2.700000
endloop
endfacet
facet normal 0 0 -1
outer loop
vertex -5.320539 -7.339166 2.700000
vertex -5.753140 -7.253116 2.700000
vertex -6.160643 -7.084323 2.700000
endloop
endfacet
facet normal 0 0 -1
outer loop
vertex 5.100000 -7.350000 2.700000
vertex -5.100000 -7.350000 2.700000
vertex -5.320539 -7.339166 2.700000
endloop
endfacet
facet normal 0 0 -1
outer loop
vertex 5.538953 -7.306767 2.700000
vertex 5.320539 -7.339166 2.700000
vertex 5.100000 -7.350000 2.700000
endloop
endfacet
facet normal 0 0 -1
outer loop
vertex 5.961038 -7.178729 2.700000
vertex 5.753140 -7.253116 2.700000
vertex 5.538953 -7.306767 2.700000
endloop
endfacet
facet normal 0 0 -1
outer loop
vertex 1.651043 -2.135576 2.700000
vertex 6.160643 -7.084323 2.700000
vertex 5.961038 -7.178729 2.700000
endloop
endfacet
facet normal 0 0 -1
outer loop
vertex 1.643656 -2.142054 2.700000
vertex 1.651043 -2.135576 2.700000
vertex 5.961038 -7.178729 2.700000
endloop
endfacet
facet normal 0 0 -1
outer loop
vertex 5.961038 -7.178729 2.700000
vertex 5.538953 -7.306767 2.700000
vertex 5.100000 -7.350000 2.700000
endloop
endfacet
facet normal 0 0 -1
outer loop
vertex 5.100000 -7.350000 2.700000
vertex -5.320539 -7.339166 2.700000
vertex -6.160643 -7.084323 2.700000
endloop
endfacet
facet normal 0 0 -1
outer loop
vertex -6.160643 -7.084323 2.700000
vertex -6.839273 -6.527385 2.700000
vertex -1.643656 -2.142054 2.700000
endloop
endfacet
facet normal 0 0 -1
outer loop
vertex -6.160643 -7.084323 2.700000
vertex -1.643656 -2.142054 2.700000
vertex -1.350000 -2.338269 2.700000
endloop
endfacet
facet normal -0 0 -1
outer loop
vertex 5.961038 -7.178729 2.700000
vertex 5.100000 -7.350000 2.700000
vertex -6.160643 -7.084323 2.700000
endloop
endfacet
facet normal 0 0 -1
outer loop
vertex 1.350000 -2.338269 2.700000
vertex 1.643656 -2.142054 2.700000
vertex 5.961038 -7.178729 2.700000
endloop
endfacet
facet normal 0 0 -1
outer loop
vertex 1.033245 -2.494475 2.700000
vertex 1.350000 -2.338269 2.700000
vertex 5.961038 -7.178729 2.700000
endloop
endfacet
facet normal 0 0 -1
outer loop
vertex 5.961038 -7.178729 2.700000
vertex -6.160643 -7.084323 2.700000
vertex -1.350000 -2.338269 2.700000
endloop
endfacet
facet normal 0 0 -1
outer loop
vertex 5.961038 -7.178729 2.700000
vertex -1.350000 -2.338269 2.700000
vertex -1.033245 -2.494475 2.700000
endloop
endfacet
facet normal 0 0 -1
outer loop
vertex 0.698811 -2.608000 2.700000
vertex 1.033245 -2.494475 2.700000
vertex 5.961038 -7.178729 2.700000
endloop
endfacet
facet normal 0 0 -1
outer loop
vertex 0.352421 -2.676901 2.700000
vertex 0.698811 -2.608000 2.700000
vertex 5.961038 -7.178729 2.700000
endloop
endfacet
facet normal 0 0 -1
outer loop
vertex 5.961038 -7.178729 2.700000
vertex -1.033245 -2.494475 2.700000
vertex -0.698811 -2.608000 2.700000
endloop
endfacet
facet normal 0 0 -1
outer loop
vertex 5.961038 -7.178729 2.700000
vertex -0.698811 -2.608000 2.700000
vertex -0.352421 -2.676901 2.700000
endloop
endfacet
facet normal 0 0 -1
outer loop
vertex -0.000000 -2.700000 2.700000
vertex 0.352421 -2.676901 2.700000
vertex 5.961038 -7.178729 2.700000
endloop
endfacet
facet normal 0 0 -1
outer loop
vertex -0.352421 -2.676901 2.700000
vertex -0.000000 -2.700000 2.700000
vertex 5.961038 -7.178729 2.700000
endloop
endfacet
facet normal 0 0 -1
outer loop
vertex -7.339166 5.320539 2.700000
vertex -7.306767 5.538953 2.700000
vertex -7.253116 5.753140 2.700000
endloop
endfacet
facet normal 0 0 -1
outer loop
vertex -7.253116 5.753140 2.700000
vertex -7.178729 5.961038 2.700000
vertex -7.084323 6.160643 2.700000
endloop
endfacet
facet normal 0 0 -1
outer loop
vertex -7.084323 6.160643 2.700000
vertex -6.970807 6.350033 2.700000
vertex -6.839273 6.527385 2.700000
endloop
endfacet
facet normal 0 0 -1
outer loop
vertex -6.839273 6.527385 2.700000
vertex -6.690990 6.690990 2.700000
vertex -6.527385 6.839273 2.700000
endloop
endfacet
facet normal 0 0 -1
outer loop
vertex -6.527385 6.839273 2.700000
vertex -6.350033 6.970807 2.700000
vertex -6.160643 7.084323 2.700000
endloop
endfacet
facet normal 0 0 -1
outer loop
vertex -6.160643 7.084323 2.700000
vertex -5.961038 7.178729 2.700000
vertex -5.753140 7.253116 2.700000
endloop
endfacet
facet normal 0 0 -1
outer loop
vertex -5.753140 7.253116 2.700000
vertex -5.538953 7.306767 2.700000
vertex -5.320539 7.339166 2.700000
endloop
endfacet
facet normal 0 0 -1
outer loop
vertex -5.320539 7.339166 2.700000
vertex -5.100000 7.350000 2.700000
vertex 5.100000 7.350000 2.700000
endloop
endfacet
facet normal 0 0 -1
outer loop
vertex 5.100000 7.350000 2.700000
vertex 5.320539 7.339166 2.700000
vertex 5.538953 7.306767 2.700000
endloop
endfacet
facet normal 0 0 -1
outer loop
vertex 5.538953 7.306767 2.700000
vertex 5.753140 7.253116 2.700000
vertex 5.961038 7.178729 2.700000
endloop
endfacet
facet normal 0 0 -1
outer loop
vertex 5.961038 7.178729 2.700000
vertex 6.160643 7.084323 2.700000
vertex 6.350033 6.970807 2.700000
endloop
endfacet
facet normal 0 0 -1
outer loop
vertex 6.350033 6.970807 2.700000
vertex 6.527385 6.839273 2.700000
vertex 6.690990 6.690990 2.700000
endloop
endfacet
facet normal 0 0 -1
outer loop
vertex 6.690990 6.690990 2.700000
vertex 6.839273 6.527385 2.700000
vertex 6.970807 6.350033 2.700000
endloop
endfacet
facet normal 0 0 -1
outer loop
vertex 6.970807 6.350033 2.700000
vertex 7.084323 6.160643 2.700000
vertex 7.178729 5.961038 2.700000
endloop
endfacet
facet normal 0 0 -1
outer loop
vertex 7.178729 5.961038 2.700000
vertex 7.253116 5.753140 2.700000
vertex 7.306767 5.538953 2.700000
endloop
endfacet
facet normal 0 0 -1
outer loop
vertex 7.306767 5.538953 2.700000
vertex 7.339166 5.320539 2.700000
vertex 7.350000 5.100000 2.700000
endloop
endfacet
facet normal 0 -0 -1
outer loop
vertex 7.350000 5.100000 2.700000
vertex 7.350000 -5.100000 2.700000
vertex 7.339166 -5.320539 2.700000
endloop
endfacet
facet normal 0 0 -1
outer loop
vertex 7.339166 -5.320539 2.700000
vertex 7.306767 -5.538953 2.700000
vertex 7.253116 -5.753140 2.700000
endloop
endfacet
facet normal 0 0 -1
outer loop
vertex 7.253116 -5.753140 2.700000
vertex 7.178729 -5.961038 2.700000
vertex 7.084323 -6.160643 2.700000
endloop
endfacet
facet normal 0 0 -1
outer loop
vertex 7.084323 -6.160643 2.700000
vertex 6.970807 -6.350033 2.700000
vertex 6.839273 -6.527385 2.700000
endloop
endfacet
facet normal 0 0 -1
outer loop
vertex 6.839273 -6.527385 2.700000
vertex 6.690990 -6.690990 2.700000
vertex 6.527385 -6.839273 2.700000
endloop
endfacet
facet normal 0 0 -1
outer loop
vertex 6.527385 -6.839273 2.700000
vertex 6.350033 -6.970807 2.700000
vertex 6.160643 -7.084323 2.700000
endloop
endfacet
facet normal 0 0 -1
outer loop
vertex 6.160643 -7.084323 2.700000
vertex 1.651043 -2.135576 2.700000
vertex 1.909188 -1.909188 2.700000
endloop
endfacet
facet normal 0 0 -1
outer loop
vertex 6.160643 -7.084323 2.700000
vertex 1.909188 -1.909188 2.700000
vertex 2.142054 -1.643656 2.700000
endloop
endfacet
facet normal 0 0 -1
outer loop
vertex 6.839273 -6.527385 2.700000
vertex 6.527385 -6.839273 2.700000
vertex 6.160643 -7.084323 2.700000
endloop
endfacet
facet normal 0 0 -1
outer loop
vertex 7.253116 -5.753140 2.700000
vertex 7.084323 -6.160643 2.700000
vertex 6.839273 -6.527385 2.700000
endloop
endfacet
facet normal 0 0 -1
outer loop
vertex 7.350000 5.100000 2.700000
vertex 7.339166 -5.320539 2.700000
vertex 7.253116 -5.753140 2.700000
endloop
endfacet
facet normal 0 0 -1
outer loop
vertex 7.178729 5.961038 2.700000
vertex 7.306767 5.538953 2.700000
vertex 7.350000 5.100000 2.700000
endloop
endfacet
facet normal 0 0 -1
outer loop
vertex 6.690990 6.690990 2.700000
vertex 6.970807 6.350033 2.700000
vertex 7.178729 5.961038 2.700000
endloop
endfacet
facet normal 0 0 -1
outer loop
vertex 5.961038 7.178729 2.700000
vertex 6.350033 6.970807 2.700000
vertex 6.690990 6.690990 2.700000
endloop
endfacet
facet normal 0 0 -1
outer loop
vertex 5.100000 7.350000 2.700000
vertex 5.538953 7.306767 2.700000
vertex 5.961038 7.178729 2.700000
endloop
endfacet
facet normal 0 0 -1
outer loop
vertex -5.753140 7.253116 2.700000
vertex -5.320539 7.339166 2.700000
vertex 5.100000 7.350000 2.700000
endloop
endfacet
facet normal 0 0 -1
outer loop
vertex -6.527385 6.839273 2.700000
vertex -6.160643 7.084323 2.700000
vertex -5.753140 7.253116 2.700000
endloop
endfacet
facet normal 0 0 -1
outer loop
vertex -7.084323 6.160643 2.700000
vertex -6.839273 6.527385 2.700000
vertex -6.527385 6.839273 2.700000
endloop
endfacet
facet normal 0 0 -1
outer loop
vertex -7.339166 5.320539 2.700000
vertex -7.253116 5.753140 2.700000
vertex -7.084323 6.160643 2.700000
endloop
endfacet
facet normal 0 0 -1
outer loop
vertex -7.350000 -5.100000 2.700000
vertex -7.350000 5.100000 2.700000
vertex -7.339166 5.320539 2.700000
endloop
endfacet
facet normal 0 0 -1
outer loop
vertex -7.306767 -5.538953 2.700000
vertex -7.339166 -5.320539 2.700000
vertex -7.350000 -5.100000 2.700000
endloop
endfacet
facet normal 0 0 -1
outer loop
vertex -7.178729 -5.961038 2.700000
vertex -7.253116 -5.753140 2.700000
vertex -7.306767 -5.538953 2.700000
endloop
endfacet
facet normal 0 0 -1
outer loop
vertex -6.970807 -6.350033 2.700000
vertex -7.084323 -6.160643 2.700000
vertex -7.178729 -5.961038 2.700000
endloop
endfacet
facet normal 0 -0 -1
outer loop
vertex -2.142054 -1.643656 2.700000
vertex -1.909188 -1.909188 2.700000
vertex -6.970807 -6.350033 2.700000
endloop
endfacet
facet normal 0 -0 -1
outer loop
vertex -2.338269 -1.350000 2.700000
vertex -2.142054 -1.643656 2.700000
vertex -6.970807 -6.350033 2.700000
endloop
endfacet
facet normal 0 0 -1
outer loop
vertex -6.970807 -6.350033 2.700000
vertex -7.178729 -5.961038 2.700000
vertex -7.306767 -5.538953 2.700000
endloop
endfacet
facet normal 0 0 -1
outer loop
vertex -7.306767 -5.538953 2.700000
vertex -7.350000 -5.100000 2.700000
vertex -7.339166 5.320539 2.700000
endloop
endfacet
facet normal 0 0 -1
outer loop
vertex -7.339166 5.320539 2.700000
vertex -7.084323 6.160643 2.700000
vertex -6.527385 6.839273 2.700000
endloop
endfacet
facet normal 0 0 -1
outer loop
vertex -6.527385 6.839273 2.700000
vertex -5.753140 7.253116 2.700000
vertex 5.100000 7.350000 2.700000
endloop
endfacet
facet normal 0 0 -1
outer loop
vertex 5.100000 7.350000 2.700000
vertex 5.961038 7.178729 2.700000
vertex 6.690990 6.690990 2.700000
endloop
endfacet
facet normal 0 0 -1
outer loop
vertex 6.690990 6.690990 2.700000
vertex 7.178729 5.961038 2.700000
vertex 7.350000 5.100000 2.700000
endloop
endfacet
facet normal 0 0 -1
outer loop
vertex 7.350000 5.100000 2.700000
vertex 7.253116 -5.753140 2.700000
vertex 6.839273 -6.527385 2.700000
endloop
endfacet
facet normal -0 0 -1
outer loop
vertex 6.839273 -6.527385 2.700000
vertex 6.160643 -7.084323 2.700000
vertex 2.142054 -1.643656 2.700000
endloop
endfacet
facet normal 0 0 -1
outer loop
vertex 6.839273 -6.527385 2.700000
vertex 2.142054 -1.643656 2.700000
vertex 2.338269 -1.350000 2.700000
endloop
endfacet
facet normal 0 0 -1
outer loop
vertex 6.690990 6.690990 2.700000
vertex 7.350000 5.100000 2.700000
vertex 6.839273 -6.527385 2.700000
endloop
endfacet
facet normal 0 0 -1
outer loop
vertex -6.527385 6.839273 2.700000
vertex 5.100000 7.350000 2.700000
vertex 6.690990 6.690990 2.700000
endloop
endfacet
facet normal 0 0 -1
outer loop
vertex -7.306767 -5.538953 2.700000
vertex -7.339166 5.320539 2.700000
vertex -6.527385 6.839273 2.700000
endloop
endfacet
facet normal 0 0 -1
outer loop
vertex -2.338269 -1.350000 2.700000
vertex -6.970807 -6.350033 2.700000
vertex -7.306767 -5.538953 2.700000
endloop
endfacet
facet normal 0 -0 -1
outer loop
vertex -2.494475 -1.033245 2.700000
vertex -2.338269 -1.350000 2.700000
vertex -7.306767 -5.538953 2.700000
endloop
endfacet
facet normal 0 -0 -1
outer loop
vertex 6.690990 6.690990 2.700000
vertex 6.839273 -6.527385 2.700000
vertex 2.338269 -1.350000 2.700000
endloop
endfacet
facet normal 0 0 -1
outer loop
vertex 6.690990 6.690990 2.700000
vertex 2.338269 -1.350000 2.700000
vertex 2.494475 -1.033245 2.700000
endloop
endfacet
facet normal -0 0 -1
outer loop
vertex -2.494475 -1.033245 2.700000
vertex -7.306767 -5.538953 2.700000
vertex -6.527385 6.839273 2.700000
endloop
endfacet
facet normal -0 -0 -1
outer loop
vertex -2.608000 -0.698811 2.700000
vertex -2.494475 -1.033245 2.700000
vertex -6.527385 6.839273 2.700000
endloop
endfacet
facet normal 0 0 -1
outer loop
vertex 6.690990 6.690990 2.700000
vertex 2.494475 -1.033245 2.700000
vertex 2.608000 -0.698811 2.700000
endloop
endfacet
facet normal 0 0 -1
outer loop
vertex 6.690990 6.690990 2.700000
vertex 2.608000 -0.698811 2.700000
vertex 2.676901 -0.352421 2.700000
endloop
endfacet
facet normal -0 -0 -1
outer loop
vertex -2.676901 -0.352421 2.700000
vertex -2.608000 -0.698811 2.700000
vertex -6.527385 6.839273 2.700000
endloop
endfacet
facet normal -0 -0 -1
outer loop
vertex -2.700000 0.000000 2.700000
vertex -2.676901 -0.352421 2.700000
vertex -6.527385 6.839273 2.700000
endloop
endfacet
facet normal 0 0 -1
outer loop
vertex 6.690990 6.690990 2.700000
vertex 2.676901 -0.352421 2.700000
vertex 2.700000 0.000000 2.700000
endloop
endfacet
facet normal 0 0 -1
outer loop
vertex 6.690990 6.690990 2.700000
vertex 2.700000 0.000000 2.700000
vertex 2.676901 0.352421 2.700000
endloop
endfacet
facet normal -0 0 -1
outer loop
vertex -2.676901 0.352421 2.700000
vertex -2.700000 0.000000 2.700000
vertex -6.527385 6.839273 2.700000
endloop
endfacet
facet normal -0 0 -1
outer loop
vertex -2.608000 0.698811 2.700000
vertex -2.676901 0.352421 2.700000
vertex -6.527385 6.839273 2.700000
endloop
endfacet
facet normal 0 0 -1
outer loop
vertex 6.690990 6.690990 2.700000
vertex 2.676901 0.352421 2.700000
vertex 2.608000 0.698811 2.700000
endloop
endfacet
facet normal 0 0 -1
outer loop
vertex 6.690990 6.690990 2.700000
vertex 2.608000 0.698811 2.700000
vertex 2.494475 1.033245 2.700000
endloop
endfacet
facet normal -0 0 -1
outer loop
vertex -2.494475 1.033245 2.700000
vertex -2.608000 0.698811 2.700000
vertex -6.527385 6.839273 2.700000
endloop
endfacet
facet normal -0 0 -1
outer loop
vertex -2.338269 1.350000 2.700000
vertex -2.494475 1.033245 2.700000
vertex -6.527385 6.839273 2.700000
endloop
endfacet
facet normal 0 0 -1
outer loop
vertex 6.690990 6.690990 2.700000
vertex 2.494475 1.033245 2.700000
vertex 2.338269 1.350000 2.700000
endloop
endfacet
facet normal 0 0 -1
outer loop
vertex 6.690990 6.690990 2.700000
vertex 2.338269 1.350000 2.700000
vertex 2.142054 1.643656 2.700000
endloop
endfacet
facet normal -0 0 -1
outer loop
vertex -2.142054 1.643656 2.700000
vertex -2.338269 1.350000 2.700000
vertex -6.527385 6.839273 2.700000
endloop
endfacet
facet normal -0 0 -1
outer loop
vertex -1.909188 1.909188 2.700000
vertex -2.142054 1.643656 2.700000
vertex -6.527385 6.839273 2.700000
endloop
endfacet
facet normal 0 0 -1
outer loop
vertex 6.690990 6.690990 2.700000
vertex 2.142054 1.643656 2.700000
vertex 1.909188 1.909188 2.700000
endloop
endfacet
facet normal 0 0 -1
outer loop
vertex 6.690990 6.690990 2.700000
vertex 1.909188 1.909188 2.700000
vertex 1.643656 2.142054 2.700000
endloop
endfacet
facet normal -0 0 -1
outer loop
vertex -1.643656 2.142054 2.700000
vertex -1.909188 1.909188 2.700000
vertex -6.527385 6.839273 2.700000
endloop
endfacet
facet normal -0 0 -1
outer loop
vertex -1.350000 2.338269 2.700000
vertex -1.643656 2.142054 2.700000
vertex -6.527385 6.839273 2.700000
endloop
endfacet
facet normal 0 0 -1
outer loop
vertex 6.690990 6.690990 2.700000
vertex 1.643656 2.142054 2.700000
vertex 1.350000 2.338269 2.700000
endloop
endfacet
facet normal 0 0 -1
outer loop
vertex 6.690990 6.690990 2.700000
vertex 1.350000 2.338269 2.700000
vertex 1.033245 2.494475 2.700000
endloop
endfacet
facet normal 0 0 -1
outer loop
vertex -1.350000 2.338269 2.700000
vertex -6.527385 6.839273 2.700000
vertex 6.690990 6.690990 2.700000
endloop
endfacet
facet normal -0 0 -1
outer loop
vertex -1.033245 2.494475 2.700000
vertex -1.350000 2.338269 2.700000
vertex 6.690990 6.690990 2.700000
endloop
endfacet
facet normal 0 0 -1
outer loop
vertex 6.690990 6.690990 2.700000
vertex 1.033245 2.494475 2.700000
vertex 0.698811 2.608000 2.700000
endloop
endfacet
facet normal 0 0 -1
outer loop
vertex 6.690990 6.690990 2.700000
vertex 0.698811 2.608000 2.700000
vertex 0.352421 2.676901 2.700000
endloop
endfacet
facet normal -0 0 -1
outer loop
vertex -0.698811 2.608000 2.700000
vertex -1.033245 2.494475 2.700000
vertex 6.690990 6.690990 2.700000
endloop
endfacet
facet normal -0 0 -1
outer loop
vertex -0.352421 2.676901 2.700000
vertex -0.698811 2.608000 2.700000
vertex 6.690990 6.690990 2.700000
endloop
endfacet
facet normal 0 0 -1
outer loop
vertex 6.690990 6.690990 2.700000
vertex 0.352421 2.676901 2.700000
vertex 0.000000 2.700000 2.700000
endloop
endfacet
facet normal 0 0 -1
outer loop
vertex 6.690990 6.690990 2.700000
vertex 0.000000 2.700000 2.700000
vertex -0.352421 2.676901 2.700000
endloop
endfacet
facet normal 0.997859 0.0654033 0
outer loop
vertex 2.700000 0.000000 2.700000
vertex 2.700000 0.000000 0.250000
vertex 2.676901 0.352421 0.250000
endloop
endfacet
facet normal 0.997859 0.0654033 0
outer loop
vertex 2.700000 0.000000 2.700000
vertex 2.676901 0.352421 0.250000
vertex 2.676901 0.352421 2.700000
endloop
endfacet
facet normal 0.980785 0.19509 0
outer loop
vertex 2.676901 0.352421 2.700000
vertex 2.676901 0.352421 0.250000
vertex 2.608000 0.698811 0.250000
endloop
endfacet
facet normal 0.980785 0.19509 0
outer loop
vertex 2.676901 0.352421 2.700000
vertex 2.608000 0.698811 0.250000
vertex 2.608000 0.698811 2.700000
endloop
endfacet
facet normal 0.94693 0.32144 0
outer loop
vertex 2.608000 0.698811 2.700000
vertex 2.608000 0.698811 0.250000
vertex 2.494475 1.033245 0.250000
endloop
endfacet
facet normal 0.94693 0.32144 0
outer loop
vertex 2.608000 0.698811 2.700000
vertex 2.494475 1.033245 0.250000
vertex 2.494475 1.033245 2.700000
endloop
endfacet
facet normal 0.896873 0.442289 0
outer loop
vertex 2.494475 1.033245 2.700000
vertex 2.494475 1.033245 0.250000
vertex 2.338269 1.350000 0.250000
endloop
endfacet
facet normal 0.896873 0.442289 0
outer loop
vertex 2.494475 1.033245 2.700000
vertex 2.338269 1.350000 0.250000
vertex 2.338269 1.350000 2.700000
endloop
endfacet
facet normal 0.83147 0.55557 0
outer loop
vertex 2.338269 1.350000 2.700000
vertex 2.338269 1.350000 0.250000
vertex 2.142054 1.643656 0.250000
endloop
endfacet
facet normal 0.83147 0.55557 0
outer loop
vertex 2.338269 1.350000 2.700000
vertex 2.142054 1.643656 0.250000
vertex 2.142054 1.643656 2.700000
endloop
endfacet
facet normal 0.75184 0.659346 0
outer loop
vertex 2.142054 1.643656 2.700000
vertex 2.142054 1.643656 0.250000
vertex 1.909188 1.909188 0.250000
endloop
endfacet
facet normal 0.75184 0.659346 0
outer loop
vertex 2.142054 1.643656 2.700000
vertex 1.909188 1.909188 0.250000
vertex 1.909188 1.909188 2.700000
endloop
endfacet
facet normal 0.659346 0.75184 0
outer loop
vertex 1.909188 1.909188 0.250000
vertex 1.643656 2.142054 0.250000
vertex 1.643656 2.142054 2.700000
endloop
endfacet
facet normal 0.659346 0.75184 -0
outer loop
vertex 1.909188 1.909188 0.250000
vertex 1.643656 2.142054 2.700000
vertex 1.909188 1.909188 2.700000
endloop
endfacet
facet normal 0.55557 0.83147 0
outer loop
vertex 1.643656 2.142054 0.250000
vertex 1.350000 2.338269 0.250000
vertex 1.350000 2.338269 2.700000
endloop
endfacet
facet normal 0.55557 0.83147 -0
outer loop
vertex 1.643656 2.142054 0.250000
vertex 1.350000 2.338269 2.700000
vertex 1.643656 2.142054 2.700000
endloop
endfacet
facet normal 0.442289 0.896873 0
outer loop
vertex 1.350000 2.338269 0.250000
vertex 1.033245 2.494475 0.250000
vertex 1.033245 2.494475 2.700000
endloop
endfacet
facet normal 0.442289 0.896873 -0
outer loop
vertex 1.350000 2.338269 0.250000
vertex 1.033245 2.494475 2.700000
vertex 1.350000 2.338269 2.700000
endloop
endfacet
facet normal 0.32144 0.94693 0
outer loop
vertex 1.033245 2.494475 0.250000
vertex 0.698811 2.608000 0.250000
vertex 0.698811 2.608000 2.700000
endloop
endfacet
facet normal 0.32144 0.94693 -0
outer loop
vertex 1.033245 2.494475 0.250000
vertex 0.698811 2.608000 2.700000
vertex 1.033245 2.494475 2.700000
endloop
endfacet
facet normal 0.19509 0.980785 0
outer loop
vertex 0.698811 2.608000 0.250000
vertex 0.352421 2.676901 0.250000
vertex 0.352421 2.676901 2.700000
endloop
endfacet
facet normal 0.19509 0.980785 -0
outer loop
vertex 0.698811 2.608000 0.250000
vertex 0.352421 2.676901 2.700000
vertex 0.698811 2.608000 2.700000
endloop
endfacet
facet normal 0.0654033 0.997859 0
outer loop
vertex 0.352421 2.676901 0.250000
vertex 0.000000 2.700000 0.250000
vertex 0.000000 2.700000 2.700000
endloop
endfacet
facet normal 0.0654033 0.997859 -0
outer loop
vertex 0.352421 2.676901 0.250000
vertex 0.000000 2.700000 2.700000
vertex 0.352421 2.676901 2.700000
endloop
endfacet
facet normal -0.0654033 0.997859 0
outer loop
vertex 0.000000 2.700000 0.250000
vertex -0.352421 2.676901 0.250000
vertex -0.352421 2.676901 2.700000
endloop
endfacet
facet normal -0.0654033 0.997859 0
outer loop
vertex 0.000000 2.700000 0.250000
vertex -0.352421 2.676901 2.700000
vertex 0.000000 2.700000 2.700000
endloop
endfacet
facet normal -0.19509 0.980785 0
outer loop
vertex -0.352421 2.676901 0.250000
vertex -0.698811 2.608000 0.250000
vertex -0.698811 2.608000 2.700000
endloop
endfacet
facet normal -0.19509 0.980785 0
outer loop
vertex -0.352421 2.676901 0.250000
vertex -0.698811 2.608000 2.700000
vertex -0.352421 2.676901 2.700000
endloop
endfacet
facet normal -0.32144 0.94693 0
outer loop
vertex -0.698811 2.608000 0.250000
vertex -1.033245 2.494475 0.250000
vertex -1.033245 2.494475 2.700000
endloop
endfacet
facet normal -0.32144 0.94693 0
outer loop
vertex -0.698811 2.608000 0.250000
vertex -1.033245 2.494475 2.700000
vertex -0.698811 2.608000 2.700000
endloop
endfacet
facet normal -0.442289 0.896873 0
outer loop
vertex -1.033245 2.494475 0.250000
vertex -1.350000 2.338269 0.250000
vertex -1.350000 2.338269 2.700000
endloop
endfacet
facet normal -0.442289 0.896873 0
outer loop
vertex -1.033245 2.494475 0.250000
vertex -1.350000 2.338269 2.700000
vertex -1.033245 2.494475 2.700000
endloop
endfacet
facet normal -0.55557 0.83147 0
outer loop
vertex -1.350000 2.338269 0.250000
vertex -1.643656 2.142054 0.250000
vertex -1.643656 2.142054 2.700000
endloop
endfacet
facet normal -0.55557 0.83147 0
outer loop
vertex -1.350000 2.338269 0.250000
vertex -1.643656 2.142054 2.700000
vertex -1.350000 2.338269 2.700000
endloop
endfacet
facet normal -0.659346 0.75184 0
outer loop
vertex -1.643656 2.142054 0.250000
vertex -1.909188 1.909188 0.250000
vertex -1.909188 1.909188 2.700000
endloop
endfacet
facet normal -0.659346 0.75184 0
outer loop
vertex -1.643656 2.142054 0.250000
vertex -1.909188 1.909188 2.700000
vertex -1.643656 2.142054 2.700000
endloop
endfacet
facet normal -0.75184 0.659346 0
outer loop
vertex -1.909188 1.909188 0.250000
vertex -2.142054 1.643656 0.250000
vertex -2.142054 1.643656 2.700000
endloop
endfacet
facet normal -0.75184 0.659346 0
outer loop
vertex -1.909188 1.909188 0.250000
vertex -2.142054 1.643656 2.700000
vertex -1.909188 1.909188 2.700000
endloop
endfacet
facet normal -0.83147 0.55557 0
outer loop
vertex -2.142054 1.643656 0.250000
vertex -2.338269 1.350000 0.250000
vertex -2.338269 1.350000 2.700000
endloop
endfacet
facet normal -0.83147 0.55557 0
outer loop
vertex -2.142054 1.643656 0.250000
vertex -2.338269 1.350000 2.700000
vertex -2.142054 1.643656 2.700000
endloop
endfacet
facet normal -0.896873 0.442289 0
outer loop
vertex -2.338269 1.350000 0.250000
vertex -2.494475 1.033245 0.250000
vertex -2.494475 1.033245 2.700000
endloop
endfacet
facet normal -0.896873 0.442289 0
outer loop
vertex -2.338269 1.350000 0.250000
vertex -2.494475 1.033245 2.700000
vertex -2.338269 1.350000 2.700000
endloop
endfacet
facet normal -0.94693 0.32144 0
outer loop
vertex -2.494475 1.033245 0.250000
vertex -2.608000 0.698811 0.250000
vertex -2.608000 0.698811 2.700000
endloop
endfacet
facet normal -0.94693 0.32144 0
outer loop
vertex -2.494475 1.033245 0.250000
vertex -2.608000 0.698811 2.700000
vertex -2.494475 1.033245 2.700000
endloop
endfacet
facet normal -0.980785 0.19509 0
outer loop
vertex -2.608000 0.698811 0.250000
vertex -2.676901 0.352421 0.250000
vertex -2.676901 0.352421 2.700000
endloop
endfacet
facet normal -0.980785 0.19509 0
outer loop
vertex -2.608000 0.698811 0.250000
vertex -2.676901 0.352421 2.700000
vertex -2.608000 0.698811 2.700000
endloop
endfacet
facet normal -0.997859 0.0654033 0
outer loop
vertex -2.676901 0.352421 0.250000
vertex -2.700000 0.000000 0.250000
vertex -2.700000 0.000000 2.700000
endloop
endfacet
facet normal -0.997859 0.0654033 0
outer loop
vertex -2.676901 0.352421 0.250000
vertex -2.700000 0.000000 2.700000
vertex -2.676901 0.352421 2.700000
endloop
endfacet
facet normal -0.997859 -0.0654033 0
outer loop
vertex -2.700000 0.000000 0.250000
vertex -2.676901 -0.352421 0.250000
vertex -2.676901 -0.352421 2.700000
endloop
endfacet
facet normal -0.997859 -0.0654033 0
outer loop
vertex -2.700000 0.000000 0.250000
vertex -2.676901 -0.352421 2.700000
vertex -2.700000 0.000000 2.700000
endloop
endfacet
facet normal -0.980785 -0.19509 0
outer loop
vertex -2.676901 -0.352421 0.250000
vertex -2.608000 -0.698811 0.250000
vertex -2.608000 -0.698811 2.700000
endloop
endfacet
facet normal -0.980785 -0.19509 0
outer loop
vertex -2.676901 -0.352421 0.250000
vertex -2.608000 -0.698811 2.700000
vertex -2.676901 -0.352421 2.700000
endloop
endfacet
facet normal -0.94693 -0.32144 0
outer loop
vertex -2.608000 -0.698811 0.250000
vertex -2.494475 -1.033245 0.250000
vertex -2.494475 -1.033245 2.700000
endloop
endfacet
facet normal -0.94693 -0.32144 0
outer loop
vertex -2.608000 -0.698811 0.250000
vertex -2.494475 -1.033245 2.700000
vertex -2.608000 -0.698811 2.700000
endloop
endfacet
facet normal -0.896873 -0.442289 0
outer loop
vertex -2.494475 -1.033245 0.250000
vertex -2.338269 -1.350000 0.250000
vertex -2.338269 -1.350000 2.700000
endloop
endfacet
facet normal -0.896873 -0.442289 0
outer loop
vertex -2.494475 -1.033245 0.250000
vertex -2.338269 -1.350000 2.700000
vertex -2.494475 -1.033245 2.700000
endloop
endfacet
facet normal -0.83147 -0.55557 0
outer loop
vertex -2.338269 -1.350000 0.250000
vertex -2.142054 -1.643656 0.250000
vertex -2.142054 -1.643656 2.700000
endloop
endfacet
facet normal -0.83147 -0.55557 0
outer loop
vertex -2.338269 -1.350000 0.250000
vertex -2.142054 -1.643656 2.700000
vertex -2.338269 -1.350000 2.700000
endloop
endfacet
facet normal -0.75184 -0.659346 0
outer loop
vertex -2.142054 -1.643656 0.250000
vertex -1.909188 -1.909188 0.250000
vertex -1.909188 -1.909188 2.700000
endloop
endfacet
facet normal -0.75184 -0.659346 0
outer loop
vertex -2.142054 -1.643656 0.250000
vertex -1.909188 -1.909188 2.700000
vertex -2.142054 -1.643656 2.700000
endloop
endfacet
facet normal -0.659346 -0.75184 -0
outer loop
vertex -1.909188 -1.909188 2.700000
vertex -1.909188 -1.909188 0.250000
vertex -1.643656 -2.142054 0.250000
endloop
endfacet
facet normal -0.659346 -0.75184 0
outer loop
vertex -1.909188 -1.909188 2.700000
vertex -1.643656 -2.142054 0.250000
vertex -1.643656 -2.142054 2.700000
endloop
endfacet
facet normal -0.55557 -0.83147 -0
outer loop
vertex -1.643656 -2.142054 2.700000
vertex -1.643656 -2.142054 0.250000
vertex -1.350000 -2.338269 0.250000
endloop
endfacet
facet normal -0.55557 -0.83147 0
outer loop
vertex -1.643656 -2.142054 2.700000
vertex -1.350000 -2.338269 0.250000
vertex -1.350000 -2.338269 2.700000
endloop
endfacet
facet normal -0.442289 -0.896873 -0
outer loop
vertex -1.350000 -2.338269 2.700000
vertex -1.350000 -2.338269 0.250000
vertex -1.033245 -2.494475 0.250000
endloop
endfacet
facet normal -0.442289 -0.896873 0
outer loop
vertex -1.350000 -2.338269 2.700000
vertex -1.033245 -2.494475 0.250000
vertex -1.033245 -2.494475 2.700000
endloop
endfacet
facet normal -0.32144 -0.94693 -0
outer loop
vertex -1.033245 -2.494475 2.700000
vertex -1.033245 -2.494475 0.250000
vertex -0.698811 -2.608000 0.250000
endloop
endfacet
facet normal -0.32144 -0.94693 0
outer loop
vertex -1.033245 -2.494475 2.700000
vertex -0.698811 -2.608000 0.250000
vertex -0.698811 -2.608000 2.700000
endloop
endfacet
facet normal -0.19509 -0.980785 -0
outer loop
vertex -0.698811 -2.608000 2.700000
vertex -0.698811 -2.608000 0.250000
vertex -0.352421 -2.676901 0.250000
endloop
endfacet
facet normal -0.19509 -0.980785 0
outer loop
vertex -0.698811 -2.608000 2.700000
vertex -0.352421 -2.676901 0.250000
vertex -0.352421 -2.676901 2.700000
endloop
endfacet
facet normal -0.0654033 -0.997859 -0
outer loop
vertex -0.352421 -2.676901 2.700000
vertex -0.352421 -2.676901 0.250000
vertex -0.000000 -2.700000 0.250000
endloop
endfacet
facet normal -0.0654033 -0.997859 0
outer loop
vertex -0.352421 -2.676901 2.700000
vertex -0.000000 -2.700000 0.250000
vertex -0.000000 -2.700000 2.700000
endloop
endfacet
facet normal 0.0654033 -0.997859 0
outer loop
vertex -0.000000 -2.700000 2.700000
vertex -0.000000 -2.700000 0.250000
vertex 0.352421 -2.676901 0.250000
endloop
endfacet
facet normal 0.0654033 -0.997859 0
outer loop
vertex -0.000000 -2.700000 2.700000
vertex 0.352421 -2.676901 0.250000
vertex 0.352421 -2.676901 2.700000
endloop
endfacet
facet normal 0.19509 -0.980785 0
outer loop
vertex 0.352421 -2.676901 2.700000
vertex 0.352421 -2.676901 0.250000
vertex 0.698811 -2.608000 0.250000
endloop
endfacet
facet normal 0.19509 -0.980785 0
outer loop
vertex 0.352421 -2.676901 2.700000
vertex 0.698811 -2.608000 0.250000
vertex 0.698811 -2.608000 2.700000
endloop
endfacet
facet normal 0.32144 -0.94693 0
outer loop
vertex 0.698811 -2.608000 2.700000
vertex 0.698811 -2.608000 0.250000
vertex 1.033245 -2.494475 0.250000
endloop
endfacet
facet normal 0.32144 -0.94693 0
outer loop
vertex 0.698811 -2.608000 2.700000
vertex 1.033245 -2.494475 0.250000
vertex 1.033245 -2.494475 2.700000
endloop
endfacet
facet normal 0.442289 -0.896873 0
outer loop
vertex 1.033245 -2.494475 2.700000
vertex 1.033245 -2.494475 0.250000
vertex 1.350000 -2.338269 0.250000
endloop
endfacet
facet normal 0.442289 -0.896873 0
outer loop
vertex 1.033245 -2.494475 2.700000
vertex 1.350000 -2.338269 0.250000
vertex 1.350000 -2.338269 2.700000
endloop
endfacet
facet normal 0.55557 -0.83147 0
outer loop
vertex 1.350000 -2.338269 2.700000
vertex 1.350000 -2.338269 0.250000
vertex 1.643656 -2.142054 0.250000
endloop
endfacet
facet normal 0.55557 -0.83147 0
outer loop
vertex 1.350000 -2.338269 2.700000
vertex 1.643656 -2.142054 0.250000
vertex 1.643656 -2.142054 2.700000
endloop
endfacet
facet normal 0.65935 -0.751836 0
outer loop
vertex 1.651043 -2.135576 2.700000
vertex 1.643656 -2.142054 2.700000
vertex 1.643656 -2.142054 0.250000
endloop
endfacet
facet normal 0.659346 -0.75184 0
outer loop
vertex 1.643656 -2.142054 0.250000
vertex 1.909188 -1.909188 0.250000
vertex 1.909188 -1.909188 2.700000
endloop
endfacet
facet normal 0.659346 -0.75184 2.28344e-08
outer loop
vertex 1.651043 -2.135576 2.700000
vertex 1.643656 -2.142054 0.250000
vertex 1.909188 -1.909188 2.700000
endloop
endfacet
facet normal 0.75184 -0.659346 0
outer loop
vertex 1.909188 -1.909188 2.700000
vertex 1.909188 -1.909188 0.250000
vertex 2.142054 -1.643656 0.250000
endloop
endfacet
facet normal 0.75184 -0.659346 0
outer loop
vertex 1.909188 -1.909188 2.700000
vertex 2.142054 -1.643656 0.250000
vertex 2.142054 -1.643656 2.700000
endloop
endfacet
facet normal 0.83147 -0.55557 0
outer loop
vertex 2.142054 -1.643656 2.700000
vertex 2.142054 -1.643656 0.250000
vertex 2.338269 -1.350000 0.250000
endloop
endfacet
facet normal 0.83147 -0.55557 0
outer loop
vertex 2.142054 -1.643656 2.700000
vertex 2.338269 -1.350000 0.250000
vertex 2.338269 -1.350000 2.700000
endloop
endfacet
facet normal 0.896873 -0.442289 0
outer loop
vertex 2.338269 -1.350000 2.700000
vertex 2.338269 -1.350000 0.250000
vertex 2.494475 -1.033245 0.250000
endloop
endfacet
facet normal 0.896873 -0.442289 0
outer loop
vertex 2.338269 -1.350000 2.700000
vertex 2.494475 -1.033245 0.250000
vertex 2.494475 -1.033245 2.700000
endloop
endfacet
facet normal 0.94693 -0.32144 0
outer loop
vertex 2.494475 -1.033245 2.700000
vertex 2.494475 -1.033245 0.250000
vertex 2.608000 -0.698811 0.250000
endloop
endfacet
facet normal 0.94693 -0.32144 0
outer loop
vertex 2.494475 -1.033245 2.700000
vertex 2.608000 -0.698811 0.250000
vertex 2.608000 -0.698811 2.700000
endloop
endfacet
facet normal 0.980785 -0.19509 0
outer loop
vertex 2.608000 -0.698811 2.700000
vertex 2.608000 -0.698811 0.250000
vertex 2.676901 -0.352421 0.250000
endloop
endfacet
facet normal 0.980785 -0.19509 0
outer loop
vertex 2.608000 -0.698811 2.700000
vertex 2.676901 -0.352421 0.250000
vertex 2.676901 -0.352421 2.700000
endloop
endfacet
facet normal 0.997859 -0.0654033 0
outer loop
vertex 2.676901 -0.352421 2.700000
vertex 2.676901 -0.352421 0.250000
vertex 2.700000 0.000000 0.250000
endloop
endfacet
facet normal 0.997859 -0.0654033 0
outer loop
vertex 2.676901 -0.352421 2.700000
vertex 2.700000 0.000000 0.250000
vertex 2.700000 0.000000 2.700000
endloop
endfacet
facet normal 0 0 -1
outer loop
vertex 2.142054 -1.643656 0.250000
vertex 1.909188 -1.909188 0.250000
vertex 1.643656 -2.142054 0.250000
endloop
endfacet
facet normal 0 0 -1
outer loop
vertex 1.643656 -2.142054 0.250000
vertex 1.350000 -2.338269 0.250000
vertex 1.033245 -2.494475 0.250000
endloop
endfacet
facet normal 0 0 -1
outer loop
vertex 1.033245 -2.494475 0.250000
vertex 0.698811 -2.608000 0.250000
vertex 0.352421 -2.676901 0.250000
endloop
endfacet
facet normal -0 0 -1
outer loop
vertex 0.352421 -2.676901 0.250000
vertex -0.000000 -2.700000 0.250000
vertex -0.352421 -2.676901 0.250000
endloop
endfacet
facet normal 0 0 -1
outer loop
vertex -0.352421 -2.676901 0.250000
vertex -0.698811 -2.608000 0.250000
vertex -1.033245 -2.494475 0.250000
endloop
endfacet
facet normal 0 0 -1
outer loop
vertex -1.033245 -2.494475 0.250000
vertex -1.350000 -2.338269 0.250000
vertex -1.643656 -2.142054 0.250000
endloop
endfacet
facet normal 0 0 -1
outer loop
vertex -1.643656 -2.142054 0.250000
vertex -1.909188 -1.909188 0.250000
vertex -2.142054 -1.643656 0.250000
endloop
endfacet
facet normal 0 0 -1
outer loop
vertex -2.142054 -1.643656 0.250000
vertex -2.338269 -1.350000 0.250000
vertex -2.494475 -1.033245 0.250000
endloop
endfacet
facet normal 0 0 -1
outer loop
vertex -2.494475 -1.033245 0.250000
vertex -2.608000 -0.698811 0.250000
vertex -2.676901 -0.352421 0.250000
endloop
endfacet
facet normal 0 0 -1
outer loop
vertex -2.676901 -0.352421 0.250000
vertex -2.700000 0.000000 0.250000
vertex -2.676901 0.352421 0.250000
endloop
endfacet
facet normal 0 0 -1
outer loop
vertex -2.676901 0.352421 0.250000
vertex -2.608000 0.698811 0.250000
vertex -2.494475 1.033245 0.250000
endloop
endfacet
facet normal 0 0 -1
outer loop
vertex -2.494475 1.033245 0.250000
vertex -2.075000 0.625000 0.250000
vertex -2.075000 -0.625000 0.250000
endloop
endfacet
facet normal 0 0 -1
outer loop
vertex -2.075000 -0.625000 0.250000
vertex -0.625000 -0.625000 0.250000
vertex -0.625000 -2.075000 0.250000
endloop
endfacet
facet normal 0 0 -1
outer loop
vertex 0.625000 -2.075000 0.250000
vertex 0.625000 -0.625000 0.250000
vertex 2.075000 -0.625000 0.250000
endloop
endfacet
facet normal 0 0 -1
outer loop
vertex 0.625000 -2.075000 0.250000
vertex 2.075000 -0.625000 0.250000
vertex 2.494475 -1.033245 0.250000
endloop
endfacet
facet normal 0 0 -1
outer loop
vertex 2.494475 -1.033245 0.250000
vertex 2.338269 -1.350000 0.250000
vertex 2.142054 -1.643656 0.250000
endloop
endfacet
facet normal 0 0 -1
outer loop
vertex 2.142054 -1.643656 0.250000
vertex 1.643656 -2.142054 0.250000
vertex 1.033245 -2.494475 0.250000
endloop
endfacet
facet normal 0 0 -1
outer loop
vertex 1.033245 -2.494475 0.250000
vertex 0.352421 -2.676901 0.250000
vertex -0.352421 -2.676901 0.250000
endloop
endfacet
facet normal 0 0 -1
outer loop
vertex -0.352421 -2.676901 0.250000
vertex -1.033245 -2.494475 0.250000
vertex -1.643656 -2.142054 0.250000
endloop
endfacet
facet normal 0 0 -1
outer loop
vertex -1.643656 -2.142054 0.250000
vertex -2.142054 -1.643656 0.250000
vertex -2.494475 -1.033245 0.250000
endloop
endfacet
facet normal 0 0 -1
outer loop
vertex -2.494475 -1.033245 0.250000
vertex -2.676901 -0.352421 0.250000
vertex -2.676901 0.352421 0.250000
endloop
endfacet
facet normal 0 0 -1
outer loop
vertex -2.676901 0.352421 0.250000
vertex -2.494475 1.033245 0.250000
vertex -2.075000 -0.625000 0.250000
endloop
endfacet
facet normal 0 0 -1
outer loop
vertex -2.494475 -1.033245 0.250000
vertex -2.676901 0.352421 0.250000
vertex -2.075000 -0.625000 0.250000
endloop
endfacet
facet normal 0 0 -1
outer loop
vertex -0.352421 -2.676901 0.250000
vertex -1.643656 -2.142054 0.250000
vertex -2.494475 -1.033245 0.250000
endloop
endfacet
facet normal 0 0 -1
outer loop
vertex 2.142054 -1.643656 0.250000
vertex 1.033245 -2.494475 0.250000
vertex -0.352421 -2.676901 0.250000
endloop
endfacet
facet normal 0 0 -1
outer loop
vertex 0.625000 -2.075000 0.250000
vertex 2.494475 -1.033245 0.250000
vertex 2.142054 -1.643656 0.250000
endloop
endfacet
facet normal 0 0 -1
outer loop
vertex -2.494475 -1.033245 0.250000
vertex -2.075000 -0.625000 0.250000
vertex -0.625000 -2.075000 0.250000
endloop
endfacet
facet normal 0 -0 -1
outer loop
vertex 0.625000 -2.075000 0.250000
vertex 2.142054 -1.643656 0.250000
vertex -0.352421 -2.676901 0.250000
endloop
endfacet
facet normal 0 0 -1
outer loop
vertex -0.352421 -2.676901 0.250000
vertex -2.494475 -1.033245 0.250000
vertex -0.625000 -2.075000 0.250000
endloop
endfacet
facet normal 0 0 -1
outer loop
vertex -0.352421 -2.676901 0.250000
vertex -0.625000 -2.075000 0.250000
vertex 0.625000 -2.075000 0.250000
endloop
endfacet
facet normal 0 0 -1
outer loop
vertex -2.494475 1.033245 0.250000
vertex -2.338269 1.350000 0.250000
vertex -2.142054 1.643656 0.250000
endloop
endfacet
facet normal 0 0 -1
outer loop
vertex -2.142054 1.643656 0.250000
vertex -1.909188 1.909188 0.250000
vertex -1.643656 2.142054 0.250000
endloop
endfacet
facet normal 0 0 -1
outer loop
vertex -1.643656 2.142054 0.250000
vertex -1.350000 2.338269 0.250000
vertex -1.033245 2.494475 0.250000
endloop
endfacet
facet normal 0 0 -1
outer loop
vertex -1.033245 2.494475 0.250000
vertex -0.698811 2.608000 0.250000
vertex -0.352421 2.676901 0.250000
endloop
endfacet
facet normal 0 0 -1
outer loop
vertex -0.352421 2.676901 0.250000
vertex 0.000000 2.700000 0.250000
vertex 0.352421 2.676901 0.250000
endloop
endfacet
facet normal 0 0 -1
outer loop
vertex 0.352421 2.676901 0.250000
vertex 0.698811 2.608000 0.250000
vertex 1.033245 2.494475 0.250000
endloop
endfacet
facet normal 0 0 -1
outer loop
vertex 1.033245 2.494475 0.250000
vertex 1.350000 2.338269 0.250000
vertex 1.643656 2.142054 0.250000
endloop
endfacet
facet normal 0 0 -1
outer loop
vertex 1.643656 2.142054 0.250000
vertex 1.909188 1.909188 0.250000
vertex 2.142054 1.643656 0.250000
endloop
endfacet
facet normal 0 0 -1
outer loop
vertex 2.142054 1.643656 0.250000
vertex 2.338269 1.350000 0.250000
vertex 2.494475 1.033245 0.250000
endloop
endfacet
facet normal 0 0 -1
outer loop
vertex 2.494475 1.033245 0.250000
vertex 2.608000 0.698811 0.250000
vertex 2.676901 0.352421 0.250000
endloop
endfacet
facet normal 0 0 -1
outer loop
vertex 2.676901 0.352421 0.250000
vertex 2.700000 0.000000 0.250000
vertex 2.676901 -0.352421 0.250000
endloop
endfacet
facet normal 0 0 -1
outer loop
vertex 2.676901 -0.352421 0.250000
vertex 2.608000 -0.698811 0.250000
vertex 2.494475 -1.033245 0.250000
endloop
endfacet
facet normal 0 0 -1
outer loop
vertex 2.494475 -1.033245 0.250000
vertex 2.075000 -0.625000 0.250000
vertex 2.075000 0.625000 0.250000
endloop
endfacet
facet normal 0 0 -1
outer loop
vertex 2.075000 0.625000 0.250000
vertex 0.625000 0.625000 0.250000
vertex 0.625000 2.075000 0.250000
endloop
endfacet
facet normal 0 -0 -1
outer loop
vertex -0.625000 2.075000 0.250000
vertex -0.625000 0.625000 0.250000
vertex -2.075000 0.625000 0.250000
endloop
endfacet
facet normal 0 0 -1
outer loop
vertex -0.625000 2.075000 0.250000
vertex -2.075000 0.625000 0.250000
vertex -2.494475 1.033245 0.250000
endloop
endfacet
facet normal 0 0 -1
outer loop
vertex -2.494475 1.033245 0.250000
vertex -2.142054 1.643656 0.250000
vertex -1.643656 2.142054 0.250000
endloop
endfacet
facet normal 0 0 -1
outer loop
vertex -1.643656 2.142054 0.250000
vertex -1.033245 2.494475 0.250000
vertex -0.352421 2.676901 0.250000
endloop
endfacet
facet normal 0 0 -1
outer loop
vertex -0.352421 2.676901 0.250000
vertex 0.352421 2.676901 0.250000
vertex 1.033245 2.494475 0.250000
endloop
endfacet
facet normal 0 0 -1
outer loop
vertex 1.033245 2.494475 0.250000
vertex 1.643656 2.142054 0.250000
vertex 2.142054 1.643656 0.250000
endloop
endfacet
facet normal 0 0 -1
outer loop
vertex 2.142054 1.643656 0.250000
vertex 2.494475 1.033245 0.250000
vertex 2.676901 0.352421 0.250000
endloop
endfacet
facet normal 0 -0 -1
outer loop
vertex 2.676901 0.352421 0.250000
vertex 2.676901 -0.352421 0.250000
vertex 2.494475 -1.033245 0.250000
endloop
endfacet
facet normal -0 0 -1
outer loop
vertex 2.676901 0.352421 0.250000
vertex 2.494475 -1.033245 0.250000
vertex 2.075000 0.625000 0.250000
endloop
endfacet
facet normal 0 0 -1
outer loop
vertex 1.033245 2.494475 0.250000
vertex 2.142054 1.643656 0.250000
vertex 2.676901 0.352421 0.250000
endloop
endfacet
facet normal 0 0 -1
outer loop
vertex -1.643656 2.142054 0.250000
vertex -0.352421 2.676901 0.250000
vertex 1.033245 2.494475 0.250000
endloop
endfacet
facet normal -0 0 -1
outer loop
vertex -0.625000 2.075000 0.250000
vertex -2.494475 1.033245 0.250000
vertex -1.643656 2.142054 0.250000
endloop
endfacet
facet normal 0 0 -1
outer loop
vertex 2.676901 0.352421 0.250000
vertex 2.075000 0.625000 0.250000
vertex 0.625000 2.075000 0.250000
endloop
endfacet
facet normal 0 0 -1
outer loop
vertex 0.625000 2.075000 0.250000
vertex -0.625000 2.075000 0.250000
vertex -1.643656 2.142054 0.250000
endloop
endfacet
facet normal 0 -0 -1
outer loop
vertex 1.033245 2.494475 0.250000
vertex 2.676901 0.352421 0.250000
vertex 0.625000 2.075000 0.250000
endloop
endfacet
facet normal 0 0 -1
outer loop
vertex -1.643656 2.142054 0.250000
vertex 1.033245 2.494475 0.250000
vertex 0.625000 2.075000 0.250000
endloop
endfacet
facet normal 0 1 0
outer loop
vertex -0.625000 -2.075000 0.250000
vertex -0.625000 -2.075000 2.550000
vertex 0.625000 -2.075000 2.550000
endloop
endfacet
facet normal 0 1 0
outer loop
vertex -0.625000 -2.075000 0.250000
vertex 0.625000 -2.075000 2.550000
vertex 0.625000 -2.075000 0.250000
endloop
endfacet
facet normal -1 0 0
outer loop
vertex 0.625000 -2.075000 0.250000
vertex 0.625000 -2.075000 2.550000
vertex 0.625000 -0.625000 2.550000
endloop
endfacet
facet normal -1 0 0
outer loop
vertex 0.625000 -2.075000 0.250000
vertex 0.625000 -0.625000 2.550000
vertex 0.625000 -0.625000 0.250000
endloop
endfacet
facet normal 0 1 0
outer loop
vertex 0.625000 -0.625000 0.250000
vertex 0.625000 -0.625000 2.550000
vertex 2.075000 -0.625000 2.550000
endloop
endfacet
facet normal 0 1 0
outer loop
vertex 0.625000 -0.625000 0.250000
vertex 2.075000 -0.625000 2.550000
vertex 2.075000 -0.625000 0.250000
endloop
endfacet
facet normal -1 0 0
outer loop
vertex 2.075000 -0.625000 2.550000
vertex 2.075000 0.625000 2.550000
vertex 2.075000 0.625000 0.250000
endloop
endfacet
facet normal -1 0 0
outer loop
vertex 2.075000 -0.625000 2.550000
vertex 2.075000 0.625000 0.250000
vertex 2.075000 -0.625000 0.250000
endloop
endfacet
facet normal 0 -1 0
outer loop
vertex 2.075000 0.625000 0.250000
vertex 2.075000 0.625000 2.550000
vertex 0.625000 0.625000 2.550000
endloop
endfacet
facet normal 0 -1 0
outer loop
vertex 2.075000 0.625000 0.250000
vertex 0.625000 0.625000 2.550000
vertex 0.625000 0.625000 0.250000
endloop
endfacet
facet normal -1 0 0
outer loop
vertex 0.625000 0.625000 0.250000
vertex 0.625000 0.625000 2.550000
vertex 0.625000 2.075000 2.550000
endloop
endfacet
facet normal -1 0 0
outer loop
vertex 0.625000 0.625000 0.250000
vertex 0.625000 2.075000 2.550000
vertex 0.625000 2.075000 0.250000
endloop
endfacet
facet normal 0 -1 0
outer loop
vertex 0.625000 2.075000 0.250000
vertex 0.625000 2.075000 2.550000
vertex -0.625000 2.075000 2.550000
endloop
endfacet
facet normal 0 -1 0
outer loop
vertex 0.625000 2.075000 0.250000
vertex -0.625000 2.075000 2.550000
vertex -0.625000 2.075000 0.250000
endloop
endfacet
facet normal 1 0 -0
outer loop
vertex -0.625000 2.075000 0.250000
vertex -0.625000 2.075000 2.550000
vertex -0.625000 0.625000 2.550000
endloop
endfacet
facet normal 1 0 0
outer loop
vertex -0.625000 2.075000 0.250000
vertex -0.625000 0.625000 2.550000
vertex -0.625000 0.625000 0.250000
endloop
endfacet
facet normal 0 -1 0
outer loop
vertex -0.625000 0.625000 0.250000
vertex -0.625000 0.625000 2.550000
vertex -2.075000 0.625000 2.550000
endloop
endfacet
facet normal 0 -1 0
outer loop
vertex -0.625000 0.625000 0.250000
vertex -2.075000 0.625000 2.550000
vertex -2.075000 0.625000 0.250000
endloop
endfacet
facet normal 1 0 -0
outer loop
vertex -2.075000 0.625000 0.250000
vertex -2.075000 0.625000 2.550000
vertex -2.075000 -0.625000 2.550000
endloop
endfacet
facet normal 1 0 0
outer loop
vertex -2.075000 0.625000 0.250000
vertex -2.075000 -0.625000 2.550000
vertex -2.075000 -0.625000 0.250000
endloop
endfacet
facet normal 0 1 0
outer loop
vertex -2.075000 -0.625000 0.250000
vertex -2.075000 -0.625000 2.550000
vertex -0.625000 -0.625000 2.550000
endloop
endfacet
facet normal 0 1 0
outer loop
vertex -2.075000 -0.625000 0.250000
vertex -0.625000 -0.625000 2.550000
vertex -0.625000 -0.625000 0.250000
endloop
endfacet
facet normal 1 0 -0
outer loop
vertex -0.625000 -0.625000 0.250000
vertex -0.625000 -0.625000 2.550000
vertex -0.625000 -2.075000 2.550000
endloop
endfacet
facet normal 1 0 0
outer loop
vertex -0.625000 -0.625000 0.250000
vertex -0.625000 -2.075000 2.550000
vertex -0.625000 -2.075000 0.250000
endloop
endfacet
facet normal 0 0 -1
outer loop
vertex -0.625000 -0.625000 2.550000
vertex -2.075000 -0.625000 2.550000
vertex -2.075000 0.625000 2.550000
endloop
endfacet
facet normal 0 0 -1
outer loop
vertex -0.625000 0.625000 2.550000
vertex -0.625000 2.075000 2.550000
vertex 0.625000 2.075000 2.550000
endloop
endfacet
facet normal 0 0 -1
outer loop
vertex -0.625000 -0.625000 2.550000
vertex -2.075000 0.625000 2.550000
vertex -0.625000 0.625000 2.550000
endloop
endfacet
facet normal 0 0 -1
outer loop
vertex 0.625000 -2.075000 2.550000
vertex -0.625000 -2.075000 2.550000
vertex -0.625000 -0.625000 2.550000
endloop
endfacet
facet normal 0 -0 -1
outer loop
vertex 2.075000 0.625000 2.550000
vertex 2.075000 -0.625000 2.550000
vertex 0.625000 -0.625000 2.550000
endloop
endfacet
facet normal -0 -0 -1
outer loop
vertex 0.625000 -0.625000 2.550000
vertex 0.625000 -2.075000 2.550000
vertex -0.625000 -0.625000 2.550000
endloop
endfacet
facet normal 0 0 -1
outer loop
vertex -0.625000 -0.625000 2.550000
vertex -0.625000 0.625000 2.550000
vertex 0.625000 2.075000 2.550000
endloop
endfacet
facet normal 0 0 -1
outer loop
vertex 0.625000 0.625000 2.550000
vertex 2.075000 0.625000 2.550000
vertex 0.625000 -0.625000 2.550000
endloop
endfacet
facet normal 0 0 -1
outer loop
vertex -0.625000 -0.625000 2.550000
vertex 0.625000 2.075000 2.550000
vertex 0.625000 0.625000 2.550000
endloop
endfacet
facet normal 0 -0 -1
outer loop
vertex 0.625000 0.625000 2.550000
vertex 0.625000 -0.625000 2.550000
vertex -0.625000 -0.625000 2.550000
endloop
endfacet
facet normal 0.0581889 0.153929 0.986367
outer loop
vertex -0.942421 -1.935681 3.636209
vertex -0.909937 -2.054119 3.652776
vertex -0.539376 -1.868532 3.601954
endloop
endfacet
facet normal 0.0575208 0.155219 0.986204
outer loop
vertex -0.522967 -1.916834 3.608599
vertex -0.539376 -1.868532 3.601954
vertex -0.909937 -2.054119 3.652776
endloop
endfacet
facet normal 0.0541867 0.16195 0.98531
outer loop
vertex -0.814234 -2.206305 3.672195
vertex -0.522967 -1.916834 3.608599
vertex -0.876288 -2.122207 3.661785
endloop
endfacet
facet normal 0.0505148 0.165964 0.984837
outer loop
vertex -0.730683 -2.282505 3.680751
vertex -0.498639 -1.944774 3.611935
vertex -0.814234 -2.206305 3.672195
endloop
endfacet
facet normal 0.0347528 0.173523 0.984217
outer loop
vertex -0.529225 -2.380705 3.688951
vertex -0.417273 -2.400000 3.688400
vertex -0.404770 -1.990230 3.615714
endloop
endfacet
facet normal 0.021896 0.173219 0.98464
outer loop
vertex -0.270860 -1.980703 3.610559
vertex -0.349929 -1.993860 3.614632
vertex -0.280830 -2.398284 3.684242
endloop
endfacet
facet normal 0.0102616 0.169595 0.98546
outer loop
vertex 0.028763 -2.279142 3.658719
vertex -0.212263 -1.949283 3.604461
vertex -0.087473 -2.347167 3.671636
endloop
endfacet
facet normal 0.00418121 0.16528 0.986238
outer loop
vertex 0.135418 -2.178694 3.641433
vertex -0.212263 -1.949283 3.604461
vertex 0.028763 -2.279142 3.658719
endloop
endfacet
facet normal -0.158158 -0.0342472 0.98682
outer loop
vertex 2.198574 0.469584 3.653051
vertex 1.788716 0.455840 3.586886
vertex 2.184249 0.347936 3.646534
endloop
endfacet
facet normal -0.156698 -0.0286661 0.987231
outer loop
vertex 1.788716 0.455840 3.586886
vertex 1.768097 0.389552 3.581689
vertex 2.184249 0.347936 3.646534
endloop
endfacet
facet normal -0.157508 -0.044694 0.986506
outer loop
vertex 2.177113 0.642209 3.656989
vertex 1.784677 0.528395 3.589175
vertex 2.192577 0.568499 3.656119
endloop
endfacet
facet normal -0.156119 -0.0494798 0.986498
outer loop
vertex 2.131618 0.755138 3.655453
vertex 1.784677 0.528395 3.589175
vertex 2.177113 0.642209 3.656989
endloop
endfacet
facet normal -0.146144 -0.0623088 0.987299
outer loop
vertex 1.996851 0.921856 3.644333
vertex 1.919432 0.976638 3.636331
vertex 1.716924 0.621753 3.583958
endloop
endfacet
facet normal -0.14127 -0.0651674 0.987824
outer loop
vertex 1.795080 1.029498 3.622034
vertex 1.716924 0.621753 3.583958
vertex 1.919432 0.976638 3.636331
endloop
endfacet
facet normal -0.0448914 -0.0719521 0.996397
outer loop
vertex 0.767330 1.055471 3.518410
vertex 0.301500 0.906126 3.486638
vertex 0.498014 0.647096 3.476786
endloop
endfacet
facet normal -0.0581802 -0.154843 0.986225
outer loop
vertex 0.939521 1.982697 3.643391
vertex 0.915589 2.054426 3.653241
vertex 0.546839 1.865355 3.601803
endloop
endfacet
facet normal -0.058042 -0.155103 0.986192
outer loop
vertex 0.530058 1.913091 3.608323
vertex 0.546839 1.865355 3.601803
vertex 0.915589 2.054426 3.653241
endloop
endfacet
facet normal -0.054983 -0.161228 0.985384
outer loop
vertex 0.836304 2.185010 3.669902
vertex 0.530058 1.913091 3.608323
vertex 0.880980 2.122539 3.662173
endloop
endfacet
facet normal -0.0523457 -0.164122 0.98505
outer loop
vertex 0.783407 2.241303 3.676470
vertex 0.530058 1.913091 3.608323
vertex 0.836304 2.185010 3.669902
endloop
endfacet
facet normal -0.0427226 -0.17087 0.984367
outer loop
vertex 0.588458 2.362438 3.688130
vertex 0.482269 1.960845 3.613811
vertex 0.659067 2.330727 3.685690
endloop
endfacet
facet normal -0.0390255 -0.172359 0.984261
outer loop
vertex 0.513643 2.384622 3.689048
vertex 0.418998 1.987151 3.615693
vertex 0.588458 2.362438 3.688130
endloop
endfacet
facet normal -0.0294851 -0.17378 0.984343
outer loop
vertex 0.337430 2.400000 3.685979
vertex 0.357190 1.991971 3.614536
vertex 0.413155 2.399059 3.688081
endloop
endfacet
facet normal -0.0185519 -0.172522 0.984831
outer loop
vertex 0.137202 2.362056 3.674902
vertex 0.278849 1.978864 3.610443
vertex 0.222654 2.386089 3.680722
endloop
endfacet
facet normal -0.00731053 -0.167389 0.985864
outer loop
vertex -0.088042 2.219462 3.648211
vertex 0.220105 1.947367 3.604297
vertex 0.035644 2.314674 3.665294
endloop
endfacet
facet normal 0.156708 0.0309744 0.987159
outer loop
vertex -2.157268 -0.286081 3.640252
vertex -2.184860 -0.379203 3.647554
vertex -1.767550 -0.413661 3.582389
endloop
endfacet
facet normal 0.156711 0.0310161 0.987157
outer loop
vertex -1.788677 -0.485170 3.587990
vertex -1.767550 -0.413661 3.582389
vertex -2.184860 -0.379203 3.647554
endloop
endfacet
facet normal 0.157985 0.0426301 0.986521
outer loop
vertex -2.193284 -0.596720 3.657564
vertex -1.785361 -0.557373 3.590538
vertex -2.198574 -0.501445 3.654294
endloop
endfacet
facet normal 0.153172 0.057345 0.986534
outer loop
vertex -2.078416 -0.867983 3.653813
vertex -1.758792 -0.613428 3.589391
vertex -2.120364 -0.806351 3.656744
endloop
endfacet
facet normal 0.150202 0.0611318 0.986763
outer loop
vertex -1.997985 -0.951378 3.646737
vertex -1.758792 -0.613428 3.589391
vertex -2.078416 -0.867983 3.653813
endloop
endfacet
facet normal 0.141467 0.0672882 0.987653
outer loop
vertex -1.796608 -1.056399 3.624509
vertex -1.721533 -0.648113 3.585939
vertex -1.920390 -1.005054 3.638741
endloop
endfacet
facet normal -0.0398886 -0.0681862 0.996875
outer loop
vertex 0.295930 0.823247 3.480746
vertex 0.305860 0.782693 3.478369
vertex 0.301500 0.906126 3.486638
endloop
endfacet
facet normal -0.0398998 -0.0681825 0.996875
outer loop
vertex 0.348868 0.712007 3.475256
vertex 0.416698 0.664059 3.474692
vertex 0.305860 0.782693 3.478369
endloop
endfacet
facet normal -0.0399042 -0.0681867 0.996874
outer loop
vertex 0.498014 0.647096 3.476786
vertex 0.301500 0.906126 3.486638
vertex 0.416698 0.664059 3.474692
endloop
endfacet
facet normal 0.0401349 0.0702577 0.996721
outer loop
vertex -0.309080 -0.808107 3.480073
vertex -0.352393 -0.737486 3.476839
vertex -0.501006 -0.673145 3.478288
endloop
endfacet
facet normal 0.0401382 0.0702652 0.99672
outer loop
vertex -0.419897 -0.690017 3.476211
vertex -0.501006 -0.673145 3.478288
vertex -0.352393 -0.737486 3.476839
endloop
endfacet
facet normal 0.131145 0.0694059 0.988931
outer loop
vertex -1.601448 -0.673136 3.571236
vertex -1.666189 -0.667826 3.579449
vertex -1.665272 -1.079189 3.608198
endloop
endfacet
facet normal 0.157914 0.0420669 0.986556
outer loop
vertex -1.788677 -0.485170 3.587990
vertex -2.198574 -0.501445 3.654294
vertex -1.785361 -0.557373 3.590538
endloop
endfacet
facet normal 0.0445285 0.0743601 0.996237
outer loop
vertex -0.768942 -1.081520 3.520746
vertex -0.297411 -0.890454 3.485408
vertex -0.501006 -0.673145 3.478288
endloop
endfacet
facet normal 0.0590629 0.14904 0.987066
outer loop
vertex -0.949337 -1.858978 3.625042
vertex -0.942421 -1.935681 3.636209
vertex -0.539376 -1.868532 3.601954
endloop
endfacet
facet normal 0.0563801 0.158298 0.98578
outer loop
vertex -0.909937 -2.054119 3.652776
vertex -0.876288 -2.122207 3.661785
vertex -0.522967 -1.916834 3.608599
endloop
endfacet
facet normal 0.0278025 0.174174 0.984322
outer loop
vertex -0.417273 -2.400000 3.688400
vertex -0.280830 -2.398284 3.684242
vertex -0.349929 -1.993860 3.614632
endloop
endfacet
facet normal 0.0162019 0.17226 0.984918
outer loop
vertex -0.194274 -2.383338 3.679719
vertex -0.087473 -2.347167 3.671636
vertex -0.270860 -1.980703 3.610559
endloop
endfacet
facet normal -0.156697 -0.0286634 0.987231
outer loop
vertex 2.154986 0.253892 3.639158
vertex 2.184249 0.347936 3.646534
vertex 1.768097 0.389552 3.581689
endloop
endfacet
facet normal -0.157972 -0.0401721 0.986626
outer loop
vertex 2.192577 0.568499 3.656119
vertex 1.784677 0.528395 3.589175
vertex 2.198574 0.469584 3.653051
endloop
endfacet
facet normal -0.149028 -0.0595661 0.987037
outer loop
vertex 1.716924 0.621753 3.583958
vertex 1.758423 0.582371 3.587847
vertex 1.996851 0.921856 3.644333
endloop
endfacet
facet normal -0.0592697 -0.151365 0.986699
outer loop
vertex 0.953099 1.909090 3.632915
vertex 0.939521 1.982697 3.643391
vertex 0.546839 1.865355 3.601803
endloop
endfacet
facet normal -0.0568712 -0.158164 0.985774
outer loop
vertex 0.915589 2.054426 3.653241
vertex 0.880980 2.122539 3.662173
vertex 0.530058 1.913091 3.608323
endloop
endfacet
facet normal -0.0462655 -0.169201 0.984495
outer loop
vertex 0.724412 2.289984 3.681758
vertex 0.659067 2.330727 3.685690
vertex 0.482269 1.960845 3.613811
endloop
endfacet
facet normal -0.0224904 -0.173035 0.984659
outer loop
vertex 0.278849 1.978864 3.610443
vertex 0.357190 1.991971 3.614536
vertex 0.222654 2.386089 3.680722
endloop
endfacet
facet normal 0.087197 -0.0858896 0.992482
outer loop
vertex -2.051015 -0.105742 3.619450
vertex 0.180712 1.909191 3.597748
vertex -0.088042 2.219462 3.648211
endloop
endfacet
facet normal 0.158158 0.0366624 0.986733
outer loop
vertex -2.198574 -0.501445 3.654294
vertex -1.788677 -0.485170 3.587990
vertex -2.184860 -0.379203 3.647554
endloop
endfacet
facet normal 0.155251 0.0534111 0.98643
outer loop
vertex -2.163646 -0.715011 3.658610
vertex -2.120364 -0.806351 3.656744
vertex -1.785361 -0.557373 3.590538
endloop
endfacet
facet normal 0.146336 0.0644983 0.98713
outer loop
vertex -1.920390 -1.005054 3.638741
vertex -1.721533 -0.648113 3.585939
vertex -1.997985 -0.951378 3.646737
endloop
endfacet
facet normal -0.0399044 -0.0681868 0.996874
outer loop
vertex 0.305860 0.782693 3.478369
vertex 0.416698 0.664059 3.474692
vertex 0.301500 0.906126 3.486638
endloop
endfacet
facet normal -0.0968764 -0.0730457 0.992612
outer loop
vertex 1.662756 1.053065 3.605624
vertex 0.767330 1.055471 3.518410
vertex 1.598543 0.647088 3.569481
endloop
endfacet
facet normal 0.0401389 0.0702634 0.996721
outer loop
vertex -0.297411 -0.890454 3.485408
vertex -0.309080 -0.808107 3.480073
vertex -0.501006 -0.673145 3.478288
endloop
endfacet
facet normal 0.155252 0.05341 0.98643
outer loop
vertex -1.785361 -0.557373 3.590538
vertex -2.120364 -0.806351 3.656744
vertex -1.758792 -0.613428 3.589391
endloop
endfacet
facet normal 0.059231 0.144377 0.987748
outer loop
vertex -0.944939 -1.761295 3.610500
vertex -0.949337 -1.858978 3.625042
vertex -0.539560 -1.811812 3.593575
endloop
endfacet
facet normal 0.0114208 0.169946 0.985387
outer loop
vertex -0.270860 -1.980703 3.610559
vertex -0.087473 -2.347167 3.671636
vertex -0.212263 -1.949283 3.604461
endloop
endfacet
facet normal -0.154847 -0.0232017 0.987666
outer loop
vertex 2.097757 0.145660 3.627644
vertex 2.154986 0.253892 3.639158
vertex 1.768097 0.389552 3.581689
endloop
endfacet
facet normal -0.134592 -0.0673093 0.988612
outer loop
vertex 1.662756 1.053065 3.605624
vertex 1.662395 0.641709 3.577568
vertex 1.795080 1.029498 3.622034
endloop
endfacet
facet normal -0.0598365 -0.145923 0.987485
outer loop
vertex 0.546839 1.865355 3.601803
vertex 0.547313 1.809367 3.593558
vertex 0.954842 1.780950 3.614053
endloop
endfacet
facet normal -0.0343921 -0.173458 0.984241
outer loop
vertex 0.413155 2.399059 3.688081
vertex 0.418998 1.987151 3.615693
vertex 0.513643 2.384622 3.689048
endloop
endfacet
facet normal 0.154953 0.0254152 0.987595
outer loop
vertex -2.102159 -0.176484 3.628785
vertex -2.157268 -0.286081 3.640252
vertex -1.767550 -0.413661 3.582389
endloop
endfacet
facet normal 0.157424 0.0481644 0.986356
outer loop
vertex -2.163646 -0.715011 3.658610
vertex -1.785361 -0.557373 3.590538
vertex -2.193284 -0.596720 3.657564
endloop
endfacet
facet normal -0.0342132 -0.10473 0.993912
outer loop
vertex 0.530213 1.723756 3.580666
vertex 0.301500 0.906126 3.486638
vertex 0.767330 1.055471 3.518410
endloop
endfacet
facet normal 0.0320987 0.104621 0.993994
outer loop
vertex -0.522095 -1.725215 3.580525
vertex -0.297411 -0.890454 3.485408
vertex -0.768942 -1.081520 3.520746
endloop
endfacet
facet normal 0.149085 0.0619425 0.986882
outer loop
vertex -1.758792 -0.613428 3.589391
vertex -1.997985 -0.951378 3.646737
vertex -1.721533 -0.648113 3.585939
endloop
endfacet
facet normal 0.152521 0.0218933 0.988058
outer loop
vertex -1.767550 -0.413661 3.582389
vertex -1.734466 -0.363845 3.576178
vertex -2.102159 -0.176484 3.628785
endloop
endfacet
facet normal 0.139922 0.0675912 0.987853
outer loop
vertex -1.796608 -1.056399 3.624509
vertex -1.666189 -0.667826 3.579449
vertex -1.721533 -0.648113 3.585939
endloop
endfacet
facet normal 0.151881 0.0206018 0.988184
outer loop
vertex -2.051015 -0.105742 3.619450
vertex -2.102159 -0.176484 3.628785
vertex -1.734466 -0.363845 3.576178
endloop
endfacet
facet normal 0.134796 0.0693798 0.988441
outer loop
vertex -1.796608 -1.056399 3.624509
vertex -1.665272 -1.079189 3.608198
vertex -1.666189 -0.667826 3.579449
endloop
endfacet
facet normal 0.0760152 -0.0734841 0.994395
outer loop
vertex -1.734466 -0.363845 3.576178
vertex 0.180712 1.909191 3.597748
vertex -2.051015 -0.105742 3.619450
endloop
endfacet
facet normal 0.0970257 0.0750887 0.992445
outer loop
vertex -1.665272 -1.079189 3.608198
vertex -0.768942 -1.081520 3.520746
vertex -1.601448 -0.673136 3.571236
endloop
endfacet
facet normal -0.00462995 -0.164436 0.986377
outer loop
vertex 0.180712 1.909191 3.597748
vertex 0.220105 1.947367 3.604297
vertex -0.088042 2.219462 3.648211
endloop
endfacet
facet normal 0.0840668 0.0483202 0.995288
outer loop
vertex -0.501006 -0.673145 3.478288
vertex -1.601448 -0.673136 3.571236
vertex -0.768942 -1.081520 3.520746
endloop
endfacet
facet normal -0.0120948 -0.169718 0.985418
outer loop
vertex 0.220105 1.947367 3.604297
vertex 0.278849 1.978864 3.610443
vertex 0.035644 2.314674 3.665294
endloop
endfacet
facet normal 0.0516703 0.111975 0.992367
outer loop
vertex -0.768942 -1.081520 3.520746
vertex -0.916760 -1.620207 3.589226
vertex -0.522095 -1.725215 3.580525
endloop
endfacet
facet normal -0.013546 -0.170737 0.985223
outer loop
vertex 0.137202 2.362056 3.674902
vertex 0.035644 2.314674 3.665294
vertex 0.278849 1.978864 3.610443
endloop
endfacet
facet normal 0.0583175 0.137252 0.988818
outer loop
vertex -0.539560 -1.811812 3.593575
vertex -0.522095 -1.725215 3.580525
vertex -0.916760 -1.620207 3.589226
endloop
endfacet
facet normal -0.0240623 -0.17355 0.984531
outer loop
vertex 0.337430 2.400000 3.685979
vertex 0.222654 2.386089 3.680722
vertex 0.357190 1.991971 3.614536
endloop
endfacet
facet normal 0.0584088 0.137431 0.988788
outer loop
vertex -0.916760 -1.620207 3.589226
vertex -0.944939 -1.761295 3.610500
vertex -0.539560 -1.811812 3.593575
endloop
endfacet
facet normal -0.0319481 -0.173439 0.984326
outer loop
vertex 0.418998 1.987151 3.615693
vertex 0.413155 2.399059 3.688081
vertex 0.357190 1.991971 3.614536
endloop
endfacet
facet normal 0.0590188 0.146064 0.987513
outer loop
vertex -0.539376 -1.868532 3.601954
vertex -0.539560 -1.811812 3.593575
vertex -0.949337 -1.858978 3.625042
endloop
endfacet
facet normal -0.0418661 -0.171096 0.984364
outer loop
vertex 0.482269 1.960845 3.613811
vertex 0.588458 2.362438 3.688130
vertex 0.418998 1.987151 3.615693
endloop
endfacet
facet normal 0.0526461 0.163463 0.985144
outer loop
vertex -0.522967 -1.916834 3.608599
vertex -0.814234 -2.206305 3.672195
vertex -0.498639 -1.944774 3.611935
endloop
endfacet
facet normal -0.0494532 -0.166905 0.984732
outer loop
vertex 0.783407 2.241303 3.676470
vertex 0.724412 2.289984 3.681758
vertex 0.482269 1.960845 3.613811
endloop
endfacet
facet normal 0.046213 0.168863 0.984556
outer loop
vertex -0.730683 -2.282505 3.680751
vertex -0.446677 -1.978267 3.615240
vertex -0.498639 -1.944774 3.611935
endloop
endfacet
facet normal -0.0515081 -0.164756 0.984989
outer loop
vertex 0.530058 1.913091 3.608323
vertex 0.783407 2.241303 3.676470
vertex 0.482269 1.960845 3.613811
endloop
endfacet
facet normal 0.0461073 0.168959 0.984544
outer loop
vertex -0.730683 -2.282505 3.680751
vertex -0.654078 -2.331507 3.685573
vertex -0.446677 -1.978267 3.615240
endloop
endfacet
facet normal -0.0598862 -0.146169 0.987445
outer loop
vertex 0.954842 1.780950 3.614053
vertex 0.953099 1.909090 3.632915
vertex 0.546839 1.865355 3.601803
endloop
endfacet
facet normal 0.0410849 0.171852 0.984266
outer loop
vertex -0.654078 -2.331507 3.685573
vertex -0.529225 -2.380705 3.688951
vertex -0.446677 -1.978267 3.615240
endloop
endfacet
facet normal -0.0594629 -0.139921 0.988375
outer loop
vertex 0.940938 1.685093 3.599646
vertex 0.954842 1.780950 3.614053
vertex 0.547313 1.809367 3.593558
endloop
endfacet
facet normal 0.0381062 0.172465 0.984278
outer loop
vertex -0.404770 -1.990230 3.615714
vertex -0.446677 -1.978267 3.615240
vertex -0.529225 -2.380705 3.688951
endloop
endfacet
facet normal -0.0586092 -0.137196 0.988808
outer loop
vertex 0.547313 1.809367 3.593558
vertex 0.530213 1.723756 3.580666
vertex 0.940938 1.685093 3.599646
endloop
endfacet
facet normal 0.03091 0.173659 0.984321
outer loop
vertex -0.349929 -1.993860 3.614632
vertex -0.404770 -1.990230 3.615714
vertex -0.417273 -2.400000 3.688400
endloop
endfacet
facet normal -0.0564288 -0.11244 0.992055
outer loop
vertex 0.767330 1.055471 3.518410
vertex 0.940938 1.685093 3.599646
vertex 0.530213 1.723756 3.580666
endloop
endfacet
facet normal 0.0215411 0.173229 0.984646
outer loop
vertex -0.280830 -2.398284 3.684242
vertex -0.194274 -2.383338 3.679719
vertex -0.270860 -1.980703 3.610559
endloop
endfacet
facet normal -0.0838413 -0.0461646 0.995409
outer loop
vertex 0.498014 0.647096 3.476786
vertex 1.598543 0.647088 3.569481
vertex 0.767330 1.055471 3.518410
endloop
endfacet
facet normal 0.00389589 0.164859 0.98631
outer loop
vertex 0.135418 -2.178694 3.641433
vertex -0.174638 -1.912896 3.598231
vertex -0.212263 -1.949283 3.604461
endloop
endfacet
facet normal -0.130937 -0.0673458 0.989101
outer loop
vertex 1.598543 0.647088 3.569481
vertex 1.662395 0.641709 3.577568
vertex 1.662756 1.053065 3.605624
endloop
endfacet
facet normal -0.075258 0.0738442 0.994426
outer loop
vertex 0.135418 -2.178694 3.641433
vertex 1.733234 0.339901 3.575330
vertex -0.174638 -1.912896 3.598231
endloop
endfacet
facet normal -0.139746 -0.0654778 0.98802
outer loop
vertex 1.716924 0.621753 3.583958
vertex 1.795080 1.029498 3.622034
vertex 1.662395 0.641709 3.577568
endloop
endfacet
facet normal -0.0757226 0.0741375 0.994369
outer loop
vertex 0.135418 -2.178694 3.641433
vertex 2.047690 0.079300 3.618706
vertex 1.733234 0.339901 3.575330
endloop
endfacet
facet normal -0.150038 -0.0588386 0.986928
outer loop
vertex 2.076033 0.839416 3.651456
vertex 1.996851 0.921856 3.644333
vertex 1.758423 0.582371 3.587847
endloop
endfacet
facet normal -0.151747 -0.0186174 0.988244
outer loop
vertex 2.047690 0.079300 3.618706
vertex 2.097757 0.145660 3.627644
vertex 1.733234 0.339901 3.575330
endloop
endfacet
facet normal -0.153525 -0.0544593 0.986643
outer loop
vertex 2.131618 0.755138 3.655453
vertex 2.076033 0.839416 3.651456
vertex 1.758423 0.582371 3.587847
endloop
endfacet
facet normal -0.152275 -0.0196357 0.988143
outer loop
vertex 1.768097 0.389552 3.581689
vertex 1.733234 0.339901 3.575330
vertex 2.097757 0.145660 3.627644
endloop
endfacet
facet normal -0.155052 -0.0511358 0.986582
outer loop
vertex 1.784677 0.528395 3.589175
vertex 2.131618 0.755138 3.655453
vertex 1.758423 0.582371 3.587847
endloop
endfacet
facet normal -0.157939 -0.0399231 0.986642
outer loop
vertex 1.788716 0.455840 3.586886
vertex 2.198574 0.469584 3.653051
vertex 1.784677 0.528395 3.589175
endloop
endfacet
facet normal 0.964385 0.264502 0
outer loop
vertex -0.909937 -2.054119 3.871938
vertex -0.909937 -2.054119 3.652776
vertex -0.942421 -1.935681 3.636209
endloop
endfacet
facet normal 0.964385 0.264502 0
outer loop
vertex -0.909937 -2.054119 3.871938
vertex -0.942421 -1.935681 3.636209
vertex -0.942421 -1.935681 3.856197
endloop
endfacet
facet normal -0.946854 -0.321663 0
outer loop
vertex -0.539376 -1.868532 3.601954
vertex -0.522967 -1.916834 3.608599
vertex -0.522967 -1.916834 3.828101
endloop
endfacet
facet normal -0.946854 -0.321663 0
outer loop
vertex -0.539376 -1.868532 3.601954
vertex -0.522967 -1.916834 3.828101
vertex -0.539376 -1.868532 3.820859
endloop
endfacet
facet normal 0.804658 0.593738 0
outer loop
vertex -0.814234 -2.206305 3.889793
vertex -0.814234 -2.206305 3.672195
vertex -0.876288 -2.122207 3.661785
endloop
endfacet
facet normal 0.804658 0.593738 0
outer loop
vertex -0.814234 -2.206305 3.889793
vertex -0.876288 -2.122207 3.661785
vertex -0.876288 -2.122207 3.879948
endloop
endfacet
facet normal 0.673856 0.738863 0
outer loop
vertex -0.730683 -2.282505 3.680751
vertex -0.814234 -2.206305 3.672195
vertex -0.814234 -2.206305 3.889793
endloop
endfacet
facet normal 0.673856 0.738863 -0
outer loop
vertex -0.730683 -2.282505 3.680751
vertex -0.814234 -2.206305 3.889793
vertex -0.730683 -2.282505 3.897159
endloop
endfacet
facet normal 0.169846 0.985471 0
outer loop
vertex -0.417273 -2.400000 3.903918
vertex -0.417273 -2.400000 3.688400
vertex -0.529225 -2.380705 3.688951
endloop
endfacet
facet normal 0.169848 0.98547 -0
outer loop
vertex -0.529225 -2.380705 3.688951
vertex -0.529225 -2.380705 3.904374
vertex -0.475397 -2.389982 3.903685
endloop
endfacet
facet normal 0.169845 0.985471 6.34868e-07
outer loop
vertex -0.529225 -2.380705 3.688951
vertex -0.475397 -2.389982 3.903685
vertex -0.417273 -2.400000 3.903918
endloop
endfacet
facet normal 0.164142 -0.986437 0
outer loop
vertex -0.349929 -1.993860 3.834380
vertex -0.349929 -1.993860 3.614632
vertex -0.270860 -1.980703 3.610559
endloop
endfacet
facet normal 0.164142 -0.986437 0
outer loop
vertex -0.349929 -1.993860 3.834380
vertex -0.270860 -1.980703 3.610559
vertex -0.270860 -1.980703 3.830221
endloop
endfacet
facet normal -0.505094 0.863065 0
outer loop
vertex 0.028763 -2.279142 3.877321
vertex 0.028763 -2.279142 3.658719
vertex -0.087473 -2.347167 3.671636
endloop
endfacet
facet normal -0.505094 0.863065 0
outer loop
vertex -0.087473 -2.347167 3.671636
vertex -0.087473 -2.347167 3.889285
vertex -0.000000 -2.295975 3.879922
endloop
endfacet
facet normal -0.505094 0.863064 2.58515e-07
outer loop
vertex -0.087473 -2.347167 3.671636
vertex -0.000000 -2.295975 3.879922
vertex 0.028763 -2.279142 3.877321
endloop
endfacet
facet normal -0.685606 0.727973 0
outer loop
vertex 0.135418 -2.178694 3.641433
vertex 0.028763 -2.279142 3.658719
vertex 0.028763 -2.279142 3.877321
endloop
endfacet
facet normal -0.685606 0.727973 0
outer loop
vertex 0.135418 -2.178694 3.641433
vertex 0.028763 -2.279142 3.877321
vertex 0.135418 -2.178694 3.861256
endloop
endfacet
facet normal -0.993138 0.116951 0
outer loop
vertex 2.198574 0.469584 3.872080
vertex 2.198574 0.469584 3.653051
vertex 2.184249 0.347936 3.646534
endloop
endfacet
facet normal -0.993138 0.116951 0
outer loop
vertex 2.184249 0.347936 3.646534
vertex 2.184249 0.347936 3.866146
vertex 2.194684 0.436550 3.870086
endloop
endfacet
facet normal -0.993138 0.11695 6.25541e-07
outer loop
vertex 2.184249 0.347936 3.646534
vertex 2.194684 0.436550 3.870086
vertex 2.198574 0.469584 3.872080
endloop
endfacet
facet normal 0.954873 -0.297014 0
outer loop
vertex 1.768097 0.389552 3.798251
vertex 1.768097 0.389552 3.581689
vertex 1.788716 0.455840 3.586886
endloop
endfacet
facet normal 0.954873 -0.297014 0
outer loop
vertex 1.768097 0.389552 3.798251
vertex 1.788716 0.455840 3.586886
vertex 1.788716 0.455840 3.804351
endloop
endfacet
facet normal -0.978694 -0.205323 0
outer loop
vertex 2.177113 0.642209 3.656989
vertex 2.192577 0.568499 3.656119
vertex 2.192577 0.568499 3.875157
endloop
endfacet
facet normal -0.978694 -0.205323 0
outer loop
vertex 2.177113 0.642209 3.656989
vertex 2.192577 0.568499 3.875157
vertex 2.177113 0.642209 3.875649
endloop
endfacet
facet normal -0.927558 -0.37368 -0
outer loop
vertex 2.131618 0.755138 3.874550
vertex 2.131618 0.755138 3.655453
vertex 2.177113 0.642209 3.656989
endloop
endfacet
facet normal -0.927557 -0.373683 0
outer loop
vertex 2.177113 0.642209 3.656989
vertex 2.177113 0.642209 3.875649
vertex 2.170575 0.658437 3.875243
endloop
endfacet
facet normal -0.927558 -0.373679 -3.04258e-07
outer loop
vertex 2.177113 0.642209 3.656989
vertex 2.170575 0.658437 3.875243
vertex 2.131618 0.755138 3.874550
endloop
endfacet
facet normal -0.577621 -0.816305 -0
outer loop
vertex 1.919432 0.976638 3.856187
vertex 1.919432 0.976638 3.636331
vertex 1.996851 0.921856 3.644333
endloop
endfacet
facet normal -0.577621 -0.816305 0
outer loop
vertex 1.919432 0.976638 3.856187
vertex 1.996851 0.921856 3.644333
vertex 1.996851 0.921856 3.864053
endloop
endfacet
facet normal -0.391206 -0.920303 0
outer loop
vertex 1.868035 0.998486 3.849916
vertex 1.795080 1.029498 3.842038
vertex 1.795080 1.029498 3.622034
endloop
endfacet
facet normal -0.391205 -0.920303 0
outer loop
vertex 1.795080 1.029498 3.622034
vertex 1.919432 0.976638 3.636331
vertex 1.919432 0.976638 3.856187
endloop
endfacet
facet normal -0.391205 -0.920304 -3.99808e-07
outer loop
vertex 1.795080 1.029498 3.622034
vertex 1.919432 0.976638 3.856187
vertex 1.868035 0.998486 3.849916
endloop
endfacet
facet normal -0.948594 -0.316494 0
outer loop
vertex 0.915589 2.054426 3.653241
vertex 0.939521 1.982697 3.643391
vertex 0.939521 1.982697 3.863168
endloop
endfacet
facet normal -0.948594 -0.316494 0
outer loop
vertex 0.915589 2.054426 3.653241
vertex 0.939521 1.982697 3.863168
vertex 0.915589 2.054426 3.872394
endloop
endfacet
facet normal 0.943405 0.331642 0
outer loop
vertex 0.546839 1.865355 3.820645
vertex 0.546839 1.865355 3.601803
vertex 0.530058 1.913091 3.608323
endloop
endfacet
facet normal 0.943405 0.331642 0
outer loop
vertex 0.546839 1.865355 3.820645
vertex 0.530058 1.913091 3.608323
vertex 0.530058 1.913091 3.827779
endloop
endfacet
facet normal -0.813401 -0.581703 -0
outer loop
vertex 0.836304 2.185010 3.887662
vertex 0.836304 2.185010 3.669902
vertex 0.880980 2.122539 3.662173
endloop
endfacet
facet normal -0.813379 -0.581734 0
outer loop
vertex 0.880980 2.122539 3.662173
vertex 0.880980 2.122539 3.880296
vertex 0.879843 2.124129 3.880456
endloop
endfacet
facet normal -0.813402 -0.581702 -3.5346e-07
outer loop
vertex 0.880980 2.122539 3.662173
vertex 0.879843 2.124129 3.880456
vertex 0.836304 2.185010 3.887662
endloop
endfacet
facet normal -0.728746 -0.684784 0
outer loop
vertex 0.783407 2.241303 3.676470
vertex 0.836304 2.185010 3.669902
vertex 0.836304 2.185010 3.887662
endloop
endfacet
facet normal -0.728746 -0.684784 0
outer loop
vertex 0.783407 2.241303 3.676470
vertex 0.836304 2.185010 3.887662
vertex 0.783407 2.241303 3.893606
endloop
endfacet
facet normal -0.409686 -0.912227 -0
outer loop
vertex 0.588458 2.362438 3.903812
vertex 0.588458 2.362438 3.688130
vertex 0.659067 2.330727 3.685690
endloop
endfacet
facet normal -0.409686 -0.912227 0
outer loop
vertex 0.588458 2.362438 3.903812
vertex 0.659067 2.330727 3.685690
vertex 0.659067 2.330727 3.901514
endloop
endfacet
facet normal -0.284285 -0.95874 -0
outer loop
vertex 0.513643 2.384622 3.904377
vertex 0.513643 2.384622 3.689048
vertex 0.588458 2.362438 3.688130
endloop
endfacet
facet normal -0.284285 -0.95874 0
outer loop
vertex 0.513643 2.384622 3.904377
vertex 0.588458 2.362438 3.688130
vertex 0.588458 2.362438 3.903812
endloop
endfacet
facet normal -0.0124261 -0.999923 -0
outer loop
vertex 0.337430 2.400000 3.901939
vertex 0.337430 2.400000 3.685979
vertex 0.413155 2.399059 3.688081
endloop
endfacet
facet normal -0.0124261 -0.999923 0
outer loop
vertex 0.337430 2.400000 3.901939
vertex 0.413155 2.399059 3.688081
vertex 0.413155 2.399059 3.903659
endloop
endfacet
facet normal 0.270742 -0.962652 0
outer loop
vertex 0.137202 2.362056 3.892210
vertex 0.137202 2.362056 3.674902
vertex 0.222654 2.386089 3.680722
endloop
endfacet
facet normal 0.270742 -0.962652 0
outer loop
vertex 0.137202 2.362056 3.892210
vertex 0.222654 2.386089 3.680722
vertex 0.222654 2.386089 3.896973
endloop
endfacet
facet normal 0.609988 -0.792411 0
outer loop
vertex 0.000000 2.287235 3.878448
vertex -0.088042 2.219462 3.867742
vertex -0.088042 2.219462 3.648211
endloop
endfacet
facet normal 0.609988 -0.792411 0
outer loop
vertex -0.088042 2.219462 3.648211
vertex 0.035644 2.314674 3.665294
vertex 0.035644 2.314674 3.883373
endloop
endfacet
facet normal 0.609989 -0.79241 -9.49436e-07
outer loop
vertex -0.088042 2.219462 3.648211
vertex 0.035644 2.314674 3.883373
vertex 0.000000 2.287235 3.878448
endloop
endfacet
facet normal 0.958797 -0.284091 0
outer loop
vertex -2.184860 -0.379203 3.867023
vertex -2.184860 -0.379203 3.647554
vertex -2.157268 -0.286081 3.640252
endloop
endfacet
facet normal 0.958798 -0.284091 0
outer loop
vertex -2.184860 -0.379203 3.867023
vertex -2.157268 -0.286081 3.640252
vertex -2.157268 -0.286081 3.860104
endloop
endfacet
facet normal -0.95902 0.283338 0
outer loop
vertex -1.767550 -0.413661 3.582389
vertex -1.788677 -0.485170 3.587990
vertex -1.788677 -0.485170 3.805548
endloop
endfacet
facet normal -0.95902 0.283338 0
outer loop
vertex -1.767550 -0.413661 3.582389
vertex -1.788677 -0.485170 3.805548
vertex -1.767550 -0.413661 3.799151
endloop
endfacet
facet normal 0.998462 0.0554384 0
outer loop
vertex -2.193284 -0.596720 3.876431
vertex -2.193284 -0.596720 3.657564
vertex -2.198574 -0.501445 3.654294
endloop
endfacet
facet normal 0.998462 0.0554384 0
outer loop
vertex -2.193284 -0.596720 3.876431
vertex -2.198574 -0.501445 3.654294
vertex -2.198574 -0.501445 3.873387
endloop
endfacet
facet normal 0.826688 0.562661 0
outer loop
vertex -2.082172 -0.862464 3.872794
vertex -2.078416 -0.867983 3.872619
vertex -2.078416 -0.867983 3.653813
endloop
endfacet
facet normal 0.826689 0.562659 0
outer loop
vertex -2.078416 -0.867983 3.653813
vertex -2.120364 -0.806351 3.656744
vertex -2.120364 -0.806351 3.875675
endloop
endfacet
facet normal 0.826689 0.562659 4.99949e-08
outer loop
vertex -2.078416 -0.867983 3.653813
vertex -2.120364 -0.806351 3.875675
vertex -2.082172 -0.862464 3.872794
endloop
endfacet
facet normal 0.719782 0.6942 0
outer loop
vertex -1.997985 -0.951378 3.866359
vertex -1.997985 -0.951378 3.646737
vertex -2.078416 -0.867983 3.653813
endloop
endfacet
facet normal 0.719782 0.6942 0
outer loop
vertex -1.997985 -0.951378 3.866359
vertex -2.078416 -0.867983 3.653813
vertex -2.078416 -0.867983 3.872619
endloop
endfacet
facet normal 0.383147 0.923687 0
outer loop
vertex -1.897831 -1.014412 3.855617
vertex -1.796608 -1.056399 3.844596
vertex -1.796608 -1.056399 3.624509
endloop
endfacet
facet normal 0.383147 0.923687 0
outer loop
vertex -1.796608 -1.056399 3.624509
vertex -1.920390 -1.005054 3.638741
vertex -1.920390 -1.005054 3.858386
endloop
endfacet
facet normal 0.383148 0.923687 3.4875e-07
outer loop
vertex -1.796608 -1.056399 3.624509
vertex -1.920390 -1.005054 3.858386
vertex -1.897831 -1.014412 3.855617
endloop
endfacet
facet normal 0.971306 0.237833 0
outer loop
vertex 0.305860 0.782693 3.696178
vertex 0.305860 0.782693 3.478369
vertex 0.295930 0.823247 3.480746
endloop
endfacet
facet normal 0.971306 0.237833 0
outer loop
vertex 0.305860 0.782693 3.696178
vertex 0.295930 0.823247 3.480746
vertex 0.295930 0.823247 3.698210
endloop
endfacet
facet normal 0.997749 -0.0670551 0
outer loop
vertex 0.295930 0.823247 3.698210
vertex 0.295930 0.823247 3.480746
vertex 0.301500 0.906126 3.486638
endloop
endfacet
facet normal 0.997749 -0.0670551 0
outer loop
vertex 0.295930 0.823247 3.698210
vertex 0.301500 0.906126 3.486638
vertex 0.301500 0.906126 3.702871
endloop
endfacet
facet normal 0.577229 0.816582 0
outer loop
vertex 0.416698 0.664059 3.692902
vertex 0.416698 0.664059 3.474692
vertex 0.348868 0.712007 3.475256
endloop
endfacet
facet normal 0.57723 0.816582 -0
outer loop
vertex 0.348868 0.712007 3.475256
vertex 0.348868 0.712007 3.693427
vertex 0.371881 0.695740 3.693143
endloop
endfacet
facet normal 0.577229 0.816582 6.81058e-08
outer loop
vertex 0.348868 0.712007 3.475256
vertex 0.371881 0.695740 3.693143
vertex 0.416698 0.664059 3.692902
endloop
endfacet
facet normal 0.854297 0.519786 0
outer loop
vertex 0.316773 0.764757 3.695408
vertex 0.348868 0.712007 3.693427
vertex 0.348868 0.712007 3.475256
endloop
endfacet
facet normal 0.854297 0.519786 0
outer loop
vertex 0.348868 0.712007 3.475256
vertex 0.305860 0.782693 3.478369
vertex 0.305860 0.782693 3.696178
endloop
endfacet
facet normal 0.854297 0.519786 1.01796e-07
outer loop
vertex 0.348868 0.712007 3.475256
vertex 0.305860 0.782693 3.696178
vertex 0.316773 0.764757 3.695408
endloop
endfacet
facet normal 0.20421 0.978927 0
outer loop
vertex 0.498014 0.647096 3.694804
vertex 0.498014 0.647096 3.476786
vertex 0.416698 0.664059 3.474692
endloop
endfacet
facet normal 0.20421 0.978927 -0
outer loop
vertex 0.416698 0.664059 3.474692
vertex 0.416698 0.664059 3.692902
vertex 0.440406 0.659113 3.693365
endloop
endfacet
facet normal 0.20421 0.978927 -7.71034e-08
outer loop
vertex 0.416698 0.664059 3.474692
vertex 0.440406 0.659113 3.693365
vertex 0.498014 0.647096 3.694804
endloop
endfacet
facet normal -0.852444 -0.522818 -0
outer loop
vertex -0.352393 -0.737486 3.694858
vertex -0.352393 -0.737486 3.476839
vertex -0.309080 -0.808107 3.480073
endloop
endfacet
facet normal -0.852445 -0.522817 0
outer loop
vertex -0.309080 -0.808107 3.480073
vertex -0.309080 -0.808107 3.697637
vertex -0.324389 -0.783145 3.696567
endloop
endfacet
facet normal -0.852444 -0.522818 1.29949e-07
outer loop
vertex -0.309080 -0.808107 3.480073
vertex -0.324389 -0.783145 3.696567
vertex -0.352393 -0.737486 3.694858
endloop
endfacet
facet normal -0.203657 -0.979042 0
outer loop
vertex -0.456032 -0.682500 3.695004
vertex -0.501006 -0.673145 3.696128
vertex -0.501006 -0.673145 3.478288
endloop
endfacet
facet normal -0.203657 -0.979042 0
outer loop
vertex -0.501006 -0.673145 3.478288
vertex -0.419897 -0.690017 3.476211
vertex -0.419897 -0.690017 3.694296
endloop
endfacet
facet normal -0.203656 -0.979042 -1.15963e-07
outer loop
vertex -0.501006 -0.673145 3.478288
vertex -0.419897 -0.690017 3.694296
vertex -0.456032 -0.682500 3.695004
endloop
endfacet
facet normal -0.575219 -0.817999 0
outer loop
vertex -0.382775 -0.716121 3.694489
vertex -0.419897 -0.690017 3.694296
vertex -0.419897 -0.690017 3.476211
endloop
endfacet
facet normal -0.57522 -0.817999 0
outer loop
vertex -0.419897 -0.690017 3.476211
vertex -0.352393 -0.737486 3.476839
vertex -0.352393 -0.737486 3.694858
endloop
endfacet
facet normal -0.57522 -0.817999 8.63351e-08
outer loop
vertex -0.419897 -0.690017 3.476211
vertex -0.352393 -0.737486 3.694858
vertex -0.382775 -0.716121 3.694489
endloop
endfacet
facet normal -0.081745 -0.996653 0
outer loop
vertex -1.621186 -0.671517 3.788601
vertex -1.666189 -0.667826 3.795550
vertex -1.666189 -0.667826 3.579449
endloop
endfacet
facet normal -0.0817447 -0.996653 0
outer loop
vertex -1.666189 -0.667826 3.579449
vertex -1.601448 -0.673136 3.571236
vertex -1.601448 -0.673136 3.785704
endloop
endfacet
facet normal -0.0817442 -0.996653 -1.60066e-07
outer loop
vertex -1.666189 -0.667826 3.579449
vertex -1.601448 -0.673136 3.785704
vertex -1.621186 -0.671517 3.788601
endloop
endfacet
facet normal -0.998947 -0.0458767 -0
outer loop
vertex -1.788677 -0.485170 3.805548
vertex -1.788677 -0.485170 3.587990
vertex -1.785361 -0.557373 3.590538
endloop
endfacet
facet normal -0.998947 -0.0458742 0
outer loop
vertex -1.785361 -0.557373 3.590538
vertex -1.785361 -0.557373 3.808219
vertex -1.786076 -0.541800 3.807446
endloop
endfacet
facet normal -0.998947 -0.0458774 2.28441e-07
outer loop
vertex -1.785361 -0.557373 3.590538
vertex -1.786076 -0.541800 3.807446
vertex -1.788677 -0.485170 3.805548
endloop
endfacet
facet normal 0.99596 0.0898015 0
outer loop
vertex -0.942421 -1.935681 3.856197
vertex -0.942421 -1.935681 3.636209
vertex -0.949337 -1.858978 3.625042
endloop
endfacet
facet normal 0.99596 0.0898015 0
outer loop
vertex -0.942421 -1.935681 3.856197
vertex -0.949337 -1.858978 3.625042
vertex -0.949337 -1.858978 3.844983
endloop
endfacet
facet normal 0.896494 0.443056 0
outer loop
vertex -0.877789 -2.119170 3.879551
vertex -0.876288 -2.122207 3.879948
vertex -0.876288 -2.122207 3.661785
endloop
endfacet
facet normal 0.896497 0.443049 0
outer loop
vertex -0.876288 -2.122207 3.661785
vertex -0.909937 -2.054119 3.652776
vertex -0.909937 -2.054119 3.871938
endloop
endfacet
facet normal 0.896497 0.443049 1.28261e-07
outer loop
vertex -0.876288 -2.122207 3.661785
vertex -0.909937 -2.054119 3.871938
vertex -0.877789 -2.119170 3.879551
endloop
endfacet
facet normal -0.0125767 0.999921 0
outer loop
vertex -0.280830 -2.398284 3.684242
vertex -0.417273 -2.400000 3.688400
vertex -0.417273 -2.400000 3.903918
endloop
endfacet
facet normal -0.0125767 0.999921 0
outer loop
vertex -0.280830 -2.398284 3.684242
vertex -0.417273 -2.400000 3.903918
vertex -0.280830 -2.398284 3.900249
endloop
endfacet
facet normal -0.320779 0.947154 0
outer loop
vertex -0.087473 -2.347167 3.671636
vertex -0.194274 -2.383338 3.679719
vertex -0.194274 -2.383338 3.896274
endloop
endfacet
facet normal -0.320779 0.947154 0
outer loop
vertex -0.087473 -2.347167 3.671636
vertex -0.194274 -2.383338 3.896274
vertex -0.087473 -2.347167 3.889285
endloop
endfacet
facet normal -0.954843 0.297112 0
outer loop
vertex 2.184249 0.347936 3.646534
vertex 2.154986 0.253892 3.639158
vertex 2.154986 0.253892 3.858925
endloop
endfacet
facet normal -0.954843 0.297112 0
outer loop
vertex 2.184249 0.347936 3.646534
vertex 2.154986 0.253892 3.858925
vertex 2.184249 0.347936 3.866146
endloop
endfacet
facet normal -0.998167 -0.0605185 0
outer loop
vertex 2.192577 0.568499 3.656119
vertex 2.198574 0.469584 3.653051
vertex 2.198574 0.469584 3.872080
endloop
endfacet
facet normal -0.998167 -0.0605185 0
outer loop
vertex 2.192577 0.568499 3.656119
vertex 2.198574 0.469584 3.872080
vertex 2.192577 0.568499 3.875157
endloop
endfacet
facet normal 0.688363 0.725367 0
outer loop
vertex 1.758423 0.582371 3.587847
vertex 1.716924 0.621753 3.583958
vertex 1.716924 0.621753 3.800997
endloop
endfacet
facet normal 0.688363 0.725367 -0
outer loop
vertex 1.758423 0.582371 3.587847
vertex 1.716924 0.621753 3.800997
vertex 1.758423 0.582371 3.805357
endloop
endfacet
facet normal -0.983408 -0.181406 0
outer loop
vertex 0.939521 1.982697 3.643391
vertex 0.953099 1.909090 3.632915
vertex 0.953099 1.909090 3.852908
endloop
endfacet
facet normal -0.983408 -0.181406 0
outer loop
vertex 0.939521 1.982697 3.643391
vertex 0.953099 1.909090 3.852908
vertex 0.939521 1.982697 3.863168
endloop
endfacet
facet normal -0.891516 -0.452989 0
outer loop
vertex 0.880980 2.122539 3.662173
vertex 0.915589 2.054426 3.653241
vertex 0.915589 2.054426 3.872394
endloop
endfacet
facet normal -0.891516 -0.452989 0
outer loop
vertex 0.880980 2.122539 3.662173
vertex 0.915589 2.054426 3.872394
vertex 0.880980 2.122539 3.880296
endloop
endfacet
facet normal -0.529089 -0.848566 0
outer loop
vertex 0.699391 2.305584 3.899049
vertex 0.659067 2.330727 3.901514
vertex 0.659067 2.330727 3.685690
endloop
endfacet
facet normal -0.529088 -0.848567 0
outer loop
vertex 0.659067 2.330727 3.685690
vertex 0.724412 2.289984 3.681758
vertex 0.724412 2.289984 3.897992
endloop
endfacet
facet normal -0.529086 -0.848568 -8.44483e-07
outer loop
vertex 0.659067 2.330727 3.685690
vertex 0.724412 2.289984 3.897992
vertex 0.699391 2.305584 3.899049
endloop
endfacet
facet normal -0.165014 0.986291 0
outer loop
vertex 0.357190 1.991971 3.614536
vertex 0.278849 1.978864 3.610443
vertex 0.278849 1.978864 3.830112
endloop
endfacet
facet normal -0.165014 0.986291 0
outer loop
vertex 0.357190 1.991971 3.614536
vertex 0.278849 1.978864 3.830112
vertex 0.357190 1.991971 3.834244
endloop
endfacet
facet normal 0.764116 -0.645079 0
outer loop
vertex -1.961746 0.000000 3.823527
vertex -2.051015 -0.105742 3.839466
vertex -2.051015 -0.105742 3.619450
endloop
endfacet
facet normal 0.764116 -0.645079 0
outer loop
vertex -0.088042 2.219462 3.648211
vertex -0.088042 2.219462 3.867742
vertex -0.204958 2.080971 3.845343
endloop
endfacet
facet normal 0.764116 -0.645079 2.61465e-07
outer loop
vertex -0.088042 2.219462 3.648211
vertex -0.204958 2.080971 3.845343
vertex -0.374082 1.880638 3.816058
endloop
endfacet
facet normal 0.764116 -0.645079 0
outer loop
vertex -1.811152 0.178383 3.799596
vertex -1.961746 0.000000 3.823527
vertex -2.051015 -0.105742 3.619450
endloop
endfacet
facet normal 0.764116 -0.645079 -4.28713e-07
outer loop
vertex -1.679685 0.334110 3.781487
vertex -1.811152 0.178383 3.799596
vertex -2.051015 -0.105742 3.619450
endloop
endfacet
facet normal 0.764116 -0.645079 0
outer loop
vertex -0.088042 2.219462 3.648211
vertex -0.374082 1.880638 3.816058
vertex -0.518568 1.709490 3.793942
endloop
endfacet
facet normal 0.764116 -0.645078 1.49454e-06
outer loop
vertex -0.088042 2.219462 3.648211
vertex -0.518568 1.709490 3.793942
vertex -0.645711 1.558885 3.777223
endloop
endfacet
facet normal 0.764116 -0.645079 5.97064e-07
outer loop
vertex -1.561788 0.473763 3.767899
vertex -1.679685 0.334110 3.781487
vertex -2.051015 -0.105742 3.619450
endloop
endfacet
facet normal 0.764116 -0.645079 0
outer loop
vertex -1.453484 0.602053 3.757973
vertex -1.561788 0.473763 3.767899
vertex -2.051015 -0.105742 3.619450
endloop
endfacet
facet normal 0.764116 -0.645079 -1.14227e-06
outer loop
vertex -2.051015 -0.105742 3.619450
vertex -0.088042 2.219462 3.648211
vertex -0.645711 1.558885 3.777223
endloop
endfacet
facet normal 0.764105 -0.645092 0.000264619
outer loop
vertex -2.051015 -0.105742 3.619450
vertex -0.645711 1.558885 3.777223
vertex -0.760539 1.422868 3.764745
endloop
endfacet
facet normal 0.764116 -0.645079 -1.32247e-06
outer loop
vertex -1.351770 0.722536 3.751142
vertex -1.453484 0.602053 3.757973
vertex -2.051015 -0.105742 3.619450
endloop
endfacet
facet normal 0.764116 -0.645079 0
outer loop
vertex -1.254244 0.838059 3.747044
vertex -1.351770 0.722536 3.751142
vertex -2.051015 -0.105742 3.619450
endloop
endfacet
facet normal 0.764118 -0.645077 0
outer loop
vertex -2.051015 -0.105742 3.619450
vertex -0.760539 1.422868 3.764745
vertex -0.866703 1.297113 3.755743
endloop
endfacet
facet normal 0.764116 -0.645079 1.17727e-05
outer loop
vertex -2.051015 -0.105742 3.619450
vertex -0.866703 1.297113 3.755743
vertex -0.967006 1.178301 3.749716
endloop
endfacet
facet normal 0.764116 -0.645079 1.79019e-06
outer loop
vertex -1.158856 0.951049 3.745471
vertex -1.254244 0.838059 3.747044
vertex -2.051015 -0.105742 3.619450
endloop
endfacet
facet normal 0.764117 -0.645078 0
outer loop
vertex -2.051015 -0.105742 3.619450
vertex -0.967006 1.178301 3.749716
vertex -1.063729 1.063729 3.746347
endloop
endfacet
facet normal 0.764116 -0.645079 0
outer loop
vertex -2.051015 -0.105742 3.619450
vertex -1.063729 1.063729 3.746347
vertex -1.158856 0.951049 3.745471
endloop
endfacet
facet normal 0.993766 -0.111488 0
outer loop
vertex -2.191216 -0.435860 3.869489
vertex -2.198574 -0.501445 3.873387
vertex -2.198574 -0.501445 3.654294
endloop
endfacet
facet normal 0.993766 -0.111489 0
outer loop
vertex -2.198574 -0.501445 3.654294
vertex -2.184860 -0.379203 3.647554
vertex -2.184860 -0.379203 3.867023
endloop
endfacet
facet normal 0.993766 -0.111489 1.03009e-07
outer loop
vertex -2.198574 -0.501445 3.654294
vertex -2.184860 -0.379203 3.867023
vertex -2.191216 -0.435860 3.869489
endloop
endfacet
facet normal 0.903678 0.428213 0
outer loop
vertex -2.120364 -0.806351 3.875675
vertex -2.120364 -0.806351 3.656744
vertex -2.163646 -0.715011 3.658610
endloop
endfacet
facet normal 0.903678 0.428213 0
outer loop
vertex -2.120364 -0.806351 3.875675
vertex -2.163646 -0.715011 3.658610
vertex -2.163646 -0.715011 3.877361
endloop
endfacet
facet normal 0.568897 0.822408 0
outer loop
vertex -1.920390 -1.005054 3.638741
vertex -1.997985 -0.951378 3.646737
vertex -1.997985 -0.951378 3.866359
endloop
endfacet
facet normal 0.568897 0.822408 -0
outer loop
vertex -1.920390 -1.005054 3.638741
vertex -1.997985 -0.951378 3.866359
vertex -1.920390 -1.005054 3.858386
endloop
endfacet
facet normal -0.00268735 -0.999996 0
outer loop
vertex 0.865985 1.055206 3.726707
vertex 0.767330 1.055471 3.723291
vertex 0.767330 1.055471 3.518410
endloop
endfacet
facet normal -0.00268698 -0.999996 0
outer loop
vertex 0.767330 1.055471 3.518410
vertex 1.662756 1.053065 3.605624
vertex 1.662756 1.053065 3.824911
endloop
endfacet
facet normal -0.00268665 -0.999996 -9.67144e-07
outer loop
vertex 0.767330 1.055471 3.518410
vertex 1.662756 1.053065 3.824911
vertex 1.576370 1.053297 3.812414
endloop
endfacet
facet normal -0.00268516 -0.999996 -1.03807e-06
outer loop
vertex 0.918105 1.055066 3.728742
vertex 0.865985 1.055206 3.726707
vertex 0.767330 1.055471 3.518410
endloop
endfacet
facet normal -0.00268716 -0.999996 3.98238e-07
outer loop
vertex 1.054699 1.054699 3.744193
vertex 0.918105 1.055066 3.728742
vertex 0.767330 1.055471 3.518410
endloop
endfacet
facet normal -0.00268697 -0.999996 -8.86327e-08
outer loop
vertex 0.767330 1.055471 3.518410
vertex 1.576370 1.053297 3.812414
vertex 1.284402 1.054082 3.772875
endloop
endfacet
facet normal -0.00268729 -0.999996 5.67122e-07
outer loop
vertex 0.767330 1.055471 3.518410
vertex 1.284402 1.054082 3.772875
vertex 1.054699 1.054699 3.744193
endloop
endfacet
facet normal -0.990108 -0.140304 0
outer loop
vertex -0.309080 -0.808107 3.480073
vertex -0.297411 -0.890454 3.485408
vertex -0.297411 -0.890454 3.701930
endloop
endfacet
facet normal -0.990109 -0.140304 0
outer loop
vertex -0.309080 -0.808107 3.480073
vertex -0.297411 -0.890454 3.701930
vertex -0.309080 -0.808107 3.697637
endloop
endfacet
facet normal -0.903634 -0.428305 0
outer loop
vertex -1.785361 -0.557373 3.590538
vertex -1.758792 -0.613428 3.589391
vertex -1.758792 -0.613428 3.807183
endloop
endfacet
facet normal -0.903634 -0.428305 0
outer loop
vertex -1.785361 -0.557373 3.590538
vertex -1.758792 -0.613428 3.807183
vertex -1.785361 -0.557373 3.808219
endloop
endfacet
facet normal 0.998988 -0.0449776 0
outer loop
vertex -0.945262 -1.768460 3.830865
vertex -0.949337 -1.858978 3.844983
vertex -0.949337 -1.858978 3.625042
endloop
endfacet
facet normal 0.998988 -0.0449775 0
outer loop
vertex -0.949337 -1.858978 3.625042
vertex -0.944939 -1.761295 3.610500
vertex -0.944939 -1.761295 3.829799
endloop
endfacet
facet normal 0.998988 -0.0449765 -4.81111e-07
outer loop
vertex -0.949337 -1.858978 3.625042
vertex -0.944939 -1.761295 3.829799
vertex -0.945262 -1.768460 3.830865
endloop
endfacet
facet normal 0.472557 -0.8813 0
outer loop
vertex -0.270860 -1.980703 3.830221
vertex -0.270860 -1.980703 3.610559
vertex -0.212263 -1.949283 3.604461
endloop
endfacet
facet normal 0.472557 -0.8813 0
outer loop
vertex -0.270860 -1.980703 3.830221
vertex -0.212263 -1.949283 3.604461
vertex -0.212263 -1.949283 3.823518
endloop
endfacet
facet normal -0.884026 0.467438 0
outer loop
vertex 2.154986 0.253892 3.858925
vertex 2.154986 0.253892 3.639158
vertex 2.097757 0.145660 3.627644
endloop
endfacet
facet normal -0.884026 0.467439 0
outer loop
vertex 2.097757 0.145660 3.627644
vertex 2.097757 0.145660 3.847684
vertex 2.131756 0.209960 3.853954
endloop
endfacet
facet normal -0.884027 0.467437 7.27257e-07
outer loop
vertex 2.097757 0.145660 3.627644
vertex 2.131756 0.209960 3.853954
vertex 2.154986 0.253892 3.858925
endloop
endfacet
facet normal -0.175341 -0.984508 -0
outer loop
vertex 1.662756 1.053065 3.824911
vertex 1.662756 1.053065 3.605624
vertex 1.795080 1.029498 3.622034
endloop
endfacet
facet normal -0.175341 -0.984508 0
outer loop
vertex 1.662756 1.053065 3.824911
vertex 1.795080 1.029498 3.622034
vertex 1.795080 1.029498 3.842038
endloop
endfacet
facet normal 0.999964 0.00846536 0
outer loop
vertex 0.547313 1.809367 3.811490
vertex 0.547313 1.809367 3.593558
vertex 0.546839 1.865355 3.601803
endloop
endfacet
facet normal 0.999964 0.00846536 0
outer loop
vertex 0.547313 1.809367 3.811490
vertex 0.546839 1.865355 3.601803
vertex 0.546839 1.865355 3.820645
endloop
endfacet
facet normal -0.142208 -0.989837 0
outer loop
vertex 0.475423 2.390113 3.903708
vertex 0.413155 2.399059 3.903659
vertex 0.413155 2.399059 3.688081
endloop
endfacet
facet normal -0.142208 -0.989837 0
outer loop
vertex 0.413155 2.399059 3.688081
vertex 0.513643 2.384622 3.689048
vertex 0.513643 2.384622 3.904377
endloop
endfacet
facet normal -0.142209 -0.989837 1.40534e-07
outer loop
vertex 0.413155 2.399059 3.688081
vertex 0.513643 2.384622 3.904377
vertex 0.475423 2.390113 3.903708
endloop
endfacet
facet normal 0.893413 -0.449237 0
outer loop
vertex -2.118327 -0.208637 3.851677
vertex -2.157268 -0.286081 3.860104
vertex -2.157268 -0.286081 3.640252
endloop
endfacet
facet normal 0.893412 -0.449238 0
outer loop
vertex -2.157268 -0.286081 3.640252
vertex -2.102159 -0.176484 3.628785
vertex -2.102159 -0.176484 3.848682
endloop
endfacet
facet normal 0.893412 -0.449238 6.50982e-07
outer loop
vertex -2.157268 -0.286081 3.640252
vertex -2.102159 -0.176484 3.848682
vertex -2.118327 -0.208637 3.851677
endloop
endfacet
facet normal 0.970016 0.243041 0
outer loop
vertex -2.177309 -0.660479 3.876431
vertex -2.163646 -0.715011 3.877361
vertex -2.163646 -0.715011 3.658610
endloop
endfacet
facet normal 0.970016 0.24304 0
outer loop
vertex -2.163646 -0.715011 3.658610
vertex -2.193284 -0.596720 3.657564
vertex -2.193284 -0.596720 3.876431
endloop
endfacet
facet normal 0.970017 0.243039 4.79732e-07
outer loop
vertex -2.163646 -0.715011 3.658610
vertex -2.193284 -0.596720 3.876431
vertex -2.177309 -0.660479 3.876431
endloop
endfacet
facet normal 0.963032 -0.269386 0
outer loop
vertex 0.421296 1.334386 3.728742
vertex 0.301500 0.906126 3.702871
vertex 0.301500 0.906126 3.486638
endloop
endfacet
facet normal 0.963032 -0.269386 0
outer loop
vertex 0.301500 0.906126 3.486638
vertex 0.530213 1.723756 3.580666
vertex 0.530213 1.723756 3.796874
endloop
endfacet
facet normal 0.963032 -0.269386 0
outer loop
vertex 0.301500 0.906126 3.486638
vertex 0.530213 1.723756 3.796874
vertex 0.421296 1.334386 3.728742
endloop
endfacet
facet normal -0.965633 0.25991 0
outer loop
vertex -0.297411 -0.890454 3.701930
vertex -0.297411 -0.890454 3.485408
vertex -0.522095 -1.725215 3.580525
endloop
endfacet
facet normal -0.965633 0.259909 0
outer loop
vertex -0.522095 -1.725215 3.580525
vertex -0.522095 -1.725215 3.796664
vertex -0.512307 -1.688850 3.790303
endloop
endfacet
facet normal -0.965633 0.25991 0
outer loop
vertex -0.417286 -1.335821 3.728742
vertex -0.297411 -0.890454 3.701930
vertex -0.522095 -1.725215 3.580525
endloop
endfacet
facet normal -0.965633 0.25991 -1.23765e-07
outer loop
vertex -0.522095 -1.725215 3.580525
vertex -0.512307 -1.688850 3.790303
vertex -0.417286 -1.335821 3.728742
endloop
endfacet
facet normal -0.681371 -0.731938 -0
outer loop
vertex -1.758792 -0.613428 3.807183
vertex -1.758792 -0.613428 3.589391
vertex -1.721533 -0.648113 3.585939
endloop
endfacet
facet normal -0.681371 -0.731938 0
outer loop
vertex -1.758792 -0.613428 3.807183
vertex -1.721533 -0.648113 3.585939
vertex -1.721533 -0.648113 3.803231
endloop
endfacet
facet normal -0.833026 0.553233 0
outer loop
vertex -1.734466 -0.363845 3.576178
vertex -1.767550 -0.413661 3.582389
vertex -1.767550 -0.413661 3.799151
endloop
endfacet
facet normal -0.833026 0.553233 0
outer loop
vertex -1.734466 -0.363845 3.576178
vertex -1.767550 -0.413661 3.799151
vertex -1.734466 -0.363845 3.791684
endloop
endfacet
facet normal -0.33554 -0.942026 -0
outer loop
vertex -1.721533 -0.648113 3.803231
vertex -1.721533 -0.648113 3.585939
vertex -1.666189 -0.667826 3.579449
endloop
endfacet
facet normal -0.33554 -0.942026 0
outer loop
vertex -1.721533 -0.648113 3.803231
vertex -1.666189 -0.667826 3.579449
vertex -1.666189 -0.667826 3.795550
endloop
endfacet
facet normal 0.810393 -0.585887 0
outer loop
vertex -2.102159 -0.176484 3.848682
vertex -2.102159 -0.176484 3.628785
vertex -2.051015 -0.105742 3.619450
endloop
endfacet
facet normal 0.810393 -0.585887 0
outer loop
vertex -2.102159 -0.176484 3.848682
vertex -2.051015 -0.105742 3.619450
vertex -2.051015 -0.105742 3.839466
endloop
endfacet
facet normal 0.170969 0.985276 0
outer loop
vertex -1.665272 -1.079189 3.608198
vertex -1.796608 -1.056399 3.624509
vertex -1.796608 -1.056399 3.844596
endloop
endfacet
facet normal 0.170969 0.985276 -0
outer loop
vertex -1.665272 -1.079189 3.608198
vertex -1.796608 -1.056399 3.844596
vertex -1.665272 -1.079189 3.827545
endloop
endfacet
facet normal -0.764738 0.644341 0
outer loop
vertex 0.000000 1.694712 3.778470
vertex 0.180712 1.909191 3.816157
vertex 0.180712 1.909191 3.597748
endloop
endfacet
facet normal -0.764738 0.644342 0
outer loop
vertex -1.734466 -0.363845 3.576178
vertex -1.734466 -0.363845 3.791684
vertex -1.715398 -0.341214 3.787630
endloop
endfacet
facet normal -0.764738 0.644341 1.49754e-07
outer loop
vertex -1.734466 -0.363845 3.576178
vertex -1.715398 -0.341214 3.787630
vertex -1.557122 -0.153363 3.756525
endloop
endfacet
facet normal -0.764738 0.644341 1.49125e-07
outer loop
vertex -0.149445 1.517343 3.749780
vertex 0.000000 1.694712 3.778470
vertex 0.180712 1.909191 3.597748
endloop
endfacet
facet normal -0.764738 0.644341 0
outer loop
vertex -0.270673 1.373463 3.728742
vertex -0.149445 1.517343 3.749780
vertex 0.180712 1.909191 3.597748
endloop
endfacet
facet normal -0.764738 0.644341 0
outer loop
vertex -1.734466 -0.363845 3.576178
vertex -1.557122 -0.153363 3.756525
vertex -1.427903 0.000000 3.733450
endloop
endfacet
facet normal -0.764739 0.644341 0
outer loop
vertex -1.734466 -0.363845 3.576178
vertex -1.427903 0.000000 3.733450
vertex -1.398272 0.035168 3.728742
endloop
endfacet
facet normal -0.764738 0.644341 0
outer loop
vertex -0.270673 1.373463 3.728742
vertex 0.180712 1.909191 3.597748
vertex -1.734466 -0.363845 3.576178
endloop
endfacet
facet normal -0.764745 0.644333 0.000148428
outer loop
vertex -0.272716 1.371038 3.728619
vertex -0.270673 1.373463 3.728742
vertex -1.734466 -0.363845 3.576178
endloop
endfacet
facet normal -0.764739 0.644341 1.40747e-06
outer loop
vertex -1.734466 -0.363845 3.576178
vertex -1.398272 0.035168 3.728742
vertex -1.318488 0.129860 3.724365
endloop
endfacet
facet normal -0.764738 0.644341 -1.19659e-06
outer loop
vertex -1.734466 -0.363845 3.576178
vertex -1.318488 0.129860 3.724365
vertex -1.222943 0.243258 3.719823
endloop
endfacet
facet normal -0.764738 0.644341 -6.07942e-06
outer loop
vertex -0.377996 1.246086 3.723042
vertex -0.272716 1.371038 3.728619
vertex -1.734466 -0.363845 3.576178
endloop
endfacet
facet normal -0.764738 0.644341 -3.65423e-06
outer loop
vertex -0.470614 1.136163 3.718826
vertex -0.377996 1.246086 3.723042
vertex -1.734466 -0.363845 3.576178
endloop
endfacet
facet normal -0.764739 0.644341 0
outer loop
vertex -1.734466 -0.363845 3.576178
vertex -1.222943 0.243258 3.719823
vertex -1.137238 0.344977 3.716416
endloop
endfacet
facet normal -0.764738 0.644341 0
outer loop
vertex -1.734466 -0.363845 3.576178
vertex -1.137238 0.344977 3.716416
vertex -1.058489 0.438441 3.713928
endloop
endfacet
facet normal -0.764739 0.644341 7.84896e-06
outer loop
vertex -0.554240 1.036910 3.715678
vertex -0.470614 1.136163 3.718826
vertex -1.734466 -0.363845 3.576178
endloop
endfacet
facet normal -0.764738 0.644341 -2.96267e-06
outer loop
vertex -0.631540 0.945167 3.713406
vertex -0.554240 1.036910 3.715678
vertex -1.734466 -0.363845 3.576178
endloop
endfacet
facet normal -0.764738 0.644341 -6.76976e-06
outer loop
vertex -1.734466 -0.363845 3.576178
vertex -1.058489 0.438441 3.713928
vertex -0.984517 0.526235 3.712217
endloop
endfacet
facet normal -0.764739 0.644341 3.68616e-06
outer loop
vertex -1.734466 -0.363845 3.576178
vertex -0.984517 0.526235 3.712217
vertex -0.913576 0.610432 3.711193
endloop
endfacet
facet normal -0.764739 0.644341 1.15118e-06
outer loop
vertex -0.704557 0.858506 3.711884
vertex -0.631540 0.945167 3.713406
vertex -1.734466 -0.363845 3.576178
endloop
endfacet
facet normal -0.764738 0.644341 -4.98088e-06
outer loop
vertex -0.774955 0.774955 3.711030
vertex -0.704557 0.858506 3.711884
vertex -1.734466 -0.363845 3.576178
endloop
endfacet
facet normal -0.764739 0.644341 0
outer loop
vertex -1.734466 -0.363845 3.576178
vertex -0.913576 0.610432 3.711193
vertex -0.844177 0.692798 3.710804
endloop
endfacet
facet normal -0.764738 0.644341 8.42468e-06
outer loop
vertex -1.734466 -0.363845 3.576178
vertex -0.844177 0.692798 3.710804
vertex -0.774955 0.774955 3.711030
endloop
endfacet
facet normal 0.00260062 0.999997 0
outer loop
vertex -0.768942 -1.081520 3.724568
vertex -0.768942 -1.081520 3.520746
vertex -1.665272 -1.079189 3.608198
endloop
endfacet
facet normal 0.00260098 0.999997 -0
outer loop
vertex -1.665272 -1.079189 3.608198
vertex -1.665272 -1.079189 3.827545
vertex -1.615315 -1.079319 3.820317
endloop
endfacet
facet normal 0.00260043 0.999997 1.3037e-07
outer loop
vertex -1.665272 -1.079189 3.608198
vertex -1.615315 -1.079319 3.820317
vertex -1.316102 -1.080097 3.779795
endloop
endfacet
facet normal 0.00260089 0.999997 -2.07226e-06
outer loop
vertex -0.887328 -1.081212 3.728666
vertex -0.768942 -1.081520 3.724568
vertex -1.665272 -1.079189 3.608198
endloop
endfacet
facet normal 0.00259081 0.999997 6.29877e-05
outer loop
vertex -0.889262 -1.081207 3.728742
vertex -0.887328 -1.081212 3.728666
vertex -1.665272 -1.079189 3.608198
endloop
endfacet
facet normal 0.0026009 0.999997 -8.23874e-07
outer loop
vertex -1.665272 -1.079189 3.608198
vertex -1.316102 -1.080097 3.779795
vertex -1.080709 -1.080709 3.750399
endloop
endfacet
facet normal 0.00260041 0.999997 1.16461e-06
outer loop
vertex -1.665272 -1.079189 3.608198
vertex -1.080709 -1.080709 3.750399
vertex -0.889262 -1.081207 3.728742
endloop
endfacet
facet normal -0.695927 0.718113 0
outer loop
vertex 0.220105 1.947367 3.823392
vertex 0.220105 1.947367 3.604297
vertex 0.180712 1.909191 3.597748
endloop
endfacet
facet normal -0.695927 0.718113 0
outer loop
vertex 0.180712 1.909191 3.597748
vertex 0.180712 1.909191 3.816157
vertex 0.188812 1.917041 3.817549
endloop
endfacet
facet normal -0.695926 0.718113 -2.44769e-08
outer loop
vertex 0.180712 1.909191 3.597748
vertex 0.188812 1.917041 3.817549
vertex 0.220105 1.947367 3.823392
endloop
endfacet
facet normal -8.18903e-06 -1 0
outer loop
vertex -1.259354 -0.673139 3.733461
vertex -1.601448 -0.673136 3.785704
vertex -1.601448 -0.673136 3.571236
endloop
endfacet
facet normal -8.17881e-06 -1 0
outer loop
vertex -1.601448 -0.673136 3.571236
vertex -0.501006 -0.673145 3.478288
vertex -0.501006 -0.673145 3.696128
endloop
endfacet
facet normal -8.12822e-06 -1 -4.45775e-07
outer loop
vertex -1.601448 -0.673136 3.571236
vertex -0.501006 -0.673145 3.696128
vertex -0.552435 -0.673145 3.697915
endloop
endfacet
facet normal -7.52419e-06 -1 -1.40199e-06
outer loop
vertex -1.226788 -0.673139 3.728742
vertex -1.259354 -0.673139 3.733461
vertex -1.601448 -0.673136 3.571236
endloop
endfacet
facet normal -8.39036e-06 -1 6.58364e-07
outer loop
vertex -1.007427 -0.673141 3.717768
vertex -1.226788 -0.673139 3.728742
vertex -1.601448 -0.673136 3.571236
endloop
endfacet
facet normal -8.34243e-06 -1 1.32815e-06
outer loop
vertex -1.601448 -0.673136 3.571236
vertex -0.552435 -0.673145 3.697915
vertex -0.673144 -0.673144 3.702643
endloop
endfacet
facet normal -8.00278e-06 -1 -9.1283e-07
outer loop
vertex -0.820226 -0.673142 3.708999
vertex -1.007427 -0.673141 3.717768
vertex -1.601448 -0.673136 3.571236
endloop
endfacet
facet normal -8.11649e-06 -1 -2.67984e-07
outer loop
vertex -1.601448 -0.673136 3.571236
vertex -0.673144 -0.673144 3.702643
vertex -0.820226 -0.673142 3.708999
endloop
endfacet
facet normal -0.472536 0.881311 0
outer loop
vertex 0.278849 1.978864 3.610443
vertex 0.220105 1.947367 3.604297
vertex 0.220105 1.947367 3.823392
endloop
endfacet
facet normal -0.472536 0.881311 0
outer loop
vertex 0.278849 1.978864 3.610443
vertex 0.220105 1.947367 3.823392
vertex 0.278849 1.978864 3.830112
endloop
endfacet
facet normal 0.964352 -0.264622 0
outer loop
vertex -0.801202 -1.199083 3.735850
vertex -0.916760 -1.620207 3.806908
vertex -0.916760 -1.620207 3.589226
endloop
endfacet
facet normal 0.964352 -0.264622 0
outer loop
vertex -0.916760 -1.620207 3.589226
vertex -0.768942 -1.081520 3.520746
vertex -0.768942 -1.081520 3.724568
endloop
endfacet
facet normal 0.964352 -0.264622 -2.10755e-06
outer loop
vertex -0.789258 -1.155558 3.728742
vertex -0.801202 -1.199083 3.735850
vertex -0.916760 -1.620207 3.589226
endloop
endfacet
facet normal 0.964352 -0.264623 1.17123e-06
outer loop
vertex -0.916760 -1.620207 3.589226
vertex -0.768942 -1.081520 3.724568
vertex -0.789258 -1.155558 3.728742
endloop
endfacet
facet normal 0.4228 -0.906223 0
outer loop
vertex 0.035644 2.314674 3.883373
vertex 0.035644 2.314674 3.665294
vertex 0.137202 2.362056 3.674902
endloop
endfacet
facet normal 0.4228 -0.906223 0
outer loop
vertex 0.035644 2.314674 3.883373
vertex 0.137202 2.362056 3.674902
vertex 0.137202 2.362056 3.892210
endloop
endfacet
facet normal -0.980263 0.1977 0
outer loop
vertex -0.522095 -1.725215 3.580525
vertex -0.539560 -1.811812 3.593575
vertex -0.539560 -1.811812 3.811572
endloop
endfacet
facet normal -0.980263 0.1977 0
outer loop
vertex -0.522095 -1.725215 3.580525
vertex -0.539560 -1.811812 3.811572
vertex -0.522095 -1.725215 3.796664
endloop
endfacet
facet normal 0.120325 -0.992735 0
outer loop
vertex 0.235159 2.387605 3.897333
vertex 0.222654 2.386089 3.896973
vertex 0.222654 2.386089 3.680722
endloop
endfacet
facet normal 0.120321 -0.992735 0
outer loop
vertex 0.222654 2.386089 3.680722
vertex 0.337430 2.400000 3.685979
vertex 0.337430 2.400000 3.901939
endloop
endfacet
facet normal 0.12032 -0.992735 3.02059e-07
outer loop
vertex 0.222654 2.386089 3.680722
vertex 0.337430 2.400000 3.901939
vertex 0.235159 2.387605 3.897333
endloop
endfacet
facet normal 0.980632 -0.195858 0
outer loop
vertex -0.944939 -1.761295 3.829799
vertex -0.944939 -1.761295 3.610500
vertex -0.916760 -1.620207 3.589226
endloop
endfacet
facet normal 0.980632 -0.195858 0
outer loop
vertex -0.944939 -1.761295 3.829799
vertex -0.916760 -1.620207 3.589226
vertex -0.916760 -1.620207 3.806908
endloop
endfacet
facet normal 0.0777472 0.996973 0
outer loop
vertex 0.418998 1.987151 3.835356
vertex 0.418998 1.987151 3.615693
vertex 0.357190 1.991971 3.614536
endloop
endfacet
facet normal 0.0777465 0.996973 -0
outer loop
vertex 0.357190 1.991971 3.614536
vertex 0.357190 1.991971 3.834244
vertex 0.395631 1.988973 3.834696
endloop
endfacet
facet normal 0.0777484 0.996973 -3.25923e-07
outer loop
vertex 0.357190 1.991971 3.614536
vertex 0.395631 1.988973 3.834696
vertex 0.418998 1.987151 3.835356
endloop
endfacet
facet normal -0.999995 -0.00324399 0
outer loop
vertex -0.539560 -1.811812 3.593575
vertex -0.539376 -1.868532 3.601954
vertex -0.539376 -1.868532 3.820859
endloop
endfacet
facet normal -0.999995 -0.00324399 0
outer loop
vertex -0.539560 -1.811812 3.593575
vertex -0.539376 -1.868532 3.820859
vertex -0.539560 -1.811812 3.811572
endloop
endfacet
facet normal 0.383908 0.923371 0
outer loop
vertex 0.482269 1.960845 3.613811
vertex 0.418998 1.987151 3.615693
vertex 0.418998 1.987151 3.835356
endloop
endfacet
facet normal 0.383908 0.923371 -0
outer loop
vertex 0.482269 1.960845 3.613811
vertex 0.418998 1.987151 3.835356
vertex 0.482269 1.960845 3.833643
endloop
endfacet
facet normal -0.754174 -0.656675 0
outer loop
vertex -0.522967 -1.916834 3.608599
vertex -0.498639 -1.944774 3.611935
vertex -0.498639 -1.944774 3.831681
endloop
endfacet
facet normal -0.754174 -0.656675 0
outer loop
vertex -0.522967 -1.916834 3.608599
vertex -0.498639 -1.944774 3.831681
vertex -0.522967 -1.916834 3.828101
endloop
endfacet
facet normal -0.636462 -0.771308 -0
outer loop
vertex 0.724412 2.289984 3.897992
vertex 0.724412 2.289984 3.681758
vertex 0.783407 2.241303 3.676470
endloop
endfacet
facet normal -0.636462 -0.771308 0
outer loop
vertex 0.724412 2.289984 3.897992
vertex 0.783407 2.241303 3.676470
vertex 0.783407 2.241303 3.893606
endloop
endfacet
facet normal -0.541773 -0.840525 -0
outer loop
vertex -0.498639 -1.944774 3.831681
vertex -0.498639 -1.944774 3.611935
vertex -0.446677 -1.978267 3.615240
endloop
endfacet
facet normal -0.541773 -0.840525 0
outer loop
vertex -0.498639 -1.944774 3.831681
vertex -0.446677 -1.978267 3.615240
vertex -0.446677 -1.978267 3.835037
endloop
endfacet
facet normal 0.706848 0.707366 0
outer loop
vertex 0.530058 1.913091 3.608323
vertex 0.482269 1.960845 3.613811
vertex 0.482269 1.960845 3.833643
endloop
endfacet
facet normal 0.706848 0.707366 -0
outer loop
vertex 0.530058 1.913091 3.608323
vertex 0.482269 1.960845 3.833643
vertex 0.530058 1.913091 3.827779
endloop
endfacet
facet normal 0.538858 0.842397 0
outer loop
vertex -0.698613 -2.303019 3.898597
vertex -0.654078 -2.331507 3.901437
vertex -0.654078 -2.331507 3.685573
endloop
endfacet
facet normal 0.538856 0.842398 0
outer loop
vertex -0.654078 -2.331507 3.685573
vertex -0.730683 -2.282505 3.680751
vertex -0.730683 -2.282505 3.897159
endloop
endfacet
facet normal 0.538855 0.842399 -7.39528e-07
outer loop
vertex -0.654078 -2.331507 3.685573
vertex -0.730683 -2.282505 3.897159
vertex -0.698613 -2.303019 3.898597
endloop
endfacet
facet normal -0.999907 -0.0136007 -0
outer loop
vertex 0.953099 1.909090 3.852908
vertex 0.953099 1.909090 3.632915
vertex 0.954842 1.780950 3.614053
endloop
endfacet
facet normal -0.999907 -0.0135986 0
outer loop
vertex 0.954842 1.780950 3.614053
vertex 0.954842 1.780950 3.833507
vertex 0.954770 1.786249 3.834269
endloop
endfacet
facet normal -0.999907 -0.0136008 5.35129e-08
outer loop
vertex 0.954842 1.780950 3.614053
vertex 0.954770 1.786249 3.834269
vertex 0.953099 1.909090 3.852908
endloop
endfacet
facet normal 0.366612 0.930374 0
outer loop
vertex -0.529225 -2.380705 3.688951
vertex -0.654078 -2.331507 3.685573
vertex -0.654078 -2.331507 3.901437
endloop
endfacet
facet normal 0.366612 0.930374 -0
outer loop
vertex -0.529225 -2.380705 3.688951
vertex -0.654078 -2.331507 3.901437
vertex -0.529225 -2.380705 3.904374
endloop
endfacet
facet normal -0.989643 0.143547 0
outer loop
vertex 0.954842 1.780950 3.614053
vertex 0.940938 1.685093 3.599646
vertex 0.940938 1.685093 3.818410
endloop
endfacet
facet normal -0.989643 0.143547 0
outer loop
vertex 0.954842 1.780950 3.614053
vertex 0.940938 1.685093 3.818410
vertex 0.954842 1.780950 3.833507
endloop
endfacet
facet normal -0.2745 -0.961587 -0
outer loop
vertex -0.446677 -1.978267 3.835037
vertex -0.446677 -1.978267 3.615240
vertex -0.404770 -1.990230 3.615714
endloop
endfacet
facet normal -0.2745 -0.961587 0
outer loop
vertex -0.446677 -1.978267 3.835037
vertex -0.404770 -1.990230 3.615714
vertex -0.404770 -1.990230 3.835277
endloop
endfacet
facet normal 0.98063 -0.195872 0
outer loop
vertex 0.544320 1.794382 3.808911
vertex 0.530213 1.723756 3.796874
vertex 0.530213 1.723756 3.580666
endloop
endfacet
facet normal 0.98063 -0.195871 0
outer loop
vertex 0.530213 1.723756 3.580666
vertex 0.547313 1.809367 3.593558
vertex 0.547313 1.809367 3.811490
endloop
endfacet
facet normal 0.98063 -0.19587 -5.64098e-07
outer loop
vertex 0.530213 1.723756 3.580666
vertex 0.547313 1.809367 3.811490
vertex 0.544320 1.794382 3.808911
endloop
endfacet
facet normal -0.0660425 -0.997817 0
outer loop
vertex -0.395997 -1.990811 3.835012
vertex -0.404770 -1.990230 3.835277
vertex -0.404770 -1.990230 3.615714
endloop
endfacet
facet normal -0.0660476 -0.997816 0
outer loop
vertex -0.404770 -1.990230 3.615714
vertex -0.349929 -1.993860 3.614632
vertex -0.349929 -1.993860 3.834380
endloop
endfacet
facet normal -0.0660486 -0.997816 2.43483e-07
outer loop
vertex -0.404770 -1.990230 3.615714
vertex -0.349929 -1.993860 3.834380
vertex -0.395997 -1.990811 3.835012
endloop
endfacet
facet normal -0.964024 0.265814 0
outer loop
vertex 0.940938 1.685093 3.818410
vertex 0.940938 1.685093 3.599646
vertex 0.767330 1.055471 3.518410
endloop
endfacet
facet normal -0.964024 0.265814 0
outer loop
vertex 0.767330 1.055471 3.518410
vertex 0.767330 1.055471 3.723291
vertex 0.793965 1.152068 3.728742
endloop
endfacet
facet normal -0.964024 0.265814 -1.57325e-07
outer loop
vertex 0.810952 1.213676 3.738811
vertex 0.940938 1.685093 3.818410
vertex 0.767330 1.055471 3.518410
endloop
endfacet
facet normal -0.964024 0.265814 1.8727e-07
outer loop
vertex 0.767330 1.055471 3.518410
vertex 0.793965 1.152068 3.728742
vertex 0.810952 1.213676 3.738811
endloop
endfacet
facet normal -0.170155 0.985417 0
outer loop
vertex -0.235438 -2.390446 3.897814
vertex -0.194274 -2.383338 3.896274
vertex -0.194274 -2.383338 3.679719
endloop
endfacet
facet normal -0.170156 0.985417 0
outer loop
vertex -0.194274 -2.383338 3.679719
vertex -0.280830 -2.398284 3.684242
vertex -0.280830 -2.398284 3.900249
endloop
endfacet
facet normal -0.170157 0.985417 -4.91675e-07
outer loop
vertex -0.194274 -2.383338 3.679719
vertex -0.280830 -2.398284 3.900249
vertex -0.235438 -2.390446 3.897814
endloop
endfacet
facet normal 6.5619e-06 1 0
outer loop
vertex 1.562209 0.647088 3.777830
vertex 1.598543 0.647088 3.783609
vertex 1.598543 0.647088 3.569481
endloop
endfacet
facet normal 7.25744e-06 1 0
outer loop
vertex 1.598543 0.647088 3.569481
vertex 0.498014 0.647096 3.476786
vertex 0.498014 0.647096 3.694804
endloop
endfacet
facet normal 7.22511e-06 1 -2.84064e-07
outer loop
vertex 1.598543 0.647088 3.569481
vertex 0.498014 0.647096 3.694804
vertex 0.531058 0.647096 3.695952
endloop
endfacet
facet normal 7.39513e-06 1 1.45308e-07
outer loop
vertex 1.240774 0.647091 3.728742
vertex 1.562209 0.647088 3.777830
vertex 1.598543 0.647088 3.569481
endloop
endfacet
facet normal 6.07856e-06 1 -2.81229e-06
outer loop
vertex 1.210622 0.647091 3.727152
vertex 1.240774 0.647091 3.728742
vertex 1.598543 0.647088 3.569481
endloop
endfacet
facet normal 7.2081e-06 1 -4.27477e-07
outer loop
vertex 1.598543 0.647088 3.569481
vertex 0.531058 0.647096 3.695952
vertex 0.647095 0.647095 3.700497
endloop
endfacet
facet normal 7.19049e-06 1 -5.5537e-07
outer loop
vertex 1.598543 0.647088 3.569481
vertex 0.647095 0.647095 3.700497
vertex 0.788486 0.647094 3.706607
endloop
endfacet
facet normal 7.36579e-06 1 3.54722e-07
outer loop
vertex 0.968442 0.647093 3.715037
vertex 1.210622 0.647091 3.727152
vertex 1.598543 0.647088 3.569481
endloop
endfacet
facet normal 7.28629e-06 1 1.05584e-08
outer loop
vertex 1.598543 0.647088 3.569481
vertex 0.788486 0.647094 3.706607
vertex 0.968442 0.647093 3.715037
endloop
endfacet
facet normal 0.695181 -0.718835 0
outer loop
vertex -0.189853 -1.927611 3.819341
vertex -0.212263 -1.949283 3.823518
vertex -0.212263 -1.949283 3.604461
endloop
endfacet
facet normal 0.695181 -0.718834 0
outer loop
vertex -0.212263 -1.949283 3.604461
vertex -0.174638 -1.912896 3.598231
vertex -0.174638 -1.912896 3.816732
endloop
endfacet
facet normal 0.695183 -0.718833 -4.5263e-07
outer loop
vertex -0.212263 -1.949283 3.604461
vertex -0.174638 -1.912896 3.816732
vertex -0.189853 -1.927611 3.819341
endloop
endfacet
facet normal 0.0839438 0.996471 0
outer loop
vertex 1.662395 0.641709 3.577568
vertex 1.598543 0.647088 3.569481
vertex 1.598543 0.647088 3.783609
endloop
endfacet
facet normal 0.0839438 0.99647 -0
outer loop
vertex 1.662395 0.641709 3.577568
vertex 1.598543 0.647088 3.783609
vertex 1.662395 0.641709 3.793460
endloop
endfacet
facet normal 0.763109 -0.64627 0
outer loop
vertex -0.000000 -1.706685 3.780490
vertex -0.174638 -1.912896 3.816732
vertex -0.174638 -1.912896 3.598231
endloop
endfacet
facet normal 0.763109 -0.64627 0
outer loop
vertex 1.733234 0.339901 3.575330
vertex 1.733234 0.339901 3.790578
vertex 1.576907 0.155312 3.759879
endloop
endfacet
facet normal 0.763109 -0.64627 0
outer loop
vertex 1.733234 0.339901 3.575330
vertex 1.576907 0.155312 3.759879
vertex 1.445375 0.000000 3.736398
endloop
endfacet
facet normal 0.763109 -0.64627 -2.96621e-07
outer loop
vertex 0.150582 -1.528880 3.751736
vertex -0.000000 -1.706685 3.780490
vertex -0.174638 -1.912896 3.598231
endloop
endfacet
facet normal 0.763109 -0.64627 9.23791e-07
outer loop
vertex 0.274911 -1.382073 3.730286
vertex 0.150582 -1.528880 3.751736
vertex -0.174638 -1.912896 3.598231
endloop
endfacet
facet normal 0.763109 -0.64627 -9.66638e-07
outer loop
vertex 1.733234 0.339901 3.575330
vertex 1.445375 0.000000 3.736398
vertex 1.397206 -0.056878 3.728742
endloop
endfacet
facet normal 0.763109 -0.64627 8.87946e-07
outer loop
vertex 1.733234 0.339901 3.575330
vertex 1.397206 -0.056878 3.728742
vertex 1.334096 -0.131397 3.725279
endloop
endfacet
facet normal 0.763109 -0.64627 -2.96324e-07
outer loop
vertex 0.285037 -1.370116 3.728742
vertex 0.274911 -1.382073 3.730286
vertex -0.174638 -1.912896 3.598231
endloop
endfacet
facet normal 0.763109 -0.646269 -2.26607e-06
outer loop
vertex 0.381182 -1.256589 3.723682
vertex 0.285037 -1.370116 3.728742
vertex -0.174638 -1.912896 3.598231
endloop
endfacet
facet normal 0.763109 -0.64627 0
outer loop
vertex -0.174638 -1.912896 3.598231
vertex 1.733234 0.339901 3.575330
vertex 1.334096 -0.131397 3.725279
endloop
endfacet
facet normal 0.763109 -0.64627 0
outer loop
vertex -0.174638 -1.912896 3.598231
vertex 1.334096 -0.131397 3.725279
vertex 1.236995 -0.246054 3.720658
endloop
endfacet
facet normal 0.763109 -0.64627 3.41816e-07
outer loop
vertex 0.474738 -1.146119 3.719454
vertex 0.381182 -1.256589 3.723682
vertex -0.174638 -1.912896 3.598231
endloop
endfacet
facet normal 0.763109 -0.64627 1.56651e-06
outer loop
vertex 0.559265 -1.046311 3.716299
vertex 0.474738 -1.146119 3.719454
vertex -0.174638 -1.912896 3.598231
endloop
endfacet
facet normal 0.76311 -0.646269 0
outer loop
vertex -0.174638 -1.912896 3.598231
vertex 1.236995 -0.246054 3.720658
vertex 1.149951 -0.348834 3.717190
endloop
endfacet
facet normal 0.763109 -0.646269 0
outer loop
vertex -0.174638 -1.912896 3.598231
vertex 1.149951 -0.348834 3.717190
vertex 1.070019 -0.443217 3.714655
endloop
endfacet
facet normal 0.763109 -0.64627 1.32537e-06
outer loop
vertex 0.637442 -0.954000 3.714025
vertex 0.559265 -1.046311 3.716299
vertex -0.174638 -1.912896 3.598231
endloop
endfacet
facet normal 0.763109 -0.64627 -9.83685e-07
outer loop
vertex 0.711328 -0.866756 3.712505
vertex 0.637442 -0.954000 3.714025
vertex -0.174638 -1.912896 3.598231
endloop
endfacet
facet normal 0.763109 -0.64627 1.17396e-05
outer loop
vertex -0.174638 -1.912896 3.598231
vertex 1.070019 -0.443217 3.714655
vertex 0.994977 -0.531826 3.712908
endloop
endfacet
facet normal 0.763109 -0.64627 0
outer loop
vertex -0.174638 -1.912896 3.598231
vertex 0.994977 -0.531826 3.712908
vertex 0.923047 -0.616760 3.711857
endloop
endfacet
facet normal 0.763109 -0.646269 -3.7899e-06
outer loop
vertex 0.782599 -0.782599 3.711660
vertex 0.711328 -0.866756 3.712505
vertex -0.174638 -1.912896 3.598231
endloop
endfacet
facet normal 0.763109 -0.646269 -1.02149e-05
outer loop
vertex -0.174638 -1.912896 3.598231
vertex 0.923047 -0.616760 3.711857
vertex 0.852716 -0.699806 3.711447
endloop
endfacet
facet normal 0.763109 -0.646269 -9.44496e-06
outer loop
vertex -0.174638 -1.912896 3.598231
vertex 0.852716 -0.699806 3.711447
vertex 0.782599 -0.782599 3.711660
endloop
endfacet
facet normal 0.343679 0.939087 0
outer loop
vertex 1.716924 0.621753 3.583958
vertex 1.662395 0.641709 3.577568
vertex 1.662395 0.641709 3.793460
endloop
endfacet
facet normal 0.343679 0.939087 -0
outer loop
vertex 1.716924 0.621753 3.583958
vertex 1.662395 0.641709 3.793460
vertex 1.716924 0.621753 3.800997
endloop
endfacet
facet normal -0.763109 0.64627 0
outer loop
vertex 0.135418 -2.178694 3.641433
vertex 0.135418 -2.178694 3.861256
vertex 0.206335 -2.094956 3.847714
endloop
endfacet
facet normal -0.763109 0.646269 1.61679e-07
outer loop
vertex 0.135418 -2.178694 3.641433
vertex 0.206335 -2.094956 3.847714
vertex 0.376699 -1.893792 3.818321
endloop
endfacet
facet normal -0.763109 0.646269 0
outer loop
vertex 1.980532 0.000000 3.826697
vertex 2.047690 0.079300 3.838686
vertex 2.047690 0.079300 3.618706
endloop
endfacet
facet normal -0.763109 0.646269 0
outer loop
vertex 1.828051 -0.180047 3.802461
vertex 1.980532 0.000000 3.826697
vertex 2.047690 0.079300 3.618706
endloop
endfacet
facet normal -0.763109 0.64627 -4.64263e-07
outer loop
vertex 0.135418 -2.178694 3.641433
vertex 0.376699 -1.893792 3.818321
vertex 0.522317 -1.721847 3.796121
endloop
endfacet
facet normal -0.763109 0.646269 -3.65845e-07
outer loop
vertex 0.135418 -2.178694 3.641433
vertex 0.522317 -1.721847 3.796121
vertex 0.650512 -1.570475 3.779340
endloop
endfacet
facet normal -0.763109 0.646269 0
outer loop
vertex 1.694998 -0.337156 3.784121
vertex 1.828051 -0.180047 3.802461
vertex 2.047690 0.079300 3.618706
endloop
endfacet
facet normal -0.763109 0.646269 0
outer loop
vertex 1.575726 -0.477991 3.770356
vertex 1.694998 -0.337156 3.784121
vertex 2.047690 0.079300 3.618706
endloop
endfacet
facet normal -0.763109 0.64627 1.11889e-06
outer loop
vertex 2.047690 0.079300 3.618706
vertex 0.135418 -2.178694 3.641433
vertex 0.650512 -1.570475 3.779340
endloop
endfacet
facet normal -0.763116 0.646261 -0.000138515
outer loop
vertex 2.047690 0.079300 3.618706
vertex 0.650512 -1.570475 3.779340
vertex 0.766335 -1.433712 3.766820
endloop
endfacet
facet normal -0.763109 0.64627 1.12722e-06
outer loop
vertex 1.466199 -0.607319 3.760295
vertex 1.575726 -0.477991 3.770356
vertex 2.047690 0.079300 3.618706
endloop
endfacet
facet normal -0.763109 0.646269 -1.813e-06
outer loop
vertex 1.363371 -0.728737 3.753362
vertex 1.466199 -0.607319 3.760295
vertex 2.047690 0.079300 3.618706
endloop
endfacet
facet normal -0.763109 0.64627 1.79067e-05
outer loop
vertex 2.047690 0.079300 3.618706
vertex 0.766335 -1.433712 3.766820
vertex 0.873458 -1.307223 3.757795
endloop
endfacet
facet normal -0.76311 0.646269 0
outer loop
vertex 2.047690 0.079300 3.618706
vertex 0.873458 -1.307223 3.757795
vertex 0.974701 -1.187676 3.751762
endloop
endfacet
facet normal -0.763109 0.646269 5.97089e-07
outer loop
vertex 1.264809 -0.845119 3.749188
vertex 1.363371 -0.728737 3.753362
vertex 2.047690 0.079300 3.618706
endloop
endfacet
facet normal -0.763109 0.64627 3.12967e-06
outer loop
vertex 1.168438 -0.958913 3.747563
vertex 1.264809 -0.845119 3.749188
vertex 2.047690 0.079300 3.618706
endloop
endfacet
facet normal -0.763108 0.646271 0
outer loop
vertex 2.047690 0.079300 3.618706
vertex 0.974701 -1.187676 3.751762
vertex 1.072361 -1.072361 3.748407
endloop
endfacet
facet normal -0.763109 0.64627 0
outer loop
vertex 2.047690 0.079300 3.618706
vertex 1.072361 -1.072361 3.748407
vertex 1.168438 -0.958913 3.747563
endloop
endfacet
facet normal -0.721213 -0.692713 -0
outer loop
vertex 1.996851 0.921856 3.864053
vertex 1.996851 0.921856 3.644333
vertex 2.076033 0.839416 3.651456
endloop
endfacet
facet normal -0.721214 -0.692712 0
outer loop
vertex 2.076033 0.839416 3.651456
vertex 2.076033 0.839416 3.870506
vertex 2.061944 0.854085 3.869099
endloop
endfacet
facet normal -0.721213 -0.692713 1.24605e-07
outer loop
vertex 2.076033 0.839416 3.651456
vertex 2.061944 0.854085 3.869099
vertex 1.996851 0.921856 3.864053
endloop
endfacet
facet normal -0.798281 0.602286 0
outer loop
vertex 2.097757 0.145660 3.627644
vertex 2.047690 0.079300 3.618706
vertex 2.047690 0.079300 3.838686
endloop
endfacet
facet normal -0.798281 0.602286 0
outer loop
vertex 2.097757 0.145660 3.627644
vertex 2.047690 0.079300 3.838686
vertex 2.097757 0.145660 3.847684
endloop
endfacet
facet normal -0.834785 -0.550576 0
outer loop
vertex 2.076033 0.839416 3.651456
vertex 2.131618 0.755138 3.655453
vertex 2.131618 0.755138 3.874550
endloop
endfacet
facet normal -0.834785 -0.550576 0
outer loop
vertex 2.076033 0.839416 3.651456
vertex 2.131618 0.755138 3.874550
vertex 2.076033 0.839416 3.870506
endloop
endfacet
facet normal 0.818401 -0.574648 0
outer loop
vertex 1.737201 0.345551 3.791381
vertex 1.733234 0.339901 3.790578
vertex 1.733234 0.339901 3.575330
endloop
endfacet
facet normal 0.8184 -0.574649 0
outer loop
vertex 1.733234 0.339901 3.575330
vertex 1.768097 0.389552 3.581689
vertex 1.768097 0.389552 3.798251
endloop
endfacet
facet normal 0.8184 -0.574649 2.26419e-08
outer loop
vertex 1.733234 0.339901 3.575330
vertex 1.768097 0.389552 3.798251
vertex 1.737201 0.345551 3.791381
endloop
endfacet
facet normal 0.899265 0.437405 0
outer loop
vertex 1.779175 0.539707 3.806230
vertex 1.784677 0.528395 3.806667
vertex 1.784677 0.528395 3.589175
endloop
endfacet
facet normal 0.899265 0.437405 0
outer loop
vertex 1.784677 0.528395 3.589175
vertex 1.758423 0.582371 3.587847
vertex 1.758423 0.582371 3.805357
endloop
endfacet
facet normal 0.899265 0.437405 1.69393e-08
outer loop
vertex 1.784677 0.528395 3.589175
vertex 1.758423 0.582371 3.805357
vertex 1.779175 0.539707 3.806230
endloop
endfacet
facet normal 0.998454 0.0555811 0
outer loop
vertex 1.788716 0.455840 3.804351
vertex 1.788716 0.455840 3.586886
vertex 1.784677 0.528395 3.589175
endloop
endfacet
facet normal 0.998454 0.0555811 0
outer loop
vertex 1.788716 0.455840 3.804351
vertex 1.784677 0.528395 3.589175
vertex 1.784677 0.528395 3.806667
endloop
endfacet
endsolid
