solid keycaps/microphone
facet normal 0.758729 0.0372773 -0.650339
outer loop
vertex 18.225000 6.000000 0.000000
vertex 18.211998 6.264646 0.000000
vertex 18.510553 6.294052 0.350000
endloop
endfacet
facet normal 0.75873 0.0372751 -0.650338
outer loop
vertex 18.225000 6.000000 0.000000
vertex 18.510553 6.294052 0.350000
vertex 18.525000 6.000000 0.350000
endloop
endfacet
facet normal 0.751423 0.11146 -0.650339
outer loop
vertex 18.211998 6.264646 0.000000
vertex 18.173120 6.526744 0.000000
vertex 18.467356 6.585271 0.350000
endloop
endfacet
facet normal 0.751422 0.111461 -0.650339
outer loop
vertex 18.211998 6.264646 0.000000
vertex 18.467356 6.585271 0.350000
vertex 18.510553 6.294052 0.350000
endloop
endfacet
facet normal 0.73688 0.184577 -0.650337
outer loop
vertex 18.173120 6.526744 0.000000
vertex 18.108740 6.783769 0.000000
vertex 18.395821 6.870854 0.350000
endloop
endfacet
facet normal 0.736879 0.184579 -0.650339
outer loop
vertex 18.173120 6.526744 0.000000
vertex 18.395821 6.870854 0.350000
vertex 18.467356 6.585271 0.350000
endloop
endfacet
facet normal 0.715236 0.25592 -0.65034
outer loop
vertex 18.108740 6.783769 0.000000
vertex 18.019474 7.033245 0.000000
vertex 18.296638 7.148050 0.350000
endloop
endfacet
facet normal 0.71524 0.255916 -0.650337
outer loop
vertex 18.108740 6.783769 0.000000
vertex 18.296638 7.148050 0.350000
vertex 18.395821 6.870854 0.350000
endloop
endfacet
facet normal 0.686711 0.324789 -0.650339
outer loop
vertex 18.019474 7.033245 0.000000
vertex 17.906187 7.272771 0.000000
vertex 18.170763 7.414190 0.350000
endloop
endfacet
facet normal 0.686709 0.324791 -0.65034
outer loop
vertex 18.019474 7.033245 0.000000
vertex 18.170763 7.414190 0.350000
vertex 18.296638 7.148050 0.350000
endloop
endfacet
facet normal 0.651568 0.390534 -0.65034
outer loop
vertex 17.906187 7.272771 0.000000
vertex 17.769968 7.500040 0.000000
vertex 18.019409 7.666711 0.350000
endloop
endfacet
facet normal 0.65157 0.390533 -0.650339
outer loop
vertex 17.906187 7.272771 0.000000
vertex 18.019409 7.666711 0.350000
vertex 18.170763 7.414190 0.350000
endloop
endfacet
facet normal 0.610149 0.45252 -0.650341
outer loop
vertex 17.769968 7.500040 0.000000
vertex 17.612127 7.712862 0.000000
vertex 17.844032 7.903180 0.350000
endloop
endfacet
facet normal 0.610152 0.452519 -0.65034
outer loop
vertex 17.769968 7.500040 0.000000
vertex 17.844032 7.903180 0.350000
vertex 18.019409 7.666711 0.350000
endloop
endfacet
facet normal 0.562861 0.510144 -0.650339
outer loop
vertex 17.612127 7.712862 0.000000
vertex 17.434189 7.909188 0.000000
vertex 17.646320 8.121321 0.350000
endloop
endfacet
facet normal 0.562858 0.510145 -0.65034
outer loop
vertex 17.612127 7.712862 0.000000
vertex 17.646320 8.121321 0.350000
vertex 17.844032 7.903180 0.350000
endloop
endfacet
facet normal 0.510145 0.562859 -0.65034
outer loop
vertex 17.434189 7.909188 0.000000
vertex 17.237862 8.087129 0.000000
vertex 17.428181 8.319032 0.350000
endloop
endfacet
facet normal 0.510147 0.562858 -0.650339
outer loop
vertex 17.434189 7.909188 0.000000
vertex 17.428181 8.319032 0.350000
vertex 17.646320 8.121321 0.350000
endloop
endfacet
facet normal 0.45252 0.610152 -0.650339
outer loop
vertex 17.237862 8.087129 0.000000
vertex 17.025040 8.244968 0.000000
vertex 17.191711 8.494409 0.350000
endloop
endfacet
facet normal 0.452518 0.610152 -0.65034
outer loop
vertex 17.237862 8.087129 0.000000
vertex 17.191711 8.494409 0.350000
vertex 17.428181 8.319032 0.350000
endloop
endfacet
facet normal 0.390535 0.651569 -0.650338
outer loop
vertex 17.025040 8.244968 0.000000
vertex 16.797771 8.381187 0.000000
vertex 16.939190 8.645763 0.350000
endloop
endfacet
facet normal 0.390534 0.65157 -0.650339
outer loop
vertex 17.025040 8.244968 0.000000
vertex 16.939190 8.645763 0.350000
vertex 17.191711 8.494409 0.350000
endloop
endfacet
facet normal 0.324788 0.68671 -0.65034
outer loop
vertex 16.797771 8.381187 0.000000
vertex 16.558245 8.494474 0.000000
vertex 16.673050 8.771639 0.350000
endloop
endfacet
facet normal 0.324791 0.68671 -0.650338
outer loop
vertex 16.797771 8.381187 0.000000
vertex 16.673050 8.771639 0.350000
vertex 16.939190 8.645763 0.350000
endloop
endfacet
facet normal 0.255919 0.715238 -0.650339
outer loop
vertex 16.558245 8.494474 0.000000
vertex 16.308769 8.583739 0.000000
vertex 16.395855 8.870821 0.350000
endloop
endfacet
facet normal 0.255917 0.715237 -0.65034
outer loop
vertex 16.558245 8.494474 0.000000
vertex 16.395855 8.870821 0.350000
vertex 16.673050 8.771639 0.350000
endloop
endfacet
facet normal 0.184576 0.736878 -0.65034
outer loop
vertex 16.308769 8.583739 0.000000
vertex 16.051744 8.648120 0.000000
vertex 16.110271 8.942356 0.350000
endloop
endfacet
facet normal 0.184579 0.736879 -0.650339
outer loop
vertex 16.308769 8.583739 0.000000
vertex 16.110271 8.942356 0.350000
vertex 16.395855 8.870821 0.350000
endloop
endfacet
facet normal 0.111462 0.751422 -0.650339
outer loop
vertex 16.051744 8.648120 0.000000
vertex 15.789646 8.686998 0.000000
vertex 15.819052 8.985554 0.350000
endloop
endfacet
facet normal 0.111461 0.751422 -0.65034
outer loop
vertex 16.051744 8.648120 0.000000
vertex 15.819052 8.985554 0.350000
vertex 16.110271 8.942356 0.350000
endloop
endfacet
facet normal 0.0372745 0.758729 -0.650339
outer loop
vertex 15.789646 8.686998 0.000000
vertex 15.525000 8.700000 0.000000
vertex 15.525000 9.000000 0.350000
endloop
endfacet
facet normal 0.037275 0.758729 -0.650339
outer loop
vertex 15.789646 8.686998 0.000000
vertex 15.525000 9.000000 0.350000
vertex 15.819052 8.985554 0.350000
endloop
endfacet
facet normal 0 0.759256 -0.650792
outer loop
vertex 15.525000 8.700000 0.000000
vertex -15.525000 8.700000 0.000000
vertex -15.525000 9.000000 0.350000
endloop
endfacet
facet normal 0 0.759256 -0.650792
outer loop
vertex 15.525000 8.700000 0.000000
vertex -15.525000 9.000000 0.350000
vertex 15.525000 9.000000 0.350000
endloop
endfacet
facet normal -0.0372745 0.758729 -0.650339
outer loop
vertex -15.525000 8.700000 0.000000
vertex -15.789646 8.686998 0.000000
vertex -15.819052 8.985554 0.350000
endloop
endfacet
facet normal -0.037275 0.758729 -0.650339
outer loop
vertex -15.525000 8.700000 0.000000
vertex -15.819052 8.985554 0.350000
vertex -15.525000 9.000000 0.350000
endloop
endfacet
facet normal -0.111462 0.751421 -0.65034
outer loop
vertex -15.789646 8.686998 0.000000
vertex -16.051744 8.648120 0.000000
vertex -16.110271 8.942356 0.350000
endloop
endfacet
facet normal -0.111461 0.751422 -0.650339
outer loop
vertex -15.789646 8.686998 0.000000
vertex -16.110271 8.942356 0.350000
vertex -15.819052 8.985554 0.350000
endloop
endfacet
facet normal -0.184577 0.736879 -0.650339
outer loop
vertex -16.051744 8.648120 0.000000
vertex -16.308769 8.583739 0.000000
vertex -16.395855 8.870821 0.350000
endloop
endfacet
facet normal -0.184579 0.736878 -0.65034
outer loop
vertex -16.051744 8.648120 0.000000
vertex -16.395855 8.870821 0.350000
vertex -16.110271 8.942356 0.350000
endloop
endfacet
facet normal -0.255919 0.715237 -0.65034
outer loop
vertex -16.308769 8.583739 0.000000
vertex -16.558245 8.494474 0.000000
vertex -16.673050 8.771639 0.350000
endloop
endfacet
facet normal -0.255917 0.715238 -0.650339
outer loop
vertex -16.308769 8.583739 0.000000
vertex -16.673050 8.771639 0.350000
vertex -16.395855 8.870821 0.350000
endloop
endfacet
facet normal -0.324788 0.686712 -0.650338
outer loop
vertex -16.558245 8.494474 0.000000
vertex -16.797771 8.381187 0.000000
vertex -16.939190 8.645763 0.350000
endloop
endfacet
facet normal -0.324791 0.686709 -0.65034
outer loop
vertex -16.558245 8.494474 0.000000
vertex -16.939190 8.645763 0.350000
vertex -16.673050 8.771639 0.350000
endloop
endfacet
facet normal -0.390535 0.651569 -0.650339
outer loop
vertex -16.797771 8.381187 0.000000
vertex -17.025040 8.244968 0.000000
vertex -17.191711 8.494409 0.350000
endloop
endfacet
facet normal -0.390534 0.65157 -0.650338
outer loop
vertex -16.797771 8.381187 0.000000
vertex -17.191711 8.494409 0.350000
vertex -16.939190 8.645763 0.350000
endloop
endfacet
facet normal -0.45252 0.610151 -0.65034
outer loop
vertex -17.025040 8.244968 0.000000
vertex -17.237862 8.087129 0.000000
vertex -17.428181 8.319032 0.350000
endloop
endfacet
facet normal -0.452518 0.610153 -0.650339
outer loop
vertex -17.025040 8.244968 0.000000
vertex -17.428181 8.319032 0.350000
vertex -17.191711 8.494409 0.350000
endloop
endfacet
facet normal -0.510145 0.562859 -0.650339
outer loop
vertex -17.237862 8.087129 0.000000
vertex -17.434189 7.909188 0.000000
vertex -17.646320 8.121321 0.350000
endloop
endfacet
facet normal -0.510146 0.562858 -0.65034
outer loop
vertex -17.237862 8.087129 0.000000
vertex -17.646320 8.121321 0.350000
vertex -17.428181 8.319032 0.350000
endloop
endfacet
facet normal -0.56286 0.510143 -0.650341
outer loop
vertex -17.434189 7.909188 0.000000
vertex -17.612127 7.712862 0.000000
vertex -17.844032 7.903180 0.350000
endloop
endfacet
facet normal -0.562859 0.510146 -0.650339
outer loop
vertex -17.434189 7.909188 0.000000
vertex -17.844032 7.903180 0.350000
vertex -17.646320 8.121321 0.350000
endloop
endfacet
facet normal -0.61015 0.452521 -0.650339
outer loop
vertex -17.612127 7.712862 0.000000
vertex -17.769968 7.500040 0.000000
vertex -18.019409 7.666711 0.350000
endloop
endfacet
facet normal -0.610151 0.452518 -0.650341
outer loop
vertex -17.612127 7.712862 0.000000
vertex -18.019409 7.666711 0.350000
vertex -17.844032 7.903180 0.350000
endloop
endfacet
facet normal -0.651569 0.390535 -0.650339
outer loop
vertex -17.769968 7.500040 0.000000
vertex -17.906187 7.272771 0.000000
vertex -18.170763 7.414190 0.350000
endloop
endfacet
facet normal -0.65157 0.390533 -0.650339
outer loop
vertex -17.769968 7.500040 0.000000
vertex -18.170763 7.414190 0.350000
vertex -18.019409 7.666711 0.350000
endloop
endfacet
facet normal -0.68671 0.324788 -0.65034
outer loop
vertex -17.906187 7.272771 0.000000
vertex -18.019474 7.033245 0.000000
vertex -18.296638 7.148050 0.350000
endloop
endfacet
facet normal -0.68671 0.324791 -0.650339
outer loop
vertex -17.906187 7.272771 0.000000
vertex -18.296638 7.148050 0.350000
vertex -18.170763 7.414190 0.350000
endloop
endfacet
facet normal -0.715238 0.255921 -0.650337
outer loop
vertex -18.019474 7.033245 0.000000
vertex -18.108740 6.783769 0.000000
vertex -18.395821 6.870854 0.350000
endloop
endfacet
facet normal -0.715238 0.255915 -0.65034
outer loop
vertex -18.019474 7.033245 0.000000
vertex -18.395821 6.870854 0.350000
vertex -18.296638 7.148050 0.350000
endloop
endfacet
facet normal -0.736879 0.184577 -0.650339
outer loop
vertex -18.108740 6.783769 0.000000
vertex -18.173120 6.526744 0.000000
vertex -18.467356 6.585271 0.350000
endloop
endfacet
facet normal -0.73688 0.184579 -0.650338
outer loop
vertex -18.108740 6.783769 0.000000
vertex -18.467356 6.585271 0.350000
vertex -18.395821 6.870854 0.350000
endloop
endfacet
facet normal -0.751422 0.11146 -0.650339
outer loop
vertex -18.173120 6.526744 0.000000
vertex -18.211998 6.264646 0.000000
vertex -18.510553 6.294052 0.350000
endloop
endfacet
facet normal -0.751423 0.111461 -0.650339
outer loop
vertex -18.173120 6.526744 0.000000
vertex -18.510553 6.294052 0.350000
vertex -18.467356 6.585271 0.350000
endloop
endfacet
facet normal -0.75873 0.0372773 -0.650338
outer loop
vertex -18.211998 6.264646 0.000000
vertex -18.225000 6.000000 0.000000
vertex -18.525000 6.000000 0.350000
endloop
endfacet
facet normal -0.758729 0.0372751 -0.650339
outer loop
vertex -18.211998 6.264646 0.000000
vertex -18.525000 6.000000 0.350000
vertex -18.510553 6.294052 0.350000
endloop
endfacet
facet normal -0.759257 -0 -0.65079
outer loop
vertex -18.225000 6.000000 0.000000
vertex -18.225000 -6.000000 0.000000
vertex -18.525000 -6.000000 0.350000
endloop
endfacet
facet normal -0.759257 0 -0.65079
outer loop
vertex -18.225000 6.000000 0.000000
vertex -18.525000 -6.000000 0.350000
vertex -18.525000 6.000000 0.350000
endloop
endfacet
facet normal -0.758729 -0.0372773 -0.650339
outer loop
vertex -18.225000 -6.000000 0.000000
vertex -18.211998 -6.264646 0.000000
vertex -18.510553 -6.294052 0.350000
endloop
endfacet
facet normal -0.75873 -0.0372751 -0.650338
outer loop
vertex -18.225000 -6.000000 0.000000
vertex -18.510553 -6.294052 0.350000
vertex -18.525000 -6.000000 0.350000
endloop
endfacet
facet normal -0.751423 -0.11146 -0.650339
outer loop
vertex -18.211998 -6.264646 0.000000
vertex -18.173120 -6.526744 0.000000
vertex -18.467356 -6.585271 0.350000
endloop
endfacet
facet normal -0.751422 -0.111461 -0.650339
outer loop
vertex -18.211998 -6.264646 0.000000
vertex -18.467356 -6.585271 0.350000
vertex -18.510553 -6.294052 0.350000
endloop
endfacet
facet normal -0.73688 -0.184577 -0.650337
outer loop
vertex -18.173120 -6.526744 0.000000
vertex -18.108740 -6.783769 0.000000
vertex -18.395821 -6.870854 0.350000
endloop
endfacet
facet normal -0.736879 -0.184579 -0.650339
outer loop
vertex -18.173120 -6.526744 0.000000
vertex -18.395821 -6.870854 0.350000
vertex -18.467356 -6.585271 0.350000
endloop
endfacet
facet normal -0.715236 -0.25592 -0.65034
outer loop
vertex -18.108740 -6.783769 0.000000
vertex -18.019474 -7.033245 0.000000
vertex -18.296638 -7.148050 0.350000
endloop
endfacet
facet normal -0.71524 -0.255916 -0.650337
outer loop
vertex -18.108740 -6.783769 0.000000
vertex -18.296638 -7.148050 0.350000
vertex -18.395821 -6.870854 0.350000
endloop
endfacet
facet normal -0.686711 -0.324789 -0.650339
outer loop
vertex -18.019474 -7.033245 0.000000
vertex -17.906187 -7.272771 0.000000
vertex -18.170763 -7.414190 0.350000
endloop
endfacet
facet normal -0.686709 -0.324791 -0.65034
outer loop
vertex -18.019474 -7.033245 0.000000
vertex -18.170763 -7.414190 0.350000
vertex -18.296638 -7.148050 0.350000
endloop
endfacet
facet normal -0.651568 -0.390534 -0.65034
outer loop
vertex -17.906187 -7.272771 0.000000
vertex -17.769968 -7.500040 0.000000
vertex -18.019409 -7.666711 0.350000
endloop
endfacet
facet normal -0.65157 -0.390533 -0.650339
outer loop
vertex -17.906187 -7.272771 0.000000
vertex -18.019409 -7.666711 0.350000
vertex -18.170763 -7.414190 0.350000
endloop
endfacet
facet normal -0.610149 -0.45252 -0.650341
outer loop
vertex -17.769968 -7.500040 0.000000
vertex -17.612127 -7.712862 0.000000
vertex -17.844032 -7.903180 0.350000
endloop
endfacet
facet normal -0.610152 -0.452519 -0.65034
outer loop
vertex -17.769968 -7.500040 0.000000
vertex -17.844032 -7.903180 0.350000
vertex -18.019409 -7.666711 0.350000
endloop
endfacet
facet normal -0.562861 -0.510144 -0.650339
outer loop
vertex -17.612127 -7.712862 0.000000
vertex -17.434189 -7.909188 0.000000
vertex -17.646320 -8.121321 0.350000
endloop
endfacet
facet normal -0.562858 -0.510145 -0.65034
outer loop
vertex -17.612127 -7.712862 0.000000
vertex -17.646320 -8.121321 0.350000
vertex -17.844032 -7.903180 0.350000
endloop
endfacet
facet normal -0.510145 -0.562859 -0.65034
outer loop
vertex -17.434189 -7.909188 0.000000
vertex -17.237862 -8.087129 0.000000
vertex -17.428181 -8.319032 0.350000
endloop
endfacet
facet normal -0.510147 -0.562858 -0.650339
outer loop
vertex -17.434189 -7.909188 0.000000
vertex -17.428181 -8.319032 0.350000
vertex -17.646320 -8.121321 0.350000
endloop
endfacet
facet normal -0.45252 -0.610152 -0.650339
outer loop
vertex -17.237862 -8.087129 0.000000
vertex -17.025040 -8.244968 0.000000
vertex -17.191711 -8.494409 0.350000
endloop
endfacet
facet normal -0.452518 -0.610152 -0.65034
outer loop
vertex -17.237862 -8.087129 0.000000
vertex -17.191711 -8.494409 0.350000
vertex -17.428181 -8.319032 0.350000
endloop
endfacet
facet normal -0.390535 -0.651569 -0.650338
outer loop
vertex -17.025040 -8.244968 0.000000
vertex -16.797771 -8.381187 0.000000
vertex -16.939190 -8.645763 0.350000
endloop
endfacet
facet normal -0.390534 -0.65157 -0.650339
outer loop
vertex -17.025040 -8.244968 0.000000
vertex -16.939190 -8.645763 0.350000
vertex -17.191711 -8.494409 0.350000
endloop
endfacet
facet normal -0.324788 -0.68671 -0.65034
outer loop
vertex -16.797771 -8.381187 0.000000
vertex -16.558245 -8.494474 0.000000
vertex -16.673050 -8.771639 0.350000
endloop
endfacet
facet normal -0.324791 -0.68671 -0.650338
outer loop
vertex -16.797771 -8.381187 0.000000
vertex -16.673050 -8.771639 0.350000
vertex -16.939190 -8.645763 0.350000
endloop
endfacet
facet normal -0.255919 -0.715238 -0.650339
outer loop
vertex -16.558245 -8.494474 0.000000
vertex -16.308769 -8.583739 0.000000
vertex -16.395855 -8.870821 0.350000
endloop
endfacet
facet normal -0.255917 -0.715237 -0.65034
outer loop
vertex -16.558245 -8.494474 0.000000
vertex -16.395855 -8.870821 0.350000
vertex -16.673050 -8.771639 0.350000
endloop
endfacet
facet normal -0.184576 -0.736878 -0.65034
outer loop
vertex -16.308769 -8.583739 0.000000
vertex -16.051744 -8.648120 0.000000
vertex -16.110271 -8.942356 0.350000
endloop
endfacet
facet normal -0.184579 -0.736879 -0.650339
outer loop
vertex -16.308769 -8.583739 0.000000
vertex -16.110271 -8.942356 0.350000
vertex -16.395855 -8.870821 0.350000
endloop
endfacet
facet normal -0.111462 -0.751422 -0.650339
outer loop
vertex -16.051744 -8.648120 0.000000
vertex -15.789646 -8.686998 0.000000
vertex -15.819052 -8.985554 0.350000
endloop
endfacet
facet normal -0.111461 -0.751422 -0.65034
outer loop
vertex -16.051744 -8.648120 0.000000
vertex -15.819052 -8.985554 0.350000
vertex -16.110271 -8.942356 0.350000
endloop
endfacet
facet normal -0.0372745 -0.758729 -0.650339
outer loop
vertex -15.789646 -8.686998 0.000000
vertex -15.525000 -8.700000 0.000000
vertex -15.525000 -9.000000 0.350000
endloop
endfacet
facet normal -0.037275 -0.758729 -0.650339
outer loop
vertex -15.789646 -8.686998 0.000000
vertex -15.525000 -9.000000 0.350000
vertex -15.819052 -8.985554 0.350000
endloop
endfacet
facet normal 0 -0.759256 -0.650792
outer loop
vertex -15.525000 -8.700000 0.000000
vertex 15.525000 -8.700000 0.000000
vertex 15.525000 -9.000000 0.350000
endloop
endfacet
facet normal 0 -0.759256 -0.650792
outer loop
vertex -15.525000 -8.700000 0.000000
vertex 15.525000 -9.000000 0.350000
vertex -15.525000 -9.000000 0.350000
endloop
endfacet
facet normal 0.0372745 -0.758729 -0.650339
outer loop
vertex 15.525000 -8.700000 0.000000
vertex 15.789646 -8.686998 0.000000
vertex 15.819052 -8.985554 0.350000
endloop
endfacet
facet normal 0.037275 -0.758729 -0.650339
outer loop
vertex 15.525000 -8.700000 0.000000
vertex 15.819052 -8.985554 0.350000
vertex 15.525000 -9.000000 0.350000
endloop
endfacet
facet normal 0.111462 -0.751421 -0.65034
outer loop
vertex 15.789646 -8.686998 0.000000
vertex 16.051744 -8.648120 0.000000
vertex 16.110271 -8.942356 0.350000
endloop
endfacet
facet normal 0.111461 -0.751422 -0.650339
outer loop
vertex 15.789646 -8.686998 0.000000
vertex 16.110271 -8.942356 0.350000
vertex 15.819052 -8.985554 0.350000
endloop
endfacet
facet normal 0.184577 -0.736879 -0.650339
outer loop
vertex 16.051744 -8.648120 0.000000
vertex 16.308769 -8.583739 0.000000
vertex 16.395855 -8.870821 0.350000
endloop
endfacet
facet normal 0.184579 -0.736878 -0.65034
outer loop
vertex 16.051744 -8.648120 0.000000
vertex 16.395855 -8.870821 0.350000
vertex 16.110271 -8.942356 0.350000
endloop
endfacet
facet normal 0.255919 -0.715237 -0.65034
outer loop
vertex 16.308769 -8.583739 0.000000
vertex 16.558245 -8.494474 0.000000
vertex 16.673050 -8.771639 0.350000
endloop
endfacet
facet normal 0.255917 -0.715238 -0.650339
outer loop
vertex 16.308769 -8.583739 0.000000
vertex 16.673050 -8.771639 0.350000
vertex 16.395855 -8.870821 0.350000
endloop
endfacet
facet normal 0.324788 -0.686712 -0.650338
outer loop
vertex 16.558245 -8.494474 0.000000
vertex 16.797771 -8.381187 0.000000
vertex 16.939190 -8.645763 0.350000
endloop
endfacet
facet normal 0.324791 -0.686709 -0.65034
outer loop
vertex 16.558245 -8.494474 0.000000
vertex 16.939190 -8.645763 0.350000
vertex 16.673050 -8.771639 0.350000
endloop
endfacet
facet normal 0.390535 -0.651569 -0.650339
outer loop
vertex 16.797771 -8.381187 0.000000
vertex 17.025040 -8.244968 0.000000
vertex 17.191711 -8.494409 0.350000
endloop
endfacet
facet normal 0.390534 -0.65157 -0.650338
outer loop
vertex 16.797771 -8.381187 0.000000
vertex 17.191711 -8.494409 0.350000
vertex 16.939190 -8.645763 0.350000
endloop
endfacet
facet normal 0.45252 -0.610151 -0.65034
outer loop
vertex 17.025040 -8.244968 0.000000
vertex 17.237862 -8.087129 0.000000
vertex 17.428181 -8.319032 0.350000
endloop
endfacet
facet normal 0.452518 -0.610153 -0.650339
outer loop
vertex 17.025040 -8.244968 0.000000
vertex 17.428181 -8.319032 0.350000
vertex 17.191711 -8.494409 0.350000
endloop
endfacet
facet normal 0.510145 -0.562859 -0.650339
outer loop
vertex 17.237862 -8.087129 0.000000
vertex 17.434189 -7.909188 0.000000
vertex 17.646320 -8.121321 0.350000
endloop
endfacet
facet normal 0.510146 -0.562858 -0.65034
outer loop
vertex 17.237862 -8.087129 0.000000
vertex 17.646320 -8.121321 0.350000
vertex 17.428181 -8.319032 0.350000
endloop
endfacet
facet normal 0.56286 -0.510143 -0.650341
outer loop
vertex 17.434189 -7.909188 0.000000
vertex 17.612127 -7.712862 0.000000
vertex 17.844032 -7.903180 0.350000
endloop
endfacet
facet normal 0.562859 -0.510146 -0.650339
outer loop
vertex 17.434189 -7.909188 0.000000
vertex 17.844032 -7.903180 0.350000
vertex 17.646320 -8.121321 0.350000
endloop
endfacet
facet normal 0.61015 -0.452521 -0.650339
outer loop
vertex 17.612127 -7.712862 0.000000
vertex 17.769968 -7.500040 0.000000
vertex 18.019409 -7.666711 0.350000
endloop
endfacet
facet normal 0.610151 -0.452518 -0.650341
outer loop
vertex 17.612127 -7.712862 0.000000
vertex 18.019409 -7.666711 0.350000
vertex 17.844032 -7.903180 0.350000
endloop
endfacet
facet normal 0.651569 -0.390535 -0.650339
outer loop
vertex 17.769968 -7.500040 0.000000
vertex 17.906187 -7.272771 0.000000
vertex 18.170763 -7.414190 0.350000
endloop
endfacet
facet normal 0.65157 -0.390533 -0.650339
outer loop
vertex 17.769968 -7.500040 0.000000
vertex 18.170763 -7.414190 0.350000
vertex 18.019409 -7.666711 0.350000
endloop
endfacet
facet normal 0.68671 -0.324788 -0.65034
outer loop
vertex 17.906187 -7.272771 0.000000
vertex 18.019474 -7.033245 0.000000
vertex 18.296638 -7.148050 0.350000
endloop
endfacet
facet normal 0.68671 -0.324791 -0.650339
outer loop
vertex 17.906187 -7.272771 0.000000
vertex 18.296638 -7.148050 0.350000
vertex 18.170763 -7.414190 0.350000
endloop
endfacet
facet normal 0.715238 -0.255921 -0.650337
outer loop
vertex 18.019474 -7.033245 0.000000
vertex 18.108740 -6.783769 0.000000
vertex 18.395821 -6.870854 0.350000
endloop
endfacet
facet normal 0.715238 -0.255915 -0.65034
outer loop
vertex 18.019474 -7.033245 0.000000
vertex 18.395821 -6.870854 0.350000
vertex 18.296638 -7.148050 0.350000
endloop
endfacet
facet normal 0.736879 -0.184577 -0.650339
outer loop
vertex 18.108740 -6.783769 0.000000
vertex 18.173120 -6.526744 0.000000
vertex 18.467356 -6.585271 0.350000
endloop
endfacet
facet normal 0.73688 -0.184579 -0.650338
outer loop
vertex 18.108740 -6.783769 0.000000
vertex 18.467356 -6.585271 0.350000
vertex 18.395821 -6.870854 0.350000
endloop
endfacet
facet normal 0.751422 -0.11146 -0.650339
outer loop
vertex 18.173120 -6.526744 0.000000
vertex 18.211998 -6.264646 0.000000
vertex 18.510553 -6.294052 0.350000
endloop
endfacet
facet normal 0.751423 -0.111461 -0.650339
outer loop
vertex 18.173120 -6.526744 0.000000
vertex 18.510553 -6.294052 0.350000
vertex 18.467356 -6.585271 0.350000
endloop
endfacet
facet normal 0.75873 -0.0372773 -0.650338
outer loop
vertex 18.211998 -6.264646 0.000000
vertex 18.225000 -6.000000 0.000000
vertex 18.525000 -6.000000 0.350000
endloop
endfacet
facet normal 0.758729 -0.0372751 -0.650339
outer loop
vertex 18.211998 -6.264646 0.000000
vertex 18.525000 -6.000000 0.350000
vertex 18.510553 -6.294052 0.350000
endloop
endfacet
facet normal 0.759257 0 -0.65079
outer loop
vertex 18.225000 -6.000000 0.000000
vertex 18.225000 6.000000 0.000000
vertex 18.525000 6.000000 0.350000
endloop
endfacet
facet normal 0.759257 0 -0.65079
outer loop
vertex 18.225000 -6.000000 0.000000
vertex 18.525000 6.000000 0.350000
vertex 18.525000 -6.000000 0.350000
endloop
endfacet
facet normal 0.998795 0.0490691 0
outer loop
vertex 18.525000 6.000000 0.350000
vertex 18.510553 6.294052 0.350000
vertex 18.510553 6.294052 5.150000
endloop
endfacet
facet normal 0.998795 0.0490691 -0
outer loop
vertex 18.525000 6.000000 0.350000
vertex 18.510553 6.294052 5.150000
vertex 18.525000 6.000000 5.150000
endloop
endfacet
facet normal 0.989177 0.146728 0
outer loop
vertex 18.510553 6.294052 0.350000
vertex 18.467356 6.585271 0.350000
vertex 18.467356 6.585271 5.150000
endloop
endfacet
facet normal 0.989177 0.146728 -0
outer loop
vertex 18.510553 6.294052 0.350000
vertex 18.467356 6.585271 5.150000
vertex 18.510553 6.294052 5.150000
endloop
endfacet
facet normal 0.970031 0.242981 0
outer loop
vertex 18.467356 6.585271 0.350000
vertex 18.395821 6.870854 0.350000
vertex 18.395821 6.870854 5.150000
endloop
endfacet
facet normal 0.970031 0.242981 -0
outer loop
vertex 18.467356 6.585271 0.350000
vertex 18.395821 6.870854 5.150000
vertex 18.467356 6.585271 5.150000
endloop
endfacet
facet normal 0.941544 0.336889 0
outer loop
vertex 18.395821 6.870854 0.350000
vertex 18.296638 7.148050 0.350000
vertex 18.296638 7.148050 5.150000
endloop
endfacet
facet normal 0.941544 0.336889 -0
outer loop
vertex 18.395821 6.870854 0.350000
vertex 18.296638 7.148050 5.150000
vertex 18.395821 6.870854 5.150000
endloop
endfacet
facet normal 0.903988 0.427557 0
outer loop
vertex 18.296638 7.148050 0.350000
vertex 18.170763 7.414190 0.350000
vertex 18.170763 7.414190 5.150000
endloop
endfacet
facet normal 0.903988 0.427557 -0
outer loop
vertex 18.296638 7.148050 0.350000
vertex 18.170763 7.414190 5.150000
vertex 18.296638 7.148050 5.150000
endloop
endfacet
facet normal 0.85773 0.5141 0
outer loop
vertex 18.170763 7.414190 0.350000
vertex 18.019409 7.666711 0.350000
vertex 18.019409 7.666711 5.150000
endloop
endfacet
facet normal 0.85773 0.5141 -0
outer loop
vertex 18.170763 7.414190 0.350000
vertex 18.019409 7.666711 5.150000
vertex 18.170763 7.414190 5.150000
endloop
endfacet
facet normal 0.803208 0.595699 0
outer loop
vertex 18.019409 7.666711 0.350000
vertex 17.844032 7.903180 0.350000
vertex 17.844032 7.903180 5.150000
endloop
endfacet
facet normal 0.803208 0.595699 -0
outer loop
vertex 18.019409 7.666711 0.350000
vertex 17.844032 7.903180 5.150000
vertex 18.019409 7.666711 5.150000
endloop
endfacet
facet normal 0.74095 0.67156 0
outer loop
vertex 17.844032 7.903180 0.350000
vertex 17.646320 8.121321 0.350000
vertex 17.646320 8.121321 5.150000
endloop
endfacet
facet normal 0.74095 0.67156 -0
outer loop
vertex 17.844032 7.903180 0.350000
vertex 17.646320 8.121321 5.150000
vertex 17.844032 7.903180 5.150000
endloop
endfacet
facet normal 0.67156 0.74095 0
outer loop
vertex 17.646320 8.121321 0.350000
vertex 17.428181 8.319032 0.350000
vertex 17.428181 8.319032 5.150000
endloop
endfacet
facet normal 0.67156 0.74095 -0
outer loop
vertex 17.646320 8.121321 0.350000
vertex 17.428181 8.319032 5.150000
vertex 17.646320 8.121321 5.150000
endloop
endfacet
facet normal 0.595698 0.803209 0
outer loop
vertex 17.428181 8.319032 0.350000
vertex 17.191711 8.494409 0.350000
vertex 17.191711 8.494409 5.150000
endloop
endfacet
facet normal 0.595698 0.803209 -0
outer loop
vertex 17.428181 8.319032 0.350000
vertex 17.191711 8.494409 5.150000
vertex 17.428181 8.319032 5.150000
endloop
endfacet
facet normal 0.514101 0.85773 0
outer loop
vertex 17.191711 8.494409 0.350000
vertex 16.939190 8.645763 0.350000
vertex 16.939190 8.645763 5.150000
endloop
endfacet
facet normal 0.514101 0.85773 -0
outer loop
vertex 17.191711 8.494409 0.350000
vertex 16.939190 8.645763 5.150000
vertex 17.191711 8.494409 5.150000
endloop
endfacet
facet normal 0.427557 0.903988 0
outer loop
vertex 16.939190 8.645763 0.350000
vertex 16.673050 8.771639 0.350000
vertex 16.673050 8.771639 5.150000
endloop
endfacet
facet normal 0.427557 0.903988 -0
outer loop
vertex 16.939190 8.645763 0.350000
vertex 16.673050 8.771639 5.150000
vertex 16.939190 8.645763 5.150000
endloop
endfacet
facet normal 0.33689 0.941544 0
outer loop
vertex 16.673050 8.771639 0.350000
vertex 16.395855 8.870821 0.350000
vertex 16.395855 8.870821 5.150000
endloop
endfacet
facet normal 0.33689 0.941544 -0
outer loop
vertex 16.673050 8.771639 0.350000
vertex 16.395855 8.870821 5.150000
vertex 16.673050 8.771639 5.150000
endloop
endfacet
facet normal 0.242981 0.970031 0
outer loop
vertex 16.395855 8.870821 0.350000
vertex 16.110271 8.942356 0.350000
vertex 16.110271 8.942356 5.150000
endloop
endfacet
facet normal 0.242981 0.970031 -0
outer loop
vertex 16.395855 8.870821 0.350000
vertex 16.110271 8.942356 5.150000
vertex 16.395855 8.870821 5.150000
endloop
endfacet
facet normal 0.146728 0.989177 0
outer loop
vertex 16.110271 8.942356 0.350000
vertex 15.819052 8.985554 0.350000
vertex 15.819052 8.985554 5.150000
endloop
endfacet
facet normal 0.146728 0.989177 -0
outer loop
vertex 16.110271 8.942356 0.350000
vertex 15.819052 8.985554 5.150000
vertex 16.110271 8.942356 5.150000
endloop
endfacet
facet normal 0.049069 0.998795 0
outer loop
vertex 15.819052 8.985554 0.350000
vertex 15.525000 9.000000 0.350000
vertex 15.525000 9.000000 5.150000
endloop
endfacet
facet normal 0.049069 0.998795 -0
outer loop
vertex 15.819052 8.985554 0.350000
vertex 15.525000 9.000000 5.150000
vertex 15.819052 8.985554 5.150000
endloop
endfacet
facet normal 0 1 0
outer loop
vertex 15.525000 9.000000 0.350000
vertex -15.525000 9.000000 0.350000
vertex -15.525000 9.000000 5.150000
endloop
endfacet
facet normal 0 1 -0
outer loop
vertex 15.525000 9.000000 0.350000
vertex -15.525000 9.000000 5.150000
vertex 15.525000 9.000000 5.150000
endloop
endfacet
facet normal -0.049069 0.998795 0
outer loop
vertex -15.525000 9.000000 0.350000
vertex -15.819052 8.985554 0.350000
vertex -15.819052 8.985554 5.150000
endloop
endfacet
facet normal -0.049069 0.998795 0
outer loop
vertex -15.525000 9.000000 0.350000
vertex -15.819052 8.985554 5.150000
vertex -15.525000 9.000000 5.150000
endloop
endfacet
facet normal -0.146728 0.989177 0
outer loop
vertex -15.819052 8.985554 0.350000
vertex -16.110271 8.942356 0.350000
vertex -16.110271 8.942356 5.150000
endloop
endfacet
facet normal -0.146728 0.989177 0
outer loop
vertex -15.819052 8.985554 0.350000
vertex -16.110271 8.942356 5.150000
vertex -15.819052 8.985554 5.150000
endloop
endfacet
facet normal -0.242981 0.970031 0
outer loop
vertex -16.110271 8.942356 0.350000
vertex -16.395855 8.870821 0.350000
vertex -16.395855 8.870821 5.150000
endloop
endfacet
facet normal -0.242981 0.970031 0
outer loop
vertex -16.110271 8.942356 0.350000
vertex -16.395855 8.870821 5.150000
vertex -16.110271 8.942356 5.150000
endloop
endfacet
facet normal -0.33689 0.941544 0
outer loop
vertex -16.395855 8.870821 0.350000
vertex -16.673050 8.771639 0.350000
vertex -16.673050 8.771639 5.150000
endloop
endfacet
facet normal -0.33689 0.941544 0
outer loop
vertex -16.395855 8.870821 0.350000
vertex -16.673050 8.771639 5.150000
vertex -16.395855 8.870821 5.150000
endloop
endfacet
facet normal -0.427557 0.903988 0
outer loop
vertex -16.673050 8.771639 0.350000
vertex -16.939190 8.645763 0.350000
vertex -16.939190 8.645763 5.150000
endloop
endfacet
facet normal -0.427557 0.903988 0
outer loop
vertex -16.673050 8.771639 0.350000
vertex -16.939190 8.645763 5.150000
vertex -16.673050 8.771639 5.150000
endloop
endfacet
facet normal -0.514101 0.85773 0
outer loop
vertex -16.939190 8.645763 0.350000
vertex -17.191711 8.494409 0.350000
vertex -17.191711 8.494409 5.150000
endloop
endfacet
facet normal -0.514101 0.85773 0
outer loop
vertex -16.939190 8.645763 0.350000
vertex -17.191711 8.494409 5.150000
vertex -16.939190 8.645763 5.150000
endloop
endfacet
facet normal -0.595698 0.803209 0
outer loop
vertex -17.191711 8.494409 0.350000
vertex -17.428181 8.319032 0.350000
vertex -17.428181 8.319032 5.150000
endloop
endfacet
facet normal -0.595698 0.803209 0
outer loop
vertex -17.191711 8.494409 0.350000
vertex -17.428181 8.319032 5.150000
vertex -17.191711 8.494409 5.150000
endloop
endfacet
facet normal -0.67156 0.74095 0
outer loop
vertex -17.428181 8.319032 0.350000
vertex -17.646320 8.121321 0.350000
vertex -17.646320 8.121321 5.150000
endloop
endfacet
facet normal -0.67156 0.74095 0
outer loop
vertex -17.428181 8.319032 0.350000
vertex -17.646320 8.121321 5.150000
vertex -17.428181 8.319032 5.150000
endloop
endfacet
facet normal -0.74095 0.67156 0
outer loop
vertex -17.646320 8.121321 0.350000
vertex -17.844032 7.903180 0.350000
vertex -17.844032 7.903180 5.150000
endloop
endfacet
facet normal -0.74095 0.67156 0
outer loop
vertex -17.646320 8.121321 0.350000
vertex -17.844032 7.903180 5.150000
vertex -17.646320 8.121321 5.150000
endloop
endfacet
facet normal -0.803208 0.595699 0
outer loop
vertex -17.844032 7.903180 0.350000
vertex -18.019409 7.666711 0.350000
vertex -18.019409 7.666711 5.150000
endloop
endfacet
facet normal -0.803208 0.595699 0
outer loop
vertex -17.844032 7.903180 0.350000
vertex -18.019409 7.666711 5.150000
vertex -17.844032 7.903180 5.150000
endloop
endfacet
facet normal -0.85773 0.5141 0
outer loop
vertex -18.019409 7.666711 0.350000
vertex -18.170763 7.414190 0.350000
vertex -18.170763 7.414190 5.150000
endloop
endfacet
facet normal -0.85773 0.5141 0
outer loop
vertex -18.019409 7.666711 0.350000
vertex -18.170763 7.414190 5.150000
vertex -18.019409 7.666711 5.150000
endloop
endfacet
facet normal -0.903988 0.427557 0
outer loop
vertex -18.170763 7.414190 0.350000
vertex -18.296638 7.148050 0.350000
vertex -18.296638 7.148050 5.150000
endloop
endfacet
facet normal -0.903988 0.427557 0
outer loop
vertex -18.170763 7.414190 0.350000
vertex -18.296638 7.148050 5.150000
vertex -18.170763 7.414190 5.150000
endloop
endfacet
facet normal -0.941544 0.336889 0
outer loop
vertex -18.296638 7.148050 0.350000
vertex -18.395821 6.870854 0.350000
vertex -18.395821 6.870854 5.150000
endloop
endfacet
facet normal -0.941544 0.336889 0
outer loop
vertex -18.296638 7.148050 0.350000
vertex -18.395821 6.870854 5.150000
vertex -18.296638 7.148050 5.150000
endloop
endfacet
facet normal -0.970031 0.242981 0
outer loop
vertex -18.395821 6.870854 0.350000
vertex -18.467356 6.585271 0.350000
vertex -18.467356 6.585271 5.150000
endloop
endfacet
facet normal -0.970031 0.242981 0
outer loop
vertex -18.395821 6.870854 0.350000
vertex -18.467356 6.585271 5.150000
vertex -18.395821 6.870854 5.150000
endloop
endfacet
facet normal -0.989177 0.146728 0
outer loop
vertex -18.467356 6.585271 0.350000
vertex -18.510553 6.294052 0.350000
vertex -18.510553 6.294052 5.150000
endloop
endfacet
facet normal -0.989177 0.146728 0
outer loop
vertex -18.467356 6.585271 0.350000
vertex -18.510553 6.294052 5.150000
vertex -18.467356 6.585271 5.150000
endloop
endfacet
facet normal -0.998795 0.0490691 0
outer loop
vertex -18.510553 6.294052 0.350000
vertex -18.525000 6.000000 0.350000
vertex -18.525000 6.000000 5.150000
endloop
endfacet
facet normal -0.998795 0.0490691 0
outer loop
vertex -18.510553 6.294052 0.350000
vertex -18.525000 6.000000 5.150000
vertex -18.510553 6.294052 5.150000
endloop
endfacet
facet normal -1 0 0
outer loop
vertex -18.525000 6.000000 0.350000
vertex -18.525000 -6.000000 0.350000
vertex -18.525000 -6.000000 5.150000
endloop
endfacet
facet normal -1 0 0
outer loop
vertex -18.525000 6.000000 0.350000
vertex -18.525000 -6.000000 5.150000
vertex -18.525000 6.000000 5.150000
endloop
endfacet
facet normal -0.998795 -0.0490691 0
outer loop
vertex -18.525000 -6.000000 0.350000
vertex -18.510553 -6.294052 0.350000
vertex -18.510553 -6.294052 5.150000
endloop
endfacet
facet normal -0.998795 -0.0490691 0
outer loop
vertex -18.525000 -6.000000 0.350000
vertex -18.510553 -6.294052 5.150000
vertex -18.525000 -6.000000 5.150000
endloop
endfacet
facet normal -0.989177 -0.146728 0
outer loop
vertex -18.510553 -6.294052 0.350000
vertex -18.467356 -6.585271 0.350000
vertex -18.467356 -6.585271 5.150000
endloop
endfacet
facet normal -0.989177 -0.146728 0
outer loop
vertex -18.510553 -6.294052 0.350000
vertex -18.467356 -6.585271 5.150000
vertex -18.510553 -6.294052 5.150000
endloop
endfacet
facet normal -0.970031 -0.242981 0
outer loop
vertex -18.467356 -6.585271 0.350000
vertex -18.395821 -6.870854 0.350000
vertex -18.395821 -6.870854 5.150000
endloop
endfacet
facet normal -0.970031 -0.242981 0
outer loop
vertex -18.467356 -6.585271 0.350000
vertex -18.395821 -6.870854 5.150000
vertex -18.467356 -6.585271 5.150000
endloop
endfacet
facet normal -0.941544 -0.336889 0
outer loop
vertex -18.395821 -6.870854 0.350000
vertex -18.296638 -7.148050 0.350000
vertex -18.296638 -7.148050 5.150000
endloop
endfacet
facet normal -0.941544 -0.336889 0
outer loop
vertex -18.395821 -6.870854 0.350000
vertex -18.296638 -7.148050 5.150000
vertex -18.395821 -6.870854 5.150000
endloop
endfacet
facet normal -0.903988 -0.427557 0
outer loop
vertex -18.296638 -7.148050 0.350000
vertex -18.170763 -7.414190 0.350000
vertex -18.170763 -7.414190 5.150000
endloop
endfacet
facet normal -0.903988 -0.427557 0
outer loop
vertex -18.296638 -7.148050 0.350000
vertex -18.170763 -7.414190 5.150000
vertex -18.296638 -7.148050 5.150000
endloop
endfacet
facet normal -0.85773 -0.5141 0
outer loop
vertex -18.170763 -7.414190 0.350000
vertex -18.019409 -7.666711 0.350000
vertex -18.019409 -7.666711 5.150000
endloop
endfacet
facet normal -0.85773 -0.5141 0
outer loop
vertex -18.170763 -7.414190 0.350000
vertex -18.019409 -7.666711 5.150000
vertex -18.170763 -7.414190 5.150000
endloop
endfacet
facet normal -0.803208 -0.595699 0
outer loop
vertex -18.019409 -7.666711 0.350000
vertex -17.844032 -7.903180 0.350000
vertex -17.844032 -7.903180 5.150000
endloop
endfacet
facet normal -0.803208 -0.595699 0
outer loop
vertex -18.019409 -7.666711 0.350000
vertex -17.844032 -7.903180 5.150000
vertex -18.019409 -7.666711 5.150000
endloop
endfacet
facet normal -0.74095 -0.67156 0
outer loop
vertex -17.844032 -7.903180 0.350000
vertex -17.646320 -8.121321 0.350000
vertex -17.646320 -8.121321 5.150000
endloop
endfacet
facet normal -0.74095 -0.67156 0
outer loop
vertex -17.844032 -7.903180 0.350000
vertex -17.646320 -8.121321 5.150000
vertex -17.844032 -7.903180 5.150000
endloop
endfacet
facet normal -0.67156 -0.74095 0
outer loop
vertex -17.646320 -8.121321 0.350000
vertex -17.428181 -8.319032 0.350000
vertex -17.428181 -8.319032 5.150000
endloop
endfacet
facet normal -0.67156 -0.74095 0
outer loop
vertex -17.646320 -8.121321 0.350000
vertex -17.428181 -8.319032 5.150000
vertex -17.646320 -8.121321 5.150000
endloop
endfacet
facet normal -0.595698 -0.803209 0
outer loop
vertex -17.428181 -8.319032 0.350000
vertex -17.191711 -8.494409 0.350000
vertex -17.191711 -8.494409 5.150000
endloop
endfacet
facet normal -0.595698 -0.803209 0
outer loop
vertex -17.428181 -8.319032 0.350000
vertex -17.191711 -8.494409 5.150000
vertex -17.428181 -8.319032 5.150000
endloop
endfacet
facet normal -0.514101 -0.85773 0
outer loop
vertex -17.191711 -8.494409 0.350000
vertex -16.939190 -8.645763 0.350000
vertex -16.939190 -8.645763 5.150000
endloop
endfacet
facet normal -0.514101 -0.85773 0
outer loop
vertex -17.191711 -8.494409 0.350000
vertex -16.939190 -8.645763 5.150000
vertex -17.191711 -8.494409 5.150000
endloop
endfacet
facet normal -0.427557 -0.903988 0
outer loop
vertex -16.939190 -8.645763 0.350000
vertex -16.673050 -8.771639 0.350000
vertex -16.673050 -8.771639 5.150000
endloop
endfacet
facet normal -0.427557 -0.903988 0
outer loop
vertex -16.939190 -8.645763 0.350000
vertex -16.673050 -8.771639 5.150000
vertex -16.939190 -8.645763 5.150000
endloop
endfacet
facet normal -0.33689 -0.941544 0
outer loop
vertex -16.673050 -8.771639 0.350000
vertex -16.395855 -8.870821 0.350000
vertex -16.395855 -8.870821 5.150000
endloop
endfacet
facet normal -0.33689 -0.941544 0
outer loop
vertex -16.673050 -8.771639 0.350000
vertex -16.395855 -8.870821 5.150000
vertex -16.673050 -8.771639 5.150000
endloop
endfacet
facet normal -0.242981 -0.970031 0
outer loop
vertex -16.395855 -8.870821 0.350000
vertex -16.110271 -8.942356 0.350000
vertex -16.110271 -8.942356 5.150000
endloop
endfacet
facet normal -0.242981 -0.970031 0
outer loop
vertex -16.395855 -8.870821 0.350000
vertex -16.110271 -8.942356 5.150000
vertex -16.395855 -8.870821 5.150000
endloop
endfacet
facet normal -0.146728 -0.989177 0
outer loop
vertex -16.110271 -8.942356 0.350000
vertex -15.819052 -8.985554 0.350000
vertex -15.819052 -8.985554 5.150000
endloop
endfacet
facet normal -0.146728 -0.989177 0
outer loop
vertex -16.110271 -8.942356 0.350000
vertex -15.819052 -8.985554 5.150000
vertex -16.110271 -8.942356 5.150000
endloop
endfacet
facet normal -0.049069 -0.998795 0
outer loop
vertex -15.819052 -8.985554 0.350000
vertex -15.525000 -9.000000 0.350000
vertex -15.525000 -9.000000 5.150000
endloop
endfacet
facet normal -0.049069 -0.998795 0
outer loop
vertex -15.819052 -8.985554 0.350000
vertex -15.525000 -9.000000 5.150000
vertex -15.819052 -8.985554 5.150000
endloop
endfacet
facet normal 0 -1 0
outer loop
vertex -15.525000 -9.000000 0.350000
vertex 15.525000 -9.000000 0.350000
vertex 15.525000 -9.000000 5.150000
endloop
endfacet
facet normal 0 -1 0
outer loop
vertex -15.525000 -9.000000 0.350000
vertex 15.525000 -9.000000 5.150000
vertex -15.525000 -9.000000 5.150000
endloop
endfacet
facet normal 0.049069 -0.998795 0
outer loop
vertex 15.525000 -9.000000 0.350000
vertex 15.819052 -8.985554 0.350000
vertex 15.819052 -8.985554 5.150000
endloop
endfacet
facet normal 0.049069 -0.998795 0
outer loop
vertex 15.525000 -9.000000 0.350000
vertex 15.819052 -8.985554 5.150000
vertex 15.525000 -9.000000 5.150000
endloop
endfacet
facet normal 0.146728 -0.989177 0
outer loop
vertex 15.819052 -8.985554 0.350000
vertex 16.110271 -8.942356 0.350000
vertex 16.110271 -8.942356 5.150000
endloop
endfacet
facet normal 0.146728 -0.989177 0
outer loop
vertex 15.819052 -8.985554 0.350000
vertex 16.110271 -8.942356 5.150000
vertex 15.819052 -8.985554 5.150000
endloop
endfacet
facet normal 0.242981 -0.970031 0
outer loop
vertex 16.110271 -8.942356 0.350000
vertex 16.395855 -8.870821 0.350000
vertex 16.395855 -8.870821 5.150000
endloop
endfacet
facet normal 0.242981 -0.970031 0
outer loop
vertex 16.110271 -8.942356 0.350000
vertex 16.395855 -8.870821 5.150000
vertex 16.110271 -8.942356 5.150000
endloop
endfacet
facet normal 0.33689 -0.941544 0
outer loop
vertex 16.395855 -8.870821 0.350000
vertex 16.673050 -8.771639 0.350000
vertex 16.673050 -8.771639 5.150000
endloop
endfacet
facet normal 0.33689 -0.941544 0
outer loop
vertex 16.395855 -8.870821 0.350000
vertex 16.673050 -8.771639 5.150000
vertex 16.395855 -8.870821 5.150000
endloop
endfacet
facet normal 0.427557 -0.903988 0
outer loop
vertex 16.673050 -8.771639 0.350000
vertex 16.939190 -8.645763 0.350000
vertex 16.939190 -8.645763 5.150000
endloop
endfacet
facet normal 0.427557 -0.903988 0
outer loop
vertex 16.673050 -8.771639 0.350000
vertex 16.939190 -8.645763 5.150000
vertex 16.673050 -8.771639 5.150000
endloop
endfacet
facet normal 0.514101 -0.85773 0
outer loop
vertex 16.939190 -8.645763 0.350000
vertex 17.191711 -8.494409 0.350000
vertex 17.191711 -8.494409 5.150000
endloop
endfacet
facet normal 0.514101 -0.85773 0
outer loop
vertex 16.939190 -8.645763 0.350000
vertex 17.191711 -8.494409 5.150000
vertex 16.939190 -8.645763 5.150000
endloop
endfacet
facet normal 0.595698 -0.803209 0
outer loop
vertex 17.191711 -8.494409 0.350000
vertex 17.428181 -8.319032 0.350000
vertex 17.428181 -8.319032 5.150000
endloop
endfacet
facet normal 0.595698 -0.803209 0
outer loop
vertex 17.191711 -8.494409 0.350000
vertex 17.428181 -8.319032 5.150000
vertex 17.191711 -8.494409 5.150000
endloop
endfacet
facet normal 0.67156 -0.74095 0
outer loop
vertex 17.428181 -8.319032 0.350000
vertex 17.646320 -8.121321 0.350000
vertex 17.646320 -8.121321 5.150000
endloop
endfacet
facet normal 0.67156 -0.74095 0
outer loop
vertex 17.428181 -8.319032 0.350000
vertex 17.646320 -8.121321 5.150000
vertex 17.428181 -8.319032 5.150000
endloop
endfacet
facet normal 0.74095 -0.67156 0
outer loop
vertex 17.646320 -8.121321 0.350000
vertex 17.844032 -7.903180 0.350000
vertex 17.844032 -7.903180 5.150000
endloop
endfacet
facet normal 0.74095 -0.67156 0
outer loop
vertex 17.646320 -8.121321 0.350000
vertex 17.844032 -7.903180 5.150000
vertex 17.646320 -8.121321 5.150000
endloop
endfacet
facet normal 0.803208 -0.595699 0
outer loop
vertex 17.844032 -7.903180 0.350000
vertex 18.019409 -7.666711 0.350000
vertex 18.019409 -7.666711 5.150000
endloop
endfacet
facet normal 0.803208 -0.595699 0
outer loop
vertex 17.844032 -7.903180 0.350000
vertex 18.019409 -7.666711 5.150000
vertex 17.844032 -7.903180 5.150000
endloop
endfacet
facet normal 0.85773 -0.5141 0
outer loop
vertex 18.019409 -7.666711 0.350000
vertex 18.170763 -7.414190 0.350000
vertex 18.170763 -7.414190 5.150000
endloop
endfacet
facet normal 0.85773 -0.5141 0
outer loop
vertex 18.019409 -7.666711 0.350000
vertex 18.170763 -7.414190 5.150000
vertex 18.019409 -7.666711 5.150000
endloop
endfacet
facet normal 0.903988 -0.427557 0
outer loop
vertex 18.170763 -7.414190 0.350000
vertex 18.296638 -7.148050 0.350000
vertex 18.296638 -7.148050 5.150000
endloop
endfacet
facet normal 0.903988 -0.427557 0
outer loop
vertex 18.170763 -7.414190 0.350000
vertex 18.296638 -7.148050 5.150000
vertex 18.170763 -7.414190 5.150000
endloop
endfacet
facet normal 0.941544 -0.336889 0
outer loop
vertex 18.296638 -7.148050 0.350000
vertex 18.395821 -6.870854 0.350000
vertex 18.395821 -6.870854 5.150000
endloop
endfacet
facet normal 0.941544 -0.336889 0
outer loop
vertex 18.296638 -7.148050 0.350000
vertex 18.395821 -6.870854 5.150000
vertex 18.296638 -7.148050 5.150000
endloop
endfacet
facet normal 0.970031 -0.242981 0
outer loop
vertex 18.395821 -6.870854 0.350000
vertex 18.467356 -6.585271 0.350000
vertex 18.467356 -6.585271 5.150000
endloop
endfacet
facet normal 0.970031 -0.242981 0
outer loop
vertex 18.395821 -6.870854 0.350000
vertex 18.467356 -6.585271 5.150000
vertex 18.395821 -6.870854 5.150000
endloop
endfacet
facet normal 0.989177 -0.146728 0
outer loop
vertex 18.467356 -6.585271 0.350000
vertex 18.510553 -6.294052 0.350000
vertex 18.510553 -6.294052 5.150000
endloop
endfacet
facet normal 0.989177 -0.146728 0
outer loop
vertex 18.467356 -6.585271 0.350000
vertex 18.510553 -6.294052 5.150000
vertex 18.467356 -6.585271 5.150000
endloop
endfacet
facet normal 0.998795 -0.0490691 0
outer loop
vertex 18.510553 -6.294052 0.350000
vertex 18.525000 -6.000000 0.350000
vertex 18.525000 -6.000000 5.150000
endloop
endfacet
facet normal 0.998795 -0.0490691 0
outer loop
vertex 18.510553 -6.294052 0.350000
vertex 18.525000 -6.000000 5.150000
vertex 18.510553 -6.294052 5.150000
endloop
endfacet
facet normal 1 0 0
outer loop
vertex 18.525000 -6.000000 0.350000
vertex 18.525000 6.000000 0.350000
vertex 18.525000 6.000000 5.150000
endloop
endfacet
facet normal 1 0 0
outer loop
vertex 18.525000 -6.000000 0.350000
vertex 18.525000 6.000000 5.150000
vertex 18.525000 -6.000000 5.150000
endloop
endfacet
facet normal 0.979445 0.0481185 0.195888
outer loop
vertex 18.525000 6.000000 5.150000
vertex 18.510553 6.294052 5.150000
vertex 18.460794 6.289151 5.400000
endloop
endfacet
facet normal 0.979445 0.04812 0.195886
outer loop
vertex 18.525000 6.000000 5.150000
vertex 18.460794 6.289151 5.400000
vertex 18.475000 6.000000 5.400000
endloop
endfacet
facet normal 0.970012 0.143886 0.195891
outer loop
vertex 18.510553 6.294052 5.150000
vertex 18.467356 6.585271 5.150000
vertex 18.418316 6.575516 5.400000
endloop
endfacet
facet normal 0.970012 0.143889 0.195888
outer loop
vertex 18.510553 6.294052 5.150000
vertex 18.418316 6.575516 5.400000
vertex 18.460794 6.289151 5.400000
endloop
endfacet
facet normal 0.951239 0.238274 0.195884
outer loop
vertex 18.467356 6.585271 5.150000
vertex 18.395821 6.870854 5.150000
vertex 18.347975 6.856340 5.400000
endloop
endfacet
facet normal 0.951239 0.238268 0.195891
outer loop
vertex 18.467356 6.585271 5.150000
vertex 18.347975 6.856340 5.400000
vertex 18.418316 6.575516 5.400000
endloop
endfacet
facet normal 0.923303 0.330362 0.195889
outer loop
vertex 18.395821 6.870854 5.150000
vertex 18.296638 7.148050 5.150000
vertex 18.250444 7.128916 5.400000
endloop
endfacet
facet normal 0.923302 0.330366 0.195884
outer loop
vertex 18.395821 6.870854 5.150000
vertex 18.250444 7.128916 5.400000
vertex 18.347975 6.856340 5.400000
endloop
endfacet
facet normal 0.886475 0.419273 0.195889
outer loop
vertex 18.296638 7.148050 5.150000
vertex 18.170763 7.414190 5.150000
vertex 18.126667 7.390620 5.400000
endloop
endfacet
facet normal 0.886475 0.419273 0.195889
outer loop
vertex 18.296638 7.148050 5.150000
vertex 18.126667 7.390620 5.400000
vertex 18.250444 7.128916 5.400000
endloop
endfacet
facet normal 0.841112 0.504139 0.195892
outer loop
vertex 18.170763 7.414190 5.150000
vertex 18.019409 7.666711 5.150000
vertex 17.977835 7.638932 5.400000
endloop
endfacet
facet normal 0.841111 0.504142 0.195889
outer loop
vertex 18.170763 7.414190 5.150000
vertex 17.977835 7.638932 5.400000
vertex 18.126667 7.390620 5.400000
endloop
endfacet
facet normal 0.787647 0.584158 0.195889
outer loop
vertex 18.019409 7.666711 5.150000
vertex 17.844032 7.903180 5.150000
vertex 17.805382 7.871460 5.400000
endloop
endfacet
facet normal 0.787648 0.584155 0.195892
outer loop
vertex 18.019409 7.666711 5.150000
vertex 17.805382 7.871460 5.400000
vertex 17.977835 7.638932 5.400000
endloop
endfacet
facet normal 0.726596 0.658549 0.195888
outer loop
vertex 17.844032 7.903180 5.150000
vertex 17.646320 8.121321 5.150000
vertex 17.610966 8.085965 5.400000
endloop
endfacet
facet normal 0.726596 0.658548 0.195889
outer loop
vertex 17.844032 7.903180 5.150000
vertex 17.610966 8.085965 5.400000
vertex 17.805382 7.871460 5.400000
endloop
endfacet
facet normal 0.658549 0.726594 0.195893
outer loop
vertex 17.646320 8.121321 5.150000
vertex 17.428181 8.319032 5.150000
vertex 17.396460 8.280381 5.400000
endloop
endfacet
facet normal 0.658547 0.726598 0.195888
outer loop
vertex 17.646320 8.121321 5.150000
vertex 17.396460 8.280381 5.400000
vertex 17.610966 8.085965 5.400000
endloop
endfacet
facet normal 0.584157 0.787647 0.195889
outer loop
vertex 17.428181 8.319032 5.150000
vertex 17.191711 8.494409 5.150000
vertex 17.163933 8.452835 5.400000
endloop
endfacet
facet normal 0.584158 0.787645 0.195892
outer loop
vertex 17.428181 8.319032 5.150000
vertex 17.163933 8.452835 5.400000
vertex 17.396460 8.280381 5.400000
endloop
endfacet
facet normal 0.504141 0.841112 0.195887
outer loop
vertex 17.191711 8.494409 5.150000
vertex 16.939190 8.645763 5.150000
vertex 16.915621 8.601667 5.400000
endloop
endfacet
facet normal 0.504142 0.841111 0.195889
outer loop
vertex 17.191711 8.494409 5.150000
vertex 16.915621 8.601667 5.400000
vertex 17.163933 8.452835 5.400000
endloop
endfacet
facet normal 0.419273 0.886475 0.19589
outer loop
vertex 16.939190 8.645763 5.150000
vertex 16.673050 8.771639 5.150000
vertex 16.653915 8.725445 5.400000
endloop
endfacet
facet normal 0.419272 0.886476 0.195888
outer loop
vertex 16.939190 8.645763 5.150000
vertex 16.653915 8.725445 5.400000
vertex 16.915621 8.601667 5.400000
endloop
endfacet
facet normal 0.330364 0.923302 0.195889
outer loop
vertex 16.673050 8.771639 5.150000
vertex 16.395855 8.870821 5.150000
vertex 16.381340 8.822974 5.400000
endloop
endfacet
facet normal 0.330364 0.923302 0.19589
outer loop
vertex 16.673050 8.771639 5.150000
vertex 16.381340 8.822974 5.400000
vertex 16.653915 8.725445 5.400000
endloop
endfacet
facet normal 0.238273 0.951237 0.195891
outer loop
vertex 16.395855 8.870821 5.150000
vertex 16.110271 8.942356 5.150000
vertex 16.100517 8.893316 5.400000
endloop
endfacet
facet normal 0.238272 0.951238 0.195889
outer loop
vertex 16.395855 8.870821 5.150000
vertex 16.100517 8.893316 5.400000
vertex 16.381340 8.822974 5.400000
endloop
endfacet
facet normal 0.143885 0.970013 0.195888
outer loop
vertex 16.110271 8.942356 5.150000
vertex 15.819052 8.985554 5.150000
vertex 15.814151 8.935795 5.400000
endloop
endfacet
facet normal 0.143888 0.970012 0.195891
outer loop
vertex 16.110271 8.942356 5.150000
vertex 15.814151 8.935795 5.400000
vertex 16.100517 8.893316 5.400000
endloop
endfacet
facet normal 0.0481184 0.979445 0.19589
outer loop
vertex 15.819052 8.985554 5.150000
vertex 15.525000 9.000000 5.150000
vertex 15.525000 8.950000 5.400000
endloop
endfacet
facet normal 0.0481167 0.979445 0.195888
outer loop
vertex 15.819052 8.985554 5.150000
vertex 15.525000 8.950000 5.400000
vertex 15.814151 8.935795 5.400000
endloop
endfacet
facet normal 0 0.980581 0.196117
outer loop
vertex 15.525000 9.000000 5.150000
vertex -15.525000 9.000000 5.150000
vertex -15.525000 8.950000 5.400000
endloop
endfacet
facet normal 0 0.980581 0.196117
outer loop
vertex 15.525000 9.000000 5.150000
vertex -15.525000 8.950000 5.400000
vertex 15.525000 8.950000 5.400000
endloop
endfacet
facet normal -0.0481184 0.979445 0.195888
outer loop
vertex -15.525000 9.000000 5.150000
vertex -15.819052 8.985554 5.150000
vertex -15.814151 8.935795 5.400000
endloop
endfacet
facet normal -0.0481167 0.979445 0.19589
outer loop
vertex -15.525000 9.000000 5.150000
vertex -15.814151 8.935795 5.400000
vertex -15.525000 8.950000 5.400000
endloop
endfacet
facet normal -0.143885 0.970012 0.195891
outer loop
vertex -15.819052 8.985554 5.150000
vertex -16.110271 8.942356 5.150000
vertex -16.100517 8.893316 5.400000
endloop
endfacet
facet normal -0.143888 0.970012 0.195888
outer loop
vertex -15.819052 8.985554 5.150000
vertex -16.100517 8.893316 5.400000
vertex -15.814151 8.935795 5.400000
endloop
endfacet
facet normal -0.238273 0.951238 0.195889
outer loop
vertex -16.110271 8.942356 5.150000
vertex -16.395855 8.870821 5.150000
vertex -16.381340 8.822974 5.400000
endloop
endfacet
facet normal -0.238271 0.951238 0.195891
outer loop
vertex -16.110271 8.942356 5.150000
vertex -16.381340 8.822974 5.400000
vertex -16.100517 8.893316 5.400000
endloop
endfacet
facet normal -0.330363 0.923302 0.19589
outer loop
vertex -16.395855 8.870821 5.150000
vertex -16.673050 8.771639 5.150000
vertex -16.653915 8.725445 5.400000
endloop
endfacet
facet normal -0.330364 0.923302 0.195889
outer loop
vertex -16.395855 8.870821 5.150000
vertex -16.653915 8.725445 5.400000
vertex -16.381340 8.822974 5.400000
endloop
endfacet
facet normal -0.419273 0.886475 0.195888
outer loop
vertex -16.673050 8.771639 5.150000
vertex -16.939190 8.645763 5.150000
vertex -16.915621 8.601667 5.400000
endloop
endfacet
facet normal -0.419271 0.886475 0.19589
outer loop
vertex -16.673050 8.771639 5.150000
vertex -16.915621 8.601667 5.400000
vertex -16.653915 8.725445 5.400000
endloop
endfacet
facet normal -0.504141 0.841112 0.195889
outer loop
vertex -16.939190 8.645763 5.150000
vertex -17.191711 8.494409 5.150000
vertex -17.163933 8.452835 5.400000
endloop
endfacet
facet normal -0.504142 0.841112 0.195887
outer loop
vertex -16.939190 8.645763 5.150000
vertex -17.163933 8.452835 5.400000
vertex -16.915621 8.601667 5.400000
endloop
endfacet
facet normal -0.584157 0.787647 0.195892
outer loop
vertex -17.191711 8.494409 5.150000
vertex -17.428181 8.319032 5.150000
vertex -17.396460 8.280381 5.400000
endloop
endfacet
facet normal -0.584159 0.787646 0.195889
outer loop
vertex -17.191711 8.494409 5.150000
vertex -17.396460 8.280381 5.400000
vertex -17.163933 8.452835 5.400000
endloop
endfacet
facet normal -0.65855 0.726595 0.195888
outer loop
vertex -17.428181 8.319032 5.150000
vertex -17.646320 8.121321 5.150000
vertex -17.610966 8.085965 5.400000
endloop
endfacet
facet normal -0.658546 0.726597 0.195893
outer loop
vertex -17.428181 8.319032 5.150000
vertex -17.610966 8.085965 5.400000
vertex -17.396460 8.280381 5.400000
endloop
endfacet
facet normal -0.726595 0.658549 0.195889
outer loop
vertex -17.646320 8.121321 5.150000
vertex -17.844032 7.903180 5.150000
vertex -17.805382 7.871460 5.400000
endloop
endfacet
facet normal -0.726596 0.658548 0.195888
outer loop
vertex -17.646320 8.121321 5.150000
vertex -17.805382 7.871460 5.400000
vertex -17.610966 8.085965 5.400000
endloop
endfacet
facet normal -0.787646 0.584157 0.195892
outer loop
vertex -17.844032 7.903180 5.150000
vertex -18.019409 7.666711 5.150000
vertex -17.977835 7.638932 5.400000
endloop
endfacet
facet normal -0.787648 0.584155 0.195889
outer loop
vertex -17.844032 7.903180 5.150000
vertex -17.977835 7.638932 5.400000
vertex -17.805382 7.871460 5.400000
endloop
endfacet
facet normal -0.841113 0.50414 0.195889
outer loop
vertex -18.019409 7.666711 5.150000
vertex -18.170763 7.414190 5.150000
vertex -18.126667 7.390620 5.400000
endloop
endfacet
facet normal -0.841111 0.504142 0.195892
outer loop
vertex -18.019409 7.666711 5.150000
vertex -18.126667 7.390620 5.400000
vertex -17.977835 7.638932 5.400000
endloop
endfacet
facet normal -0.886475 0.419273 0.195889
outer loop
vertex -18.170763 7.414190 5.150000
vertex -18.296638 7.148050 5.150000
vertex -18.250444 7.128916 5.400000
endloop
endfacet
facet normal -0.886475 0.419273 0.195889
outer loop
vertex -18.170763 7.414190 5.150000
vertex -18.250444 7.128916 5.400000
vertex -18.126667 7.390620 5.400000
endloop
endfacet
facet normal -0.923304 0.330362 0.195884
outer loop
vertex -18.296638 7.148050 5.150000
vertex -18.395821 6.870854 5.150000
vertex -18.347975 6.856340 5.400000
endloop
endfacet
facet normal -0.923302 0.330366 0.195889
outer loop
vertex -18.296638 7.148050 5.150000
vertex -18.347975 6.856340 5.400000
vertex -18.250444 7.128916 5.400000
endloop
endfacet
facet normal -0.951237 0.238274 0.195891
outer loop
vertex -18.395821 6.870854 5.150000
vertex -18.467356 6.585271 5.150000
vertex -18.418316 6.575516 5.400000
endloop
endfacet
facet normal -0.95124 0.238268 0.195884
outer loop
vertex -18.395821 6.870854 5.150000
vertex -18.418316 6.575516 5.400000
vertex -18.347975 6.856340 5.400000
endloop
endfacet
facet normal -0.970013 0.143886 0.195888
outer loop
vertex -18.467356 6.585271 5.150000
vertex -18.510553 6.294052 5.150000
vertex -18.460794 6.289151 5.400000
endloop
endfacet
facet normal -0.970012 0.143888 0.195891
outer loop
vertex -18.467356 6.585271 5.150000
vertex -18.460794 6.289151 5.400000
vertex -18.418316 6.575516 5.400000
endloop
endfacet
facet normal -0.979445 0.0481185 0.195886
outer loop
vertex -18.510553 6.294052 5.150000
vertex -18.525000 6.000000 5.150000
vertex -18.475000 6.000000 5.400000
endloop
endfacet
facet normal -0.979445 0.04812 0.195888
outer loop
vertex -18.510553 6.294052 5.150000
vertex -18.475000 6.000000 5.400000
vertex -18.460794 6.289151 5.400000
endloop
endfacet
facet normal -0.980581 0 0.196113
outer loop
vertex -18.525000 6.000000 5.150000
vertex -18.525000 -6.000000 5.150000
vertex -18.475000 -6.000000 5.400000
endloop
endfacet
facet normal -0.980581 0 0.196113
outer loop
vertex -18.525000 6.000000 5.150000
vertex -18.475000 -6.000000 5.400000
vertex -18.475000 6.000000 5.400000
endloop
endfacet
facet normal -0.979445 -0.0481185 0.195888
outer loop
vertex -18.525000 -6.000000 5.150000
vertex -18.510553 -6.294052 5.150000
vertex -18.460794 -6.289151 5.400000
endloop
endfacet
facet normal -0.979445 -0.04812 0.195886
outer loop
vertex -18.525000 -6.000000 5.150000
vertex -18.460794 -6.289151 5.400000
vertex -18.475000 -6.000000 5.400000
endloop
endfacet
facet normal -0.970012 -0.143886 0.195891
outer loop
vertex -18.510553 -6.294052 5.150000
vertex -18.467356 -6.585271 5.150000
vertex -18.418316 -6.575516 5.400000
endloop
endfacet
facet normal -0.970012 -0.143889 0.195888
outer loop
vertex -18.510553 -6.294052 5.150000
vertex -18.418316 -6.575516 5.400000
vertex -18.460794 -6.289151 5.400000
endloop
endfacet
facet normal -0.951239 -0.238274 0.195884
outer loop
vertex -18.467356 -6.585271 5.150000
vertex -18.395821 -6.870854 5.150000
vertex -18.347975 -6.856340 5.400000
endloop
endfacet
facet normal -0.951239 -0.238268 0.195891
outer loop
vertex -18.467356 -6.585271 5.150000
vertex -18.347975 -6.856340 5.400000
vertex -18.418316 -6.575516 5.400000
endloop
endfacet
facet normal -0.923303 -0.330362 0.195889
outer loop
vertex -18.395821 -6.870854 5.150000
vertex -18.296638 -7.148050 5.150000
vertex -18.250444 -7.128916 5.400000
endloop
endfacet
facet normal -0.923302 -0.330366 0.195884
outer loop
vertex -18.395821 -6.870854 5.150000
vertex -18.250444 -7.128916 5.400000
vertex -18.347975 -6.856340 5.400000
endloop
endfacet
facet normal -0.886475 -0.419273 0.195889
outer loop
vertex -18.296638 -7.148050 5.150000
vertex -18.170763 -7.414190 5.150000
vertex -18.126667 -7.390620 5.400000
endloop
endfacet
facet normal -0.886475 -0.419273 0.195889
outer loop
vertex -18.296638 -7.148050 5.150000
vertex -18.126667 -7.390620 5.400000
vertex -18.250444 -7.128916 5.400000
endloop
endfacet
facet normal -0.841112 -0.504139 0.195892
outer loop
vertex -18.170763 -7.414190 5.150000
vertex -18.019409 -7.666711 5.150000
vertex -17.977835 -7.638932 5.400000
endloop
endfacet
facet normal -0.841111 -0.504142 0.195889
outer loop
vertex -18.170763 -7.414190 5.150000
vertex -17.977835 -7.638932 5.400000
vertex -18.126667 -7.390620 5.400000
endloop
endfacet
facet normal -0.787647 -0.584158 0.195889
outer loop
vertex -18.019409 -7.666711 5.150000
vertex -17.844032 -7.903180 5.150000
vertex -17.805382 -7.871460 5.400000
endloop
endfacet
facet normal -0.787648 -0.584155 0.195892
outer loop
vertex -18.019409 -7.666711 5.150000
vertex -17.805382 -7.871460 5.400000
vertex -17.977835 -7.638932 5.400000
endloop
endfacet
facet normal -0.726596 -0.658549 0.195888
outer loop
vertex -17.844032 -7.903180 5.150000
vertex -17.646320 -8.121321 5.150000
vertex -17.610966 -8.085965 5.400000
endloop
endfacet
facet normal -0.726596 -0.658548 0.195889
outer loop
vertex -17.844032 -7.903180 5.150000
vertex -17.610966 -8.085965 5.400000
vertex -17.805382 -7.871460 5.400000
endloop
endfacet
facet normal -0.658549 -0.726594 0.195893
outer loop
vertex -17.646320 -8.121321 5.150000
vertex -17.428181 -8.319032 5.150000
vertex -17.396460 -8.280381 5.400000
endloop
endfacet
facet normal -0.658547 -0.726598 0.195888
outer loop
vertex -17.646320 -8.121321 5.150000
vertex -17.396460 -8.280381 5.400000
vertex -17.610966 -8.085965 5.400000
endloop
endfacet
facet normal -0.584157 -0.787647 0.195889
outer loop
vertex -17.428181 -8.319032 5.150000
vertex -17.191711 -8.494409 5.150000
vertex -17.163933 -8.452835 5.400000
endloop
endfacet
facet normal -0.584158 -0.787645 0.195892
outer loop
vertex -17.428181 -8.319032 5.150000
vertex -17.163933 -8.452835 5.400000
vertex -17.396460 -8.280381 5.400000
endloop
endfacet
facet normal -0.504141 -0.841112 0.195887
outer loop
vertex -17.191711 -8.494409 5.150000
vertex -16.939190 -8.645763 5.150000
vertex -16.915621 -8.601667 5.400000
endloop
endfacet
facet normal -0.504142 -0.841111 0.195889
outer loop
vertex -17.191711 -8.494409 5.150000
vertex -16.915621 -8.601667 5.400000
vertex -17.163933 -8.452835 5.400000
endloop
endfacet
facet normal -0.419273 -0.886475 0.19589
outer loop
vertex -16.939190 -8.645763 5.150000
vertex -16.673050 -8.771639 5.150000
vertex -16.653915 -8.725445 5.400000
endloop
endfacet
facet normal -0.419272 -0.886476 0.195888
outer loop
vertex -16.939190 -8.645763 5.150000
vertex -16.653915 -8.725445 5.400000
vertex -16.915621 -8.601667 5.400000
endloop
endfacet
facet normal -0.330364 -0.923302 0.195889
outer loop
vertex -16.673050 -8.771639 5.150000
vertex -16.395855 -8.870821 5.150000
vertex -16.381340 -8.822974 5.400000
endloop
endfacet
facet normal -0.330364 -0.923302 0.19589
outer loop
vertex -16.673050 -8.771639 5.150000
vertex -16.381340 -8.822974 5.400000
vertex -16.653915 -8.725445 5.400000
endloop
endfacet
facet normal -0.238273 -0.951237 0.195891
outer loop
vertex -16.395855 -8.870821 5.150000
vertex -16.110271 -8.942356 5.150000
vertex -16.100517 -8.893316 5.400000
endloop
endfacet
facet normal -0.238272 -0.951238 0.195889
outer loop
vertex -16.395855 -8.870821 5.150000
vertex -16.100517 -8.893316 5.400000
vertex -16.381340 -8.822974 5.400000
endloop
endfacet
facet normal -0.143885 -0.970013 0.195888
outer loop
vertex -16.110271 -8.942356 5.150000
vertex -15.819052 -8.985554 5.150000
vertex -15.814151 -8.935795 5.400000
endloop
endfacet
facet normal -0.143888 -0.970012 0.195891
outer loop
vertex -16.110271 -8.942356 5.150000
vertex -15.814151 -8.935795 5.400000
vertex -16.100517 -8.893316 5.400000
endloop
endfacet
facet normal -0.0481184 -0.979445 0.19589
outer loop
vertex -15.819052 -8.985554 5.150000
vertex -15.525000 -9.000000 5.150000
vertex -15.525000 -8.950000 5.400000
endloop
endfacet
facet normal -0.0481167 -0.979445 0.195888
outer loop
vertex -15.819052 -8.985554 5.150000
vertex -15.525000 -8.950000 5.400000
vertex -15.814151 -8.935795 5.400000
endloop
endfacet
facet normal 0 -0.980581 0.196117
outer loop
vertex -15.525000 -9.000000 5.150000
vertex 15.525000 -9.000000 5.150000
vertex 15.525000 -8.950000 5.400000
endloop
endfacet
facet normal 0 -0.980581 0.196117
outer loop
vertex -15.525000 -9.000000 5.150000
vertex 15.525000 -8.950000 5.400000
vertex -15.525000 -8.950000 5.400000
endloop
endfacet
facet normal 0.0481184 -0.979445 0.195888
outer loop
vertex 15.525000 -9.000000 5.150000
vertex 15.819052 -8.985554 5.150000
vertex 15.814151 -8.935795 5.400000
endloop
endfacet
facet normal 0.0481167 -0.979445 0.19589
outer loop
vertex 15.525000 -9.000000 5.150000
vertex 15.814151 -8.935795 5.400000
vertex 15.525000 -8.950000 5.400000
endloop
endfacet
facet normal 0.143885 -0.970012 0.195891
outer loop
vertex 15.819052 -8.985554 5.150000
vertex 16.110271 -8.942356 5.150000
vertex 16.100517 -8.893316 5.400000
endloop
endfacet
facet normal 0.143888 -0.970012 0.195888
outer loop
vertex 15.819052 -8.985554 5.150000
vertex 16.100517 -8.893316 5.400000
vertex 15.814151 -8.935795 5.400000
endloop
endfacet
facet normal 0.238273 -0.951238 0.195889
outer loop
vertex 16.110271 -8.942356 5.150000
vertex 16.395855 -8.870821 5.150000
vertex 16.381340 -8.822974 5.400000
endloop
endfacet
facet normal 0.238271 -0.951238 0.195891
outer loop
vertex 16.110271 -8.942356 5.150000
vertex 16.381340 -8.822974 5.400000
vertex 16.100517 -8.893316 5.400000
endloop
endfacet
facet normal 0.330363 -0.923302 0.19589
outer loop
vertex 16.395855 -8.870821 5.150000
vertex 16.673050 -8.771639 5.150000
vertex 16.653915 -8.725445 5.400000
endloop
endfacet
facet normal 0.330364 -0.923302 0.195889
outer loop
vertex 16.395855 -8.870821 5.150000
vertex 16.653915 -8.725445 5.400000
vertex 16.381340 -8.822974 5.400000
endloop
endfacet
facet normal 0.419273 -0.886475 0.195888
outer loop
vertex 16.673050 -8.771639 5.150000
vertex 16.939190 -8.645763 5.150000
vertex 16.915621 -8.601667 5.400000
endloop
endfacet
facet normal 0.419271 -0.886475 0.19589
outer loop
vertex 16.673050 -8.771639 5.150000
vertex 16.915621 -8.601667 5.400000
vertex 16.653915 -8.725445 5.400000
endloop
endfacet
facet normal 0.504141 -0.841112 0.195889
outer loop
vertex 16.939190 -8.645763 5.150000
vertex 17.191711 -8.494409 5.150000
vertex 17.163933 -8.452835 5.400000
endloop
endfacet
facet normal 0.504142 -0.841112 0.195887
outer loop
vertex 16.939190 -8.645763 5.150000
vertex 17.163933 -8.452835 5.400000
vertex 16.915621 -8.601667 5.400000
endloop
endfacet
facet normal 0.584157 -0.787647 0.195892
outer loop
vertex 17.191711 -8.494409 5.150000
vertex 17.428181 -8.319032 5.150000
vertex 17.396460 -8.280381 5.400000
endloop
endfacet
facet normal 0.584159 -0.787646 0.195889
outer loop
vertex 17.191711 -8.494409 5.150000
vertex 17.396460 -8.280381 5.400000
vertex 17.163933 -8.452835 5.400000
endloop
endfacet
facet normal 0.65855 -0.726595 0.195888
outer loop
vertex 17.428181 -8.319032 5.150000
vertex 17.646320 -8.121321 5.150000
vertex 17.610966 -8.085965 5.400000
endloop
endfacet
facet normal 0.658546 -0.726597 0.195893
outer loop
vertex 17.428181 -8.319032 5.150000
vertex 17.610966 -8.085965 5.400000
vertex 17.396460 -8.280381 5.400000
endloop
endfacet
facet normal 0.726595 -0.658549 0.195889
outer loop
vertex 17.646320 -8.121321 5.150000
vertex 17.844032 -7.903180 5.150000
vertex 17.805382 -7.871460 5.400000
endloop
endfacet
facet normal 0.726596 -0.658548 0.195888
outer loop
vertex 17.646320 -8.121321 5.150000
vertex 17.805382 -7.871460 5.400000
vertex 17.610966 -8.085965 5.400000
endloop
endfacet
facet normal 0.787646 -0.584157 0.195892
outer loop
vertex 17.844032 -7.903180 5.150000
vertex 18.019409 -7.666711 5.150000
vertex 17.977835 -7.638932 5.400000
endloop
endfacet
facet normal 0.787648 -0.584155 0.195889
outer loop
vertex 17.844032 -7.903180 5.150000
vertex 17.977835 -7.638932 5.400000
vertex 17.805382 -7.871460 5.400000
endloop
endfacet
facet normal 0.841113 -0.50414 0.195889
outer loop
vertex 18.019409 -7.666711 5.150000
vertex 18.170763 -7.414190 5.150000
vertex 18.126667 -7.390620 5.400000
endloop
endfacet
facet normal 0.841111 -0.504142 0.195892
outer loop
vertex 18.019409 -7.666711 5.150000
vertex 18.126667 -7.390620 5.400000
vertex 17.977835 -7.638932 5.400000
endloop
endfacet
facet normal 0.886475 -0.419273 0.195889
outer loop
vertex 18.170763 -7.414190 5.150000
vertex 18.296638 -7.148050 5.150000
vertex 18.250444 -7.128916 5.400000
endloop
endfacet
facet normal 0.886475 -0.419273 0.195889
outer loop
vertex 18.170763 -7.414190 5.150000
vertex 18.250444 -7.128916 5.400000
vertex 18.126667 -7.390620 5.400000
endloop
endfacet
facet normal 0.923304 -0.330362 0.195884
outer loop
vertex 18.296638 -7.148050 5.150000
vertex 18.395821 -6.870854 5.150000
vertex 18.347975 -6.856340 5.400000
endloop
endfacet
facet normal 0.923302 -0.330366 0.195889
outer loop
vertex 18.296638 -7.148050 5.150000
vertex 18.347975 -6.856340 5.400000
vertex 18.250444 -7.128916 5.400000
endloop
endfacet
facet normal 0.951237 -0.238274 0.195891
outer loop
vertex 18.395821 -6.870854 5.150000
vertex 18.467356 -6.585271 5.150000
vertex 18.418316 -6.575516 5.400000
endloop
endfacet
facet normal 0.95124 -0.238268 0.195884
outer loop
vertex 18.395821 -6.870854 5.150000
vertex 18.418316 -6.575516 5.400000
vertex 18.347975 -6.856340 5.400000
endloop
endfacet
facet normal 0.970013 -0.143886 0.195888
outer loop
vertex 18.467356 -6.585271 5.150000
vertex 18.510553 -6.294052 5.150000
vertex 18.460794 -6.289151 5.400000
endloop
endfacet
facet normal 0.970012 -0.143888 0.195891
outer loop
vertex 18.467356 -6.585271 5.150000
vertex 18.460794 -6.289151 5.400000
vertex 18.418316 -6.575516 5.400000
endloop
endfacet
facet normal 0.979445 -0.0481185 0.195886
outer loop
vertex 18.510553 -6.294052 5.150000
vertex 18.525000 -6.000000 5.150000
vertex 18.475000 -6.000000 5.400000
endloop
endfacet
facet normal 0.979445 -0.04812 0.195888
outer loop
vertex 18.510553 -6.294052 5.150000
vertex 18.475000 -6.000000 5.400000
vertex 18.460794 -6.289151 5.400000
endloop
endfacet
facet normal 0.980581 -0 0.196113
outer loop
vertex 18.525000 -6.000000 5.150000
vertex 18.525000 6.000000 5.150000
vertex 18.475000 6.000000 5.400000
endloop
endfacet
facet normal 0.980581 0 0.196113
outer loop
vertex 18.525000 -6.000000 5.150000
vertex 18.475000 6.000000 5.400000
vertex 18.475000 -6.000000 5.400000
endloop
endfacet
facet normal 0.758445 0.0372623 0.650671
outer loop
vertex 18.475000 6.000000 5.400000
vertex 18.460794 6.289151 5.400000
vertex 18.336035 6.209249 5.550000
endloop
endfacet
facet normal 0.758446 0.0372636 0.65067
outer loop
vertex 18.475000 6.000000 5.400000
vertex 18.336035 6.209249 5.550000
vertex 18.350000 5.925000 5.550000
endloop
endfacet
facet normal 0.734927 0.109017 0.669326
outer loop
vertex 18.460794 6.289151 5.400000
vertex 18.418316 6.575516 5.400000
vertex 18.294277 6.490762 5.550000
endloop
endfacet
facet normal 0.734925 0.109014 0.669329
outer loop
vertex 18.460794 6.289151 5.400000
vertex 18.294277 6.490762 5.550000
vertex 18.336035 6.209249 5.550000
endloop
endfacet
facet normal 0.706988 0.177087 0.684695
outer loop
vertex 18.418316 6.575516 5.400000
vertex 18.347975 6.856340 5.400000
vertex 18.225126 6.766826 5.550000
endloop
endfacet
facet normal 0.706991 0.177093 0.684691
outer loop
vertex 18.418316 6.575516 5.400000
vertex 18.225126 6.766826 5.550000
vertex 18.294277 6.490762 5.550000
endloop
endfacet
facet normal 0.675108 0.24156 0.697049
outer loop
vertex 18.347975 6.856340 5.400000
vertex 18.250444 7.128916 5.400000
vertex 18.129251 7.034782 5.550000
endloop
endfacet
facet normal 0.675106 0.241553 0.697054
outer loop
vertex 18.347975 6.856340 5.400000
vertex 18.129251 7.034782 5.550000
vertex 18.225126 6.766826 5.550000
endloop
endfacet
facet normal 0.639633 0.302525 0.706646
outer loop
vertex 18.250444 7.128916 5.400000
vertex 18.126667 7.390620 5.400000
vertex 18.007572 7.292050 5.550000
endloop
endfacet
facet normal 0.639633 0.302525 0.706646
outer loop
vertex 18.250444 7.128916 5.400000
vertex 18.007572 7.292050 5.550000
vertex 18.129251 7.034782 5.550000
endloop
endfacet
facet normal 0.600818 0.360116 0.713676
outer loop
vertex 18.126667 7.390620 5.400000
vertex 17.977835 7.638932 5.400000
vertex 17.861261 7.536154 5.550000
endloop
endfacet
facet normal 0.600819 0.360119 0.713675
outer loop
vertex 18.126667 7.390620 5.400000
vertex 17.861261 7.536154 5.550000
vertex 18.007572 7.292050 5.550000
endloop
endfacet
facet normal 0.558833 0.414456 0.718284
outer loop
vertex 17.977835 7.638932 5.400000
vertex 17.805382 7.871460 5.400000
vertex 17.691730 7.764740 5.550000
endloop
endfacet
facet normal 0.558834 0.414458 0.718282
outer loop
vertex 17.977835 7.638932 5.400000
vertex 17.691730 7.764740 5.550000
vertex 17.861261 7.536154 5.550000
endloop
endfacet
facet normal 0.513769 0.465652 0.720562
outer loop
vertex 17.805382 7.871460 5.400000
vertex 17.610966 8.085965 5.400000
vertex 17.500610 7.975610 5.550000
endloop
endfacet
facet normal 0.513769 0.465651 0.720563
outer loop
vertex 17.805382 7.871460 5.400000
vertex 17.500610 7.975610 5.550000
vertex 17.691730 7.764740 5.550000
endloop
endfacet
facet normal 0.46565 0.513768 0.720564
outer loop
vertex 17.610966 8.085965 5.400000
vertex 17.396460 8.280381 5.400000
vertex 17.289740 8.166730 5.550000
endloop
endfacet
facet normal 0.46565 0.513771 0.720562
outer loop
vertex 17.610966 8.085965 5.400000
vertex 17.289740 8.166730 5.550000
vertex 17.500610 7.975610 5.550000
endloop
endfacet
facet normal 0.414458 0.558832 0.718284
outer loop
vertex 17.396460 8.280381 5.400000
vertex 17.163933 8.452835 5.400000
vertex 17.061153 8.336262 5.550000
endloop
endfacet
facet normal 0.414459 0.55883 0.718285
outer loop
vertex 17.396460 8.280381 5.400000
vertex 17.061153 8.336262 5.550000
vertex 17.289740 8.166730 5.550000
endloop
endfacet
facet normal 0.360116 0.600818 0.713676
outer loop
vertex 17.163933 8.452835 5.400000
vertex 16.915621 8.601667 5.400000
vertex 16.817051 8.482572 5.550000
endloop
endfacet
facet normal 0.360117 0.600816 0.713678
outer loop
vertex 17.163933 8.452835 5.400000
vertex 16.817051 8.482572 5.550000
vertex 17.061153 8.336262 5.550000
endloop
endfacet
facet normal 0.302523 0.639632 0.706647
outer loop
vertex 16.915621 8.601667 5.400000
vertex 16.653915 8.725445 5.400000
vertex 16.559782 8.604251 5.550000
endloop
endfacet
facet normal 0.302524 0.639632 0.706647
outer loop
vertex 16.915621 8.601667 5.400000
vertex 16.559782 8.604251 5.550000
vertex 16.817051 8.482572 5.550000
endloop
endfacet
facet normal 0.241558 0.675106 0.697052
outer loop
vertex 16.653915 8.725445 5.400000
vertex 16.381340 8.822974 5.400000
vertex 16.291826 8.700127 5.550000
endloop
endfacet
facet normal 0.241557 0.675108 0.69705
outer loop
vertex 16.653915 8.725445 5.400000
vertex 16.291826 8.700127 5.550000
vertex 16.559782 8.604251 5.550000
endloop
endfacet
facet normal 0.177091 0.706992 0.684691
outer loop
vertex 16.381340 8.822974 5.400000
vertex 16.100517 8.893316 5.400000
vertex 16.015762 8.769278 5.550000
endloop
endfacet
facet normal 0.177093 0.706989 0.684693
outer loop
vertex 16.381340 8.822974 5.400000
vertex 16.015762 8.769278 5.550000
vertex 16.291826 8.700127 5.550000
endloop
endfacet
facet normal 0.109016 0.734927 0.669326
outer loop
vertex 16.100517 8.893316 5.400000
vertex 15.814151 8.935795 5.400000
vertex 15.734250 8.811036 5.550000
endloop
endfacet
facet normal 0.109016 0.734927 0.669327
outer loop
vertex 16.100517 8.893316 5.400000
vertex 15.734250 8.811036 5.550000
vertex 16.015762 8.769278 5.550000
endloop
endfacet
facet normal 0.0372598 0.758447 0.650669
outer loop
vertex 15.814151 8.935795 5.400000
vertex 15.525000 8.950000 5.400000
vertex 15.450000 8.825000 5.550000
endloop
endfacet
facet normal 0.0372586 0.758449 0.650667
outer loop
vertex 15.814151 8.935795 5.400000
vertex 15.450000 8.825000 5.550000
vertex 15.734250 8.811036 5.550000
endloop
endfacet
facet normal 0 0.768221 0.640184
outer loop
vertex 15.525000 8.950000 5.400000
vertex -15.525000 8.950000 5.400000
vertex -15.450000 8.825000 5.550000
endloop
endfacet
facet normal 0 0.768221 0.640184
outer loop
vertex 15.525000 8.950000 5.400000
vertex -15.450000 8.825000 5.550000
vertex 15.450000 8.825000 5.550000
endloop
endfacet
facet normal -0.0372599 0.758448 0.650667
outer loop
vertex -15.525000 8.950000 5.400000
vertex -15.814151 8.935795 5.400000
vertex -15.734250 8.811036 5.550000
endloop
endfacet
facet normal -0.0372585 0.758447 0.650668
outer loop
vertex -15.525000 8.950000 5.400000
vertex -15.734250 8.811036 5.550000
vertex -15.450000 8.825000 5.550000
endloop
endfacet
facet normal -0.109016 0.734927 0.669327
outer loop
vertex -15.814151 8.935795 5.400000
vertex -16.100517 8.893316 5.400000
vertex -16.015762 8.769278 5.550000
endloop
endfacet
facet normal -0.109016 0.734927 0.669326
outer loop
vertex -15.814151 8.935795 5.400000
vertex -16.015762 8.769278 5.550000
vertex -15.734250 8.811036 5.550000
endloop
endfacet
facet normal -0.177091 0.70699 0.684693
outer loop
vertex -16.100517 8.893316 5.400000
vertex -16.381340 8.822974 5.400000
vertex -16.291826 8.700127 5.550000
endloop
endfacet
facet normal -0.177093 0.706991 0.684691
outer loop
vertex -16.100517 8.893316 5.400000
vertex -16.291826 8.700127 5.550000
vertex -16.015762 8.769278 5.550000
endloop
endfacet
facet normal -0.241558 0.675108 0.69705
outer loop
vertex -16.381340 8.822974 5.400000
vertex -16.653915 8.725445 5.400000
vertex -16.559782 8.604251 5.550000
endloop
endfacet
facet normal -0.241556 0.675107 0.697052
outer loop
vertex -16.381340 8.822974 5.400000
vertex -16.559782 8.604251 5.550000
vertex -16.291826 8.700127 5.550000
endloop
endfacet
facet normal -0.302523 0.639632 0.706647
outer loop
vertex -16.653915 8.725445 5.400000
vertex -16.915621 8.601667 5.400000
vertex -16.817051 8.482572 5.550000
endloop
endfacet
facet normal -0.302524 0.639632 0.706647
outer loop
vertex -16.653915 8.725445 5.400000
vertex -16.817051 8.482572 5.550000
vertex -16.559782 8.604251 5.550000
endloop
endfacet
facet normal -0.360115 0.600817 0.713678
outer loop
vertex -16.915621 8.601667 5.400000
vertex -17.163933 8.452835 5.400000
vertex -17.061153 8.336262 5.550000
endloop
endfacet
facet normal -0.360117 0.600817 0.713676
outer loop
vertex -16.915621 8.601667 5.400000
vertex -17.061153 8.336262 5.550000
vertex -16.817051 8.482572 5.550000
endloop
endfacet
facet normal -0.414458 0.558831 0.718285
outer loop
vertex -17.163933 8.452835 5.400000
vertex -17.396460 8.280381 5.400000
vertex -17.289740 8.166730 5.550000
endloop
endfacet
facet normal -0.414459 0.558831 0.718284
outer loop
vertex -17.163933 8.452835 5.400000
vertex -17.289740 8.166730 5.550000
vertex -17.061153 8.336262 5.550000
endloop
endfacet
facet normal -0.465651 0.51377 0.720562
outer loop
vertex -17.396460 8.280381 5.400000
vertex -17.610966 8.085965 5.400000
vertex -17.500610 7.975610 5.550000
endloop
endfacet
facet normal -0.465649 0.51377 0.720564
outer loop
vertex -17.396460 8.280381 5.400000
vertex -17.500610 7.975610 5.550000
vertex -17.289740 8.166730 5.550000
endloop
endfacet
facet normal -0.513768 0.465652 0.720563
outer loop
vertex -17.610966 8.085965 5.400000
vertex -17.805382 7.871460 5.400000
vertex -17.691730 7.764740 5.550000
endloop
endfacet
facet normal -0.513769 0.465652 0.720562
outer loop
vertex -17.610966 8.085965 5.400000
vertex -17.691730 7.764740 5.550000
vertex -17.500610 7.975610 5.550000
endloop
endfacet
facet normal -0.558835 0.414457 0.718282
outer loop
vertex -17.805382 7.871460 5.400000
vertex -17.977835 7.638932 5.400000
vertex -17.861261 7.536154 5.550000
endloop
endfacet
facet normal -0.558832 0.414457 0.718284
outer loop
vertex -17.805382 7.871460 5.400000
vertex -17.861261 7.536154 5.550000
vertex -17.691730 7.764740 5.550000
endloop
endfacet
facet normal -0.60082 0.360117 0.713674
outer loop
vertex -17.977835 7.638932 5.400000
vertex -18.126667 7.390620 5.400000
vertex -18.007572 7.292050 5.550000
endloop
endfacet
facet normal -0.600817 0.360118 0.713677
outer loop
vertex -17.977835 7.638932 5.400000
vertex -18.007572 7.292050 5.550000
vertex -17.861261 7.536154 5.550000
endloop
endfacet
facet normal -0.639633 0.302525 0.706646
outer loop
vertex -18.126667 7.390620 5.400000
vertex -18.250444 7.128916 5.400000
vertex -18.129251 7.034782 5.550000
endloop
endfacet
facet normal -0.639633 0.302525 0.706645
outer loop
vertex -18.126667 7.390620 5.400000
vertex -18.129251 7.034782 5.550000
vertex -18.007572 7.292050 5.550000
endloop
endfacet
facet normal -0.675103 0.241558 0.697055
outer loop
vertex -18.250444 7.128916 5.400000
vertex -18.347975 6.856340 5.400000
vertex -18.225126 6.766826 5.550000
endloop
endfacet
facet normal -0.675111 0.241555 0.697048
outer loop
vertex -18.250444 7.128916 5.400000
vertex -18.225126 6.766826 5.550000
vertex -18.129251 7.034782 5.550000
endloop
endfacet
facet normal -0.706993 0.177089 0.68469
outer loop
vertex -18.347975 6.856340 5.400000
vertex -18.418316 6.575516 5.400000
vertex -18.294277 6.490762 5.550000
endloop
endfacet
facet normal -0.706986 0.177092 0.684696
outer loop
vertex -18.347975 6.856340 5.400000
vertex -18.294277 6.490762 5.550000
vertex -18.225126 6.766826 5.550000
endloop
endfacet
facet normal -0.734924 0.109016 0.669329
outer loop
vertex -18.418316 6.575516 5.400000
vertex -18.460794 6.289151 5.400000
vertex -18.336035 6.209249 5.550000
endloop
endfacet
facet normal -0.734928 0.109014 0.669326
outer loop
vertex -18.418316 6.575516 5.400000
vertex -18.336035 6.209249 5.550000
vertex -18.294277 6.490762 5.550000
endloop
endfacet
facet normal -0.758446 0.0372624 0.650669
outer loop
vertex -18.460794 6.289151 5.400000
vertex -18.475000 6.000000 5.400000
vertex -18.350000 5.925000 5.550000
endloop
endfacet
facet normal -0.758445 0.0372636 0.650671
outer loop
vertex -18.460794 6.289151 5.400000
vertex -18.350000 5.925000 5.550000
vertex -18.336035 6.209249 5.550000
endloop
endfacet
facet normal -0.768221 0 0.640184
outer loop
vertex -18.475000 6.000000 5.400000
vertex -18.475000 -6.000000 5.400000
vertex -18.350000 -5.925000 5.550000
endloop
endfacet
facet normal -0.768221 0 0.640184
outer loop
vertex -18.475000 6.000000 5.400000
vertex -18.350000 -5.925000 5.550000
vertex -18.350000 5.925000 5.550000
endloop
endfacet
facet normal -0.758445 -0.0372623 0.650671
outer loop
vertex -18.475000 -6.000000 5.400000
vertex -18.460794 -6.289151 5.400000
vertex -18.336035 -6.209249 5.550000
endloop
endfacet
facet normal -0.758446 -0.0372636 0.65067
outer loop
vertex -18.475000 -6.000000 5.400000
vertex -18.336035 -6.209249 5.550000
vertex -18.350000 -5.925000 5.550000
endloop
endfacet
facet normal -0.734927 -0.109017 0.669326
outer loop
vertex -18.460794 -6.289151 5.400000
vertex -18.418316 -6.575516 5.400000
vertex -18.294277 -6.490762 5.550000
endloop
endfacet
facet normal -0.734925 -0.109014 0.669329
outer loop
vertex -18.460794 -6.289151 5.400000
vertex -18.294277 -6.490762 5.550000
vertex -18.336035 -6.209249 5.550000
endloop
endfacet
facet normal -0.706988 -0.177087 0.684695
outer loop
vertex -18.418316 -6.575516 5.400000
vertex -18.347975 -6.856340 5.400000
vertex -18.225126 -6.766826 5.550000
endloop
endfacet
facet normal -0.706991 -0.177093 0.684691
outer loop
vertex -18.418316 -6.575516 5.400000
vertex -18.225126 -6.766826 5.550000
vertex -18.294277 -6.490762 5.550000
endloop
endfacet
facet normal -0.675108 -0.24156 0.697049
outer loop
vertex -18.347975 -6.856340 5.400000
vertex -18.250444 -7.128916 5.400000
vertex -18.129251 -7.034782 5.550000
endloop
endfacet
facet normal -0.675106 -0.241553 0.697054
outer loop
vertex -18.347975 -6.856340 5.400000
vertex -18.129251 -7.034782 5.550000
vertex -18.225126 -6.766826 5.550000
endloop
endfacet
facet normal -0.639633 -0.302525 0.706646
outer loop
vertex -18.250444 -7.128916 5.400000
vertex -18.126667 -7.390620 5.400000
vertex -18.007572 -7.292050 5.550000
endloop
endfacet
facet normal -0.639633 -0.302525 0.706646
outer loop
vertex -18.250444 -7.128916 5.400000
vertex -18.007572 -7.292050 5.550000
vertex -18.129251 -7.034782 5.550000
endloop
endfacet
facet normal -0.600818 -0.360116 0.713676
outer loop
vertex -18.126667 -7.390620 5.400000
vertex -17.977835 -7.638932 5.400000
vertex -17.861261 -7.536154 5.550000
endloop
endfacet
facet normal -0.600819 -0.360119 0.713675
outer loop
vertex -18.126667 -7.390620 5.400000
vertex -17.861261 -7.536154 5.550000
vertex -18.007572 -7.292050 5.550000
endloop
endfacet
facet normal -0.558833 -0.414456 0.718284
outer loop
vertex -17.977835 -7.638932 5.400000
vertex -17.805382 -7.871460 5.400000
vertex -17.691730 -7.764740 5.550000
endloop
endfacet
facet normal -0.558834 -0.414458 0.718282
outer loop
vertex -17.977835 -7.638932 5.400000
vertex -17.691730 -7.764740 5.550000
vertex -17.861261 -7.536154 5.550000
endloop
endfacet
facet normal -0.513769 -0.465652 0.720562
outer loop
vertex -17.805382 -7.871460 5.400000
vertex -17.610966 -8.085965 5.400000
vertex -17.500610 -7.975610 5.550000
endloop
endfacet
facet normal -0.513769 -0.465651 0.720563
outer loop
vertex -17.805382 -7.871460 5.400000
vertex -17.500610 -7.975610 5.550000
vertex -17.691730 -7.764740 5.550000
endloop
endfacet
facet normal -0.46565 -0.513768 0.720564
outer loop
vertex -17.610966 -8.085965 5.400000
vertex -17.396460 -8.280381 5.400000
vertex -17.289740 -8.166730 5.550000
endloop
endfacet
facet normal -0.46565 -0.513771 0.720562
outer loop
vertex -17.610966 -8.085965 5.400000
vertex -17.289740 -8.166730 5.550000
vertex -17.500610 -7.975610 5.550000
endloop
endfacet
facet normal -0.414458 -0.558832 0.718284
outer loop
vertex -17.396460 -8.280381 5.400000
vertex -17.163933 -8.452835 5.400000
vertex -17.061153 -8.336262 5.550000
endloop
endfacet
facet normal -0.414459 -0.55883 0.718285
outer loop
vertex -17.396460 -8.280381 5.400000
vertex -17.061153 -8.336262 5.550000
vertex -17.289740 -8.166730 5.550000
endloop
endfacet
facet normal -0.360116 -0.600818 0.713676
outer loop
vertex -17.163933 -8.452835 5.400000
vertex -16.915621 -8.601667 5.400000
vertex -16.817051 -8.482572 5.550000
endloop
endfacet
facet normal -0.360117 -0.600816 0.713678
outer loop
vertex -17.163933 -8.452835 5.400000
vertex -16.817051 -8.482572 5.550000
vertex -17.061153 -8.336262 5.550000
endloop
endfacet
facet normal -0.302523 -0.639632 0.706647
outer loop
vertex -16.915621 -8.601667 5.400000
vertex -16.653915 -8.725445 5.400000
vertex -16.559782 -8.604251 5.550000
endloop
endfacet
facet normal -0.302524 -0.639632 0.706647
outer loop
vertex -16.915621 -8.601667 5.400000
vertex -16.559782 -8.604251 5.550000
vertex -16.817051 -8.482572 5.550000
endloop
endfacet
facet normal -0.241558 -0.675106 0.697052
outer loop
vertex -16.653915 -8.725445 5.400000
vertex -16.381340 -8.822974 5.400000
vertex -16.291826 -8.700127 5.550000
endloop
endfacet
facet normal -0.241557 -0.675108 0.69705
outer loop
vertex -16.653915 -8.725445 5.400000
vertex -16.291826 -8.700127 5.550000
vertex -16.559782 -8.604251 5.550000
endloop
endfacet
facet normal -0.177091 -0.706992 0.684691
outer loop
vertex -16.381340 -8.822974 5.400000
vertex -16.100517 -8.893316 5.400000
vertex -16.015762 -8.769278 5.550000
endloop
endfacet
facet normal -0.177093 -0.706989 0.684693
outer loop
vertex -16.381340 -8.822974 5.400000
vertex -16.015762 -8.769278 5.550000
vertex -16.291826 -8.700127 5.550000
endloop
endfacet
facet normal -0.109016 -0.734927 0.669326
outer loop
vertex -16.100517 -8.893316 5.400000
vertex -15.814151 -8.935795 5.400000
vertex -15.734250 -8.811036 5.550000
endloop
endfacet
facet normal -0.109016 -0.734927 0.669327
outer loop
vertex -16.100517 -8.893316 5.400000
vertex -15.734250 -8.811036 5.550000
vertex -16.015762 -8.769278 5.550000
endloop
endfacet
facet normal -0.0372598 -0.758447 0.650669
outer loop
vertex -15.814151 -8.935795 5.400000
vertex -15.525000 -8.950000 5.400000
vertex -15.450000 -8.825000 5.550000
endloop
endfacet
facet normal -0.0372586 -0.758449 0.650667
outer loop
vertex -15.814151 -8.935795 5.400000
vertex -15.450000 -8.825000 5.550000
vertex -15.734250 -8.811036 5.550000
endloop
endfacet
facet normal 0 -0.768221 0.640184
outer loop
vertex -15.525000 -8.950000 5.400000
vertex 15.525000 -8.950000 5.400000
vertex 15.450000 -8.825000 5.550000
endloop
endfacet
facet normal 0 -0.768221 0.640184
outer loop
vertex -15.525000 -8.950000 5.400000
vertex 15.450000 -8.825000 5.550000
vertex -15.450000 -8.825000 5.550000
endloop
endfacet
facet normal 0.0372599 -0.758448 0.650667
outer loop
vertex 15.525000 -8.950000 5.400000
vertex 15.814151 -8.935795 5.400000
vertex 15.734250 -8.811036 5.550000
endloop
endfacet
facet normal 0.0372585 -0.758447 0.650668
outer loop
vertex 15.525000 -8.950000 5.400000
vertex 15.734250 -8.811036 5.550000
vertex 15.450000 -8.825000 5.550000
endloop
endfacet
facet normal 0.109016 -0.734927 0.669327
outer loop
vertex 15.814151 -8.935795 5.400000
vertex 16.100517 -8.893316 5.400000
vertex 16.015762 -8.769278 5.550000
endloop
endfacet
facet normal 0.109016 -0.734927 0.669326
outer loop
vertex 15.814151 -8.935795 5.400000
vertex 16.015762 -8.769278 5.550000
vertex 15.734250 -8.811036 5.550000
endloop
endfacet
facet normal 0.177091 -0.70699 0.684693
outer loop
vertex 16.100517 -8.893316 5.400000
vertex 16.381340 -8.822974 5.400000
vertex 16.291826 -8.700127 5.550000
endloop
endfacet
facet normal 0.177093 -0.706991 0.684691
outer loop
vertex 16.100517 -8.893316 5.400000
vertex 16.291826 -8.700127 5.550000
vertex 16.015762 -8.769278 5.550000
endloop
endfacet
facet normal 0.241558 -0.675108 0.69705
outer loop
vertex 16.381340 -8.822974 5.400000
vertex 16.653915 -8.725445 5.400000
vertex 16.559782 -8.604251 5.550000
endloop
endfacet
facet normal 0.241556 -0.675107 0.697052
outer loop
vertex 16.381340 -8.822974 5.400000
vertex 16.559782 -8.604251 5.550000
vertex 16.291826 -8.700127 5.550000
endloop
endfacet
facet normal 0.302523 -0.639632 0.706647
outer loop
vertex 16.653915 -8.725445 5.400000
vertex 16.915621 -8.601667 5.400000
vertex 16.817051 -8.482572 5.550000
endloop
endfacet
facet normal 0.302524 -0.639632 0.706647
outer loop
vertex 16.653915 -8.725445 5.400000
vertex 16.817051 -8.482572 5.550000
vertex 16.559782 -8.604251 5.550000
endloop
endfacet
facet normal 0.360115 -0.600817 0.713678
outer loop
vertex 16.915621 -8.601667 5.400000
vertex 17.163933 -8.452835 5.400000
vertex 17.061153 -8.336262 5.550000
endloop
endfacet
facet normal 0.360117 -0.600817 0.713676
outer loop
vertex 16.915621 -8.601667 5.400000
vertex 17.061153 -8.336262 5.550000
vertex 16.817051 -8.482572 5.550000
endloop
endfacet
facet normal 0.414458 -0.558831 0.718285
outer loop
vertex 17.163933 -8.452835 5.400000
vertex 17.396460 -8.280381 5.400000
vertex 17.289740 -8.166730 5.550000
endloop
endfacet
facet normal 0.414459 -0.558831 0.718284
outer loop
vertex 17.163933 -8.452835 5.400000
vertex 17.289740 -8.166730 5.550000
vertex 17.061153 -8.336262 5.550000
endloop
endfacet
facet normal 0.465651 -0.51377 0.720562
outer loop
vertex 17.396460 -8.280381 5.400000
vertex 17.610966 -8.085965 5.400000
vertex 17.500610 -7.975610 5.550000
endloop
endfacet
facet normal 0.465649 -0.51377 0.720564
outer loop
vertex 17.396460 -8.280381 5.400000
vertex 17.500610 -7.975610 5.550000
vertex 17.289740 -8.166730 5.550000
endloop
endfacet
facet normal 0.513768 -0.465652 0.720563
outer loop
vertex 17.610966 -8.085965 5.400000
vertex 17.805382 -7.871460 5.400000
vertex 17.691730 -7.764740 5.550000
endloop
endfacet
facet normal 0.513769 -0.465652 0.720562
outer loop
vertex 17.610966 -8.085965 5.400000
vertex 17.691730 -7.764740 5.550000
vertex 17.500610 -7.975610 5.550000
endloop
endfacet
facet normal 0.558835 -0.414457 0.718282
outer loop
vertex 17.805382 -7.871460 5.400000
vertex 17.977835 -7.638932 5.400000
vertex 17.861261 -7.536154 5.550000
endloop
endfacet
facet normal 0.558832 -0.414457 0.718284
outer loop
vertex 17.805382 -7.871460 5.400000
vertex 17.861261 -7.536154 5.550000
vertex 17.691730 -7.764740 5.550000
endloop
endfacet
facet normal 0.60082 -0.360117 0.713674
outer loop
vertex 17.977835 -7.638932 5.400000
vertex 18.126667 -7.390620 5.400000
vertex 18.007572 -7.292050 5.550000
endloop
endfacet
facet normal 0.600817 -0.360118 0.713677
outer loop
vertex 17.977835 -7.638932 5.400000
vertex 18.007572 -7.292050 5.550000
vertex 17.861261 -7.536154 5.550000
endloop
endfacet
facet normal 0.639633 -0.302525 0.706646
outer loop
vertex 18.126667 -7.390620 5.400000
vertex 18.250444 -7.128916 5.400000
vertex 18.129251 -7.034782 5.550000
endloop
endfacet
facet normal 0.639633 -0.302525 0.706645
outer loop
vertex 18.126667 -7.390620 5.400000
vertex 18.129251 -7.034782 5.550000
vertex 18.007572 -7.292050 5.550000
endloop
endfacet
facet normal 0.675103 -0.241558 0.697055
outer loop
vertex 18.250444 -7.128916 5.400000
vertex 18.347975 -6.856340 5.400000
vertex 18.225126 -6.766826 5.550000
endloop
endfacet
facet normal 0.675111 -0.241555 0.697048
outer loop
vertex 18.250444 -7.128916 5.400000
vertex 18.225126 -6.766826 5.550000
vertex 18.129251 -7.034782 5.550000
endloop
endfacet
facet normal 0.706993 -0.177089 0.68469
outer loop
vertex 18.347975 -6.856340 5.400000
vertex 18.418316 -6.575516 5.400000
vertex 18.294277 -6.490762 5.550000
endloop
endfacet
facet normal 0.706986 -0.177092 0.684696
outer loop
vertex 18.347975 -6.856340 5.400000
vertex 18.294277 -6.490762 5.550000
vertex 18.225126 -6.766826 5.550000
endloop
endfacet
facet normal 0.734924 -0.109016 0.669329
outer loop
vertex 18.418316 -6.575516 5.400000
vertex 18.460794 -6.289151 5.400000
vertex 18.336035 -6.209249 5.550000
endloop
endfacet
facet normal 0.734928 -0.109014 0.669326
outer loop
vertex 18.418316 -6.575516 5.400000
vertex 18.336035 -6.209249 5.550000
vertex 18.294277 -6.490762 5.550000
endloop
endfacet
facet normal 0.758446 -0.0372624 0.650669
outer loop
vertex 18.460794 -6.289151 5.400000
vertex 18.475000 -6.000000 5.400000
vertex 18.350000 -5.925000 5.550000
endloop
endfacet
facet normal 0.758445 -0.0372636 0.650671
outer loop
vertex 18.460794 -6.289151 5.400000
vertex 18.350000 -5.925000 5.550000
vertex 18.336035 -6.209249 5.550000
endloop
endfacet
facet normal 0.768221 -0 0.640184
outer loop
vertex 18.475000 -6.000000 5.400000
vertex 18.475000 6.000000 5.400000
vertex 18.350000 5.925000 5.550000
endloop
endfacet
facet normal 0.768221 0 0.640184
outer loop
vertex 18.475000 -6.000000 5.400000
vertex 18.350000 5.925000 5.550000
vertex 18.350000 -5.925000 5.550000
endloop
endfacet
facet normal 0 0 1
outer loop
vertex 18.350000 5.925000 5.550000
vertex 18.336035 6.209249 5.550000
vertex 16.740089 0.710624 5.550000
endloop
endfacet
facet normal 0 0 1
outer loop
vertex 18.350000 5.925000 5.550000
vertex 16.740089 0.710624 5.550000
vertex 16.775000 0.000000 5.550000
endloop
endfacet
facet normal 0 0 1
outer loop
vertex 18.336035 6.209249 5.550000
vertex 18.294277 6.490762 5.550000
vertex 16.635693 1.414405 5.550000
endloop
endfacet
facet normal 0 0 1
outer loop
vertex 18.336035 6.209249 5.550000
vertex 16.635693 1.414405 5.550000
vertex 16.740089 0.710624 5.550000
endloop
endfacet
facet normal 0 0 1
outer loop
vertex 18.294277 6.490762 5.550000
vertex 18.225126 6.766826 5.550000
vertex 16.462818 2.104564 5.550000
endloop
endfacet
facet normal 0 0 1
outer loop
vertex 18.294277 6.490762 5.550000
vertex 16.462818 2.104564 5.550000
vertex 16.635693 1.414405 5.550000
endloop
endfacet
facet normal 0 0 1
outer loop
vertex 18.225126 6.766826 5.550000
vertex 18.129251 7.034782 5.550000
vertex 16.223127 2.774455 5.550000
endloop
endfacet
facet normal 0 0 1
outer loop
vertex 18.225126 6.766826 5.550000
vertex 16.223127 2.774455 5.550000
vertex 16.462818 2.104564 5.550000
endloop
endfacet
facet normal 0 0 1
outer loop
vertex 18.129251 7.034782 5.550000
vertex 18.007572 7.292050 5.550000
vertex 15.918929 3.417626 5.550000
endloop
endfacet
facet normal 0 0 1
outer loop
vertex 18.129251 7.034782 5.550000
vertex 15.918929 3.417626 5.550000
vertex 16.223127 2.774455 5.550000
endloop
endfacet
facet normal 0 0 1
outer loop
vertex 18.007572 7.292050 5.550000
vertex 17.861261 7.536154 5.550000
vertex 15.553155 4.027884 5.550000
endloop
endfacet
facet normal 0 0 1
outer loop
vertex 18.007572 7.292050 5.550000
vertex 15.553155 4.027884 5.550000
vertex 15.918929 3.417626 5.550000
endloop
endfacet
facet normal 0 0 1
outer loop
vertex 17.861261 7.536154 5.550000
vertex 17.691730 7.764740 5.550000
vertex 15.129326 4.599351 5.550000
endloop
endfacet
facet normal 0 0 1
outer loop
vertex 17.861261 7.536154 5.550000
vertex 15.129326 4.599351 5.550000
vertex 15.553155 4.027884 5.550000
endloop
endfacet
facet normal 0 0 1
outer loop
vertex 17.691730 7.764740 5.550000
vertex 17.500610 7.975610 5.550000
vertex 14.651525 5.126524 5.550000
endloop
endfacet
facet normal 0 0 1
outer loop
vertex 17.691730 7.764740 5.550000
vertex 14.651525 5.126524 5.550000
vertex 15.129326 4.599351 5.550000
endloop
endfacet
facet normal 0 0 1
outer loop
vertex 17.500610 7.975610 5.550000
vertex 17.289740 8.166730 5.550000
vertex 14.124352 5.604326 5.550000
endloop
endfacet
facet normal 0 0 1
outer loop
vertex 17.500610 7.975610 5.550000
vertex 14.124352 5.604326 5.550000
vertex 14.651525 5.126524 5.550000
endloop
endfacet
facet normal 0 0 1
outer loop
vertex 17.289740 8.166730 5.550000
vertex 17.061153 8.336262 5.550000
vertex 13.552884 6.028155 5.550000
endloop
endfacet
facet normal 0 0 1
outer loop
vertex 17.289740 8.166730 5.550000
vertex 13.552884 6.028155 5.550000
vertex 14.124352 5.604326 5.550000
endloop
endfacet
facet normal 0 0 1
outer loop
vertex 17.061153 8.336262 5.550000
vertex 16.817051 8.482572 5.550000
vertex 12.942626 6.393929 5.550000
endloop
endfacet
facet normal 0 0 1
outer loop
vertex 17.061153 8.336262 5.550000
vertex 12.942626 6.393929 5.550000
vertex 13.552884 6.028155 5.550000
endloop
endfacet
facet normal 0 0 1
outer loop
vertex 16.817051 8.482572 5.550000
vertex 16.559782 8.604251 5.550000
vertex 12.299455 6.698127 5.550000
endloop
endfacet
facet normal 0 0 1
outer loop
vertex 16.817051 8.482572 5.550000
vertex 12.299455 6.698127 5.550000
vertex 12.942626 6.393929 5.550000
endloop
endfacet
facet normal 0 0 1
outer loop
vertex 16.559782 8.604251 5.550000
vertex 16.291826 8.700127 5.550000
vertex 11.629564 6.937818 5.550000
endloop
endfacet
facet normal 0 0 1
outer loop
vertex 16.559782 8.604251 5.550000
vertex 11.629564 6.937818 5.550000
vertex 12.299455 6.698127 5.550000
endloop
endfacet
facet normal 0 0 1
outer loop
vertex 16.291826 8.700127 5.550000
vertex 16.015762 8.769278 5.550000
vertex 10.939404 7.110693 5.550000
endloop
endfacet
facet normal 0 0 1
outer loop
vertex 16.291826 8.700127 5.550000
vertex 10.939404 7.110693 5.550000
vertex 11.629564 6.937818 5.550000
endloop
endfacet
facet normal 0 0 1
outer loop
vertex 16.015762 8.769278 5.550000
vertex 15.734250 8.811036 5.550000
vertex 10.235624 7.215089 5.550000
endloop
endfacet
facet normal 0 0 1
outer loop
vertex 16.015762 8.769278 5.550000
vertex 10.235624 7.215089 5.550000
vertex 10.939404 7.110693 5.550000
endloop
endfacet
facet normal 0 0 1
outer loop
vertex 15.734250 8.811036 5.550000
vertex 15.450000 8.825000 5.550000
vertex 9.525000 7.250000 5.550000
endloop
endfacet
facet normal 0 0 1
outer loop
vertex 15.734250 8.811036 5.550000
vertex 9.525000 7.250000 5.550000
vertex 10.235624 7.215089 5.550000
endloop
endfacet
facet normal 0 0 1
outer loop
vertex 15.450000 8.825000 5.550000
vertex -15.450000 8.825000 5.550000
vertex -9.525000 7.250000 5.550000
endloop
endfacet
facet normal 0 0 1
outer loop
vertex 15.450000 8.825000 5.550000
vertex -9.525000 7.250000 5.550000
vertex 9.525000 7.250000 5.550000
endloop
endfacet
facet normal 0 0 1
outer loop
vertex -15.450000 8.825000 5.550000
vertex -15.734250 8.811036 5.550000
vertex -10.235624 7.215089 5.550000
endloop
endfacet
facet normal 0 0 1
outer loop
vertex -15.450000 8.825000 5.550000
vertex -10.235624 7.215089 5.550000
vertex -9.525000 7.250000 5.550000
endloop
endfacet
facet normal 0 0 1
outer loop
vertex -15.734250 8.811036 5.550000
vertex -16.015762 8.769278 5.550000
vertex -10.939404 7.110693 5.550000
endloop
endfacet
facet normal 0 0 1
outer loop
vertex -15.734250 8.811036 5.550000
vertex -10.939404 7.110693 5.550000
vertex -10.235624 7.215089 5.550000
endloop
endfacet
facet normal 0 0 1
outer loop
vertex -16.015762 8.769278 5.550000
vertex -16.291826 8.700127 5.550000
vertex -11.629564 6.937818 5.550000
endloop
endfacet
facet normal 0 0 1
outer loop
vertex -16.015762 8.769278 5.550000
vertex -11.629564 6.937818 5.550000
vertex -10.939404 7.110693 5.550000
endloop
endfacet
facet normal 0 0 1
outer loop
vertex -16.291826 8.700127 5.550000
vertex -16.559782 8.604251 5.550000
vertex -12.299455 6.698127 5.550000
endloop
endfacet
facet normal 0 0 1
outer loop
vertex -16.291826 8.700127 5.550000
vertex -12.299455 6.698127 5.550000
vertex -11.629564 6.937818 5.550000
endloop
endfacet
facet normal 0 0 1
outer loop
vertex -16.559782 8.604251 5.550000
vertex -16.817051 8.482572 5.550000
vertex -12.942626 6.393929 5.550000
endloop
endfacet
facet normal 0 0 1
outer loop
vertex -16.559782 8.604251 5.550000
vertex -12.942626 6.393929 5.550000
vertex -12.299455 6.698127 5.550000
endloop
endfacet
facet normal 0 0 1
outer loop
vertex -16.817051 8.482572 5.550000
vertex -17.061153 8.336262 5.550000
vertex -13.552884 6.028155 5.550000
endloop
endfacet
facet normal 0 0 1
outer loop
vertex -16.817051 8.482572 5.550000
vertex -13.552884 6.028155 5.550000
vertex -12.942626 6.393929 5.550000
endloop
endfacet
facet normal 0 0 1
outer loop
vertex -17.061153 8.336262 5.550000
vertex -17.289740 8.166730 5.550000
vertex -14.124352 5.604326 5.550000
endloop
endfacet
facet normal 0 0 1
outer loop
vertex -17.061153 8.336262 5.550000
vertex -14.124352 5.604326 5.550000
vertex -13.552884 6.028155 5.550000
endloop
endfacet
facet normal 0 0 1
outer loop
vertex -17.289740 8.166730 5.550000
vertex -17.500610 7.975610 5.550000
vertex -14.651525 5.126524 5.550000
endloop
endfacet
facet normal 0 0 1
outer loop
vertex -17.289740 8.166730 5.550000
vertex -14.651525 5.126524 5.550000
vertex -14.124352 5.604326 5.550000
endloop
endfacet
facet normal 0 0 1
outer loop
vertex -17.500610 7.975610 5.550000
vertex -17.691730 7.764740 5.550000
vertex -15.129326 4.599351 5.550000
endloop
endfacet
facet normal 0 0 1
outer loop
vertex -17.500610 7.975610 5.550000
vertex -15.129326 4.599351 5.550000
vertex -14.651525 5.126524 5.550000
endloop
endfacet
facet normal 0 0 1
outer loop
vertex -17.691730 7.764740 5.550000
vertex -17.861261 7.536154 5.550000
vertex -15.553155 4.027884 5.550000
endloop
endfacet
facet normal 0 0 1
outer loop
vertex -17.691730 7.764740 5.550000
vertex -15.553155 4.027884 5.550000
vertex -15.129326 4.599351 5.550000
endloop
endfacet
facet normal 0 0 1
outer loop
vertex -17.861261 7.536154 5.550000
vertex -18.007572 7.292050 5.550000
vertex -15.918929 3.417626 5.550000
endloop
endfacet
facet normal 0 0 1
outer loop
vertex -17.861261 7.536154 5.550000
vertex -15.918929 3.417626 5.550000
vertex -15.553155 4.027884 5.550000
endloop
endfacet
facet normal 0 0 1
outer loop
vertex -18.007572 7.292050 5.550000
vertex -18.129251 7.034782 5.550000
vertex -16.223127 2.774455 5.550000
endloop
endfacet
facet normal 0 0 1
outer loop
vertex -18.007572 7.292050 5.550000
vertex -16.223127 2.774455 5.550000
vertex -15.918929 3.417626 5.550000
endloop
endfacet
facet normal 0 0 1
outer loop
vertex -18.129251 7.034782 5.550000
vertex -18.225126 6.766826 5.550000
vertex -16.462818 2.104564 5.550000
endloop
endfacet
facet normal 0 0 1
outer loop
vertex -18.129251 7.034782 5.550000
vertex -16.462818 2.104564 5.550000
vertex -16.223127 2.774455 5.550000
endloop
endfacet
facet normal 0 0 1
outer loop
vertex -18.225126 6.766826 5.550000
vertex -18.294277 6.490762 5.550000
vertex -16.635693 1.414405 5.550000
endloop
endfacet
facet normal 0 0 1
outer loop
vertex -18.225126 6.766826 5.550000
vertex -16.635693 1.414405 5.550000
vertex -16.462818 2.104564 5.550000
endloop
endfacet
facet normal 0 0 1
outer loop
vertex -18.294277 6.490762 5.550000
vertex -18.336035 6.209249 5.550000
vertex -16.740089 0.710624 5.550000
endloop
endfacet
facet normal 0 0 1
outer loop
vertex -18.294277 6.490762 5.550000
vertex -16.740089 0.710624 5.550000
vertex -16.635693 1.414405 5.550000
endloop
endfacet
facet normal 0 0 1
outer loop
vertex -18.336035 6.209249 5.550000
vertex -18.350000 5.925000 5.550000
vertex -16.775000 0.000000 5.550000
endloop
endfacet
facet normal 0 0 1
outer loop
vertex -18.336035 6.209249 5.550000
vertex -16.775000 0.000000 5.550000
vertex -16.740089 0.710624 5.550000
endloop
endfacet
facet normal 0 0 1
outer loop
vertex -18.350000 5.925000 5.550000
vertex -18.350000 -5.925000 5.550000
vertex -16.775000 0.000000 5.550000
endloop
endfacet
facet normal -0 0 1
outer loop
vertex -18.350000 -5.925000 5.550000
vertex -18.336035 -6.209249 5.550000
vertex -16.740089 -0.710624 5.550000
endloop
endfacet
facet normal 0 0 1
outer loop
vertex -18.350000 -5.925000 5.550000
vertex -16.740089 -0.710624 5.550000
vertex -16.775000 0.000000 5.550000
endloop
endfacet
facet normal -0 0 1
outer loop
vertex -18.336035 -6.209249 5.550000
vertex -18.294277 -6.490762 5.550000
vertex -16.635693 -1.414405 5.550000
endloop
endfacet
facet normal 0 0 1
outer loop
vertex -18.336035 -6.209249 5.550000
vertex -16.635693 -1.414405 5.550000
vertex -16.740089 -0.710624 5.550000
endloop
endfacet
facet normal -0 0 1
outer loop
vertex -18.294277 -6.490762 5.550000
vertex -18.225126 -6.766826 5.550000
vertex -16.462818 -2.104564 5.550000
endloop
endfacet
facet normal 0 0 1
outer loop
vertex -18.294277 -6.490762 5.550000
vertex -16.462818 -2.104564 5.550000
vertex -16.635693 -1.414405 5.550000
endloop
endfacet
facet normal -0 0 1
outer loop
vertex -18.225126 -6.766826 5.550000
vertex -18.129251 -7.034782 5.550000
vertex -16.223127 -2.774455 5.550000
endloop
endfacet
facet normal 0 0 1
outer loop
vertex -18.225126 -6.766826 5.550000
vertex -16.223127 -2.774455 5.550000
vertex -16.462818 -2.104564 5.550000
endloop
endfacet
facet normal -0 0 1
outer loop
vertex -18.129251 -7.034782 5.550000
vertex -18.007572 -7.292050 5.550000
vertex -15.918929 -3.417626 5.550000
endloop
endfacet
facet normal 0 0 1
outer loop
vertex -18.129251 -7.034782 5.550000
vertex -15.918929 -3.417626 5.550000
vertex -16.223127 -2.774455 5.550000
endloop
endfacet
facet normal -0 0 1
outer loop
vertex -18.007572 -7.292050 5.550000
vertex -17.861261 -7.536154 5.550000
vertex -15.553155 -4.027884 5.550000
endloop
endfacet
facet normal 0 0 1
outer loop
vertex -18.007572 -7.292050 5.550000
vertex -15.553155 -4.027884 5.550000
vertex -15.918929 -3.417626 5.550000
endloop
endfacet
facet normal -0 0 1
outer loop
vertex -17.861261 -7.536154 5.550000
vertex -17.691730 -7.764740 5.550000
vertex -15.129326 -4.599351 5.550000
endloop
endfacet
facet normal 0 0 1
outer loop
vertex -17.861261 -7.536154 5.550000
vertex -15.129326 -4.599351 5.550000
vertex -15.553155 -4.027884 5.550000
endloop
endfacet
facet normal -0 0 1
outer loop
vertex -17.691730 -7.764740 5.550000
vertex -17.500610 -7.975610 5.550000
vertex -14.651525 -5.126524 5.550000
endloop
endfacet
facet normal 0 0 1
outer loop
vertex -17.691730 -7.764740 5.550000
vertex -14.651525 -5.126524 5.550000
vertex -15.129326 -4.599351 5.550000
endloop
endfacet
facet normal -0 0 1
outer loop
vertex -17.500610 -7.975610 5.550000
vertex -17.289740 -8.166730 5.550000
vertex -14.124352 -5.604326 5.550000
endloop
endfacet
facet normal 0 0 1
outer loop
vertex -17.500610 -7.975610 5.550000
vertex -14.124352 -5.604326 5.550000
vertex -14.651525 -5.126524 5.550000
endloop
endfacet
facet normal -0 0 1
outer loop
vertex -17.289740 -8.166730 5.550000
vertex -17.061153 -8.336262 5.550000
vertex -13.552884 -6.028155 5.550000
endloop
endfacet
facet normal 0 0 1
outer loop
vertex -17.289740 -8.166730 5.550000
vertex -13.552884 -6.028155 5.550000
vertex -14.124352 -5.604326 5.550000
endloop
endfacet
facet normal -0 0 1
outer loop
vertex -17.061153 -8.336262 5.550000
vertex -16.817051 -8.482572 5.550000
vertex -12.942626 -6.393929 5.550000
endloop
endfacet
facet normal 0 0 1
outer loop
vertex -17.061153 -8.336262 5.550000
vertex -12.942626 -6.393929 5.550000
vertex -13.552884 -6.028155 5.550000
endloop
endfacet
facet normal -0 0 1
outer loop
vertex -16.817051 -8.482572 5.550000
vertex -16.559782 -8.604251 5.550000
vertex -12.299455 -6.698127 5.550000
endloop
endfacet
facet normal 0 0 1
outer loop
vertex -16.817051 -8.482572 5.550000
vertex -12.299455 -6.698127 5.550000
vertex -12.942626 -6.393929 5.550000
endloop
endfacet
facet normal -0 0 1
outer loop
vertex -16.559782 -8.604251 5.550000
vertex -16.291826 -8.700127 5.550000
vertex -11.629564 -6.937818 5.550000
endloop
endfacet
facet normal 0 0 1
outer loop
vertex -16.559782 -8.604251 5.550000
vertex -11.629564 -6.937818 5.550000
vertex -12.299455 -6.698127 5.550000
endloop
endfacet
facet normal -0 0 1
outer loop
vertex -16.291826 -8.700127 5.550000
vertex -16.015762 -8.769278 5.550000
vertex -10.939404 -7.110693 5.550000
endloop
endfacet
facet normal 0 0 1
outer loop
vertex -16.291826 -8.700127 5.550000
vertex -10.939404 -7.110693 5.550000
vertex -11.629564 -6.937818 5.550000
endloop
endfacet
facet normal -0 0 1
outer loop
vertex -16.015762 -8.769278 5.550000
vertex -15.734250 -8.811036 5.550000
vertex -10.235624 -7.215089 5.550000
endloop
endfacet
facet normal 0 0 1
outer loop
vertex -16.015762 -8.769278 5.550000
vertex -10.235624 -7.215089 5.550000
vertex -10.939404 -7.110693 5.550000
endloop
endfacet
facet normal -0 0 1
outer loop
vertex -15.734250 -8.811036 5.550000
vertex -15.450000 -8.825000 5.550000
vertex -9.525000 -7.250000 5.550000
endloop
endfacet
facet normal 0 0 1
outer loop
vertex -15.734250 -8.811036 5.550000
vertex -9.525000 -7.250000 5.550000
vertex -10.235624 -7.215089 5.550000
endloop
endfacet
facet normal 0 0 1
outer loop
vertex -15.450000 -8.825000 5.550000
vertex 15.450000 -8.825000 5.550000
vertex 9.525000 -7.250000 5.550000
endloop
endfacet
facet normal 0 0 1
outer loop
vertex -15.450000 -8.825000 5.550000
vertex 9.525000 -7.250000 5.550000
vertex -9.525000 -7.250000 5.550000
endloop
endfacet
facet normal 0 -0 1
outer loop
vertex 15.450000 -8.825000 5.550000
vertex 15.734250 -8.811036 5.550000
vertex 10.235624 -7.215089 5.550000
endloop
endfacet
facet normal 0 0 1
outer loop
vertex 15.450000 -8.825000 5.550000
vertex 10.235624 -7.215089 5.550000
vertex 9.525000 -7.250000 5.550000
endloop
endfacet
facet normal 0 -0 1
outer loop
vertex 15.734250 -8.811036 5.550000
vertex 16.015762 -8.769278 5.550000
vertex 10.939404 -7.110693 5.550000
endloop
endfacet
facet normal 0 0 1
outer loop
vertex 15.734250 -8.811036 5.550000
vertex 10.939404 -7.110693 5.550000
vertex 10.235624 -7.215089 5.550000
endloop
endfacet
facet normal 0 -0 1
outer loop
vertex 16.015762 -8.769278 5.550000
vertex 16.291826 -8.700127 5.550000
vertex 11.629564 -6.937818 5.550000
endloop
endfacet
facet normal 0 0 1
outer loop
vertex 16.015762 -8.769278 5.550000
vertex 11.629564 -6.937818 5.550000
vertex 10.939404 -7.110693 5.550000
endloop
endfacet
facet normal 0 -0 1
outer loop
vertex 16.291826 -8.700127 5.550000
vertex 16.559782 -8.604251 5.550000
vertex 12.299455 -6.698127 5.550000
endloop
endfacet
facet normal 0 0 1
outer loop
vertex 16.291826 -8.700127 5.550000
vertex 12.299455 -6.698127 5.550000
vertex 11.629564 -6.937818 5.550000
endloop
endfacet
facet normal 0 -0 1
outer loop
vertex 16.559782 -8.604251 5.550000
vertex 16.817051 -8.482572 5.550000
vertex 12.942626 -6.393929 5.550000
endloop
endfacet
facet normal 0 0 1
outer loop
vertex 16.559782 -8.604251 5.550000
vertex 12.942626 -6.393929 5.550000
vertex 12.299455 -6.698127 5.550000
endloop
endfacet
facet normal 0 -0 1
outer loop
vertex 16.817051 -8.482572 5.550000
vertex 17.061153 -8.336262 5.550000
vertex 13.552884 -6.028155 5.550000
endloop
endfacet
facet normal 0 0 1
outer loop
vertex 16.817051 -8.482572 5.550000
vertex 13.552884 -6.028155 5.550000
vertex 12.942626 -6.393929 5.550000
endloop
endfacet
facet normal 0 -0 1
outer loop
vertex 17.061153 -8.336262 5.550000
vertex 17.289740 -8.166730 5.550000
vertex 14.124352 -5.604326 5.550000
endloop
endfacet
facet normal 0 0 1
outer loop
vertex 17.061153 -8.336262 5.550000
vertex 14.124352 -5.604326 5.550000
vertex 13.552884 -6.028155 5.550000
endloop
endfacet
facet normal 0 -0 1
outer loop
vertex 17.289740 -8.166730 5.550000
vertex 17.500610 -7.975610 5.550000
vertex 14.651525 -5.126524 5.550000
endloop
endfacet
facet normal 0 0 1
outer loop
vertex 17.289740 -8.166730 5.550000
vertex 14.651525 -5.126524 5.550000
vertex 14.124352 -5.604326 5.550000
endloop
endfacet
facet normal 0 -0 1
outer loop
vertex 17.500610 -7.975610 5.550000
vertex 17.691730 -7.764740 5.550000
vertex 15.129326 -4.599351 5.550000
endloop
endfacet
facet normal 0 0 1
outer loop
vertex 17.500610 -7.975610 5.550000
vertex 15.129326 -4.599351 5.550000
vertex 14.651525 -5.126524 5.550000
endloop
endfacet
facet normal 0 -0 1
outer loop
vertex 17.691730 -7.764740 5.550000
vertex 17.861261 -7.536154 5.550000
vertex 15.553155 -4.027884 5.550000
endloop
endfacet
facet normal 0 0 1
outer loop
vertex 17.691730 -7.764740 5.550000
vertex 15.553155 -4.027884 5.550000
vertex 15.129326 -4.599351 5.550000
endloop
endfacet
facet normal 0 -0 1
outer loop
vertex 17.861261 -7.536154 5.550000
vertex 18.007572 -7.292050 5.550000
vertex 15.918929 -3.417626 5.550000
endloop
endfacet
facet normal 0 0 1
outer loop
vertex 17.861261 -7.536154 5.550000
vertex 15.918929 -3.417626 5.550000
vertex 15.553155 -4.027884 5.550000
endloop
endfacet
facet normal 0 -0 1
outer loop
vertex 18.007572 -7.292050 5.550000
vertex 18.129251 -7.034782 5.550000
vertex 16.223127 -2.774455 5.550000
endloop
endfacet
facet normal 0 0 1
outer loop
vertex 18.007572 -7.292050 5.550000
vertex 16.223127 -2.774455 5.550000
vertex 15.918929 -3.417626 5.550000
endloop
endfacet
facet normal 0 -0 1
outer loop
vertex 18.129251 -7.034782 5.550000
vertex 18.225126 -6.766826 5.550000
vertex 16.462818 -2.104564 5.550000
endloop
endfacet
facet normal 0 0 1
outer loop
vertex 18.129251 -7.034782 5.550000
vertex 16.462818 -2.104564 5.550000
vertex 16.223127 -2.774455 5.550000
endloop
endfacet
facet normal 0 -0 1
outer loop
vertex 18.225126 -6.766826 5.550000
vertex 18.294277 -6.490762 5.550000
vertex 16.635693 -1.414405 5.550000
endloop
endfacet
facet normal 0 0 1
outer loop
vertex 18.225126 -6.766826 5.550000
vertex 16.635693 -1.414405 5.550000
vertex 16.462818 -2.104564 5.550000
endloop
endfacet
facet normal 0 -0 1
outer loop
vertex 18.294277 -6.490762 5.550000
vertex 18.336035 -6.209249 5.550000
vertex 16.740089 -0.710624 5.550000
endloop
endfacet
facet normal 0 0 1
outer loop
vertex 18.294277 -6.490762 5.550000
vertex 16.740089 -0.710624 5.550000
vertex 16.635693 -1.414405 5.550000
endloop
endfacet
facet normal 0 -0 1
outer loop
vertex 18.336035 -6.209249 5.550000
vertex 18.350000 -5.925000 5.550000
vertex 16.775000 0.000000 5.550000
endloop
endfacet
facet normal 0 0 1
outer loop
vertex 18.336035 -6.209249 5.550000
vertex 16.775000 0.000000 5.550000
vertex 16.740089 -0.710624 5.550000
endloop
endfacet
facet normal 0 -0 1
outer loop
vertex 18.350000 -5.925000 5.550000
vertex 18.350000 5.925000 5.550000
vertex 16.775000 0.000000 5.550000
endloop
endfacet
facet normal -0.0570496 -0.00280262 0.998367
outer loop
vertex 16.775000 0.000000 5.550000
vertex 16.740089 0.710624 5.550000
vertex 16.391775 0.676318 5.530000
endloop
endfacet
facet normal -0.0570494 -0.00280255 0.998367
outer loop
vertex 16.775000 0.000000 5.550000
vertex 16.391775 0.676318 5.530000
vertex 16.424999 -0.000000 5.530000
endloop
endfacet
facet normal -0.0565001 -0.00838106 0.998367
outer loop
vertex 16.740089 0.710624 5.550000
vertex 16.635693 1.414405 5.550000
vertex 16.292418 1.346123 5.530000
endloop
endfacet
facet normal -0.0565001 -0.00838112 0.998367
outer loop
vertex 16.740089 0.710624 5.550000
vertex 16.292418 1.346123 5.530000
vertex 16.391775 0.676318 5.530000
endloop
endfacet
facet normal -0.0554064 -0.0138785 0.998367
outer loop
vertex 16.635693 1.414405 5.550000
vertex 16.462818 2.104564 5.550000
vertex 16.127888 2.002964 5.530000
endloop
endfacet
facet normal -0.0554065 -0.0138786 0.998367
outer loop
vertex 16.635693 1.414405 5.550000
vertex 16.127888 2.002964 5.530000
vertex 16.292418 1.346123 5.530000
endloop
endfacet
facet normal -0.0537793 -0.0192425 0.998367
outer loop
vertex 16.462818 2.104564 5.550000
vertex 16.223127 2.774455 5.550000
vertex 15.899769 2.640516 5.530000
endloop
endfacet
facet normal -0.0537792 -0.0192425 0.998367
outer loop
vertex 16.462818 2.104564 5.550000
vertex 15.899769 2.640516 5.530000
vertex 16.127888 2.002964 5.530000
endloop
endfacet
facet normal -0.0516344 -0.0244213 0.998367
outer loop
vertex 16.223127 2.774455 5.550000
vertex 15.918929 3.417626 5.550000
vertex 15.610257 3.252637 5.530000
endloop
endfacet
facet normal -0.0516343 -0.0244212 0.998367
outer loop
vertex 16.223127 2.774455 5.550000
vertex 15.610257 3.252637 5.530000
vertex 15.899769 2.640516 5.530000
endloop
endfacet
facet normal -0.048992 -0.0293647 0.998367
outer loop
vertex 15.918929 3.417626 5.550000
vertex 15.553155 4.027884 5.550000
vertex 15.262140 3.833435 5.530000
endloop
endfacet
facet normal -0.048992 -0.0293647 0.998367
outer loop
vertex 15.918929 3.417626 5.550000
vertex 15.262140 3.833435 5.530000
vertex 15.610257 3.252637 5.530000
endloop
endfacet
facet normal -0.0458779 -0.0340253 0.998367
outer loop
vertex 15.553155 4.027884 5.550000
vertex 15.129326 4.599351 5.550000
vertex 14.858772 4.377314 5.530000
endloop
endfacet
facet normal -0.0458778 -0.0340253 0.998367
outer loop
vertex 15.553155 4.027884 5.550000
vertex 14.858772 4.377314 5.530000
vertex 15.262140 3.833435 5.530000
endloop
endfacet
facet normal -0.0423218 -0.0383583 0.998367
outer loop
vertex 15.129326 4.599351 5.550000
vertex 14.651525 5.126524 5.550000
vertex 14.404037 4.879037 5.530000
endloop
endfacet
facet normal -0.0423219 -0.0383583 0.998367
outer loop
vertex 15.129326 4.599351 5.550000
vertex 14.404037 4.879037 5.530000
vertex 14.858772 4.377314 5.530000
endloop
endfacet
facet normal -0.0383583 -0.0423218 0.998367
outer loop
vertex 14.651525 5.126524 5.550000
vertex 14.124352 5.604326 5.550000
vertex 13.902313 5.333772 5.530000
endloop
endfacet
facet normal -0.0383583 -0.0423219 0.998367
outer loop
vertex 14.651525 5.126524 5.550000
vertex 13.902313 5.333772 5.530000
vertex 14.404037 4.879037 5.530000
endloop
endfacet
facet normal -0.0340253 -0.0458778 0.998367
outer loop
vertex 14.124352 5.604326 5.550000
vertex 13.552884 6.028155 5.550000
vertex 13.358435 5.737140 5.530000
endloop
endfacet
facet normal -0.0340253 -0.0458778 0.998367
outer loop
vertex 14.124352 5.604326 5.550000
vertex 13.358435 5.737140 5.530000
vertex 13.902313 5.333772 5.530000
endloop
endfacet
facet normal -0.0293647 -0.0489921 0.998367
outer loop
vertex 13.552884 6.028155 5.550000
vertex 12.942626 6.393929 5.550000
vertex 12.777637 6.085257 5.530000
endloop
endfacet
facet normal -0.0293647 -0.048992 0.998367
outer loop
vertex 13.552884 6.028155 5.550000
vertex 12.777637 6.085257 5.530000
vertex 13.358435 5.737140 5.530000
endloop
endfacet
facet normal -0.0244213 -0.0516343 0.998367
outer loop
vertex 12.942626 6.393929 5.550000
vertex 12.299455 6.698127 5.550000
vertex 12.165516 6.374769 5.530000
endloop
endfacet
facet normal -0.0244212 -0.0516344 0.998367
outer loop
vertex 12.942626 6.393929 5.550000
vertex 12.165516 6.374769 5.530000
vertex 12.777637 6.085257 5.530000
endloop
endfacet
facet normal -0.0192426 -0.0537794 0.998367
outer loop
vertex 12.299455 6.698127 5.550000
vertex 11.629564 6.937818 5.550000
vertex 11.527965 6.602888 5.530000
endloop
endfacet
facet normal -0.0192426 -0.0537794 0.998367
outer loop
vertex 12.299455 6.698127 5.550000
vertex 11.527965 6.602888 5.530000
vertex 12.165516 6.374769 5.530000
endloop
endfacet
facet normal -0.0138786 -0.0554065 0.998367
outer loop
vertex 11.629564 6.937818 5.550000
vertex 10.939404 7.110693 5.550000
vertex 10.871123 6.767418 5.530000
endloop
endfacet
facet normal -0.0138786 -0.0554065 0.998367
outer loop
vertex 11.629564 6.937818 5.550000
vertex 10.871123 6.767418 5.530000
vertex 11.527965 6.602888 5.530000
endloop
endfacet
facet normal -0.00838099 -0.0565001 0.998367
outer loop
vertex 10.939404 7.110693 5.550000
vertex 10.235624 7.215089 5.550000
vertex 10.201319 6.866775 5.530000
endloop
endfacet
facet normal -0.008381 -0.0565001 0.998367
outer loop
vertex 10.939404 7.110693 5.550000
vertex 10.201319 6.866775 5.530000
vertex 10.871123 6.767418 5.530000
endloop
endfacet
facet normal -0.00280266 -0.0570495 0.998367
outer loop
vertex 10.235624 7.215089 5.550000
vertex 9.525000 7.250000 5.550000
vertex 9.525000 6.900000 5.530000
endloop
endfacet
facet normal -0.00280267 -0.0570495 0.998367
outer loop
vertex 10.235624 7.215089 5.550000
vertex 9.525000 6.900000 5.530000
vertex 10.201319 6.866775 5.530000
endloop
endfacet
facet normal 0 -0.0570498 0.998371
outer loop
vertex 9.525000 7.250000 5.550000
vertex -9.525000 7.250000 5.550000
vertex -9.525000 6.900000 5.530000
endloop
endfacet
facet normal 0 -0.0570498 0.998371
outer loop
vertex 9.525000 7.250000 5.550000
vertex -9.525000 6.900000 5.530000
vertex 9.525000 6.900000 5.530000
endloop
endfacet
facet normal 0.00280266 -0.0570495 0.998367
outer loop
vertex -9.525000 7.250000 5.550000
vertex -10.235624 7.215089 5.550000
vertex -10.201319 6.866775 5.530000
endloop
endfacet
facet normal 0.00280267 -0.0570495 0.998367
outer loop
vertex -9.525000 7.250000 5.550000
vertex -10.201319 6.866775 5.530000
vertex -9.525000 6.900000 5.530000
endloop
endfacet
facet normal 0.00838099 -0.0565001 0.998367
outer loop
vertex -10.235624 7.215089 5.550000
vertex -10.939404 7.110693 5.550000
vertex -10.871123 6.767418 5.530000
endloop
endfacet
facet normal 0.008381 -0.0565001 0.998367
outer loop
vertex -10.235624 7.215089 5.550000
vertex -10.871123 6.767418 5.530000
vertex -10.201319 6.866775 5.530000
endloop
endfacet
facet normal 0.0138786 -0.0554065 0.998367
outer loop
vertex -10.939404 7.110693 5.550000
vertex -11.629564 6.937818 5.550000
vertex -11.527965 6.602888 5.530000
endloop
endfacet
facet normal 0.0138786 -0.0554065 0.998367
outer loop
vertex -10.939404 7.110693 5.550000
vertex -11.527965 6.602888 5.530000
vertex -10.871123 6.767418 5.530000
endloop
endfacet
facet normal 0.0192426 -0.0537794 0.998367
outer loop
vertex -11.629564 6.937818 5.550000
vertex -12.299455 6.698127 5.550000
vertex -12.165516 6.374769 5.530000
endloop
endfacet
facet normal 0.0192425 -0.0537794 0.998367
outer loop
vertex -11.629564 6.937818 5.550000
vertex -12.165516 6.374769 5.530000
vertex -11.527965 6.602888 5.530000
endloop
endfacet
facet normal 0.0244213 -0.0516344 0.998367
outer loop
vertex -12.299455 6.698127 5.550000
vertex -12.942626 6.393929 5.550000
vertex -12.777637 6.085257 5.530000
endloop
endfacet
facet normal 0.0244212 -0.0516343 0.998367
outer loop
vertex -12.299455 6.698127 5.550000
vertex -12.777637 6.085257 5.530000
vertex -12.165516 6.374769 5.530000
endloop
endfacet
facet normal 0.0293646 -0.048992 0.998367
outer loop
vertex -12.942626 6.393929 5.550000
vertex -13.552884 6.028155 5.550000
vertex -13.358435 5.737140 5.530000
endloop
endfacet
facet normal 0.0293647 -0.048992 0.998367
outer loop
vertex -12.942626 6.393929 5.550000
vertex -13.358435 5.737140 5.530000
vertex -12.777637 6.085257 5.530000
endloop
endfacet
facet normal 0.0340253 -0.0458778 0.998367
outer loop
vertex -13.552884 6.028155 5.550000
vertex -14.124352 5.604326 5.550000
vertex -13.902313 5.333772 5.530000
endloop
endfacet
facet normal 0.0340253 -0.0458778 0.998367
outer loop
vertex -13.552884 6.028155 5.550000
vertex -13.902313 5.333772 5.530000
vertex -13.358435 5.737140 5.530000
endloop
endfacet
facet normal 0.0383583 -0.0423219 0.998367
outer loop
vertex -14.124352 5.604326 5.550000
vertex -14.651525 5.126524 5.550000
vertex -14.404037 4.879037 5.530000
endloop
endfacet
facet normal 0.0383583 -0.0423218 0.998367
outer loop
vertex -14.124352 5.604326 5.550000
vertex -14.404037 4.879037 5.530000
vertex -13.902313 5.333772 5.530000
endloop
endfacet
facet normal 0.0423219 -0.0383583 0.998367
outer loop
vertex -14.651525 5.126524 5.550000
vertex -15.129326 4.599351 5.550000
vertex -14.858772 4.377314 5.530000
endloop
endfacet
facet normal 0.0423218 -0.0383583 0.998367
outer loop
vertex -14.651525 5.126524 5.550000
vertex -14.858772 4.377314 5.530000
vertex -14.404037 4.879037 5.530000
endloop
endfacet
facet normal 0.0458778 -0.0340253 0.998367
outer loop
vertex -15.129326 4.599351 5.550000
vertex -15.553155 4.027884 5.550000
vertex -15.262140 3.833435 5.530000
endloop
endfacet
facet normal 0.0458779 -0.0340253 0.998367
outer loop
vertex -15.129326 4.599351 5.550000
vertex -15.262140 3.833435 5.530000
vertex -14.858772 4.377314 5.530000
endloop
endfacet
facet normal 0.0489921 -0.0293647 0.998367
outer loop
vertex -15.553155 4.027884 5.550000
vertex -15.918929 3.417626 5.550000
vertex -15.610257 3.252637 5.530000
endloop
endfacet
facet normal 0.048992 -0.0293647 0.998367
outer loop
vertex -15.553155 4.027884 5.550000
vertex -15.610257 3.252637 5.530000
vertex -15.262140 3.833435 5.530000
endloop
endfacet
facet normal 0.0516342 -0.0244212 0.998367
outer loop
vertex -15.918929 3.417626 5.550000
vertex -16.223127 2.774455 5.550000
vertex -15.899769 2.640516 5.530000
endloop
endfacet
facet normal 0.0516344 -0.0244212 0.998367
outer loop
vertex -15.918929 3.417626 5.550000
vertex -15.899769 2.640516 5.530000
vertex -15.610257 3.252637 5.530000
endloop
endfacet
facet normal 0.0537792 -0.0192425 0.998367
outer loop
vertex -16.223127 2.774455 5.550000
vertex -16.462818 2.104564 5.550000
vertex -16.127888 2.002964 5.530000
endloop
endfacet
facet normal 0.0537793 -0.0192425 0.998367
outer loop
vertex -16.223127 2.774455 5.550000
vertex -16.127888 2.002964 5.530000
vertex -15.899769 2.640516 5.530000
endloop
endfacet
facet normal 0.0554065 -0.0138785 0.998367
outer loop
vertex -16.462818 2.104564 5.550000
vertex -16.635693 1.414405 5.550000
vertex -16.292418 1.346123 5.530000
endloop
endfacet
facet normal 0.0554064 -0.0138785 0.998367
outer loop
vertex -16.462818 2.104564 5.550000
vertex -16.292418 1.346123 5.530000
vertex -16.127888 2.002964 5.530000
endloop
endfacet
facet normal 0.0565002 -0.00838107 0.998367
outer loop
vertex -16.635693 1.414405 5.550000
vertex -16.740089 0.710624 5.550000
vertex -16.391775 0.676318 5.530000
endloop
endfacet
facet normal 0.0565 -0.00838111 0.998367
outer loop
vertex -16.635693 1.414405 5.550000
vertex -16.391775 0.676318 5.530000
vertex -16.292418 1.346123 5.530000
endloop
endfacet
facet normal 0.0570495 -0.00280262 0.998367
outer loop
vertex -16.740089 0.710624 5.550000
vertex -16.775000 0.000000 5.550000
vertex -16.424999 0.000000 5.530000
endloop
endfacet
facet normal 0.0570496 -0.00280256 0.998367
outer loop
vertex -16.740089 0.710624 5.550000
vertex -16.424999 0.000000 5.530000
vertex -16.391775 0.676318 5.530000
endloop
endfacet
facet normal 0.0570496 0.00280262 0.998367
outer loop
vertex -16.775000 0.000000 5.550000
vertex -16.740089 -0.710624 5.550000
vertex -16.391775 -0.676318 5.530000
endloop
endfacet
facet normal 0.0570494 0.00280255 0.998367
outer loop
vertex -16.775000 0.000000 5.550000
vertex -16.391775 -0.676318 5.530000
vertex -16.424999 0.000000 5.530000
endloop
endfacet
facet normal 0.0565001 0.00838106 0.998367
outer loop
vertex -16.740089 -0.710624 5.550000
vertex -16.635693 -1.414405 5.550000
vertex -16.292418 -1.346123 5.530000
endloop
endfacet
facet normal 0.0565001 0.00838112 0.998367
outer loop
vertex -16.740089 -0.710624 5.550000
vertex -16.292418 -1.346123 5.530000
vertex -16.391775 -0.676318 5.530000
endloop
endfacet
facet normal 0.0554064 0.0138785 0.998367
outer loop
vertex -16.635693 -1.414405 5.550000
vertex -16.462818 -2.104564 5.550000
vertex -16.127888 -2.002964 5.530000
endloop
endfacet
facet normal 0.0554065 0.0138786 0.998367
outer loop
vertex -16.635693 -1.414405 5.550000
vertex -16.127888 -2.002964 5.530000
vertex -16.292418 -1.346123 5.530000
endloop
endfacet
facet normal 0.0537793 0.0192425 0.998367
outer loop
vertex -16.462818 -2.104564 5.550000
vertex -16.223127 -2.774455 5.550000
vertex -15.899769 -2.640516 5.530000
endloop
endfacet
facet normal 0.0537792 0.0192425 0.998367
outer loop
vertex -16.462818 -2.104564 5.550000
vertex -15.899769 -2.640516 5.530000
vertex -16.127888 -2.002964 5.530000
endloop
endfacet
facet normal 0.0516344 0.0244213 0.998367
outer loop
vertex -16.223127 -2.774455 5.550000
vertex -15.918929 -3.417626 5.550000
vertex -15.610257 -3.252637 5.530000
endloop
endfacet
facet normal 0.0516343 0.0244212 0.998367
outer loop
vertex -16.223127 -2.774455 5.550000
vertex -15.610257 -3.252637 5.530000
vertex -15.899769 -2.640516 5.530000
endloop
endfacet
facet normal 0.048992 0.0293647 0.998367
outer loop
vertex -15.918929 -3.417626 5.550000
vertex -15.553155 -4.027884 5.550000
vertex -15.262140 -3.833435 5.530000
endloop
endfacet
facet normal 0.048992 0.0293647 0.998367
outer loop
vertex -15.918929 -3.417626 5.550000
vertex -15.262140 -3.833435 5.530000
vertex -15.610257 -3.252637 5.530000
endloop
endfacet
facet normal 0.0458779 0.0340253 0.998367
outer loop
vertex -15.553155 -4.027884 5.550000
vertex -15.129326 -4.599351 5.550000
vertex -14.858772 -4.377314 5.530000
endloop
endfacet
facet normal 0.0458778 0.0340253 0.998367
outer loop
vertex -15.553155 -4.027884 5.550000
vertex -14.858772 -4.377314 5.530000
vertex -15.262140 -3.833435 5.530000
endloop
endfacet
facet normal 0.0423218 0.0383583 0.998367
outer loop
vertex -15.129326 -4.599351 5.550000
vertex -14.651525 -5.126524 5.550000
vertex -14.404037 -4.879037 5.530000
endloop
endfacet
facet normal 0.0423219 0.0383583 0.998367
outer loop
vertex -15.129326 -4.599351 5.550000
vertex -14.404037 -4.879037 5.530000
vertex -14.858772 -4.377314 5.530000
endloop
endfacet
facet normal 0.0383583 0.0423218 0.998367
outer loop
vertex -14.651525 -5.126524 5.550000
vertex -14.124352 -5.604326 5.550000
vertex -13.902313 -5.333772 5.530000
endloop
endfacet
facet normal 0.0383583 0.0423219 0.998367
outer loop
vertex -14.651525 -5.126524 5.550000
vertex -13.902313 -5.333772 5.530000
vertex -14.404037 -4.879037 5.530000
endloop
endfacet
facet normal 0.0340253 0.0458778 0.998367
outer loop
vertex -14.124352 -5.604326 5.550000
vertex -13.552884 -6.028155 5.550000
vertex -13.358435 -5.737140 5.530000
endloop
endfacet
facet normal 0.0340253 0.0458778 0.998367
outer loop
vertex -14.124352 -5.604326 5.550000
vertex -13.358435 -5.737140 5.530000
vertex -13.902313 -5.333772 5.530000
endloop
endfacet
facet normal 0.0293647 0.0489921 0.998367
outer loop
vertex -13.552884 -6.028155 5.550000
vertex -12.942626 -6.393929 5.550000
vertex -12.777637 -6.085257 5.530000
endloop
endfacet
facet normal 0.0293647 0.048992 0.998367
outer loop
vertex -13.552884 -6.028155 5.550000
vertex -12.777637 -6.085257 5.530000
vertex -13.358435 -5.737140 5.530000
endloop
endfacet
facet normal 0.0244213 0.0516343 0.998367
outer loop
vertex -12.942626 -6.393929 5.550000
vertex -12.299455 -6.698127 5.550000
vertex -12.165516 -6.374769 5.530000
endloop
endfacet
facet normal 0.0244212 0.0516344 0.998367
outer loop
vertex -12.942626 -6.393929 5.550000
vertex -12.165516 -6.374769 5.530000
vertex -12.777637 -6.085257 5.530000
endloop
endfacet
facet normal 0.0192426 0.0537794 0.998367
outer loop
vertex -12.299455 -6.698127 5.550000
vertex -11.629564 -6.937818 5.550000
vertex -11.527965 -6.602888 5.530000
endloop
endfacet
facet normal 0.0192426 0.0537794 0.998367
outer loop
vertex -12.299455 -6.698127 5.550000
vertex -11.527965 -6.602888 5.530000
vertex -12.165516 -6.374769 5.530000
endloop
endfacet
facet normal 0.0138786 0.0554065 0.998367
outer loop
vertex -11.629564 -6.937818 5.550000
vertex -10.939404 -7.110693 5.550000
vertex -10.871123 -6.767418 5.530000
endloop
endfacet
facet normal 0.0138786 0.0554065 0.998367
outer loop
vertex -11.629564 -6.937818 5.550000
vertex -10.871123 -6.767418 5.530000
vertex -11.527965 -6.602888 5.530000
endloop
endfacet
facet normal 0.00838099 0.0565001 0.998367
outer loop
vertex -10.939404 -7.110693 5.550000
vertex -10.235624 -7.215089 5.550000
vertex -10.201319 -6.866775 5.530000
endloop
endfacet
facet normal 0.008381 0.0565001 0.998367
outer loop
vertex -10.939404 -7.110693 5.550000
vertex -10.201319 -6.866775 5.530000
vertex -10.871123 -6.767418 5.530000
endloop
endfacet
facet normal 0.00280266 0.0570495 0.998367
outer loop
vertex -10.235624 -7.215089 5.550000
vertex -9.525000 -7.250000 5.550000
vertex -9.525000 -6.900000 5.530000
endloop
endfacet
facet normal 0.00280267 0.0570495 0.998367
outer loop
vertex -10.235624 -7.215089 5.550000
vertex -9.525000 -6.900000 5.530000
vertex -10.201319 -6.866775 5.530000
endloop
endfacet
facet normal -0 0.0570498 0.998371
outer loop
vertex -9.525000 -7.250000 5.550000
vertex 9.525000 -7.250000 5.550000
vertex 9.525000 -6.900000 5.530000
endloop
endfacet
facet normal 0 0.0570498 0.998371
outer loop
vertex -9.525000 -7.250000 5.550000
vertex 9.525000 -6.900000 5.530000
vertex -9.525000 -6.900000 5.530000
endloop
endfacet
facet normal -0.00280266 0.0570495 0.998367
outer loop
vertex 9.525000 -7.250000 5.550000
vertex 10.235624 -7.215089 5.550000
vertex 10.201319 -6.866775 5.530000
endloop
endfacet
facet normal -0.00280267 0.0570495 0.998367
outer loop
vertex 9.525000 -7.250000 5.550000
vertex 10.201319 -6.866775 5.530000
vertex 9.525000 -6.900000 5.530000
endloop
endfacet
facet normal -0.00838099 0.0565001 0.998367
outer loop
vertex 10.235624 -7.215089 5.550000
vertex 10.939404 -7.110693 5.550000
vertex 10.871123 -6.767418 5.530000
endloop
endfacet
facet normal -0.008381 0.0565001 0.998367
outer loop
vertex 10.235624 -7.215089 5.550000
vertex 10.871123 -6.767418 5.530000
vertex 10.201319 -6.866775 5.530000
endloop
endfacet
facet normal -0.0138786 0.0554065 0.998367
outer loop
vertex 10.939404 -7.110693 5.550000
vertex 11.629564 -6.937818 5.550000
vertex 11.527965 -6.602888 5.530000
endloop
endfacet
facet normal -0.0138786 0.0554065 0.998367
outer loop
vertex 10.939404 -7.110693 5.550000
vertex 11.527965 -6.602888 5.530000
vertex 10.871123 -6.767418 5.530000
endloop
endfacet
facet normal -0.0192426 0.0537794 0.998367
outer loop
vertex 11.629564 -6.937818 5.550000
vertex 12.299455 -6.698127 5.550000
vertex 12.165516 -6.374769 5.530000
endloop
endfacet
facet normal -0.0192425 0.0537794 0.998367
outer loop
vertex 11.629564 -6.937818 5.550000
vertex 12.165516 -6.374769 5.530000
vertex 11.527965 -6.602888 5.530000
endloop
endfacet
facet normal -0.0244213 0.0516344 0.998367
outer loop
vertex 12.299455 -6.698127 5.550000
vertex 12.942626 -6.393929 5.550000
vertex 12.777637 -6.085257 5.530000
endloop
endfacet
facet normal -0.0244212 0.0516343 0.998367
outer loop
vertex 12.299455 -6.698127 5.550000
vertex 12.777637 -6.085257 5.530000
vertex 12.165516 -6.374769 5.530000
endloop
endfacet
facet normal -0.0293646 0.048992 0.998367
outer loop
vertex 12.942626 -6.393929 5.550000
vertex 13.552884 -6.028155 5.550000
vertex 13.358435 -5.737140 5.530000
endloop
endfacet
facet normal -0.0293647 0.048992 0.998367
outer loop
vertex 12.942626 -6.393929 5.550000
vertex 13.358435 -5.737140 5.530000
vertex 12.777637 -6.085257 5.530000
endloop
endfacet
facet normal -0.0340253 0.0458778 0.998367
outer loop
vertex 13.552884 -6.028155 5.550000
vertex 14.124352 -5.604326 5.550000
vertex 13.902313 -5.333772 5.530000
endloop
endfacet
facet normal -0.0340253 0.0458778 0.998367
outer loop
vertex 13.552884 -6.028155 5.550000
vertex 13.902313 -5.333772 5.530000
vertex 13.358435 -5.737140 5.530000
endloop
endfacet
facet normal -0.0383583 0.0423219 0.998367
outer loop
vertex 14.124352 -5.604326 5.550000
vertex 14.651525 -5.126524 5.550000
vertex 14.404037 -4.879037 5.530000
endloop
endfacet
facet normal -0.0383583 0.0423218 0.998367
outer loop
vertex 14.124352 -5.604326 5.550000
vertex 14.404037 -4.879037 5.530000
vertex 13.902313 -5.333772 5.530000
endloop
endfacet
facet normal -0.0423219 0.0383583 0.998367
outer loop
vertex 14.651525 -5.126524 5.550000
vertex 15.129326 -4.599351 5.550000
vertex 14.858772 -4.377314 5.530000
endloop
endfacet
facet normal -0.0423218 0.0383583 0.998367
outer loop
vertex 14.651525 -5.126524 5.550000
vertex 14.858772 -4.377314 5.530000
vertex 14.404037 -4.879037 5.530000
endloop
endfacet
facet normal -0.0458778 0.0340253 0.998367
outer loop
vertex 15.129326 -4.599351 5.550000
vertex 15.553155 -4.027884 5.550000
vertex 15.262140 -3.833435 5.530000
endloop
endfacet
facet normal -0.0458779 0.0340253 0.998367
outer loop
vertex 15.129326 -4.599351 5.550000
vertex 15.262140 -3.833435 5.530000
vertex 14.858772 -4.377314 5.530000
endloop
endfacet
facet normal -0.0489921 0.0293647 0.998367
outer loop
vertex 15.553155 -4.027884 5.550000
vertex 15.918929 -3.417626 5.550000
vertex 15.610257 -3.252637 5.530000
endloop
endfacet
facet normal -0.048992 0.0293647 0.998367
outer loop
vertex 15.553155 -4.027884 5.550000
vertex 15.610257 -3.252637 5.530000
vertex 15.262140 -3.833435 5.530000
endloop
endfacet
facet normal -0.0516342 0.0244212 0.998367
outer loop
vertex 15.918929 -3.417626 5.550000
vertex 16.223127 -2.774455 5.550000
vertex 15.899769 -2.640516 5.530000
endloop
endfacet
facet normal -0.0516344 0.0244212 0.998367
outer loop
vertex 15.918929 -3.417626 5.550000
vertex 15.899769 -2.640516 5.530000
vertex 15.610257 -3.252637 5.530000
endloop
endfacet
facet normal -0.0537792 0.0192425 0.998367
outer loop
vertex 16.223127 -2.774455 5.550000
vertex 16.462818 -2.104564 5.550000
vertex 16.127888 -2.002964 5.530000
endloop
endfacet
facet normal -0.0537793 0.0192425 0.998367
outer loop
vertex 16.223127 -2.774455 5.550000
vertex 16.127888 -2.002964 5.530000
vertex 15.899769 -2.640516 5.530000
endloop
endfacet
facet normal -0.0554065 0.0138785 0.998367
outer loop
vertex 16.462818 -2.104564 5.550000
vertex 16.635693 -1.414405 5.550000
vertex 16.292418 -1.346123 5.530000
endloop
endfacet
facet normal -0.0554064 0.0138785 0.998367
outer loop
vertex 16.462818 -2.104564 5.550000
vertex 16.292418 -1.346123 5.530000
vertex 16.127888 -2.002964 5.530000
endloop
endfacet
facet normal -0.0565002 0.00838107 0.998367
outer loop
vertex 16.635693 -1.414405 5.550000
vertex 16.740089 -0.710624 5.550000
vertex 16.391775 -0.676318 5.530000
endloop
endfacet
facet normal -0.0565 0.00838111 0.998367
outer loop
vertex 16.635693 -1.414405 5.550000
vertex 16.391775 -0.676318 5.530000
vertex 16.292418 -1.346123 5.530000
endloop
endfacet
facet normal -0.0570495 0.00280262 0.998367
outer loop
vertex 16.740089 -0.710624 5.550000
vertex 16.775000 0.000000 5.550000
vertex 16.424999 -0.000000 5.530000
endloop
endfacet
facet normal -0.0570496 0.00280256 0.998367
outer loop
vertex 16.740089 -0.710624 5.550000
vertex 16.424999 -0.000000 5.530000
vertex 16.391775 -0.676318 5.530000
endloop
endfacet
facet normal -0.397532 -0.0195287 0.91738
outer loop
vertex 16.424999 -0.000000 5.530000
vertex 16.391775 0.676318 5.530000
vertex 16.093220 0.646913 5.400000
endloop
endfacet
facet normal -0.397533 -0.0195292 0.91738
outer loop
vertex 16.424999 -0.000000 5.530000
vertex 16.093220 0.646913 5.400000
vertex 16.125000 -0.000000 5.400000
endloop
endfacet
facet normal -0.393705 -0.0584014 0.91738
outer loop
vertex 16.391775 0.676318 5.530000
vertex 16.292418 1.346123 5.530000
vertex 15.998183 1.287596 5.400000
endloop
endfacet
facet normal -0.393703 -0.0584005 0.917381
outer loop
vertex 16.391775 0.676318 5.530000
vertex 15.998183 1.287596 5.400000
vertex 16.093220 0.646913 5.400000
endloop
endfacet
facet normal -0.386084 -0.0967088 0.91738
outer loop
vertex 16.292418 1.346123 5.530000
vertex 16.127888 2.002964 5.530000
vertex 15.840806 1.915879 5.400000
endloop
endfacet
facet normal -0.386085 -0.0967095 0.91738
outer loop
vertex 16.292418 1.346123 5.530000
vertex 15.840806 1.915879 5.400000
vertex 15.998183 1.287596 5.400000
endloop
endfacet
facet normal -0.374746 -0.134086 0.91738
outer loop
vertex 16.127888 2.002964 5.530000
vertex 15.899769 2.640516 5.530000
vertex 15.622605 2.525711 5.400000
endloop
endfacet
facet normal -0.374746 -0.134086 0.91738
outer loop
vertex 16.127888 2.002964 5.530000
vertex 15.622605 2.525711 5.400000
vertex 15.840806 1.915879 5.400000
endloop
endfacet
facet normal -0.359798 -0.170171 0.917381
outer loop
vertex 15.899769 2.640516 5.530000
vertex 15.610257 3.252637 5.530000
vertex 15.345680 3.111218 5.400000
endloop
endfacet
facet normal -0.359798 -0.170172 0.91738
outer loop
vertex 15.899769 2.640516 5.530000
vertex 15.345680 3.111218 5.400000
vertex 15.622605 2.525711 5.400000
endloop
endfacet
facet normal -0.341385 -0.204619 0.917381
outer loop
vertex 15.610257 3.252637 5.530000
vertex 15.262140 3.833435 5.530000
vertex 15.012699 3.666764 5.400000
endloop
endfacet
facet normal -0.341385 -0.204619 0.917381
outer loop
vertex 15.610257 3.252637 5.530000
vertex 15.012699 3.666764 5.400000
vertex 15.345680 3.111218 5.400000
endloop
endfacet
facet normal -0.319686 -0.237095 0.917381
outer loop
vertex 15.262140 3.833435 5.530000
vertex 14.858772 4.377314 5.530000
vertex 14.626869 4.186996 5.400000
endloop
endfacet
facet normal -0.319686 -0.237095 0.917381
outer loop
vertex 15.262140 3.833435 5.530000
vertex 14.626869 4.186996 5.400000
vertex 15.012699 3.666764 5.400000
endloop
endfacet
facet normal -0.294907 -0.267288 0.91738
outer loop
vertex 14.858772 4.377314 5.530000
vertex 14.404037 4.879037 5.530000
vertex 14.191905 4.666905 5.400000
endloop
endfacet
facet normal -0.294907 -0.267288 0.917381
outer loop
vertex 14.858772 4.377314 5.530000
vertex 14.191905 4.666905 5.400000
vertex 14.626869 4.186996 5.400000
endloop
endfacet
facet normal -0.267288 -0.294907 0.91738
outer loop
vertex 14.404037 4.879037 5.530000
vertex 13.902313 5.333772 5.530000
vertex 13.711996 5.101869 5.400000
endloop
endfacet
facet normal -0.267288 -0.294907 0.91738
outer loop
vertex 14.404037 4.879037 5.530000
vertex 13.711996 5.101869 5.400000
vertex 14.191905 4.666905 5.400000
endloop
endfacet
facet normal -0.237095 -0.319686 0.91738
outer loop
vertex 13.902313 5.333772 5.530000
vertex 13.358435 5.737140 5.530000
vertex 13.191764 5.487700 5.400000
endloop
endfacet
facet normal -0.237095 -0.319686 0.91738
outer loop
vertex 13.902313 5.333772 5.530000
vertex 13.191764 5.487700 5.400000
vertex 13.711996 5.101869 5.400000
endloop
endfacet
facet normal -0.204619 -0.341385 0.917381
outer loop
vertex 13.358435 5.737140 5.530000
vertex 12.777637 6.085257 5.530000
vertex 12.636218 5.820680 5.400000
endloop
endfacet
facet normal -0.204619 -0.341386 0.91738
outer loop
vertex 13.358435 5.737140 5.530000
vertex 12.636218 5.820680 5.400000
vertex 13.191764 5.487700 5.400000
endloop
endfacet
facet normal -0.170172 -0.359798 0.917381
outer loop
vertex 12.777637 6.085257 5.530000
vertex 12.165516 6.374769 5.530000
vertex 12.050711 6.097605 5.400000
endloop
endfacet
facet normal -0.170172 -0.359798 0.917381
outer loop
vertex 12.777637 6.085257 5.530000
vertex 12.050711 6.097605 5.400000
vertex 12.636218 5.820680 5.400000
endloop
endfacet
facet normal -0.134086 -0.374745 0.91738
outer loop
vertex 12.165516 6.374769 5.530000
vertex 11.527965 6.602888 5.530000
vertex 11.440879 6.315806 5.400000
endloop
endfacet
facet normal -0.134086 -0.374745 0.917381
outer loop
vertex 12.165516 6.374769 5.530000
vertex 11.440879 6.315806 5.400000
vertex 12.050711 6.097605 5.400000
endloop
endfacet
facet normal -0.0967089 -0.386083 0.917381
outer loop
vertex 11.527965 6.602888 5.530000
vertex 10.871123 6.767418 5.530000
vertex 10.812596 6.473183 5.400000
endloop
endfacet
facet normal -0.0967088 -0.386084 0.91738
outer loop
vertex 11.527965 6.602888 5.530000
vertex 10.812596 6.473183 5.400000
vertex 11.440879 6.315806 5.400000
endloop
endfacet
facet normal -0.0584004 -0.393703 0.917381
outer loop
vertex 10.871123 6.767418 5.530000
vertex 10.201319 6.866775 5.530000
vertex 10.171913 6.568219 5.400000
endloop
endfacet
facet normal -0.0584005 -0.393703 0.917381
outer loop
vertex 10.871123 6.767418 5.530000
vertex 10.171913 6.568219 5.400000
vertex 10.812596 6.473183 5.400000
endloop
endfacet
facet normal -0.0195295 -0.397532 0.917381
outer loop
vertex 10.201319 6.866775 5.530000
vertex 9.525000 6.900000 5.530000
vertex 9.525000 6.600000 5.400000
endloop
endfacet
facet normal -0.0195294 -0.397532 0.91738
outer loop
vertex 10.201319 6.866775 5.530000
vertex 9.525000 6.600000 5.400000
vertex 10.171913 6.568219 5.400000
endloop
endfacet
facet normal 0 -0.397608 0.917556
outer loop
vertex 9.525000 6.900000 5.530000
vertex -9.525000 6.900000 5.530000
vertex -9.525000 6.600000 5.400000
endloop
endfacet
facet normal 0 -0.397608 0.917556
outer loop
vertex 9.525000 6.900000 5.530000
vertex -9.525000 6.600000 5.400000
vertex 9.525000 6.600000 5.400000
endloop
endfacet
facet normal 0.0195296 -0.397532 0.917381
outer loop
vertex -9.525000 6.900000 5.530000
vertex -10.201319 6.866775 5.530000
vertex -10.171913 6.568219 5.400000
endloop
endfacet
facet normal 0.0195294 -0.397532 0.917381
outer loop
vertex -9.525000 6.900000 5.530000
vertex -10.171913 6.568219 5.400000
vertex -9.525000 6.600000 5.400000
endloop
endfacet
facet normal 0.0584004 -0.393703 0.917381
outer loop
vertex -10.201319 6.866775 5.530000
vertex -10.871123 6.767418 5.530000
vertex -10.812596 6.473183 5.400000
endloop
endfacet
facet normal 0.0584005 -0.393703 0.917381
outer loop
vertex -10.201319 6.866775 5.530000
vertex -10.812596 6.473183 5.400000
vertex -10.171913 6.568219 5.400000
endloop
endfacet
facet normal 0.096709 -0.386084 0.91738
outer loop
vertex -10.871123 6.767418 5.530000
vertex -11.527965 6.602888 5.530000
vertex -11.440879 6.315806 5.400000
endloop
endfacet
facet normal 0.0967086 -0.386083 0.917381
outer loop
vertex -10.871123 6.767418 5.530000
vertex -11.440879 6.315806 5.400000
vertex -10.812596 6.473183 5.400000
endloop
endfacet
facet normal 0.134086 -0.374745 0.917381
outer loop
vertex -11.527965 6.602888 5.530000
vertex -12.165516 6.374769 5.530000
vertex -12.050711 6.097605 5.400000
endloop
endfacet
facet normal 0.134086 -0.374745 0.91738
outer loop
vertex -11.527965 6.602888 5.530000
vertex -12.050711 6.097605 5.400000
vertex -11.440879 6.315806 5.400000
endloop
endfacet
facet normal 0.170172 -0.359798 0.917381
outer loop
vertex -12.165516 6.374769 5.530000
vertex -12.777637 6.085257 5.530000
vertex -12.636218 5.820680 5.400000
endloop
endfacet
facet normal 0.170172 -0.359798 0.917381
outer loop
vertex -12.165516 6.374769 5.530000
vertex -12.636218 5.820680 5.400000
vertex -12.050711 6.097605 5.400000
endloop
endfacet
facet normal 0.204619 -0.341386 0.91738
outer loop
vertex -12.777637 6.085257 5.530000
vertex -13.358435 5.737140 5.530000
vertex -13.191764 5.487700 5.400000
endloop
endfacet
facet normal 0.204618 -0.341386 0.917381
outer loop
vertex -12.777637 6.085257 5.530000
vertex -13.191764 5.487700 5.400000
vertex -12.636218 5.820680 5.400000
endloop
endfacet
facet normal 0.237095 -0.319686 0.91738
outer loop
vertex -13.358435 5.737140 5.530000
vertex -13.902313 5.333772 5.530000
vertex -13.711996 5.101869 5.400000
endloop
endfacet
facet normal 0.237095 -0.319686 0.91738
outer loop
vertex -13.358435 5.737140 5.530000
vertex -13.711996 5.101869 5.400000
vertex -13.191764 5.487700 5.400000
endloop
endfacet
facet normal 0.267288 -0.294907 0.91738
outer loop
vertex -13.902313 5.333772 5.530000
vertex -14.404037 4.879037 5.530000
vertex -14.191905 4.666905 5.400000
endloop
endfacet
facet normal 0.267289 -0.294907 0.91738
outer loop
vertex -13.902313 5.333772 5.530000
vertex -14.191905 4.666905 5.400000
vertex -13.711996 5.101869 5.400000
endloop
endfacet
facet normal 0.294907 -0.267288 0.917381
outer loop
vertex -14.404037 4.879037 5.530000
vertex -14.858772 4.377314 5.530000
vertex -14.626869 4.186996 5.400000
endloop
endfacet
facet normal 0.294907 -0.267288 0.91738
outer loop
vertex -14.404037 4.879037 5.530000
vertex -14.626869 4.186996 5.400000
vertex -14.191905 4.666905 5.400000
endloop
endfacet
facet normal 0.319686 -0.237095 0.917381
outer loop
vertex -14.858772 4.377314 5.530000
vertex -15.262140 3.833435 5.530000
vertex -15.012699 3.666764 5.400000
endloop
endfacet
facet normal 0.319686 -0.237095 0.917381
outer loop
vertex -14.858772 4.377314 5.530000
vertex -15.012699 3.666764 5.400000
vertex -14.626869 4.186996 5.400000
endloop
endfacet
facet normal 0.341385 -0.204619 0.917381
outer loop
vertex -15.262140 3.833435 5.530000
vertex -15.610257 3.252637 5.530000
vertex -15.345680 3.111218 5.400000
endloop
endfacet
facet normal 0.341385 -0.204619 0.917381
outer loop
vertex -15.262140 3.833435 5.530000
vertex -15.345680 3.111218 5.400000
vertex -15.012699 3.666764 5.400000
endloop
endfacet
facet normal 0.359798 -0.170172 0.91738
outer loop
vertex -15.610257 3.252637 5.530000
vertex -15.899769 2.640516 5.530000
vertex -15.622605 2.525711 5.400000
endloop
endfacet
facet normal 0.359797 -0.170172 0.917381
outer loop
vertex -15.610257 3.252637 5.530000
vertex -15.622605 2.525711 5.400000
vertex -15.345680 3.111218 5.400000
endloop
endfacet
facet normal 0.374746 -0.134086 0.91738
outer loop
vertex -15.899769 2.640516 5.530000
vertex -16.127888 2.002964 5.530000
vertex -15.840806 1.915879 5.400000
endloop
endfacet
facet normal 0.374746 -0.134086 0.91738
outer loop
vertex -15.899769 2.640516 5.530000
vertex -15.840806 1.915879 5.400000
vertex -15.622605 2.525711 5.400000
endloop
endfacet
facet normal 0.386085 -0.096709 0.91738
outer loop
vertex -16.127888 2.002964 5.530000
vertex -16.292418 1.346123 5.530000
vertex -15.998183 1.287596 5.400000
endloop
endfacet
facet normal 0.386084 -0.0967093 0.91738
outer loop
vertex -16.127888 2.002964 5.530000
vertex -15.998183 1.287596 5.400000
vertex -15.840806 1.915879 5.400000
endloop
endfacet
facet normal 0.393703 -0.0584012 0.91738
outer loop
vertex -16.292418 1.346123 5.530000
vertex -16.391775 0.676318 5.530000
vertex -16.093220 0.646913 5.400000
endloop
endfacet
facet normal 0.393705 -0.0584007 0.91738
outer loop
vertex -16.292418 1.346123 5.530000
vertex -16.093220 0.646913 5.400000
vertex -15.998183 1.287596 5.400000
endloop
endfacet
facet normal 0.397533 -0.0195288 0.91738
outer loop
vertex -16.391775 0.676318 5.530000
vertex -16.424999 0.000000 5.530000
vertex -16.125000 0.000000 5.400000
endloop
endfacet
facet normal 0.397532 -0.0195291 0.91738
outer loop
vertex -16.391775 0.676318 5.530000
vertex -16.125000 0.000000 5.400000
vertex -16.093220 0.646913 5.400000
endloop
endfacet
facet normal 0.397532 0.0195287 0.91738
outer loop
vertex -16.424999 0.000000 5.530000
vertex -16.391775 -0.676318 5.530000
vertex -16.093220 -0.646913 5.400000
endloop
endfacet
facet normal 0.397533 0.0195292 0.91738
outer loop
vertex -16.424999 0.000000 5.530000
vertex -16.093220 -0.646913 5.400000
vertex -16.125000 0.000000 5.400000
endloop
endfacet
facet normal 0.393705 0.0584014 0.91738
outer loop
vertex -16.391775 -0.676318 5.530000
vertex -16.292418 -1.346123 5.530000
vertex -15.998183 -1.287596 5.400000
endloop
endfacet
facet normal 0.393703 0.0584005 0.917381
outer loop
vertex -16.391775 -0.676318 5.530000
vertex -15.998183 -1.287596 5.400000
vertex -16.093220 -0.646913 5.400000
endloop
endfacet
facet normal 0.386084 0.0967088 0.91738
outer loop
vertex -16.292418 -1.346123 5.530000
vertex -16.127888 -2.002964 5.530000
vertex -15.840806 -1.915879 5.400000
endloop
endfacet
facet normal 0.386085 0.0967095 0.91738
outer loop
vertex -16.292418 -1.346123 5.530000
vertex -15.840806 -1.915879 5.400000
vertex -15.998183 -1.287596 5.400000
endloop
endfacet
facet normal 0.374746 0.134086 0.91738
outer loop
vertex -16.127888 -2.002964 5.530000
vertex -15.899769 -2.640516 5.530000
vertex -15.622605 -2.525711 5.400000
endloop
endfacet
facet normal 0.374746 0.134086 0.91738
outer loop
vertex -16.127888 -2.002964 5.530000
vertex -15.622605 -2.525711 5.400000
vertex -15.840806 -1.915879 5.400000
endloop
endfacet
facet normal 0.359798 0.170171 0.917381
outer loop
vertex -15.899769 -2.640516 5.530000
vertex -15.610257 -3.252637 5.530000
vertex -15.345680 -3.111218 5.400000
endloop
endfacet
facet normal 0.359798 0.170172 0.91738
outer loop
vertex -15.899769 -2.640516 5.530000
vertex -15.345680 -3.111218 5.400000
vertex -15.622605 -2.525711 5.400000
endloop
endfacet
facet normal 0.341385 0.204619 0.917381
outer loop
vertex -15.610257 -3.252637 5.530000
vertex -15.262140 -3.833435 5.530000
vertex -15.012699 -3.666764 5.400000
endloop
endfacet
facet normal 0.341385 0.204619 0.917381
outer loop
vertex -15.610257 -3.252637 5.530000
vertex -15.012699 -3.666764 5.400000
vertex -15.345680 -3.111218 5.400000
endloop
endfacet
facet normal 0.319686 0.237095 0.917381
outer loop
vertex -15.262140 -3.833435 5.530000
vertex -14.858772 -4.377314 5.530000
vertex -14.626869 -4.186996 5.400000
endloop
endfacet
facet normal 0.319686 0.237095 0.917381
outer loop
vertex -15.262140 -3.833435 5.530000
vertex -14.626869 -4.186996 5.400000
vertex -15.012699 -3.666764 5.400000
endloop
endfacet
facet normal 0.294907 0.267288 0.91738
outer loop
vertex -14.858772 -4.377314 5.530000
vertex -14.404037 -4.879037 5.530000
vertex -14.191905 -4.666905 5.400000
endloop
endfacet
facet normal 0.294907 0.267288 0.917381
outer loop
vertex -14.858772 -4.377314 5.530000
vertex -14.191905 -4.666905 5.400000
vertex -14.626869 -4.186996 5.400000
endloop
endfacet
facet normal 0.267288 0.294907 0.91738
outer loop
vertex -14.404037 -4.879037 5.530000
vertex -13.902313 -5.333772 5.530000
vertex -13.711996 -5.101869 5.400000
endloop
endfacet
facet normal 0.267288 0.294907 0.91738
outer loop
vertex -14.404037 -4.879037 5.530000
vertex -13.711996 -5.101869 5.400000
vertex -14.191905 -4.666905 5.400000
endloop
endfacet
facet normal 0.237095 0.319686 0.91738
outer loop
vertex -13.902313 -5.333772 5.530000
vertex -13.358435 -5.737140 5.530000
vertex -13.191764 -5.487700 5.400000
endloop
endfacet
facet normal 0.237095 0.319686 0.91738
outer loop
vertex -13.902313 -5.333772 5.530000
vertex -13.191764 -5.487700 5.400000
vertex -13.711996 -5.101869 5.400000
endloop
endfacet
facet normal 0.204619 0.341385 0.917381
outer loop
vertex -13.358435 -5.737140 5.530000
vertex -12.777637 -6.085257 5.530000
vertex -12.636218 -5.820680 5.400000
endloop
endfacet
facet normal 0.204619 0.341386 0.91738
outer loop
vertex -13.358435 -5.737140 5.530000
vertex -12.636218 -5.820680 5.400000
vertex -13.191764 -5.487700 5.400000
endloop
endfacet
facet normal 0.170172 0.359798 0.917381
outer loop
vertex -12.777637 -6.085257 5.530000
vertex -12.165516 -6.374769 5.530000
vertex -12.050711 -6.097605 5.400000
endloop
endfacet
facet normal 0.170172 0.359798 0.917381
outer loop
vertex -12.777637 -6.085257 5.530000
vertex -12.050711 -6.097605 5.400000
vertex -12.636218 -5.820680 5.400000
endloop
endfacet
facet normal 0.134086 0.374745 0.91738
outer loop
vertex -12.165516 -6.374769 5.530000
vertex -11.527965 -6.602888 5.530000
vertex -11.440879 -6.315806 5.400000
endloop
endfacet
facet normal 0.134086 0.374745 0.917381
outer loop
vertex -12.165516 -6.374769 5.530000
vertex -11.440879 -6.315806 5.400000
vertex -12.050711 -6.097605 5.400000
endloop
endfacet
facet normal 0.0967089 0.386083 0.917381
outer loop
vertex -11.527965 -6.602888 5.530000
vertex -10.871123 -6.767418 5.530000
vertex -10.812596 -6.473183 5.400000
endloop
endfacet
facet normal 0.0967088 0.386084 0.91738
outer loop
vertex -11.527965 -6.602888 5.530000
vertex -10.812596 -6.473183 5.400000
vertex -11.440879 -6.315806 5.400000
endloop
endfacet
facet normal 0.0584004 0.393703 0.917381
outer loop
vertex -10.871123 -6.767418 5.530000
vertex -10.201319 -6.866775 5.530000
vertex -10.171913 -6.568219 5.400000
endloop
endfacet
facet normal 0.0584005 0.393703 0.917381
outer loop
vertex -10.871123 -6.767418 5.530000
vertex -10.171913 -6.568219 5.400000
vertex -10.812596 -6.473183 5.400000
endloop
endfacet
facet normal 0.0195295 0.397532 0.917381
outer loop
vertex -10.201319 -6.866775 5.530000
vertex -9.525000 -6.900000 5.530000
vertex -9.525000 -6.600000 5.400000
endloop
endfacet
facet normal 0.0195294 0.397532 0.91738
outer loop
vertex -10.201319 -6.866775 5.530000
vertex -9.525000 -6.600000 5.400000
vertex -10.171913 -6.568219 5.400000
endloop
endfacet
facet normal -0 0.397608 0.917556
outer loop
vertex -9.525000 -6.900000 5.530000
vertex 9.525000 -6.900000 5.530000
vertex 9.525000 -6.600000 5.400000
endloop
endfacet
facet normal 0 0.397608 0.917556
outer loop
vertex -9.525000 -6.900000 5.530000
vertex 9.525000 -6.600000 5.400000
vertex -9.525000 -6.600000 5.400000
endloop
endfacet
facet normal -0.0195296 0.397532 0.917381
outer loop
vertex 9.525000 -6.900000 5.530000
vertex 10.201319 -6.866775 5.530000
vertex 10.171913 -6.568219 5.400000
endloop
endfacet
facet normal -0.0195294 0.397532 0.917381
outer loop
vertex 9.525000 -6.900000 5.530000
vertex 10.171913 -6.568219 5.400000
vertex 9.525000 -6.600000 5.400000
endloop
endfacet
facet normal -0.0584004 0.393703 0.917381
outer loop
vertex 10.201319 -6.866775 5.530000
vertex 10.871123 -6.767418 5.530000
vertex 10.812596 -6.473183 5.400000
endloop
endfacet
facet normal -0.0584005 0.393703 0.917381
outer loop
vertex 10.201319 -6.866775 5.530000
vertex 10.812596 -6.473183 5.400000
vertex 10.171913 -6.568219 5.400000
endloop
endfacet
facet normal -0.096709 0.386084 0.91738
outer loop
vertex 10.871123 -6.767418 5.530000
vertex 11.527965 -6.602888 5.530000
vertex 11.440879 -6.315806 5.400000
endloop
endfacet
facet normal -0.0967086 0.386083 0.917381
outer loop
vertex 10.871123 -6.767418 5.530000
vertex 11.440879 -6.315806 5.400000
vertex 10.812596 -6.473183 5.400000
endloop
endfacet
facet normal -0.134086 0.374745 0.917381
outer loop
vertex 11.527965 -6.602888 5.530000
vertex 12.165516 -6.374769 5.530000
vertex 12.050711 -6.097605 5.400000
endloop
endfacet
facet normal -0.134086 0.374745 0.91738
outer loop
vertex 11.527965 -6.602888 5.530000
vertex 12.050711 -6.097605 5.400000
vertex 11.440879 -6.315806 5.400000
endloop
endfacet
facet normal -0.170172 0.359798 0.917381
outer loop
vertex 12.165516 -6.374769 5.530000
vertex 12.777637 -6.085257 5.530000
vertex 12.636218 -5.820680 5.400000
endloop
endfacet
facet normal -0.170172 0.359798 0.917381
outer loop
vertex 12.165516 -6.374769 5.530000
vertex 12.636218 -5.820680 5.400000
vertex 12.050711 -6.097605 5.400000
endloop
endfacet
facet normal -0.204619 0.341386 0.91738
outer loop
vertex 12.777637 -6.085257 5.530000
vertex 13.358435 -5.737140 5.530000
vertex 13.191764 -5.487700 5.400000
endloop
endfacet
facet normal -0.204618 0.341386 0.917381
outer loop
vertex 12.777637 -6.085257 5.530000
vertex 13.191764 -5.487700 5.400000
vertex 12.636218 -5.820680 5.400000
endloop
endfacet
facet normal -0.237095 0.319686 0.91738
outer loop
vertex 13.358435 -5.737140 5.530000
vertex 13.902313 -5.333772 5.530000
vertex 13.711996 -5.101869 5.400000
endloop
endfacet
facet normal -0.237095 0.319686 0.91738
outer loop
vertex 13.358435 -5.737140 5.530000
vertex 13.711996 -5.101869 5.400000
vertex 13.191764 -5.487700 5.400000
endloop
endfacet
facet normal -0.267288 0.294907 0.91738
outer loop
vertex 13.902313 -5.333772 5.530000
vertex 14.404037 -4.879037 5.530000
vertex 14.191905 -4.666905 5.400000
endloop
endfacet
facet normal -0.267289 0.294907 0.91738
outer loop
vertex 13.902313 -5.333772 5.530000
vertex 14.191905 -4.666905 5.400000
vertex 13.711996 -5.101869 5.400000
endloop
endfacet
facet normal -0.294907 0.267288 0.917381
outer loop
vertex 14.404037 -4.879037 5.530000
vertex 14.858772 -4.377314 5.530000
vertex 14.626869 -4.186996 5.400000
endloop
endfacet
facet normal -0.294907 0.267288 0.91738
outer loop
vertex 14.404037 -4.879037 5.530000
vertex 14.626869 -4.186996 5.400000
vertex 14.191905 -4.666905 5.400000
endloop
endfacet
facet normal -0.319686 0.237095 0.917381
outer loop
vertex 14.858772 -4.377314 5.530000
vertex 15.262140 -3.833435 5.530000
vertex 15.012699 -3.666764 5.400000
endloop
endfacet
facet normal -0.319686 0.237095 0.917381
outer loop
vertex 14.858772 -4.377314 5.530000
vertex 15.012699 -3.666764 5.400000
vertex 14.626869 -4.186996 5.400000
endloop
endfacet
facet normal -0.341385 0.204619 0.917381
outer loop
vertex 15.262140 -3.833435 5.530000
vertex 15.610257 -3.252637 5.530000
vertex 15.345680 -3.111218 5.400000
endloop
endfacet
facet normal -0.341385 0.204619 0.917381
outer loop
vertex 15.262140 -3.833435 5.530000
vertex 15.345680 -3.111218 5.400000
vertex 15.012699 -3.666764 5.400000
endloop
endfacet
facet normal -0.359798 0.170172 0.91738
outer loop
vertex 15.610257 -3.252637 5.530000
vertex 15.899769 -2.640516 5.530000
vertex 15.622605 -2.525711 5.400000
endloop
endfacet
facet normal -0.359797 0.170172 0.917381
outer loop
vertex 15.610257 -3.252637 5.530000
vertex 15.622605 -2.525711 5.400000
vertex 15.345680 -3.111218 5.400000
endloop
endfacet
facet normal -0.374746 0.134086 0.91738
outer loop
vertex 15.899769 -2.640516 5.530000
vertex 16.127888 -2.002964 5.530000
vertex 15.840806 -1.915879 5.400000
endloop
endfacet
facet normal -0.374746 0.134086 0.91738
outer loop
vertex 15.899769 -2.640516 5.530000
vertex 15.840806 -1.915879 5.400000
vertex 15.622605 -2.525711 5.400000
endloop
endfacet
facet normal -0.386085 0.096709 0.91738
outer loop
vertex 16.127888 -2.002964 5.530000
vertex 16.292418 -1.346123 5.530000
vertex 15.998183 -1.287596 5.400000
endloop
endfacet
facet normal -0.386084 0.0967093 0.91738
outer loop
vertex 16.127888 -2.002964 5.530000
vertex 15.998183 -1.287596 5.400000
vertex 15.840806 -1.915879 5.400000
endloop
endfacet
facet normal -0.393703 0.0584012 0.91738
outer loop
vertex 16.292418 -1.346123 5.530000
vertex 16.391775 -0.676318 5.530000
vertex 16.093220 -0.646913 5.400000
endloop
endfacet
facet normal -0.393705 0.0584007 0.91738
outer loop
vertex 16.292418 -1.346123 5.530000
vertex 16.093220 -0.646913 5.400000
vertex 15.998183 -1.287596 5.400000
endloop
endfacet
facet normal -0.397533 0.0195288 0.91738
outer loop
vertex 16.391775 -0.676318 5.530000
vertex 16.424999 -0.000000 5.530000
vertex 16.125000 -0.000000 5.400000
endloop
endfacet
facet normal -0.397532 0.0195291 0.91738
outer loop
vertex 16.391775 -0.676318 5.530000
vertex 16.125000 -0.000000 5.400000
vertex 16.093220 -0.646913 5.400000
endloop
endfacet
facet normal -0.454365 -0.0223211 0.890536
outer loop
vertex 16.125000 -0.000000 5.400000
vertex 16.093220 0.646913 5.400000
vertex 15.595627 0.597905 5.144892
endloop
endfacet
facet normal -0.454365 -0.0223216 0.890536
outer loop
vertex 16.125000 -0.000000 5.400000
vertex 15.595627 0.597905 5.144892
vertex 15.625000 -0.000000 5.144892
endloop
endfacet
facet normal -0.44999 -0.0667498 0.890536
outer loop
vertex 16.093220 0.646913 5.400000
vertex 15.998183 1.287596 5.400000
vertex 15.507791 1.190051 5.144892
endloop
endfacet
facet normal -0.449989 -0.0667493 0.890536
outer loop
vertex 16.093220 0.646913 5.400000
vertex 15.507791 1.190051 5.144892
vertex 15.595627 0.597905 5.144892
endloop
endfacet
facet normal -0.44128 -0.110535 0.890536
outer loop
vertex 15.998183 1.287596 5.400000
vertex 15.840806 1.915879 5.400000
vertex 15.362336 1.770737 5.144892
endloop
endfacet
facet normal -0.44128 -0.110535 0.890536
outer loop
vertex 15.998183 1.287596 5.400000
vertex 15.362336 1.770737 5.144892
vertex 15.507791 1.190051 5.144892
endloop
endfacet
facet normal -0.428321 -0.153255 0.890536
outer loop
vertex 15.840806 1.915879 5.400000
vertex 15.622605 2.525711 5.400000
vertex 15.160666 2.334369 5.144892
endloop
endfacet
facet normal -0.428321 -0.153256 0.890536
outer loop
vertex 15.840806 1.915879 5.400000
vertex 15.160666 2.334369 5.144892
vertex 15.362336 1.770737 5.144892
endloop
endfacet
facet normal -0.411236 -0.194501 0.890536
outer loop
vertex 15.622605 2.525711 5.400000
vertex 15.345680 3.111218 5.400000
vertex 14.904719 2.875520 5.144892
endloop
endfacet
facet normal -0.411237 -0.194501 0.890536
outer loop
vertex 15.622605 2.525711 5.400000
vertex 14.904719 2.875520 5.144892
vertex 15.160666 2.334369 5.144892
endloop
endfacet
facet normal -0.390192 -0.233872 0.890536
outer loop
vertex 15.345680 3.111218 5.400000
vertex 15.012699 3.666764 5.400000
vertex 14.596965 3.388978 5.144892
endloop
endfacet
facet normal -0.390192 -0.233872 0.890536
outer loop
vertex 15.345680 3.111218 5.400000
vertex 14.596965 3.388978 5.144892
vertex 14.904719 2.875520 5.144892
endloop
endfacet
facet normal -0.36539 -0.270991 0.890536
outer loop
vertex 15.012699 3.666764 5.400000
vertex 14.626869 4.186996 5.400000
vertex 14.240364 3.869799 5.144892
endloop
endfacet
facet normal -0.36539 -0.270992 0.890536
outer loop
vertex 15.012699 3.666764 5.400000
vertex 14.240364 3.869799 5.144892
vertex 14.596965 3.388978 5.144892
endloop
endfacet
facet normal -0.337068 -0.305501 0.890536
outer loop
vertex 14.626869 4.186996 5.400000
vertex 14.191905 4.666905 5.400000
vertex 13.838351 4.313351 5.144892
endloop
endfacet
facet normal -0.337068 -0.305502 0.890536
outer loop
vertex 14.626869 4.186996 5.400000
vertex 13.838351 4.313351 5.144892
vertex 14.240364 3.869799 5.144892
endloop
endfacet
facet normal -0.305501 -0.337068 0.890536
outer loop
vertex 14.191905 4.666905 5.400000
vertex 13.711996 5.101869 5.400000
vertex 13.394799 4.715364 5.144892
endloop
endfacet
facet normal -0.305501 -0.337068 0.890536
outer loop
vertex 14.191905 4.666905 5.400000
vertex 13.394799 4.715364 5.144892
vertex 13.838351 4.313351 5.144892
endloop
endfacet
facet normal -0.270991 -0.36539 0.890536
outer loop
vertex 13.711996 5.101869 5.400000
vertex 13.191764 5.487700 5.400000
vertex 12.913979 5.071965 5.144892
endloop
endfacet
facet normal -0.270991 -0.36539 0.890536
outer loop
vertex 13.711996 5.101869 5.400000
vertex 12.913979 5.071965 5.144892
vertex 13.394799 4.715364 5.144892
endloop
endfacet
facet normal -0.233872 -0.390193 0.890536
outer loop
vertex 13.191764 5.487700 5.400000
vertex 12.636218 5.820680 5.400000
vertex 12.400520 5.379720 5.144892
endloop
endfacet
facet normal -0.233872 -0.390192 0.890536
outer loop
vertex 13.191764 5.487700 5.400000
vertex 12.400520 5.379720 5.144892
vertex 12.913979 5.071965 5.144892
endloop
endfacet
facet normal -0.194501 -0.411237 0.890536
outer loop
vertex 12.636218 5.820680 5.400000
vertex 12.050711 6.097605 5.400000
vertex 11.859369 5.635665 5.144892
endloop
endfacet
facet normal -0.194501 -0.411237 0.890536
outer loop
vertex 12.636218 5.820680 5.400000
vertex 11.859369 5.635665 5.144892
vertex 12.400520 5.379720 5.144892
endloop
endfacet
facet normal -0.153256 -0.428321 0.890536
outer loop
vertex 12.050711 6.097605 5.400000
vertex 11.440879 6.315806 5.400000
vertex 11.295736 5.837336 5.144892
endloop
endfacet
facet normal -0.153256 -0.428321 0.890536
outer loop
vertex 12.050711 6.097605 5.400000
vertex 11.295736 5.837336 5.144892
vertex 11.859369 5.635665 5.144892
endloop
endfacet
facet normal -0.110535 -0.44128 0.890536
outer loop
vertex 11.440879 6.315806 5.400000
vertex 10.812596 6.473183 5.400000
vertex 10.715051 5.982790 5.144892
endloop
endfacet
facet normal -0.110535 -0.44128 0.890536
outer loop
vertex 11.440879 6.315806 5.400000
vertex 10.715051 5.982790 5.144892
vertex 11.295736 5.837336 5.144892
endloop
endfacet
facet normal -0.0667497 -0.449989 0.890536
outer loop
vertex 10.812596 6.473183 5.400000
vertex 10.171913 6.568219 5.400000
vertex 10.122905 6.070627 5.144892
endloop
endfacet
facet normal -0.0667498 -0.449989 0.890536
outer loop
vertex 10.812596 6.473183 5.400000
vertex 10.122905 6.070627 5.144892
vertex 10.715051 5.982790 5.144892
endloop
endfacet
facet normal -0.0223215 -0.454365 0.890536
outer loop
vertex 10.171913 6.568219 5.400000
vertex 9.525000 6.600000 5.400000
vertex 9.525000 6.100000 5.144892
endloop
endfacet
facet normal -0.0223215 -0.454365 0.890536
outer loop
vertex 10.171913 6.568219 5.400000
vertex 9.525000 6.100000 5.144892
vertex 10.122905 6.070627 5.144892
endloop
endfacet
facet normal 0 -0.454479 0.890758
outer loop
vertex 9.525000 6.600000 5.400000
vertex -9.525000 6.600000 5.400000
vertex -9.525000 6.100000 5.144892
endloop
endfacet
facet normal 0 -0.454479 0.890758
outer loop
vertex 9.525000 6.600000 5.400000
vertex -9.525000 6.100000 5.144892
vertex 9.525000 6.100000 5.144892
endloop
endfacet
facet normal 0.0223215 -0.454365 0.890536
outer loop
vertex -9.525000 6.600000 5.400000
vertex -10.171913 6.568219 5.400000
vertex -10.122905 6.070627 5.144892
endloop
endfacet
facet normal 0.0223215 -0.454365 0.890536
outer loop
vertex -9.525000 6.600000 5.400000
vertex -10.122905 6.070627 5.144892
vertex -9.525000 6.100000 5.144892
endloop
endfacet
facet normal 0.0667497 -0.449989 0.890536
outer loop
vertex -10.171913 6.568219 5.400000
vertex -10.812596 6.473183 5.400000
vertex -10.715051 5.982790 5.144892
endloop
endfacet
facet normal 0.0667498 -0.449989 0.890536
outer loop
vertex -10.171913 6.568219 5.400000
vertex -10.715051 5.982790 5.144892
vertex -10.122905 6.070627 5.144892
endloop
endfacet
facet normal 0.110535 -0.44128 0.890536
outer loop
vertex -10.812596 6.473183 5.400000
vertex -11.440879 6.315806 5.400000
vertex -11.295736 5.837336 5.144892
endloop
endfacet
facet normal 0.110535 -0.44128 0.890536
outer loop
vertex -10.812596 6.473183 5.400000
vertex -11.295736 5.837336 5.144892
vertex -10.715051 5.982790 5.144892
endloop
endfacet
facet normal 0.153256 -0.428321 0.890536
outer loop
vertex -11.440879 6.315806 5.400000
vertex -12.050711 6.097605 5.400000
vertex -11.859369 5.635665 5.144892
endloop
endfacet
facet normal 0.153256 -0.428321 0.890536
outer loop
vertex -11.440879 6.315806 5.400000
vertex -11.859369 5.635665 5.144892
vertex -11.295736 5.837336 5.144892
endloop
endfacet
facet normal 0.194501 -0.411237 0.890536
outer loop
vertex -12.050711 6.097605 5.400000
vertex -12.636218 5.820680 5.400000
vertex -12.400520 5.379720 5.144892
endloop
endfacet
facet normal 0.1945 -0.411237 0.890536
outer loop
vertex -12.050711 6.097605 5.400000
vertex -12.400520 5.379720 5.144892
vertex -11.859369 5.635665 5.144892
endloop
endfacet
facet normal 0.233872 -0.390192 0.890536
outer loop
vertex -12.636218 5.820680 5.400000
vertex -13.191764 5.487700 5.400000
vertex -12.913979 5.071965 5.144892
endloop
endfacet
facet normal 0.233872 -0.390193 0.890535
outer loop
vertex -12.636218 5.820680 5.400000
vertex -12.913979 5.071965 5.144892
vertex -12.400520 5.379720 5.144892
endloop
endfacet
facet normal 0.270991 -0.36539 0.890536
outer loop
vertex -13.191764 5.487700 5.400000
vertex -13.711996 5.101869 5.400000
vertex -13.394799 4.715364 5.144892
endloop
endfacet
facet normal 0.270991 -0.36539 0.890536
outer loop
vertex -13.191764 5.487700 5.400000
vertex -13.394799 4.715364 5.144892
vertex -12.913979 5.071965 5.144892
endloop
endfacet
facet normal 0.305501 -0.337068 0.890536
outer loop
vertex -13.711996 5.101869 5.400000
vertex -14.191905 4.666905 5.400000
vertex -13.838351 4.313351 5.144892
endloop
endfacet
facet normal 0.305501 -0.337068 0.890536
outer loop
vertex -13.711996 5.101869 5.400000
vertex -13.838351 4.313351 5.144892
vertex -13.394799 4.715364 5.144892
endloop
endfacet
facet normal 0.337069 -0.305501 0.890536
outer loop
vertex -14.191905 4.666905 5.400000
vertex -14.626869 4.186996 5.400000
vertex -14.240364 3.869799 5.144892
endloop
endfacet
facet normal 0.337068 -0.305501 0.890536
outer loop
vertex -14.191905 4.666905 5.400000
vertex -14.240364 3.869799 5.144892
vertex -13.838351 4.313351 5.144892
endloop
endfacet
facet normal 0.36539 -0.270992 0.890536
outer loop
vertex -14.626869 4.186996 5.400000
vertex -15.012699 3.666764 5.400000
vertex -14.596965 3.388978 5.144892
endloop
endfacet
facet normal 0.36539 -0.270992 0.890536
outer loop
vertex -14.626869 4.186996 5.400000
vertex -14.596965 3.388978 5.144892
vertex -14.240364 3.869799 5.144892
endloop
endfacet
facet normal 0.390192 -0.233872 0.890536
outer loop
vertex -15.012699 3.666764 5.400000
vertex -15.345680 3.111218 5.400000
vertex -14.904719 2.875520 5.144892
endloop
endfacet
facet normal 0.390193 -0.233872 0.890536
outer loop
vertex -15.012699 3.666764 5.400000
vertex -14.904719 2.875520 5.144892
vertex -14.596965 3.388978 5.144892
endloop
endfacet
facet normal 0.411237 -0.194501 0.890536
outer loop
vertex -15.345680 3.111218 5.400000
vertex -15.622605 2.525711 5.400000
vertex -15.160666 2.334369 5.144892
endloop
endfacet
facet normal 0.411236 -0.194501 0.890536
outer loop
vertex -15.345680 3.111218 5.400000
vertex -15.160666 2.334369 5.144892
vertex -14.904719 2.875520 5.144892
endloop
endfacet
facet normal 0.428321 -0.153255 0.890536
outer loop
vertex -15.622605 2.525711 5.400000
vertex -15.840806 1.915879 5.400000
vertex -15.362336 1.770737 5.144892
endloop
endfacet
facet normal 0.428321 -0.153256 0.890536
outer loop
vertex -15.622605 2.525711 5.400000
vertex -15.362336 1.770737 5.144892
vertex -15.160666 2.334369 5.144892
endloop
endfacet
facet normal 0.44128 -0.110535 0.890536
outer loop
vertex -15.840806 1.915879 5.400000
vertex -15.998183 1.287596 5.400000
vertex -15.507791 1.190051 5.144892
endloop
endfacet
facet normal 0.44128 -0.110535 0.890536
outer loop
vertex -15.840806 1.915879 5.400000
vertex -15.507791 1.190051 5.144892
vertex -15.362336 1.770737 5.144892
endloop
endfacet
facet normal 0.449989 -0.0667497 0.890536
outer loop
vertex -15.998183 1.287596 5.400000
vertex -16.093220 0.646913 5.400000
vertex -15.595627 0.597905 5.144892
endloop
endfacet
facet normal 0.44999 -0.0667494 0.890536
outer loop
vertex -15.998183 1.287596 5.400000
vertex -15.595627 0.597905 5.144892
vertex -15.507791 1.190051 5.144892
endloop
endfacet
facet normal 0.454365 -0.0223211 0.890536
outer loop
vertex -16.093220 0.646913 5.400000
vertex -16.125000 0.000000 5.400000
vertex -15.625000 0.000000 5.144892
endloop
endfacet
facet normal 0.454365 -0.0223215 0.890536
outer loop
vertex -16.093220 0.646913 5.400000
vertex -15.625000 0.000000 5.144892
vertex -15.595627 0.597905 5.144892
endloop
endfacet
facet normal 0.454365 0.0223211 0.890536
outer loop
vertex -16.125000 0.000000 5.400000
vertex -16.093220 -0.646913 5.400000
vertex -15.595627 -0.597905 5.144892
endloop
endfacet
facet normal 0.454365 0.0223216 0.890536
outer loop
vertex -16.125000 0.000000 5.400000
vertex -15.595627 -0.597905 5.144892
vertex -15.625000 0.000000 5.144892
endloop
endfacet
facet normal 0.44999 0.0667498 0.890536
outer loop
vertex -16.093220 -0.646913 5.400000
vertex -15.998183 -1.287596 5.400000
vertex -15.507791 -1.190051 5.144892
endloop
endfacet
facet normal 0.449989 0.0667493 0.890536
outer loop
vertex -16.093220 -0.646913 5.400000
vertex -15.507791 -1.190051 5.144892
vertex -15.595627 -0.597905 5.144892
endloop
endfacet
facet normal 0.44128 0.110535 0.890536
outer loop
vertex -15.998183 -1.287596 5.400000
vertex -15.840806 -1.915879 5.400000
vertex -15.362336 -1.770737 5.144892
endloop
endfacet
facet normal 0.44128 0.110535 0.890536
outer loop
vertex -15.998183 -1.287596 5.400000
vertex -15.362336 -1.770737 5.144892
vertex -15.507791 -1.190051 5.144892
endloop
endfacet
facet normal 0.428321 0.153255 0.890536
outer loop
vertex -15.840806 -1.915879 5.400000
vertex -15.622605 -2.525711 5.400000
vertex -15.160666 -2.334369 5.144892
endloop
endfacet
facet normal 0.428321 0.153256 0.890536
outer loop
vertex -15.840806 -1.915879 5.400000
vertex -15.160666 -2.334369 5.144892
vertex -15.362336 -1.770737 5.144892
endloop
endfacet
facet normal 0.411236 0.194501 0.890536
outer loop
vertex -15.622605 -2.525711 5.400000
vertex -15.345680 -3.111218 5.400000
vertex -14.904719 -2.875520 5.144892
endloop
endfacet
facet normal 0.411237 0.194501 0.890536
outer loop
vertex -15.622605 -2.525711 5.400000
vertex -14.904719 -2.875520 5.144892
vertex -15.160666 -2.334369 5.144892
endloop
endfacet
facet normal 0.390192 0.233872 0.890536
outer loop
vertex -15.345680 -3.111218 5.400000
vertex -15.012699 -3.666764 5.400000
vertex -14.596965 -3.388978 5.144892
endloop
endfacet
facet normal 0.390192 0.233872 0.890536
outer loop
vertex -15.345680 -3.111218 5.400000
vertex -14.596965 -3.388978 5.144892
vertex -14.904719 -2.875520 5.144892
endloop
endfacet
facet normal 0.36539 0.270991 0.890536
outer loop
vertex -15.012699 -3.666764 5.400000
vertex -14.626869 -4.186996 5.400000
vertex -14.240364 -3.869799 5.144892
endloop
endfacet
facet normal 0.36539 0.270992 0.890536
outer loop
vertex -15.012699 -3.666764 5.400000
vertex -14.240364 -3.869799 5.144892
vertex -14.596965 -3.388978 5.144892
endloop
endfacet
facet normal 0.337068 0.305501 0.890536
outer loop
vertex -14.626869 -4.186996 5.400000
vertex -14.191905 -4.666905 5.400000
vertex -13.838351 -4.313351 5.144892
endloop
endfacet
facet normal 0.337068 0.305502 0.890536
outer loop
vertex -14.626869 -4.186996 5.400000
vertex -13.838351 -4.313351 5.144892
vertex -14.240364 -3.869799 5.144892
endloop
endfacet
facet normal 0.305501 0.337068 0.890536
outer loop
vertex -14.191905 -4.666905 5.400000
vertex -13.711996 -5.101869 5.400000
vertex -13.394799 -4.715364 5.144892
endloop
endfacet
facet normal 0.305501 0.337068 0.890536
outer loop
vertex -14.191905 -4.666905 5.400000
vertex -13.394799 -4.715364 5.144892
vertex -13.838351 -4.313351 5.144892
endloop
endfacet
facet normal 0.270991 0.36539 0.890536
outer loop
vertex -13.711996 -5.101869 5.400000
vertex -13.191764 -5.487700 5.400000
vertex -12.913979 -5.071965 5.144892
endloop
endfacet
facet normal 0.270991 0.36539 0.890536
outer loop
vertex -13.711996 -5.101869 5.400000
vertex -12.913979 -5.071965 5.144892
vertex -13.394799 -4.715364 5.144892
endloop
endfacet
facet normal 0.233872 0.390193 0.890536
outer loop
vertex -13.191764 -5.487700 5.400000
vertex -12.636218 -5.820680 5.400000
vertex -12.400520 -5.379720 5.144892
endloop
endfacet
facet normal 0.233872 0.390192 0.890536
outer loop
vertex -13.191764 -5.487700 5.400000
vertex -12.400520 -5.379720 5.144892
vertex -12.913979 -5.071965 5.144892
endloop
endfacet
facet normal 0.194501 0.411237 0.890536
outer loop
vertex -12.636218 -5.820680 5.400000
vertex -12.050711 -6.097605 5.400000
vertex -11.859369 -5.635665 5.144892
endloop
endfacet
facet normal 0.194501 0.411237 0.890536
outer loop
vertex -12.636218 -5.820680 5.400000
vertex -11.859369 -5.635665 5.144892
vertex -12.400520 -5.379720 5.144892
endloop
endfacet
facet normal 0.153256 0.428321 0.890536
outer loop
vertex -12.050711 -6.097605 5.400000
vertex -11.440879 -6.315806 5.400000
vertex -11.295736 -5.837336 5.144892
endloop
endfacet
facet normal 0.153256 0.428321 0.890536
outer loop
vertex -12.050711 -6.097605 5.400000
vertex -11.295736 -5.837336 5.144892
vertex -11.859369 -5.635665 5.144892
endloop
endfacet
facet normal 0.110535 0.44128 0.890536
outer loop
vertex -11.440879 -6.315806 5.400000
vertex -10.812596 -6.473183 5.400000
vertex -10.715051 -5.982790 5.144892
endloop
endfacet
facet normal 0.110535 0.44128 0.890536
outer loop
vertex -11.440879 -6.315806 5.400000
vertex -10.715051 -5.982790 5.144892
vertex -11.295736 -5.837336 5.144892
endloop
endfacet
facet normal 0.0667497 0.449989 0.890536
outer loop
vertex -10.812596 -6.473183 5.400000
vertex -10.171913 -6.568219 5.400000
vertex -10.122905 -6.070627 5.144892
endloop
endfacet
facet normal 0.0667498 0.449989 0.890536
outer loop
vertex -10.812596 -6.473183 5.400000
vertex -10.122905 -6.070627 5.144892
vertex -10.715051 -5.982790 5.144892
endloop
endfacet
facet normal 0.0223215 0.454365 0.890536
outer loop
vertex -10.171913 -6.568219 5.400000
vertex -9.525000 -6.600000 5.400000
vertex -9.525000 -6.100000 5.144892
endloop
endfacet
facet normal 0.0223215 0.454365 0.890536
outer loop
vertex -10.171913 -6.568219 5.400000
vertex -9.525000 -6.100000 5.144892
vertex -10.122905 -6.070627 5.144892
endloop
endfacet
facet normal -0 0.454479 0.890758
outer loop
vertex -9.525000 -6.600000 5.400000
vertex 9.525000 -6.600000 5.400000
vertex 9.525000 -6.100000 5.144892
endloop
endfacet
facet normal 0 0.454479 0.890758
outer loop
vertex -9.525000 -6.600000 5.400000
vertex 9.525000 -6.100000 5.144892
vertex -9.525000 -6.100000 5.144892
endloop
endfacet
facet normal -0.0223215 0.454365 0.890536
outer loop
vertex 9.525000 -6.600000 5.400000
vertex 10.171913 -6.568219 5.400000
vertex 10.122905 -6.070627 5.144892
endloop
endfacet
facet normal -0.0223215 0.454365 0.890536
outer loop
vertex 9.525000 -6.600000 5.400000
vertex 10.122905 -6.070627 5.144892
vertex 9.525000 -6.100000 5.144892
endloop
endfacet
facet normal -0.0667497 0.449989 0.890536
outer loop
vertex 10.171913 -6.568219 5.400000
vertex 10.812596 -6.473183 5.400000
vertex 10.715051 -5.982790 5.144892
endloop
endfacet
facet normal -0.0667498 0.449989 0.890536
outer loop
vertex 10.171913 -6.568219 5.400000
vertex 10.715051 -5.982790 5.144892
vertex 10.122905 -6.070627 5.144892
endloop
endfacet
facet normal -0.110535 0.44128 0.890536
outer loop
vertex 10.812596 -6.473183 5.400000
vertex 11.440879 -6.315806 5.400000
vertex 11.295736 -5.837336 5.144892
endloop
endfacet
facet normal -0.110535 0.44128 0.890536
outer loop
vertex 10.812596 -6.473183 5.400000
vertex 11.295736 -5.837336 5.144892
vertex 10.715051 -5.982790 5.144892
endloop
endfacet
facet normal -0.153256 0.428321 0.890536
outer loop
vertex 11.440879 -6.315806 5.400000
vertex 12.050711 -6.097605 5.400000
vertex 11.859369 -5.635665 5.144892
endloop
endfacet
facet normal -0.153256 0.428321 0.890536
outer loop
vertex 11.440879 -6.315806 5.400000
vertex 11.859369 -5.635665 5.144892
vertex 11.295736 -5.837336 5.144892
endloop
endfacet
facet normal -0.194501 0.411237 0.890536
outer loop
vertex 12.050711 -6.097605 5.400000
vertex 12.636218 -5.820680 5.400000
vertex 12.400520 -5.379720 5.144892
endloop
endfacet
facet normal -0.1945 0.411237 0.890536
outer loop
vertex 12.050711 -6.097605 5.400000
vertex 12.400520 -5.379720 5.144892
vertex 11.859369 -5.635665 5.144892
endloop
endfacet
facet normal -0.233872 0.390192 0.890536
outer loop
vertex 12.636218 -5.820680 5.400000
vertex 13.191764 -5.487700 5.400000
vertex 12.913979 -5.071965 5.144892
endloop
endfacet
facet normal -0.233872 0.390193 0.890535
outer loop
vertex 12.636218 -5.820680 5.400000
vertex 12.913979 -5.071965 5.144892
vertex 12.400520 -5.379720 5.144892
endloop
endfacet
facet normal -0.270991 0.36539 0.890536
outer loop
vertex 13.191764 -5.487700 5.400000
vertex 13.711996 -5.101869 5.400000
vertex 13.394799 -4.715364 5.144892
endloop
endfacet
facet normal -0.270991 0.36539 0.890536
outer loop
vertex 13.191764 -5.487700 5.400000
vertex 13.394799 -4.715364 5.144892
vertex 12.913979 -5.071965 5.144892
endloop
endfacet
facet normal -0.305501 0.337068 0.890536
outer loop
vertex 13.711996 -5.101869 5.400000
vertex 14.191905 -4.666905 5.400000
vertex 13.838351 -4.313351 5.144892
endloop
endfacet
facet normal -0.305501 0.337068 0.890536
outer loop
vertex 13.711996 -5.101869 5.400000
vertex 13.838351 -4.313351 5.144892
vertex 13.394799 -4.715364 5.144892
endloop
endfacet
facet normal -0.337069 0.305501 0.890536
outer loop
vertex 14.191905 -4.666905 5.400000
vertex 14.626869 -4.186996 5.400000
vertex 14.240364 -3.869799 5.144892
endloop
endfacet
facet normal -0.337068 0.305501 0.890536
outer loop
vertex 14.191905 -4.666905 5.400000
vertex 14.240364 -3.869799 5.144892
vertex 13.838351 -4.313351 5.144892
endloop
endfacet
facet normal -0.36539 0.270992 0.890536
outer loop
vertex 14.626869 -4.186996 5.400000
vertex 15.012699 -3.666764 5.400000
vertex 14.596965 -3.388978 5.144892
endloop
endfacet
facet normal -0.36539 0.270992 0.890536
outer loop
vertex 14.626869 -4.186996 5.400000
vertex 14.596965 -3.388978 5.144892
vertex 14.240364 -3.869799 5.144892
endloop
endfacet
facet normal -0.390192 0.233872 0.890536
outer loop
vertex 15.012699 -3.666764 5.400000
vertex 15.345680 -3.111218 5.400000
vertex 14.904719 -2.875520 5.144892
endloop
endfacet
facet normal -0.390193 0.233872 0.890536
outer loop
vertex 15.012699 -3.666764 5.400000
vertex 14.904719 -2.875520 5.144892
vertex 14.596965 -3.388978 5.144892
endloop
endfacet
facet normal -0.411237 0.194501 0.890536
outer loop
vertex 15.345680 -3.111218 5.400000
vertex 15.622605 -2.525711 5.400000
vertex 15.160666 -2.334369 5.144892
endloop
endfacet
facet normal -0.411236 0.194501 0.890536
outer loop
vertex 15.345680 -3.111218 5.400000
vertex 15.160666 -2.334369 5.144892
vertex 14.904719 -2.875520 5.144892
endloop
endfacet
facet normal -0.428321 0.153255 0.890536
outer loop
vertex 15.622605 -2.525711 5.400000
vertex 15.840806 -1.915879 5.400000
vertex 15.362336 -1.770737 5.144892
endloop
endfacet
facet normal -0.428321 0.153256 0.890536
outer loop
vertex 15.622605 -2.525711 5.400000
vertex 15.362336 -1.770737 5.144892
vertex 15.160666 -2.334369 5.144892
endloop
endfacet
facet normal -0.44128 0.110535 0.890536
outer loop
vertex 15.840806 -1.915879 5.400000
vertex 15.998183 -1.287596 5.400000
vertex 15.507791 -1.190051 5.144892
endloop
endfacet
facet normal -0.44128 0.110535 0.890536
outer loop
vertex 15.840806 -1.915879 5.400000
vertex 15.507791 -1.190051 5.144892
vertex 15.362336 -1.770737 5.144892
endloop
endfacet
facet normal -0.449989 0.0667497 0.890536
outer loop
vertex 15.998183 -1.287596 5.400000
vertex 16.093220 -0.646913 5.400000
vertex 15.595627 -0.597905 5.144892
endloop
endfacet
facet normal -0.44999 0.0667494 0.890536
outer loop
vertex 15.998183 -1.287596 5.400000
vertex 15.595627 -0.597905 5.144892
vertex 15.507791 -1.190051 5.144892
endloop
endfacet
facet normal -0.454365 0.0223211 0.890536
outer loop
vertex 16.093220 -0.646913 5.400000
vertex 16.125000 -0.000000 5.400000
vertex 15.625000 -0.000000 5.144892
endloop
endfacet
facet normal -0.454365 0.0223215 0.890536
outer loop
vertex 16.093220 -0.646913 5.400000
vertex 15.625000 -0.000000 5.144892
vertex 15.595627 -0.597905 5.144892
endloop
endfacet
facet normal -0.414798 -0.0203777 0.909685
outer loop
vertex 15.625000 -0.000000 5.144892
vertex 15.595627 0.597905 5.144892
vertex 14.749720 0.514590 4.757309
endloop
endfacet
facet normal -0.414798 -0.0203775 0.909685
outer loop
vertex 15.625000 -0.000000 5.144892
vertex 14.749720 0.514590 4.757309
vertex 14.775000 0.000000 4.757309
endloop
endfacet
facet normal -0.410804 -0.0609367 0.909685
outer loop
vertex 15.595627 0.597905 5.144892
vertex 15.507791 1.190051 5.144892
vertex 14.674123 1.024224 4.757309
endloop
endfacet
facet normal -0.410804 -0.0609368 0.909685
outer loop
vertex 15.595627 0.597905 5.144892
vertex 14.674123 1.024224 4.757309
vertex 14.749720 0.514590 4.757309
endloop
endfacet
facet normal -0.402853 -0.10091 0.909685
outer loop
vertex 15.507791 1.190051 5.144892
vertex 15.362336 1.770737 5.144892
vertex 14.548937 1.523995 4.757309
endloop
endfacet
facet normal -0.402853 -0.100909 0.909685
outer loop
vertex 15.507791 1.190051 5.144892
vertex 14.548937 1.523995 4.757309
vertex 14.674123 1.024224 4.757309
endloop
endfacet
facet normal -0.391022 -0.13991 0.909685
outer loop
vertex 15.362336 1.770737 5.144892
vertex 15.160666 2.334369 5.144892
vertex 14.375367 2.009088 4.757309
endloop
endfacet
facet normal -0.391022 -0.13991 0.909685
outer loop
vertex 15.362336 1.770737 5.144892
vertex 14.375367 2.009088 4.757309
vertex 14.548937 1.523995 4.757309
endloop
endfacet
facet normal -0.375425 -0.177564 0.909685
outer loop
vertex 15.160666 2.334369 5.144892
vertex 14.904719 2.875520 5.144892
vertex 14.155087 2.474833 4.757309
endloop
endfacet
facet normal -0.375425 -0.177563 0.909685
outer loop
vertex 15.160666 2.334369 5.144892
vertex 14.155087 2.474833 4.757309
vertex 14.375367 2.009088 4.757309
endloop
endfacet
facet normal -0.356214 -0.213506 0.909685
outer loop
vertex 14.904719 2.875520 5.144892
vertex 14.596965 3.388978 5.144892
vertex 13.890216 2.916744 4.757309
endloop
endfacet
facet normal -0.356214 -0.213506 0.909685
outer loop
vertex 14.904719 2.875520 5.144892
vertex 13.890216 2.916744 4.757309
vertex 14.155087 2.474833 4.757309
endloop
endfacet
facet normal -0.333571 -0.247393 0.909685
outer loop
vertex 14.596965 3.388978 5.144892
vertex 14.240364 3.869799 5.144892
vertex 13.583304 3.330565 4.757309
endloop
endfacet
facet normal -0.333571 -0.247394 0.909685
outer loop
vertex 14.596965 3.388978 5.144892
vertex 13.583304 3.330565 4.757309
vertex 13.890216 2.916744 4.757309
endloop
endfacet
facet normal -0.307716 -0.278898 0.909685
outer loop
vertex 14.240364 3.869799 5.144892
vertex 13.838351 4.313351 5.144892
vertex 13.237310 3.712311 4.757309
endloop
endfacet
facet normal -0.307716 -0.278897 0.909685
outer loop
vertex 14.240364 3.869799 5.144892
vertex 13.237310 3.712311 4.757309
vertex 13.583304 3.330565 4.757309
endloop
endfacet
facet normal -0.278898 -0.307716 0.909685
outer loop
vertex 13.838351 4.313351 5.144892
vertex 13.394799 4.715364 5.144892
vertex 12.855565 4.058305 4.757309
endloop
endfacet
facet normal -0.278898 -0.307716 0.909685
outer loop
vertex 13.838351 4.313351 5.144892
vertex 12.855565 4.058305 4.757309
vertex 13.237310 3.712311 4.757309
endloop
endfacet
facet normal -0.247393 -0.333571 0.909685
outer loop
vertex 13.394799 4.715364 5.144892
vertex 12.913979 5.071965 5.144892
vertex 12.441744 4.365215 4.757309
endloop
endfacet
facet normal -0.247393 -0.333571 0.909685
outer loop
vertex 13.394799 4.715364 5.144892
vertex 12.441744 4.365215 4.757309
vertex 12.855565 4.058305 4.757309
endloop
endfacet
facet normal -0.213506 -0.356214 0.909685
outer loop
vertex 12.913979 5.071965 5.144892
vertex 12.400520 5.379720 5.144892
vertex 11.999833 4.630086 4.757309
endloop
endfacet
facet normal -0.213506 -0.356214 0.909685
outer loop
vertex 12.913979 5.071965 5.144892
vertex 11.999833 4.630086 4.757309
vertex 12.441744 4.365215 4.757309
endloop
endfacet
facet normal -0.177563 -0.375426 0.909685
outer loop
vertex 12.400520 5.379720 5.144892
vertex 11.859369 5.635665 5.144892
vertex 11.534088 4.850368 4.757309
endloop
endfacet
facet normal -0.177563 -0.375425 0.909685
outer loop
vertex 12.400520 5.379720 5.144892
vertex 11.534088 4.850368 4.757309
vertex 11.999833 4.630086 4.757309
endloop
endfacet
facet normal -0.13991 -0.391022 0.909685
outer loop
vertex 11.859369 5.635665 5.144892
vertex 11.295736 5.837336 5.144892
vertex 11.048995 5.023937 4.757309
endloop
endfacet
facet normal -0.13991 -0.391022 0.909685
outer loop
vertex 11.859369 5.635665 5.144892
vertex 11.048995 5.023937 4.757309
vertex 11.534088 4.850368 4.757309
endloop
endfacet
facet normal -0.100909 -0.402853 0.909685
outer loop
vertex 11.295736 5.837336 5.144892
vertex 10.715051 5.982790 5.144892
vertex 10.549224 5.149123 4.757309
endloop
endfacet
facet normal -0.100909 -0.402853 0.909685
outer loop
vertex 11.295736 5.837336 5.144892
vertex 10.549224 5.149123 4.757309
vertex 11.048995 5.023937 4.757309
endloop
endfacet
facet normal -0.0609371 -0.410804 0.909685
outer loop
vertex 10.715051 5.982790 5.144892
vertex 10.122905 6.070627 5.144892
vertex 10.039590 5.224720 4.757309
endloop
endfacet
facet normal -0.0609372 -0.410804 0.909685
outer loop
vertex 10.715051 5.982790 5.144892
vertex 10.039590 5.224720 4.757309
vertex 10.549224 5.149123 4.757309
endloop
endfacet
facet normal -0.0203777 -0.414799 0.909685
outer loop
vertex 10.122905 6.070627 5.144892
vertex 9.525000 6.100000 5.144892
vertex 9.525000 5.250000 4.757309
endloop
endfacet
facet normal -0.0203776 -0.414799 0.909685
outer loop
vertex 10.122905 6.070627 5.144892
vertex 9.525000 5.250000 4.757309
vertex 10.039590 5.224720 4.757309
endloop
endfacet
facet normal 0 -0.414885 0.909874
outer loop
vertex 9.525000 6.100000 5.144892
vertex -9.525000 6.100000 5.144892
vertex -9.525000 5.250000 4.757309
endloop
endfacet
facet normal 0 -0.414885 0.909874
outer loop
vertex 9.525000 6.100000 5.144892
vertex -9.525000 5.250000 4.757309
vertex 9.525000 5.250000 4.757309
endloop
endfacet
facet normal 0.0203777 -0.414799 0.909685
outer loop
vertex -9.525000 6.100000 5.144892
vertex -10.122905 6.070627 5.144892
vertex -10.039590 5.224720 4.757309
endloop
endfacet
facet normal 0.0203776 -0.414798 0.909685
outer loop
vertex -9.525000 6.100000 5.144892
vertex -10.039590 5.224720 4.757309
vertex -9.525000 5.250000 4.757309
endloop
endfacet
facet normal 0.0609371 -0.410804 0.909685
outer loop
vertex -10.122905 6.070627 5.144892
vertex -10.715051 5.982790 5.144892
vertex -10.549224 5.149123 4.757309
endloop
endfacet
facet normal 0.0609372 -0.410804 0.909685
outer loop
vertex -10.122905 6.070627 5.144892
vertex -10.549224 5.149123 4.757309
vertex -10.039590 5.224720 4.757309
endloop
endfacet
facet normal 0.100909 -0.402853 0.909685
outer loop
vertex -10.715051 5.982790 5.144892
vertex -11.295736 5.837336 5.144892
vertex -11.048995 5.023937 4.757309
endloop
endfacet
facet normal 0.100909 -0.402853 0.909685
outer loop
vertex -10.715051 5.982790 5.144892
vertex -11.048995 5.023937 4.757309
vertex -10.549224 5.149123 4.757309
endloop
endfacet
facet normal 0.13991 -0.391022 0.909685
outer loop
vertex -11.295736 5.837336 5.144892
vertex -11.859369 5.635665 5.144892
vertex -11.534088 4.850368 4.757309
endloop
endfacet
facet normal 0.13991 -0.391022 0.909685
outer loop
vertex -11.295736 5.837336 5.144892
vertex -11.534088 4.850368 4.757309
vertex -11.048995 5.023937 4.757309
endloop
endfacet
facet normal 0.177563 -0.375426 0.909685
outer loop
vertex -11.859369 5.635665 5.144892
vertex -12.400520 5.379720 5.144892
vertex -11.999833 4.630086 4.757309
endloop
endfacet
facet normal 0.177563 -0.375426 0.909685
outer loop
vertex -11.859369 5.635665 5.144892
vertex -11.999833 4.630086 4.757309
vertex -11.534088 4.850368 4.757309
endloop
endfacet
facet normal 0.213506 -0.356214 0.909685
outer loop
vertex -12.400520 5.379720 5.144892
vertex -12.913979 5.071965 5.144892
vertex -12.441744 4.365215 4.757309
endloop
endfacet
facet normal 0.213506 -0.356214 0.909685
outer loop
vertex -12.400520 5.379720 5.144892
vertex -12.441744 4.365215 4.757309
vertex -11.999833 4.630086 4.757309
endloop
endfacet
facet normal 0.247393 -0.333571 0.909685
outer loop
vertex -12.913979 5.071965 5.144892
vertex -13.394799 4.715364 5.144892
vertex -12.855565 4.058305 4.757309
endloop
endfacet
facet normal 0.247393 -0.333571 0.909685
outer loop
vertex -12.913979 5.071965 5.144892
vertex -12.855565 4.058305 4.757309
vertex -12.441744 4.365215 4.757309
endloop
endfacet
facet normal 0.278898 -0.307716 0.909685
outer loop
vertex -13.394799 4.715364 5.144892
vertex -13.838351 4.313351 5.144892
vertex -13.237310 3.712311 4.757309
endloop
endfacet
facet normal 0.278898 -0.307716 0.909685
outer loop
vertex -13.394799 4.715364 5.144892
vertex -13.237310 3.712311 4.757309
vertex -12.855565 4.058305 4.757309
endloop
endfacet
facet normal 0.307716 -0.278898 0.909685
outer loop
vertex -13.838351 4.313351 5.144892
vertex -14.240364 3.869799 5.144892
vertex -13.583304 3.330565 4.757309
endloop
endfacet
facet normal 0.307716 -0.278897 0.909685
outer loop
vertex -13.838351 4.313351 5.144892
vertex -13.583304 3.330565 4.757309
vertex -13.237310 3.712311 4.757309
endloop
endfacet
facet normal 0.333571 -0.247393 0.909685
outer loop
vertex -14.240364 3.869799 5.144892
vertex -14.596965 3.388978 5.144892
vertex -13.890216 2.916744 4.757309
endloop
endfacet
facet normal 0.33357 -0.247393 0.909685
outer loop
vertex -14.240364 3.869799 5.144892
vertex -13.890216 2.916744 4.757309
vertex -13.583304 3.330565 4.757309
endloop
endfacet
facet normal 0.356214 -0.213506 0.909685
outer loop
vertex -14.596965 3.388978 5.144892
vertex -14.904719 2.875520 5.144892
vertex -14.155087 2.474833 4.757309
endloop
endfacet
facet normal 0.356214 -0.213506 0.909685
outer loop
vertex -14.596965 3.388978 5.144892
vertex -14.155087 2.474833 4.757309
vertex -13.890216 2.916744 4.757309
endloop
endfacet
facet normal 0.375425 -0.177563 0.909685
outer loop
vertex -14.904719 2.875520 5.144892
vertex -15.160666 2.334369 5.144892
vertex -14.375367 2.009088 4.757309
endloop
endfacet
facet normal 0.375426 -0.177563 0.909685
outer loop
vertex -14.904719 2.875520 5.144892
vertex -14.375367 2.009088 4.757309
vertex -14.155087 2.474833 4.757309
endloop
endfacet
facet normal 0.391022 -0.13991 0.909685
outer loop
vertex -15.160666 2.334369 5.144892
vertex -15.362336 1.770737 5.144892
vertex -14.548937 1.523995 4.757309
endloop
endfacet
facet normal 0.391022 -0.13991 0.909685
outer loop
vertex -15.160666 2.334369 5.144892
vertex -14.548937 1.523995 4.757309
vertex -14.375367 2.009088 4.757309
endloop
endfacet
facet normal 0.402853 -0.100909 0.909685
outer loop
vertex -15.362336 1.770737 5.144892
vertex -15.507791 1.190051 5.144892
vertex -14.674123 1.024224 4.757309
endloop
endfacet
facet normal 0.402853 -0.100909 0.909685
outer loop
vertex -15.362336 1.770737 5.144892
vertex -14.674123 1.024224 4.757309
vertex -14.548937 1.523995 4.757309
endloop
endfacet
facet normal 0.410804 -0.0609367 0.909685
outer loop
vertex -15.507791 1.190051 5.144892
vertex -15.595627 0.597905 5.144892
vertex -14.749720 0.514590 4.757309
endloop
endfacet
facet normal 0.410804 -0.0609368 0.909685
outer loop
vertex -15.507791 1.190051 5.144892
vertex -14.749720 0.514590 4.757309
vertex -14.674123 1.024224 4.757309
endloop
endfacet
facet normal 0.414798 -0.0203777 0.909685
outer loop
vertex -15.595627 0.597905 5.144892
vertex -15.625000 0.000000 5.144892
vertex -14.775000 0.000000 4.757309
endloop
endfacet
facet normal 0.414798 -0.0203775 0.909685
outer loop
vertex -15.595627 0.597905 5.144892
vertex -14.775000 0.000000 4.757309
vertex -14.749720 0.514590 4.757309
endloop
endfacet
facet normal 0.414798 0.0203777 0.909685
outer loop
vertex -15.625000 0.000000 5.144892
vertex -15.595627 -0.597905 5.144892
vertex -14.749720 -0.514590 4.757309
endloop
endfacet
facet normal 0.414798 0.0203775 0.909685
outer loop
vertex -15.625000 0.000000 5.144892
vertex -14.749720 -0.514590 4.757309
vertex -14.775000 0.000000 4.757309
endloop
endfacet
facet normal 0.410804 0.0609367 0.909685
outer loop
vertex -15.595627 -0.597905 5.144892
vertex -15.507791 -1.190051 5.144892
vertex -14.674123 -1.024224 4.757309
endloop
endfacet
facet normal 0.410804 0.0609368 0.909685
outer loop
vertex -15.595627 -0.597905 5.144892
vertex -14.674123 -1.024224 4.757309
vertex -14.749720 -0.514590 4.757309
endloop
endfacet
facet normal 0.402853 0.10091 0.909685
outer loop
vertex -15.507791 -1.190051 5.144892
vertex -15.362336 -1.770737 5.144892
vertex -14.548937 -1.523995 4.757309
endloop
endfacet
facet normal 0.402853 0.100909 0.909685
outer loop
vertex -15.507791 -1.190051 5.144892
vertex -14.548937 -1.523995 4.757309
vertex -14.674123 -1.024224 4.757309
endloop
endfacet
facet normal 0.391022 0.13991 0.909685
outer loop
vertex -15.362336 -1.770737 5.144892
vertex -15.160666 -2.334369 5.144892
vertex -14.375367 -2.009088 4.757309
endloop
endfacet
facet normal 0.391022 0.13991 0.909685
outer loop
vertex -15.362336 -1.770737 5.144892
vertex -14.375367 -2.009088 4.757309
vertex -14.548937 -1.523995 4.757309
endloop
endfacet
facet normal 0.375425 0.177564 0.909685
outer loop
vertex -15.160666 -2.334369 5.144892
vertex -14.904719 -2.875520 5.144892
vertex -14.155087 -2.474833 4.757309
endloop
endfacet
facet normal 0.375425 0.177563 0.909685
outer loop
vertex -15.160666 -2.334369 5.144892
vertex -14.155087 -2.474833 4.757309
vertex -14.375367 -2.009088 4.757309
endloop
endfacet
facet normal 0.356214 0.213506 0.909685
outer loop
vertex -14.904719 -2.875520 5.144892
vertex -14.596965 -3.388978 5.144892
vertex -13.890216 -2.916744 4.757309
endloop
endfacet
facet normal 0.356214 0.213506 0.909685
outer loop
vertex -14.904719 -2.875520 5.144892
vertex -13.890216 -2.916744 4.757309
vertex -14.155087 -2.474833 4.757309
endloop
endfacet
facet normal 0.333571 0.247393 0.909685
outer loop
vertex -14.596965 -3.388978 5.144892
vertex -14.240364 -3.869799 5.144892
vertex -13.583304 -3.330565 4.757309
endloop
endfacet
facet normal 0.333571 0.247394 0.909685
outer loop
vertex -14.596965 -3.388978 5.144892
vertex -13.583304 -3.330565 4.757309
vertex -13.890216 -2.916744 4.757309
endloop
endfacet
facet normal 0.307716 0.278898 0.909685
outer loop
vertex -14.240364 -3.869799 5.144892
vertex -13.838351 -4.313351 5.144892
vertex -13.237310 -3.712311 4.757309
endloop
endfacet
facet normal 0.307716 0.278897 0.909685
outer loop
vertex -14.240364 -3.869799 5.144892
vertex -13.237310 -3.712311 4.757309
vertex -13.583304 -3.330565 4.757309
endloop
endfacet
facet normal 0.278898 0.307716 0.909685
outer loop
vertex -13.838351 -4.313351 5.144892
vertex -13.394799 -4.715364 5.144892
vertex -12.855565 -4.058305 4.757309
endloop
endfacet
facet normal 0.278898 0.307716 0.909685
outer loop
vertex -13.838351 -4.313351 5.144892
vertex -12.855565 -4.058305 4.757309
vertex -13.237310 -3.712311 4.757309
endloop
endfacet
facet normal 0.247393 0.333571 0.909685
outer loop
vertex -13.394799 -4.715364 5.144892
vertex -12.913979 -5.071965 5.144892
vertex -12.441744 -4.365215 4.757309
endloop
endfacet
facet normal 0.247393 0.333571 0.909685
outer loop
vertex -13.394799 -4.715364 5.144892
vertex -12.441744 -4.365215 4.757309
vertex -12.855565 -4.058305 4.757309
endloop
endfacet
facet normal 0.213506 0.356214 0.909685
outer loop
vertex -12.913979 -5.071965 5.144892
vertex -12.400520 -5.379720 5.144892
vertex -11.999833 -4.630086 4.757309
endloop
endfacet
facet normal 0.213506 0.356214 0.909685
outer loop
vertex -12.913979 -5.071965 5.144892
vertex -11.999833 -4.630086 4.757309
vertex -12.441744 -4.365215 4.757309
endloop
endfacet
facet normal 0.177563 0.375426 0.909685
outer loop
vertex -12.400520 -5.379720 5.144892
vertex -11.859369 -5.635665 5.144892
vertex -11.534088 -4.850368 4.757309
endloop
endfacet
facet normal 0.177563 0.375425 0.909685
outer loop
vertex -12.400520 -5.379720 5.144892
vertex -11.534088 -4.850368 4.757309
vertex -11.999833 -4.630086 4.757309
endloop
endfacet
facet normal 0.13991 0.391022 0.909685
outer loop
vertex -11.859369 -5.635665 5.144892
vertex -11.295736 -5.837336 5.144892
vertex -11.048995 -5.023937 4.757309
endloop
endfacet
facet normal 0.13991 0.391022 0.909685
outer loop
vertex -11.859369 -5.635665 5.144892
vertex -11.048995 -5.023937 4.757309
vertex -11.534088 -4.850368 4.757309
endloop
endfacet
facet normal 0.100909 0.402853 0.909685
outer loop
vertex -11.295736 -5.837336 5.144892
vertex -10.715051 -5.982790 5.144892
vertex -10.549224 -5.149123 4.757309
endloop
endfacet
facet normal 0.100909 0.402853 0.909685
outer loop
vertex -11.295736 -5.837336 5.144892
vertex -10.549224 -5.149123 4.757309
vertex -11.048995 -5.023937 4.757309
endloop
endfacet
facet normal 0.0609371 0.410804 0.909685
outer loop
vertex -10.715051 -5.982790 5.144892
vertex -10.122905 -6.070627 5.144892
vertex -10.039590 -5.224720 4.757309
endloop
endfacet
facet normal 0.0609372 0.410804 0.909685
outer loop
vertex -10.715051 -5.982790 5.144892
vertex -10.039590 -5.224720 4.757309
vertex -10.549224 -5.149123 4.757309
endloop
endfacet
facet normal 0.0203777 0.414799 0.909685
outer loop
vertex -10.122905 -6.070627 5.144892
vertex -9.525000 -6.100000 5.144892
vertex -9.525000 -5.250000 4.757309
endloop
endfacet
facet normal 0.0203776 0.414799 0.909685
outer loop
vertex -10.122905 -6.070627 5.144892
vertex -9.525000 -5.250000 4.757309
vertex -10.039590 -5.224720 4.757309
endloop
endfacet
facet normal -0 0.414885 0.909874
outer loop
vertex -9.525000 -6.100000 5.144892
vertex 9.525000 -6.100000 5.144892
vertex 9.525000 -5.250000 4.757309
endloop
endfacet
facet normal 0 0.414885 0.909874
outer loop
vertex -9.525000 -6.100000 5.144892
vertex 9.525000 -5.250000 4.757309
vertex -9.525000 -5.250000 4.757309
endloop
endfacet
facet normal -0.0203777 0.414799 0.909685
outer loop
vertex 9.525000 -6.100000 5.144892
vertex 10.122905 -6.070627 5.144892
vertex 10.039590 -5.224720 4.757309
endloop
endfacet
facet normal -0.0203776 0.414798 0.909685
outer loop
vertex 9.525000 -6.100000 5.144892
vertex 10.039590 -5.224720 4.757309
vertex 9.525000 -5.250000 4.757309
endloop
endfacet
facet normal -0.0609371 0.410804 0.909685
outer loop
vertex 10.122905 -6.070627 5.144892
vertex 10.715051 -5.982790 5.144892
vertex 10.549224 -5.149123 4.757309
endloop
endfacet
facet normal -0.0609372 0.410804 0.909685
outer loop
vertex 10.122905 -6.070627 5.144892
vertex 10.549224 -5.149123 4.757309
vertex 10.039590 -5.224720 4.757309
endloop
endfacet
facet normal -0.100909 0.402853 0.909685
outer loop
vertex 10.715051 -5.982790 5.144892
vertex 11.295736 -5.837336 5.144892
vertex 11.048995 -5.023937 4.757309
endloop
endfacet
facet normal -0.100909 0.402853 0.909685
outer loop
vertex 10.715051 -5.982790 5.144892
vertex 11.048995 -5.023937 4.757309
vertex 10.549224 -5.149123 4.757309
endloop
endfacet
facet normal -0.13991 0.391022 0.909685
outer loop
vertex 11.295736 -5.837336 5.144892
vertex 11.859369 -5.635665 5.144892
vertex 11.534088 -4.850368 4.757309
endloop
endfacet
facet normal -0.13991 0.391022 0.909685
outer loop
vertex 11.295736 -5.837336 5.144892
vertex 11.534088 -4.850368 4.757309
vertex 11.048995 -5.023937 4.757309
endloop
endfacet
facet normal -0.177563 0.375426 0.909685
outer loop
vertex 11.859369 -5.635665 5.144892
vertex 12.400520 -5.379720 5.144892
vertex 11.999833 -4.630086 4.757309
endloop
endfacet
facet normal -0.177563 0.375426 0.909685
outer loop
vertex 11.859369 -5.635665 5.144892
vertex 11.999833 -4.630086 4.757309
vertex 11.534088 -4.850368 4.757309
endloop
endfacet
facet normal -0.213506 0.356214 0.909685
outer loop
vertex 12.400520 -5.379720 5.144892
vertex 12.913979 -5.071965 5.144892
vertex 12.441744 -4.365215 4.757309
endloop
endfacet
facet normal -0.213506 0.356214 0.909685
outer loop
vertex 12.400520 -5.379720 5.144892
vertex 12.441744 -4.365215 4.757309
vertex 11.999833 -4.630086 4.757309
endloop
endfacet
facet normal -0.247393 0.333571 0.909685
outer loop
vertex 12.913979 -5.071965 5.144892
vertex 13.394799 -4.715364 5.144892
vertex 12.855565 -4.058305 4.757309
endloop
endfacet
facet normal -0.247393 0.333571 0.909685
outer loop
vertex 12.913979 -5.071965 5.144892
vertex 12.855565 -4.058305 4.757309
vertex 12.441744 -4.365215 4.757309
endloop
endfacet
facet normal -0.278898 0.307716 0.909685
outer loop
vertex 13.394799 -4.715364 5.144892
vertex 13.838351 -4.313351 5.144892
vertex 13.237310 -3.712311 4.757309
endloop
endfacet
facet normal -0.278898 0.307716 0.909685
outer loop
vertex 13.394799 -4.715364 5.144892
vertex 13.237310 -3.712311 4.757309
vertex 12.855565 -4.058305 4.757309
endloop
endfacet
facet normal -0.307716 0.278898 0.909685
outer loop
vertex 13.838351 -4.313351 5.144892
vertex 14.240364 -3.869799 5.144892
vertex 13.583304 -3.330565 4.757309
endloop
endfacet
facet normal -0.307716 0.278897 0.909685
outer loop
vertex 13.838351 -4.313351 5.144892
vertex 13.583304 -3.330565 4.757309
vertex 13.237310 -3.712311 4.757309
endloop
endfacet
facet normal -0.333571 0.247393 0.909685
outer loop
vertex 14.240364 -3.869799 5.144892
vertex 14.596965 -3.388978 5.144892
vertex 13.890216 -2.916744 4.757309
endloop
endfacet
facet normal -0.33357 0.247393 0.909685
outer loop
vertex 14.240364 -3.869799 5.144892
vertex 13.890216 -2.916744 4.757309
vertex 13.583304 -3.330565 4.757309
endloop
endfacet
facet normal -0.356214 0.213506 0.909685
outer loop
vertex 14.596965 -3.388978 5.144892
vertex 14.904719 -2.875520 5.144892
vertex 14.155087 -2.474833 4.757309
endloop
endfacet
facet normal -0.356214 0.213506 0.909685
outer loop
vertex 14.596965 -3.388978 5.144892
vertex 14.155087 -2.474833 4.757309
vertex 13.890216 -2.916744 4.757309
endloop
endfacet
facet normal -0.375425 0.177563 0.909685
outer loop
vertex 14.904719 -2.875520 5.144892
vertex 15.160666 -2.334369 5.144892
vertex 14.375367 -2.009088 4.757309
endloop
endfacet
facet normal -0.375426 0.177563 0.909685
outer loop
vertex 14.904719 -2.875520 5.144892
vertex 14.375367 -2.009088 4.757309
vertex 14.155087 -2.474833 4.757309
endloop
endfacet
facet normal -0.391022 0.13991 0.909685
outer loop
vertex 15.160666 -2.334369 5.144892
vertex 15.362336 -1.770737 5.144892
vertex 14.548937 -1.523995 4.757309
endloop
endfacet
facet normal -0.391022 0.13991 0.909685
outer loop
vertex 15.160666 -2.334369 5.144892
vertex 14.548937 -1.523995 4.757309
vertex 14.375367 -2.009088 4.757309
endloop
endfacet
facet normal -0.402853 0.100909 0.909685
outer loop
vertex 15.362336 -1.770737 5.144892
vertex 15.507791 -1.190051 5.144892
vertex 14.674123 -1.024224 4.757309
endloop
endfacet
facet normal -0.402853 0.100909 0.909685
outer loop
vertex 15.362336 -1.770737 5.144892
vertex 14.674123 -1.024224 4.757309
vertex 14.548937 -1.523995 4.757309
endloop
endfacet
facet normal -0.410804 0.0609367 0.909685
outer loop
vertex 15.507791 -1.190051 5.144892
vertex 15.595627 -0.597905 5.144892
vertex 14.749720 -0.514590 4.757309
endloop
endfacet
facet normal -0.410804 0.0609368 0.909685
outer loop
vertex 15.507791 -1.190051 5.144892
vertex 14.749720 -0.514590 4.757309
vertex 14.674123 -1.024224 4.757309
endloop
endfacet
facet normal -0.414798 0.0203777 0.909685
outer loop
vertex 15.595627 -0.597905 5.144892
vertex 15.625000 -0.000000 5.144892
vertex 14.775000 0.000000 4.757309
endloop
endfacet
facet normal -0.414798 0.0203775 0.909685
outer loop
vertex 15.595627 -0.597905 5.144892
vertex 14.775000 0.000000 4.757309
vertex 14.749720 -0.514590 4.757309
endloop
endfacet
facet normal -0.351589 -0.0172723 0.935995
outer loop
vertex 14.775000 0.000000 4.757309
vertex 14.749720 0.514590 4.757309
vertex 13.605257 0.401870 4.325333
endloop
endfacet
facet normal -0.351589 -0.0172729 0.935995
outer loop
vertex 14.775000 0.000000 4.757309
vertex 13.605257 0.401870 4.325333
vertex 13.625000 -0.000000 4.325333
endloop
endfacet
facet normal -0.348203 -0.0516509 0.935995
outer loop
vertex 14.749720 0.514590 4.757309
vertex 14.674123 1.024224 4.757309
vertex 13.546220 0.799870 4.325333
endloop
endfacet
facet normal -0.348203 -0.0516506 0.935995
outer loop
vertex 14.749720 0.514590 4.757309
vertex 13.546220 0.799870 4.325333
vertex 13.605257 0.401870 4.325333
endloop
endfacet
facet normal -0.341464 -0.0855323 0.935995
outer loop
vertex 14.674123 1.024224 4.757309
vertex 14.548937 1.523995 4.757309
vertex 13.448456 1.190167 4.325333
endloop
endfacet
facet normal -0.341464 -0.085532 0.935995
outer loop
vertex 14.674123 1.024224 4.757309
vertex 13.448456 1.190167 4.325333
vertex 13.546220 0.799870 4.325333
endloop
endfacet
facet normal -0.331436 -0.11859 0.935995
outer loop
vertex 14.548937 1.523995 4.757309
vertex 14.375367 2.009088 4.757309
vertex 13.312906 1.569002 4.325333
endloop
endfacet
facet normal -0.331436 -0.11859 0.935995
outer loop
vertex 14.548937 1.523995 4.757309
vertex 13.312906 1.569002 4.325333
vertex 13.448456 1.190167 4.325333
endloop
endfacet
facet normal -0.318216 -0.150505 0.935995
outer loop
vertex 14.375367 2.009088 4.757309
vertex 14.155087 2.474833 4.757309
vertex 13.140877 1.932727 4.325333
endloop
endfacet
facet normal -0.318216 -0.150506 0.935995
outer loop
vertex 14.375367 2.009088 4.757309
vertex 13.140877 1.932727 4.325333
vertex 13.312906 1.569002 4.325333
endloop
endfacet
facet normal -0.301932 -0.180971 0.935995
outer loop
vertex 14.155087 2.474833 4.757309
vertex 13.890216 2.916744 4.757309
vertex 12.934026 2.277838 4.325333
endloop
endfacet
facet normal -0.301932 -0.18097 0.935995
outer loop
vertex 14.155087 2.474833 4.757309
vertex 12.934026 2.277838 4.325333
vertex 13.140877 1.932727 4.325333
endloop
endfacet
facet normal -0.282739 -0.209695 0.935995
outer loop
vertex 13.890216 2.916744 4.757309
vertex 13.583304 3.330565 4.757309
vertex 12.694343 2.601012 4.325333
endloop
endfacet
facet normal -0.282739 -0.209694 0.935995
outer loop
vertex 13.890216 2.916744 4.757309
vertex 12.694343 2.601012 4.325333
vertex 12.934026 2.277838 4.325333
endloop
endfacet
facet normal -0.260825 -0.236398 0.935995
outer loop
vertex 13.583304 3.330565 4.757309
vertex 13.237310 3.712311 4.757309
vertex 12.424138 2.899138 4.325333
endloop
endfacet
facet normal -0.260825 -0.236398 0.935995
outer loop
vertex 13.583304 3.330565 4.757309
vertex 12.424138 2.899138 4.325333
vertex 12.694343 2.601012 4.325333
endloop
endfacet
facet normal -0.236398 -0.260825 0.935995
outer loop
vertex 13.237310 3.712311 4.757309
vertex 12.855565 4.058305 4.757309
vertex 12.126013 3.169343 4.325333
endloop
endfacet
facet normal -0.236398 -0.260825 0.935995
outer loop
vertex 13.237310 3.712311 4.757309
vertex 12.126013 3.169343 4.325333
vertex 12.424138 2.899138 4.325333
endloop
endfacet
facet normal -0.209694 -0.28274 0.935995
outer loop
vertex 12.855565 4.058305 4.757309
vertex 12.441744 4.365215 4.757309
vertex 11.802838 3.409025 4.325333
endloop
endfacet
facet normal -0.209694 -0.28274 0.935995
outer loop
vertex 12.855565 4.058305 4.757309
vertex 11.802838 3.409025 4.325333
vertex 12.126013 3.169343 4.325333
endloop
endfacet
facet normal -0.180971 -0.301932 0.935995
outer loop
vertex 12.441744 4.365215 4.757309
vertex 11.999833 4.630086 4.757309
vertex 11.457726 3.615877 4.325333
endloop
endfacet
facet normal -0.180971 -0.301932 0.935995
outer loop
vertex 12.441744 4.365215 4.757309
vertex 11.457726 3.615877 4.325333
vertex 11.802838 3.409025 4.325333
endloop
endfacet
facet normal -0.150505 -0.318216 0.935995
outer loop
vertex 11.999833 4.630086 4.757309
vertex 11.534088 4.850368 4.757309
vertex 11.094002 3.787906 4.325333
endloop
endfacet
facet normal -0.150505 -0.318216 0.935995
outer loop
vertex 11.999833 4.630086 4.757309
vertex 11.094002 3.787906 4.325333
vertex 11.457726 3.615877 4.325333
endloop
endfacet
facet normal -0.11859 -0.331436 0.935995
outer loop
vertex 11.534088 4.850368 4.757309
vertex 11.048995 5.023937 4.757309
vertex 10.715167 3.923455 4.325333
endloop
endfacet
facet normal -0.11859 -0.331436 0.935995
outer loop
vertex 11.534088 4.850368 4.757309
vertex 10.715167 3.923455 4.325333
vertex 11.094002 3.787906 4.325333
endloop
endfacet
facet normal -0.0855321 -0.341464 0.935995
outer loop
vertex 11.048995 5.023937 4.757309
vertex 10.549224 5.149123 4.757309
vertex 10.324870 4.021220 4.325333
endloop
endfacet
facet normal -0.0855322 -0.341464 0.935995
outer loop
vertex 11.048995 5.023937 4.757309
vertex 10.324870 4.021220 4.325333
vertex 10.715167 3.923455 4.325333
endloop
endfacet
facet normal -0.0516512 -0.348203 0.935995
outer loop
vertex 10.549224 5.149123 4.757309
vertex 10.039590 5.224720 4.757309
vertex 9.926870 4.080257 4.325333
endloop
endfacet
facet normal -0.0516511 -0.348203 0.935995
outer loop
vertex 10.549224 5.149123 4.757309
vertex 9.926870 4.080257 4.325333
vertex 10.324870 4.021220 4.325333
endloop
endfacet
facet normal -0.0172723 -0.351589 0.935995
outer loop
vertex 10.039590 5.224720 4.757309
vertex 9.525000 5.250000 4.757309
vertex 9.525000 4.100000 4.325333
endloop
endfacet
facet normal -0.0172723 -0.351589 0.935995
outer loop
vertex 10.039590 5.224720 4.757309
vertex 9.525000 4.100000 4.325333
vertex 9.926870 4.080257 4.325333
endloop
endfacet
facet normal 0 -0.351642 0.936135
outer loop
vertex 9.525000 5.250000 4.757309
vertex -9.525000 5.250000 4.757309
vertex -9.525000 4.100000 4.325333
endloop
endfacet
facet normal 0 -0.351642 0.936135
outer loop
vertex 9.525000 5.250000 4.757309
vertex -9.525000 4.100000 4.325333
vertex 9.525000 4.100000 4.325333
endloop
endfacet
facet normal 0.0172723 -0.351589 0.935995
outer loop
vertex -9.525000 5.250000 4.757309
vertex -10.039590 5.224720 4.757309
vertex -9.926870 4.080257 4.325333
endloop
endfacet
facet normal 0.0172724 -0.351589 0.935995
outer loop
vertex -9.525000 5.250000 4.757309
vertex -9.926870 4.080257 4.325333
vertex -9.525000 4.100000 4.325333
endloop
endfacet
facet normal 0.0516512 -0.348203 0.935995
outer loop
vertex -10.039590 5.224720 4.757309
vertex -10.549224 5.149123 4.757309
vertex -10.324870 4.021220 4.325333
endloop
endfacet
facet normal 0.0516511 -0.348203 0.935995
outer loop
vertex -10.039590 5.224720 4.757309
vertex -10.324870 4.021220 4.325333
vertex -9.926870 4.080257 4.325333
endloop
endfacet
facet normal 0.0855321 -0.341464 0.935995
outer loop
vertex -10.549224 5.149123 4.757309
vertex -11.048995 5.023937 4.757309
vertex -10.715167 3.923455 4.325333
endloop
endfacet
facet normal 0.0855323 -0.341464 0.935995
outer loop
vertex -10.549224 5.149123 4.757309
vertex -10.715167 3.923455 4.325333
vertex -10.324870 4.021220 4.325333
endloop
endfacet
facet normal 0.11859 -0.331436 0.935995
outer loop
vertex -11.048995 5.023937 4.757309
vertex -11.534088 4.850368 4.757309
vertex -11.094002 3.787906 4.325333
endloop
endfacet
facet normal 0.11859 -0.331436 0.935995
outer loop
vertex -11.048995 5.023937 4.757309
vertex -11.094002 3.787906 4.325333
vertex -10.715167 3.923455 4.325333
endloop
endfacet
facet normal 0.150505 -0.318216 0.935995
outer loop
vertex -11.534088 4.850368 4.757309
vertex -11.999833 4.630086 4.757309
vertex -11.457726 3.615877 4.325333
endloop
endfacet
facet normal 0.150505 -0.318216 0.935995
outer loop
vertex -11.534088 4.850368 4.757309
vertex -11.457726 3.615877 4.325333
vertex -11.094002 3.787906 4.325333
endloop
endfacet
facet normal 0.180971 -0.301932 0.935995
outer loop
vertex -11.999833 4.630086 4.757309
vertex -12.441744 4.365215 4.757309
vertex -11.802838 3.409025 4.325333
endloop
endfacet
facet normal 0.180971 -0.301932 0.935995
outer loop
vertex -11.999833 4.630086 4.757309
vertex -11.802838 3.409025 4.325333
vertex -11.457726 3.615877 4.325333
endloop
endfacet
facet normal 0.209694 -0.28274 0.935995
outer loop
vertex -12.441744 4.365215 4.757309
vertex -12.855565 4.058305 4.757309
vertex -12.126013 3.169343 4.325333
endloop
endfacet
facet normal 0.209694 -0.28274 0.935995
outer loop
vertex -12.441744 4.365215 4.757309
vertex -12.126013 3.169343 4.325333
vertex -11.802838 3.409025 4.325333
endloop
endfacet
facet normal 0.236398 -0.260825 0.935995
outer loop
vertex -12.855565 4.058305 4.757309
vertex -13.237310 3.712311 4.757309
vertex -12.424138 2.899138 4.325333
endloop
endfacet
facet normal 0.236398 -0.260825 0.935995
outer loop
vertex -12.855565 4.058305 4.757309
vertex -12.424138 2.899138 4.325333
vertex -12.126013 3.169343 4.325333
endloop
endfacet
facet normal 0.260825 -0.236398 0.935995
outer loop
vertex -13.237310 3.712311 4.757309
vertex -13.583304 3.330565 4.757309
vertex -12.694343 2.601012 4.325333
endloop
endfacet
facet normal 0.260825 -0.236398 0.935995
outer loop
vertex -13.237310 3.712311 4.757309
vertex -12.694343 2.601012 4.325333
vertex -12.424138 2.899138 4.325333
endloop
endfacet
facet normal 0.282739 -0.209694 0.935995
outer loop
vertex -13.583304 3.330565 4.757309
vertex -13.890216 2.916744 4.757309
vertex -12.934026 2.277838 4.325333
endloop
endfacet
facet normal 0.282739 -0.209694 0.935995
outer loop
vertex -13.583304 3.330565 4.757309
vertex -12.934026 2.277838 4.325333
vertex -12.694343 2.601012 4.325333
endloop
endfacet
facet normal 0.301932 -0.180971 0.935995
outer loop
vertex -13.890216 2.916744 4.757309
vertex -14.155087 2.474833 4.757309
vertex -13.140877 1.932727 4.325333
endloop
endfacet
facet normal 0.301932 -0.180971 0.935995
outer loop
vertex -13.890216 2.916744 4.757309
vertex -13.140877 1.932727 4.325333
vertex -12.934026 2.277838 4.325333
endloop
endfacet
facet normal 0.318216 -0.150505 0.935995
outer loop
vertex -14.155087 2.474833 4.757309
vertex -14.375367 2.009088 4.757309
vertex -13.312906 1.569002 4.325333
endloop
endfacet
facet normal 0.318216 -0.150505 0.935995
outer loop
vertex -14.155087 2.474833 4.757309
vertex -13.312906 1.569002 4.325333
vertex -13.140877 1.932727 4.325333
endloop
endfacet
facet normal 0.331436 -0.11859 0.935995
outer loop
vertex -14.375367 2.009088 4.757309
vertex -14.548937 1.523995 4.757309
vertex -13.448456 1.190167 4.325333
endloop
endfacet
facet normal 0.331436 -0.11859 0.935995
outer loop
vertex -14.375367 2.009088 4.757309
vertex -13.448456 1.190167 4.325333
vertex -13.312906 1.569002 4.325333
endloop
endfacet
facet normal 0.341464 -0.0855323 0.935995
outer loop
vertex -14.548937 1.523995 4.757309
vertex -14.674123 1.024224 4.757309
vertex -13.546220 0.799870 4.325333
endloop
endfacet
facet normal 0.341464 -0.0855321 0.935995
outer loop
vertex -14.548937 1.523995 4.757309
vertex -13.546220 0.799870 4.325333
vertex -13.448456 1.190167 4.325333
endloop
endfacet
facet normal 0.348203 -0.0516509 0.935995
outer loop
vertex -14.674123 1.024224 4.757309
vertex -14.749720 0.514590 4.757309
vertex -13.605257 0.401870 4.325333
endloop
endfacet
facet normal 0.348203 -0.0516506 0.935995
outer loop
vertex -14.674123 1.024224 4.757309
vertex -13.605257 0.401870 4.325333
vertex -13.546220 0.799870 4.325333
endloop
endfacet
facet normal 0.351589 -0.0172724 0.935995
outer loop
vertex -14.749720 0.514590 4.757309
vertex -14.775000 0.000000 4.757309
vertex -13.625000 0.000000 4.325333
endloop
endfacet
facet normal 0.351589 -0.0172728 0.935995
outer loop
vertex -14.749720 0.514590 4.757309
vertex -13.625000 0.000000 4.325333
vertex -13.605257 0.401870 4.325333
endloop
endfacet
facet normal 0.351589 0.0172723 0.935995
outer loop
vertex -14.775000 0.000000 4.757309
vertex -14.749720 -0.514590 4.757309
vertex -13.605257 -0.401870 4.325333
endloop
endfacet
facet normal 0.351589 0.0172729 0.935995
outer loop
vertex -14.775000 0.000000 4.757309
vertex -13.605257 -0.401870 4.325333
vertex -13.625000 0.000000 4.325333
endloop
endfacet
facet normal 0.348203 0.0516509 0.935995
outer loop
vertex -14.749720 -0.514590 4.757309
vertex -14.674123 -1.024224 4.757309
vertex -13.546220 -0.799870 4.325333
endloop
endfacet
facet normal 0.348203 0.0516506 0.935995
outer loop
vertex -14.749720 -0.514590 4.757309
vertex -13.546220 -0.799870 4.325333
vertex -13.605257 -0.401870 4.325333
endloop
endfacet
facet normal 0.341464 0.0855323 0.935995
outer loop
vertex -14.674123 -1.024224 4.757309
vertex -14.548937 -1.523995 4.757309
vertex -13.448456 -1.190167 4.325333
endloop
endfacet
facet normal 0.341464 0.085532 0.935995
outer loop
vertex -14.674123 -1.024224 4.757309
vertex -13.448456 -1.190167 4.325333
vertex -13.546220 -0.799870 4.325333
endloop
endfacet
facet normal 0.331436 0.11859 0.935995
outer loop
vertex -14.548937 -1.523995 4.757309
vertex -14.375367 -2.009088 4.757309
vertex -13.312906 -1.569002 4.325333
endloop
endfacet
facet normal 0.331436 0.11859 0.935995
outer loop
vertex -14.548937 -1.523995 4.757309
vertex -13.312906 -1.569002 4.325333
vertex -13.448456 -1.190167 4.325333
endloop
endfacet
facet normal 0.318216 0.150505 0.935995
outer loop
vertex -14.375367 -2.009088 4.757309
vertex -14.155087 -2.474833 4.757309
vertex -13.140877 -1.932727 4.325333
endloop
endfacet
facet normal 0.318216 0.150506 0.935995
outer loop
vertex -14.375367 -2.009088 4.757309
vertex -13.140877 -1.932727 4.325333
vertex -13.312906 -1.569002 4.325333
endloop
endfacet
facet normal 0.301932 0.180971 0.935995
outer loop
vertex -14.155087 -2.474833 4.757309
vertex -13.890216 -2.916744 4.757309
vertex -12.934026 -2.277838 4.325333
endloop
endfacet
facet normal 0.301932 0.18097 0.935995
outer loop
vertex -14.155087 -2.474833 4.757309
vertex -12.934026 -2.277838 4.325333
vertex -13.140877 -1.932727 4.325333
endloop
endfacet
facet normal 0.282739 0.209695 0.935995
outer loop
vertex -13.890216 -2.916744 4.757309
vertex -13.583304 -3.330565 4.757309
vertex -12.694343 -2.601012 4.325333
endloop
endfacet
facet normal 0.282739 0.209694 0.935995
outer loop
vertex -13.890216 -2.916744 4.757309
vertex -12.694343 -2.601012 4.325333
vertex -12.934026 -2.277838 4.325333
endloop
endfacet
facet normal 0.260825 0.236398 0.935995
outer loop
vertex -13.583304 -3.330565 4.757309
vertex -13.237310 -3.712311 4.757309
vertex -12.424138 -2.899138 4.325333
endloop
endfacet
facet normal 0.260825 0.236398 0.935995
outer loop
vertex -13.583304 -3.330565 4.757309
vertex -12.424138 -2.899138 4.325333
vertex -12.694343 -2.601012 4.325333
endloop
endfacet
facet normal 0.236398 0.260825 0.935995
outer loop
vertex -13.237310 -3.712311 4.757309
vertex -12.855565 -4.058305 4.757309
vertex -12.126013 -3.169343 4.325333
endloop
endfacet
facet normal 0.236398 0.260825 0.935995
outer loop
vertex -13.237310 -3.712311 4.757309
vertex -12.126013 -3.169343 4.325333
vertex -12.424138 -2.899138 4.325333
endloop
endfacet
facet normal 0.209694 0.28274 0.935995
outer loop
vertex -12.855565 -4.058305 4.757309
vertex -12.441744 -4.365215 4.757309
vertex -11.802838 -3.409025 4.325333
endloop
endfacet
facet normal 0.209694 0.28274 0.935995
outer loop
vertex -12.855565 -4.058305 4.757309
vertex -11.802838 -3.409025 4.325333
vertex -12.126013 -3.169343 4.325333
endloop
endfacet
facet normal 0.180971 0.301932 0.935995
outer loop
vertex -12.441744 -4.365215 4.757309
vertex -11.999833 -4.630086 4.757309
vertex -11.457726 -3.615877 4.325333
endloop
endfacet
facet normal 0.180971 0.301932 0.935995
outer loop
vertex -12.441744 -4.365215 4.757309
vertex -11.457726 -3.615877 4.325333
vertex -11.802838 -3.409025 4.325333
endloop
endfacet
facet normal 0.150505 0.318216 0.935995
outer loop
vertex -11.999833 -4.630086 4.757309
vertex -11.534088 -4.850368 4.757309
vertex -11.094002 -3.787906 4.325333
endloop
endfacet
facet normal 0.150505 0.318216 0.935995
outer loop
vertex -11.999833 -4.630086 4.757309
vertex -11.094002 -3.787906 4.325333
vertex -11.457726 -3.615877 4.325333
endloop
endfacet
facet normal 0.11859 0.331436 0.935995
outer loop
vertex -11.534088 -4.850368 4.757309
vertex -11.048995 -5.023937 4.757309
vertex -10.715167 -3.923455 4.325333
endloop
endfacet
facet normal 0.11859 0.331436 0.935995
outer loop
vertex -11.534088 -4.850368 4.757309
vertex -10.715167 -3.923455 4.325333
vertex -11.094002 -3.787906 4.325333
endloop
endfacet
facet normal 0.0855321 0.341464 0.935995
outer loop
vertex -11.048995 -5.023937 4.757309
vertex -10.549224 -5.149123 4.757309
vertex -10.324870 -4.021220 4.325333
endloop
endfacet
facet normal 0.0855322 0.341464 0.935995
outer loop
vertex -11.048995 -5.023937 4.757309
vertex -10.324870 -4.021220 4.325333
vertex -10.715167 -3.923455 4.325333
endloop
endfacet
facet normal 0.0516512 0.348203 0.935995
outer loop
vertex -10.549224 -5.149123 4.757309
vertex -10.039590 -5.224720 4.757309
vertex -9.926870 -4.080257 4.325333
endloop
endfacet
facet normal 0.0516511 0.348203 0.935995
outer loop
vertex -10.549224 -5.149123 4.757309
vertex -9.926870 -4.080257 4.325333
vertex -10.324870 -4.021220 4.325333
endloop
endfacet
facet normal 0.0172723 0.351589 0.935995
outer loop
vertex -10.039590 -5.224720 4.757309
vertex -9.525000 -5.250000 4.757309
vertex -9.525000 -4.100000 4.325333
endloop
endfacet
facet normal 0.0172723 0.351589 0.935995
outer loop
vertex -10.039590 -5.224720 4.757309
vertex -9.525000 -4.100000 4.325333
vertex -9.926870 -4.080257 4.325333
endloop
endfacet
facet normal -0 0.351642 0.936135
outer loop
vertex -9.525000 -5.250000 4.757309
vertex 9.525000 -5.250000 4.757309
vertex 9.525000 -4.100000 4.325333
endloop
endfacet
facet normal 0 0.351642 0.936135
outer loop
vertex -9.525000 -5.250000 4.757309
vertex 9.525000 -4.100000 4.325333
vertex -9.525000 -4.100000 4.325333
endloop
endfacet
facet normal -0.0172723 0.351589 0.935995
outer loop
vertex 9.525000 -5.250000 4.757309
vertex 10.039590 -5.224720 4.757309
vertex 9.926870 -4.080257 4.325333
endloop
endfacet
facet normal -0.0172724 0.351589 0.935995
outer loop
vertex 9.525000 -5.250000 4.757309
vertex 9.926870 -4.080257 4.325333
vertex 9.525000 -4.100000 4.325333
endloop
endfacet
facet normal -0.0516512 0.348203 0.935995
outer loop
vertex 10.039590 -5.224720 4.757309
vertex 10.549224 -5.149123 4.757309
vertex 10.324870 -4.021220 4.325333
endloop
endfacet
facet normal -0.0516511 0.348203 0.935995
outer loop
vertex 10.039590 -5.224720 4.757309
vertex 10.324870 -4.021220 4.325333
vertex 9.926870 -4.080257 4.325333
endloop
endfacet
facet normal -0.0855321 0.341464 0.935995
outer loop
vertex 10.549224 -5.149123 4.757309
vertex 11.048995 -5.023937 4.757309
vertex 10.715167 -3.923455 4.325333
endloop
endfacet
facet normal -0.0855323 0.341464 0.935995
outer loop
vertex 10.549224 -5.149123 4.757309
vertex 10.715167 -3.923455 4.325333
vertex 10.324870 -4.021220 4.325333
endloop
endfacet
facet normal -0.11859 0.331436 0.935995
outer loop
vertex 11.048995 -5.023937 4.757309
vertex 11.534088 -4.850368 4.757309
vertex 11.094002 -3.787906 4.325333
endloop
endfacet
facet normal -0.11859 0.331436 0.935995
outer loop
vertex 11.048995 -5.023937 4.757309
vertex 11.094002 -3.787906 4.325333
vertex 10.715167 -3.923455 4.325333
endloop
endfacet
facet normal -0.150505 0.318216 0.935995
outer loop
vertex 11.534088 -4.850368 4.757309
vertex 11.999833 -4.630086 4.757309
vertex 11.457726 -3.615877 4.325333
endloop
endfacet
facet normal -0.150505 0.318216 0.935995
outer loop
vertex 11.534088 -4.850368 4.757309
vertex 11.457726 -3.615877 4.325333
vertex 11.094002 -3.787906 4.325333
endloop
endfacet
facet normal -0.180971 0.301932 0.935995
outer loop
vertex 11.999833 -4.630086 4.757309
vertex 12.441744 -4.365215 4.757309
vertex 11.802838 -3.409025 4.325333
endloop
endfacet
facet normal -0.180971 0.301932 0.935995
outer loop
vertex 11.999833 -4.630086 4.757309
vertex 11.802838 -3.409025 4.325333
vertex 11.457726 -3.615877 4.325333
endloop
endfacet
facet normal -0.209694 0.28274 0.935995
outer loop
vertex 12.441744 -4.365215 4.757309
vertex 12.855565 -4.058305 4.757309
vertex 12.126013 -3.169343 4.325333
endloop
endfacet
facet normal -0.209694 0.28274 0.935995
outer loop
vertex 12.441744 -4.365215 4.757309
vertex 12.126013 -3.169343 4.325333
vertex 11.802838 -3.409025 4.325333
endloop
endfacet
facet normal -0.236398 0.260825 0.935995
outer loop
vertex 12.855565 -4.058305 4.757309
vertex 13.237310 -3.712311 4.757309
vertex 12.424138 -2.899138 4.325333
endloop
endfacet
facet normal -0.236398 0.260825 0.935995
outer loop
vertex 12.855565 -4.058305 4.757309
vertex 12.424138 -2.899138 4.325333
vertex 12.126013 -3.169343 4.325333
endloop
endfacet
facet normal -0.260825 0.236398 0.935995
outer loop
vertex 13.237310 -3.712311 4.757309
vertex 13.583304 -3.330565 4.757309
vertex 12.694343 -2.601012 4.325333
endloop
endfacet
facet normal -0.260825 0.236398 0.935995
outer loop
vertex 13.237310 -3.712311 4.757309
vertex 12.694343 -2.601012 4.325333
vertex 12.424138 -2.899138 4.325333
endloop
endfacet
facet normal -0.282739 0.209694 0.935995
outer loop
vertex 13.583304 -3.330565 4.757309
vertex 13.890216 -2.916744 4.757309
vertex 12.934026 -2.277838 4.325333
endloop
endfacet
facet normal -0.282739 0.209694 0.935995
outer loop
vertex 13.583304 -3.330565 4.757309
vertex 12.934026 -2.277838 4.325333
vertex 12.694343 -2.601012 4.325333
endloop
endfacet
facet normal -0.301932 0.180971 0.935995
outer loop
vertex 13.890216 -2.916744 4.757309
vertex 14.155087 -2.474833 4.757309
vertex 13.140877 -1.932727 4.325333
endloop
endfacet
facet normal -0.301932 0.180971 0.935995
outer loop
vertex 13.890216 -2.916744 4.757309
vertex 13.140877 -1.932727 4.325333
vertex 12.934026 -2.277838 4.325333
endloop
endfacet
facet normal -0.318216 0.150505 0.935995
outer loop
vertex 14.155087 -2.474833 4.757309
vertex 14.375367 -2.009088 4.757309
vertex 13.312906 -1.569002 4.325333
endloop
endfacet
facet normal -0.318216 0.150505 0.935995
outer loop
vertex 14.155087 -2.474833 4.757309
vertex 13.312906 -1.569002 4.325333
vertex 13.140877 -1.932727 4.325333
endloop
endfacet
facet normal -0.331436 0.11859 0.935995
outer loop
vertex 14.375367 -2.009088 4.757309
vertex 14.548937 -1.523995 4.757309
vertex 13.448456 -1.190167 4.325333
endloop
endfacet
facet normal -0.331436 0.11859 0.935995
outer loop
vertex 14.375367 -2.009088 4.757309
vertex 13.448456 -1.190167 4.325333
vertex 13.312906 -1.569002 4.325333
endloop
endfacet
facet normal -0.341464 0.0855323 0.935995
outer loop
vertex 14.548937 -1.523995 4.757309
vertex 14.674123 -1.024224 4.757309
vertex 13.546220 -0.799870 4.325333
endloop
endfacet
facet normal -0.341464 0.0855321 0.935995
outer loop
vertex 14.548937 -1.523995 4.757309
vertex 13.546220 -0.799870 4.325333
vertex 13.448456 -1.190167 4.325333
endloop
endfacet
facet normal -0.348203 0.0516509 0.935995
outer loop
vertex 14.674123 -1.024224 4.757309
vertex 14.749720 -0.514590 4.757309
vertex 13.605257 -0.401870 4.325333
endloop
endfacet
facet normal -0.348203 0.0516506 0.935995
outer loop
vertex 14.674123 -1.024224 4.757309
vertex 13.605257 -0.401870 4.325333
vertex 13.546220 -0.799870 4.325333
endloop
endfacet
facet normal -0.351589 0.0172724 0.935995
outer loop
vertex 14.749720 -0.514590 4.757309
vertex 14.775000 0.000000 4.757309
vertex 13.625000 -0.000000 4.325333
endloop
endfacet
facet normal -0.351589 0.0172728 0.935995
outer loop
vertex 14.749720 -0.514590 4.757309
vertex 13.625000 -0.000000 4.325333
vertex 13.605257 -0.401870 4.325333
endloop
endfacet
facet normal -0.267107 -0.0131224 0.963578
outer loop
vertex 13.625000 -0.000000 4.325333
vertex 13.605257 0.401870 4.325333
vertex 12.311517 0.274448 3.964968
endloop
endfacet
facet normal -0.267107 -0.0131224 0.963577
outer loop
vertex 13.625000 -0.000000 4.325333
vertex 12.311517 0.274448 3.964968
vertex 12.325000 -0.000000 3.964968
endloop
endfacet
facet normal -0.264535 -0.0392397 0.963578
outer loop
vertex 13.605257 0.401870 4.325333
vertex 13.546220 0.799870 4.325333
vertex 12.271199 0.546253 3.964968
endloop
endfacet
facet normal -0.264535 -0.0392392 0.963578
outer loop
vertex 13.605257 0.401870 4.325333
vertex 12.271199 0.546253 3.964968
vertex 12.311517 0.274448 3.964968
endloop
endfacet
facet normal -0.259415 -0.0649798 0.963578
outer loop
vertex 13.546220 0.799870 4.325333
vertex 13.448456 1.190167 4.325333
vertex 12.204432 0.812797 3.964968
endloop
endfacet
facet normal -0.259415 -0.0649808 0.963577
outer loop
vertex 13.546220 0.799870 4.325333
vertex 12.204432 0.812797 3.964968
vertex 12.271199 0.546253 3.964968
endloop
endfacet
facet normal -0.251796 -0.0900944 0.963578
outer loop
vertex 13.448456 1.190167 4.325333
vertex 13.312906 1.569002 4.325333
vertex 12.111863 1.071514 3.964968
endloop
endfacet
facet normal -0.251797 -0.0900933 0.963578
outer loop
vertex 13.448456 1.190167 4.325333
vertex 12.111863 1.071514 3.964968
vertex 12.204432 0.812797 3.964968
endloop
endfacet
facet normal -0.241753 -0.114341 0.963577
outer loop
vertex 13.312906 1.569002 4.325333
vertex 13.140877 1.932727 4.325333
vertex 11.994380 1.319911 3.964968
endloop
endfacet
facet normal -0.241753 -0.114341 0.963577
outer loop
vertex 13.312906 1.569002 4.325333
vertex 11.994380 1.319911 3.964968
vertex 12.111863 1.071514 3.964968
endloop
endfacet
facet normal -0.229382 -0.137486 0.963578
outer loop
vertex 13.140877 1.932727 4.325333
vertex 12.934026 2.277838 4.325333
vertex 11.853115 1.555597 3.964968
endloop
endfacet
facet normal -0.229382 -0.137486 0.963578
outer loop
vertex 13.140877 1.932727 4.325333
vertex 11.853115 1.555597 3.964968
vertex 11.994380 1.319911 3.964968
endloop
endfacet
facet normal -0.214801 -0.159308 0.963577
outer loop
vertex 12.934026 2.277838 4.325333
vertex 12.694343 2.601012 4.325333
vertex 11.689429 1.776301 3.964968
endloop
endfacet
facet normal -0.214801 -0.159308 0.963578
outer loop
vertex 12.934026 2.277838 4.325333
vertex 11.689429 1.776301 3.964968
vertex 11.853115 1.555597 3.964968
endloop
endfacet
facet normal -0.198152 -0.179594 0.963578
outer loop
vertex 12.694343 2.601012 4.325333
vertex 12.424138 2.899138 4.325333
vertex 11.504899 1.979899 3.964968
endloop
endfacet
facet normal -0.198152 -0.179595 0.963578
outer loop
vertex 12.694343 2.601012 4.325333
vertex 11.504899 1.979899 3.964968
vertex 11.689429 1.776301 3.964968
endloop
endfacet
facet normal -0.179595 -0.198152 0.963578
outer loop
vertex 12.424138 2.899138 4.325333
vertex 12.126013 3.169343 4.325333
vertex 11.301301 2.164429 3.964968
endloop
endfacet
facet normal -0.179594 -0.198152 0.963577
outer loop
vertex 12.424138 2.899138 4.325333
vertex 11.301301 2.164429 3.964968
vertex 11.504899 1.979899 3.964968
endloop
endfacet
facet normal -0.159308 -0.214801 0.963578
outer loop
vertex 12.126013 3.169343 4.325333
vertex 11.802838 3.409025 4.325333
vertex 11.080597 2.328115 3.964968
endloop
endfacet
facet normal -0.159308 -0.214801 0.963578
outer loop
vertex 12.126013 3.169343 4.325333
vertex 11.080597 2.328115 3.964968
vertex 11.301301 2.164429 3.964968
endloop
endfacet
facet normal -0.137486 -0.229382 0.963577
outer loop
vertex 11.802838 3.409025 4.325333
vertex 11.457726 3.615877 4.325333
vertex 10.844911 2.469379 3.964968
endloop
endfacet
facet normal -0.137486 -0.229382 0.963578
outer loop
vertex 11.802838 3.409025 4.325333
vertex 10.844911 2.469379 3.964968
vertex 11.080597 2.328115 3.964968
endloop
endfacet
facet normal -0.114341 -0.241753 0.963577
outer loop
vertex 11.457726 3.615877 4.325333
vertex 11.094002 3.787906 4.325333
vertex 10.596514 2.586863 3.964968
endloop
endfacet
facet normal -0.114341 -0.241753 0.963578
outer loop
vertex 11.457726 3.615877 4.325333
vertex 10.596514 2.586863 3.964968
vertex 10.844911 2.469379 3.964968
endloop
endfacet
facet normal -0.0900943 -0.251796 0.963578
outer loop
vertex 11.094002 3.787906 4.325333
vertex 10.715167 3.923455 4.325333
vertex 10.337797 2.679433 3.964968
endloop
endfacet
facet normal -0.0900941 -0.251797 0.963578
outer loop
vertex 11.094002 3.787906 4.325333
vertex 10.337797 2.679433 3.964968
vertex 10.596514 2.586863 3.964968
endloop
endfacet
facet normal -0.06498 -0.259415 0.963578
outer loop
vertex 10.715167 3.923455 4.325333
vertex 10.324870 4.021220 4.325333
vertex 10.071253 2.746199 3.964968
endloop
endfacet
facet normal -0.0649801 -0.259415 0.963578
outer loop
vertex 10.715167 3.923455 4.325333
vertex 10.071253 2.746199 3.964968
vertex 10.337797 2.679433 3.964968
endloop
endfacet
facet normal -0.03924 -0.264535 0.963578
outer loop
vertex 10.324870 4.021220 4.325333
vertex 9.926870 4.080257 4.325333
vertex 9.799448 2.786517 3.964968
endloop
endfacet
facet normal -0.0392399 -0.264535 0.963578
outer loop
vertex 10.324870 4.021220 4.325333
vertex 9.799448 2.786517 3.964968
vertex 10.071253 2.746199 3.964968
endloop
endfacet
facet normal -0.013122 -0.267107 0.963577
outer loop
vertex 9.926870 4.080257 4.325333
vertex 9.525000 4.100000 4.325333
vertex 9.525000 2.800000 3.964968
endloop
endfacet
facet normal -0.0131222 -0.267107 0.963578
outer loop
vertex 9.926870 4.080257 4.325333
vertex 9.525000 2.800000 3.964968
vertex 9.799448 2.786517 3.964968
endloop
endfacet
facet normal 0 -0.26713 0.96366
outer loop
vertex 9.525000 4.100000 4.325333
vertex -9.525000 4.100000 4.325333
vertex -9.525000 2.800000 3.964968
endloop
endfacet
facet normal 0 -0.26713 0.96366
outer loop
vertex 9.525000 4.100000 4.325333
vertex -9.525000 2.800000 3.964968
vertex 9.525000 2.800000 3.964968
endloop
endfacet
facet normal 0.013122 -0.267107 0.963577
outer loop
vertex -9.525000 4.100000 4.325333
vertex -9.926870 4.080257 4.325333
vertex -9.799448 2.786517 3.964968
endloop
endfacet
facet normal 0.0131222 -0.267107 0.963578
outer loop
vertex -9.525000 4.100000 4.325333
vertex -9.799448 2.786517 3.964968
vertex -9.525000 2.800000 3.964968
endloop
endfacet
facet normal 0.03924 -0.264535 0.963577
outer loop
vertex -9.926870 4.080257 4.325333
vertex -10.324870 4.021220 4.325333
vertex -10.071253 2.746199 3.964968
endloop
endfacet
facet normal 0.0392399 -0.264535 0.963578
outer loop
vertex -9.926870 4.080257 4.325333
vertex -10.071253 2.746199 3.964968
vertex -9.799448 2.786517 3.964968
endloop
endfacet
facet normal 0.06498 -0.259415 0.963578
outer loop
vertex -10.324870 4.021220 4.325333
vertex -10.715167 3.923455 4.325333
vertex -10.337797 2.679433 3.964968
endloop
endfacet
facet normal 0.0649801 -0.259415 0.963577
outer loop
vertex -10.324870 4.021220 4.325333
vertex -10.337797 2.679433 3.964968
vertex -10.071253 2.746199 3.964968
endloop
endfacet
facet normal 0.0900943 -0.251796 0.963578
outer loop
vertex -10.715167 3.923455 4.325333
vertex -11.094002 3.787906 4.325333
vertex -10.596514 2.586863 3.964968
endloop
endfacet
facet normal 0.090094 -0.251796 0.963578
outer loop
vertex -10.715167 3.923455 4.325333
vertex -10.596514 2.586863 3.964968
vertex -10.337797 2.679433 3.964968
endloop
endfacet
facet normal 0.114341 -0.241753 0.963578
outer loop
vertex -11.094002 3.787906 4.325333
vertex -11.457726 3.615877 4.325333
vertex -10.844911 2.469379 3.964968
endloop
endfacet
facet normal 0.114341 -0.241753 0.963577
outer loop
vertex -11.094002 3.787906 4.325333
vertex -10.844911 2.469379 3.964968
vertex -10.596514 2.586863 3.964968
endloop
endfacet
facet normal 0.137486 -0.229382 0.963577
outer loop
vertex -11.457726 3.615877 4.325333
vertex -11.802838 3.409025 4.325333
vertex -11.080597 2.328115 3.964968
endloop
endfacet
facet normal 0.137486 -0.229382 0.963578
outer loop
vertex -11.457726 3.615877 4.325333
vertex -11.080597 2.328115 3.964968
vertex -10.844911 2.469379 3.964968
endloop
endfacet
facet normal 0.159307 -0.214801 0.963578
outer loop
vertex -11.802838 3.409025 4.325333
vertex -12.126013 3.169343 4.325333
vertex -11.301301 2.164429 3.964968
endloop
endfacet
facet normal 0.159308 -0.214801 0.963578
outer loop
vertex -11.802838 3.409025 4.325333
vertex -11.301301 2.164429 3.964968
vertex -11.080597 2.328115 3.964968
endloop
endfacet
facet normal 0.179595 -0.198152 0.963578
outer loop
vertex -12.126013 3.169343 4.325333
vertex -12.424138 2.899138 4.325333
vertex -11.504899 1.979899 3.964968
endloop
endfacet
facet normal 0.179594 -0.198152 0.963578
outer loop
vertex -12.126013 3.169343 4.325333
vertex -11.504899 1.979899 3.964968
vertex -11.301301 2.164429 3.964968
endloop
endfacet
facet normal 0.198152 -0.179594 0.963578
outer loop
vertex -12.424138 2.899138 4.325333
vertex -12.694343 2.601012 4.325333
vertex -11.689429 1.776301 3.964968
endloop
endfacet
facet normal 0.198152 -0.179594 0.963578
outer loop
vertex -12.424138 2.899138 4.325333
vertex -11.689429 1.776301 3.964968
vertex -11.504899 1.979899 3.964968
endloop
endfacet
facet normal 0.214801 -0.159308 0.963577
outer loop
vertex -12.694343 2.601012 4.325333
vertex -12.934026 2.277838 4.325333
vertex -11.853115 1.555597 3.964968
endloop
endfacet
facet normal 0.214801 -0.159308 0.963578
outer loop
vertex -12.694343 2.601012 4.325333
vertex -11.853115 1.555597 3.964968
vertex -11.689429 1.776301 3.964968
endloop
endfacet
facet normal 0.229382 -0.137486 0.963578
outer loop
vertex -12.934026 2.277838 4.325333
vertex -13.140877 1.932727 4.325333
vertex -11.994380 1.319911 3.964968
endloop
endfacet
facet normal 0.229382 -0.137486 0.963578
outer loop
vertex -12.934026 2.277838 4.325333
vertex -11.994380 1.319911 3.964968
vertex -11.853115 1.555597 3.964968
endloop
endfacet
facet normal 0.241753 -0.114341 0.963577
outer loop
vertex -13.140877 1.932727 4.325333
vertex -13.312906 1.569002 4.325333
vertex -12.111863 1.071514 3.964968
endloop
endfacet
facet normal 0.241753 -0.114341 0.963577
outer loop
vertex -13.140877 1.932727 4.325333
vertex -12.111863 1.071514 3.964968
vertex -11.994380 1.319911 3.964968
endloop
endfacet
facet normal 0.251796 -0.0900943 0.963578
outer loop
vertex -13.312906 1.569002 4.325333
vertex -13.448456 1.190167 4.325333
vertex -12.204432 0.812797 3.964968
endloop
endfacet
facet normal 0.251797 -0.0900934 0.963577
outer loop
vertex -13.312906 1.569002 4.325333
vertex -12.204432 0.812797 3.964968
vertex -12.111863 1.071514 3.964968
endloop
endfacet
facet normal 0.259415 -0.0649799 0.963578
outer loop
vertex -13.448456 1.190167 4.325333
vertex -13.546220 0.799870 4.325333
vertex -12.271199 0.546253 3.964968
endloop
endfacet
facet normal 0.259414 -0.0649808 0.963578
outer loop
vertex -13.448456 1.190167 4.325333
vertex -12.271199 0.546253 3.964968
vertex -12.204432 0.812797 3.964968
endloop
endfacet
facet normal 0.264535 -0.0392397 0.963578
outer loop
vertex -13.546220 0.799870 4.325333
vertex -13.605257 0.401870 4.325333
vertex -12.311517 0.274448 3.964968
endloop
endfacet
facet normal 0.264535 -0.0392392 0.963577
outer loop
vertex -13.546220 0.799870 4.325333
vertex -12.311517 0.274448 3.964968
vertex -12.271199 0.546253 3.964968
endloop
endfacet
facet normal 0.267107 -0.0131224 0.963578
outer loop
vertex -13.605257 0.401870 4.325333
vertex -13.625000 0.000000 4.325333
vertex -12.325000 0.000000 3.964968
endloop
endfacet
facet normal 0.267107 -0.0131224 0.963577
outer loop
vertex -13.605257 0.401870 4.325333
vertex -12.325000 0.000000 3.964968
vertex -12.311517 0.274448 3.964968
endloop
endfacet
facet normal 0.267107 0.0131224 0.963578
outer loop
vertex -13.625000 0.000000 4.325333
vertex -13.605257 -0.401870 4.325333
vertex -12.311517 -0.274448 3.964968
endloop
endfacet
facet normal 0.267107 0.0131224 0.963577
outer loop
vertex -13.625000 0.000000 4.325333
vertex -12.311517 -0.274448 3.964968
vertex -12.325000 0.000000 3.964968
endloop
endfacet
facet normal 0.264535 0.0392397 0.963578
outer loop
vertex -13.605257 -0.401870 4.325333
vertex -13.546220 -0.799870 4.325333
vertex -12.271199 -0.546253 3.964968
endloop
endfacet
facet normal 0.264535 0.0392392 0.963578
outer loop
vertex -13.605257 -0.401870 4.325333
vertex -12.271199 -0.546253 3.964968
vertex -12.311517 -0.274448 3.964968
endloop
endfacet
facet normal 0.259415 0.0649798 0.963578
outer loop
vertex -13.546220 -0.799870 4.325333
vertex -13.448456 -1.190167 4.325333
vertex -12.204432 -0.812797 3.964968
endloop
endfacet
facet normal 0.259415 0.0649808 0.963577
outer loop
vertex -13.546220 -0.799870 4.325333
vertex -12.204432 -0.812797 3.964968
vertex -12.271199 -0.546253 3.964968
endloop
endfacet
facet normal 0.251796 0.0900944 0.963578
outer loop
vertex -13.448456 -1.190167 4.325333
vertex -13.312906 -1.569002 4.325333
vertex -12.111863 -1.071514 3.964968
endloop
endfacet
facet normal 0.251797 0.0900933 0.963578
outer loop
vertex -13.448456 -1.190167 4.325333
vertex -12.111863 -1.071514 3.964968
vertex -12.204432 -0.812797 3.964968
endloop
endfacet
facet normal 0.241753 0.114341 0.963577
outer loop
vertex -13.312906 -1.569002 4.325333
vertex -13.140877 -1.932727 4.325333
vertex -11.994380 -1.319911 3.964968
endloop
endfacet
facet normal 0.241753 0.114341 0.963577
outer loop
vertex -13.312906 -1.569002 4.325333
vertex -11.994380 -1.319911 3.964968
vertex -12.111863 -1.071514 3.964968
endloop
endfacet
facet normal 0.229382 0.137486 0.963578
outer loop
vertex -13.140877 -1.932727 4.325333
vertex -12.934026 -2.277838 4.325333
vertex -11.853115 -1.555597 3.964968
endloop
endfacet
facet normal 0.229382 0.137486 0.963578
outer loop
vertex -13.140877 -1.932727 4.325333
vertex -11.853115 -1.555597 3.964968
vertex -11.994380 -1.319911 3.964968
endloop
endfacet
facet normal 0.214801 0.159308 0.963577
outer loop
vertex -12.934026 -2.277838 4.325333
vertex -12.694343 -2.601012 4.325333
vertex -11.689429 -1.776301 3.964968
endloop
endfacet
facet normal 0.214801 0.159308 0.963578
outer loop
vertex -12.934026 -2.277838 4.325333
vertex -11.689429 -1.776301 3.964968
vertex -11.853115 -1.555597 3.964968
endloop
endfacet
facet normal 0.198152 0.179594 0.963578
outer loop
vertex -12.694343 -2.601012 4.325333
vertex -12.424138 -2.899138 4.325333
vertex -11.504899 -1.979899 3.964968
endloop
endfacet
facet normal 0.198152 0.179595 0.963578
outer loop
vertex -12.694343 -2.601012 4.325333
vertex -11.504899 -1.979899 3.964968
vertex -11.689429 -1.776301 3.964968
endloop
endfacet
facet normal 0.179595 0.198152 0.963578
outer loop
vertex -12.424138 -2.899138 4.325333
vertex -12.126013 -3.169343 4.325333
vertex -11.301301 -2.164429 3.964968
endloop
endfacet
facet normal 0.179594 0.198152 0.963577
outer loop
vertex -12.424138 -2.899138 4.325333
vertex -11.301301 -2.164429 3.964968
vertex -11.504899 -1.979899 3.964968
endloop
endfacet
facet normal 0.159308 0.214801 0.963578
outer loop
vertex -12.126013 -3.169343 4.325333
vertex -11.802838 -3.409025 4.325333
vertex -11.080597 -2.328115 3.964968
endloop
endfacet
facet normal 0.159308 0.214801 0.963578
outer loop
vertex -12.126013 -3.169343 4.325333
vertex -11.080597 -2.328115 3.964968
vertex -11.301301 -2.164429 3.964968
endloop
endfacet
facet normal 0.137486 0.229382 0.963577
outer loop
vertex -11.802838 -3.409025 4.325333
vertex -11.457726 -3.615877 4.325333
vertex -10.844911 -2.469379 3.964968
endloop
endfacet
facet normal 0.137486 0.229382 0.963578
outer loop
vertex -11.802838 -3.409025 4.325333
vertex -10.844911 -2.469379 3.964968
vertex -11.080597 -2.328115 3.964968
endloop
endfacet
facet normal 0.114341 0.241753 0.963577
outer loop
vertex -11.457726 -3.615877 4.325333
vertex -11.094002 -3.787906 4.325333
vertex -10.596514 -2.586863 3.964968
endloop
endfacet
facet normal 0.114341 0.241753 0.963578
outer loop
vertex -11.457726 -3.615877 4.325333
vertex -10.596514 -2.586863 3.964968
vertex -10.844911 -2.469379 3.964968
endloop
endfacet
facet normal 0.0900943 0.251796 0.963578
outer loop
vertex -11.094002 -3.787906 4.325333
vertex -10.715167 -3.923455 4.325333
vertex -10.337797 -2.679433 3.964968
endloop
endfacet
facet normal 0.0900941 0.251797 0.963578
outer loop
vertex -11.094002 -3.787906 4.325333
vertex -10.337797 -2.679433 3.964968
vertex -10.596514 -2.586863 3.964968
endloop
endfacet
facet normal 0.06498 0.259415 0.963578
outer loop
vertex -10.715167 -3.923455 4.325333
vertex -10.324870 -4.021220 4.325333
vertex -10.071253 -2.746199 3.964968
endloop
endfacet
facet normal 0.0649801 0.259415 0.963578
outer loop
vertex -10.715167 -3.923455 4.325333
vertex -10.071253 -2.746199 3.964968
vertex -10.337797 -2.679433 3.964968
endloop
endfacet
facet normal 0.03924 0.264535 0.963578
outer loop
vertex -10.324870 -4.021220 4.325333
vertex -9.926870 -4.080257 4.325333
vertex -9.799448 -2.786517 3.964968
endloop
endfacet
facet normal 0.0392399 0.264535 0.963578
outer loop
vertex -10.324870 -4.021220 4.325333
vertex -9.799448 -2.786517 3.964968
vertex -10.071253 -2.746199 3.964968
endloop
endfacet
facet normal 0.013122 0.267107 0.963577
outer loop
vertex -9.926870 -4.080257 4.325333
vertex -9.525000 -4.100000 4.325333
vertex -9.525000 -2.800000 3.964968
endloop
endfacet
facet normal 0.0131222 0.267107 0.963578
outer loop
vertex -9.926870 -4.080257 4.325333
vertex -9.525000 -2.800000 3.964968
vertex -9.799448 -2.786517 3.964968
endloop
endfacet
facet normal -0 0.26713 0.96366
outer loop
vertex -9.525000 -4.100000 4.325333
vertex 9.525000 -4.100000 4.325333
vertex 9.525000 -2.800000 3.964968
endloop
endfacet
facet normal 0 0.26713 0.96366
outer loop
vertex -9.525000 -4.100000 4.325333
vertex 9.525000 -2.800000 3.964968
vertex -9.525000 -2.800000 3.964968
endloop
endfacet
facet normal -0.013122 0.267107 0.963577
outer loop
vertex 9.525000 -4.100000 4.325333
vertex 9.926870 -4.080257 4.325333
vertex 9.799448 -2.786517 3.964968
endloop
endfacet
facet normal -0.0131222 0.267107 0.963578
outer loop
vertex 9.525000 -4.100000 4.325333
vertex 9.799448 -2.786517 3.964968
vertex 9.525000 -2.800000 3.964968
endloop
endfacet
facet normal -0.03924 0.264535 0.963577
outer loop
vertex 9.926870 -4.080257 4.325333
vertex 10.324870 -4.021220 4.325333
vertex 10.071253 -2.746199 3.964968
endloop
endfacet
facet normal -0.0392399 0.264535 0.963578
outer loop
vertex 9.926870 -4.080257 4.325333
vertex 10.071253 -2.746199 3.964968
vertex 9.799448 -2.786517 3.964968
endloop
endfacet
facet normal -0.06498 0.259415 0.963578
outer loop
vertex 10.324870 -4.021220 4.325333
vertex 10.715167 -3.923455 4.325333
vertex 10.337797 -2.679433 3.964968
endloop
endfacet
facet normal -0.0649801 0.259415 0.963577
outer loop
vertex 10.324870 -4.021220 4.325333
vertex 10.337797 -2.679433 3.964968
vertex 10.071253 -2.746199 3.964968
endloop
endfacet
facet normal -0.0900943 0.251796 0.963578
outer loop
vertex 10.715167 -3.923455 4.325333
vertex 11.094002 -3.787906 4.325333
vertex 10.596514 -2.586863 3.964968
endloop
endfacet
facet normal -0.090094 0.251796 0.963578
outer loop
vertex 10.715167 -3.923455 4.325333
vertex 10.596514 -2.586863 3.964968
vertex 10.337797 -2.679433 3.964968
endloop
endfacet
facet normal -0.114341 0.241753 0.963578
outer loop
vertex 11.094002 -3.787906 4.325333
vertex 11.457726 -3.615877 4.325333
vertex 10.844911 -2.469379 3.964968
endloop
endfacet
facet normal -0.114341 0.241753 0.963577
outer loop
vertex 11.094002 -3.787906 4.325333
vertex 10.844911 -2.469379 3.964968
vertex 10.596514 -2.586863 3.964968
endloop
endfacet
facet normal -0.137486 0.229382 0.963577
outer loop
vertex 11.457726 -3.615877 4.325333
vertex 11.802838 -3.409025 4.325333
vertex 11.080597 -2.328115 3.964968
endloop
endfacet
facet normal -0.137486 0.229382 0.963578
outer loop
vertex 11.457726 -3.615877 4.325333
vertex 11.080597 -2.328115 3.964968
vertex 10.844911 -2.469379 3.964968
endloop
endfacet
facet normal -0.159307 0.214801 0.963578
outer loop
vertex 11.802838 -3.409025 4.325333
vertex 12.126013 -3.169343 4.325333
vertex 11.301301 -2.164429 3.964968
endloop
endfacet
facet normal -0.159308 0.214801 0.963578
outer loop
vertex 11.802838 -3.409025 4.325333
vertex 11.301301 -2.164429 3.964968
vertex 11.080597 -2.328115 3.964968
endloop
endfacet
facet normal -0.179595 0.198152 0.963578
outer loop
vertex 12.126013 -3.169343 4.325333
vertex 12.424138 -2.899138 4.325333
vertex 11.504899 -1.979899 3.964968
endloop
endfacet
facet normal -0.179594 0.198152 0.963578
outer loop
vertex 12.126013 -3.169343 4.325333
vertex 11.504899 -1.979899 3.964968
vertex 11.301301 -2.164429 3.964968
endloop
endfacet
facet normal -0.198152 0.179594 0.963578
outer loop
vertex 12.424138 -2.899138 4.325333
vertex 12.694343 -2.601012 4.325333
vertex 11.689429 -1.776301 3.964968
endloop
endfacet
facet normal -0.198152 0.179594 0.963578
outer loop
vertex 12.424138 -2.899138 4.325333
vertex 11.689429 -1.776301 3.964968
vertex 11.504899 -1.979899 3.964968
endloop
endfacet
facet normal -0.214801 0.159308 0.963577
outer loop
vertex 12.694343 -2.601012 4.325333
vertex 12.934026 -2.277838 4.325333
vertex 11.853115 -1.555597 3.964968
endloop
endfacet
facet normal -0.214801 0.159308 0.963578
outer loop
vertex 12.694343 -2.601012 4.325333
vertex 11.853115 -1.555597 3.964968
vertex 11.689429 -1.776301 3.964968
endloop
endfacet
facet normal -0.229382 0.137486 0.963578
outer loop
vertex 12.934026 -2.277838 4.325333
vertex 13.140877 -1.932727 4.325333
vertex 11.994380 -1.319911 3.964968
endloop
endfacet
facet normal -0.229382 0.137486 0.963578
outer loop
vertex 12.934026 -2.277838 4.325333
vertex 11.994380 -1.319911 3.964968
vertex 11.853115 -1.555597 3.964968
endloop
endfacet
facet normal -0.241753 0.114341 0.963577
outer loop
vertex 13.140877 -1.932727 4.325333
vertex 13.312906 -1.569002 4.325333
vertex 12.111863 -1.071514 3.964968
endloop
endfacet
facet normal -0.241753 0.114341 0.963577
outer loop
vertex 13.140877 -1.932727 4.325333
vertex 12.111863 -1.071514 3.964968
vertex 11.994380 -1.319911 3.964968
endloop
endfacet
facet normal -0.251796 0.0900943 0.963578
outer loop
vertex 13.312906 -1.569002 4.325333
vertex 13.448456 -1.190167 4.325333
vertex 12.204432 -0.812797 3.964968
endloop
endfacet
facet normal -0.251797 0.0900934 0.963577
outer loop
vertex 13.312906 -1.569002 4.325333
vertex 12.204432 -0.812797 3.964968
vertex 12.111863 -1.071514 3.964968
endloop
endfacet
facet normal -0.259415 0.0649799 0.963578
outer loop
vertex 13.448456 -1.190167 4.325333
vertex 13.546220 -0.799870 4.325333
vertex 12.271199 -0.546253 3.964968
endloop
endfacet
facet normal -0.259414 0.0649808 0.963578
outer loop
vertex 13.448456 -1.190167 4.325333
vertex 12.271199 -0.546253 3.964968
vertex 12.204432 -0.812797 3.964968
endloop
endfacet
facet normal -0.264535 0.0392397 0.963578
outer loop
vertex 13.546220 -0.799870 4.325333
vertex 13.605257 -0.401870 4.325333
vertex 12.311517 -0.274448 3.964968
endloop
endfacet
facet normal -0.264535 0.0392392 0.963577
outer loop
vertex 13.546220 -0.799870 4.325333
vertex 12.311517 -0.274448 3.964968
vertex 12.271199 -0.546253 3.964968
endloop
endfacet
facet normal -0.267107 0.0131224 0.963578
outer loop
vertex 13.605257 -0.401870 4.325333
vertex 13.625000 -0.000000 4.325333
vertex 12.325000 -0.000000 3.964968
endloop
endfacet
facet normal -0.267107 0.0131224 0.963577
outer loop
vertex 13.605257 -0.401870 4.325333
vertex 12.325000 -0.000000 3.964968
vertex 12.311517 -0.274448 3.964968
endloop
endfacet
facet normal -0.166376 -0.00817368 0.986029
outer loop
vertex 12.325000 -0.000000 3.964968
vertex 12.311517 0.274448 3.964968
vertex 10.918259 0.137224 3.728742
endloop
endfacet
facet normal -0.166376 -0.00817364 0.986029
outer loop
vertex 12.325000 -0.000000 3.964968
vertex 10.918259 0.137224 3.728742
vertex 10.925000 -0.000000 3.728742
endloop
endfacet
facet normal -0.164773 -0.0244412 0.986029
outer loop
vertex 12.311517 0.274448 3.964968
vertex 12.271199 0.546253 3.964968
vertex 10.898099 0.273126 3.728742
endloop
endfacet
facet normal -0.164773 -0.0244423 0.986029
outer loop
vertex 12.311517 0.274448 3.964968
vertex 10.898099 0.273126 3.728742
vertex 10.918259 0.137224 3.728742
endloop
endfacet
facet normal -0.161584 -0.0404752 0.986029
outer loop
vertex 12.271199 0.546253 3.964968
vertex 12.204432 0.812797 3.964968
vertex 10.864717 0.406399 3.728742
endloop
endfacet
facet normal -0.161584 -0.040474 0.986029
outer loop
vertex 12.271199 0.546253 3.964968
vertex 10.864717 0.406399 3.728742
vertex 10.898099 0.273126 3.728742
endloop
endfacet
facet normal -0.156839 -0.0561173 0.986029
outer loop
vertex 12.204432 0.812797 3.964968
vertex 12.111863 1.071514 3.964968
vertex 10.818431 0.535757 3.728742
endloop
endfacet
facet normal -0.156839 -0.0561184 0.986029
outer loop
vertex 12.204432 0.812797 3.964968
vertex 10.818431 0.535757 3.728742
vertex 10.864717 0.406399 3.728742
endloop
endfacet
facet normal -0.150583 -0.0712204 0.986029
outer loop
vertex 12.111863 1.071514 3.964968
vertex 11.994380 1.319911 3.964968
vertex 10.759689 0.659955 3.728742
endloop
endfacet
facet normal -0.150583 -0.0712204 0.986029
outer loop
vertex 12.111863 1.071514 3.964968
vertex 10.759689 0.659955 3.728742
vertex 10.818431 0.535757 3.728742
endloop
endfacet
facet normal -0.142877 -0.0856373 0.986029
outer loop
vertex 11.994380 1.319911 3.964968
vertex 11.853115 1.555597 3.964968
vertex 10.689057 0.777798 3.728742
endloop
endfacet
facet normal -0.142877 -0.0856368 0.986029
outer loop
vertex 11.994380 1.319911 3.964968
vertex 10.689057 0.777798 3.728742
vertex 10.759689 0.659955 3.728742
endloop
endfacet
facet normal -0.133795 -0.0992294 0.986029
outer loop
vertex 11.853115 1.555597 3.964968
vertex 11.689429 1.776301 3.964968
vertex 10.607215 0.888151 3.728742
endloop
endfacet
facet normal -0.133795 -0.0992291 0.986029
outer loop
vertex 11.853115 1.555597 3.964968
vertex 10.607215 0.888151 3.728742
vertex 10.689057 0.777798 3.728742
endloop
endfacet
facet normal -0.123425 -0.111866 0.986029
outer loop
vertex 11.689429 1.776301 3.964968
vertex 11.504899 1.979899 3.964968
vertex 10.514950 0.989949 3.728742
endloop
endfacet
facet normal -0.123425 -0.111866 0.986029
outer loop
vertex 11.689429 1.776301 3.964968
vertex 10.514950 0.989949 3.728742
vertex 10.607215 0.888151 3.728742
endloop
endfacet
facet normal -0.111866 -0.123425 0.986029
outer loop
vertex 11.504899 1.979899 3.964968
vertex 11.301301 2.164429 3.964968
vertex 10.413151 1.082215 3.728742
endloop
endfacet
facet normal -0.111866 -0.123425 0.986029
outer loop
vertex 11.504899 1.979899 3.964968
vertex 10.413151 1.082215 3.728742
vertex 10.514950 0.989949 3.728742
endloop
endfacet
facet normal -0.0992295 -0.133795 0.986029
outer loop
vertex 11.301301 2.164429 3.964968
vertex 11.080597 2.328115 3.964968
vertex 10.302798 1.164057 3.728742
endloop
endfacet
facet normal -0.0992292 -0.133795 0.986029
outer loop
vertex 11.301301 2.164429 3.964968
vertex 10.302798 1.164057 3.728742
vertex 10.413151 1.082215 3.728742
endloop
endfacet
facet normal -0.085637 -0.142877 0.986029
outer loop
vertex 11.080597 2.328115 3.964968
vertex 10.844911 2.469379 3.964968
vertex 10.184956 1.234690 3.728742
endloop
endfacet
facet normal -0.0856374 -0.142877 0.986029
outer loop
vertex 11.080597 2.328115 3.964968
vertex 10.184956 1.234690 3.728742
vertex 10.302798 1.164057 3.728742
endloop
endfacet
facet normal -0.0712207 -0.150583 0.986029
outer loop
vertex 10.844911 2.469379 3.964968
vertex 10.596514 2.586863 3.964968
vertex 10.060757 1.293431 3.728742
endloop
endfacet
facet normal -0.0712205 -0.150583 0.986029
outer loop
vertex 10.844911 2.469379 3.964968
vertex 10.060757 1.293431 3.728742
vertex 10.184956 1.234690 3.728742
endloop
endfacet
facet normal -0.0561177 -0.156839 0.986029
outer loop
vertex 10.596514 2.586863 3.964968
vertex 10.337797 2.679433 3.964968
vertex 9.931398 1.339716 3.728742
endloop
endfacet
facet normal -0.0561177 -0.156839 0.986029
outer loop
vertex 10.596514 2.586863 3.964968
vertex 9.931398 1.339716 3.728742
vertex 10.060757 1.293431 3.728742
endloop
endfacet
facet normal -0.0404748 -0.161584 0.986029
outer loop
vertex 10.337797 2.679433 3.964968
vertex 10.071253 2.746199 3.964968
vertex 9.798126 1.373099 3.728742
endloop
endfacet
facet normal -0.0404748 -0.161584 0.986029
outer loop
vertex 10.337797 2.679433 3.964968
vertex 9.798126 1.373099 3.728742
vertex 9.931398 1.339716 3.728742
endloop
endfacet
facet normal -0.0244417 -0.164773 0.986029
outer loop
vertex 10.071253 2.746199 3.964968
vertex 9.799448 2.786517 3.964968
vertex 9.662224 1.393259 3.728742
endloop
endfacet
facet normal -0.0244417 -0.164773 0.986029
outer loop
vertex 10.071253 2.746199 3.964968
vertex 9.662224 1.393259 3.728742
vertex 9.798126 1.373099 3.728742
endloop
endfacet
facet normal -0.00817352 -0.166375 0.986029
outer loop
vertex 9.799448 2.786517 3.964968
vertex 9.525000 2.800000 3.964968
vertex 9.525000 1.400000 3.728742
endloop
endfacet
facet normal -0.00817348 -0.166376 0.986029
outer loop
vertex 9.799448 2.786517 3.964968
vertex 9.525000 1.400000 3.728742
vertex 9.662224 1.393259 3.728742
endloop
endfacet
facet normal 0 -0.166382 0.986061
outer loop
vertex 1.084590 1.438946 3.735313
vertex 1.087670 1.400000 3.728742
vertex 9.525000 1.400000 3.728742
endloop
endfacet
facet normal 0 -0.166381 0.986062
outer loop
vertex -9.525000 2.800000 3.964968
vertex -9.525000 1.400000 3.728742
vertex -1.088550 1.400000 3.728742
endloop
endfacet
facet normal -2.09676e-07 -0.166382 0.986061
outer loop
vertex -9.525000 2.800000 3.964968
vertex -1.088550 1.400000 3.728742
vertex -1.078864 1.481457 3.742486
endloop
endfacet
facet normal 6.29503e-09 -0.166381 0.986062
outer loop
vertex 1.084590 1.438946 3.735313
vertex 9.525000 1.400000 3.728742
vertex 9.525000 2.800000 3.964968
endloop
endfacet
facet normal -1.79828e-07 -0.16638 0.986062
outer loop
vertex 1.062058 1.564791 3.756547
vertex 1.084590 1.438946 3.735313
vertex 9.525000 2.800000 3.964968
endloop
endfacet
facet normal 0 -0.166381 0.986062
outer loop
vertex -9.525000 2.800000 3.964968
vertex -1.078864 1.481457 3.742486
vertex -1.051586 1.605590 3.763432
endloop
endfacet
facet normal 2.08032e-07 -0.166379 0.986062
outer loop
vertex -9.525000 2.800000 3.964968
vertex -1.051586 1.605590 3.763432
vertex -1.025736 1.685302 3.776882
endloop
endfacet
facet normal 1.64661e-07 -0.166382 0.986061
outer loop
vertex 1.039213 1.645810 3.770218
vertex 1.062058 1.564791 3.756547
vertex 9.525000 2.800000 3.964968
endloop
endfacet
facet normal -3.88655e-08 -0.166381 0.986062
outer loop
vertex 0.993909 1.762166 3.789851
vertex 1.039213 1.645810 3.770218
vertex 9.525000 2.800000 3.964968
endloop
endfacet
facet normal -1.43342e-08 -0.166381 0.986062
outer loop
vertex -9.525000 2.800000 3.964968
vertex -1.025736 1.685302 3.776882
vertex -0.976196 1.799411 3.796136
endloop
endfacet
facet normal 0 -0.166381 0.986062
outer loop
vertex -9.525000 2.800000 3.964968
vertex -0.976196 1.799411 3.796136
vertex -0.914425 1.906417 3.814191
endloop
endfacet
facet normal 1.69063e-07 -0.166382 0.986061
outer loop
vertex 0.956719 1.835959 3.802303
vertex 0.993909 1.762166 3.789851
vertex 9.525000 2.800000 3.964968
endloop
endfacet
facet normal -1.15091e-08 -0.166381 0.986062
outer loop
vertex 0.891105 1.940327 3.819913
vertex 0.956719 1.835959 3.802303
vertex 9.525000 2.800000 3.964968
endloop
endfacet
facet normal -4.86808e-08 -0.166382 0.986061
outer loop
vertex -9.525000 2.800000 3.964968
vertex -0.914425 1.906417 3.814191
vertex -0.814693 2.036282 3.836104
endloop
endfacet
facet normal -3.40673e-08 -0.166381 0.986061
outer loop
vertex -9.525000 2.800000 3.964968
vertex -0.814693 2.036282 3.836104
vertex -0.696924 2.149748 3.855249
endloop
endfacet
facet normal -1.24242e-07 -0.16638 0.986062
outer loop
vertex 0.814512 2.036290 3.836105
vertex 0.891105 1.940327 3.819913
vertex 9.525000 2.800000 3.964968
endloop
endfacet
facet normal -1.34076e-08 -0.166381 0.986062
outer loop
vertex 0.727761 2.123045 3.850743
vertex 0.814512 2.036290 3.836105
vertex 9.525000 2.800000 3.964968
endloop
endfacet
facet normal 1.65681e-07 -0.166379 0.986062
outer loop
vertex -9.525000 2.800000 3.964968
vertex -0.696924 2.149748 3.855249
vertex -0.597994 2.222828 3.867580
endloop
endfacet
facet normal 1.38761e-08 -0.166381 0.986062
outer loop
vertex -9.525000 2.800000 3.964968
vertex -0.597994 2.222828 3.867580
vertex -0.453777 2.302467 3.881018
endloop
endfacet
facet normal 1.24255e-08 -0.166381 0.986062
outer loop
vertex 0.631760 2.199670 3.863672
vertex 0.727761 2.123045 3.850743
vertex 9.525000 2.800000 3.964968
endloop
endfacet
facet normal 1.87042e-07 -0.166384 0.986061
outer loop
vertex 0.563014 2.244717 3.871274
vertex 0.631760 2.199670 3.863672
vertex 9.525000 2.800000 3.964968
endloop
endfacet
facet normal -1.25309e-07 -0.166384 0.986061
outer loop
vertex -9.525000 2.800000 3.964968
vertex -0.453777 2.302467 3.881018
vertex -0.337371 2.347788 3.888665
endloop
endfacet
facet normal 1.00922e-07 -0.166379 0.986062
outer loop
vertex -9.525000 2.800000 3.964968
vertex -0.337371 2.347788 3.888665
vertex -0.173070 2.387241 3.895322
endloop
endfacet
facet normal -8.09764e-08 -0.16638 0.986062
outer loop
vertex 0.453599 2.302475 3.881019
vertex 0.563014 2.244717 3.871274
vertex 9.525000 2.800000 3.964968
endloop
endfacet
facet normal -2.11617e-08 -0.166381 0.986062
outer loop
vertex 0.376692 2.334136 3.886361
vertex 0.453599 2.302475 3.881019
vertex 9.525000 2.800000 3.964968
endloop
endfacet
facet normal -4.25649e-08 -0.166382 0.986061
outer loop
vertex -9.525000 2.800000 3.964968
vertex -0.173070 2.387241 3.895322
vertex -0.043994 2.400000 3.897475
endloop
endfacet
facet normal 4.1822e-07 -0.166371 0.986063
outer loop
vertex -9.525000 2.800000 3.964968
vertex -0.043994 2.400000 3.897475
vertex 0.043868 2.399999 3.897475
endloop
endfacet
facet normal 1.41362e-08 -0.166381 0.986061
outer loop
vertex 0.256274 2.370611 3.892516
vertex 0.376692 2.334136 3.886361
vertex 9.525000 2.800000 3.964968
endloop
endfacet
facet normal 5.49576e-08 -0.166382 0.986061
outer loop
vertex 0.172841 2.387253 3.895324
vertex 0.256274 2.370611 3.892516
vertex 9.525000 2.800000 3.964968
endloop
endfacet
facet normal 0 -0.166381 0.986061
outer loop
vertex 9.525000 2.800000 3.964968
vertex -9.525000 2.800000 3.964968
vertex 0.043868 2.399999 3.897475
endloop
endfacet
facet normal -2.55636e-07 -0.166376 0.986062
outer loop
vertex 9.525000 2.800000 3.964968
vertex 0.043868 2.399999 3.897475
vertex 0.172841 2.387253 3.895324
endloop
endfacet
facet normal 1.76027e-06 -0.166374 0.986063
outer loop
vertex 0.209714 1.964730 3.824030
vertex 0.128359 1.985306 3.827502
vertex 0.043475 1.995903 3.829290
endloop
endfacet
facet normal 2.07989e-07 -0.166381 0.986061
outer loop
vertex 0.043475 1.995903 3.829290
vertex -0.086500 1.991890 3.828613
vertex -0.209901 1.964725 3.824030
endloop
endfacet
facet normal -5.47143e-06 -0.166372 0.986063
outer loop
vertex -0.209901 1.964725 3.824030
vertex -0.323912 1.916560 3.815902
vertex -0.393629 1.873858 3.808697
endloop
endfacet
facet normal 4.50811e-06 -0.166385 0.986061
outer loop
vertex -0.393629 1.873858 3.808697
vertex -0.457560 1.823435 3.800189
vertex -0.515060 1.765936 3.790487
endloop
endfacet
facet normal 1.16717e-05 -0.166389 0.98606
outer loop
vertex -0.515060 1.765936 3.790487
vertex -0.565484 1.702006 3.779700
vertex -0.626439 1.595467 3.761724
endloop
endfacet
facet normal 3.1512e-05 -0.166391 0.98606
outer loop
vertex -0.626439 1.595467 3.761724
vertex -0.656349 1.518284 3.748700
vertex -0.676926 1.436929 3.734973
endloop
endfacet
facet normal 0 -0.166379 0.986062
outer loop
vertex -0.676926 1.436929 3.734973
vertex -0.680362 1.400000 3.728742
vertex 0.681347 1.400000 3.728742
endloop
endfacet
facet normal -1.87842e-05 -0.166385 0.986061
outer loop
vertex 0.681347 1.400000 3.728742
vertex 0.676736 1.436931 3.734973
vertex 0.642330 1.557442 3.755307
endloop
endfacet
facet normal -1.33433e-05 -0.166389 0.98606
outer loop
vertex 0.642330 1.557442 3.755307
vertex 0.607994 1.632297 3.767938
vertex 0.541005 1.734742 3.785224
endloop
endfacet
facet normal -4.73853e-07 -0.166381 0.986062
outer loop
vertex 0.541005 1.734742 3.785224
vertex 0.457368 1.823443 3.800191
vertex 0.393437 1.873866 3.808699
endloop
endfacet
facet normal -1.43671e-06 -0.166384 0.986061
outer loop
vertex 0.393437 1.873866 3.808699
vertex 0.286896 1.934821 3.818984
vertex 0.209714 1.964730 3.824030
endloop
endfacet
facet normal 3.04454e-07 -0.166382 0.986061
outer loop
vertex 0.209714 1.964730 3.824030
vertex 0.043475 1.995903 3.829290
vertex -0.209901 1.964725 3.824030
endloop
endfacet
facet normal -2.95003e-06 -0.166377 0.986062
outer loop
vertex -0.209901 1.964725 3.824030
vertex -0.393629 1.873858 3.808697
vertex -0.515060 1.765936 3.790487
endloop
endfacet
facet normal -7.10216e-07 -0.166381 0.986062
outer loop
vertex -0.515060 1.765936 3.790487
vertex -0.626439 1.595467 3.761724
vertex -0.676926 1.436929 3.734973
endloop
endfacet
facet normal -3.56686e-08 -0.16638 0.986062
outer loop
vertex -0.676926 1.436929 3.734973
vertex 0.681347 1.400000 3.728742
vertex 0.642330 1.557442 3.755307
endloop
endfacet
facet normal -3.19632e-06 -0.166384 0.986061
outer loop
vertex 0.642330 1.557442 3.755307
vertex 0.541005 1.734742 3.785224
vertex 0.393437 1.873866 3.808699
endloop
endfacet
facet normal 3.07087e-07 -0.16638 0.986062
outer loop
vertex 0.393437 1.873866 3.808699
vertex 0.209714 1.964730 3.824030
vertex -0.209901 1.964725 3.824030
endloop
endfacet
facet normal -6.46129e-07 -0.166381 0.986062
outer loop
vertex -0.209901 1.964725 3.824030
vertex -0.515060 1.765936 3.790487
vertex -0.676926 1.436929 3.734973
endloop
endfacet
facet normal 3.2839e-08 -0.166381 0.986061
outer loop
vertex -0.676926 1.436929 3.734973
vertex 0.642330 1.557442 3.755307
vertex 0.393437 1.873866 3.808699
endloop
endfacet
facet normal 1.24694e-07 -0.166381 0.986061
outer loop
vertex -0.209901 1.964725 3.824030
vertex -0.676926 1.436929 3.734973
vertex 0.393437 1.873866 3.808699
endloop
endfacet
facet normal 0.00817352 -0.166375 0.986029
outer loop
vertex -9.525000 2.800000 3.964968
vertex -9.799448 2.786517 3.964968
vertex -9.662224 1.393259 3.728742
endloop
endfacet
facet normal 0.00817347 -0.166375 0.986029
outer loop
vertex -9.525000 2.800000 3.964968
vertex -9.662224 1.393259 3.728742
vertex -9.525000 1.400000 3.728742
endloop
endfacet
facet normal 0.0244417 -0.164773 0.986029
outer loop
vertex -9.799448 2.786517 3.964968
vertex -10.071253 2.746199 3.964968
vertex -9.798126 1.373099 3.728742
endloop
endfacet
facet normal 0.0244417 -0.164773 0.986029
outer loop
vertex -9.799448 2.786517 3.964968
vertex -9.798126 1.373099 3.728742
vertex -9.662224 1.393259 3.728742
endloop
endfacet
facet normal 0.0404748 -0.161584 0.986029
outer loop
vertex -10.071253 2.746199 3.964968
vertex -10.337797 2.679433 3.964968
vertex -9.931398 1.339716 3.728742
endloop
endfacet
facet normal 0.0404749 -0.161584 0.986029
outer loop
vertex -10.071253 2.746199 3.964968
vertex -9.931398 1.339716 3.728742
vertex -9.798126 1.373099 3.728742
endloop
endfacet
facet normal 0.0561177 -0.156839 0.986029
outer loop
vertex -10.337797 2.679433 3.964968
vertex -10.596514 2.586863 3.964968
vertex -10.060757 1.293431 3.728742
endloop
endfacet
facet normal 0.0561177 -0.156839 0.986029
outer loop
vertex -10.337797 2.679433 3.964968
vertex -10.060757 1.293431 3.728742
vertex -9.931398 1.339716 3.728742
endloop
endfacet
facet normal 0.0712207 -0.150583 0.986029
outer loop
vertex -10.596514 2.586863 3.964968
vertex -10.844911 2.469379 3.964968
vertex -10.184956 1.234690 3.728742
endloop
endfacet
facet normal 0.0712204 -0.150583 0.986029
outer loop
vertex -10.596514 2.586863 3.964968
vertex -10.184956 1.234690 3.728742
vertex -10.060757 1.293431 3.728742
endloop
endfacet
facet normal 0.085637 -0.142877 0.986029
outer loop
vertex -10.844911 2.469379 3.964968
vertex -11.080597 2.328115 3.964968
vertex -10.302798 1.164057 3.728742
endloop
endfacet
facet normal 0.0856374 -0.142877 0.986029
outer loop
vertex -10.844911 2.469379 3.964968
vertex -10.302798 1.164057 3.728742
vertex -10.184956 1.234690 3.728742
endloop
endfacet
facet normal 0.0992295 -0.133795 0.986029
outer loop
vertex -11.080597 2.328115 3.964968
vertex -11.301301 2.164429 3.964968
vertex -10.413151 1.082215 3.728742
endloop
endfacet
facet normal 0.0992291 -0.133795 0.986029
outer loop
vertex -11.080597 2.328115 3.964968
vertex -10.413151 1.082215 3.728742
vertex -10.302798 1.164057 3.728742
endloop
endfacet
facet normal 0.111866 -0.123425 0.986029
outer loop
vertex -11.301301 2.164429 3.964968
vertex -11.504899 1.979899 3.964968
vertex -10.514950 0.989949 3.728742
endloop
endfacet
facet normal 0.111866 -0.123425 0.986029
outer loop
vertex -11.301301 2.164429 3.964968
vertex -10.514950 0.989949 3.728742
vertex -10.413151 1.082215 3.728742
endloop
endfacet
facet normal 0.123425 -0.111866 0.986029
outer loop
vertex -11.504899 1.979899 3.964968
vertex -11.689429 1.776301 3.964968
vertex -10.607215 0.888151 3.728742
endloop
endfacet
facet normal 0.123425 -0.111866 0.986029
outer loop
vertex -11.504899 1.979899 3.964968
vertex -10.607215 0.888151 3.728742
vertex -10.514950 0.989949 3.728742
endloop
endfacet
facet normal 0.133795 -0.0992294 0.986029
outer loop
vertex -11.689429 1.776301 3.964968
vertex -11.853115 1.555597 3.964968
vertex -10.689057 0.777798 3.728742
endloop
endfacet
facet normal 0.133795 -0.099229 0.986029
outer loop
vertex -11.689429 1.776301 3.964968
vertex -10.689057 0.777798 3.728742
vertex -10.607215 0.888151 3.728742
endloop
endfacet
facet normal 0.142877 -0.0856373 0.986029
outer loop
vertex -11.853115 1.555597 3.964968
vertex -11.994380 1.319911 3.964968
vertex -10.759689 0.659955 3.728742
endloop
endfacet
facet normal 0.142877 -0.0856369 0.986029
outer loop
vertex -11.853115 1.555597 3.964968
vertex -10.759689 0.659955 3.728742
vertex -10.689057 0.777798 3.728742
endloop
endfacet
facet normal 0.150583 -0.0712204 0.986029
outer loop
vertex -11.994380 1.319911 3.964968
vertex -12.111863 1.071514 3.964968
vertex -10.818431 0.535757 3.728742
endloop
endfacet
facet normal 0.150583 -0.0712204 0.986029
outer loop
vertex -11.994380 1.319911 3.964968
vertex -10.818431 0.535757 3.728742
vertex -10.759689 0.659955 3.728742
endloop
endfacet
facet normal 0.156839 -0.0561173 0.986029
outer loop
vertex -12.111863 1.071514 3.964968
vertex -12.204432 0.812797 3.964968
vertex -10.864717 0.406399 3.728742
endloop
endfacet
facet normal 0.156838 -0.0561183 0.986029
outer loop
vertex -12.111863 1.071514 3.964968
vertex -10.864717 0.406399 3.728742
vertex -10.818431 0.535757 3.728742
endloop
endfacet
facet normal 0.161584 -0.0404752 0.986029
outer loop
vertex -12.204432 0.812797 3.964968
vertex -12.271199 0.546253 3.964968
vertex -10.898099 0.273126 3.728742
endloop
endfacet
facet normal 0.161584 -0.0404741 0.986029
outer loop
vertex -12.204432 0.812797 3.964968
vertex -10.898099 0.273126 3.728742
vertex -10.864717 0.406399 3.728742
endloop
endfacet
facet normal 0.164773 -0.0244413 0.986029
outer loop
vertex -12.271199 0.546253 3.964968
vertex -12.311517 0.274448 3.964968
vertex -10.918259 0.137224 3.728742
endloop
endfacet
facet normal 0.164773 -0.0244424 0.986029
outer loop
vertex -12.271199 0.546253 3.964968
vertex -10.918259 0.137224 3.728742
vertex -10.898099 0.273126 3.728742
endloop
endfacet
facet normal 0.166376 -0.00817368 0.986029
outer loop
vertex -12.311517 0.274448 3.964968
vertex -12.325000 0.000000 3.964968
vertex -10.925000 0.000000 3.728742
endloop
endfacet
facet normal 0.166376 -0.00817379 0.986029
outer loop
vertex -12.311517 0.274448 3.964968
vertex -10.925000 0.000000 3.728742
vertex -10.918259 0.137224 3.728742
endloop
endfacet
facet normal 0.166376 0.00817368 0.986029
outer loop
vertex -12.325000 0.000000 3.964968
vertex -12.311517 -0.274448 3.964968
vertex -10.918259 -0.137224 3.728742
endloop
endfacet
facet normal 0.166376 0.00817364 0.986029
outer loop
vertex -12.325000 0.000000 3.964968
vertex -10.918259 -0.137224 3.728742
vertex -10.925000 0.000000 3.728742
endloop
endfacet
facet normal 0.164773 0.0244412 0.986029
outer loop
vertex -12.311517 -0.274448 3.964968
vertex -12.271199 -0.546253 3.964968
vertex -10.898099 -0.273126 3.728742
endloop
endfacet
facet normal 0.164773 0.0244423 0.986029
outer loop
vertex -12.311517 -0.274448 3.964968
vertex -10.898099 -0.273126 3.728742
vertex -10.918259 -0.137224 3.728742
endloop
endfacet
facet normal 0.161584 0.0404752 0.986029
outer loop
vertex -12.271199 -0.546253 3.964968
vertex -12.204432 -0.812797 3.964968
vertex -10.864717 -0.406399 3.728742
endloop
endfacet
facet normal 0.161584 0.040474 0.986029
outer loop
vertex -12.271199 -0.546253 3.964968
vertex -10.864717 -0.406399 3.728742
vertex -10.898099 -0.273126 3.728742
endloop
endfacet
facet normal 0.156839 0.0561173 0.986029
outer loop
vertex -12.204432 -0.812797 3.964968
vertex -12.111863 -1.071514 3.964968
vertex -10.818431 -0.535757 3.728742
endloop
endfacet
facet normal 0.156839 0.0561184 0.986029
outer loop
vertex -12.204432 -0.812797 3.964968
vertex -10.818431 -0.535757 3.728742
vertex -10.864717 -0.406399 3.728742
endloop
endfacet
facet normal 0.150583 0.0712204 0.986029
outer loop
vertex -12.111863 -1.071514 3.964968
vertex -11.994380 -1.319911 3.964968
vertex -10.759689 -0.659955 3.728742
endloop
endfacet
facet normal 0.150583 0.0712204 0.986029
outer loop
vertex -12.111863 -1.071514 3.964968
vertex -10.759689 -0.659955 3.728742
vertex -10.818431 -0.535757 3.728742
endloop
endfacet
facet normal 0.142877 0.0856373 0.986029
outer loop
vertex -11.994380 -1.319911 3.964968
vertex -11.853115 -1.555597 3.964968
vertex -10.689057 -0.777798 3.728742
endloop
endfacet
facet normal 0.142877 0.0856368 0.986029
outer loop
vertex -11.994380 -1.319911 3.964968
vertex -10.689057 -0.777798 3.728742
vertex -10.759689 -0.659955 3.728742
endloop
endfacet
facet normal 0.133795 0.0992294 0.986029
outer loop
vertex -11.853115 -1.555597 3.964968
vertex -11.689429 -1.776301 3.964968
vertex -10.607215 -0.888151 3.728742
endloop
endfacet
facet normal 0.133795 0.0992291 0.986029
outer loop
vertex -11.853115 -1.555597 3.964968
vertex -10.607215 -0.888151 3.728742
vertex -10.689057 -0.777798 3.728742
endloop
endfacet
facet normal 0.123425 0.111866 0.986029
outer loop
vertex -11.689429 -1.776301 3.964968
vertex -11.504899 -1.979899 3.964968
vertex -10.514950 -0.989949 3.728742
endloop
endfacet
facet normal 0.123425 0.111866 0.986029
outer loop
vertex -11.689429 -1.776301 3.964968
vertex -10.514950 -0.989949 3.728742
vertex -10.607215 -0.888151 3.728742
endloop
endfacet
facet normal 0.111866 0.123425 0.986029
outer loop
vertex -11.504899 -1.979899 3.964968
vertex -11.301301 -2.164429 3.964968
vertex -10.413151 -1.082215 3.728742
endloop
endfacet
facet normal 0.111866 0.123425 0.986029
outer loop
vertex -11.504899 -1.979899 3.964968
vertex -10.413151 -1.082215 3.728742
vertex -10.514950 -0.989949 3.728742
endloop
endfacet
facet normal 0.0992295 0.133795 0.986029
outer loop
vertex -11.301301 -2.164429 3.964968
vertex -11.080597 -2.328115 3.964968
vertex -10.302798 -1.164057 3.728742
endloop
endfacet
facet normal 0.0992292 0.133795 0.986029
outer loop
vertex -11.301301 -2.164429 3.964968
vertex -10.302798 -1.164057 3.728742
vertex -10.413151 -1.082215 3.728742
endloop
endfacet
facet normal 0.085637 0.142877 0.986029
outer loop
vertex -11.080597 -2.328115 3.964968
vertex -10.844911 -2.469379 3.964968
vertex -10.184956 -1.234690 3.728742
endloop
endfacet
facet normal 0.0856374 0.142877 0.986029
outer loop
vertex -11.080597 -2.328115 3.964968
vertex -10.184956 -1.234690 3.728742
vertex -10.302798 -1.164057 3.728742
endloop
endfacet
facet normal 0.0712207 0.150583 0.986029
outer loop
vertex -10.844911 -2.469379 3.964968
vertex -10.596514 -2.586863 3.964968
vertex -10.060757 -1.293431 3.728742
endloop
endfacet
facet normal 0.0712205 0.150583 0.986029
outer loop
vertex -10.844911 -2.469379 3.964968
vertex -10.060757 -1.293431 3.728742
vertex -10.184956 -1.234690 3.728742
endloop
endfacet
facet normal 0.0561177 0.156839 0.986029
outer loop
vertex -10.596514 -2.586863 3.964968
vertex -10.337797 -2.679433 3.964968
vertex -9.931398 -1.339716 3.728742
endloop
endfacet
facet normal 0.0561177 0.156839 0.986029
outer loop
vertex -10.596514 -2.586863 3.964968
vertex -9.931398 -1.339716 3.728742
vertex -10.060757 -1.293431 3.728742
endloop
endfacet
facet normal 0.0404748 0.161584 0.986029
outer loop
vertex -10.337797 -2.679433 3.964968
vertex -10.071253 -2.746199 3.964968
vertex -9.798126 -1.373099 3.728742
endloop
endfacet
facet normal 0.0404748 0.161584 0.986029
outer loop
vertex -10.337797 -2.679433 3.964968
vertex -9.798126 -1.373099 3.728742
vertex -9.931398 -1.339716 3.728742
endloop
endfacet
facet normal 0.0244417 0.164773 0.986029
outer loop
vertex -10.071253 -2.746199 3.964968
vertex -9.799448 -2.786517 3.964968
vertex -9.662224 -1.393259 3.728742
endloop
endfacet
facet normal 0.0244417 0.164773 0.986029
outer loop
vertex -10.071253 -2.746199 3.964968
vertex -9.662224 -1.393259 3.728742
vertex -9.798126 -1.373099 3.728742
endloop
endfacet
facet normal 0.00817352 0.166375 0.986029
outer loop
vertex -9.799448 -2.786517 3.964968
vertex -9.525000 -2.800000 3.964968
vertex -9.525000 -1.400000 3.728742
endloop
endfacet
facet normal 0.00817348 0.166376 0.986029
outer loop
vertex -9.799448 -2.786517 3.964968
vertex -9.525000 -1.400000 3.728742
vertex -9.662224 -1.393259 3.728742
endloop
endfacet
facet normal -7.46424e-07 0.166381 0.986062
outer loop
vertex -0.197760 -2.238980 3.870306
vertex -0.201896 -1.665823 3.773595
vertex -0.330815 -1.648513 3.770674
endloop
endfacet
facet normal -2.55895e-07 0.166381 0.986061
outer loop
vertex -0.197760 -2.238980 3.870306
vertex -0.330815 -1.648513 3.770674
vertex -0.458167 -1.622791 3.766334
endloop
endfacet
facet normal -0.00198244 0.165561 0.986198
outer loop
vertex -0.167480 -2.310890 3.882439
vertex -0.197760 -2.238980 3.870306
vertex -0.458167 -1.622791 3.766334
endloop
endfacet
facet normal 4.85355e-07 0.166381 0.986061
outer loop
vertex -0.167480 -2.310890 3.882439
vertex -0.458167 -1.622791 3.766334
vertex -0.582395 -1.589088 3.760647
endloop
endfacet
facet normal -1.11656e-06 0.16638 0.986062
outer loop
vertex -0.167480 -2.310890 3.882439
vertex -0.582395 -1.589088 3.760647
vertex -0.742702 -1.532227 3.751053
endloop
endfacet
facet normal -2.41742e-07 0.166381 0.986062
outer loop
vertex -0.167480 -2.310890 3.882439
vertex -0.742702 -1.532227 3.751053
vertex -0.858610 -1.480992 3.742408
endloop
endfacet
facet normal -2.79476e-07 0.166381 0.986062
outer loop
vertex -0.167480 -2.310890 3.882439
vertex -0.858610 -1.480992 3.742408
vertex -0.970507 -1.422699 3.732572
endloop
endfacet
facet normal 0 0.166376 0.986062
outer loop
vertex -0.970507 -1.422699 3.732572
vertex -1.008043 -1.400000 3.728742
vertex -9.525000 -1.400000 3.728742
endloop
endfacet
facet normal 0 0.166381 0.986062
outer loop
vertex 9.525000 -2.800000 3.964968
vertex 9.525000 -1.400000 3.728742
vertex 1.009458 -1.400000 3.728742
endloop
endfacet
facet normal 6.11878e-06 0.166431 0.986053
outer loop
vertex 9.525000 -2.800000 3.964968
vertex 1.009458 -1.400000 3.728742
vertex 1.006734 -1.401808 3.729047
endloop
endfacet
facet normal 1.29206e-08 0.166381 0.986062
outer loop
vertex -0.970507 -1.422699 3.732572
vertex -9.525000 -1.400000 3.728742
vertex -9.525000 -2.800000 3.964968
endloop
endfacet
facet normal 1.09728e-08 0.166381 0.986062
outer loop
vertex -0.167480 -2.310890 3.882439
vertex -0.970507 -1.422699 3.732572
vertex -9.525000 -2.800000 3.964968
endloop
endfacet
facet normal 2.70167e-08 0.166381 0.986062
outer loop
vertex 9.525000 -2.800000 3.964968
vertex 1.006734 -1.401808 3.729047
vertex 0.820289 -1.498899 3.745430
endloop
endfacet
facet normal -2.84585e-07 0.166379 0.986062
outer loop
vertex 9.525000 -2.800000 3.964968
vertex 0.820289 -1.498899 3.745430
vertex 0.622896 -1.576160 3.758466
endloop
endfacet
facet normal -8.03639e-08 0.166383 0.986061
outer loop
vertex -0.112997 -2.365438 3.891643
vertex -0.167480 -2.310890 3.882439
vertex -9.525000 -2.800000 3.964968
endloop
endfacet
facet normal -9.6828e-08 0.166383 0.986061
outer loop
vertex -0.040870 -2.395865 3.896777
vertex -0.112997 -2.365438 3.891643
vertex -9.525000 -2.800000 3.964968
endloop
endfacet
facet normal 2.7319e-07 0.166383 0.986061
outer loop
vertex 9.525000 -2.800000 3.964968
vertex 0.622896 -1.576160 3.758466
vertex 0.415864 -1.632283 3.767936
endloop
endfacet
facet normal 2.39692e-07 0.166381 0.986062
outer loop
vertex 0.415864 -1.632283 3.767936
vertex 0.201717 -1.665823 3.773595
vertex 0.197582 -2.238987 3.870306
endloop
endfacet
facet normal -3.04979e-08 0.166381 0.986062
outer loop
vertex 9.525000 -2.800000 3.964968
vertex 0.415864 -1.632283 3.767936
vertex 0.197582 -2.238987 3.870306
endloop
endfacet
facet normal 8.53948e-07 0.166361 0.986065
outer loop
vertex 0.000045 -2.400000 3.897475
vertex -0.040870 -2.395865 3.896777
vertex -9.525000 -2.800000 3.964968
endloop
endfacet
facet normal 0 0.166381 0.986061
outer loop
vertex 0.000045 -2.400000 3.897475
vertex -9.525000 -2.800000 3.964968
vertex 9.525000 -2.800000 3.964968
endloop
endfacet
facet normal 6.40893e-08 0.166382 0.986061
outer loop
vertex 9.525000 -2.800000 3.964968
vertex 0.197582 -2.238987 3.870306
vertex 0.167302 -2.310905 3.882442
endloop
endfacet
facet normal -5.4714e-08 0.16638 0.986062
outer loop
vertex 9.525000 -2.800000 3.964968
vertex 0.167302 -2.310905 3.882442
vertex 0.112819 -2.365454 3.891646
endloop
endfacet
facet normal -7.51831e-07 0.166364 0.986064
outer loop
vertex 0.040691 -2.395872 3.896778
vertex 0.000045 -2.400000 3.897475
vertex 9.525000 -2.800000 3.964968
endloop
endfacet
facet normal 1.67684e-07 0.166385 0.986061
outer loop
vertex 9.525000 -2.800000 3.964968
vertex 0.112819 -2.365454 3.891646
vertex 0.040691 -2.395872 3.896778
endloop
endfacet
facet normal -0.00817352 0.166375 0.986029
outer loop
vertex 9.525000 -2.800000 3.964968
vertex 9.799448 -2.786517 3.964968
vertex 9.662224 -1.393259 3.728742
endloop
endfacet
facet normal -0.00817347 0.166375 0.986029
outer loop
vertex 9.525000 -2.800000 3.964968
vertex 9.662224 -1.393259 3.728742
vertex 9.525000 -1.400000 3.728742
endloop
endfacet
facet normal -0.0244417 0.164773 0.986029
outer loop
vertex 9.799448 -2.786517 3.964968
vertex 10.071253 -2.746199 3.964968
vertex 9.798126 -1.373099 3.728742
endloop
endfacet
facet normal -0.0244417 0.164773 0.986029
outer loop
vertex 9.799448 -2.786517 3.964968
vertex 9.798126 -1.373099 3.728742
vertex 9.662224 -1.393259 3.728742
endloop
endfacet
facet normal -0.0404748 0.161584 0.986029
outer loop
vertex 10.071253 -2.746199 3.964968
vertex 10.337797 -2.679433 3.964968
vertex 9.931398 -1.339716 3.728742
endloop
endfacet
facet normal -0.0404749 0.161584 0.986029
outer loop
vertex 10.071253 -2.746199 3.964968
vertex 9.931398 -1.339716 3.728742
vertex 9.798126 -1.373099 3.728742
endloop
endfacet
facet normal -0.0561177 0.156839 0.986029
outer loop
vertex 10.337797 -2.679433 3.964968
vertex 10.596514 -2.586863 3.964968
vertex 10.060757 -1.293431 3.728742
endloop
endfacet
facet normal -0.0561177 0.156839 0.986029
outer loop
vertex 10.337797 -2.679433 3.964968
vertex 10.060757 -1.293431 3.728742
vertex 9.931398 -1.339716 3.728742
endloop
endfacet
facet normal -0.0712207 0.150583 0.986029
outer loop
vertex 10.596514 -2.586863 3.964968
vertex 10.844911 -2.469379 3.964968
vertex 10.184956 -1.234690 3.728742
endloop
endfacet
facet normal -0.0712204 0.150583 0.986029
outer loop
vertex 10.596514 -2.586863 3.964968
vertex 10.184956 -1.234690 3.728742
vertex 10.060757 -1.293431 3.728742
endloop
endfacet
facet normal -0.085637 0.142877 0.986029
outer loop
vertex 10.844911 -2.469379 3.964968
vertex 11.080597 -2.328115 3.964968
vertex 10.302798 -1.164057 3.728742
endloop
endfacet
facet normal -0.0856374 0.142877 0.986029
outer loop
vertex 10.844911 -2.469379 3.964968
vertex 10.302798 -1.164057 3.728742
vertex 10.184956 -1.234690 3.728742
endloop
endfacet
facet normal -0.0992295 0.133795 0.986029
outer loop
vertex 11.080597 -2.328115 3.964968
vertex 11.301301 -2.164429 3.964968
vertex 10.413151 -1.082215 3.728742
endloop
endfacet
facet normal -0.0992291 0.133795 0.986029
outer loop
vertex 11.080597 -2.328115 3.964968
vertex 10.413151 -1.082215 3.728742
vertex 10.302798 -1.164057 3.728742
endloop
endfacet
facet normal -0.111866 0.123425 0.986029
outer loop
vertex 11.301301 -2.164429 3.964968
vertex 11.504899 -1.979899 3.964968
vertex 10.514950 -0.989949 3.728742
endloop
endfacet
facet normal -0.111866 0.123425 0.986029
outer loop
vertex 11.301301 -2.164429 3.964968
vertex 10.514950 -0.989949 3.728742
vertex 10.413151 -1.082215 3.728742
endloop
endfacet
facet normal -0.123425 0.111866 0.986029
outer loop
vertex 11.504899 -1.979899 3.964968
vertex 11.689429 -1.776301 3.964968
vertex 10.607215 -0.888151 3.728742
endloop
endfacet
facet normal -0.123425 0.111866 0.986029
outer loop
vertex 11.504899 -1.979899 3.964968
vertex 10.607215 -0.888151 3.728742
vertex 10.514950 -0.989949 3.728742
endloop
endfacet
facet normal -0.133795 0.0992294 0.986029
outer loop
vertex 11.689429 -1.776301 3.964968
vertex 11.853115 -1.555597 3.964968
vertex 10.689057 -0.777798 3.728742
endloop
endfacet
facet normal -0.133795 0.099229 0.986029
outer loop
vertex 11.689429 -1.776301 3.964968
vertex 10.689057 -0.777798 3.728742
vertex 10.607215 -0.888151 3.728742
endloop
endfacet
facet normal -0.142877 0.0856373 0.986029
outer loop
vertex 11.853115 -1.555597 3.964968
vertex 11.994380 -1.319911 3.964968
vertex 10.759689 -0.659955 3.728742
endloop
endfacet
facet normal -0.142877 0.0856369 0.986029
outer loop
vertex 11.853115 -1.555597 3.964968
vertex 10.759689 -0.659955 3.728742
vertex 10.689057 -0.777798 3.728742
endloop
endfacet
facet normal -0.150583 0.0712204 0.986029
outer loop
vertex 11.994380 -1.319911 3.964968
vertex 12.111863 -1.071514 3.964968
vertex 10.818431 -0.535757 3.728742
endloop
endfacet
facet normal -0.150583 0.0712204 0.986029
outer loop
vertex 11.994380 -1.319911 3.964968
vertex 10.818431 -0.535757 3.728742
vertex 10.759689 -0.659955 3.728742
endloop
endfacet
facet normal -0.156839 0.0561173 0.986029
outer loop
vertex 12.111863 -1.071514 3.964968
vertex 12.204432 -0.812797 3.964968
vertex 10.864717 -0.406399 3.728742
endloop
endfacet
facet normal -0.156838 0.0561183 0.986029
outer loop
vertex 12.111863 -1.071514 3.964968
vertex 10.864717 -0.406399 3.728742
vertex 10.818431 -0.535757 3.728742
endloop
endfacet
facet normal -0.161584 0.0404752 0.986029
outer loop
vertex 12.204432 -0.812797 3.964968
vertex 12.271199 -0.546253 3.964968
vertex 10.898099 -0.273126 3.728742
endloop
endfacet
facet normal -0.161584 0.0404741 0.986029
outer loop
vertex 12.204432 -0.812797 3.964968
vertex 10.898099 -0.273126 3.728742
vertex 10.864717 -0.406399 3.728742
endloop
endfacet
facet normal -0.164773 0.0244413 0.986029
outer loop
vertex 12.271199 -0.546253 3.964968
vertex 12.311517 -0.274448 3.964968
vertex 10.918259 -0.137224 3.728742
endloop
endfacet
facet normal -0.164773 0.0244424 0.986029
outer loop
vertex 12.271199 -0.546253 3.964968
vertex 10.918259 -0.137224 3.728742
vertex 10.898099 -0.273126 3.728742
endloop
endfacet
facet normal -0.166376 0.00817368 0.986029
outer loop
vertex 12.311517 -0.274448 3.964968
vertex 12.325000 -0.000000 3.964968
vertex 10.925000 -0.000000 3.728742
endloop
endfacet
facet normal -0.166376 0.00817379 0.986029
outer loop
vertex 12.311517 -0.274448 3.964968
vertex 10.925000 -0.000000 3.728742
vertex 10.918259 -0.137224 3.728742
endloop
endfacet
facet normal -0.0581541 -0.00285699 0.998304
outer loop
vertex 10.925000 -0.000000 3.728742
vertex 10.918259 0.137224 3.728742
vertex 9.574759 0.004901 3.650100
endloop
endfacet
facet normal -0.0581541 -0.00285212 0.998304
outer loop
vertex 10.925000 -0.000000 3.728742
vertex 9.574759 0.004901 3.650100
vertex 9.575000 -0.000000 3.650100
endloop
endfacet
facet normal -0.057594 -0.00854348 0.998304
outer loop
vertex 10.918259 0.137224 3.728742
vertex 10.898099 0.273126 3.728742
vertex 9.574039 0.009755 3.650100
endloop
endfacet
facet normal -0.057594 -0.00854396 0.998303
outer loop
vertex 10.918259 0.137224 3.728742
vertex 9.574039 0.009755 3.650100
vertex 9.574759 0.004901 3.650100
endloop
endfacet
facet normal -0.0564794 -0.0141471 0.998304
outer loop
vertex 10.898099 0.273126 3.728742
vertex 10.864717 0.406399 3.728742
vertex 9.572847 0.014514 3.650100
endloop
endfacet
facet normal -0.0564798 -0.014146 0.998304
outer loop
vertex 10.898099 0.273126 3.728742
vertex 9.572847 0.014514 3.650100
vertex 9.574039 0.009755 3.650100
endloop
endfacet
facet normal -0.0548206 -0.0196153 0.998304
outer loop
vertex 10.864717 0.406399 3.728742
vertex 10.818431 0.535757 3.728742
vertex 9.571194 0.019134 3.650100
endloop
endfacet
facet normal -0.054819 -0.0196225 0.998303
outer loop
vertex 10.864717 0.406399 3.728742
vertex 9.571194 0.019134 3.650100
vertex 9.572847 0.014514 3.650100
endloop
endfacet
facet normal -0.0526341 -0.0248941 0.998304
outer loop
vertex 10.818431 0.535757 3.728742
vertex 10.759689 0.659955 3.728742
vertex 9.569096 0.023570 3.650100
endloop
endfacet
facet normal -0.0526337 -0.0248953 0.998303
outer loop
vertex 10.818431 0.535757 3.728742
vertex 9.569096 0.023570 3.650100
vertex 9.571194 0.019134 3.650100
endloop
endfacet
facet normal -0.0499406 -0.0299331 0.998304
outer loop
vertex 10.759689 0.659955 3.728742
vertex 10.689057 0.777798 3.728742
vertex 9.566573 0.027779 3.650100
endloop
endfacet
facet normal -0.049941 -0.0299322 0.998304
outer loop
vertex 10.759689 0.659955 3.728742
vertex 9.566573 0.027779 3.650100
vertex 9.569096 0.023570 3.650100
endloop
endfacet
facet normal -0.0467662 -0.034684 0.998304
outer loop
vertex 10.689057 0.777798 3.728742
vertex 10.607215 0.888151 3.728742
vertex 9.563650 0.031720 3.650100
endloop
endfacet
facet normal -0.046766 -0.0346837 0.998304
outer loop
vertex 10.689057 0.777798 3.728742
vertex 9.563650 0.031720 3.650100
vertex 9.566573 0.027779 3.650100
endloop
endfacet
facet normal -0.0431413 -0.039101 0.998304
outer loop
vertex 10.607215 0.888151 3.728742
vertex 10.514950 0.989949 3.728742
vertex 9.560355 0.035355 3.650100
endloop
endfacet
facet normal -0.0431433 -0.0390994 0.998304
outer loop
vertex 10.607215 0.888151 3.728742
vertex 9.560355 0.035355 3.650100
vertex 9.563650 0.031720 3.650100
endloop
endfacet
facet normal -0.039101 -0.0431413 0.998304
outer loop
vertex 10.514950 0.989949 3.728742
vertex 10.413151 1.082215 3.728742
vertex 9.556720 0.038651 3.650100
endloop
endfacet
facet normal -0.0391024 -0.0431396 0.998304
outer loop
vertex 10.514950 0.989949 3.728742
vertex 9.556720 0.038651 3.650100
vertex 9.560355 0.035355 3.650100
endloop
endfacet
facet normal -0.0346841 -0.0467661 0.998304
outer loop
vertex 10.413151 1.082215 3.728742
vertex 10.302798 1.164057 3.728742
vertex 9.552778 0.041573 3.650100
endloop
endfacet
facet normal -0.0346826 -0.046767 0.998304
outer loop
vertex 10.413151 1.082215 3.728742
vertex 9.552778 0.041573 3.650100
vertex 9.556720 0.038651 3.650100
endloop
endfacet
facet normal -0.0299332 -0.0499406 0.998304
outer loop
vertex 10.302798 1.164057 3.728742
vertex 10.184956 1.234690 3.728742
vertex 9.548570 0.044096 3.650100
endloop
endfacet
facet normal -0.0299336 -0.0499398 0.998304
outer loop
vertex 10.302798 1.164057 3.728742
vertex 9.548570 0.044096 3.650100
vertex 9.552778 0.041573 3.650100
endloop
endfacet
facet normal -0.024894 -0.0526341 0.998303
outer loop
vertex 10.184956 1.234690 3.728742
vertex 10.060757 1.293431 3.728742
vertex 9.544134 0.046194 3.650100
endloop
endfacet
facet normal -0.024894 -0.0526339 0.998304
outer loop
vertex 10.184956 1.234690 3.728742
vertex 9.544134 0.046194 3.650100
vertex 9.548570 0.044096 3.650100
endloop
endfacet
facet normal -0.0196151 -0.0548207 0.998304
outer loop
vertex 10.060757 1.293431 3.728742
vertex 9.931398 1.339716 3.728742
vertex 9.539515 0.047847 3.650100
endloop
endfacet
facet normal -0.0196166 -0.0548208 0.998303
outer loop
vertex 10.060757 1.293431 3.728742
vertex 9.539515 0.047847 3.650100
vertex 9.544134 0.046194 3.650100
endloop
endfacet
facet normal -0.0141474 -0.0564793 0.998304
outer loop
vertex 9.931398 1.339716 3.728742
vertex 9.798126 1.373099 3.728742
vertex 9.534755 0.049039 3.650100
endloop
endfacet
facet normal -0.0141469 -0.0564796 0.998303
outer loop
vertex 9.931398 1.339716 3.728742
vertex 9.534755 0.049039 3.650100
vertex 9.539515 0.047847 3.650100
endloop
endfacet
facet normal -0.00854323 -0.057594 0.998304
outer loop
vertex 9.798126 1.373099 3.728742
vertex 9.662224 1.393259 3.728742
vertex 9.529901 0.049759 3.650100
endloop
endfacet
facet normal -0.00854304 -0.0575941 0.998304
outer loop
vertex 9.798126 1.373099 3.728742
vertex 9.529901 0.049759 3.650100
vertex 9.534755 0.049039 3.650100
endloop
endfacet
facet normal -0.00285693 -0.0581541 0.998304
outer loop
vertex 9.662224 1.393259 3.728742
vertex 9.525000 1.400000 3.728742
vertex 9.525000 0.050000 3.650100
endloop
endfacet
facet normal -0.00285658 -0.0581542 0.998303
outer loop
vertex 9.662224 1.393259 3.728742
vertex 9.525000 0.050000 3.650100
vertex 9.529901 0.049759 3.650100
endloop
endfacet
facet normal 0 -0.0581338 0.998309
outer loop
vertex -1.089041 1.395873 3.728502
vertex -1.088550 1.400000 3.728742
vertex -9.525000 1.400000 3.728742
endloop
endfacet
facet normal 0 -0.0581543 0.998308
outer loop
vertex -9.525000 1.400000 3.728742
vertex -9.525000 0.050000 3.650100
vertex -1.061128 0.050000 3.650100
endloop
endfacet
facet normal 3.25717e-06 -0.0581321 0.998309
outer loop
vertex -9.525000 1.400000 3.728742
vertex -1.061128 0.050000 3.650100
vertex -1.062243 0.053955 3.650331
endloop
endfacet
facet normal -1.01478e-08 -0.0581543 0.998308
outer loop
vertex -1.091621 0.266361 3.662704
vertex -1.089041 1.395873 3.728502
vertex -9.525000 1.400000 3.728742
endloop
endfacet
facet normal -1.43776e-07 -0.0581552 0.998308
outer loop
vertex -9.525000 1.400000 3.728742
vertex -1.062243 0.053955 3.650331
vertex -1.084774 0.179799 3.657662
endloop
endfacet
facet normal -1.13282e-07 -0.0581551 0.998308
outer loop
vertex -9.525000 1.400000 3.728742
vertex -1.084774 0.179799 3.657662
vertex -1.091621 0.266361 3.662704
endloop
endfacet
facet normal 3.43058e-05 -0.0581433 0.998308
outer loop
vertex -0.676926 0.181811 3.657779
vertex -0.642521 0.061283 3.650758
vertex -0.637347 0.050000 3.650100
endloop
endfacet
facet normal 0 -0.0581575 0.998307
outer loop
vertex -0.637347 0.050000 3.650100
vertex 0.636749 0.050000 3.650100
vertex 0.642330 0.061271 3.650757
endloop
endfacet
facet normal -4.17314e-06 -0.0581534 0.998308
outer loop
vertex 0.642330 0.061271 3.650757
vertex 0.676736 0.181804 3.657779
vertex 0.688689 0.310287 3.665263
endloop
endfacet
facet normal -3.6152e-06 -0.0581543 0.998308
outer loop
vertex 0.688689 0.310287 3.665263
vertex 0.687334 1.352044 3.725948
vertex 0.681347 1.400000 3.728742
endloop
endfacet
facet normal 0 -0.058153 0.998308
outer loop
vertex 0.681347 1.400000 3.728742
vertex -0.680362 1.400000 3.728742
vertex -0.688879 1.308458 3.723409
endloop
endfacet
facet normal 1.77024e-05 -0.0581543 0.998308
outer loop
vertex -0.688879 1.308458 3.723409
vertex -0.687523 0.266701 3.662724
vertex -0.676926 0.181811 3.657779
endloop
endfacet
facet normal -3.50466e-08 -0.0581535 0.998308
outer loop
vertex -0.676926 0.181811 3.657779
vertex -0.637347 0.050000 3.650100
vertex 0.642330 0.061271 3.650757
endloop
endfacet
facet normal 8.52549e-07 -0.0581543 0.998308
outer loop
vertex 0.642330 0.061271 3.650757
vertex 0.688689 0.310287 3.665263
vertex 0.681347 1.400000 3.728742
endloop
endfacet
facet normal 9.83999e-08 -0.0581545 0.998308
outer loop
vertex 0.681347 1.400000 3.728742
vertex -0.688879 1.308458 3.723409
vertex -0.676926 0.181811 3.657779
endloop
endfacet
facet normal -1.02382e-07 -0.0581543 0.998308
outer loop
vertex 0.642330 0.061271 3.650757
vertex 0.681347 1.400000 3.728742
vertex -0.676926 0.181811 3.657779
endloop
endfacet
facet normal 0 -0.058154 0.998308
outer loop
vertex 1.078680 0.137284 3.655185
vertex 1.059500 0.050000 3.650100
vertex 9.525000 0.050000 3.650100
endloop
endfacet
facet normal 0 -0.0581543 0.998308
outer loop
vertex 9.525000 0.050000 3.650100
vertex 9.525000 1.400000 3.728742
vertex 1.087670 1.400000 3.728742
endloop
endfacet
facet normal 2.2501e-07 -0.058153 0.998308
outer loop
vertex 9.525000 0.050000 3.650100
vertex 1.087670 1.400000 3.728742
vertex 1.091436 1.352383 3.725968
endloop
endfacet
facet normal 3.85374e-09 -0.0581536 0.998308
outer loop
vertex 1.088856 0.222870 3.660171
vertex 1.078680 0.137284 3.655185
vertex 9.525000 0.050000 3.650100
endloop
endfacet
facet normal -1.39523e-08 -0.0581545 0.998308
outer loop
vertex 9.525000 0.050000 3.650100
vertex 1.091436 1.352383 3.725968
vertex 1.088856 0.222870 3.660171
endloop
endfacet
facet normal 0.00285693 -0.0581541 0.998304
outer loop
vertex -9.525000 1.400000 3.728742
vertex -9.662224 1.393259 3.728742
vertex -9.529901 0.049759 3.650100
endloop
endfacet
facet normal 0.00285657 -0.0581541 0.998304
outer loop
vertex -9.525000 1.400000 3.728742
vertex -9.529901 0.049759 3.650100
vertex -9.525000 0.050000 3.650100
endloop
endfacet
facet normal 0.00854323 -0.057594 0.998304
outer loop
vertex -9.662224 1.393259 3.728742
vertex -9.798126 1.373099 3.728742
vertex -9.534755 0.049039 3.650100
endloop
endfacet
facet normal 0.00854302 -0.057594 0.998304
outer loop
vertex -9.662224 1.393259 3.728742
vertex -9.534755 0.049039 3.650100
vertex -9.529901 0.049759 3.650100
endloop
endfacet
facet normal 0.0141474 -0.0564793 0.998304
outer loop
vertex -9.798126 1.373099 3.728742
vertex -9.931398 1.339716 3.728742
vertex -9.539515 0.047847 3.650100
endloop
endfacet
facet normal 0.0141468 -0.056479 0.998304
outer loop
vertex -9.798126 1.373099 3.728742
vertex -9.539515 0.047847 3.650100
vertex -9.534755 0.049039 3.650100
endloop
endfacet
facet normal 0.0196151 -0.0548207 0.998304
outer loop
vertex -9.931398 1.339716 3.728742
vertex -10.060757 1.293431 3.728742
vertex -9.544134 0.046194 3.650100
endloop
endfacet
facet normal 0.0196166 -0.0548205 0.998303
outer loop
vertex -9.931398 1.339716 3.728742
vertex -9.544134 0.046194 3.650100
vertex -9.539515 0.047847 3.650100
endloop
endfacet
facet normal 0.024894 -0.0526341 0.998303
outer loop
vertex -10.060757 1.293431 3.728742
vertex -10.184956 1.234690 3.728742
vertex -9.548570 0.044096 3.650100
endloop
endfacet
facet normal 0.024894 -0.0526339 0.998304
outer loop
vertex -10.060757 1.293431 3.728742
vertex -9.548570 0.044096 3.650100
vertex -9.544134 0.046194 3.650100
endloop
endfacet
facet normal 0.0299332 -0.0499406 0.998304
outer loop
vertex -10.184956 1.234690 3.728742
vertex -10.302798 1.164057 3.728742
vertex -9.552778 0.041573 3.650100
endloop
endfacet
facet normal 0.0299336 -0.0499398 0.998304
outer loop
vertex -10.184956 1.234690 3.728742
vertex -9.552778 0.041573 3.650100
vertex -9.548570 0.044096 3.650100
endloop
endfacet
facet normal 0.0346841 -0.0467661 0.998304
outer loop
vertex -10.302798 1.164057 3.728742
vertex -10.413151 1.082215 3.728742
vertex -9.556720 0.038651 3.650100
endloop
endfacet
facet normal 0.0346829 -0.0467679 0.998304
outer loop
vertex -10.302798 1.164057 3.728742
vertex -9.556720 0.038651 3.650100
vertex -9.552778 0.041573 3.650100
endloop
endfacet
facet normal 0.039101 -0.0431413 0.998304
outer loop
vertex -10.413151 1.082215 3.728742
vertex -10.514950 0.989949 3.728742
vertex -9.560355 0.035355 3.650100
endloop
endfacet
facet normal 0.0391028 -0.04314 0.998304
outer loop
vertex -10.413151 1.082215 3.728742
vertex -9.560355 0.035355 3.650100
vertex -9.556720 0.038651 3.650100
endloop
endfacet
facet normal 0.0431413 -0.039101 0.998304
outer loop
vertex -10.514950 0.989949 3.728742
vertex -10.607215 0.888151 3.728742
vertex -9.563650 0.031720 3.650100
endloop
endfacet
facet normal 0.0431418 -0.0391002 0.998304
outer loop
vertex -10.514950 0.989949 3.728742
vertex -9.563650 0.031720 3.650100
vertex -9.560355 0.035355 3.650100
endloop
endfacet
facet normal 0.0467662 -0.034684 0.998304
outer loop
vertex -10.607215 0.888151 3.728742
vertex -10.689057 0.777798 3.728742
vertex -9.566573 0.027779 3.650100
endloop
endfacet
facet normal 0.0467654 -0.0346848 0.998303
outer loop
vertex -10.607215 0.888151 3.728742
vertex -9.566573 0.027779 3.650100
vertex -9.563650 0.031720 3.650100
endloop
endfacet
facet normal 0.0499406 -0.0299331 0.998304
outer loop
vertex -10.689057 0.777798 3.728742
vertex -10.759689 0.659955 3.728742
vertex -9.569096 0.023570 3.650100
endloop
endfacet
facet normal 0.0499415 -0.0299325 0.998303
outer loop
vertex -10.689057 0.777798 3.728742
vertex -9.569096 0.023570 3.650100
vertex -9.566573 0.027779 3.650100
endloop
endfacet
facet normal 0.0526341 -0.0248941 0.998304
outer loop
vertex -10.759689 0.659955 3.728742
vertex -10.818431 0.535757 3.728742
vertex -9.571194 0.019134 3.650100
endloop
endfacet
facet normal 0.0526327 -0.0248951 0.998304
outer loop
vertex -10.759689 0.659955 3.728742
vertex -9.571194 0.019134 3.650100
vertex -9.569096 0.023570 3.650100
endloop
endfacet
facet normal 0.0548206 -0.0196153 0.998304
outer loop
vertex -10.818431 0.535757 3.728742
vertex -10.864717 0.406399 3.728742
vertex -9.572847 0.014514 3.650100
endloop
endfacet
facet normal 0.0548183 -0.0196221 0.998304
outer loop
vertex -10.818431 0.535757 3.728742
vertex -9.572847 0.014514 3.650100
vertex -9.571194 0.019134 3.650100
endloop
endfacet
facet normal 0.0564794 -0.0141471 0.998304
outer loop
vertex -10.864717 0.406399 3.728742
vertex -10.898099 0.273126 3.728742
vertex -9.574039 0.009755 3.650100
endloop
endfacet
facet normal 0.0564798 -0.014146 0.998304
outer loop
vertex -10.864717 0.406399 3.728742
vertex -9.574039 0.009755 3.650100
vertex -9.572847 0.014514 3.650100
endloop
endfacet
facet normal 0.057594 -0.00854348 0.998304
outer loop
vertex -10.898099 0.273126 3.728742
vertex -10.918259 0.137224 3.728742
vertex -9.574759 0.004901 3.650100
endloop
endfacet
facet normal 0.0575942 -0.00854396 0.998303
outer loop
vertex -10.898099 0.273126 3.728742
vertex -9.574759 0.004901 3.650100
vertex -9.574039 0.009755 3.650100
endloop
endfacet
facet normal 0.0581541 -0.00285699 0.998304
outer loop
vertex -10.918259 0.137224 3.728742
vertex -10.925000 0.000000 3.728742
vertex -9.575000 0.000000 3.650100
endloop
endfacet
facet normal 0.0581545 -0.00285214 0.998304
outer loop
vertex -10.918259 0.137224 3.728742
vertex -9.575000 0.000000 3.650100
vertex -9.574759 0.004901 3.650100
endloop
endfacet
facet normal 0.0581541 0.00285699 0.998304
outer loop
vertex -10.925000 0.000000 3.728742
vertex -10.918259 -0.137224 3.728742
vertex -9.574759 -0.004901 3.650100
endloop
endfacet
facet normal 0.0581541 0.00285212 0.998304
outer loop
vertex -10.925000 0.000000 3.728742
vertex -9.574759 -0.004901 3.650100
vertex -9.575000 0.000000 3.650100
endloop
endfacet
facet normal 0.057594 0.00854348 0.998304
outer loop
vertex -10.918259 -0.137224 3.728742
vertex -10.898099 -0.273126 3.728742
vertex -9.574039 -0.009755 3.650100
endloop
endfacet
facet normal 0.057594 0.00854396 0.998303
outer loop
vertex -10.918259 -0.137224 3.728742
vertex -9.574039 -0.009755 3.650100
vertex -9.574759 -0.004901 3.650100
endloop
endfacet
facet normal 0.0564794 0.0141471 0.998304
outer loop
vertex -10.898099 -0.273126 3.728742
vertex -10.864717 -0.406399 3.728742
vertex -9.572847 -0.014514 3.650100
endloop
endfacet
facet normal 0.0564798 0.014146 0.998304
outer loop
vertex -10.898099 -0.273126 3.728742
vertex -9.572847 -0.014514 3.650100
vertex -9.574039 -0.009755 3.650100
endloop
endfacet
facet normal 0.0548206 0.0196153 0.998304
outer loop
vertex -10.864717 -0.406399 3.728742
vertex -10.818431 -0.535757 3.728742
vertex -9.571194 -0.019134 3.650100
endloop
endfacet
facet normal 0.054819 0.0196225 0.998303
outer loop
vertex -10.864717 -0.406399 3.728742
vertex -9.571194 -0.019134 3.650100
vertex -9.572847 -0.014514 3.650100
endloop
endfacet
facet normal 0.0526341 0.0248941 0.998304
outer loop
vertex -10.818431 -0.535757 3.728742
vertex -10.759689 -0.659955 3.728742
vertex -9.569096 -0.023570 3.650100
endloop
endfacet
facet normal 0.0526337 0.0248953 0.998303
outer loop
vertex -10.818431 -0.535757 3.728742
vertex -9.569096 -0.023570 3.650100
vertex -9.571194 -0.019134 3.650100
endloop
endfacet
facet normal 0.0499406 0.0299331 0.998304
outer loop
vertex -10.759689 -0.659955 3.728742
vertex -10.689057 -0.777798 3.728742
vertex -9.566573 -0.027779 3.650100
endloop
endfacet
facet normal 0.049941 0.0299322 0.998304
outer loop
vertex -10.759689 -0.659955 3.728742
vertex -9.566573 -0.027779 3.650100
vertex -9.569096 -0.023570 3.650100
endloop
endfacet
facet normal 0.0467662 0.034684 0.998304
outer loop
vertex -10.689057 -0.777798 3.728742
vertex -10.607215 -0.888151 3.728742
vertex -9.563650 -0.031720 3.650100
endloop
endfacet
facet normal 0.046766 0.0346837 0.998304
outer loop
vertex -10.689057 -0.777798 3.728742
vertex -9.563650 -0.031720 3.650100
vertex -9.566573 -0.027779 3.650100
endloop
endfacet
facet normal 0.0431413 0.039101 0.998304
outer loop
vertex -10.607215 -0.888151 3.728742
vertex -10.514950 -0.989949 3.728742
vertex -9.560355 -0.035355 3.650100
endloop
endfacet
facet normal 0.0431433 0.0390994 0.998304
outer loop
vertex -10.607215 -0.888151 3.728742
vertex -9.560355 -0.035355 3.650100
vertex -9.563650 -0.031720 3.650100
endloop
endfacet
facet normal 0.039101 0.0431413 0.998304
outer loop
vertex -10.514950 -0.989949 3.728742
vertex -10.413151 -1.082215 3.728742
vertex -9.556720 -0.038651 3.650100
endloop
endfacet
facet normal 0.0391024 0.0431396 0.998304
outer loop
vertex -10.514950 -0.989949 3.728742
vertex -9.556720 -0.038651 3.650100
vertex -9.560355 -0.035355 3.650100
endloop
endfacet
facet normal 0.0346841 0.0467661 0.998304
outer loop
vertex -10.413151 -1.082215 3.728742
vertex -10.302798 -1.164057 3.728742
vertex -9.552778 -0.041573 3.650100
endloop
endfacet
facet normal 0.0346826 0.046767 0.998304
outer loop
vertex -10.413151 -1.082215 3.728742
vertex -9.552778 -0.041573 3.650100
vertex -9.556720 -0.038651 3.650100
endloop
endfacet
facet normal 0.0299332 0.0499406 0.998304
outer loop
vertex -10.302798 -1.164057 3.728742
vertex -10.184956 -1.234690 3.728742
vertex -9.548570 -0.044096 3.650100
endloop
endfacet
facet normal 0.0299336 0.0499398 0.998304
outer loop
vertex -10.302798 -1.164057 3.728742
vertex -9.548570 -0.044096 3.650100
vertex -9.552778 -0.041573 3.650100
endloop
endfacet
facet normal 0.024894 0.0526341 0.998303
outer loop
vertex -10.184956 -1.234690 3.728742
vertex -10.060757 -1.293431 3.728742
vertex -9.544134 -0.046194 3.650100
endloop
endfacet
facet normal 0.024894 0.0526339 0.998304
outer loop
vertex -10.184956 -1.234690 3.728742
vertex -9.544134 -0.046194 3.650100
vertex -9.548570 -0.044096 3.650100
endloop
endfacet
facet normal 0.0196151 0.0548207 0.998304
outer loop
vertex -10.060757 -1.293431 3.728742
vertex -9.931398 -1.339716 3.728742
vertex -9.539515 -0.047847 3.650100
endloop
endfacet
facet normal 0.0196166 0.0548208 0.998303
outer loop
vertex -10.060757 -1.293431 3.728742
vertex -9.539515 -0.047847 3.650100
vertex -9.544134 -0.046194 3.650100
endloop
endfacet
facet normal 0.0141474 0.0564793 0.998304
outer loop
vertex -9.931398 -1.339716 3.728742
vertex -9.798126 -1.373099 3.728742
vertex -9.534755 -0.049039 3.650100
endloop
endfacet
facet normal 0.0141469 0.0564796 0.998303
outer loop
vertex -9.931398 -1.339716 3.728742
vertex -9.534755 -0.049039 3.650100
vertex -9.539515 -0.047847 3.650100
endloop
endfacet
facet normal 0.00854323 0.057594 0.998304
outer loop
vertex -9.798126 -1.373099 3.728742
vertex -9.662224 -1.393259 3.728742
vertex -9.529901 -0.049759 3.650100
endloop
endfacet
facet normal 0.00854304 0.0575941 0.998304
outer loop
vertex -9.798126 -1.373099 3.728742
vertex -9.529901 -0.049759 3.650100
vertex -9.534755 -0.049039 3.650100
endloop
endfacet
facet normal 0.00285693 0.0581541 0.998304
outer loop
vertex -9.662224 -1.393259 3.728742
vertex -9.525000 -1.400000 3.728742
vertex -9.525000 -0.050000 3.650100
endloop
endfacet
facet normal 0.00285658 0.0581542 0.998303
outer loop
vertex -9.662224 -1.393259 3.728742
vertex -9.525000 -0.050000 3.650100
vertex -9.529901 -0.049759 3.650100
endloop
endfacet
facet normal 4.39434e-06 0.0581485 0.998308
outer loop
vertex 0.359262 -0.277638 3.663361
vertex 0.426166 -0.230972 3.660643
vertex 0.486962 -0.176905 3.657493
endloop
endfacet
facet normal 1.807e-05 0.0581406 0.998308
outer loop
vertex 0.486962 -0.176905 3.657493
vertex 0.541005 -0.116084 3.653950
vertex 0.587061 -0.050000 3.650100
endloop
endfacet
facet normal 0 0.0581528 0.998308
outer loop
vertex 0.587061 -0.050000 3.650100
vertex -0.584385 -0.050000 3.650100
vertex -0.541196 -0.116068 3.653949
endloop
endfacet
facet normal 4.7161e-06 0.0581603 0.998307
outer loop
vertex -0.541196 -0.116068 3.653949
vertex -0.457560 -0.204806 3.659118
vertex -0.393628 -0.255254 3.662057
endloop
endfacet
facet normal -1.60693e-06 0.0581517 0.998308
outer loop
vertex -0.393628 -0.255254 3.662057
vertex -0.287086 -0.316245 3.665610
vertex -0.209901 -0.346175 3.667354
endloop
endfacet
facet normal 1.0771e-08 0.0581533 0.998308
outer loop
vertex -0.209901 -0.346175 3.667354
vertex -0.086500 -0.373360 3.668937
vertex -0.000089 -0.378734 3.669250
endloop
endfacet
facet normal -1.41349e-06 0.0581657 0.998307
outer loop
vertex -0.000089 -0.378734 3.669250
vertex 0.128358 -0.366774 3.668554
vertex 0.248867 -0.332349 3.666548
endloop
endfacet
facet normal -2.86763e-06 0.0581576 0.998307
outer loop
vertex 0.248867 -0.332349 3.666548
vertex 0.359262 -0.277638 3.663361
vertex 0.486962 -0.176905 3.657493
endloop
endfacet
facet normal -1.21692e-07 0.0581549 0.998308
outer loop
vertex 0.486962 -0.176905 3.657493
vertex 0.587061 -0.050000 3.650100
vertex -0.541196 -0.116068 3.653949
endloop
endfacet
facet normal 4.68499e-07 0.0581559 0.998308
outer loop
vertex -0.541196 -0.116068 3.653949
vertex -0.393628 -0.255254 3.662057
vertex -0.209901 -0.346175 3.667354
endloop
endfacet
facet normal 4.16162e-07 0.0581559 0.998308
outer loop
vertex -0.209901 -0.346175 3.667354
vertex -0.000089 -0.378734 3.669250
vertex 0.248867 -0.332349 3.666548
endloop
endfacet
facet normal -2.00025e-07 0.0581536 0.998308
outer loop
vertex 0.248867 -0.332349 3.666548
vertex 0.486962 -0.176905 3.657493
vertex -0.541196 -0.116068 3.653949
endloop
endfacet
facet normal 4.17831e-07 0.0581558 0.998308
outer loop
vertex -0.541196 -0.116068 3.653949
vertex -0.209901 -0.346175 3.667354
vertex 0.248867 -0.332349 3.666548
endloop
endfacet
facet normal 0 0.0581537 0.998308
outer loop
vertex 1.180925 -1.286198 3.722113
vertex 1.009458 -1.400000 3.728742
vertex 9.525000 -1.400000 3.728742
endloop
endfacet
facet normal 0 0.0581543 0.998308
outer loop
vertex 9.525000 -1.400000 3.728742
vertex 9.525000 -0.050000 3.650100
vertex 1.030924 -0.050000 3.650100
endloop
endfacet
facet normal 2.07356e-08 0.0581553 0.998308
outer loop
vertex 1.341555 -1.153376 3.714375
vertex 1.180925 -1.286198 3.722113
vertex 9.525000 -1.400000 3.728742
endloop
endfacet
facet normal -3.15307e-09 0.0581545 0.998308
outer loop
vertex 1.487336 -1.004631 3.705710
vertex 1.341555 -1.153376 3.714375
vertex 9.525000 -1.400000 3.728742
endloop
endfacet
facet normal 0 0.0581541 0.998308
outer loop
vertex -0.994092 -0.143419 3.655542
vertex -1.030466 -0.050000 3.650100
vertex -9.525000 -0.050000 3.650100
endloop
endfacet
facet normal 0 0.0581543 0.998308
outer loop
vertex -9.525000 -0.050000 3.650100
vertex -9.525000 -1.400000 3.728742
vertex -1.008043 -1.400000 3.728742
endloop
endfacet
facet normal -5.03132e-07 0.0581514 0.998308
outer loop
vertex -9.525000 -0.050000 3.650100
vertex -1.008043 -1.400000 3.728742
vertex -1.078061 -1.357658 3.726275
endloop
endfacet
facet normal -6.57805e-08 0.0581532 0.998308
outer loop
vertex 1.616921 -0.841312 3.696197
vertex 1.487336 -1.004631 3.705710
vertex 9.525000 -1.400000 3.728742
endloop
endfacet
facet normal 7.23173e-08 0.0581551 0.998308
outer loop
vertex 1.749218 -0.627932 3.683767
vertex 1.616921 -0.841312 3.696197
vertex 9.525000 -1.400000 3.728742
endloop
endfacet
facet normal 1.04739e-07 0.0581551 0.998307
outer loop
vertex -9.525000 -0.050000 3.650100
vertex -1.078061 -1.357658 3.726275
vertex -1.214262 -1.260909 3.720639
endloop
endfacet
facet normal 9.53968e-08 0.058155 0.998308
outer loop
vertex -9.525000 -0.050000 3.650100
vertex -1.214262 -1.260909 3.720639
vertex -1.310644 -1.181194 3.715996
endloop
endfacet
facet normal -5.62838e-08 0.0581539 0.998308
outer loop
vertex 1.838621 -0.437115 3.672651
vertex 1.749218 -0.627932 3.683767
vertex 9.525000 -1.400000 3.728742
endloop
endfacet
facet normal -1.20175e-07 0.0581533 0.998308
outer loop
vertex 1.850037 -0.398032 3.670374
vertex 1.838621 -0.437115 3.672651
vertex 9.525000 -1.400000 3.728742
endloop
endfacet
facet normal -1.10063e-07 0.0581536 0.998308
outer loop
vertex -9.525000 -0.050000 3.650100
vertex -1.310644 -1.181194 3.715996
vertex -1.430926 -1.065906 3.709280
endloop
endfacet
facet normal 1.48881e-07 0.0581555 0.998308
outer loop
vertex -9.525000 -0.050000 3.650100
vertex -1.430926 -1.065906 3.709280
vertex -1.541175 -0.940967 3.702002
endloop
endfacet
facet normal 5.34677e-07 0.0581583 0.998307
outer loop
vertex 1.853372 -0.358535 3.668073
vertex 1.850037 -0.398032 3.670374
vertex 9.525000 -1.400000 3.728742
endloop
endfacet
facet normal -3.71051e-07 0.0581517 0.998308
outer loop
vertex 1.837421 -0.282880 3.663666
vertex 1.853372 -0.358535 3.668073
vertex 9.525000 -1.400000 3.728742
endloop
endfacet
facet normal -1.58277e-07 0.0581528 0.998308
outer loop
vertex -9.525000 -0.050000 3.650100
vertex -1.541175 -0.940967 3.702002
vertex -1.616919 -0.841280 3.696195
endloop
endfacet
facet normal 9.3226e-08 0.0581553 0.998308
outer loop
vertex -9.525000 -0.050000 3.650100
vertex -1.616919 -0.841280 3.696195
vertex -1.708051 -0.701005 3.688023
endloop
endfacet
facet normal 4.67949e-07 0.0581575 0.998307
outer loop
vertex 1.794292 -0.218720 3.659929
vertex 1.837421 -0.282880 3.663666
vertex 9.525000 -1.400000 3.728742
endloop
endfacet
facet normal -7.72758e-07 0.0581494 0.998308
outer loop
vertex 1.763429 -0.193441 3.658456
vertex 1.794292 -0.218720 3.659929
vertex 9.525000 -1.400000 3.728742
endloop
endfacet
facet normal 1.68141e-08 0.0581544 0.998308
outer loop
vertex -9.525000 -0.050000 3.650100
vertex -1.708051 -0.701005 3.688023
vertex -1.787317 -0.552927 3.679397
endloop
endfacet
facet normal -7.14873e-08 0.0581531 0.998308
outer loop
vertex -9.525000 -0.050000 3.650100
vertex -1.787317 -0.552927 3.679397
vertex -1.838646 -0.436975 3.672643
endloop
endfacet
facet normal 1.2702e-06 0.0581625 0.998307
outer loop
vertex 1.727308 -0.174399 3.657347
vertex 1.763429 -0.193441 3.658456
vertex 9.525000 -1.400000 3.728742
endloop
endfacet
facet normal -1.22025e-07 0.0581536 0.998308
outer loop
vertex 1.688358 -0.163025 3.656684
vertex 1.727308 -0.174399 3.657347
vertex 9.525000 -1.400000 3.728742
endloop
endfacet
facet normal 4.59124e-08 0.0581554 0.998308
outer loop
vertex -9.525000 -0.050000 3.650100
vertex -1.838646 -0.436975 3.672643
vertex -1.853372 -0.358513 3.668072
endloop
endfacet
facet normal 7.89016e-08 0.0581562 0.998307
outer loop
vertex -9.525000 -0.050000 3.650100
vertex -1.853372 -0.358513 3.668072
vertex -1.848972 -0.319522 3.665801
endloop
endfacet
facet normal -1.9619e-06 0.058142 0.998308
outer loop
vertex 1.688358 -0.163025 3.656684
vertex 9.525000 -1.400000 3.728742
vertex 1.030924 -0.050000 3.650100
endloop
endfacet
facet normal 9.45394e-06 0.0582082 0.998304
outer loop
vertex 1.648597 -0.159686 3.656490
vertex 1.688358 -0.163025 3.656684
vertex 1.030924 -0.050000 3.650100
endloop
endfacet
facet normal 2.36311e-07 0.0581565 0.998307
outer loop
vertex 1.648597 -0.159686 3.656490
vertex 1.030924 -0.050000 3.650100
vertex 1.025553 -0.066563 3.651065
endloop
endfacet
facet normal -4.75448e-07 0.0581517 0.998308
outer loop
vertex 1.572970 -0.175723 3.657424
vertex 1.648597 -0.159686 3.656490
vertex 1.025553 -0.066563 3.651065
endloop
endfacet
facet normal -1.65021e-07 0.0581533 0.998308
outer loop
vertex 1.572970 -0.175723 3.657424
vertex 1.025553 -0.066563 3.651065
vertex 0.976014 -0.180673 3.657712
endloop
endfacet
facet normal -1.6318e-07 0.0581531 0.998308
outer loop
vertex 1.509049 -0.218756 3.659931
vertex 1.572970 -0.175723 3.657424
vertex 0.976014 -0.180673 3.657712
endloop
endfacet
facet normal -8.02303e-08 0.0581542 0.998308
outer loop
vertex 1.509049 -0.218756 3.659931
vertex 0.976014 -0.180673 3.657712
vertex 0.914243 -0.287680 3.663946
endloop
endfacet
facet normal 5.96414e-06 0.0581511 0.998308
outer loop
vertex 1.281125 -0.617506 3.683159
vertex 1.350884 -0.512408 3.677037
vertex 1.483773 -0.249628 3.661729
endloop
endfacet
facet normal -1.31544e-07 0.0581547 0.998308
outer loop
vertex 1.483773 -0.249628 3.661729
vertex 1.509049 -0.218756 3.659931
vertex 0.914243 -0.287680 3.663946
endloop
endfacet
facet normal -1.84675e-07 0.0581555 0.998308
outer loop
vertex 1.483773 -0.249628 3.661729
vertex 0.914243 -0.287680 3.663946
vertex 0.814512 -0.417547 3.671511
endloop
endfacet
facet normal -1.69026e-06 0.0581554 0.998308
outer loop
vertex 1.203429 -0.716479 3.688925
vertex 1.281125 -0.617506 3.683159
vertex 1.483773 -0.249628 3.661729
endloop
endfacet
facet normal -1.88559e-05 0.0581725 0.998307
outer loop
vertex 1.026045 -0.894248 3.699280
vertex 1.118252 -0.808877 3.694307
vertex 1.203429 -0.716479 3.688925
endloop
endfacet
facet normal -7.38003e-06 0.0581652 0.998307
outer loop
vertex 0.749252 -1.084134 3.710342
vertex 0.857981 -1.019699 3.706588
vertex 1.026045 -0.894248 3.699280
endloop
endfacet
facet normal -2.96969e-07 0.0581565 0.998307
outer loop
vertex 0.434315 -1.212322 3.717809
vertex 0.635158 -1.139893 3.713590
vertex 0.749252 -1.084134 3.710342
endloop
endfacet
facet normal -1.04712e-07 0.0581515 0.998308
outer loop
vertex 0.000111 -1.272793 3.721332
vertex 0.221933 -1.257317 3.720430
vertex 0.434315 -1.212322 3.717809
endloop
endfacet
facet normal 1.00281e-06 0.0581591 0.998307
outer loop
vertex -0.350442 -1.233757 3.719058
vertex -0.221732 -1.257336 3.720431
vertex 0.000111 -1.272793 3.721332
endloop
endfacet
facet normal 2.168e-06 0.0581615 0.998307
outer loop
vertex -0.673612 -1.122340 3.712567
vertex -0.475302 -1.199999 3.717091
vertex -0.350442 -1.233757 3.719058
endloop
endfacet
facet normal 3.98842e-06 0.0581612 0.998307
outer loop
vertex -0.892842 -0.996412 3.705232
vertex -0.785985 -1.063640 3.709148
vertex -0.673612 -1.122340 3.712567
endloop
endfacet
facet normal -1.79998e-06 0.058152 0.998308
outer loop
vertex -1.147376 -0.778870 3.692559
vertex -1.057447 -0.866637 3.697672
vertex -0.892842 -0.996412 3.705232
endloop
endfacet
facet normal -6.20726e-06 0.0581498 0.998308
outer loop
vertex -1.305237 -0.583153 3.681158
vertex -1.230124 -0.684225 3.687046
vertex -1.147376 -0.778870 3.692559
endloop
endfacet
facet normal 1.40436e-05 0.0581612 0.998307
outer loop
vertex -1.483893 -0.249413 3.661717
vertex -1.372261 -0.476106 3.674922
vertex -1.305237 -0.583153 3.681158
endloop
endfacet
facet normal -3.93548e-06 0.0581516 0.998308
outer loop
vertex -1.483893 -0.249413 3.661717
vertex -1.305237 -0.583153 3.681158
vertex -1.147376 -0.778870 3.692559
endloop
endfacet
facet normal -1.18903e-07 0.0581541 0.998308
outer loop
vertex -1.147376 -0.778870 3.692559
vertex -0.892842 -0.996412 3.705232
vertex -0.673612 -1.122340 3.712567
endloop
endfacet
facet normal 8.41674e-07 0.0581577 0.998307
outer loop
vertex -0.673612 -1.122340 3.712567
vertex -0.350442 -1.233757 3.719058
vertex 0.000111 -1.272793 3.721332
endloop
endfacet
facet normal -1.06807e-06 0.0581584 0.998307
outer loop
vertex 0.000111 -1.272793 3.721332
vertex 0.434315 -1.212322 3.717809
vertex 0.749252 -1.084134 3.710342
endloop
endfacet
facet normal 1.31773e-06 0.0581525 0.998308
outer loop
vertex 0.749252 -1.084134 3.710342
vertex 1.026045 -0.894248 3.699280
vertex 1.203429 -0.716479 3.688925
endloop
endfacet
facet normal 1.05108e-07 0.0581543 0.998308
outer loop
vertex 1.203429 -0.716479 3.688925
vertex 1.483773 -0.249628 3.661729
vertex 0.814512 -0.417547 3.671511
endloop
endfacet
facet normal -1.17195e-07 0.058154 0.998308
outer loop
vertex 1.203429 -0.716479 3.688925
vertex 0.814512 -0.417547 3.671511
vertex 0.696745 -0.531013 3.678121
endloop
endfacet
facet normal 2.45004e-09 0.0581541 0.998308
outer loop
vertex 0.000111 -1.272793 3.721332
vertex 0.749252 -1.084134 3.710342
vertex 1.203429 -0.716479 3.688925
endloop
endfacet
facet normal 9.87088e-08 0.0581543 0.998308
outer loop
vertex -1.147376 -0.778870 3.692559
vertex -0.673612 -1.122340 3.712567
vertex 0.000111 -1.272793 3.721332
endloop
endfacet
facet normal 0 0.0581541 0.998308
outer loop
vertex -1.483893 -0.249413 3.661717
vertex -1.147376 -0.778870 3.692559
vertex 0.000111 -1.272793 3.721332
endloop
endfacet
facet normal -4.41816e-08 0.0581542 0.998308
outer loop
vertex 0.000111 -1.272793 3.721332
vertex 1.203429 -0.716479 3.688925
vertex 0.696745 -0.531013 3.678121
endloop
endfacet
facet normal 2.89585e-06 0.0581514 0.998308
outer loop
vertex 0.000111 -1.272793 3.721332
vertex 0.696745 -0.531013 3.678121
vertex 0.597815 -0.604093 3.682378
endloop
endfacet
facet normal 3.12299e-06 0.0581586 0.998307
outer loop
vertex -1.509018 -0.218771 3.659932
vertex -1.483893 -0.249413 3.661717
vertex 0.000111 -1.272793 3.721332
endloop
endfacet
facet normal -4.18833e-07 0.0581545 0.998308
outer loop
vertex 0.000111 -1.272793 3.721332
vertex 0.597815 -0.604093 3.682378
vertex 0.453599 -0.683732 3.687017
endloop
endfacet
facet normal -7.74505e-08 0.0581542 0.998308
outer loop
vertex 0.000111 -1.272793 3.721332
vertex 0.453599 -0.683732 3.687017
vertex 0.337194 -0.729052 3.689657
endloop
endfacet
facet normal -9.7818e-08 0.0581542 0.998308
outer loop
vertex 0.000111 -1.272793 3.721332
vertex 0.337194 -0.729052 3.689657
vertex 0.172893 -0.768503 3.691955
endloop
endfacet
facet normal 6.35717e-07 0.0581539 0.998308
outer loop
vertex 0.000111 -1.272793 3.721332
vertex 0.172893 -0.768503 3.691955
vertex 0.043816 -0.781259 3.692698
endloop
endfacet
facet normal -6.45847e-08 0.058154 0.998308
outer loop
vertex 0.000111 -1.272793 3.721332
vertex 0.043816 -0.781259 3.692698
vertex -0.044046 -0.781255 3.692698
endloop
endfacet
facet normal -8.87838e-08 0.058154 0.998308
outer loop
vertex 0.000111 -1.272793 3.721332
vertex -0.044046 -0.781255 3.692698
vertex -0.173019 -0.768506 3.691956
endloop
endfacet
facet normal -1.18612e-06 0.0581536 0.998308
outer loop
vertex 0.000111 -1.272793 3.721332
vertex -0.173019 -0.768506 3.691956
vertex -0.256452 -0.751862 3.690986
endloop
endfacet
facet normal 1.53301e-06 0.0581549 0.998308
outer loop
vertex 0.000111 -1.272793 3.721332
vertex -0.256452 -0.751862 3.690986
vertex -0.376870 -0.715384 3.688861
endloop
endfacet
facet normal -1.26236e-06 0.058153 0.998308
outer loop
vertex 0.000111 -1.272793 3.721332
vertex -0.376870 -0.715384 3.688861
vertex -0.453778 -0.683723 3.687017
endloop
endfacet
facet normal -2.91785e-06 0.0581518 0.998308
outer loop
vertex 0.000111 -1.272793 3.721332
vertex -0.453778 -0.683723 3.687017
vertex -0.563193 -0.625964 3.683652
endloop
endfacet
facet normal 2.52851e-07 0.0581545 0.998308
outer loop
vertex -1.509018 -0.218771 3.659932
vertex 0.000111 -1.272793 3.721332
vertex -0.563193 -0.625964 3.683652
endloop
endfacet
facet normal -2.5451e-07 0.0581534 0.998308
outer loop
vertex -1.509018 -0.218771 3.659932
vertex -0.563193 -0.625964 3.683652
vertex -0.631940 -0.580918 3.681028
endloop
endfacet
facet normal 1.41033e-06 0.0581574 0.998307
outer loop
vertex -1.572939 -0.175748 3.657426
vertex -1.509018 -0.218771 3.659932
vertex -0.631940 -0.580918 3.681028
endloop
endfacet
facet normal -2.16986e-06 0.0581491 0.998308
outer loop
vertex -1.572939 -0.175748 3.657426
vertex -0.631940 -0.580918 3.681028
vertex -0.727941 -0.504293 3.676564
endloop
endfacet
facet normal 4.04643e-07 0.0581557 0.998308
outer loop
vertex -1.572939 -0.175748 3.657426
vertex -0.727941 -0.504293 3.676564
vertex -0.814693 -0.417539 3.671511
endloop
endfacet
facet normal -5.01354e-07 0.0581529 0.998308
outer loop
vertex -1.572939 -0.175748 3.657426
vertex -0.814693 -0.417539 3.671511
vertex -0.891286 -0.321577 3.665921
endloop
endfacet
facet normal 3.26061e-07 0.0581567 0.998307
outer loop
vertex -1.572939 -0.175748 3.657426
vertex -0.891286 -0.321577 3.665921
vertex -0.956902 -0.217210 3.659841
endloop
endfacet
facet normal 0 0.058154 0.998308
outer loop
vertex -9.525000 -0.050000 3.650100
vertex -1.848972 -0.319522 3.665801
vertex -1.819043 -0.248814 3.661682
endloop
endfacet
facet normal -1.91122e-08 0.0581532 0.998308
outer loop
vertex -9.525000 -0.050000 3.650100
vertex -1.819043 -0.248814 3.661682
vertex -1.763424 -0.193433 3.658456
endloop
endfacet
facet normal 8.33609e-08 0.0581531 0.998308
outer loop
vertex -1.572939 -0.175748 3.657426
vertex -0.956902 -0.217210 3.659841
vertex -0.994092 -0.143419 3.655542
endloop
endfacet
facet normal 5.42613e-08 0.0581536 0.998308
outer loop
vertex -1.648572 -0.159708 3.656491
vertex -1.572939 -0.175748 3.657426
vertex -0.994092 -0.143419 3.655542
endloop
endfacet
facet normal 9.34808e-08 0.0581593 0.998307
outer loop
vertex -9.525000 -0.050000 3.650100
vertex -1.763424 -0.193433 3.658456
vertex -1.727285 -0.174399 3.657347
endloop
endfacet
facet normal -1.65333e-07 0.0581431 0.998308
outer loop
vertex -9.525000 -0.050000 3.650100
vertex -1.727285 -0.174399 3.657347
vertex -1.688073 -0.162990 3.656682
endloop
endfacet
facet normal 1.3431e-08 0.0581553 0.998308
outer loop
vertex -1.648572 -0.159708 3.656491
vertex -0.994092 -0.143419 3.655542
vertex -9.525000 -0.050000 3.650100
endloop
endfacet
facet normal 9.24076e-08 0.0581608 0.998307
outer loop
vertex -9.525000 -0.050000 3.650100
vertex -1.688073 -0.162990 3.656682
vertex -1.648572 -0.159708 3.656491
endloop
endfacet
facet normal -0.00285693 0.0581541 0.998304
outer loop
vertex 9.525000 -1.400000 3.728742
vertex 9.662224 -1.393259 3.728742
vertex 9.529901 -0.049759 3.650100
endloop
endfacet
facet normal -0.00285657 0.0581541 0.998304
outer loop
vertex 9.525000 -1.400000 3.728742
vertex 9.529901 -0.049759 3.650100
vertex 9.525000 -0.050000 3.650100
endloop
endfacet
facet normal -0.00854323 0.057594 0.998304
outer loop
vertex 9.662224 -1.393259 3.728742
vertex 9.798126 -1.373099 3.728742
vertex 9.534755 -0.049039 3.650100
endloop
endfacet
facet normal -0.00854302 0.057594 0.998304
outer loop
vertex 9.662224 -1.393259 3.728742
vertex 9.534755 -0.049039 3.650100
vertex 9.529901 -0.049759 3.650100
endloop
endfacet
facet normal -0.0141474 0.0564793 0.998304
outer loop
vertex 9.798126 -1.373099 3.728742
vertex 9.931398 -1.339716 3.728742
vertex 9.539515 -0.047847 3.650100
endloop
endfacet
facet normal -0.0141468 0.056479 0.998304
outer loop
vertex 9.798126 -1.373099 3.728742
vertex 9.539515 -0.047847 3.650100
vertex 9.534755 -0.049039 3.650100
endloop
endfacet
facet normal -0.0196151 0.0548207 0.998304
outer loop
vertex 9.931398 -1.339716 3.728742
vertex 10.060757 -1.293431 3.728742
vertex 9.544134 -0.046194 3.650100
endloop
endfacet
facet normal -0.0196166 0.0548205 0.998303
outer loop
vertex 9.931398 -1.339716 3.728742
vertex 9.544134 -0.046194 3.650100
vertex 9.539515 -0.047847 3.650100
endloop
endfacet
facet normal -0.024894 0.0526341 0.998303
outer loop
vertex 10.060757 -1.293431 3.728742
vertex 10.184956 -1.234690 3.728742
vertex 9.548570 -0.044096 3.650100
endloop
endfacet
facet normal -0.024894 0.0526339 0.998304
outer loop
vertex 10.060757 -1.293431 3.728742
vertex 9.548570 -0.044096 3.650100
vertex 9.544134 -0.046194 3.650100
endloop
endfacet
facet normal -0.0299332 0.0499406 0.998304
outer loop
vertex 10.184956 -1.234690 3.728742
vertex 10.302798 -1.164057 3.728742
vertex 9.552778 -0.041573 3.650100
endloop
endfacet
facet normal -0.0299336 0.0499398 0.998304
outer loop
vertex 10.184956 -1.234690 3.728742
vertex 9.552778 -0.041573 3.650100
vertex 9.548570 -0.044096 3.650100
endloop
endfacet
facet normal -0.0346841 0.0467661 0.998304
outer loop
vertex 10.302798 -1.164057 3.728742
vertex 10.413151 -1.082215 3.728742
vertex 9.556720 -0.038651 3.650100
endloop
endfacet
facet normal -0.0346829 0.0467679 0.998304
outer loop
vertex 10.302798 -1.164057 3.728742
vertex 9.556720 -0.038651 3.650100
vertex 9.552778 -0.041573 3.650100
endloop
endfacet
facet normal -0.039101 0.0431413 0.998304
outer loop
vertex 10.413151 -1.082215 3.728742
vertex 10.514950 -0.989949 3.728742
vertex 9.560355 -0.035355 3.650100
endloop
endfacet
facet normal -0.0391028 0.04314 0.998304
outer loop
vertex 10.413151 -1.082215 3.728742
vertex 9.560355 -0.035355 3.650100
vertex 9.556720 -0.038651 3.650100
endloop
endfacet
facet normal -0.0431413 0.039101 0.998304
outer loop
vertex 10.514950 -0.989949 3.728742
vertex 10.607215 -0.888151 3.728742
vertex 9.563650 -0.031720 3.650100
endloop
endfacet
facet normal -0.0431418 0.0391002 0.998304
outer loop
vertex 10.514950 -0.989949 3.728742
vertex 9.563650 -0.031720 3.650100
vertex 9.560355 -0.035355 3.650100
endloop
endfacet
facet normal -0.0467662 0.034684 0.998304
outer loop
vertex 10.607215 -0.888151 3.728742
vertex 10.689057 -0.777798 3.728742
vertex 9.566573 -0.027779 3.650100
endloop
endfacet
facet normal -0.0467654 0.0346848 0.998303
outer loop
vertex 10.607215 -0.888151 3.728742
vertex 9.566573 -0.027779 3.650100
vertex 9.563650 -0.031720 3.650100
endloop
endfacet
facet normal -0.0499406 0.0299331 0.998304
outer loop
vertex 10.689057 -0.777798 3.728742
vertex 10.759689 -0.659955 3.728742
vertex 9.569096 -0.023570 3.650100
endloop
endfacet
facet normal -0.0499415 0.0299325 0.998303
outer loop
vertex 10.689057 -0.777798 3.728742
vertex 9.569096 -0.023570 3.650100
vertex 9.566573 -0.027779 3.650100
endloop
endfacet
facet normal -0.0526341 0.0248941 0.998304
outer loop
vertex 10.759689 -0.659955 3.728742
vertex 10.818431 -0.535757 3.728742
vertex 9.571194 -0.019134 3.650100
endloop
endfacet
facet normal -0.0526327 0.0248951 0.998304
outer loop
vertex 10.759689 -0.659955 3.728742
vertex 9.571194 -0.019134 3.650100
vertex 9.569096 -0.023570 3.650100
endloop
endfacet
facet normal -0.0548206 0.0196153 0.998304
outer loop
vertex 10.818431 -0.535757 3.728742
vertex 10.864717 -0.406399 3.728742
vertex 9.572847 -0.014514 3.650100
endloop
endfacet
facet normal -0.0548183 0.0196221 0.998304
outer loop
vertex 10.818431 -0.535757 3.728742
vertex 9.572847 -0.014514 3.650100
vertex 9.571194 -0.019134 3.650100
endloop
endfacet
facet normal -0.0564794 0.0141471 0.998304
outer loop
vertex 10.864717 -0.406399 3.728742
vertex 10.898099 -0.273126 3.728742
vertex 9.574039 -0.009755 3.650100
endloop
endfacet
facet normal -0.0564798 0.014146 0.998304
outer loop
vertex 10.864717 -0.406399 3.728742
vertex 9.574039 -0.009755 3.650100
vertex 9.572847 -0.014514 3.650100
endloop
endfacet
facet normal -0.057594 0.00854348 0.998304
outer loop
vertex 10.898099 -0.273126 3.728742
vertex 10.918259 -0.137224 3.728742
vertex 9.574759 -0.004901 3.650100
endloop
endfacet
facet normal -0.0575942 0.00854396 0.998303
outer loop
vertex 10.898099 -0.273126 3.728742
vertex 9.574759 -0.004901 3.650100
vertex 9.574039 -0.009755 3.650100
endloop
endfacet
facet normal -0.0581541 0.00285699 0.998304
outer loop
vertex 10.918259 -0.137224 3.728742
vertex 10.925000 -0.000000 3.728742
vertex 9.575000 -0.000000 3.650100
endloop
endfacet
facet normal -0.0581545 0.00285214 0.998304
outer loop
vertex 10.918259 -0.137224 3.728742
vertex 9.575000 -0.000000 3.650100
vertex 9.574759 -0.004901 3.650100
endloop
endfacet
facet normal 0 0 -1
outer loop
vertex 16.797771 -8.381187 0.000000
vertex 16.558245 -8.494474 0.000000
vertex 16.308769 -8.583739 0.000000
endloop
endfacet
facet normal 0 0 -1
outer loop
vertex 16.308769 -8.583739 0.000000
vertex 16.051744 -8.648120 0.000000
vertex 15.789646 -8.686998 0.000000
endloop
endfacet
facet normal 0 0 -1
outer loop
vertex 15.789646 -8.686998 0.000000
vertex 15.525000 -8.700000 0.000000
vertex -15.525000 -8.700000 0.000000
endloop
endfacet
facet normal 0 0 -1
outer loop
vertex -15.525000 -8.700000 0.000000
vertex -15.789646 -8.686998 0.000000
vertex -16.051744 -8.648120 0.000000
endloop
endfacet
facet normal 0 0 -1
outer loop
vertex -16.051744 -8.648120 0.000000
vertex -16.308769 -8.583739 0.000000
vertex -16.558245 -8.494474 0.000000
endloop
endfacet
facet normal 0 0 -1
outer loop
vertex -16.558245 -8.494474 0.000000
vertex -16.797771 -8.381187 0.000000
vertex -17.025040 -8.244968 0.000000
endloop
endfacet
facet normal 0 0 -1
outer loop
vertex -17.025040 -8.244968 0.000000
vertex -17.237862 -8.087129 0.000000
vertex -17.434189 -7.909188 0.000000
endloop
endfacet
facet normal 0 0 -1
outer loop
vertex -17.434189 -7.909188 0.000000
vertex -17.612127 -7.712862 0.000000
vertex -17.769968 -7.500040 0.000000
endloop
endfacet
facet normal 0 0 -1
outer loop
vertex -17.769968 -7.500040 0.000000
vertex -17.906187 -7.272771 0.000000
vertex -18.019474 -7.033245 0.000000
endloop
endfacet
facet normal 0 0 -1
outer loop
vertex -18.019474 -7.033245 0.000000
vertex -18.108740 -6.783769 0.000000
vertex -18.173120 -6.526744 0.000000
endloop
endfacet
facet normal 0 0 -1
outer loop
vertex -18.173120 -6.526744 0.000000
vertex -18.211998 -6.264646 0.000000
vertex -18.225000 -6.000000 0.000000
endloop
endfacet
facet normal 0 0 -1
outer loop
vertex -18.225000 -6.000000 0.000000
vertex -18.225000 6.000000 0.000000
vertex -18.211998 6.264646 0.000000
endloop
endfacet
facet normal 0 0 -1
outer loop
vertex -18.211998 6.264646 0.000000
vertex -18.173120 6.526744 0.000000
vertex -18.108740 6.783769 0.000000
endloop
endfacet
facet normal 0 0 -1
outer loop
vertex -18.108740 6.783769 0.000000
vertex -18.019474 7.033245 0.000000
vertex -17.906187 7.272771 0.000000
endloop
endfacet
facet normal 0 0 -1
outer loop
vertex -17.906187 7.272771 0.000000
vertex -17.769968 7.500040 0.000000
vertex -17.612127 7.712862 0.000000
endloop
endfacet
facet normal 0 0 -1
outer loop
vertex -17.612127 7.712862 0.000000
vertex -17.434189 7.909188 0.000000
vertex -17.237862 8.087129 0.000000
endloop
endfacet
facet normal 0 0 -1
outer loop
vertex -17.237862 8.087129 0.000000
vertex -17.025040 8.244968 0.000000
vertex -16.797771 8.381187 0.000000
endloop
endfacet
facet normal 0 0 -1
outer loop
vertex -16.797771 8.381187 0.000000
vertex -16.558245 8.494474 0.000000
vertex -16.308769 8.583739 0.000000
endloop
endfacet
facet normal 0 0 -1
outer loop
vertex -16.308769 8.583739 0.000000
vertex -15.706342 7.350752 0.000000
vertex -15.803492 7.304803 0.000000
endloop
endfacet
facet normal 0 0 -1
outer loop
vertex -16.308769 8.583739 0.000000
vertex -15.803492 7.304803 0.000000
vertex -16.013926 7.178674 0.000000
endloop
endfacet
facet normal 0 0 -1
outer loop
vertex -17.237862 8.087129 0.000000
vertex -16.797771 8.381187 0.000000
vertex -16.308769 8.583739 0.000000
endloop
endfacet
facet normal 0 0 -1
outer loop
vertex -17.906187 7.272771 0.000000
vertex -17.612127 7.712862 0.000000
vertex -17.237862 8.087129 0.000000
endloop
endfacet
facet normal 0 0 -1
outer loop
vertex -18.211998 6.264646 0.000000
vertex -18.108740 6.783769 0.000000
vertex -17.906187 7.272771 0.000000
endloop
endfacet
facet normal 0 0 -1
outer loop
vertex -18.173120 -6.526744 0.000000
vertex -18.225000 -6.000000 0.000000
vertex -18.211998 6.264646 0.000000
endloop
endfacet
facet normal 0 0 -1
outer loop
vertex -17.769968 -7.500040 0.000000
vertex -18.019474 -7.033245 0.000000
vertex -18.173120 -6.526744 0.000000
endloop
endfacet
facet normal 0 0 -1
outer loop
vertex -17.025040 -8.244968 0.000000
vertex -17.434189 -7.909188 0.000000
vertex -17.769968 -7.500040 0.000000
endloop
endfacet
facet normal 0 0 -1
outer loop
vertex -16.051744 -8.648120 0.000000
vertex -16.558245 -8.494474 0.000000
vertex -17.025040 -8.244968 0.000000
endloop
endfacet
facet normal -0 0 -1
outer loop
vertex 15.789646 -8.686998 0.000000
vertex -15.525000 -8.700000 0.000000
vertex -16.051744 -8.648120 0.000000
endloop
endfacet
facet normal 0 0 -1
outer loop
vertex 16.797771 -8.381187 0.000000
vertex 16.308769 -8.583739 0.000000
vertex 15.789646 -8.686998 0.000000
endloop
endfacet
facet normal 0 0 -1
outer loop
vertex 17.237862 -8.087129 0.000000
vertex 17.025040 -8.244968 0.000000
vertex 16.797771 -8.381187 0.000000
endloop
endfacet
facet normal 0 0 -1
outer loop
vertex 17.612127 -7.712862 0.000000
vertex 17.434189 -7.909188 0.000000
vertex 17.237862 -8.087129 0.000000
endloop
endfacet
facet normal 0 0 -1
outer loop
vertex 17.906187 -7.272771 0.000000
vertex 17.769968 -7.500040 0.000000
vertex 17.612127 -7.712862 0.000000
endloop
endfacet
facet normal 0 0 -1
outer loop
vertex 18.108740 -6.783769 0.000000
vertex 18.019474 -7.033245 0.000000
vertex 17.906187 -7.272771 0.000000
endloop
endfacet
facet normal 0 0 -1
outer loop
vertex 18.211998 -6.264646 0.000000
vertex 18.173120 -6.526744 0.000000
vertex 18.108740 -6.783769 0.000000
endloop
endfacet
facet normal 0 -0 -1
outer loop
vertex 18.225000 6.000000 0.000000
vertex 18.225000 -6.000000 0.000000
vertex 18.211998 -6.264646 0.000000
endloop
endfacet
facet normal 0 0 -1
outer loop
vertex 18.173120 6.526744 0.000000
vertex 18.211998 6.264646 0.000000
vertex 18.225000 6.000000 0.000000
endloop
endfacet
facet normal 0 0 -1
outer loop
vertex 18.019474 7.033245 0.000000
vertex 18.108740 6.783769 0.000000
vertex 18.173120 6.526744 0.000000
endloop
endfacet
facet normal 0 0 -1
outer loop
vertex 16.829803 6.278492 0.000000
vertex 16.800241 6.327812 0.000000
vertex 18.019474 7.033245 0.000000
endloop
endfacet
facet normal 0 0 -1
outer loop
vertex 16.934698 6.056709 0.000000
vertex 16.829803 6.278492 0.000000
vertex 18.019474 7.033245 0.000000
endloop
endfacet
facet normal 0 0 -1
outer loop
vertex 18.019474 7.033245 0.000000
vertex 18.173120 6.526744 0.000000
vertex 18.225000 6.000000 0.000000
endloop
endfacet
facet normal 0 0 -1
outer loop
vertex 18.225000 6.000000 0.000000
vertex 18.211998 -6.264646 0.000000
vertex 18.108740 -6.783769 0.000000
endloop
endfacet
facet normal 0 0 -1
outer loop
vertex 18.108740 -6.783769 0.000000
vertex 17.906187 -7.272771 0.000000
vertex 17.612127 -7.712862 0.000000
endloop
endfacet
facet normal 0 0 -1
outer loop
vertex 17.612127 -7.712862 0.000000
vertex 17.237862 -8.087129 0.000000
vertex 16.797771 -8.381187 0.000000
endloop
endfacet
facet normal 0 0 -1
outer loop
vertex 16.797771 -8.381187 0.000000
vertex 15.789646 -8.686998 0.000000
vertex -16.051744 -8.648120 0.000000
endloop
endfacet
facet normal 0 0 -1
outer loop
vertex -16.051744 -8.648120 0.000000
vertex -17.025040 -8.244968 0.000000
vertex -17.769968 -7.500040 0.000000
endloop
endfacet
facet normal 0 0 -1
outer loop
vertex -17.769968 -7.500040 0.000000
vertex -18.173120 -6.526744 0.000000
vertex -18.211998 6.264646 0.000000
endloop
endfacet
facet normal 0 0 -1
outer loop
vertex -18.211998 6.264646 0.000000
vertex -17.906187 7.272771 0.000000
vertex -17.237862 8.087129 0.000000
endloop
endfacet
facet normal 0 0 -1
outer loop
vertex -17.237862 8.087129 0.000000
vertex -16.308769 8.583739 0.000000
vertex -16.013926 7.178674 0.000000
endloop
endfacet
facet normal 0 0 -1
outer loop
vertex -17.237862 8.087129 0.000000
vertex -16.013926 7.178674 0.000000
vertex -16.210983 7.032526 0.000000
endloop
endfacet
facet normal 0 0 -1
outer loop
vertex -17.769968 -7.500040 0.000000
vertex -18.211998 6.264646 0.000000
vertex -17.237862 8.087129 0.000000
endloop
endfacet
facet normal 0 0 -1
outer loop
vertex 17.612127 -7.712862 0.000000
vertex 16.797771 -8.381187 0.000000
vertex -16.051744 -8.648120 0.000000
endloop
endfacet
facet normal 0 0 -1
outer loop
vertex 18.225000 6.000000 0.000000
vertex 18.108740 -6.783769 0.000000
vertex 17.612127 -7.712862 0.000000
endloop
endfacet
facet normal 0 0 -1
outer loop
vertex 16.934698 6.056709 0.000000
vertex 18.019474 7.033245 0.000000
vertex 18.225000 6.000000 0.000000
endloop
endfacet
facet normal 0 0 -1
outer loop
vertex 17.017351 5.825712 0.000000
vertex 16.934698 6.056709 0.000000
vertex 18.225000 6.000000 0.000000
endloop
endfacet
facet normal 0 0 -1
outer loop
vertex -17.237862 8.087129 0.000000
vertex -16.210983 7.032526 0.000000
vertex -16.392767 6.867767 0.000000
endloop
endfacet
facet normal 0 0 -1
outer loop
vertex -17.237862 8.087129 0.000000
vertex -16.392767 6.867767 0.000000
vertex -16.557526 6.685983 0.000000
endloop
endfacet
facet normal 0 0 -1
outer loop
vertex 17.076963 5.587726 0.000000
vertex 17.017351 5.825712 0.000000
vertex 18.225000 6.000000 0.000000
endloop
endfacet
facet normal 0 0 -1
outer loop
vertex 17.112963 5.345043 0.000000
vertex 17.076963 5.587726 0.000000
vertex 18.225000 6.000000 0.000000
endloop
endfacet
facet normal 0 0 -1
outer loop
vertex -17.237862 8.087129 0.000000
vertex -16.557526 6.685983 0.000000
vertex -16.703674 6.488925 0.000000
endloop
endfacet
facet normal 0 0 -1
outer loop
vertex -17.237862 8.087129 0.000000
vertex -16.703674 6.488925 0.000000
vertex -16.829803 6.278492 0.000000
endloop
endfacet
facet normal 0 0 -1
outer loop
vertex 17.125000 5.100000 0.000000
vertex 17.112963 5.345043 0.000000
vertex 18.225000 6.000000 0.000000
endloop
endfacet
facet normal 0 0 -1
outer loop
vertex 17.125000 -5.100000 0.000000
vertex 17.125000 5.100000 0.000000
vertex 18.225000 6.000000 0.000000
endloop
endfacet
facet normal 0 0 -1
outer loop
vertex -17.237862 8.087129 0.000000
vertex -16.829803 6.278492 0.000000
vertex -16.934698 6.056709 0.000000
endloop
endfacet
facet normal 0 0 -1
outer loop
vertex -17.237862 8.087129 0.000000
vertex -16.934698 6.056709 0.000000
vertex -17.017351 5.825712 0.000000
endloop
endfacet
facet normal 0 0 -1
outer loop
vertex 17.125000 -5.100000 0.000000
vertex 18.225000 6.000000 0.000000
vertex 17.612127 -7.712862 0.000000
endloop
endfacet
facet normal 0 0 -1
outer loop
vertex 17.112963 -5.345043 0.000000
vertex 17.125000 -5.100000 0.000000
vertex 17.612127 -7.712862 0.000000
endloop
endfacet
facet normal 0 0 -1
outer loop
vertex -17.237862 8.087129 0.000000
vertex -17.017351 5.825712 0.000000
vertex -17.076963 5.587726 0.000000
endloop
endfacet
facet normal 0 0 -1
outer loop
vertex -17.237862 8.087129 0.000000
vertex -17.076963 5.587726 0.000000
vertex -17.112963 5.345043 0.000000
endloop
endfacet
facet normal 0 0 -1
outer loop
vertex 17.076963 -5.587726 0.000000
vertex 17.112963 -5.345043 0.000000
vertex 17.612127 -7.712862 0.000000
endloop
endfacet
facet normal 0 0 -1
outer loop
vertex 17.017351 -5.825712 0.000000
vertex 17.076963 -5.587726 0.000000
vertex 17.612127 -7.712862 0.000000
endloop
endfacet
facet normal 0 0 -1
outer loop
vertex -17.769968 -7.500040 0.000000
vertex -17.237862 8.087129 0.000000
vertex -17.112963 5.345043 0.000000
endloop
endfacet
facet normal 0 0 -1
outer loop
vertex -17.769968 -7.500040 0.000000
vertex -17.112963 5.345043 0.000000
vertex -17.125000 5.100000 0.000000
endloop
endfacet
facet normal 0 0 -1
outer loop
vertex 16.934698 -6.056709 0.000000
vertex 17.017351 -5.825712 0.000000
vertex 17.612127 -7.712862 0.000000
endloop
endfacet
facet normal 0 0 -1
outer loop
vertex 16.829803 -6.278492 0.000000
vertex 16.934698 -6.056709 0.000000
vertex 17.612127 -7.712862 0.000000
endloop
endfacet
facet normal 0 0 -1
outer loop
vertex -17.769968 -7.500040 0.000000
vertex -17.125000 5.100000 0.000000
vertex -17.125000 -5.100000 0.000000
endloop
endfacet
facet normal 0 0 -1
outer loop
vertex -17.769968 -7.500040 0.000000
vertex -17.125000 -5.100000 0.000000
vertex -17.112963 -5.345043 0.000000
endloop
endfacet
facet normal 0 0 -1
outer loop
vertex 16.703674 -6.488925 0.000000
vertex 16.829803 -6.278492 0.000000
vertex 17.612127 -7.712862 0.000000
endloop
endfacet
facet normal 0 0 -1
outer loop
vertex 16.557526 -6.685983 0.000000
vertex 16.703674 -6.488925 0.000000
vertex 17.612127 -7.712862 0.000000
endloop
endfacet
facet normal 0 0 -1
outer loop
vertex -17.769968 -7.500040 0.000000
vertex -17.112963 -5.345043 0.000000
vertex -17.076963 -5.587726 0.000000
endloop
endfacet
facet normal 0 0 -1
outer loop
vertex -17.769968 -7.500040 0.000000
vertex -17.076963 -5.587726 0.000000
vertex -17.017351 -5.825712 0.000000
endloop
endfacet
facet normal 0 0 -1
outer loop
vertex 16.392767 -6.867767 0.000000
vertex 16.557526 -6.685983 0.000000
vertex 17.612127 -7.712862 0.000000
endloop
endfacet
facet normal 0 0 -1
outer loop
vertex 16.210983 -7.032526 0.000000
vertex 16.392767 -6.867767 0.000000
vertex 17.612127 -7.712862 0.000000
endloop
endfacet
facet normal 0 0 -1
outer loop
vertex -16.051744 -8.648120 0.000000
vertex -17.769968 -7.500040 0.000000
vertex -17.017351 -5.825712 0.000000
endloop
endfacet
facet normal 0 0 -1
outer loop
vertex -16.051744 -8.648120 0.000000
vertex -17.017351 -5.825712 0.000000
vertex -16.934698 -6.056709 0.000000
endloop
endfacet
facet normal 0 0 -1
outer loop
vertex 16.013926 -7.178674 0.000000
vertex 16.210983 -7.032526 0.000000
vertex 17.612127 -7.712862 0.000000
endloop
endfacet
facet normal 0 0 -1
outer loop
vertex 15.803492 -7.304803 0.000000
vertex 16.013926 -7.178674 0.000000
vertex 17.612127 -7.712862 0.000000
endloop
endfacet
facet normal 0 0 -1
outer loop
vertex -16.051744 -8.648120 0.000000
vertex -16.934698 -6.056709 0.000000
vertex -16.829803 -6.278492 0.000000
endloop
endfacet
facet normal 0 0 -1
outer loop
vertex -16.051744 -8.648120 0.000000
vertex -16.829803 -6.278492 0.000000
vertex -16.703674 -6.488925 0.000000
endloop
endfacet
facet normal 0 0 -1
outer loop
vertex 15.581709 -7.409699 0.000000
vertex 15.803492 -7.304803 0.000000
vertex 17.612127 -7.712862 0.000000
endloop
endfacet
facet normal 0 0 -1
outer loop
vertex 15.350712 -7.492351 0.000000
vertex 15.581709 -7.409699 0.000000
vertex 17.612127 -7.712862 0.000000
endloop
endfacet
facet normal 0 0 -1
outer loop
vertex -16.051744 -8.648120 0.000000
vertex -16.703674 -6.488925 0.000000
vertex -16.557526 -6.685983 0.000000
endloop
endfacet
facet normal 0 0 -1
outer loop
vertex -16.051744 -8.648120 0.000000
vertex -16.557526 -6.685983 0.000000
vertex -16.392767 -6.867767 0.000000
endloop
endfacet
facet normal 0 0 -1
outer loop
vertex 15.112726 -7.551963 0.000000
vertex 15.350712 -7.492351 0.000000
vertex 17.612127 -7.712862 0.000000
endloop
endfacet
facet normal 0 0 -1
outer loop
vertex 14.870043 -7.587962 0.000000
vertex 15.112726 -7.551963 0.000000
vertex 17.612127 -7.712862 0.000000
endloop
endfacet
facet normal 0 0 -1
outer loop
vertex -16.051744 -8.648120 0.000000
vertex -16.392767 -6.867767 0.000000
vertex -16.210983 -7.032526 0.000000
endloop
endfacet
facet normal 0 0 -1
outer loop
vertex -16.051744 -8.648120 0.000000
vertex -16.210983 -7.032526 0.000000
vertex -16.013926 -7.178674 0.000000
endloop
endfacet
facet normal 0 0 -1
outer loop
vertex 14.625000 -7.600000 0.000000
vertex 14.870043 -7.587962 0.000000
vertex 17.612127 -7.712862 0.000000
endloop
endfacet
facet normal 0 0 -1
outer loop
vertex -14.625000 -7.600000 0.000000
vertex 14.625000 -7.600000 0.000000
vertex 17.612127 -7.712862 0.000000
endloop
endfacet
facet normal 0 0 -1
outer loop
vertex -16.051744 -8.648120 0.000000
vertex -16.013926 -7.178674 0.000000
vertex -15.803492 -7.304803 0.000000
endloop
endfacet
facet normal 0 0 -1
outer loop
vertex -16.051744 -8.648120 0.000000
vertex -15.803492 -7.304803 0.000000
vertex -15.581709 -7.409699 0.000000
endloop
endfacet
facet normal 0 -0 -1
outer loop
vertex -14.625000 -7.600000 0.000000
vertex 17.612127 -7.712862 0.000000
vertex -16.051744 -8.648120 0.000000
endloop
endfacet
facet normal 0 -0 -1
outer loop
vertex -14.870043 -7.587962 0.000000
vertex -14.625000 -7.600000 0.000000
vertex -16.051744 -8.648120 0.000000
endloop
endfacet
facet normal 0 0 -1
outer loop
vertex -16.051744 -8.648120 0.000000
vertex -15.581709 -7.409699 0.000000
vertex -15.350712 -7.492351 0.000000
endloop
endfacet
facet normal 0 -0 -1
outer loop
vertex -15.112726 -7.551963 0.000000
vertex -14.870043 -7.587962 0.000000
vertex -16.051744 -8.648120 0.000000
endloop
endfacet
facet normal 0 0 -1
outer loop
vertex -16.051744 -8.648120 0.000000
vertex -15.350712 -7.492351 0.000000
vertex -15.112726 -7.551963 0.000000
endloop
endfacet
facet normal 0 0 -1
outer loop
vertex 16.558245 8.494474 0.000000
vertex 16.797771 8.381187 0.000000
vertex 17.025040 8.244968 0.000000
endloop
endfacet
facet normal 0 0 -1
outer loop
vertex 17.025040 8.244968 0.000000
vertex 17.237862 8.087129 0.000000
vertex 17.434189 7.909188 0.000000
endloop
endfacet
facet normal 0 0 -1
outer loop
vertex 17.434189 7.909188 0.000000
vertex 17.612127 7.712862 0.000000
vertex 17.769968 7.500040 0.000000
endloop
endfacet
facet normal 0 0 -1
outer loop
vertex 17.769968 7.500040 0.000000
vertex 17.906187 7.272771 0.000000
vertex 18.019474 7.033245 0.000000
endloop
endfacet
facet normal 0 0 -1
outer loop
vertex 18.019474 7.033245 0.000000
vertex 16.800241 6.327812 0.000000
vertex 16.703674 6.488925 0.000000
endloop
endfacet
facet normal 0 0 -1
outer loop
vertex 18.019474 7.033245 0.000000
vertex 16.703674 6.488925 0.000000
vertex 16.557526 6.685983 0.000000
endloop
endfacet
facet normal 0 0 -1
outer loop
vertex 17.434189 7.909188 0.000000
vertex 17.769968 7.500040 0.000000
vertex 18.019474 7.033245 0.000000
endloop
endfacet
facet normal 0 0 -1
outer loop
vertex 16.558245 8.494474 0.000000
vertex 17.025040 8.244968 0.000000
vertex 17.434189 7.909188 0.000000
endloop
endfacet
facet normal 0 0 -1
outer loop
vertex 16.051744 8.648120 0.000000
vertex 16.308769 8.583739 0.000000
vertex 16.558245 8.494474 0.000000
endloop
endfacet
facet normal 0 0 -1
outer loop
vertex 15.525000 8.700000 0.000000
vertex 15.789646 8.686998 0.000000
vertex 16.051744 8.648120 0.000000
endloop
endfacet
facet normal 0 0 -1
outer loop
vertex -15.789646 8.686998 0.000000
vertex -15.525000 8.700000 0.000000
vertex 15.525000 8.700000 0.000000
endloop
endfacet
facet normal 0 0 -1
outer loop
vertex -16.308769 8.583739 0.000000
vertex -16.051744 8.648120 0.000000
vertex -15.789646 8.686998 0.000000
endloop
endfacet
facet normal -0 0 -1
outer loop
vertex -15.581709 7.409699 0.000000
vertex -15.706342 7.350752 0.000000
vertex -16.308769 8.583739 0.000000
endloop
endfacet
facet normal -0 0 -1
outer loop
vertex -15.350712 7.492351 0.000000
vertex -15.581709 7.409699 0.000000
vertex -16.308769 8.583739 0.000000
endloop
endfacet
facet normal 0 0 -1
outer loop
vertex -16.308769 8.583739 0.000000
vertex -15.789646 8.686998 0.000000
vertex 15.525000 8.700000 0.000000
endloop
endfacet
facet normal 0 0 -1
outer loop
vertex 15.525000 8.700000 0.000000
vertex 16.051744 8.648120 0.000000
vertex 16.558245 8.494474 0.000000
endloop
endfacet
facet normal 0 0 -1
outer loop
vertex 16.558245 8.494474 0.000000
vertex 17.434189 7.909188 0.000000
vertex 18.019474 7.033245 0.000000
endloop
endfacet
facet normal 0 0 -1
outer loop
vertex 18.019474 7.033245 0.000000
vertex 16.557526 6.685983 0.000000
vertex 16.392767 6.867767 0.000000
endloop
endfacet
facet normal 0 0 -1
outer loop
vertex 18.019474 7.033245 0.000000
vertex 16.392767 6.867767 0.000000
vertex 16.210983 7.032526 0.000000
endloop
endfacet
facet normal 0 0 -1
outer loop
vertex 15.525000 8.700000 0.000000
vertex 16.558245 8.494474 0.000000
vertex 18.019474 7.033245 0.000000
endloop
endfacet
facet normal -0 0 -1
outer loop
vertex -15.112726 7.551963 0.000000
vertex -15.350712 7.492351 0.000000
vertex -16.308769 8.583739 0.000000
endloop
endfacet
facet normal -0 0 -1
outer loop
vertex -14.870043 7.587962 0.000000
vertex -15.112726 7.551963 0.000000
vertex -16.308769 8.583739 0.000000
endloop
endfacet
facet normal 0 0 -1
outer loop
vertex 15.525000 8.700000 0.000000
vertex 18.019474 7.033245 0.000000
vertex 16.210983 7.032526 0.000000
endloop
endfacet
facet normal 0 0 -1
outer loop
vertex 15.525000 8.700000 0.000000
vertex 16.210983 7.032526 0.000000
vertex 16.013926 7.178674 0.000000
endloop
endfacet
facet normal -0 0 -1
outer loop
vertex -14.625000 7.600000 0.000000
vertex -14.870043 7.587962 0.000000
vertex -16.308769 8.583739 0.000000
endloop
endfacet
facet normal 0 0 -1
outer loop
vertex 14.625000 7.600000 0.000000
vertex -14.625000 7.600000 0.000000
vertex -16.308769 8.583739 0.000000
endloop
endfacet
facet normal 0 0 -1
outer loop
vertex 15.525000 8.700000 0.000000
vertex 16.013926 7.178674 0.000000
vertex 15.803492 7.304803 0.000000
endloop
endfacet
facet normal 0 0 -1
outer loop
vertex 15.525000 8.700000 0.000000
vertex 15.803492 7.304803 0.000000
vertex 15.581709 7.409699 0.000000
endloop
endfacet
facet normal 0 0 -1
outer loop
vertex 14.625000 7.600000 0.000000
vertex -16.308769 8.583739 0.000000
vertex 15.525000 8.700000 0.000000
endloop
endfacet
facet normal 0 0 -1
outer loop
vertex 14.870043 7.587962 0.000000
vertex 14.625000 7.600000 0.000000
vertex 15.525000 8.700000 0.000000
endloop
endfacet
facet normal 0 -0 -1
outer loop
vertex 15.525000 8.700000 0.000000
vertex 15.581709 7.409699 0.000000
vertex 15.350712 7.492351 0.000000
endloop
endfacet
facet normal 0 0 -1
outer loop
vertex 15.112726 7.551963 0.000000
vertex 14.870043 7.587962 0.000000
vertex 15.525000 8.700000 0.000000
endloop
endfacet
facet normal 0 0 -1
outer loop
vertex 15.350712 7.492351 0.000000
vertex 15.112726 7.551963 0.000000
vertex 15.525000 8.700000 0.000000
endloop
endfacet
facet normal 0 0 1
outer loop
vertex 9.574759 -0.004901 3.650100
vertex 9.575000 -0.000000 3.650100
vertex 9.574759 0.004901 3.650100
endloop
endfacet
facet normal 0 0 1
outer loop
vertex 9.574759 0.004901 3.650100
vertex 9.574039 0.009755 3.650100
vertex 9.572847 0.014514 3.650100
endloop
endfacet
facet normal 0 0 1
outer loop
vertex 9.572847 0.014514 3.650100
vertex 9.571194 0.019134 3.650100
vertex 9.569096 0.023570 3.650100
endloop
endfacet
facet normal 0 0 1
outer loop
vertex 9.569096 0.023570 3.650100
vertex 9.566573 0.027779 3.650100
vertex 9.563650 0.031720 3.650100
endloop
endfacet
facet normal 0 0 1
outer loop
vertex 9.563650 0.031720 3.650100
vertex 9.560355 0.035355 3.650100
vertex 9.556720 0.038651 3.650100
endloop
endfacet
facet normal 0 0 1
outer loop
vertex 9.556720 0.038651 3.650100
vertex 9.552778 0.041573 3.650100
vertex 9.548570 0.044096 3.650100
endloop
endfacet
facet normal 0 0 1
outer loop
vertex 9.548570 0.044096 3.650100
vertex 9.544134 0.046194 3.650100
vertex 9.539515 0.047847 3.650100
endloop
endfacet
facet normal 0 0 1
outer loop
vertex 9.539515 0.047847 3.650100
vertex 9.534755 0.049039 3.650100
vertex 9.529901 0.049759 3.650100
endloop
endfacet
facet normal 0 0 1
outer loop
vertex 9.529901 0.049759 3.650100
vertex 9.525000 0.050000 3.650100
vertex 1.059500 0.050000 3.650100
endloop
endfacet
facet normal 0 0 1
outer loop
vertex 1.051402 0.013151 3.650100
vertex 1.030924 -0.050000 3.650100
vertex 9.525000 -0.050000 3.650100
endloop
endfacet
facet normal 0 0 1
outer loop
vertex 9.529901 0.049759 3.650100
vertex 1.059500 0.050000 3.650100
vertex 1.051402 0.013151 3.650100
endloop
endfacet
facet normal 0 0 1
outer loop
vertex 9.548570 0.044096 3.650100
vertex 9.539515 0.047847 3.650100
vertex 9.529901 0.049759 3.650100
endloop
endfacet
facet normal 0 0 1
outer loop
vertex 9.563650 0.031720 3.650100
vertex 9.556720 0.038651 3.650100
vertex 9.548570 0.044096 3.650100
endloop
endfacet
facet normal 0 0 1
outer loop
vertex 9.572847 0.014514 3.650100
vertex 9.569096 0.023570 3.650100
vertex 9.563650 0.031720 3.650100
endloop
endfacet
facet normal 0 -0 1
outer loop
vertex 9.574759 -0.004901 3.650100
vertex 9.574759 0.004901 3.650100
vertex 9.572847 0.014514 3.650100
endloop
endfacet
facet normal 0 0 1
outer loop
vertex 9.572847 -0.014514 3.650100
vertex 9.574039 -0.009755 3.650100
vertex 9.574759 -0.004901 3.650100
endloop
endfacet
facet normal 0 0 1
outer loop
vertex 9.569096 -0.023570 3.650100
vertex 9.571194 -0.019134 3.650100
vertex 9.572847 -0.014514 3.650100
endloop
endfacet
facet normal 0 0 1
outer loop
vertex 9.563650 -0.031720 3.650100
vertex 9.566573 -0.027779 3.650100
vertex 9.569096 -0.023570 3.650100
endloop
endfacet
facet normal 0 0 1
outer loop
vertex 9.556720 -0.038651 3.650100
vertex 9.560355 -0.035355 3.650100
vertex 9.563650 -0.031720 3.650100
endloop
endfacet
facet normal 0 0 1
outer loop
vertex 9.548570 -0.044096 3.650100
vertex 9.552778 -0.041573 3.650100
vertex 9.556720 -0.038651 3.650100
endloop
endfacet
facet normal 0 0 1
outer loop
vertex 9.539515 -0.047847 3.650100
vertex 9.544134 -0.046194 3.650100
vertex 9.548570 -0.044096 3.650100
endloop
endfacet
facet normal 0 0 1
outer loop
vertex 9.529901 -0.049759 3.650100
vertex 9.534755 -0.049039 3.650100
vertex 9.539515 -0.047847 3.650100
endloop
endfacet
facet normal 0 0 1
outer loop
vertex 1.051402 0.013151 3.650100
vertex 9.525000 -0.050000 3.650100
vertex 9.529901 -0.049759 3.650100
endloop
endfacet
facet normal 0 0 1
outer loop
vertex 9.548570 0.044096 3.650100
vertex 9.529901 0.049759 3.650100
vertex 1.051402 0.013151 3.650100
endloop
endfacet
facet normal 0 0 1
outer loop
vertex 9.572847 0.014514 3.650100
vertex 9.563650 0.031720 3.650100
vertex 9.548570 0.044096 3.650100
endloop
endfacet
facet normal 0 0 1
outer loop
vertex 9.572847 -0.014514 3.650100
vertex 9.574759 -0.004901 3.650100
vertex 9.572847 0.014514 3.650100
endloop
endfacet
facet normal 0 0 1
outer loop
vertex 9.563650 -0.031720 3.650100
vertex 9.569096 -0.023570 3.650100
vertex 9.572847 -0.014514 3.650100
endloop
endfacet
facet normal 0 0 1
outer loop
vertex 9.548570 -0.044096 3.650100
vertex 9.556720 -0.038651 3.650100
vertex 9.563650 -0.031720 3.650100
endloop
endfacet
facet normal 0 0 1
outer loop
vertex 9.529901 -0.049759 3.650100
vertex 9.539515 -0.047847 3.650100
vertex 9.548570 -0.044096 3.650100
endloop
endfacet
facet normal 0 0 1
outer loop
vertex 9.548570 0.044096 3.650100
vertex 1.051402 0.013151 3.650100
vertex 9.529901 -0.049759 3.650100
endloop
endfacet
facet normal 0 -0 1
outer loop
vertex 9.572847 -0.014514 3.650100
vertex 9.572847 0.014514 3.650100
vertex 9.548570 0.044096 3.650100
endloop
endfacet
facet normal 0 0 1
outer loop
vertex 9.548570 -0.044096 3.650100
vertex 9.563650 -0.031720 3.650100
vertex 9.572847 -0.014514 3.650100
endloop
endfacet
facet normal 0 0 1
outer loop
vertex 9.548570 0.044096 3.650100
vertex 9.529901 -0.049759 3.650100
vertex 9.548570 -0.044096 3.650100
endloop
endfacet
facet normal 0 0 1
outer loop
vertex 9.548570 0.044096 3.650100
vertex 9.548570 -0.044096 3.650100
vertex 9.572847 -0.014514 3.650100
endloop
endfacet
facet normal 0 0 1
outer loop
vertex -0.608185 -0.013591 3.650100
vertex -0.584385 -0.050000 3.650100
vertex 0.587061 -0.050000 3.650100
endloop
endfacet
facet normal 0 0 1
outer loop
vertex 0.587061 -0.050000 3.650100
vertex 0.587649 -0.049157 3.650100
vertex 0.636749 0.050000 3.650100
endloop
endfacet
facet normal 0 0 1
outer loop
vertex 0.636749 0.050000 3.650100
vertex -0.637347 0.050000 3.650100
vertex -0.608185 -0.013591 3.650100
endloop
endfacet
facet normal 0 -0 1
outer loop
vertex 0.587061 -0.050000 3.650100
vertex 0.636749 0.050000 3.650100
vertex -0.608185 -0.013591 3.650100
endloop
endfacet
facet normal 0 0 1
outer loop
vertex -1.039397 -0.027064 3.650100
vertex -1.061128 0.050000 3.650100
vertex -9.525000 0.050000 3.650100
endloop
endfacet
facet normal 0 0 1
outer loop
vertex -9.525000 0.050000 3.650100
vertex -9.529901 0.049759 3.650100
vertex -9.534755 0.049039 3.650100
endloop
endfacet
facet normal 0 0 1
outer loop
vertex -9.534755 0.049039 3.650100
vertex -9.539515 0.047847 3.650100
vertex -9.544134 0.046194 3.650100
endloop
endfacet
facet normal 0 0 1
outer loop
vertex -9.544134 0.046194 3.650100
vertex -9.548570 0.044096 3.650100
vertex -9.552778 0.041573 3.650100
endloop
endfacet
facet normal 0 0 1
outer loop
vertex -9.552778 0.041573 3.650100
vertex -9.556720 0.038651 3.650100
vertex -9.560355 0.035355 3.650100
endloop
endfacet
facet normal 0 0 1
outer loop
vertex -9.560355 0.035355 3.650100
vertex -9.563650 0.031720 3.650100
vertex -9.566573 0.027779 3.650100
endloop
endfacet
facet normal 0 0 1
outer loop
vertex -9.566573 0.027779 3.650100
vertex -9.569096 0.023570 3.650100
vertex -9.571194 0.019134 3.650100
endloop
endfacet
facet normal 0 0 1
outer loop
vertex -9.571194 0.019134 3.650100
vertex -9.572847 0.014514 3.650100
vertex -9.574039 0.009755 3.650100
endloop
endfacet
facet normal 0 0 1
outer loop
vertex -9.574039 0.009755 3.650100
vertex -9.574759 0.004901 3.650100
vertex -9.575000 0.000000 3.650100
endloop
endfacet
facet normal 0 0 1
outer loop
vertex -9.575000 0.000000 3.650100
vertex -9.574759 -0.004901 3.650100
vertex -9.574039 -0.009755 3.650100
endloop
endfacet
facet normal 0 0 1
outer loop
vertex -9.574039 -0.009755 3.650100
vertex -9.572847 -0.014514 3.650100
vertex -9.571194 -0.019134 3.650100
endloop
endfacet
facet normal 0 0 1
outer loop
vertex -9.571194 -0.019134 3.650100
vertex -9.569096 -0.023570 3.650100
vertex -9.566573 -0.027779 3.650100
endloop
endfacet
facet normal 0 0 1
outer loop
vertex -9.566573 -0.027779 3.650100
vertex -9.563650 -0.031720 3.650100
vertex -9.560355 -0.035355 3.650100
endloop
endfacet
facet normal 0 0 1
outer loop
vertex -9.560355 -0.035355 3.650100
vertex -9.556720 -0.038651 3.650100
vertex -9.552778 -0.041573 3.650100
endloop
endfacet
facet normal 0 0 1
outer loop
vertex -9.552778 -0.041573 3.650100
vertex -9.548570 -0.044096 3.650100
vertex -9.544134 -0.046194 3.650100
endloop
endfacet
facet normal 0 0 1
outer loop
vertex -9.544134 -0.046194 3.650100
vertex -9.539515 -0.047847 3.650100
vertex -9.534755 -0.049039 3.650100
endloop
endfacet
facet normal 0 0 1
outer loop
vertex -9.534755 -0.049039 3.650100
vertex -9.529901 -0.049759 3.650100
vertex -9.525000 -0.050000 3.650100
endloop
endfacet
facet normal 0 0 1
outer loop
vertex -9.525000 -0.050000 3.650100
vertex -1.030466 -0.050000 3.650100
vertex -1.039397 -0.027064 3.650100
endloop
endfacet
facet normal 0 0 1
outer loop
vertex -1.039397 -0.027064 3.650100
vertex -9.525000 0.050000 3.650100
vertex -9.534755 0.049039 3.650100
endloop
endfacet
facet normal 0 0 1
outer loop
vertex -9.534755 0.049039 3.650100
vertex -9.544134 0.046194 3.650100
vertex -9.552778 0.041573 3.650100
endloop
endfacet
facet normal 0 0 1
outer loop
vertex -9.552778 0.041573 3.650100
vertex -9.560355 0.035355 3.650100
vertex -9.566573 0.027779 3.650100
endloop
endfacet
facet normal 0 0 1
outer loop
vertex -9.566573 0.027779 3.650100
vertex -9.571194 0.019134 3.650100
vertex -9.574039 0.009755 3.650100
endloop
endfacet
facet normal 0 0 1
outer loop
vertex -9.574039 0.009755 3.650100
vertex -9.575000 0.000000 3.650100
vertex -9.574039 -0.009755 3.650100
endloop
endfacet
facet normal 0 0 1
outer loop
vertex -9.574039 -0.009755 3.650100
vertex -9.571194 -0.019134 3.650100
vertex -9.566573 -0.027779 3.650100
endloop
endfacet
facet normal 0 0 1
outer loop
vertex -9.566573 -0.027779 3.650100
vertex -9.560355 -0.035355 3.650100
vertex -9.552778 -0.041573 3.650100
endloop
endfacet
facet normal 0 0 1
outer loop
vertex -9.552778 -0.041573 3.650100
vertex -9.544134 -0.046194 3.650100
vertex -9.534755 -0.049039 3.650100
endloop
endfacet
facet normal -0 0 1
outer loop
vertex -9.534755 -0.049039 3.650100
vertex -9.525000 -0.050000 3.650100
vertex -1.039397 -0.027064 3.650100
endloop
endfacet
facet normal 0 0 1
outer loop
vertex -1.039397 -0.027064 3.650100
vertex -9.534755 0.049039 3.650100
vertex -9.552778 0.041573 3.650100
endloop
endfacet
facet normal 0 0 1
outer loop
vertex -9.552778 0.041573 3.650100
vertex -9.566573 0.027779 3.650100
vertex -9.574039 0.009755 3.650100
endloop
endfacet
facet normal 0 0 1
outer loop
vertex -9.574039 0.009755 3.650100
vertex -9.574039 -0.009755 3.650100
vertex -9.566573 -0.027779 3.650100
endloop
endfacet
facet normal 0 0 1
outer loop
vertex -9.566573 -0.027779 3.650100
vertex -9.552778 -0.041573 3.650100
vertex -9.534755 -0.049039 3.650100
endloop
endfacet
facet normal 0 -0 1
outer loop
vertex -9.534755 -0.049039 3.650100
vertex -1.039397 -0.027064 3.650100
vertex -9.552778 0.041573 3.650100
endloop
endfacet
facet normal 0 0 1
outer loop
vertex -9.552778 0.041573 3.650100
vertex -9.574039 0.009755 3.650100
vertex -9.566573 -0.027779 3.650100
endloop
endfacet
facet normal 0 0 1
outer loop
vertex -9.552778 0.041573 3.650100
vertex -9.566573 -0.027779 3.650100
vertex -9.534755 -0.049039 3.650100
endloop
endfacet
facet normal -0.998796 -0.049064 0
outer loop
vertex 17.125000 5.100000 0.000000
vertex 17.125000 5.100000 2.450000
vertex 17.112963 5.345043 2.450000
endloop
endfacet
facet normal -0.998796 -0.049064 0
outer loop
vertex 17.125000 5.100000 0.000000
vertex 17.112963 5.345043 2.450000
vertex 17.112963 5.345043 0.000000
endloop
endfacet
facet normal -0.989176 -0.146733 0
outer loop
vertex 17.112963 5.345043 0.000000
vertex 17.112963 5.345043 2.450000
vertex 17.076963 5.587726 2.450000
endloop
endfacet
facet normal -0.989176 -0.146733 0
outer loop
vertex 17.112963 5.345043 0.000000
vertex 17.076963 5.587726 2.450000
vertex 17.076963 5.587726 0.000000
endloop
endfacet
facet normal -0.970031 -0.24298 0
outer loop
vertex 17.076963 5.587726 0.000000
vertex 17.076963 5.587726 2.450000
vertex 17.017351 5.825712 2.450000
endloop
endfacet
facet normal -0.970031 -0.24298 0
outer loop
vertex 17.076963 5.587726 0.000000
vertex 17.017351 5.825712 2.450000
vertex 17.017351 5.825712 0.000000
endloop
endfacet
facet normal -0.941543 -0.336893 0
outer loop
vertex 17.017351 5.825712 0.000000
vertex 17.017351 5.825712 2.450000
vertex 16.934698 6.056709 2.450000
endloop
endfacet
facet normal -0.941543 -0.336893 0
outer loop
vertex 17.017351 5.825712 0.000000
vertex 16.934698 6.056709 2.450000
vertex 16.934698 6.056709 0.000000
endloop
endfacet
facet normal -0.903991 -0.427552 0
outer loop
vertex 16.934698 6.056709 0.000000
vertex 16.934698 6.056709 2.450000
vertex 16.829803 6.278492 2.450000
endloop
endfacet
facet normal -0.903991 -0.427552 0
outer loop
vertex 16.934698 6.056709 0.000000
vertex 16.829803 6.278492 2.450000
vertex 16.829803 6.278492 0.000000
endloop
endfacet
facet normal -0.857724 -0.51411 0
outer loop
vertex 16.800241 6.327812 0.000000
vertex 16.829803 6.278492 0.000000
vertex 16.829803 6.278492 2.450000
endloop
endfacet
facet normal -0.857728 -0.514103 0
outer loop
vertex 16.829803 6.278492 2.450000
vertex 16.703674 6.488925 2.450000
vertex 16.703674 6.488925 0.000000
endloop
endfacet
facet normal -0.85773 -0.514101 2.52967e-07
outer loop
vertex 16.800241 6.327812 0.000000
vertex 16.829803 6.278492 2.450000
vertex 16.703674 6.488925 0.000000
endloop
endfacet
facet normal -0.803206 -0.595701 0
outer loop
vertex 16.703674 6.488925 2.450000
vertex 16.557526 6.685983 2.450000
vertex 16.557526 6.685983 0.000000
endloop
endfacet
facet normal -0.803206 -0.595701 -0
outer loop
vertex 16.703674 6.488925 2.450000
vertex 16.557526 6.685983 0.000000
vertex 16.703674 6.488925 0.000000
endloop
endfacet
facet normal -0.740952 -0.671558 0
outer loop
vertex 16.557526 6.685983 0.000000
vertex 16.557526 6.685983 2.450000
vertex 16.392767 6.867767 2.450000
endloop
endfacet
facet normal -0.740952 -0.671558 0
outer loop
vertex 16.557526 6.685983 0.000000
vertex 16.392767 6.867767 2.450000
vertex 16.392767 6.867767 0.000000
endloop
endfacet
facet normal -0.671559 -0.740951 0
outer loop
vertex 16.392767 6.867767 0.000000
vertex 16.392767 6.867767 2.450000
vertex 16.210983 7.032526 2.450000
endloop
endfacet
facet normal -0.671559 -0.740951 0
outer loop
vertex 16.392767 6.867767 0.000000
vertex 16.210983 7.032526 2.450000
vertex 16.210983 7.032526 0.000000
endloop
endfacet
facet normal -0.5957 -0.803207 0
outer loop
vertex 16.210983 7.032526 0.000000
vertex 16.210983 7.032526 2.450000
vertex 16.013926 7.178674 2.450000
endloop
endfacet
facet normal -0.5957 -0.803207 0
outer loop
vertex 16.210983 7.032526 0.000000
vertex 16.013926 7.178674 2.450000
vertex 16.013926 7.178674 0.000000
endloop
endfacet
facet normal -0.514102 -0.857729 0
outer loop
vertex 16.013926 7.178674 0.000000
vertex 16.013926 7.178674 2.450000
vertex 15.803492 7.304803 2.450000
endloop
endfacet
facet normal -0.514102 -0.857729 0
outer loop
vertex 16.013926 7.178674 0.000000
vertex 15.803492 7.304803 2.450000
vertex 15.803492 7.304803 0.000000
endloop
endfacet
facet normal -0.427556 -0.903989 0
outer loop
vertex 15.803492 7.304803 0.000000
vertex 15.803492 7.304803 2.450000
vertex 15.581709 7.409699 2.450000
endloop
endfacet
facet normal -0.427556 -0.903989 0
outer loop
vertex 15.803492 7.304803 0.000000
vertex 15.581709 7.409699 2.450000
vertex 15.581709 7.409699 0.000000
endloop
endfacet
facet normal -0.33689 -0.941544 0
outer loop
vertex 15.581709 7.409699 0.000000
vertex 15.581709 7.409699 2.450000
vertex 15.350712 7.492351 2.450000
endloop
endfacet
facet normal -0.33689 -0.941544 0
outer loop
vertex 15.581709 7.409699 0.000000
vertex 15.350712 7.492351 2.450000
vertex 15.350712 7.492351 0.000000
endloop
endfacet
facet normal -0.24298 -0.970031 0
outer loop
vertex 15.350712 7.492351 0.000000
vertex 15.350712 7.492351 2.450000
vertex 15.112726 7.551963 2.450000
endloop
endfacet
facet normal -0.24298 -0.970031 0
outer loop
vertex 15.350712 7.492351 0.000000
vertex 15.112726 7.551963 2.450000
vertex 15.112726 7.551963 0.000000
endloop
endfacet
facet normal -0.146729 -0.989177 0
outer loop
vertex 15.112726 7.551963 0.000000
vertex 15.112726 7.551963 2.450000
vertex 14.870043 7.587962 2.450000
endloop
endfacet
facet normal -0.146729 -0.989177 0
outer loop
vertex 15.112726 7.551963 0.000000
vertex 14.870043 7.587962 2.450000
vertex 14.870043 7.587962 0.000000
endloop
endfacet
facet normal -0.0490679 -0.998795 0
outer loop
vertex 14.870043 7.587962 0.000000
vertex 14.870043 7.587962 2.450000
vertex 14.625000 7.600000 2.450000
endloop
endfacet
facet normal -0.0490679 -0.998795 0
outer loop
vertex 14.870043 7.587962 0.000000
vertex 14.625000 7.600000 2.450000
vertex 14.625000 7.600000 0.000000
endloop
endfacet
facet normal 0 -1 0
outer loop
vertex 14.625000 7.600000 0.000000
vertex 14.625000 7.600000 2.450000
vertex -14.625000 7.600000 2.450000
endloop
endfacet
facet normal 0 -1 0
outer loop
vertex 14.625000 7.600000 0.000000
vertex -14.625000 7.600000 2.450000
vertex -14.625000 7.600000 0.000000
endloop
endfacet
facet normal 0.0490679 -0.998795 0
outer loop
vertex -14.625000 7.600000 0.000000
vertex -14.625000 7.600000 2.450000
vertex -14.870043 7.587962 2.450000
endloop
endfacet
facet normal 0.0490679 -0.998795 0
outer loop
vertex -14.625000 7.600000 0.000000
vertex -14.870043 7.587962 2.450000
vertex -14.870043 7.587962 0.000000
endloop
endfacet
facet normal 0.146729 -0.989177 0
outer loop
vertex -14.870043 7.587962 0.000000
vertex -14.870043 7.587962 2.450000
vertex -15.112726 7.551963 2.450000
endloop
endfacet
facet normal 0.146729 -0.989177 0
outer loop
vertex -14.870043 7.587962 0.000000
vertex -15.112726 7.551963 2.450000
vertex -15.112726 7.551963 0.000000
endloop
endfacet
facet normal 0.24298 -0.970031 0
outer loop
vertex -15.112726 7.551963 0.000000
vertex -15.112726 7.551963 2.450000
vertex -15.350712 7.492351 2.450000
endloop
endfacet
facet normal 0.24298 -0.970031 0
outer loop
vertex -15.112726 7.551963 0.000000
vertex -15.350712 7.492351 2.450000
vertex -15.350712 7.492351 0.000000
endloop
endfacet
facet normal 0.33689 -0.941544 0
outer loop
vertex -15.350712 7.492351 0.000000
vertex -15.350712 7.492351 2.450000
vertex -15.581709 7.409699 2.450000
endloop
endfacet
facet normal 0.33689 -0.941544 0
outer loop
vertex -15.350712 7.492351 0.000000
vertex -15.581709 7.409699 2.450000
vertex -15.581709 7.409699 0.000000
endloop
endfacet
facet normal 0.427556 -0.903989 0
outer loop
vertex -15.706342 7.350752 0.000000
vertex -15.581709 7.409699 0.000000
vertex -15.581709 7.409699 2.450000
endloop
endfacet
facet normal 0.427556 -0.903989 0
outer loop
vertex -15.581709 7.409699 2.450000
vertex -15.803492 7.304803 2.450000
vertex -15.803492 7.304803 0.000000
endloop
endfacet
facet normal 0.427555 -0.903989 3.00659e-08
outer loop
vertex -15.706342 7.350752 0.000000
vertex -15.581709 7.409699 2.450000
vertex -15.803492 7.304803 0.000000
endloop
endfacet
facet normal 0.514102 -0.857729 0
outer loop
vertex -15.803492 7.304803 0.000000
vertex -15.803492 7.304803 2.450000
vertex -16.013926 7.178674 2.450000
endloop
endfacet
facet normal 0.514102 -0.857729 0
outer loop
vertex -15.803492 7.304803 0.000000
vertex -16.013926 7.178674 2.450000
vertex -16.013926 7.178674 0.000000
endloop
endfacet
facet normal 0.5957 -0.803207 0
outer loop
vertex -16.013926 7.178674 0.000000
vertex -16.013926 7.178674 2.450000
vertex -16.210983 7.032526 2.450000
endloop
endfacet
facet normal 0.5957 -0.803207 0
outer loop
vertex -16.013926 7.178674 0.000000
vertex -16.210983 7.032526 2.450000
vertex -16.210983 7.032526 0.000000
endloop
endfacet
facet normal 0.671559 -0.740951 0
outer loop
vertex -16.210983 7.032526 0.000000
vertex -16.210983 7.032526 2.450000
vertex -16.392767 6.867767 2.450000
endloop
endfacet
facet normal 0.671559 -0.740951 0
outer loop
vertex -16.210983 7.032526 0.000000
vertex -16.392767 6.867767 2.450000
vertex -16.392767 6.867767 0.000000
endloop
endfacet
facet normal 0.740952 -0.671558 0
outer loop
vertex -16.392767 6.867767 0.000000
vertex -16.392767 6.867767 2.450000
vertex -16.557526 6.685983 2.450000
endloop
endfacet
facet normal 0.740952 -0.671558 0
outer loop
vertex -16.392767 6.867767 0.000000
vertex -16.557526 6.685983 2.450000
vertex -16.557526 6.685983 0.000000
endloop
endfacet
facet normal 0.803206 -0.595701 0
outer loop
vertex -16.557526 6.685983 0.000000
vertex -16.557526 6.685983 2.450000
vertex -16.703674 6.488925 2.450000
endloop
endfacet
facet normal 0.803206 -0.595701 0
outer loop
vertex -16.557526 6.685983 0.000000
vertex -16.703674 6.488925 2.450000
vertex -16.703674 6.488925 0.000000
endloop
endfacet
facet normal 0.857728 -0.514103 0
outer loop
vertex -16.703674 6.488925 0.000000
vertex -16.703674 6.488925 2.450000
vertex -16.829803 6.278492 2.450000
endloop
endfacet
facet normal 0.857728 -0.514103 0
outer loop
vertex -16.703674 6.488925 0.000000
vertex -16.829803 6.278492 2.450000
vertex -16.829803 6.278492 0.000000
endloop
endfacet
facet normal 0.903991 -0.427552 0
outer loop
vertex -16.829803 6.278492 0.000000
vertex -16.829803 6.278492 2.450000
vertex -16.934698 6.056709 2.450000
endloop
endfacet
facet normal 0.903991 -0.427552 0
outer loop
vertex -16.829803 6.278492 0.000000
vertex -16.934698 6.056709 2.450000
vertex -16.934698 6.056709 0.000000
endloop
endfacet
facet normal 0.941543 -0.336893 0
outer loop
vertex -16.934698 6.056709 0.000000
vertex -16.934698 6.056709 2.450000
vertex -17.017351 5.825712 2.450000
endloop
endfacet
facet normal 0.941543 -0.336893 0
outer loop
vertex -16.934698 6.056709 0.000000
vertex -17.017351 5.825712 2.450000
vertex -17.017351 5.825712 0.000000
endloop
endfacet
facet normal 0.970031 -0.24298 0
outer loop
vertex -17.017351 5.825712 0.000000
vertex -17.017351 5.825712 2.450000
vertex -17.076963 5.587726 2.450000
endloop
endfacet
facet normal 0.970031 -0.24298 0
outer loop
vertex -17.017351 5.825712 0.000000
vertex -17.076963 5.587726 2.450000
vertex -17.076963 5.587726 0.000000
endloop
endfacet
facet normal 0.989176 -0.146733 0
outer loop
vertex -17.076963 5.587726 0.000000
vertex -17.076963 5.587726 2.450000
vertex -17.112963 5.345043 2.450000
endloop
endfacet
facet normal 0.989176 -0.146733 0
outer loop
vertex -17.076963 5.587726 0.000000
vertex -17.112963 5.345043 2.450000
vertex -17.112963 5.345043 0.000000
endloop
endfacet
facet normal 0.998796 -0.049064 0
outer loop
vertex -17.112963 5.345043 0.000000
vertex -17.112963 5.345043 2.450000
vertex -17.125000 5.100000 2.450000
endloop
endfacet
facet normal 0.998796 -0.049064 0
outer loop
vertex -17.112963 5.345043 0.000000
vertex -17.125000 5.100000 2.450000
vertex -17.125000 5.100000 0.000000
endloop
endfacet
facet normal 1 0 -0
outer loop
vertex -17.125000 5.100000 0.000000
vertex -17.125000 5.100000 2.450000
vertex -17.125000 -5.100000 2.450000
endloop
endfacet
facet normal 1 0 0
outer loop
vertex -17.125000 5.100000 0.000000
vertex -17.125000 -5.100000 2.450000
vertex -17.125000 -5.100000 0.000000
endloop
endfacet
facet normal 0.998796 0.049064 -0
outer loop
vertex -17.125000 -5.100000 0.000000
vertex -17.125000 -5.100000 2.450000
vertex -17.112963 -5.345043 2.450000
endloop
endfacet
facet normal 0.998796 0.049064 0
outer loop
vertex -17.125000 -5.100000 0.000000
vertex -17.112963 -5.345043 2.450000
vertex -17.112963 -5.345043 0.000000
endloop
endfacet
facet normal 0.989176 0.146733 -0
outer loop
vertex -17.112963 -5.345043 0.000000
vertex -17.112963 -5.345043 2.450000
vertex -17.076963 -5.587726 2.450000
endloop
endfacet
facet normal 0.989176 0.146733 0
outer loop
vertex -17.112963 -5.345043 0.000000
vertex -17.076963 -5.587726 2.450000
vertex -17.076963 -5.587726 0.000000
endloop
endfacet
facet normal 0.970031 0.24298 -0
outer loop
vertex -17.076963 -5.587726 0.000000
vertex -17.076963 -5.587726 2.450000
vertex -17.017351 -5.825712 2.450000
endloop
endfacet
facet normal 0.970031 0.24298 0
outer loop
vertex -17.076963 -5.587726 0.000000
vertex -17.017351 -5.825712 2.450000
vertex -17.017351 -5.825712 0.000000
endloop
endfacet
facet normal 0.941543 0.336893 -0
outer loop
vertex -17.017351 -5.825712 0.000000
vertex -17.017351 -5.825712 2.450000
vertex -16.934698 -6.056709 2.450000
endloop
endfacet
facet normal 0.941543 0.336893 0
outer loop
vertex -17.017351 -5.825712 0.000000
vertex -16.934698 -6.056709 2.450000
vertex -16.934698 -6.056709 0.000000
endloop
endfacet
facet normal 0.903991 0.427552 -0
outer loop
vertex -16.934698 -6.056709 0.000000
vertex -16.934698 -6.056709 2.450000
vertex -16.829803 -6.278492 2.450000
endloop
endfacet
facet normal 0.903991 0.427552 0
outer loop
vertex -16.934698 -6.056709 0.000000
vertex -16.829803 -6.278492 2.450000
vertex -16.829803 -6.278492 0.000000
endloop
endfacet
facet normal 0.857728 0.514103 -0
outer loop
vertex -16.829803 -6.278492 0.000000
vertex -16.829803 -6.278492 2.450000
vertex -16.703674 -6.488925 2.450000
endloop
endfacet
facet normal 0.857728 0.514103 0
outer loop
vertex -16.829803 -6.278492 0.000000
vertex -16.703674 -6.488925 2.450000
vertex -16.703674 -6.488925 0.000000
endloop
endfacet
facet normal 0.803206 0.595701 -0
outer loop
vertex -16.703674 -6.488925 0.000000
vertex -16.703674 -6.488925 2.450000
vertex -16.557526 -6.685983 2.450000
endloop
endfacet
facet normal 0.803206 0.595701 0
outer loop
vertex -16.703674 -6.488925 0.000000
vertex -16.557526 -6.685983 2.450000
vertex -16.557526 -6.685983 0.000000
endloop
endfacet
facet normal 0.740952 0.671558 -0
outer loop
vertex -16.557526 -6.685983 0.000000
vertex -16.557526 -6.685983 2.450000
vertex -16.392767 -6.867767 2.450000
endloop
endfacet
facet normal 0.740952 0.671558 0
outer loop
vertex -16.557526 -6.685983 0.000000
vertex -16.392767 -6.867767 2.450000
vertex -16.392767 -6.867767 0.000000
endloop
endfacet
facet normal 0.671559 0.740951 -0
outer loop
vertex -16.392767 -6.867767 0.000000
vertex -16.392767 -6.867767 2.450000
vertex -16.210983 -7.032526 2.450000
endloop
endfacet
facet normal 0.671559 0.740951 0
outer loop
vertex -16.392767 -6.867767 0.000000
vertex -16.210983 -7.032526 2.450000
vertex -16.210983 -7.032526 0.000000
endloop
endfacet
facet normal 0.5957 0.803207 -0
outer loop
vertex -16.210983 -7.032526 0.000000
vertex -16.210983 -7.032526 2.450000
vertex -16.013926 -7.178674 2.450000
endloop
endfacet
facet normal 0.5957 0.803207 0
outer loop
vertex -16.210983 -7.032526 0.000000
vertex -16.013926 -7.178674 2.450000
vertex -16.013926 -7.178674 0.000000
endloop
endfacet
facet normal 0.514102 0.857729 -0
outer loop
vertex -16.013926 -7.178674 0.000000
vertex -16.013926 -7.178674 2.450000
vertex -15.803492 -7.304803 2.450000
endloop
endfacet
facet normal 0.514102 0.857729 0
outer loop
vertex -16.013926 -7.178674 0.000000
vertex -15.803492 -7.304803 2.450000
vertex -15.803492 -7.304803 0.000000
endloop
endfacet
facet normal 0.427556 0.903989 -0
outer loop
vertex -15.803492 -7.304803 0.000000
vertex -15.803492 -7.304803 2.450000
vertex -15.581709 -7.409699 2.450000
endloop
endfacet
facet normal 0.427556 0.903989 0
outer loop
vertex -15.803492 -7.304803 0.000000
vertex -15.581709 -7.409699 2.450000
vertex -15.581709 -7.409699 0.000000
endloop
endfacet
facet normal 0.33689 0.941544 -0
outer loop
vertex -15.581709 -7.409699 0.000000
vertex -15.581709 -7.409699 2.450000
vertex -15.350712 -7.492351 2.450000
endloop
endfacet
facet normal 0.33689 0.941544 0
outer loop
vertex -15.581709 -7.409699 0.000000
vertex -15.350712 -7.492351 2.450000
vertex -15.350712 -7.492351 0.000000
endloop
endfacet
facet normal 0.24298 0.970031 -0
outer loop
vertex -15.350712 -7.492351 0.000000
vertex -15.350712 -7.492351 2.450000
vertex -15.112726 -7.551963 2.450000
endloop
endfacet
facet normal 0.24298 0.970031 0
outer loop
vertex -15.350712 -7.492351 0.000000
vertex -15.112726 -7.551963 2.450000
vertex -15.112726 -7.551963 0.000000
endloop
endfacet
facet normal 0.146729 0.989177 -0
outer loop
vertex -15.112726 -7.551963 0.000000
vertex -15.112726 -7.551963 2.450000
vertex -14.870043 -7.587962 2.450000
endloop
endfacet
facet normal 0.146729 0.989177 0
outer loop
vertex -15.112726 -7.551963 0.000000
vertex -14.870043 -7.587962 2.450000
vertex -14.870043 -7.587962 0.000000
endloop
endfacet
facet normal 0.0490679 0.998795 -0
outer loop
vertex -14.870043 -7.587962 0.000000
vertex -14.870043 -7.587962 2.450000
vertex -14.625000 -7.600000 2.450000
endloop
endfacet
facet normal 0.0490679 0.998795 0
outer loop
vertex -14.870043 -7.587962 0.000000
vertex -14.625000 -7.600000 2.450000
vertex -14.625000 -7.600000 0.000000
endloop
endfacet
facet normal 0 1 0
outer loop
vertex -14.625000 -7.600000 0.000000
vertex -14.625000 -7.600000 2.450000
vertex 14.625000 -7.600000 2.450000
endloop
endfacet
facet normal 0 1 0
outer loop
vertex -14.625000 -7.600000 0.000000
vertex 14.625000 -7.600000 2.450000
vertex 14.625000 -7.600000 0.000000
endloop
endfacet
facet normal -0.0490679 0.998795 0
outer loop
vertex 14.625000 -7.600000 0.000000
vertex 14.625000 -7.600000 2.450000
vertex 14.870043 -7.587962 2.450000
endloop
endfacet
facet normal -0.0490679 0.998795 0
outer loop
vertex 14.625000 -7.600000 0.000000
vertex 14.870043 -7.587962 2.450000
vertex 14.870043 -7.587962 0.000000
endloop
endfacet
facet normal -0.146729 0.989177 0
outer loop
vertex 14.870043 -7.587962 0.000000
vertex 14.870043 -7.587962 2.450000
vertex 15.112726 -7.551963 2.450000
endloop
endfacet
facet normal -0.146729 0.989177 0
outer loop
vertex 14.870043 -7.587962 0.000000
vertex 15.112726 -7.551963 2.450000
vertex 15.112726 -7.551963 0.000000
endloop
endfacet
facet normal -0.24298 0.970031 0
outer loop
vertex 15.112726 -7.551963 0.000000
vertex 15.112726 -7.551963 2.450000
vertex 15.350712 -7.492351 2.450000
endloop
endfacet
facet normal -0.24298 0.970031 0
outer loop
vertex 15.112726 -7.551963 0.000000
vertex 15.350712 -7.492351 2.450000
vertex 15.350712 -7.492351 0.000000
endloop
endfacet
facet normal -0.33689 0.941544 0
outer loop
vertex 15.350712 -7.492351 0.000000
vertex 15.350712 -7.492351 2.450000
vertex 15.581709 -7.409699 2.450000
endloop
endfacet
facet normal -0.33689 0.941544 0
outer loop
vertex 15.350712 -7.492351 0.000000
vertex 15.581709 -7.409699 2.450000
vertex 15.581709 -7.409699 0.000000
endloop
endfacet
facet normal -0.427556 0.903989 0
outer loop
vertex 15.581709 -7.409699 0.000000
vertex 15.581709 -7.409699 2.450000
vertex 15.803492 -7.304803 2.450000
endloop
endfacet
facet normal -0.427556 0.903989 0
outer loop
vertex 15.581709 -7.409699 0.000000
vertex 15.803492 -7.304803 2.450000
vertex 15.803492 -7.304803 0.000000
endloop
endfacet
facet normal -0.514102 0.857729 0
outer loop
vertex 15.803492 -7.304803 0.000000
vertex 15.803492 -7.304803 2.450000
vertex 16.013926 -7.178674 2.450000
endloop
endfacet
facet normal -0.514102 0.857729 0
outer loop
vertex 15.803492 -7.304803 0.000000
vertex 16.013926 -7.178674 2.450000
vertex 16.013926 -7.178674 0.000000
endloop
endfacet
facet normal -0.5957 0.803207 0
outer loop
vertex 16.013926 -7.178674 0.000000
vertex 16.013926 -7.178674 2.450000
vertex 16.210983 -7.032526 2.450000
endloop
endfacet
facet normal -0.5957 0.803207 0
outer loop
vertex 16.013926 -7.178674 0.000000
vertex 16.210983 -7.032526 2.450000
vertex 16.210983 -7.032526 0.000000
endloop
endfacet
facet normal -0.671559 0.740951 0
outer loop
vertex 16.210983 -7.032526 0.000000
vertex 16.210983 -7.032526 2.450000
vertex 16.392767 -6.867767 2.450000
endloop
endfacet
facet normal -0.671559 0.740951 0
outer loop
vertex 16.210983 -7.032526 0.000000
vertex 16.392767 -6.867767 2.450000
vertex 16.392767 -6.867767 0.000000
endloop
endfacet
facet normal -0.740952 0.671558 0
outer loop
vertex 16.392767 -6.867767 0.000000
vertex 16.392767 -6.867767 2.450000
vertex 16.557526 -6.685983 2.450000
endloop
endfacet
facet normal -0.740952 0.671558 0
outer loop
vertex 16.392767 -6.867767 0.000000
vertex 16.557526 -6.685983 2.450000
vertex 16.557526 -6.685983 0.000000
endloop
endfacet
facet normal -0.803206 0.595701 0
outer loop
vertex 16.557526 -6.685983 0.000000
vertex 16.557526 -6.685983 2.450000
vertex 16.703674 -6.488925 2.450000
endloop
endfacet
facet normal -0.803206 0.595701 0
outer loop
vertex 16.557526 -6.685983 0.000000
vertex 16.703674 -6.488925 2.450000
vertex 16.703674 -6.488925 0.000000
endloop
endfacet
facet normal -0.857728 0.514103 0
outer loop
vertex 16.703674 -6.488925 0.000000
vertex 16.703674 -6.488925 2.450000
vertex 16.829803 -6.278492 2.450000
endloop
endfacet
facet normal -0.857728 0.514103 0
outer loop
vertex 16.703674 -6.488925 0.000000
vertex 16.829803 -6.278492 2.450000
vertex 16.829803 -6.278492 0.000000
endloop
endfacet
facet normal -0.903991 0.427552 0
outer loop
vertex 16.829803 -6.278492 0.000000
vertex 16.829803 -6.278492 2.450000
vertex 16.934698 -6.056709 2.450000
endloop
endfacet
facet normal -0.903991 0.427552 0
outer loop
vertex 16.829803 -6.278492 0.000000
vertex 16.934698 -6.056709 2.450000
vertex 16.934698 -6.056709 0.000000
endloop
endfacet
facet normal -0.941543 0.336893 0
outer loop
vertex 16.934698 -6.056709 0.000000
vertex 16.934698 -6.056709 2.450000
vertex 17.017351 -5.825712 2.450000
endloop
endfacet
facet normal -0.941543 0.336893 0
outer loop
vertex 16.934698 -6.056709 0.000000
vertex 17.017351 -5.825712 2.450000
vertex 17.017351 -5.825712 0.000000
endloop
endfacet
facet normal -0.970031 0.24298 0
outer loop
vertex 17.017351 -5.825712 0.000000
vertex 17.017351 -5.825712 2.450000
vertex 17.076963 -5.587726 2.450000
endloop
endfacet
facet normal -0.970031 0.24298 0
outer loop
vertex 17.017351 -5.825712 0.000000
vertex 17.076963 -5.587726 2.450000
vertex 17.076963 -5.587726 0.000000
endloop
endfacet
facet normal -0.989176 0.146733 0
outer loop
vertex 17.076963 -5.587726 0.000000
vertex 17.076963 -5.587726 2.450000
vertex 17.112963 -5.345043 2.450000
endloop
endfacet
facet normal -0.989176 0.146733 0
outer loop
vertex 17.076963 -5.587726 0.000000
vertex 17.112963 -5.345043 2.450000
vertex 17.112963 -5.345043 0.000000
endloop
endfacet
facet normal -0.998796 0.049064 0
outer loop
vertex 17.112963 -5.345043 0.000000
vertex 17.112963 -5.345043 2.450000
vertex 17.125000 -5.100000 2.450000
endloop
endfacet
facet normal -0.998796 0.049064 0
outer loop
vertex 17.112963 -5.345043 0.000000
vertex 17.125000 -5.100000 2.450000
vertex 17.125000 -5.100000 0.000000
endloop
endfacet
facet normal -1 0 0
outer loop
vertex 17.125000 -5.100000 0.000000
vertex 17.125000 -5.100000 2.450000
vertex 17.125000 5.100000 2.450000
endloop
endfacet
facet normal -1 0 0
outer loop
vertex 17.125000 -5.100000 0.000000
vertex 17.125000 5.100000 2.450000
vertex 17.125000 5.100000 0.000000
endloop
endfacet
facet normal -0.706681 -0.034715 -0.706681
outer loop
vertex 17.125000 5.100000 2.450000
vertex 16.875000 5.100000 2.700000
vertex 16.864166 5.320539 2.700000
endloop
endfacet
facet normal -0.70668 -0.0347144 -0.706681
outer loop
vertex 17.125000 5.100000 2.450000
vertex 16.864166 5.320539 2.700000
vertex 17.112963 5.345043 2.450000
endloop
endfacet
facet normal -0.699874 -0.103821 -0.706681
outer loop
vertex 17.112963 5.345043 2.450000
vertex 16.864166 5.320539 2.700000
vertex 16.831766 5.538953 2.700000
endloop
endfacet
facet normal -0.699873 -0.103818 -0.706682
outer loop
vertex 17.112963 5.345043 2.450000
vertex 16.831766 5.538953 2.700000
vertex 17.076963 5.587726 2.450000
endloop
endfacet
facet normal -0.686328 -0.171913 -0.706682
outer loop
vertex 17.076963 5.587726 2.450000
vertex 16.831766 5.538953 2.700000
vertex 16.778116 5.753140 2.700000
endloop
endfacet
facet normal -0.686329 -0.171916 -0.70668
outer loop
vertex 17.076963 5.587726 2.450000
vertex 16.778116 5.753140 2.700000
vertex 17.017351 5.825712 2.450000
endloop
endfacet
facet normal -0.666174 -0.23836 -0.70668
outer loop
vertex 17.017351 5.825712 2.450000
vertex 16.778116 5.753140 2.700000
vertex 16.703730 5.961038 2.700000
endloop
endfacet
facet normal -0.666174 -0.238364 -0.706679
outer loop
vertex 17.017351 5.825712 2.450000
vertex 16.703730 5.961038 2.700000
vertex 16.934698 6.056709 2.450000
endloop
endfacet
facet normal -0.639604 -0.30251 -0.706679
outer loop
vertex 16.934698 6.056709 2.450000
vertex 16.703730 5.961038 2.700000
vertex 16.609324 6.160643 2.700000
endloop
endfacet
facet normal -0.639603 -0.302507 -0.70668
outer loop
vertex 16.934698 6.056709 2.450000
vertex 16.609324 6.160643 2.700000
vertex 16.829803 6.278492 2.450000
endloop
endfacet
facet normal -0.606869 -0.363749 -0.70668
outer loop
vertex 16.829803 6.278492 2.450000
vertex 16.609324 6.160643 2.700000
vertex 16.495806 6.350033 2.700000
endloop
endfacet
facet normal -0.60687 -0.363744 -0.706682
outer loop
vertex 16.829803 6.278492 2.450000
vertex 16.495806 6.350033 2.700000
vertex 16.703674 6.488925 2.450000
endloop
endfacet
facet normal -0.568295 -0.421475 -0.706682
outer loop
vertex 16.703674 6.488925 2.450000
vertex 16.495806 6.350033 2.700000
vertex 16.364273 6.527385 2.700000
endloop
endfacet
facet normal -0.568295 -0.421478 -0.706681
outer loop
vertex 16.703674 6.488925 2.450000
vertex 16.364273 6.527385 2.700000
vertex 16.557526 6.685983 2.450000
endloop
endfacet
facet normal -0.524248 -0.475149 -0.706681
outer loop
vertex 16.557526 6.685983 2.450000
vertex 16.364273 6.527385 2.700000
vertex 16.215990 6.690990 2.700000
endloop
endfacet
facet normal -0.524248 -0.475149 -0.70668
outer loop
vertex 16.557526 6.685983 2.450000
vertex 16.215990 6.690990 2.700000
vertex 16.392767 6.867767 2.450000
endloop
endfacet
facet normal -0.475151 -0.524247 -0.70668
outer loop
vertex 16.392767 6.867767 2.450000
vertex 16.215990 6.690990 2.700000
vertex 16.052385 6.839273 2.700000
endloop
endfacet
facet normal -0.47515 -0.524247 -0.70668
outer loop
vertex 16.392767 6.867767 2.450000
vertex 16.052385 6.839273 2.700000
vertex 16.210983 7.032526 2.450000
endloop
endfacet
facet normal -0.421477 -0.568296 -0.70668
outer loop
vertex 16.210983 7.032526 2.450000
vertex 16.052385 6.839273 2.700000
vertex 15.875033 6.970807 2.700000
endloop
endfacet
facet normal -0.421477 -0.568295 -0.70668
outer loop
vertex 16.210983 7.032526 2.450000
vertex 15.875033 6.970807 2.700000
vertex 16.013926 7.178674 2.450000
endloop
endfacet
facet normal -0.363744 -0.606872 -0.70668
outer loop
vertex 16.013926 7.178674 2.450000
vertex 15.875033 6.970807 2.700000
vertex 15.685642 7.084323 2.700000
endloop
endfacet
facet normal -0.363744 -0.606871 -0.706681
outer loop
vertex 16.013926 7.178674 2.450000
vertex 15.685642 7.084323 2.700000
vertex 15.803492 7.304803 2.450000
endloop
endfacet
facet normal -0.302509 -0.639602 -0.706681
outer loop
vertex 15.803492 7.304803 2.450000
vertex 15.685642 7.084323 2.700000
vertex 15.486037 7.178729 2.700000
endloop
endfacet
facet normal -0.302509 -0.639601 -0.706681
outer loop
vertex 15.803492 7.304803 2.450000
vertex 15.486037 7.178729 2.700000
vertex 15.581709 7.409699 2.450000
endloop
endfacet
facet normal -0.23836 -0.666173 -0.706681
outer loop
vertex 15.581709 7.409699 2.450000
vertex 15.486037 7.178729 2.700000
vertex 15.278140 7.253116 2.700000
endloop
endfacet
facet normal -0.23836 -0.666173 -0.706681
outer loop
vertex 15.581709 7.409699 2.450000
vertex 15.278140 7.253116 2.700000
vertex 15.350712 7.492351 2.450000
endloop
endfacet
facet normal -0.171917 -0.686328 -0.706681
outer loop
vertex 15.350712 7.492351 2.450000
vertex 15.278140 7.253116 2.700000
vertex 15.063953 7.306767 2.700000
endloop
endfacet
facet normal -0.171916 -0.686329 -0.706681
outer loop
vertex 15.350712 7.492351 2.450000
vertex 15.063953 7.306767 2.700000
vertex 15.112726 7.551963 2.450000
endloop
endfacet
facet normal -0.103816 -0.699875 -0.706681
outer loop
vertex 15.112726 7.551963 2.450000
vertex 15.063953 7.306767 2.700000
vertex 14.845538 7.339166 2.700000
endloop
endfacet
facet normal -0.103816 -0.699875 -0.70668
outer loop
vertex 15.112726 7.551963 2.450000
vertex 14.845538 7.339166 2.700000
vertex 14.870043 7.587962 2.450000
endloop
endfacet
facet normal -0.0347166 -0.706681 -0.70668
outer loop
vertex 14.870043 7.587962 2.450000
vertex 14.845538 7.339166 2.700000
vertex 14.625000 7.350000 2.700000
endloop
endfacet
facet normal -0.0347171 -0.706681 -0.706681
outer loop
vertex 14.870043 7.587962 2.450000
vertex 14.625000 7.350000 2.700000
vertex 14.625000 7.600000 2.450000
endloop
endfacet
facet normal 0 -0.707107 -0.707107
outer loop
vertex 14.625000 7.600000 2.450000
vertex 14.625000 7.350000 2.700000
vertex -14.625000 7.350000 2.700000
endloop
endfacet
facet normal -0 -0.707107 -0.707107
outer loop
vertex 14.625000 7.600000 2.450000
vertex -14.625000 7.350000 2.700000
vertex -14.625000 7.600000 2.450000
endloop
endfacet
facet normal 0.0347166 -0.706681 -0.706681
outer loop
vertex -14.625000 7.600000 2.450000
vertex -14.625000 7.350000 2.700000
vertex -14.845538 7.339166 2.700000
endloop
endfacet
facet normal 0.0347171 -0.706681 -0.70668
outer loop
vertex -14.625000 7.600000 2.450000
vertex -14.845538 7.339166 2.700000
vertex -14.870043 7.587962 2.450000
endloop
endfacet
facet normal 0.103816 -0.699875 -0.70668
outer loop
vertex -14.870043 7.587962 2.450000
vertex -14.845538 7.339166 2.700000
vertex -15.063953 7.306767 2.700000
endloop
endfacet
facet normal 0.103816 -0.699875 -0.706681
outer loop
vertex -14.870043 7.587962 2.450000
vertex -15.063953 7.306767 2.700000
vertex -15.112726 7.551963 2.450000
endloop
endfacet
facet normal 0.171918 -0.686329 -0.706681
outer loop
vertex -15.112726 7.551963 2.450000
vertex -15.063953 7.306767 2.700000
vertex -15.278140 7.253116 2.700000
endloop
endfacet
facet normal 0.171916 -0.686328 -0.706681
outer loop
vertex -15.112726 7.551963 2.450000
vertex -15.278140 7.253116 2.700000
vertex -15.350712 7.492351 2.450000
endloop
endfacet
facet normal 0.23836 -0.666173 -0.706681
outer loop
vertex -15.350712 7.492351 2.450000
vertex -15.278140 7.253116 2.700000
vertex -15.486037 7.178729 2.700000
endloop
endfacet
facet normal 0.238361 -0.666173 -0.706681
outer loop
vertex -15.350712 7.492351 2.450000
vertex -15.486037 7.178729 2.700000
vertex -15.581709 7.409699 2.450000
endloop
endfacet
facet normal 0.302509 -0.639602 -0.706681
outer loop
vertex -15.581709 7.409699 2.450000
vertex -15.486037 7.178729 2.700000
vertex -15.685642 7.084323 2.700000
endloop
endfacet
facet normal 0.30251 -0.639602 -0.706681
outer loop
vertex -15.581709 7.409699 2.450000
vertex -15.685642 7.084323 2.700000
vertex -15.803492 7.304803 2.450000
endloop
endfacet
facet normal 0.363744 -0.606871 -0.706681
outer loop
vertex -15.803492 7.304803 2.450000
vertex -15.685642 7.084323 2.700000
vertex -15.875033 6.970807 2.700000
endloop
endfacet
facet normal 0.363744 -0.606871 -0.70668
outer loop
vertex -15.803492 7.304803 2.450000
vertex -15.875033 6.970807 2.700000
vertex -16.013926 7.178674 2.450000
endloop
endfacet
facet normal 0.421477 -0.568296 -0.70668
outer loop
vertex -16.013926 7.178674 2.450000
vertex -15.875033 6.970807 2.700000
vertex -16.052385 6.839273 2.700000
endloop
endfacet
facet normal 0.421477 -0.568296 -0.70668
outer loop
vertex -16.013926 7.178674 2.450000
vertex -16.052385 6.839273 2.700000
vertex -16.210983 7.032526 2.450000
endloop
endfacet
facet normal 0.475151 -0.524247 -0.70668
outer loop
vertex -16.210983 7.032526 2.450000
vertex -16.052385 6.839273 2.700000
vertex -16.215990 6.690990 2.700000
endloop
endfacet
facet normal 0.47515 -0.524247 -0.70668
outer loop
vertex -16.210983 7.032526 2.450000
vertex -16.215990 6.690990 2.700000
vertex -16.392767 6.867767 2.450000
endloop
endfacet
facet normal 0.524248 -0.475149 -0.70668
outer loop
vertex -16.392767 6.867767 2.450000
vertex -16.215990 6.690990 2.700000
vertex -16.364273 6.527385 2.700000
endloop
endfacet
facet normal 0.524248 -0.475149 -0.706681
outer loop
vertex -16.392767 6.867767 2.450000
vertex -16.364273 6.527385 2.700000
vertex -16.557526 6.685983 2.450000
endloop
endfacet
facet normal 0.568296 -0.421476 -0.706681
outer loop
vertex -16.557526 6.685983 2.450000
vertex -16.364273 6.527385 2.700000
vertex -16.495806 6.350033 2.700000
endloop
endfacet
facet normal 0.568294 -0.421477 -0.706682
outer loop
vertex -16.557526 6.685983 2.450000
vertex -16.495806 6.350033 2.700000
vertex -16.703674 6.488925 2.450000
endloop
endfacet
facet normal 0.606867 -0.363748 -0.706682
outer loop
vertex -16.703674 6.488925 2.450000
vertex -16.495806 6.350033 2.700000
vertex -16.609324 6.160643 2.700000
endloop
endfacet
facet normal 0.606871 -0.363745 -0.70668
outer loop
vertex -16.703674 6.488925 2.450000
vertex -16.609324 6.160643 2.700000
vertex -16.829803 6.278492 2.450000
endloop
endfacet
facet normal 0.639602 -0.302509 -0.70668
outer loop
vertex -16.829803 6.278492 2.450000
vertex -16.609324 6.160643 2.700000
vertex -16.703730 5.961038 2.700000
endloop
endfacet
facet normal 0.639605 -0.302508 -0.706679
outer loop
vertex -16.829803 6.278492 2.450000
vertex -16.703730 5.961038 2.700000
vertex -16.934698 6.056709 2.450000
endloop
endfacet
facet normal 0.666175 -0.238361 -0.706679
outer loop
vertex -16.934698 6.056709 2.450000
vertex -16.703730 5.961038 2.700000
vertex -16.778116 5.753140 2.700000
endloop
endfacet
facet normal 0.666173 -0.238363 -0.70668
outer loop
vertex -16.934698 6.056709 2.450000
vertex -16.778116 5.753140 2.700000
vertex -17.017351 5.825712 2.450000
endloop
endfacet
facet normal 0.68633 -0.171913 -0.70668
outer loop
vertex -17.017351 5.825712 2.450000
vertex -16.778116 5.753140 2.700000
vertex -16.831766 5.538953 2.700000
endloop
endfacet
facet normal 0.686328 -0.171916 -0.706682
outer loop
vertex -17.017351 5.825712 2.450000
vertex -16.831766 5.538953 2.700000
vertex -17.076963 5.587726 2.450000
endloop
endfacet
facet normal 0.699873 -0.103821 -0.706682
outer loop
vertex -17.076963 5.587726 2.450000
vertex -16.831766 5.538953 2.700000
vertex -16.864166 5.320539 2.700000
endloop
endfacet
facet normal 0.699874 -0.103818 -0.706681
outer loop
vertex -17.076963 5.587726 2.450000
vertex -16.864166 5.320539 2.700000
vertex -17.112963 5.345043 2.450000
endloop
endfacet
facet normal 0.70668 -0.034715 -0.706681
outer loop
vertex -17.112963 5.345043 2.450000
vertex -16.864166 5.320539 2.700000
vertex -16.875000 5.100000 2.700000
endloop
endfacet
facet normal 0.706681 -0.0347144 -0.706681
outer loop
vertex -17.112963 5.345043 2.450000
vertex -16.875000 5.100000 2.700000
vertex -17.125000 5.100000 2.450000
endloop
endfacet
facet normal 0.707107 0 -0.707107
outer loop
vertex -17.125000 5.100000 2.450000
vertex -16.875000 5.100000 2.700000
vertex -16.875000 -5.100000 2.700000
endloop
endfacet
facet normal 0.707107 0 -0.707107
outer loop
vertex -17.125000 5.100000 2.450000
vertex -16.875000 -5.100000 2.700000
vertex -17.125000 -5.100000 2.450000
endloop
endfacet
facet normal 0.706681 0.034715 -0.706681
outer loop
vertex -17.125000 -5.100000 2.450000
vertex -16.875000 -5.100000 2.700000
vertex -16.864166 -5.320539 2.700000
endloop
endfacet
facet normal 0.70668 0.0347144 -0.706681
outer loop
vertex -17.125000 -5.100000 2.450000
vertex -16.864166 -5.320539 2.700000
vertex -17.112963 -5.345043 2.450000
endloop
endfacet
facet normal 0.699874 0.103821 -0.706681
outer loop
vertex -17.112963 -5.345043 2.450000
vertex -16.864166 -5.320539 2.700000
vertex -16.831766 -5.538953 2.700000
endloop
endfacet
facet normal 0.699873 0.103818 -0.706682
outer loop
vertex -17.112963 -5.345043 2.450000
vertex -16.831766 -5.538953 2.700000
vertex -17.076963 -5.587726 2.450000
endloop
endfacet
facet normal 0.686328 0.171913 -0.706682
outer loop
vertex -17.076963 -5.587726 2.450000
vertex -16.831766 -5.538953 2.700000
vertex -16.778116 -5.753140 2.700000
endloop
endfacet
facet normal 0.686329 0.171916 -0.70668
outer loop
vertex -17.076963 -5.587726 2.450000
vertex -16.778116 -5.753140 2.700000
vertex -17.017351 -5.825712 2.450000
endloop
endfacet
facet normal 0.666174 0.23836 -0.70668
outer loop
vertex -17.017351 -5.825712 2.450000
vertex -16.778116 -5.753140 2.700000
vertex -16.703730 -5.961038 2.700000
endloop
endfacet
facet normal 0.666174 0.238364 -0.706679
outer loop
vertex -17.017351 -5.825712 2.450000
vertex -16.703730 -5.961038 2.700000
vertex -16.934698 -6.056709 2.450000
endloop
endfacet
facet normal 0.639604 0.30251 -0.706679
outer loop
vertex -16.934698 -6.056709 2.450000
vertex -16.703730 -5.961038 2.700000
vertex -16.609324 -6.160643 2.700000
endloop
endfacet
facet normal 0.639603 0.302507 -0.70668
outer loop
vertex -16.934698 -6.056709 2.450000
vertex -16.609324 -6.160643 2.700000
vertex -16.829803 -6.278492 2.450000
endloop
endfacet
facet normal 0.606869 0.363749 -0.70668
outer loop
vertex -16.829803 -6.278492 2.450000
vertex -16.609324 -6.160643 2.700000
vertex -16.495806 -6.350033 2.700000
endloop
endfacet
facet normal 0.60687 0.363744 -0.706682
outer loop
vertex -16.829803 -6.278492 2.450000
vertex -16.495806 -6.350033 2.700000
vertex -16.703674 -6.488925 2.450000
endloop
endfacet
facet normal 0.568295 0.421475 -0.706682
outer loop
vertex -16.703674 -6.488925 2.450000
vertex -16.495806 -6.350033 2.700000
vertex -16.364273 -6.527385 2.700000
endloop
endfacet
facet normal 0.568295 0.421478 -0.706681
outer loop
vertex -16.703674 -6.488925 2.450000
vertex -16.364273 -6.527385 2.700000
vertex -16.557526 -6.685983 2.450000
endloop
endfacet
facet normal 0.524248 0.475149 -0.706681
outer loop
vertex -16.557526 -6.685983 2.450000
vertex -16.364273 -6.527385 2.700000
vertex -16.215990 -6.690990 2.700000
endloop
endfacet
facet normal 0.524248 0.475149 -0.70668
outer loop
vertex -16.557526 -6.685983 2.450000
vertex -16.215990 -6.690990 2.700000
vertex -16.392767 -6.867767 2.450000
endloop
endfacet
facet normal 0.475151 0.524247 -0.70668
outer loop
vertex -16.392767 -6.867767 2.450000
vertex -16.215990 -6.690990 2.700000
vertex -16.052385 -6.839273 2.700000
endloop
endfacet
facet normal 0.47515 0.524247 -0.70668
outer loop
vertex -16.392767 -6.867767 2.450000
vertex -16.052385 -6.839273 2.700000
vertex -16.210983 -7.032526 2.450000
endloop
endfacet
facet normal 0.421477 0.568296 -0.70668
outer loop
vertex -16.210983 -7.032526 2.450000
vertex -16.052385 -6.839273 2.700000
vertex -15.875033 -6.970807 2.700000
endloop
endfacet
facet normal 0.421477 0.568295 -0.70668
outer loop
vertex -16.210983 -7.032526 2.450000
vertex -15.875033 -6.970807 2.700000
vertex -16.013926 -7.178674 2.450000
endloop
endfacet
facet normal 0.363744 0.606872 -0.70668
outer loop
vertex -16.013926 -7.178674 2.450000
vertex -15.875033 -6.970807 2.700000
vertex -15.685642 -7.084323 2.700000
endloop
endfacet
facet normal 0.363744 0.606871 -0.706681
outer loop
vertex -16.013926 -7.178674 2.450000
vertex -15.685642 -7.084323 2.700000
vertex -15.803492 -7.304803 2.450000
endloop
endfacet
facet normal 0.302509 0.639602 -0.706681
outer loop
vertex -15.803492 -7.304803 2.450000
vertex -15.685642 -7.084323 2.700000
vertex -15.486037 -7.178729 2.700000
endloop
endfacet
facet normal 0.302509 0.639601 -0.706681
outer loop
vertex -15.803492 -7.304803 2.450000
vertex -15.486037 -7.178729 2.700000
vertex -15.581709 -7.409699 2.450000
endloop
endfacet
facet normal 0.23836 0.666173 -0.706681
outer loop
vertex -15.581709 -7.409699 2.450000
vertex -15.486037 -7.178729 2.700000
vertex -15.278140 -7.253116 2.700000
endloop
endfacet
facet normal 0.23836 0.666173 -0.706681
outer loop
vertex -15.581709 -7.409699 2.450000
vertex -15.278140 -7.253116 2.700000
vertex -15.350712 -7.492351 2.450000
endloop
endfacet
facet normal 0.171917 0.686328 -0.706681
outer loop
vertex -15.350712 -7.492351 2.450000
vertex -15.278140 -7.253116 2.700000
vertex -15.063953 -7.306767 2.700000
endloop
endfacet
facet normal 0.171916 0.686329 -0.706681
outer loop
vertex -15.350712 -7.492351 2.450000
vertex -15.063953 -7.306767 2.700000
vertex -15.112726 -7.551963 2.450000
endloop
endfacet
facet normal 0.103816 0.699875 -0.706681
outer loop
vertex -15.112726 -7.551963 2.450000
vertex -15.063953 -7.306767 2.700000
vertex -14.845538 -7.339166 2.700000
endloop
endfacet
facet normal 0.103816 0.699875 -0.70668
outer loop
vertex -15.112726 -7.551963 2.450000
vertex -14.845538 -7.339166 2.700000
vertex -14.870043 -7.587962 2.450000
endloop
endfacet
facet normal 0.0347166 0.706681 -0.70668
outer loop
vertex -14.870043 -7.587962 2.450000
vertex -14.845538 -7.339166 2.700000
vertex -14.625000 -7.350000 2.700000
endloop
endfacet
facet normal 0.0347171 0.706681 -0.706681
outer loop
vertex -14.870043 -7.587962 2.450000
vertex -14.625000 -7.350000 2.700000
vertex -14.625000 -7.600000 2.450000
endloop
endfacet
facet normal 0 0.707107 -0.707107
outer loop
vertex -14.625000 -7.600000 2.450000
vertex -14.625000 -7.350000 2.700000
vertex 14.625000 -7.350000 2.700000
endloop
endfacet
facet normal 0 0.707107 -0.707107
outer loop
vertex -14.625000 -7.600000 2.450000
vertex 14.625000 -7.350000 2.700000
vertex 14.625000 -7.600000 2.450000
endloop
endfacet
facet normal -0.0347166 0.706681 -0.706681
outer loop
vertex 14.625000 -7.600000 2.450000
vertex 14.625000 -7.350000 2.700000
vertex 14.845538 -7.339166 2.700000
endloop
endfacet
facet normal -0.0347171 0.706681 -0.70668
outer loop
vertex 14.625000 -7.600000 2.450000
vertex 14.845538 -7.339166 2.700000
vertex 14.870043 -7.587962 2.450000
endloop
endfacet
facet normal -0.103816 0.699875 -0.70668
outer loop
vertex 14.870043 -7.587962 2.450000
vertex 14.845538 -7.339166 2.700000
vertex 15.063953 -7.306767 2.700000
endloop
endfacet
facet normal -0.103816 0.699875 -0.706681
outer loop
vertex 14.870043 -7.587962 2.450000
vertex 15.063953 -7.306767 2.700000
vertex 15.112726 -7.551963 2.450000
endloop
endfacet
facet normal -0.171918 0.686329 -0.706681
outer loop
vertex 15.112726 -7.551963 2.450000
vertex 15.063953 -7.306767 2.700000
vertex 15.278140 -7.253116 2.700000
endloop
endfacet
facet normal -0.171916 0.686328 -0.706681
outer loop
vertex 15.112726 -7.551963 2.450000
vertex 15.278140 -7.253116 2.700000
vertex 15.350712 -7.492351 2.450000
endloop
endfacet
facet normal -0.23836 0.666173 -0.706681
outer loop
vertex 15.350712 -7.492351 2.450000
vertex 15.278140 -7.253116 2.700000
vertex 15.486037 -7.178729 2.700000
endloop
endfacet
facet normal -0.238361 0.666173 -0.706681
outer loop
vertex 15.350712 -7.492351 2.450000
vertex 15.486037 -7.178729 2.700000
vertex 15.581709 -7.409699 2.450000
endloop
endfacet
facet normal -0.302509 0.639602 -0.706681
outer loop
vertex 15.581709 -7.409699 2.450000
vertex 15.486037 -7.178729 2.700000
vertex 15.685642 -7.084323 2.700000
endloop
endfacet
facet normal -0.30251 0.639602 -0.706681
outer loop
vertex 15.581709 -7.409699 2.450000
vertex 15.685642 -7.084323 2.700000
vertex 15.803492 -7.304803 2.450000
endloop
endfacet
facet normal -0.363744 0.606871 -0.706681
outer loop
vertex 15.803492 -7.304803 2.450000
vertex 15.685642 -7.084323 2.700000
vertex 15.875033 -6.970807 2.700000
endloop
endfacet
facet normal -0.363744 0.606871 -0.70668
outer loop
vertex 15.803492 -7.304803 2.450000
vertex 15.875033 -6.970807 2.700000
vertex 16.013926 -7.178674 2.450000
endloop
endfacet
facet normal -0.421477 0.568296 -0.70668
outer loop
vertex 16.013926 -7.178674 2.450000
vertex 15.875033 -6.970807 2.700000
vertex 16.052385 -6.839273 2.700000
endloop
endfacet
facet normal -0.421477 0.568296 -0.70668
outer loop
vertex 16.013926 -7.178674 2.450000
vertex 16.052385 -6.839273 2.700000
vertex 16.210983 -7.032526 2.450000
endloop
endfacet
facet normal -0.475151 0.524247 -0.70668
outer loop
vertex 16.210983 -7.032526 2.450000
vertex 16.052385 -6.839273 2.700000
vertex 16.215990 -6.690990 2.700000
endloop
endfacet
facet normal -0.47515 0.524247 -0.70668
outer loop
vertex 16.210983 -7.032526 2.450000
vertex 16.215990 -6.690990 2.700000
vertex 16.392767 -6.867767 2.450000
endloop
endfacet
facet normal -0.524248 0.475149 -0.70668
outer loop
vertex 16.392767 -6.867767 2.450000
vertex 16.215990 -6.690990 2.700000
vertex 16.364273 -6.527385 2.700000
endloop
endfacet
facet normal -0.524248 0.475149 -0.706681
outer loop
vertex 16.392767 -6.867767 2.450000
vertex 16.364273 -6.527385 2.700000
vertex 16.557526 -6.685983 2.450000
endloop
endfacet
facet normal -0.568296 0.421476 -0.706681
outer loop
vertex 16.557526 -6.685983 2.450000
vertex 16.364273 -6.527385 2.700000
vertex 16.495806 -6.350033 2.700000
endloop
endfacet
facet normal -0.568294 0.421477 -0.706682
outer loop
vertex 16.557526 -6.685983 2.450000
vertex 16.495806 -6.350033 2.700000
vertex 16.703674 -6.488925 2.450000
endloop
endfacet
facet normal -0.606867 0.363748 -0.706682
outer loop
vertex 16.703674 -6.488925 2.450000
vertex 16.495806 -6.350033 2.700000
vertex 16.609324 -6.160643 2.700000
endloop
endfacet
facet normal -0.606871 0.363745 -0.70668
outer loop
vertex 16.703674 -6.488925 2.450000
vertex 16.609324 -6.160643 2.700000
vertex 16.829803 -6.278492 2.450000
endloop
endfacet
facet normal -0.639602 0.302509 -0.70668
outer loop
vertex 16.829803 -6.278492 2.450000
vertex 16.609324 -6.160643 2.700000
vertex 16.703730 -5.961038 2.700000
endloop
endfacet
facet normal -0.639605 0.302508 -0.706679
outer loop
vertex 16.829803 -6.278492 2.450000
vertex 16.703730 -5.961038 2.700000
vertex 16.934698 -6.056709 2.450000
endloop
endfacet
facet normal -0.666175 0.238361 -0.706679
outer loop
vertex 16.934698 -6.056709 2.450000
vertex 16.703730 -5.961038 2.700000
vertex 16.778116 -5.753140 2.700000
endloop
endfacet
facet normal -0.666173 0.238363 -0.70668
outer loop
vertex 16.934698 -6.056709 2.450000
vertex 16.778116 -5.753140 2.700000
vertex 17.017351 -5.825712 2.450000
endloop
endfacet
facet normal -0.68633 0.171913 -0.70668
outer loop
vertex 17.017351 -5.825712 2.450000
vertex 16.778116 -5.753140 2.700000
vertex 16.831766 -5.538953 2.700000
endloop
endfacet
facet normal -0.686328 0.171916 -0.706682
outer loop
vertex 17.017351 -5.825712 2.450000
vertex 16.831766 -5.538953 2.700000
vertex 17.076963 -5.587726 2.450000
endloop
endfacet
facet normal -0.699873 0.103821 -0.706682
outer loop
vertex 17.076963 -5.587726 2.450000
vertex 16.831766 -5.538953 2.700000
vertex 16.864166 -5.320539 2.700000
endloop
endfacet
facet normal -0.699874 0.103818 -0.706681
outer loop
vertex 17.076963 -5.587726 2.450000
vertex 16.864166 -5.320539 2.700000
vertex 17.112963 -5.345043 2.450000
endloop
endfacet
facet normal -0.70668 0.034715 -0.706681
outer loop
vertex 17.112963 -5.345043 2.450000
vertex 16.864166 -5.320539 2.700000
vertex 16.875000 -5.100000 2.700000
endloop
endfacet
facet normal -0.706681 0.0347144 -0.706681
outer loop
vertex 17.112963 -5.345043 2.450000
vertex 16.875000 -5.100000 2.700000
vertex 17.125000 -5.100000 2.450000
endloop
endfacet
facet normal -0.707107 0 -0.707107
outer loop
vertex 17.125000 -5.100000 2.450000
vertex 16.875000 -5.100000 2.700000
vertex 16.875000 5.100000 2.700000
endloop
endfacet
facet normal -0.707107 0 -0.707107
outer loop
vertex 17.125000 -5.100000 2.450000
vertex 16.875000 5.100000 2.700000
vertex 17.125000 5.100000 2.450000
endloop
endfacet
facet normal 0 0 -1
outer loop
vertex 16.864166 -5.320539 2.700000
vertex 16.831766 -5.538953 2.700000
vertex 16.778116 -5.753140 2.700000
endloop
endfacet
facet normal -0 0 -1
outer loop
vertex 16.778116 -5.753140 2.700000
vertex 16.703730 -5.961038 2.700000
vertex 11.667053 -1.643656 2.700000
endloop
endfacet
facet normal 0 0 -1
outer loop
vertex 16.778116 -5.753140 2.700000
vertex 11.667053 -1.643656 2.700000
vertex 11.863268 -1.350000 2.700000
endloop
endfacet
facet normal 0 0 -1
outer loop
vertex 16.875000 -5.100000 2.700000
vertex 16.864166 -5.320539 2.700000
vertex 16.778116 -5.753140 2.700000
endloop
endfacet
facet normal 0 0 -1
outer loop
vertex 16.864166 5.320539 2.700000
vertex 16.875000 5.100000 2.700000
vertex 16.875000 -5.100000 2.700000
endloop
endfacet
facet normal 0 0 -1
outer loop
vertex 16.778116 5.753140 2.700000
vertex 16.831766 5.538953 2.700000
vertex 16.864166 5.320539 2.700000
endloop
endfacet
facet normal 0 0 -1
outer loop
vertex 16.609324 6.160643 2.700000
vertex 16.703730 5.961038 2.700000
vertex 16.778116 5.753140 2.700000
endloop
endfacet
facet normal 0 0 -1
outer loop
vertex 16.364273 6.527385 2.700000
vertex 16.495806 6.350033 2.700000
vertex 16.609324 6.160643 2.700000
endloop
endfacet
facet normal 0 0 -1
outer loop
vertex 16.052385 6.839273 2.700000
vertex 16.215990 6.690990 2.700000
vertex 16.364273 6.527385 2.700000
endloop
endfacet
facet normal 0 0 -1
outer loop
vertex 15.685642 7.084323 2.700000
vertex 15.875033 6.970807 2.700000
vertex 16.052385 6.839273 2.700000
endloop
endfacet
facet normal 0 0 -1
outer loop
vertex 11.434188 1.909188 2.700000
vertex 11.183974 2.128619 2.700000
vertex 15.685642 7.084323 2.700000
endloop
endfacet
facet normal 0 0 -1
outer loop
vertex 11.667053 1.643656 2.700000
vertex 11.434188 1.909188 2.700000
vertex 15.685642 7.084323 2.700000
endloop
endfacet
facet normal 0 0 -1
outer loop
vertex 15.685642 7.084323 2.700000
vertex 16.052385 6.839273 2.700000
vertex 16.364273 6.527385 2.700000
endloop
endfacet
facet normal 0 0 -1
outer loop
vertex 16.364273 6.527385 2.700000
vertex 16.609324 6.160643 2.700000
vertex 16.778116 5.753140 2.700000
endloop
endfacet
facet normal 0 0 -1
outer loop
vertex 16.778116 5.753140 2.700000
vertex 16.864166 5.320539 2.700000
vertex 16.875000 -5.100000 2.700000
endloop
endfacet
facet normal -0 0 -1
outer loop
vertex 16.875000 -5.100000 2.700000
vertex 16.778116 -5.753140 2.700000
vertex 11.863268 -1.350000 2.700000
endloop
endfacet
facet normal 0 0 -1
outer loop
vertex 16.875000 -5.100000 2.700000
vertex 11.863268 -1.350000 2.700000
vertex 12.019474 -1.033245 2.700000
endloop
endfacet
facet normal 0 0 -1
outer loop
vertex 16.364273 6.527385 2.700000
vertex 16.778116 5.753140 2.700000
vertex 16.875000 -5.100000 2.700000
endloop
endfacet
facet normal 0 0 -1
outer loop
vertex 11.667053 1.643656 2.700000
vertex 15.685642 7.084323 2.700000
vertex 16.364273 6.527385 2.700000
endloop
endfacet
facet normal 0 0 -1
outer loop
vertex 11.863268 1.350000 2.700000
vertex 11.667053 1.643656 2.700000
vertex 16.364273 6.527385 2.700000
endloop
endfacet
facet normal 0 -0 -1
outer loop
vertex 16.364273 6.527385 2.700000
vertex 16.875000 -5.100000 2.700000
vertex 12.019474 -1.033245 2.700000
endloop
endfacet
facet normal 0 0 -1
outer loop
vertex 16.364273 6.527385 2.700000
vertex 12.019474 -1.033245 2.700000
vertex 12.132999 -0.698811 2.700000
endloop
endfacet
facet normal 0 0 -1
outer loop
vertex 12.019474 1.033245 2.700000
vertex 11.863268 1.350000 2.700000
vertex 16.364273 6.527385 2.700000
endloop
endfacet
facet normal 0 0 -1
outer loop
vertex 12.132999 0.698811 2.700000
vertex 12.019474 1.033245 2.700000
vertex 16.364273 6.527385 2.700000
endloop
endfacet
facet normal 0 0 -1
outer loop
vertex 16.364273 6.527385 2.700000
vertex 12.132999 -0.698811 2.700000
vertex 12.201900 -0.352421 2.700000
endloop
endfacet
facet normal 0 0 -1
outer loop
vertex 16.364273 6.527385 2.700000
vertex 12.201900 -0.352421 2.700000
vertex 12.224999 0.000000 2.700000
endloop
endfacet
facet normal 0 0 -1
outer loop
vertex 12.201900 0.352421 2.700000
vertex 12.132999 0.698811 2.700000
vertex 16.364273 6.527385 2.700000
endloop
endfacet
facet normal 0 0 -1
outer loop
vertex 12.224999 0.000000 2.700000
vertex 12.201900 0.352421 2.700000
vertex 16.364273 6.527385 2.700000
endloop
endfacet
facet normal 0 0 -1
outer loop
vertex -15.685642 7.084323 2.700000
vertex -15.486037 7.178729 2.700000
vertex -15.278140 7.253116 2.700000
endloop
endfacet
facet normal 0 0 -1
outer loop
vertex -15.278140 7.253116 2.700000
vertex -15.063953 7.306767 2.700000
vertex -14.845538 7.339166 2.700000
endloop
endfacet
facet normal 0 0 -1
outer loop
vertex -14.845538 7.339166 2.700000
vertex -14.625000 7.350000 2.700000
vertex 14.625000 7.350000 2.700000
endloop
endfacet
facet normal 0 0 -1
outer loop
vertex 14.625000 7.350000 2.700000
vertex 14.845538 7.339166 2.700000
vertex 15.063953 7.306767 2.700000
endloop
endfacet
facet normal 0 0 -1
outer loop
vertex 15.063953 7.306767 2.700000
vertex 15.278140 7.253116 2.700000
vertex 15.486037 7.178729 2.700000
endloop
endfacet
facet normal 0 -0 -1
outer loop
vertex 15.486037 7.178729 2.700000
vertex 15.685642 7.084323 2.700000
vertex 11.183974 2.128619 2.700000
endloop
endfacet
facet normal 0 0 -1
outer loop
vertex 15.486037 7.178729 2.700000
vertex 11.183974 2.128619 2.700000
vertex 11.168655 2.142054 2.700000
endloop
endfacet
facet normal 0 0 -1
outer loop
vertex 14.625000 7.350000 2.700000
vertex 15.063953 7.306767 2.700000
vertex 15.486037 7.178729 2.700000
endloop
endfacet
facet normal 0 0 -1
outer loop
vertex -15.278140 7.253116 2.700000
vertex -14.845538 7.339166 2.700000
vertex 14.625000 7.350000 2.700000
endloop
endfacet
facet normal 0 0 -1
outer loop
vertex -15.875033 6.970807 2.700000
vertex -15.685642 7.084323 2.700000
vertex -15.278140 7.253116 2.700000
endloop
endfacet
facet normal 0 0 -1
outer loop
vertex -16.215990 6.690990 2.700000
vertex -16.052385 6.839273 2.700000
vertex -15.875033 6.970807 2.700000
endloop
endfacet
facet normal 0 0 -1
outer loop
vertex -16.495806 6.350033 2.700000
vertex -16.364273 6.527385 2.700000
vertex -16.215990 6.690990 2.700000
endloop
endfacet
facet normal 0 0 -1
outer loop
vertex -16.703730 5.961038 2.700000
vertex -16.609324 6.160643 2.700000
vertex -16.495806 6.350033 2.700000
endloop
endfacet
facet normal 0 0 -1
outer loop
vertex -11.667053 1.643656 2.700000
vertex -16.778116 5.753140 2.700000
vertex -16.703730 5.961038 2.700000
endloop
endfacet
facet normal -0 0 -1
outer loop
vertex -11.434188 1.909188 2.700000
vertex -11.667053 1.643656 2.700000
vertex -16.703730 5.961038 2.700000
endloop
endfacet
facet normal 0 0 -1
outer loop
vertex -16.703730 5.961038 2.700000
vertex -16.495806 6.350033 2.700000
vertex -16.215990 6.690990 2.700000
endloop
endfacet
facet normal 0 0 -1
outer loop
vertex -16.215990 6.690990 2.700000
vertex -15.875033 6.970807 2.700000
vertex -15.278140 7.253116 2.700000
endloop
endfacet
facet normal 0 0 -1
outer loop
vertex -15.278140 7.253116 2.700000
vertex 14.625000 7.350000 2.700000
vertex 15.486037 7.178729 2.700000
endloop
endfacet
facet normal 0 0 -1
outer loop
vertex 15.486037 7.178729 2.700000
vertex 11.168655 2.142054 2.700000
vertex 10.875000 2.338269 2.700000
endloop
endfacet
facet normal 0 0 -1
outer loop
vertex 15.486037 7.178729 2.700000
vertex 10.875000 2.338269 2.700000
vertex 10.558245 2.494475 2.700000
endloop
endfacet
facet normal 0 0 -1
outer loop
vertex -16.215990 6.690990 2.700000
vertex -15.278140 7.253116 2.700000
vertex 15.486037 7.178729 2.700000
endloop
endfacet
facet normal 0 0 -1
outer loop
vertex -11.434188 1.909188 2.700000
vertex -16.703730 5.961038 2.700000
vertex -16.215990 6.690990 2.700000
endloop
endfacet
facet normal -0 0 -1
outer loop
vertex -11.168655 2.142054 2.700000
vertex -11.434188 1.909188 2.700000
vertex -16.215990 6.690990 2.700000
endloop
endfacet
facet normal 0 0 -1
outer loop
vertex 15.486037 7.178729 2.700000
vertex 10.558245 2.494475 2.700000
vertex 10.223811 2.608000 2.700000
endloop
endfacet
facet normal 0 0 -1
outer loop
vertex 15.486037 7.178729 2.700000
vertex 10.223811 2.608000 2.700000
vertex 9.877420 2.676901 2.700000
endloop
endfacet
facet normal -0 0 -1
outer loop
vertex -10.875000 2.338269 2.700000
vertex -11.168655 2.142054 2.700000
vertex -16.215990 6.690990 2.700000
endloop
endfacet
facet normal -0 0 -1
outer loop
vertex -10.558245 2.494475 2.700000
vertex -10.875000 2.338269 2.700000
vertex -16.215990 6.690990 2.700000
endloop
endfacet
facet normal 0 0 -1
outer loop
vertex -16.215990 6.690990 2.700000
vertex 15.486037 7.178729 2.700000
vertex 9.877420 2.676901 2.700000
endloop
endfacet
facet normal 0 0 -1
outer loop
vertex -16.215990 6.690990 2.700000
vertex 9.877420 2.676901 2.700000
vertex 9.525000 2.700000 2.700000
endloop
endfacet
facet normal -0 0 -1
outer loop
vertex -10.223811 2.608000 2.700000
vertex -10.558245 2.494475 2.700000
vertex -16.215990 6.690990 2.700000
endloop
endfacet
facet normal -0 0 -1
outer loop
vertex -9.877420 2.676901 2.700000
vertex -10.223811 2.608000 2.700000
vertex -16.215990 6.690990 2.700000
endloop
endfacet
facet normal 0 0 -1
outer loop
vertex -16.215990 6.690990 2.700000
vertex 9.525000 2.700000 2.700000
vertex 9.172579 2.676901 2.700000
endloop
endfacet
facet normal 0 0 -1
outer loop
vertex -16.215990 6.690990 2.700000
vertex 9.172579 2.676901 2.700000
vertex 8.826188 2.608000 2.700000
endloop
endfacet
facet normal -0 0 -1
outer loop
vertex -9.525000 2.700000 2.700000
vertex -9.877420 2.676901 2.700000
vertex -16.215990 6.690990 2.700000
endloop
endfacet
facet normal 0 0 -1
outer loop
vertex -9.172579 2.676901 2.700000
vertex -9.525000 2.700000 2.700000
vertex -16.215990 6.690990 2.700000
endloop
endfacet
facet normal 0 0 -1
outer loop
vertex -16.215990 6.690990 2.700000
vertex 8.826188 2.608000 2.700000
vertex 8.491755 2.494475 2.700000
endloop
endfacet
facet normal 0 0 -1
outer loop
vertex -16.215990 6.690990 2.700000
vertex 8.491755 2.494475 2.700000
vertex 8.174999 2.338269 2.700000
endloop
endfacet
facet normal 0 0 -1
outer loop
vertex -8.826188 2.608000 2.700000
vertex -9.172579 2.676901 2.700000
vertex -16.215990 6.690990 2.700000
endloop
endfacet
facet normal 0 0 -1
outer loop
vertex -8.491755 2.494475 2.700000
vertex -8.826188 2.608000 2.700000
vertex -16.215990 6.690990 2.700000
endloop
endfacet
facet normal 0 0 -1
outer loop
vertex -16.215990 6.690990 2.700000
vertex 8.174999 2.338269 2.700000
vertex 7.881344 2.142054 2.700000
endloop
endfacet
facet normal 0 0 -1
outer loop
vertex -16.215990 6.690990 2.700000
vertex 7.881344 2.142054 2.700000
vertex 7.615811 1.909188 2.700000
endloop
endfacet
facet normal 0 0 -1
outer loop
vertex -8.174999 2.338269 2.700000
vertex -8.491755 2.494475 2.700000
vertex -16.215990 6.690990 2.700000
endloop
endfacet
facet normal 0 0 -1
outer loop
vertex -8.174999 2.338269 2.700000
vertex -16.215990 6.690990 2.700000
vertex 7.615811 1.909188 2.700000
endloop
endfacet
facet normal 0 0 -1
outer loop
vertex -8.174999 2.338269 2.700000
vertex 7.615811 1.909188 2.700000
vertex 7.382946 1.643656 2.700000
endloop
endfacet
facet normal 0 0 -1
outer loop
vertex -7.881344 2.142054 2.700000
vertex -8.174999 2.338269 2.700000
vertex 7.382946 1.643656 2.700000
endloop
endfacet
facet normal 0 0 -1
outer loop
vertex -7.881344 2.142054 2.700000
vertex 7.382946 1.643656 2.700000
vertex 7.186731 1.350000 2.700000
endloop
endfacet
facet normal 0 0 -1
outer loop
vertex -7.615811 1.909188 2.700000
vertex -7.881344 2.142054 2.700000
vertex 7.186731 1.350000 2.700000
endloop
endfacet
facet normal 0 0 -1
outer loop
vertex -7.615811 1.909188 2.700000
vertex 7.186731 1.350000 2.700000
vertex 7.030525 1.033245 2.700000
endloop
endfacet
facet normal 0 0 -1
outer loop
vertex -7.382946 1.643656 2.700000
vertex -7.615811 1.909188 2.700000
vertex 7.030525 1.033245 2.700000
endloop
endfacet
facet normal 0 0 -1
outer loop
vertex -7.382946 1.643656 2.700000
vertex 7.030525 1.033245 2.700000
vertex 6.917000 0.698811 2.700000
endloop
endfacet
facet normal 0 0 -1
outer loop
vertex -7.186731 1.350000 2.700000
vertex -7.382946 1.643656 2.700000
vertex 6.917000 0.698811 2.700000
endloop
endfacet
facet normal 0 0 -1
outer loop
vertex -7.186731 1.350000 2.700000
vertex 6.917000 0.698811 2.700000
vertex 6.848099 0.352421 2.700000
endloop
endfacet
facet normal 0 0 -1
outer loop
vertex -7.030525 1.033245 2.700000
vertex -7.186731 1.350000 2.700000
vertex 6.848099 0.352421 2.700000
endloop
endfacet
facet normal 0 0 -1
outer loop
vertex -7.030525 1.033245 2.700000
vertex 6.848099 0.352421 2.700000
vertex 6.825000 0.000000 2.700000
endloop
endfacet
facet normal 0 0 -1
outer loop
vertex -6.917000 0.698811 2.700000
vertex -7.030525 1.033245 2.700000
vertex 6.825000 0.000000 2.700000
endloop
endfacet
facet normal 0 0 -1
outer loop
vertex -6.917000 0.698811 2.700000
vertex 6.825000 0.000000 2.700000
vertex 6.848099 -0.352421 2.700000
endloop
endfacet
facet normal 0 0 -1
outer loop
vertex -6.848099 0.352421 2.700000
vertex -6.917000 0.698811 2.700000
vertex 6.848099 -0.352421 2.700000
endloop
endfacet
facet normal 0 0 -1
outer loop
vertex -6.848099 0.352421 2.700000
vertex 6.848099 -0.352421 2.700000
vertex 6.917000 -0.698811 2.700000
endloop
endfacet
facet normal 0 0 -1
outer loop
vertex -6.825000 0.000000 2.700000
vertex -6.848099 0.352421 2.700000
vertex 6.917000 -0.698811 2.700000
endloop
endfacet
facet normal 0 0 -1
outer loop
vertex -6.825000 0.000000 2.700000
vertex 6.917000 -0.698811 2.700000
vertex 7.030525 -1.033245 2.700000
endloop
endfacet
facet normal 0 0 -1
outer loop
vertex -6.848099 -0.352421 2.700000
vertex -6.825000 0.000000 2.700000
vertex 7.030525 -1.033245 2.700000
endloop
endfacet
facet normal 0 0 -1
outer loop
vertex -6.848099 -0.352421 2.700000
vertex 7.030525 -1.033245 2.700000
vertex 7.186731 -1.350000 2.700000
endloop
endfacet
facet normal 0 0 -1
outer loop
vertex -6.917000 -0.698811 2.700000
vertex -6.848099 -0.352421 2.700000
vertex 7.186731 -1.350000 2.700000
endloop
endfacet
facet normal 0 0 -1
outer loop
vertex -6.917000 -0.698811 2.700000
vertex 7.186731 -1.350000 2.700000
vertex 7.382946 -1.643656 2.700000
endloop
endfacet
facet normal 0 0 -1
outer loop
vertex -7.030525 -1.033245 2.700000
vertex -6.917000 -0.698811 2.700000
vertex 7.382946 -1.643656 2.700000
endloop
endfacet
facet normal 0 0 -1
outer loop
vertex -7.030525 -1.033245 2.700000
vertex 7.382946 -1.643656 2.700000
vertex 7.615811 -1.909188 2.700000
endloop
endfacet
facet normal 0 0 -1
outer loop
vertex -7.186731 -1.350000 2.700000
vertex -7.030525 -1.033245 2.700000
vertex 7.615811 -1.909188 2.700000
endloop
endfacet
facet normal 0 0 -1
outer loop
vertex -7.186731 -1.350000 2.700000
vertex 7.615811 -1.909188 2.700000
vertex 7.881344 -2.142054 2.700000
endloop
endfacet
facet normal 0 0 -1
outer loop
vertex -7.382946 -1.643656 2.700000
vertex -7.186731 -1.350000 2.700000
vertex 7.881344 -2.142054 2.700000
endloop
endfacet
facet normal 0 0 -1
outer loop
vertex -7.382946 -1.643656 2.700000
vertex 7.881344 -2.142054 2.700000
vertex 8.174999 -2.338269 2.700000
endloop
endfacet
facet normal 0 0 -1
outer loop
vertex -7.615811 -1.909188 2.700000
vertex -7.382946 -1.643656 2.700000
vertex 8.174999 -2.338269 2.700000
endloop
endfacet
facet normal 0 0 -1
outer loop
vertex -7.615811 -1.909188 2.700000
vertex 8.174999 -2.338269 2.700000
vertex 8.491755 -2.494475 2.700000
endloop
endfacet
facet normal 0 0 -1
outer loop
vertex -7.881344 -2.142054 2.700000
vertex -7.615811 -1.909188 2.700000
vertex 8.491755 -2.494475 2.700000
endloop
endfacet
facet normal 0 0 -1
outer loop
vertex -7.881344 -2.142054 2.700000
vertex 8.491755 -2.494475 2.700000
vertex 8.826188 -2.608000 2.700000
endloop
endfacet
facet normal 0 0 -1
outer loop
vertex -8.174999 -2.338269 2.700000
vertex -7.881344 -2.142054 2.700000
vertex 8.826188 -2.608000 2.700000
endloop
endfacet
facet normal 0 0 -1
outer loop
vertex -8.174999 -2.338269 2.700000
vertex 8.826188 -2.608000 2.700000
vertex 9.172579 -2.676901 2.700000
endloop
endfacet
facet normal 0 0 -1
outer loop
vertex -8.491755 -2.494475 2.700000
vertex -8.174999 -2.338269 2.700000
vertex 9.172579 -2.676901 2.700000
endloop
endfacet
facet normal 0 0 -1
outer loop
vertex -8.491755 -2.494475 2.700000
vertex 9.172579 -2.676901 2.700000
vertex 9.525000 -2.700000 2.700000
endloop
endfacet
facet normal 0 0 -1
outer loop
vertex -8.826188 -2.608000 2.700000
vertex -8.491755 -2.494475 2.700000
vertex 9.525000 -2.700000 2.700000
endloop
endfacet
facet normal 0 0 -1
outer loop
vertex -9.172579 -2.676901 2.700000
vertex -8.826188 -2.608000 2.700000
vertex 9.525000 -2.700000 2.700000
endloop
endfacet
facet normal 0 0 -1
outer loop
vertex -9.525000 -2.700000 2.700000
vertex -9.172579 -2.676901 2.700000
vertex 9.525000 -2.700000 2.700000
endloop
endfacet
facet normal 0 0 -1
outer loop
vertex -15.486037 -7.178729 2.700000
vertex -11.168655 -2.142054 2.700000
vertex -10.875000 -2.338269 2.700000
endloop
endfacet
facet normal 0 0 -1
outer loop
vertex -15.063953 -7.306767 2.700000
vertex -15.278140 -7.253116 2.700000
vertex -15.486037 -7.178729 2.700000
endloop
endfacet
facet normal 0 0 -1
outer loop
vertex -14.625000 -7.350000 2.700000
vertex -14.845538 -7.339166 2.700000
vertex -15.063953 -7.306767 2.700000
endloop
endfacet
facet normal 0 0 -1
outer loop
vertex 14.845538 -7.339166 2.700000
vertex 14.625000 -7.350000 2.700000
vertex -14.625000 -7.350000 2.700000
endloop
endfacet
facet normal 0 0 -1
outer loop
vertex 15.278140 -7.253116 2.700000
vertex 15.063953 -7.306767 2.700000
vertex 14.845538 -7.339166 2.700000
endloop
endfacet
facet normal 0 0 -1
outer loop
vertex 15.685642 -7.084323 2.700000
vertex 15.486037 -7.178729 2.700000
vertex 15.278140 -7.253116 2.700000
endloop
endfacet
facet normal 0 0 -1
outer loop
vertex 16.052385 -6.839273 2.700000
vertex 15.875033 -6.970807 2.700000
vertex 15.685642 -7.084323 2.700000
endloop
endfacet
facet normal 0 0 -1
outer loop
vertex 16.364273 -6.527385 2.700000
vertex 16.215990 -6.690990 2.700000
vertex 16.052385 -6.839273 2.700000
endloop
endfacet
facet normal 0 0 -1
outer loop
vertex 16.609324 -6.160643 2.700000
vertex 16.495806 -6.350033 2.700000
vertex 16.364273 -6.527385 2.700000
endloop
endfacet
facet normal 0 0 -1
outer loop
vertex 11.667053 -1.643656 2.700000
vertex 16.703730 -5.961038 2.700000
vertex 16.609324 -6.160643 2.700000
endloop
endfacet
facet normal 0 0 -1
outer loop
vertex 11.434188 -1.909188 2.700000
vertex 11.667053 -1.643656 2.700000
vertex 16.609324 -6.160643 2.700000
endloop
endfacet
facet normal 0 0 -1
outer loop
vertex 16.609324 -6.160643 2.700000
vertex 16.364273 -6.527385 2.700000
vertex 16.052385 -6.839273 2.700000
endloop
endfacet
facet normal 0 0 -1
outer loop
vertex 16.052385 -6.839273 2.700000
vertex 15.685642 -7.084323 2.700000
vertex 15.278140 -7.253116 2.700000
endloop
endfacet
facet normal 0 0 -1
outer loop
vertex 15.278140 -7.253116 2.700000
vertex 14.845538 -7.339166 2.700000
vertex -14.625000 -7.350000 2.700000
endloop
endfacet
facet normal 0 0 -1
outer loop
vertex -14.625000 -7.350000 2.700000
vertex -15.063953 -7.306767 2.700000
vertex -15.486037 -7.178729 2.700000
endloop
endfacet
facet normal 0 0 -1
outer loop
vertex -15.486037 -7.178729 2.700000
vertex -10.875000 -2.338269 2.700000
vertex -10.558245 -2.494475 2.700000
endloop
endfacet
facet normal 0 0 -1
outer loop
vertex -15.486037 -7.178729 2.700000
vertex -10.558245 -2.494475 2.700000
vertex -10.223811 -2.608000 2.700000
endloop
endfacet
facet normal -0 0 -1
outer loop
vertex 15.278140 -7.253116 2.700000
vertex -14.625000 -7.350000 2.700000
vertex -15.486037 -7.178729 2.700000
endloop
endfacet
facet normal 0 0 -1
outer loop
vertex 16.609324 -6.160643 2.700000
vertex 16.052385 -6.839273 2.700000
vertex 15.278140 -7.253116 2.700000
endloop
endfacet
facet normal 0 0 -1
outer loop
vertex 11.168655 -2.142054 2.700000
vertex 11.434188 -1.909188 2.700000
vertex 16.609324 -6.160643 2.700000
endloop
endfacet
facet normal 0 0 -1
outer loop
vertex 10.875000 -2.338269 2.700000
vertex 11.168655 -2.142054 2.700000
vertex 16.609324 -6.160643 2.700000
endloop
endfacet
facet normal 0 0 -1
outer loop
vertex 16.609324 -6.160643 2.700000
vertex 15.278140 -7.253116 2.700000
vertex -15.486037 -7.178729 2.700000
endloop
endfacet
facet normal 0 0 -1
outer loop
vertex -15.486037 -7.178729 2.700000
vertex -10.223811 -2.608000 2.700000
vertex -9.877420 -2.676901 2.700000
endloop
endfacet
facet normal 0 0 -1
outer loop
vertex -15.486037 -7.178729 2.700000
vertex -9.877420 -2.676901 2.700000
vertex -9.525000 -2.700000 2.700000
endloop
endfacet
facet normal 0 0 -1
outer loop
vertex 10.558245 -2.494475 2.700000
vertex 10.875000 -2.338269 2.700000
vertex 16.609324 -6.160643 2.700000
endloop
endfacet
facet normal 0 0 -1
outer loop
vertex 10.223811 -2.608000 2.700000
vertex 10.558245 -2.494475 2.700000
vertex 16.609324 -6.160643 2.700000
endloop
endfacet
facet normal -0 0 -1
outer loop
vertex 16.609324 -6.160643 2.700000
vertex -15.486037 -7.178729 2.700000
vertex -9.525000 -2.700000 2.700000
endloop
endfacet
facet normal 0 0 -1
outer loop
vertex 16.609324 -6.160643 2.700000
vertex -9.525000 -2.700000 2.700000
vertex 9.525000 -2.700000 2.700000
endloop
endfacet
facet normal 0 0 -1
outer loop
vertex 9.877420 -2.676901 2.700000
vertex 10.223811 -2.608000 2.700000
vertex 16.609324 -6.160643 2.700000
endloop
endfacet
facet normal 0 0 -1
outer loop
vertex 9.525000 -2.700000 2.700000
vertex 9.877420 -2.676901 2.700000
vertex 16.609324 -6.160643 2.700000
endloop
endfacet
facet normal 0 0 -1
outer loop
vertex -16.609324 -6.160643 2.700000
vertex -16.703730 -5.961038 2.700000
vertex -16.778116 -5.753140 2.700000
endloop
endfacet
facet normal 0 0 -1
outer loop
vertex -16.778116 -5.753140 2.700000
vertex -16.831766 -5.538953 2.700000
vertex -16.864166 -5.320539 2.700000
endloop
endfacet
facet normal 0 0 -1
outer loop
vertex -16.864166 -5.320539 2.700000
vertex -16.875000 -5.100000 2.700000
vertex -16.875000 5.100000 2.700000
endloop
endfacet
facet normal 0 0 -1
outer loop
vertex -16.875000 5.100000 2.700000
vertex -16.864166 5.320539 2.700000
vertex -16.831766 5.538953 2.700000
endloop
endfacet
facet normal 0 0 -1
outer loop
vertex -16.831766 5.538953 2.700000
vertex -16.778116 5.753140 2.700000
vertex -11.667053 1.643656 2.700000
endloop
endfacet
facet normal 0 0 -1
outer loop
vertex -16.831766 5.538953 2.700000
vertex -11.667053 1.643656 2.700000
vertex -11.863268 1.350000 2.700000
endloop
endfacet
facet normal 0 0 -1
outer loop
vertex -16.864166 -5.320539 2.700000
vertex -16.875000 5.100000 2.700000
vertex -16.831766 5.538953 2.700000
endloop
endfacet
facet normal 0 0 -1
outer loop
vertex -16.609324 -6.160643 2.700000
vertex -16.778116 -5.753140 2.700000
vertex -16.864166 -5.320539 2.700000
endloop
endfacet
facet normal 0 0 -1
outer loop
vertex -16.364273 -6.527385 2.700000
vertex -16.495806 -6.350033 2.700000
vertex -16.609324 -6.160643 2.700000
endloop
endfacet
facet normal 0 0 -1
outer loop
vertex -16.052385 -6.839273 2.700000
vertex -16.215990 -6.690990 2.700000
vertex -16.364273 -6.527385 2.700000
endloop
endfacet
facet normal 0 0 -1
outer loop
vertex -15.685642 -7.084323 2.700000
vertex -15.875033 -6.970807 2.700000
vertex -16.052385 -6.839273 2.700000
endloop
endfacet
facet normal 0 0 -1
outer loop
vertex -11.168655 -2.142054 2.700000
vertex -15.486037 -7.178729 2.700000
vertex -15.685642 -7.084323 2.700000
endloop
endfacet
facet normal 0 -0 -1
outer loop
vertex -11.434188 -1.909188 2.700000
vertex -11.168655 -2.142054 2.700000
vertex -15.685642 -7.084323 2.700000
endloop
endfacet
facet normal 0 0 -1
outer loop
vertex -15.685642 -7.084323 2.700000
vertex -16.052385 -6.839273 2.700000
vertex -16.364273 -6.527385 2.700000
endloop
endfacet
facet normal 0 0 -1
outer loop
vertex -16.364273 -6.527385 2.700000
vertex -16.609324 -6.160643 2.700000
vertex -16.864166 -5.320539 2.700000
endloop
endfacet
facet normal 0 0 -1
outer loop
vertex -16.864166 -5.320539 2.700000
vertex -16.831766 5.538953 2.700000
vertex -11.863268 1.350000 2.700000
endloop
endfacet
facet normal 0 0 -1
outer loop
vertex -16.864166 -5.320539 2.700000
vertex -11.863268 1.350000 2.700000
vertex -12.019474 1.033245 2.700000
endloop
endfacet
facet normal 0 0 -1
outer loop
vertex -15.685642 -7.084323 2.700000
vertex -16.364273 -6.527385 2.700000
vertex -16.864166 -5.320539 2.700000
endloop
endfacet
facet normal 0 -0 -1
outer loop
vertex -11.667053 -1.643656 2.700000
vertex -11.434188 -1.909188 2.700000
vertex -15.685642 -7.084323 2.700000
endloop
endfacet
facet normal 0 -0 -1
outer loop
vertex -11.863268 -1.350000 2.700000
vertex -11.667053 -1.643656 2.700000
vertex -15.685642 -7.084323 2.700000
endloop
endfacet
facet normal 0 0 -1
outer loop
vertex -15.685642 -7.084323 2.700000
vertex -16.864166 -5.320539 2.700000
vertex -12.019474 1.033245 2.700000
endloop
endfacet
facet normal 0 0 -1
outer loop
vertex -15.685642 -7.084323 2.700000
vertex -12.019474 1.033245 2.700000
vertex -12.132999 0.698811 2.700000
endloop
endfacet
facet normal 0 -0 -1
outer loop
vertex -12.019474 -1.033245 2.700000
vertex -11.863268 -1.350000 2.700000
vertex -15.685642 -7.084323 2.700000
endloop
endfacet
facet normal 0 -0 -1
outer loop
vertex -12.132999 -0.698811 2.700000
vertex -12.019474 -1.033245 2.700000
vertex -15.685642 -7.084323 2.700000
endloop
endfacet
facet normal 0 0 -1
outer loop
vertex -15.685642 -7.084323 2.700000
vertex -12.132999 0.698811 2.700000
vertex -12.201900 0.352421 2.700000
endloop
endfacet
facet normal 0 0 -1
outer loop
vertex -15.685642 -7.084323 2.700000
vertex -12.201900 0.352421 2.700000
vertex -12.224999 0.000000 2.700000
endloop
endfacet
facet normal 0 -0 -1
outer loop
vertex -12.201900 -0.352421 2.700000
vertex -12.132999 -0.698811 2.700000
vertex -15.685642 -7.084323 2.700000
endloop
endfacet
facet normal 0 -0 -1
outer loop
vertex -12.224999 0.000000 2.700000
vertex -12.201900 -0.352421 2.700000
vertex -15.685642 -7.084323 2.700000
endloop
endfacet
facet normal 0.997859 0.0654033 0
outer loop
vertex -6.825000 0.000000 2.700000
vertex -6.825000 0.000000 0.250000
vertex -6.848099 0.352421 0.250000
endloop
endfacet
facet normal 0.997859 0.0654033 0
outer loop
vertex -6.825000 0.000000 2.700000
vertex -6.848099 0.352421 0.250000
vertex -6.848099 0.352421 2.700000
endloop
endfacet
facet normal 0.980785 0.195089 0
outer loop
vertex -6.848099 0.352421 2.700000
vertex -6.848099 0.352421 0.250000
vertex -6.917000 0.698811 0.250000
endloop
endfacet
facet normal 0.980785 0.195089 0
outer loop
vertex -6.848099 0.352421 2.700000
vertex -6.917000 0.698811 0.250000
vertex -6.917000 0.698811 2.700000
endloop
endfacet
facet normal 0.94693 0.32144 0
outer loop
vertex -6.917000 0.698811 2.700000
vertex -6.917000 0.698811 0.250000
vertex -7.030525 1.033245 0.250000
endloop
endfacet
facet normal 0.94693 0.32144 0
outer loop
vertex -6.917000 0.698811 2.700000
vertex -7.030525 1.033245 0.250000
vertex -7.030525 1.033245 2.700000
endloop
endfacet
facet normal 0.896873 0.442289 0
outer loop
vertex -7.030525 1.033245 2.700000
vertex -7.030525 1.033245 0.250000
vertex -7.186731 1.350000 0.250000
endloop
endfacet
facet normal 0.896873 0.442289 0
outer loop
vertex -7.030525 1.033245 2.700000
vertex -7.186731 1.350000 0.250000
vertex -7.186731 1.350000 2.700000
endloop
endfacet
facet normal 0.83147 0.555569 0
outer loop
vertex -7.186731 1.350000 2.700000
vertex -7.186731 1.350000 0.250000
vertex -7.382946 1.643656 0.250000
endloop
endfacet
facet normal 0.83147 0.555569 0
outer loop
vertex -7.186731 1.350000 2.700000
vertex -7.382946 1.643656 0.250000
vertex -7.382946 1.643656 2.700000
endloop
endfacet
facet normal 0.75184 0.659346 0
outer loop
vertex -7.382946 1.643656 2.700000
vertex -7.382946 1.643656 0.250000
vertex -7.615811 1.909188 0.250000
endloop
endfacet
facet normal 0.75184 0.659346 0
outer loop
vertex -7.382946 1.643656 2.700000
vertex -7.615811 1.909188 0.250000
vertex -7.615811 1.909188 2.700000
endloop
endfacet
facet normal 0.659346 0.75184 0
outer loop
vertex -7.615811 1.909188 0.250000
vertex -7.881344 2.142054 0.250000
vertex -7.881344 2.142054 2.700000
endloop
endfacet
facet normal 0.659346 0.75184 -0
outer loop
vertex -7.615811 1.909188 0.250000
vertex -7.881344 2.142054 2.700000
vertex -7.615811 1.909188 2.700000
endloop
endfacet
facet normal 0.555571 0.831469 0
outer loop
vertex -7.881344 2.142054 0.250000
vertex -8.174999 2.338269 0.250000
vertex -8.174999 2.338269 2.700000
endloop
endfacet
facet normal 0.555571 0.831469 -0
outer loop
vertex -7.881344 2.142054 0.250000
vertex -8.174999 2.338269 2.700000
vertex -7.881344 2.142054 2.700000
endloop
endfacet
facet normal 0.442288 0.896873 0
outer loop
vertex -8.174999 2.338269 0.250000
vertex -8.491755 2.494475 0.250000
vertex -8.491755 2.494475 2.700000
endloop
endfacet
facet normal 0.442288 0.896873 -0
outer loop
vertex -8.174999 2.338269 0.250000
vertex -8.491755 2.494475 2.700000
vertex -8.174999 2.338269 2.700000
endloop
endfacet
facet normal 0.32144 0.94693 0
outer loop
vertex -8.491755 2.494475 0.250000
vertex -8.826188 2.608000 0.250000
vertex -8.826188 2.608000 2.700000
endloop
endfacet
facet normal 0.32144 0.94693 -0
outer loop
vertex -8.491755 2.494475 0.250000
vertex -8.826188 2.608000 2.700000
vertex -8.491755 2.494475 2.700000
endloop
endfacet
facet normal 0.19509 0.980785 0
outer loop
vertex -8.826188 2.608000 0.250000
vertex -9.172579 2.676901 0.250000
vertex -9.172579 2.676901 2.700000
endloop
endfacet
facet normal 0.19509 0.980785 -0
outer loop
vertex -8.826188 2.608000 0.250000
vertex -9.172579 2.676901 2.700000
vertex -8.826188 2.608000 2.700000
endloop
endfacet
facet normal 0.0654033 0.997859 0
outer loop
vertex -9.172579 2.676901 0.250000
vertex -9.525000 2.700000 0.250000
vertex -9.525000 2.700000 2.700000
endloop
endfacet
facet normal 0.0654033 0.997859 -0
outer loop
vertex -9.172579 2.676901 0.250000
vertex -9.525000 2.700000 2.700000
vertex -9.172579 2.676901 2.700000
endloop
endfacet
facet normal -0.0654033 0.997859 0
outer loop
vertex -9.525000 2.700000 0.250000
vertex -9.877420 2.676901 0.250000
vertex -9.877420 2.676901 2.700000
endloop
endfacet
facet normal -0.0654033 0.997859 0
outer loop
vertex -9.525000 2.700000 0.250000
vertex -9.877420 2.676901 2.700000
vertex -9.525000 2.700000 2.700000
endloop
endfacet
facet normal -0.19509 0.980785 0
outer loop
vertex -9.877420 2.676901 0.250000
vertex -10.223811 2.608000 0.250000
vertex -10.223811 2.608000 2.700000
endloop
endfacet
facet normal -0.19509 0.980785 0
outer loop
vertex -9.877420 2.676901 0.250000
vertex -10.223811 2.608000 2.700000
vertex -9.877420 2.676901 2.700000
endloop
endfacet
facet normal -0.32144 0.94693 0
outer loop
vertex -10.223811 2.608000 0.250000
vertex -10.558245 2.494475 0.250000
vertex -10.558245 2.494475 2.700000
endloop
endfacet
facet normal -0.32144 0.94693 0
outer loop
vertex -10.223811 2.608000 0.250000
vertex -10.558245 2.494475 2.700000
vertex -10.223811 2.608000 2.700000
endloop
endfacet
facet normal -0.442288 0.896873 0
outer loop
vertex -10.558245 2.494475 0.250000
vertex -10.875000 2.338269 0.250000
vertex -10.875000 2.338269 2.700000
endloop
endfacet
facet normal -0.442288 0.896873 0
outer loop
vertex -10.558245 2.494475 0.250000
vertex -10.875000 2.338269 2.700000
vertex -10.558245 2.494475 2.700000
endloop
endfacet
facet normal -0.555571 0.831469 0
outer loop
vertex -10.875000 2.338269 0.250000
vertex -11.168655 2.142054 0.250000
vertex -11.168655 2.142054 2.700000
endloop
endfacet
facet normal -0.555571 0.831469 0
outer loop
vertex -10.875000 2.338269 0.250000
vertex -11.168655 2.142054 2.700000
vertex -10.875000 2.338269 2.700000
endloop
endfacet
facet normal -0.659346 0.75184 0
outer loop
vertex -11.168655 2.142054 0.250000
vertex -11.434188 1.909188 0.250000
vertex -11.434188 1.909188 2.700000
endloop
endfacet
facet normal -0.659346 0.75184 0
outer loop
vertex -11.168655 2.142054 0.250000
vertex -11.434188 1.909188 2.700000
vertex -11.168655 2.142054 2.700000
endloop
endfacet
facet normal -0.75184 0.659345 0
outer loop
vertex -11.434188 1.909188 0.250000
vertex -11.667053 1.643656 0.250000
vertex -11.667053 1.643656 2.700000
endloop
endfacet
facet normal -0.75184 0.659345 0
outer loop
vertex -11.434188 1.909188 0.250000
vertex -11.667053 1.643656 2.700000
vertex -11.434188 1.909188 2.700000
endloop
endfacet
facet normal -0.831469 0.55557 0
outer loop
vertex -11.667053 1.643656 0.250000
vertex -11.863268 1.350000 0.250000
vertex -11.863268 1.350000 2.700000
endloop
endfacet
facet normal -0.831469 0.55557 0
outer loop
vertex -11.667053 1.643656 0.250000
vertex -11.863268 1.350000 2.700000
vertex -11.667053 1.643656 2.700000
endloop
endfacet
facet normal -0.896873 0.442289 0
outer loop
vertex -11.863268 1.350000 0.250000
vertex -12.019474 1.033245 0.250000
vertex -12.019474 1.033245 2.700000
endloop
endfacet
facet normal -0.896873 0.442289 0
outer loop
vertex -11.863268 1.350000 0.250000
vertex -12.019474 1.033245 2.700000
vertex -11.863268 1.350000 2.700000
endloop
endfacet
facet normal -0.94693 0.32144 0
outer loop
vertex -12.019474 1.033245 0.250000
vertex -12.132999 0.698811 0.250000
vertex -12.132999 0.698811 2.700000
endloop
endfacet
facet normal -0.94693 0.32144 0
outer loop
vertex -12.019474 1.033245 0.250000
vertex -12.132999 0.698811 2.700000
vertex -12.019474 1.033245 2.700000
endloop
endfacet
facet normal -0.980785 0.195089 0
outer loop
vertex -12.132999 0.698811 0.250000
vertex -12.201900 0.352421 0.250000
vertex -12.201900 0.352421 2.700000
endloop
endfacet
facet normal -0.980785 0.195089 0
outer loop
vertex -12.132999 0.698811 0.250000
vertex -12.201900 0.352421 2.700000
vertex -12.132999 0.698811 2.700000
endloop
endfacet
facet normal -0.997859 0.0654033 0
outer loop
vertex -12.201900 0.352421 0.250000
vertex -12.224999 0.000000 0.250000
vertex -12.224999 0.000000 2.700000
endloop
endfacet
facet normal -0.997859 0.0654033 0
outer loop
vertex -12.201900 0.352421 0.250000
vertex -12.224999 0.000000 2.700000
vertex -12.201900 0.352421 2.700000
endloop
endfacet
facet normal -0.997859 -0.0654033 0
outer loop
vertex -12.224999 0.000000 0.250000
vertex -12.201900 -0.352421 0.250000
vertex -12.201900 -0.352421 2.700000
endloop
endfacet
facet normal -0.997859 -0.0654033 0
outer loop
vertex -12.224999 0.000000 0.250000
vertex -12.201900 -0.352421 2.700000
vertex -12.224999 0.000000 2.700000
endloop
endfacet
facet normal -0.980785 -0.195089 0
outer loop
vertex -12.201900 -0.352421 0.250000
vertex -12.132999 -0.698811 0.250000
vertex -12.132999 -0.698811 2.700000
endloop
endfacet
facet normal -0.980785 -0.195089 0
outer loop
vertex -12.201900 -0.352421 0.250000
vertex -12.132999 -0.698811 2.700000
vertex -12.201900 -0.352421 2.700000
endloop
endfacet
facet normal -0.94693 -0.32144 0
outer loop
vertex -12.132999 -0.698811 0.250000
vertex -12.019474 -1.033245 0.250000
vertex -12.019474 -1.033245 2.700000
endloop
endfacet
facet normal -0.94693 -0.32144 0
outer loop
vertex -12.132999 -0.698811 0.250000
vertex -12.019474 -1.033245 2.700000
vertex -12.132999 -0.698811 2.700000
endloop
endfacet
facet normal -0.896873 -0.442289 0
outer loop
vertex -12.019474 -1.033245 0.250000
vertex -11.863268 -1.350000 0.250000
vertex -11.863268 -1.350000 2.700000
endloop
endfacet
facet normal -0.896873 -0.442289 0
outer loop
vertex -12.019474 -1.033245 0.250000
vertex -11.863268 -1.350000 2.700000
vertex -12.019474 -1.033245 2.700000
endloop
endfacet
facet normal -0.831469 -0.55557 0
outer loop
vertex -11.863268 -1.350000 0.250000
vertex -11.667053 -1.643656 0.250000
vertex -11.667053 -1.643656 2.700000
endloop
endfacet
facet normal -0.831469 -0.55557 0
outer loop
vertex -11.863268 -1.350000 0.250000
vertex -11.667053 -1.643656 2.700000
vertex -11.863268 -1.350000 2.700000
endloop
endfacet
facet normal -0.75184 -0.659345 0
outer loop
vertex -11.667053 -1.643656 0.250000
vertex -11.434188 -1.909188 0.250000
vertex -11.434188 -1.909188 2.700000
endloop
endfacet
facet normal -0.75184 -0.659345 0
outer loop
vertex -11.667053 -1.643656 0.250000
vertex -11.434188 -1.909188 2.700000
vertex -11.667053 -1.643656 2.700000
endloop
endfacet
facet normal -0.659346 -0.75184 -0
outer loop
vertex -11.434188 -1.909188 2.700000
vertex -11.434188 -1.909188 0.250000
vertex -11.168655 -2.142054 0.250000
endloop
endfacet
facet normal -0.659346 -0.75184 0
outer loop
vertex -11.434188 -1.909188 2.700000
vertex -11.168655 -2.142054 0.250000
vertex -11.168655 -2.142054 2.700000
endloop
endfacet
facet normal -0.555571 -0.831469 -0
outer loop
vertex -11.168655 -2.142054 2.700000
vertex -11.168655 -2.142054 0.250000
vertex -10.875000 -2.338269 0.250000
endloop
endfacet
facet normal -0.555571 -0.831469 0
outer loop
vertex -11.168655 -2.142054 2.700000
vertex -10.875000 -2.338269 0.250000
vertex -10.875000 -2.338269 2.700000
endloop
endfacet
facet normal -0.442288 -0.896873 -0
outer loop
vertex -10.875000 -2.338269 2.700000
vertex -10.875000 -2.338269 0.250000
vertex -10.558245 -2.494475 0.250000
endloop
endfacet
facet normal -0.442288 -0.896873 0
outer loop
vertex -10.875000 -2.338269 2.700000
vertex -10.558245 -2.494475 0.250000
vertex -10.558245 -2.494475 2.700000
endloop
endfacet
facet normal -0.32144 -0.94693 -0
outer loop
vertex -10.558245 -2.494475 2.700000
vertex -10.558245 -2.494475 0.250000
vertex -10.223811 -2.608000 0.250000
endloop
endfacet
facet normal -0.32144 -0.94693 0
outer loop
vertex -10.558245 -2.494475 2.700000
vertex -10.223811 -2.608000 0.250000
vertex -10.223811 -2.608000 2.700000
endloop
endfacet
facet normal -0.19509 -0.980785 -0
outer loop
vertex -10.223811 -2.608000 2.700000
vertex -10.223811 -2.608000 0.250000
vertex -9.877420 -2.676901 0.250000
endloop
endfacet
facet normal -0.19509 -0.980785 0
outer loop
vertex -10.223811 -2.608000 2.700000
vertex -9.877420 -2.676901 0.250000
vertex -9.877420 -2.676901 2.700000
endloop
endfacet
facet normal -0.0654033 -0.997859 -0
outer loop
vertex -9.877420 -2.676901 2.700000
vertex -9.877420 -2.676901 0.250000
vertex -9.525000 -2.700000 0.250000
endloop
endfacet
facet normal -0.0654033 -0.997859 0
outer loop
vertex -9.877420 -2.676901 2.700000
vertex -9.525000 -2.700000 0.250000
vertex -9.525000 -2.700000 2.700000
endloop
endfacet
facet normal 0.0654033 -0.997859 0
outer loop
vertex -9.525000 -2.700000 2.700000
vertex -9.525000 -2.700000 0.250000
vertex -9.172579 -2.676901 0.250000
endloop
endfacet
facet normal 0.0654033 -0.997859 0
outer loop
vertex -9.525000 -2.700000 2.700000
vertex -9.172579 -2.676901 0.250000
vertex -9.172579 -2.676901 2.700000
endloop
endfacet
facet normal 0.19509 -0.980785 0
outer loop
vertex -9.172579 -2.676901 2.700000
vertex -9.172579 -2.676901 0.250000
vertex -8.826188 -2.608000 0.250000
endloop
endfacet
facet normal 0.19509 -0.980785 0
outer loop
vertex -9.172579 -2.676901 2.700000
vertex -8.826188 -2.608000 0.250000
vertex -8.826188 -2.608000 2.700000
endloop
endfacet
facet normal 0.32144 -0.94693 0
outer loop
vertex -8.826188 -2.608000 2.700000
vertex -8.826188 -2.608000 0.250000
vertex -8.491755 -2.494475 0.250000
endloop
endfacet
facet normal 0.32144 -0.94693 0
outer loop
vertex -8.826188 -2.608000 2.700000
vertex -8.491755 -2.494475 0.250000
vertex -8.491755 -2.494475 2.700000
endloop
endfacet
facet normal 0.442288 -0.896873 0
outer loop
vertex -8.491755 -2.494475 2.700000
vertex -8.491755 -2.494475 0.250000
vertex -8.174999 -2.338269 0.250000
endloop
endfacet
facet normal 0.442288 -0.896873 0
outer loop
vertex -8.491755 -2.494475 2.700000
vertex -8.174999 -2.338269 0.250000
vertex -8.174999 -2.338269 2.700000
endloop
endfacet
facet normal 0.555571 -0.831469 0
outer loop
vertex -8.174999 -2.338269 2.700000
vertex -8.174999 -2.338269 0.250000
vertex -7.881344 -2.142054 0.250000
endloop
endfacet
facet normal 0.555571 -0.831469 0
outer loop
vertex -8.174999 -2.338269 2.700000
vertex -7.881344 -2.142054 0.250000
vertex -7.881344 -2.142054 2.700000
endloop
endfacet
facet normal 0.659346 -0.75184 0
outer loop
vertex -7.881344 -2.142054 2.700000
vertex -7.881344 -2.142054 0.250000
vertex -7.615811 -1.909188 0.250000
endloop
endfacet
facet normal 0.659346 -0.75184 0
outer loop
vertex -7.881344 -2.142054 2.700000
vertex -7.615811 -1.909188 0.250000
vertex -7.615811 -1.909188 2.700000
endloop
endfacet
facet normal 0.75184 -0.659346 0
outer loop
vertex -7.615811 -1.909188 2.700000
vertex -7.615811 -1.909188 0.250000
vertex -7.382946 -1.643656 0.250000
endloop
endfacet
facet normal 0.75184 -0.659346 0
outer loop
vertex -7.615811 -1.909188 2.700000
vertex -7.382946 -1.643656 0.250000
vertex -7.382946 -1.643656 2.700000
endloop
endfacet
facet normal 0.83147 -0.555569 0
outer loop
vertex -7.382946 -1.643656 2.700000
vertex -7.382946 -1.643656 0.250000
vertex -7.186731 -1.350000 0.250000
endloop
endfacet
facet normal 0.83147 -0.555569 0
outer loop
vertex -7.382946 -1.643656 2.700000
vertex -7.186731 -1.350000 0.250000
vertex -7.186731 -1.350000 2.700000
endloop
endfacet
facet normal 0.896873 -0.442289 0
outer loop
vertex -7.186731 -1.350000 2.700000
vertex -7.186731 -1.350000 0.250000
vertex -7.030525 -1.033245 0.250000
endloop
endfacet
facet normal 0.896873 -0.442289 0
outer loop
vertex -7.186731 -1.350000 2.700000
vertex -7.030525 -1.033245 0.250000
vertex -7.030525 -1.033245 2.700000
endloop
endfacet
facet normal 0.94693 -0.32144 0
outer loop
vertex -7.030525 -1.033245 2.700000
vertex -7.030525 -1.033245 0.250000
vertex -6.917000 -0.698811 0.250000
endloop
endfacet
facet normal 0.94693 -0.32144 0
outer loop
vertex -7.030525 -1.033245 2.700000
vertex -6.917000 -0.698811 0.250000
vertex -6.917000 -0.698811 2.700000
endloop
endfacet
facet normal 0.980785 -0.195089 0
outer loop
vertex -6.917000 -0.698811 2.700000
vertex -6.917000 -0.698811 0.250000
vertex -6.848099 -0.352421 0.250000
endloop
endfacet
facet normal 0.980785 -0.195089 0
outer loop
vertex -6.917000 -0.698811 2.700000
vertex -6.848099 -0.352421 0.250000
vertex -6.848099 -0.352421 2.700000
endloop
endfacet
facet normal 0.997859 -0.0654033 0
outer loop
vertex -6.848099 -0.352421 2.700000
vertex -6.848099 -0.352421 0.250000
vertex -6.825000 0.000000 0.250000
endloop
endfacet
facet normal 0.997859 -0.0654033 0
outer loop
vertex -6.848099 -0.352421 2.700000
vertex -6.825000 0.000000 0.250000
vertex -6.825000 0.000000 2.700000
endloop
endfacet
facet normal 0 0 -1
outer loop
vertex -7.450000 0.625000 0.250000
vertex -7.030525 1.033245 0.250000
vertex -6.917000 0.698811 0.250000
endloop
endfacet
facet normal 0 0 -1
outer loop
vertex -6.917000 0.698811 0.250000
vertex -6.848099 0.352421 0.250000
vertex -6.825000 0.000000 0.250000
endloop
endfacet
facet normal 0 0 -1
outer loop
vertex -6.825000 0.000000 0.250000
vertex -6.848099 -0.352421 0.250000
vertex -6.917000 -0.698811 0.250000
endloop
endfacet
facet normal 0 0 -1
outer loop
vertex -6.917000 -0.698811 0.250000
vertex -7.030525 -1.033245 0.250000
vertex -7.186731 -1.350000 0.250000
endloop
endfacet
facet normal 0 0 -1
outer loop
vertex -7.186731 -1.350000 0.250000
vertex -7.382946 -1.643656 0.250000
vertex -7.615811 -1.909188 0.250000
endloop
endfacet
facet normal 0 0 -1
outer loop
vertex -7.615811 -1.909188 0.250000
vertex -7.881344 -2.142054 0.250000
vertex -8.174999 -2.338269 0.250000
endloop
endfacet
facet normal 0 0 -1
outer loop
vertex -8.174999 -2.338269 0.250000
vertex -8.491755 -2.494475 0.250000
vertex -8.826188 -2.608000 0.250000
endloop
endfacet
facet normal 0 0 -1
outer loop
vertex -8.826188 -2.608000 0.250000
vertex -9.172579 -2.676901 0.250000
vertex -9.525000 -2.700000 0.250000
endloop
endfacet
facet normal 0 0 -1
outer loop
vertex -9.525000 -2.700000 0.250000
vertex -9.877420 -2.676901 0.250000
vertex -10.223811 -2.608000 0.250000
endloop
endfacet
facet normal 0 0 -1
outer loop
vertex -10.223811 -2.608000 0.250000
vertex -10.558245 -2.494475 0.250000
vertex -10.875000 -2.338269 0.250000
endloop
endfacet
facet normal 0 0 -1
outer loop
vertex -10.875000 -2.338269 0.250000
vertex -11.168655 -2.142054 0.250000
vertex -11.434188 -1.909188 0.250000
endloop
endfacet
facet normal 0 0 -1
outer loop
vertex -11.434188 -1.909188 0.250000
vertex -11.667053 -1.643656 0.250000
vertex -11.863268 -1.350000 0.250000
endloop
endfacet
facet normal 0 0 -1
outer loop
vertex -11.863268 -1.350000 0.250000
vertex -12.019474 -1.033245 0.250000
vertex -11.600000 -0.625000 0.250000
endloop
endfacet
facet normal 0 0 -1
outer loop
vertex -11.600000 -0.625000 0.250000
vertex -10.150000 -0.625000 0.250000
vertex -10.150000 -2.075000 0.250000
endloop
endfacet
facet normal 0 0 -1
outer loop
vertex -8.900000 -2.075000 0.250000
vertex -8.900000 -0.625000 0.250000
vertex -7.450000 -0.625000 0.250000
endloop
endfacet
facet normal 0 0 -1
outer loop
vertex -11.863268 -1.350000 0.250000
vertex -11.600000 -0.625000 0.250000
vertex -10.150000 -2.075000 0.250000
endloop
endfacet
facet normal 0 0 -1
outer loop
vertex -11.434188 -1.909188 0.250000
vertex -11.863268 -1.350000 0.250000
vertex -10.150000 -2.075000 0.250000
endloop
endfacet
facet normal 0 0 -1
outer loop
vertex -10.223811 -2.608000 0.250000
vertex -10.875000 -2.338269 0.250000
vertex -11.434188 -1.909188 0.250000
endloop
endfacet
facet normal -0 0 -1
outer loop
vertex -8.826188 -2.608000 0.250000
vertex -9.525000 -2.700000 0.250000
vertex -10.223811 -2.608000 0.250000
endloop
endfacet
facet normal 0 0 -1
outer loop
vertex -7.615811 -1.909188 0.250000
vertex -8.174999 -2.338269 0.250000
vertex -8.826188 -2.608000 0.250000
endloop
endfacet
facet normal 0 0 -1
outer loop
vertex -6.917000 -0.698811 0.250000
vertex -7.186731 -1.350000 0.250000
vertex -7.615811 -1.909188 0.250000
endloop
endfacet
facet normal 0 0 -1
outer loop
vertex -6.917000 0.698811 0.250000
vertex -6.825000 0.000000 0.250000
vertex -6.917000 -0.698811 0.250000
endloop
endfacet
facet normal 0 0 -1
outer loop
vertex -7.450000 -0.625000 0.250000
vertex -7.450000 0.625000 0.250000
vertex -6.917000 0.698811 0.250000
endloop
endfacet
facet normal 0 0 -1
outer loop
vertex -7.450000 -0.625000 0.250000
vertex -6.917000 0.698811 0.250000
vertex -6.917000 -0.698811 0.250000
endloop
endfacet
facet normal 0 0 -1
outer loop
vertex -6.917000 -0.698811 0.250000
vertex -7.615811 -1.909188 0.250000
vertex -8.826188 -2.608000 0.250000
endloop
endfacet
facet normal 0 0 -1
outer loop
vertex -8.826188 -2.608000 0.250000
vertex -10.223811 -2.608000 0.250000
vertex -11.434188 -1.909188 0.250000
endloop
endfacet
facet normal 0 0 -1
outer loop
vertex -8.826188 -2.608000 0.250000
vertex -11.434188 -1.909188 0.250000
vertex -10.150000 -2.075000 0.250000
endloop
endfacet
facet normal 0 -0 -1
outer loop
vertex -7.450000 -0.625000 0.250000
vertex -6.917000 -0.698811 0.250000
vertex -8.826188 -2.608000 0.250000
endloop
endfacet
facet normal 0 0 -1
outer loop
vertex -8.826188 -2.608000 0.250000
vertex -10.150000 -2.075000 0.250000
vertex -8.900000 -2.075000 0.250000
endloop
endfacet
facet normal 0 0 -1
outer loop
vertex -8.826188 -2.608000 0.250000
vertex -8.900000 -2.075000 0.250000
vertex -7.450000 -0.625000 0.250000
endloop
endfacet
facet normal 0 -0 -1
outer loop
vertex -11.600000 0.625000 0.250000
vertex -11.600000 -0.625000 0.250000
vertex -12.019474 -1.033245 0.250000
endloop
endfacet
facet normal 0 0 -1
outer loop
vertex -12.019474 -1.033245 0.250000
vertex -12.132999 -0.698811 0.250000
vertex -12.201900 -0.352421 0.250000
endloop
endfacet
facet normal 0 0 -1
outer loop
vertex -12.201900 -0.352421 0.250000
vertex -12.224999 0.000000 0.250000
vertex -12.201900 0.352421 0.250000
endloop
endfacet
facet normal 0 0 -1
outer loop
vertex -12.201900 0.352421 0.250000
vertex -12.132999 0.698811 0.250000
vertex -12.019474 1.033245 0.250000
endloop
endfacet
facet normal 0 0 -1
outer loop
vertex -12.019474 1.033245 0.250000
vertex -11.863268 1.350000 0.250000
vertex -11.667053 1.643656 0.250000
endloop
endfacet
facet normal 0 0 -1
outer loop
vertex -11.667053 1.643656 0.250000
vertex -11.434188 1.909188 0.250000
vertex -11.168655 2.142054 0.250000
endloop
endfacet
facet normal 0 0 -1
outer loop
vertex -11.168655 2.142054 0.250000
vertex -10.875000 2.338269 0.250000
vertex -10.558245 2.494475 0.250000
endloop
endfacet
facet normal 0 0 -1
outer loop
vertex -10.558245 2.494475 0.250000
vertex -10.223811 2.608000 0.250000
vertex -9.877420 2.676901 0.250000
endloop
endfacet
facet normal 0 0 -1
outer loop
vertex -9.877420 2.676901 0.250000
vertex -9.525000 2.700000 0.250000
vertex -9.172579 2.676901 0.250000
endloop
endfacet
facet normal 0 0 -1
outer loop
vertex -9.172579 2.676901 0.250000
vertex -8.826188 2.608000 0.250000
vertex -8.491755 2.494475 0.250000
endloop
endfacet
facet normal 0 0 -1
outer loop
vertex -8.491755 2.494475 0.250000
vertex -8.174999 2.338269 0.250000
vertex -7.881344 2.142054 0.250000
endloop
endfacet
facet normal 0 0 -1
outer loop
vertex -7.881344 2.142054 0.250000
vertex -7.615811 1.909188 0.250000
vertex -7.382946 1.643656 0.250000
endloop
endfacet
facet normal 0 0 -1
outer loop
vertex -7.382946 1.643656 0.250000
vertex -7.186731 1.350000 0.250000
vertex -7.030525 1.033245 0.250000
endloop
endfacet
facet normal 0 0 -1
outer loop
vertex -7.030525 1.033245 0.250000
vertex -7.450000 0.625000 0.250000
vertex -8.900000 0.625000 0.250000
endloop
endfacet
facet normal -0 0 -1
outer loop
vertex -7.030525 1.033245 0.250000
vertex -8.900000 0.625000 0.250000
vertex -8.900000 2.075000 0.250000
endloop
endfacet
facet normal 0 0 -1
outer loop
vertex -7.881344 2.142054 0.250000
vertex -7.382946 1.643656 0.250000
vertex -7.030525 1.033245 0.250000
endloop
endfacet
facet normal 0 0 -1
outer loop
vertex -9.172579 2.676901 0.250000
vertex -8.491755 2.494475 0.250000
vertex -7.881344 2.142054 0.250000
endloop
endfacet
facet normal 0 0 -1
outer loop
vertex -10.558245 2.494475 0.250000
vertex -9.877420 2.676901 0.250000
vertex -9.172579 2.676901 0.250000
endloop
endfacet
facet normal 0 0 -1
outer loop
vertex -11.667053 1.643656 0.250000
vertex -11.168655 2.142054 0.250000
vertex -10.558245 2.494475 0.250000
endloop
endfacet
facet normal 0 0 -1
outer loop
vertex -12.201900 0.352421 0.250000
vertex -12.019474 1.033245 0.250000
vertex -11.667053 1.643656 0.250000
endloop
endfacet
facet normal 0 0 -1
outer loop
vertex -12.019474 -1.033245 0.250000
vertex -12.201900 -0.352421 0.250000
vertex -12.201900 0.352421 0.250000
endloop
endfacet
facet normal 0 -0 -1
outer loop
vertex -10.150000 2.075000 0.250000
vertex -10.150000 0.625000 0.250000
vertex -11.600000 0.625000 0.250000
endloop
endfacet
facet normal 0 0 -1
outer loop
vertex -11.600000 0.625000 0.250000
vertex -12.019474 -1.033245 0.250000
vertex -12.201900 0.352421 0.250000
endloop
endfacet
facet normal 0 0 -1
outer loop
vertex -12.201900 0.352421 0.250000
vertex -11.667053 1.643656 0.250000
vertex -10.558245 2.494475 0.250000
endloop
endfacet
facet normal 0 0 -1
outer loop
vertex -10.558245 2.494475 0.250000
vertex -9.172579 2.676901 0.250000
vertex -7.881344 2.142054 0.250000
endloop
endfacet
facet normal 0 -0 -1
outer loop
vertex -7.881344 2.142054 0.250000
vertex -7.030525 1.033245 0.250000
vertex -8.900000 2.075000 0.250000
endloop
endfacet
facet normal 0 0 -1
outer loop
vertex -10.150000 2.075000 0.250000
vertex -11.600000 0.625000 0.250000
vertex -12.201900 0.352421 0.250000
endloop
endfacet
facet normal 0 0 -1
outer loop
vertex -7.881344 2.142054 0.250000
vertex -8.900000 2.075000 0.250000
vertex -10.150000 2.075000 0.250000
endloop
endfacet
facet normal -0 0 -1
outer loop
vertex -10.150000 2.075000 0.250000
vertex -12.201900 0.352421 0.250000
vertex -10.558245 2.494475 0.250000
endloop
endfacet
facet normal 0 0 -1
outer loop
vertex -10.558245 2.494475 0.250000
vertex -7.881344 2.142054 0.250000
vertex -10.150000 2.075000 0.250000
endloop
endfacet
facet normal 0 1 0
outer loop
vertex -10.150000 -2.075000 0.250000
vertex -10.150000 -2.075000 2.550000
vertex -8.900000 -2.075000 2.550000
endloop
endfacet
facet normal 0 1 0
outer loop
vertex -10.150000 -2.075000 0.250000
vertex -8.900000 -2.075000 2.550000
vertex -8.900000 -2.075000 0.250000
endloop
endfacet
facet normal -1 0 0
outer loop
vertex -8.900000 -2.075000 0.250000
vertex -8.900000 -2.075000 2.550000
vertex -8.900000 -0.625000 2.550000
endloop
endfacet
facet normal -1 0 0
outer loop
vertex -8.900000 -2.075000 0.250000
vertex -8.900000 -0.625000 2.550000
vertex -8.900000 -0.625000 0.250000
endloop
endfacet
facet normal 0 1 0
outer loop
vertex -8.900000 -0.625000 0.250000
vertex -8.900000 -0.625000 2.550000
vertex -7.450000 -0.625000 2.550000
endloop
endfacet
facet normal 0 1 0
outer loop
vertex -8.900000 -0.625000 0.250000
vertex -7.450000 -0.625000 2.550000
vertex -7.450000 -0.625000 0.250000
endloop
endfacet
facet normal -1 0 0
outer loop
vertex -7.450000 -0.625000 0.250000
vertex -7.450000 -0.625000 2.550000
vertex -7.450000 0.625000 2.550000
endloop
endfacet
facet normal -1 0 0
outer loop
vertex -7.450000 -0.625000 0.250000
vertex -7.450000 0.625000 2.550000
vertex -7.450000 0.625000 0.250000
endloop
endfacet
facet normal 0 -1 0
outer loop
vertex -7.450000 0.625000 0.250000
vertex -7.450000 0.625000 2.550000
vertex -8.900000 0.625000 2.550000
endloop
endfacet
facet normal 0 -1 0
outer loop
vertex -7.450000 0.625000 0.250000
vertex -8.900000 0.625000 2.550000
vertex -8.900000 0.625000 0.250000
endloop
endfacet
facet normal -1 0 0
outer loop
vertex -8.900000 0.625000 0.250000
vertex -8.900000 0.625000 2.550000
vertex -8.900000 2.075000 2.550000
endloop
endfacet
facet normal -1 0 0
outer loop
vertex -8.900000 0.625000 0.250000
vertex -8.900000 2.075000 2.550000
vertex -8.900000 2.075000 0.250000
endloop
endfacet
facet normal 0 -1 0
outer loop
vertex -8.900000 2.075000 0.250000
vertex -8.900000 2.075000 2.550000
vertex -10.150000 2.075000 2.550000
endloop
endfacet
facet normal 0 -1 0
outer loop
vertex -8.900000 2.075000 0.250000
vertex -10.150000 2.075000 2.550000
vertex -10.150000 2.075000 0.250000
endloop
endfacet
facet normal 1 0 -0
outer loop
vertex -10.150000 2.075000 0.250000
vertex -10.150000 2.075000 2.550000
vertex -10.150000 0.625000 2.550000
endloop
endfacet
facet normal 1 0 0
outer loop
vertex -10.150000 2.075000 0.250000
vertex -10.150000 0.625000 2.550000
vertex -10.150000 0.625000 0.250000
endloop
endfacet
facet normal 0 -1 0
outer loop
vertex -10.150000 0.625000 0.250000
vertex -10.150000 0.625000 2.550000
vertex -11.600000 0.625000 2.550000
endloop
endfacet
facet normal 0 -1 0
outer loop
vertex -10.150000 0.625000 0.250000
vertex -11.600000 0.625000 2.550000
vertex -11.600000 0.625000 0.250000
endloop
endfacet
facet normal 1 0 -0
outer loop
vertex -11.600000 0.625000 0.250000
vertex -11.600000 0.625000 2.550000
vertex -11.600000 -0.625000 2.550000
endloop
endfacet
facet normal 1 0 0
outer loop
vertex -11.600000 0.625000 0.250000
vertex -11.600000 -0.625000 2.550000
vertex -11.600000 -0.625000 0.250000
endloop
endfacet
facet normal 0 1 0
outer loop
vertex -11.600000 -0.625000 0.250000
vertex -11.600000 -0.625000 2.550000
vertex -10.150000 -0.625000 2.550000
endloop
endfacet
facet normal 0 1 0
outer loop
vertex -11.600000 -0.625000 0.250000
vertex -10.150000 -0.625000 2.550000
vertex -10.150000 -0.625000 0.250000
endloop
endfacet
facet normal 1 0 -0
outer loop
vertex -10.150000 -0.625000 0.250000
vertex -10.150000 -0.625000 2.550000
vertex -10.150000 -2.075000 2.550000
endloop
endfacet
facet normal 1 0 0
outer loop
vertex -10.150000 -0.625000 0.250000
vertex -10.150000 -2.075000 2.550000
vertex -10.150000 -2.075000 0.250000
endloop
endfacet
facet normal 0 0 -1
outer loop
vertex -10.150000 -0.625000 2.550000
vertex -11.600000 -0.625000 2.550000
vertex -11.600000 0.625000 2.550000
endloop
endfacet
facet normal 0 0 -1
outer loop
vertex -10.150000 0.625000 2.550000
vertex -10.150000 2.075000 2.550000
vertex -8.900000 2.075000 2.550000
endloop
endfacet
facet normal 0 0 -1
outer loop
vertex -10.150000 -0.625000 2.550000
vertex -11.600000 0.625000 2.550000
vertex -10.150000 0.625000 2.550000
endloop
endfacet
facet normal 0 0 -1
outer loop
vertex -8.900000 -2.075000 2.550000
vertex -10.150000 -2.075000 2.550000
vertex -10.150000 -0.625000 2.550000
endloop
endfacet
facet normal 0 -0 -1
outer loop
vertex -7.450000 0.625000 2.550000
vertex -7.450000 -0.625000 2.550000
vertex -8.900000 -0.625000 2.550000
endloop
endfacet
facet normal -0 -0 -1
outer loop
vertex -8.900000 -0.625000 2.550000
vertex -8.900000 -2.075000 2.550000
vertex -10.150000 -0.625000 2.550000
endloop
endfacet
facet normal 0 0 -1
outer loop
vertex -10.150000 -0.625000 2.550000
vertex -10.150000 0.625000 2.550000
vertex -8.900000 2.075000 2.550000
endloop
endfacet
facet normal 0 0 -1
outer loop
vertex -8.900000 0.625000 2.550000
vertex -7.450000 0.625000 2.550000
vertex -8.900000 -0.625000 2.550000
endloop
endfacet
facet normal 0 0 -1
outer loop
vertex -10.150000 -0.625000 2.550000
vertex -8.900000 2.075000 2.550000
vertex -8.900000 0.625000 2.550000
endloop
endfacet
facet normal 0 -0 -1
outer loop
vertex -8.900000 0.625000 2.550000
vertex -8.900000 -0.625000 2.550000
vertex -10.150000 -0.625000 2.550000
endloop
endfacet
facet normal 0.997859 0.0654033 0
outer loop
vertex 12.224999 0.000000 2.700000
vertex 12.224999 0.000000 0.250000
vertex 12.201900 0.352421 0.250000
endloop
endfacet
facet normal 0.997859 0.0654033 0
outer loop
vertex 12.224999 0.000000 2.700000
vertex 12.201900 0.352421 0.250000
vertex 12.201900 0.352421 2.700000
endloop
endfacet
facet normal 0.980785 0.195089 0
outer loop
vertex 12.201900 0.352421 2.700000
vertex 12.201900 0.352421 0.250000
vertex 12.132999 0.698811 0.250000
endloop
endfacet
facet normal 0.980785 0.195089 0
outer loop
vertex 12.201900 0.352421 2.700000
vertex 12.132999 0.698811 0.250000
vertex 12.132999 0.698811 2.700000
endloop
endfacet
facet normal 0.94693 0.32144 0
outer loop
vertex 12.132999 0.698811 2.700000
vertex 12.132999 0.698811 0.250000
vertex 12.019474 1.033245 0.250000
endloop
endfacet
facet normal 0.94693 0.32144 0
outer loop
vertex 12.132999 0.698811 2.700000
vertex 12.019474 1.033245 0.250000
vertex 12.019474 1.033245 2.700000
endloop
endfacet
facet normal 0.896873 0.442289 0
outer loop
vertex 12.019474 1.033245 2.700000
vertex 12.019474 1.033245 0.250000
vertex 11.863268 1.350000 0.250000
endloop
endfacet
facet normal 0.896873 0.442289 0
outer loop
vertex 12.019474 1.033245 2.700000
vertex 11.863268 1.350000 0.250000
vertex 11.863268 1.350000 2.700000
endloop
endfacet
facet normal 0.831469 0.55557 0
outer loop
vertex 11.863268 1.350000 2.700000
vertex 11.863268 1.350000 0.250000
vertex 11.667053 1.643656 0.250000
endloop
endfacet
facet normal 0.831469 0.55557 0
outer loop
vertex 11.863268 1.350000 2.700000
vertex 11.667053 1.643656 0.250000
vertex 11.667053 1.643656 2.700000
endloop
endfacet
facet normal 0.75184 0.659345 0
outer loop
vertex 11.667053 1.643656 2.700000
vertex 11.667053 1.643656 0.250000
vertex 11.434188 1.909188 0.250000
endloop
endfacet
facet normal 0.75184 0.659345 0
outer loop
vertex 11.667053 1.643656 2.700000
vertex 11.434188 1.909188 0.250000
vertex 11.434188 1.909188 2.700000
endloop
endfacet
facet normal 0.659345 0.75184 0
outer loop
vertex 11.183974 2.128619 2.700000
vertex 11.434188 1.909188 2.700000
vertex 11.434188 1.909188 0.250000
endloop
endfacet
facet normal 0.659346 0.75184 0
outer loop
vertex 11.434188 1.909188 0.250000
vertex 11.168655 2.142054 0.250000
vertex 11.168655 2.142054 2.700000
endloop
endfacet
facet normal 0.659356 0.751831 1.89362e-06
outer loop
vertex 11.183974 2.128619 2.700000
vertex 11.434188 1.909188 0.250000
vertex 11.168655 2.142054 2.700000
endloop
endfacet
facet normal 0.555571 0.831469 0
outer loop
vertex 11.168655 2.142054 0.250000
vertex 10.875000 2.338269 0.250000
vertex 10.875000 2.338269 2.700000
endloop
endfacet
facet normal 0.555571 0.831469 -0
outer loop
vertex 11.168655 2.142054 0.250000
vertex 10.875000 2.338269 2.700000
vertex 11.168655 2.142054 2.700000
endloop
endfacet
facet normal 0.442288 0.896873 0
outer loop
vertex 10.875000 2.338269 0.250000
vertex 10.558245 2.494475 0.250000
vertex 10.558245 2.494475 2.700000
endloop
endfacet
facet normal 0.442288 0.896873 -0
outer loop
vertex 10.875000 2.338269 0.250000
vertex 10.558245 2.494475 2.700000
vertex 10.875000 2.338269 2.700000
endloop
endfacet
facet normal 0.32144 0.94693 0
outer loop
vertex 10.558245 2.494475 0.250000
vertex 10.223811 2.608000 0.250000
vertex 10.223811 2.608000 2.700000
endloop
endfacet
facet normal 0.32144 0.94693 -0
outer loop
vertex 10.558245 2.494475 0.250000
vertex 10.223811 2.608000 2.700000
vertex 10.558245 2.494475 2.700000
endloop
endfacet
facet normal 0.19509 0.980785 0
outer loop
vertex 10.223811 2.608000 0.250000
vertex 9.877420 2.676901 0.250000
vertex 9.877420 2.676901 2.700000
endloop
endfacet
facet normal 0.19509 0.980785 -0
outer loop
vertex 10.223811 2.608000 0.250000
vertex 9.877420 2.676901 2.700000
vertex 10.223811 2.608000 2.700000
endloop
endfacet
facet normal 0.0654033 0.997859 0
outer loop
vertex 9.877420 2.676901 0.250000
vertex 9.525000 2.700000 0.250000
vertex 9.525000 2.700000 2.700000
endloop
endfacet
facet normal 0.0654033 0.997859 -0
outer loop
vertex 9.877420 2.676901 0.250000
vertex 9.525000 2.700000 2.700000
vertex 9.877420 2.676901 2.700000
endloop
endfacet
facet normal -0.0654033 0.997859 0
outer loop
vertex 9.525000 2.700000 0.250000
vertex 9.172579 2.676901 0.250000
vertex 9.172579 2.676901 2.700000
endloop
endfacet
facet normal -0.0654033 0.997859 0
outer loop
vertex 9.525000 2.700000 0.250000
vertex 9.172579 2.676901 2.700000
vertex 9.525000 2.700000 2.700000
endloop
endfacet
facet normal -0.19509 0.980785 0
outer loop
vertex 9.172579 2.676901 0.250000
vertex 8.826188 2.608000 0.250000
vertex 8.826188 2.608000 2.700000
endloop
endfacet
facet normal -0.19509 0.980785 0
outer loop
vertex 9.172579 2.676901 0.250000
vertex 8.826188 2.608000 2.700000
vertex 9.172579 2.676901 2.700000
endloop
endfacet
facet normal -0.32144 0.94693 0
outer loop
vertex 8.826188 2.608000 0.250000
vertex 8.491755 2.494475 0.250000
vertex 8.491755 2.494475 2.700000
endloop
endfacet
facet normal -0.32144 0.94693 0
outer loop
vertex 8.826188 2.608000 0.250000
vertex 8.491755 2.494475 2.700000
vertex 8.826188 2.608000 2.700000
endloop
endfacet
facet normal -0.442288 0.896873 0
outer loop
vertex 8.491755 2.494475 0.250000
vertex 8.174999 2.338269 0.250000
vertex 8.174999 2.338269 2.700000
endloop
endfacet
facet normal -0.442288 0.896873 0
outer loop
vertex 8.491755 2.494475 0.250000
vertex 8.174999 2.338269 2.700000
vertex 8.491755 2.494475 2.700000
endloop
endfacet
facet normal -0.555571 0.831469 0
outer loop
vertex 8.174999 2.338269 0.250000
vertex 7.881344 2.142054 0.250000
vertex 7.881344 2.142054 2.700000
endloop
endfacet
facet normal -0.555571 0.831469 0
outer loop
vertex 8.174999 2.338269 0.250000
vertex 7.881344 2.142054 2.700000
vertex 8.174999 2.338269 2.700000
endloop
endfacet
facet normal -0.659346 0.75184 0
outer loop
vertex 7.881344 2.142054 0.250000
vertex 7.615811 1.909188 0.250000
vertex 7.615811 1.909188 2.700000
endloop
endfacet
facet normal -0.659346 0.75184 0
outer loop
vertex 7.881344 2.142054 0.250000
vertex 7.615811 1.909188 2.700000
vertex 7.881344 2.142054 2.700000
endloop
endfacet
facet normal -0.75184 0.659346 0
outer loop
vertex 7.615811 1.909188 0.250000
vertex 7.382946 1.643656 0.250000
vertex 7.382946 1.643656 2.700000
endloop
endfacet
facet normal -0.75184 0.659346 0
outer loop
vertex 7.615811 1.909188 0.250000
vertex 7.382946 1.643656 2.700000
vertex 7.615811 1.909188 2.700000
endloop
endfacet
facet normal -0.83147 0.555569 0
outer loop
vertex 7.382946 1.643656 0.250000
vertex 7.186731 1.350000 0.250000
vertex 7.186731 1.350000 2.700000
endloop
endfacet
facet normal -0.83147 0.555569 0
outer loop
vertex 7.382946 1.643656 0.250000
vertex 7.186731 1.350000 2.700000
vertex 7.382946 1.643656 2.700000
endloop
endfacet
facet normal -0.896873 0.442289 0
outer loop
vertex 7.186731 1.350000 0.250000
vertex 7.030525 1.033245 0.250000
vertex 7.030525 1.033245 2.700000
endloop
endfacet
facet normal -0.896873 0.442289 0
outer loop
vertex 7.186731 1.350000 0.250000
vertex 7.030525 1.033245 2.700000
vertex 7.186731 1.350000 2.700000
endloop
endfacet
facet normal -0.94693 0.32144 0
outer loop
vertex 7.030525 1.033245 0.250000
vertex 6.917000 0.698811 0.250000
vertex 6.917000 0.698811 2.700000
endloop
endfacet
facet normal -0.94693 0.32144 0
outer loop
vertex 7.030525 1.033245 0.250000
vertex 6.917000 0.698811 2.700000
vertex 7.030525 1.033245 2.700000
endloop
endfacet
facet normal -0.980785 0.195089 0
outer loop
vertex 6.917000 0.698811 0.250000
vertex 6.848099 0.352421 0.250000
vertex 6.848099 0.352421 2.700000
endloop
endfacet
facet normal -0.980785 0.195089 0
outer loop
vertex 6.917000 0.698811 0.250000
vertex 6.848099 0.352421 2.700000
vertex 6.917000 0.698811 2.700000
endloop
endfacet
facet normal -0.997859 0.0654033 0
outer loop
vertex 6.848099 0.352421 0.250000
vertex 6.825000 0.000000 0.250000
vertex 6.825000 0.000000 2.700000
endloop
endfacet
facet normal -0.997859 0.0654033 0
outer loop
vertex 6.848099 0.352421 0.250000
vertex 6.825000 0.000000 2.700000
vertex 6.848099 0.352421 2.700000
endloop
endfacet
facet normal -0.997859 -0.0654033 0
outer loop
vertex 6.825000 0.000000 0.250000
vertex 6.848099 -0.352421 0.250000
vertex 6.848099 -0.352421 2.700000
endloop
endfacet
facet normal -0.997859 -0.0654033 0
outer loop
vertex 6.825000 0.000000 0.250000
vertex 6.848099 -0.352421 2.700000
vertex 6.825000 0.000000 2.700000
endloop
endfacet
facet normal -0.980785 -0.195089 0
outer loop
vertex 6.848099 -0.352421 0.250000
vertex 6.917000 -0.698811 0.250000
vertex 6.917000 -0.698811 2.700000
endloop
endfacet
facet normal -0.980785 -0.195089 0
outer loop
vertex 6.848099 -0.352421 0.250000
vertex 6.917000 -0.698811 2.700000
vertex 6.848099 -0.352421 2.700000
endloop
endfacet
facet normal -0.94693 -0.32144 0
outer loop
vertex 6.917000 -0.698811 0.250000
vertex 7.030525 -1.033245 0.250000
vertex 7.030525 -1.033245 2.700000
endloop
endfacet
facet normal -0.94693 -0.32144 0
outer loop
vertex 6.917000 -0.698811 0.250000
vertex 7.030525 -1.033245 2.700000
vertex 6.917000 -0.698811 2.700000
endloop
endfacet
facet normal -0.896873 -0.442289 0
outer loop
vertex 7.030525 -1.033245 0.250000
vertex 7.186731 -1.350000 0.250000
vertex 7.186731 -1.350000 2.700000
endloop
endfacet
facet normal -0.896873 -0.442289 0
outer loop
vertex 7.030525 -1.033245 0.250000
vertex 7.186731 -1.350000 2.700000
vertex 7.030525 -1.033245 2.700000
endloop
endfacet
facet normal -0.83147 -0.555569 0
outer loop
vertex 7.186731 -1.350000 0.250000
vertex 7.382946 -1.643656 0.250000
vertex 7.382946 -1.643656 2.700000
endloop
endfacet
facet normal -0.83147 -0.555569 0
outer loop
vertex 7.186731 -1.350000 0.250000
vertex 7.382946 -1.643656 2.700000
vertex 7.186731 -1.350000 2.700000
endloop
endfacet
facet normal -0.75184 -0.659346 0
outer loop
vertex 7.382946 -1.643656 0.250000
vertex 7.615811 -1.909188 0.250000
vertex 7.615811 -1.909188 2.700000
endloop
endfacet
facet normal -0.75184 -0.659346 0
outer loop
vertex 7.382946 -1.643656 0.250000
vertex 7.615811 -1.909188 2.700000
vertex 7.382946 -1.643656 2.700000
endloop
endfacet
facet normal -0.659346 -0.75184 -0
outer loop
vertex 7.615811 -1.909188 2.700000
vertex 7.615811 -1.909188 0.250000
vertex 7.881344 -2.142054 0.250000
endloop
endfacet
facet normal -0.659346 -0.75184 0
outer loop
vertex 7.615811 -1.909188 2.700000
vertex 7.881344 -2.142054 0.250000
vertex 7.881344 -2.142054 2.700000
endloop
endfacet
facet normal -0.555571 -0.831469 -0
outer loop
vertex 7.881344 -2.142054 2.700000
vertex 7.881344 -2.142054 0.250000
vertex 8.174999 -2.338269 0.250000
endloop
endfacet
facet normal -0.555571 -0.831469 0
outer loop
vertex 7.881344 -2.142054 2.700000
vertex 8.174999 -2.338269 0.250000
vertex 8.174999 -2.338269 2.700000
endloop
endfacet
facet normal -0.442288 -0.896873 -0
outer loop
vertex 8.174999 -2.338269 2.700000
vertex 8.174999 -2.338269 0.250000
vertex 8.491755 -2.494475 0.250000
endloop
endfacet
facet normal -0.442288 -0.896873 0
outer loop
vertex 8.174999 -2.338269 2.700000
vertex 8.491755 -2.494475 0.250000
vertex 8.491755 -2.494475 2.700000
endloop
endfacet
facet normal -0.32144 -0.94693 -0
outer loop
vertex 8.491755 -2.494475 2.700000
vertex 8.491755 -2.494475 0.250000
vertex 8.826188 -2.608000 0.250000
endloop
endfacet
facet normal -0.32144 -0.94693 0
outer loop
vertex 8.491755 -2.494475 2.700000
vertex 8.826188 -2.608000 0.250000
vertex 8.826188 -2.608000 2.700000
endloop
endfacet
facet normal -0.19509 -0.980785 -0
outer loop
vertex 8.826188 -2.608000 2.700000
vertex 8.826188 -2.608000 0.250000
vertex 9.172579 -2.676901 0.250000
endloop
endfacet
facet normal -0.19509 -0.980785 0
outer loop
vertex 8.826188 -2.608000 2.700000
vertex 9.172579 -2.676901 0.250000
vertex 9.172579 -2.676901 2.700000
endloop
endfacet
facet normal -0.0654033 -0.997859 -0
outer loop
vertex 9.172579 -2.676901 2.700000
vertex 9.172579 -2.676901 0.250000
vertex 9.525000 -2.700000 0.250000
endloop
endfacet
facet normal -0.0654033 -0.997859 0
outer loop
vertex 9.172579 -2.676901 2.700000
vertex 9.525000 -2.700000 0.250000
vertex 9.525000 -2.700000 2.700000
endloop
endfacet
facet normal 0.0654033 -0.997859 0
outer loop
vertex 9.525000 -2.700000 2.700000
vertex 9.525000 -2.700000 0.250000
vertex 9.877420 -2.676901 0.250000
endloop
endfacet
facet normal 0.0654033 -0.997859 0
outer loop
vertex 9.525000 -2.700000 2.700000
vertex 9.877420 -2.676901 0.250000
vertex 9.877420 -2.676901 2.700000
endloop
endfacet
facet normal 0.19509 -0.980785 0
outer loop
vertex 9.877420 -2.676901 2.700000
vertex 9.877420 -2.676901 0.250000
vertex 10.223811 -2.608000 0.250000
endloop
endfacet
facet normal 0.19509 -0.980785 0
outer loop
vertex 9.877420 -2.676901 2.700000
vertex 10.223811 -2.608000 0.250000
vertex 10.223811 -2.608000 2.700000
endloop
endfacet
facet normal 0.32144 -0.94693 0
outer loop
vertex 10.223811 -2.608000 2.700000
vertex 10.223811 -2.608000 0.250000
vertex 10.558245 -2.494475 0.250000
endloop
endfacet
facet normal 0.32144 -0.94693 0
outer loop
vertex 10.223811 -2.608000 2.700000
vertex 10.558245 -2.494475 0.250000
vertex 10.558245 -2.494475 2.700000
endloop
endfacet
facet normal 0.442288 -0.896873 0
outer loop
vertex 10.558245 -2.494475 2.700000
vertex 10.558245 -2.494475 0.250000
vertex 10.875000 -2.338269 0.250000
endloop
endfacet
facet normal 0.442288 -0.896873 0
outer loop
vertex 10.558245 -2.494475 2.700000
vertex 10.875000 -2.338269 0.250000
vertex 10.875000 -2.338269 2.700000
endloop
endfacet
facet normal 0.555571 -0.831469 0
outer loop
vertex 10.875000 -2.338269 2.700000
vertex 10.875000 -2.338269 0.250000
vertex 11.168655 -2.142054 0.250000
endloop
endfacet
facet normal 0.555571 -0.831469 0
outer loop
vertex 10.875000 -2.338269 2.700000
vertex 11.168655 -2.142054 0.250000
vertex 11.168655 -2.142054 2.700000
endloop
endfacet
facet normal 0.659346 -0.75184 0
outer loop
vertex 11.168655 -2.142054 2.700000
vertex 11.168655 -2.142054 0.250000
vertex 11.434188 -1.909188 0.250000
endloop
endfacet
facet normal 0.659346 -0.75184 0
outer loop
vertex 11.168655 -2.142054 2.700000
vertex 11.434188 -1.909188 0.250000
vertex 11.434188 -1.909188 2.700000
endloop
endfacet
facet normal 0.75184 -0.659345 0
outer loop
vertex 11.434188 -1.909188 2.700000
vertex 11.434188 -1.909188 0.250000
vertex 11.667053 -1.643656 0.250000
endloop
endfacet
facet normal 0.75184 -0.659345 0
outer loop
vertex 11.434188 -1.909188 2.700000
vertex 11.667053 -1.643656 0.250000
vertex 11.667053 -1.643656 2.700000
endloop
endfacet
facet normal 0.831469 -0.55557 0
outer loop
vertex 11.667053 -1.643656 2.700000
vertex 11.667053 -1.643656 0.250000
vertex 11.863268 -1.350000 0.250000
endloop
endfacet
facet normal 0.831469 -0.55557 0
outer loop
vertex 11.667053 -1.643656 2.700000
vertex 11.863268 -1.350000 0.250000
vertex 11.863268 -1.350000 2.700000
endloop
endfacet
facet normal 0.896873 -0.442289 0
outer loop
vertex 11.863268 -1.350000 2.700000
vertex 11.863268 -1.350000 0.250000
vertex 12.019474 -1.033245 0.250000
endloop
endfacet
facet normal 0.896873 -0.442289 0
outer loop
vertex 11.863268 -1.350000 2.700000
vertex 12.019474 -1.033245 0.250000
vertex 12.019474 -1.033245 2.700000
endloop
endfacet
facet normal 0.94693 -0.32144 0
outer loop
vertex 12.019474 -1.033245 2.700000
vertex 12.019474 -1.033245 0.250000
vertex 12.132999 -0.698811 0.250000
endloop
endfacet
facet normal 0.94693 -0.32144 0
outer loop
vertex 12.019474 -1.033245 2.700000
vertex 12.132999 -0.698811 0.250000
vertex 12.132999 -0.698811 2.700000
endloop
endfacet
facet normal 0.980785 -0.195089 0
outer loop
vertex 12.132999 -0.698811 2.700000
vertex 12.132999 -0.698811 0.250000
vertex 12.201900 -0.352421 0.250000
endloop
endfacet
facet normal 0.980785 -0.195089 0
outer loop
vertex 12.132999 -0.698811 2.700000
vertex 12.201900 -0.352421 0.250000
vertex 12.201900 -0.352421 2.700000
endloop
endfacet
facet normal 0.997859 -0.0654033 0
outer loop
vertex 12.201900 -0.352421 2.700000
vertex 12.201900 -0.352421 0.250000
vertex 12.224999 0.000000 0.250000
endloop
endfacet
facet normal 0.997859 -0.0654033 0
outer loop
vertex 12.201900 -0.352421 2.700000
vertex 12.224999 0.000000 0.250000
vertex 12.224999 0.000000 2.700000
endloop
endfacet
facet normal 0 0 -1
outer loop
vertex 11.863268 -1.350000 0.250000
vertex 11.667053 -1.643656 0.250000
vertex 11.434188 -1.909188 0.250000
endloop
endfacet
facet normal 0 0 -1
outer loop
vertex 11.434188 -1.909188 0.250000
vertex 11.168655 -2.142054 0.250000
vertex 10.875000 -2.338269 0.250000
endloop
endfacet
facet normal 0 0 -1
outer loop
vertex 10.875000 -2.338269 0.250000
vertex 10.558245 -2.494475 0.250000
vertex 10.223811 -2.608000 0.250000
endloop
endfacet
facet normal 0 0 -1
outer loop
vertex 10.223811 -2.608000 0.250000
vertex 9.877420 -2.676901 0.250000
vertex 9.525000 -2.700000 0.250000
endloop
endfacet
facet normal 0 0 -1
outer loop
vertex 9.525000 -2.700000 0.250000
vertex 9.172579 -2.676901 0.250000
vertex 8.826188 -2.608000 0.250000
endloop
endfacet
facet normal 0 0 -1
outer loop
vertex 8.826188 -2.608000 0.250000
vertex 8.491755 -2.494475 0.250000
vertex 8.174999 -2.338269 0.250000
endloop
endfacet
facet normal 0 0 -1
outer loop
vertex 8.174999 -2.338269 0.250000
vertex 7.881344 -2.142054 0.250000
vertex 7.615811 -1.909188 0.250000
endloop
endfacet
facet normal 0 0 -1
outer loop
vertex 7.615811 -1.909188 0.250000
vertex 7.382946 -1.643656 0.250000
vertex 7.186731 -1.350000 0.250000
endloop
endfacet
facet normal 0 0 -1
outer loop
vertex 7.186731 -1.350000 0.250000
vertex 7.030525 -1.033245 0.250000
vertex 7.450000 -0.625000 0.250000
endloop
endfacet
facet normal 0 0 -1
outer loop
vertex 7.450000 -0.625000 0.250000
vertex 8.900000 -0.625000 0.250000
vertex 8.900000 -2.075000 0.250000
endloop
endfacet
facet normal 0 0 -1
outer loop
vertex 10.150000 -2.075000 0.250000
vertex 10.150000 -0.625000 0.250000
vertex 11.600000 -0.625000 0.250000
endloop
endfacet
facet normal 0 0 -1
outer loop
vertex 7.186731 -1.350000 0.250000
vertex 7.450000 -0.625000 0.250000
vertex 8.900000 -2.075000 0.250000
endloop
endfacet
facet normal 0 0 -1
outer loop
vertex 7.615811 -1.909188 0.250000
vertex 7.186731 -1.350000 0.250000
vertex 8.900000 -2.075000 0.250000
endloop
endfacet
facet normal 0 0 -1
outer loop
vertex 8.826188 -2.608000 0.250000
vertex 8.174999 -2.338269 0.250000
vertex 7.615811 -1.909188 0.250000
endloop
endfacet
facet normal -0 0 -1
outer loop
vertex 10.223811 -2.608000 0.250000
vertex 9.525000 -2.700000 0.250000
vertex 8.826188 -2.608000 0.250000
endloop
endfacet
facet normal 0 0 -1
outer loop
vertex 11.434188 -1.909188 0.250000
vertex 10.875000 -2.338269 0.250000
vertex 10.223811 -2.608000 0.250000
endloop
endfacet
facet normal 0 0 -1
outer loop
vertex 12.019474 -1.033245 0.250000
vertex 11.863268 -1.350000 0.250000
vertex 11.434188 -1.909188 0.250000
endloop
endfacet
facet normal 0 0 -1
outer loop
vertex 12.201900 -0.352421 0.250000
vertex 12.132999 -0.698811 0.250000
vertex 12.019474 -1.033245 0.250000
endloop
endfacet
facet normal 0 0 -1
outer loop
vertex 12.201900 0.352421 0.250000
vertex 12.224999 0.000000 0.250000
vertex 12.201900 -0.352421 0.250000
endloop
endfacet
facet normal 0 0 -1
outer loop
vertex 12.019474 1.033245 0.250000
vertex 12.132999 0.698811 0.250000
vertex 12.201900 0.352421 0.250000
endloop
endfacet
facet normal 0 0 -1
outer loop
vertex 11.600000 -0.625000 0.250000
vertex 11.600000 0.625000 0.250000
vertex 12.019474 1.033245 0.250000
endloop
endfacet
facet normal 0 0 -1
outer loop
vertex 11.600000 -0.625000 0.250000
vertex 12.019474 1.033245 0.250000
vertex 12.201900 0.352421 0.250000
endloop
endfacet
facet normal 0 -0 -1
outer loop
vertex 12.201900 0.352421 0.250000
vertex 12.201900 -0.352421 0.250000
vertex 12.019474 -1.033245 0.250000
endloop
endfacet
facet normal 0 0 -1
outer loop
vertex 12.019474 -1.033245 0.250000
vertex 11.434188 -1.909188 0.250000
vertex 10.223811 -2.608000 0.250000
endloop
endfacet
facet normal 0 0 -1
outer loop
vertex 10.223811 -2.608000 0.250000
vertex 8.826188 -2.608000 0.250000
vertex 7.615811 -1.909188 0.250000
endloop
endfacet
facet normal 0 0 -1
outer loop
vertex 10.223811 -2.608000 0.250000
vertex 7.615811 -1.909188 0.250000
vertex 8.900000 -2.075000 0.250000
endloop
endfacet
facet normal 0 0 -1
outer loop
vertex 11.600000 -0.625000 0.250000
vertex 12.201900 0.352421 0.250000
vertex 12.019474 -1.033245 0.250000
endloop
endfacet
facet normal 0 0 -1
outer loop
vertex 10.223811 -2.608000 0.250000
vertex 8.900000 -2.075000 0.250000
vertex 10.150000 -2.075000 0.250000
endloop
endfacet
facet normal 0 0 -1
outer loop
vertex 10.150000 -2.075000 0.250000
vertex 11.600000 -0.625000 0.250000
vertex 12.019474 -1.033245 0.250000
endloop
endfacet
facet normal 0 0 -1
outer loop
vertex 10.223811 -2.608000 0.250000
vertex 10.150000 -2.075000 0.250000
vertex 12.019474 -1.033245 0.250000
endloop
endfacet
facet normal 0 -0 -1
outer loop
vertex 7.450000 0.625000 0.250000
vertex 7.450000 -0.625000 0.250000
vertex 7.030525 -1.033245 0.250000
endloop
endfacet
facet normal 0 0 -1
outer loop
vertex 7.030525 -1.033245 0.250000
vertex 6.917000 -0.698811 0.250000
vertex 6.848099 -0.352421 0.250000
endloop
endfacet
facet normal 0 0 -1
outer loop
vertex 6.848099 -0.352421 0.250000
vertex 6.825000 0.000000 0.250000
vertex 6.848099 0.352421 0.250000
endloop
endfacet
facet normal 0 0 -1
outer loop
vertex 6.848099 0.352421 0.250000
vertex 6.917000 0.698811 0.250000
vertex 7.030525 1.033245 0.250000
endloop
endfacet
facet normal 0 0 -1
outer loop
vertex 7.030525 1.033245 0.250000
vertex 7.186731 1.350000 0.250000
vertex 7.382946 1.643656 0.250000
endloop
endfacet
facet normal 0 0 -1
outer loop
vertex 7.382946 1.643656 0.250000
vertex 7.615811 1.909188 0.250000
vertex 7.881344 2.142054 0.250000
endloop
endfacet
facet normal 0 0 -1
outer loop
vertex 7.881344 2.142054 0.250000
vertex 8.174999 2.338269 0.250000
vertex 8.491755 2.494475 0.250000
endloop
endfacet
facet normal 0 0 -1
outer loop
vertex 8.491755 2.494475 0.250000
vertex 8.826188 2.608000 0.250000
vertex 9.172579 2.676901 0.250000
endloop
endfacet
facet normal 0 0 -1
outer loop
vertex 9.172579 2.676901 0.250000
vertex 9.525000 2.700000 0.250000
vertex 9.877420 2.676901 0.250000
endloop
endfacet
facet normal 0 0 -1
outer loop
vertex 9.877420 2.676901 0.250000
vertex 10.223811 2.608000 0.250000
vertex 10.558245 2.494475 0.250000
endloop
endfacet
facet normal 0 0 -1
outer loop
vertex 10.558245 2.494475 0.250000
vertex 10.875000 2.338269 0.250000
vertex 11.168655 2.142054 0.250000
endloop
endfacet
facet normal 0 0 -1
outer loop
vertex 11.168655 2.142054 0.250000
vertex 11.434188 1.909188 0.250000
vertex 11.667053 1.643656 0.250000
endloop
endfacet
facet normal 0 0 -1
outer loop
vertex 11.667053 1.643656 0.250000
vertex 11.863268 1.350000 0.250000
vertex 12.019474 1.033245 0.250000
endloop
endfacet
facet normal 0 0 -1
outer loop
vertex 12.019474 1.033245 0.250000
vertex 11.600000 0.625000 0.250000
vertex 10.150000 0.625000 0.250000
endloop
endfacet
facet normal -0 0 -1
outer loop
vertex 12.019474 1.033245 0.250000
vertex 10.150000 0.625000 0.250000
vertex 10.150000 2.075000 0.250000
endloop
endfacet
facet normal 0 0 -1
outer loop
vertex 11.168655 2.142054 0.250000
vertex 11.667053 1.643656 0.250000
vertex 12.019474 1.033245 0.250000
endloop
endfacet
facet normal 0 0 -1
outer loop
vertex 9.877420 2.676901 0.250000
vertex 10.558245 2.494475 0.250000
vertex 11.168655 2.142054 0.250000
endloop
endfacet
facet normal 0 0 -1
outer loop
vertex 8.491755 2.494475 0.250000
vertex 9.172579 2.676901 0.250000
vertex 9.877420 2.676901 0.250000
endloop
endfacet
facet normal 0 0 -1
outer loop
vertex 7.382946 1.643656 0.250000
vertex 7.881344 2.142054 0.250000
vertex 8.491755 2.494475 0.250000
endloop
endfacet
facet normal 0 0 -1
outer loop
vertex 6.848099 0.352421 0.250000
vertex 7.030525 1.033245 0.250000
vertex 7.382946 1.643656 0.250000
endloop
endfacet
facet normal 0 0 -1
outer loop
vertex 7.030525 -1.033245 0.250000
vertex 6.848099 -0.352421 0.250000
vertex 6.848099 0.352421 0.250000
endloop
endfacet
facet normal 0 -0 -1
outer loop
vertex 8.900000 2.075000 0.250000
vertex 8.900000 0.625000 0.250000
vertex 7.450000 0.625000 0.250000
endloop
endfacet
facet normal 0 0 -1
outer loop
vertex 7.450000 0.625000 0.250000
vertex 7.030525 -1.033245 0.250000
vertex 6.848099 0.352421 0.250000
endloop
endfacet
facet normal 0 0 -1
outer loop
vertex 6.848099 0.352421 0.250000
vertex 7.382946 1.643656 0.250000
vertex 8.491755 2.494475 0.250000
endloop
endfacet
facet normal 0 0 -1
outer loop
vertex 8.491755 2.494475 0.250000
vertex 9.877420 2.676901 0.250000
vertex 11.168655 2.142054 0.250000
endloop
endfacet
facet normal 0 -0 -1
outer loop
vertex 11.168655 2.142054 0.250000
vertex 12.019474 1.033245 0.250000
vertex 10.150000 2.075000 0.250000
endloop
endfacet
facet normal 0 0 -1
outer loop
vertex 8.900000 2.075000 0.250000
vertex 7.450000 0.625000 0.250000
vertex 6.848099 0.352421 0.250000
endloop
endfacet
facet normal 0 0 -1
outer loop
vertex 11.168655 2.142054 0.250000
vertex 10.150000 2.075000 0.250000
vertex 8.900000 2.075000 0.250000
endloop
endfacet
facet normal -0 0 -1
outer loop
vertex 8.900000 2.075000 0.250000
vertex 6.848099 0.352421 0.250000
vertex 8.491755 2.494475 0.250000
endloop
endfacet
facet normal 0 0 -1
outer loop
vertex 8.491755 2.494475 0.250000
vertex 11.168655 2.142054 0.250000
vertex 8.900000 2.075000 0.250000
endloop
endfacet
facet normal 0 1 0
outer loop
vertex 8.900000 -2.075000 0.250000
vertex 8.900000 -2.075000 2.550000
vertex 10.150000 -2.075000 2.550000
endloop
endfacet
facet normal 0 1 0
outer loop
vertex 8.900000 -2.075000 0.250000
vertex 10.150000 -2.075000 2.550000
vertex 10.150000 -2.075000 0.250000
endloop
endfacet
facet normal -1 0 0
outer loop
vertex 10.150000 -2.075000 0.250000
vertex 10.150000 -2.075000 2.550000
vertex 10.150000 -0.625000 2.550000
endloop
endfacet
facet normal -1 0 0
outer loop
vertex 10.150000 -2.075000 0.250000
vertex 10.150000 -0.625000 2.550000
vertex 10.150000 -0.625000 0.250000
endloop
endfacet
facet normal 0 1 0
outer loop
vertex 10.150000 -0.625000 0.250000
vertex 10.150000 -0.625000 2.550000
vertex 11.600000 -0.625000 2.550000
endloop
endfacet
facet normal 0 1 0
outer loop
vertex 10.150000 -0.625000 0.250000
vertex 11.600000 -0.625000 2.550000
vertex 11.600000 -0.625000 0.250000
endloop
endfacet
facet normal -1 0 0
outer loop
vertex 11.600000 -0.625000 0.250000
vertex 11.600000 -0.625000 2.550000
vertex 11.600000 0.625000 2.550000
endloop
endfacet
facet normal -1 0 0
outer loop
vertex 11.600000 -0.625000 0.250000
vertex 11.600000 0.625000 2.550000
vertex 11.600000 0.625000 0.250000
endloop
endfacet
facet normal 0 -1 0
outer loop
vertex 11.600000 0.625000 0.250000
vertex 11.600000 0.625000 2.550000
vertex 10.150000 0.625000 2.550000
endloop
endfacet
facet normal 0 -1 0
outer loop
vertex 11.600000 0.625000 0.250000
vertex 10.150000 0.625000 2.550000
vertex 10.150000 0.625000 0.250000
endloop
endfacet
facet normal -1 0 0
outer loop
vertex 10.150000 0.625000 0.250000
vertex 10.150000 0.625000 2.550000
vertex 10.150000 2.075000 2.550000
endloop
endfacet
facet normal -1 0 0
outer loop
vertex 10.150000 0.625000 0.250000
vertex 10.150000 2.075000 2.550000
vertex 10.150000 2.075000 0.250000
endloop
endfacet
facet normal 0 -1 0
outer loop
vertex 10.150000 2.075000 0.250000
vertex 10.150000 2.075000 2.550000
vertex 8.900000 2.075000 2.550000
endloop
endfacet
facet normal 0 -1 0
outer loop
vertex 10.150000 2.075000 0.250000
vertex 8.900000 2.075000 2.550000
vertex 8.900000 2.075000 0.250000
endloop
endfacet
facet normal 1 0 -0
outer loop
vertex 8.900000 2.075000 0.250000
vertex 8.900000 2.075000 2.550000
vertex 8.900000 0.625000 2.550000
endloop
endfacet
facet normal 1 0 0
outer loop
vertex 8.900000 2.075000 0.250000
vertex 8.900000 0.625000 2.550000
vertex 8.900000 0.625000 0.250000
endloop
endfacet
facet normal 0 -1 0
outer loop
vertex 8.900000 0.625000 0.250000
vertex 8.900000 0.625000 2.550000
vertex 7.450000 0.625000 2.550000
endloop
endfacet
facet normal 0 -1 0
outer loop
vertex 8.900000 0.625000 0.250000
vertex 7.450000 0.625000 2.550000
vertex 7.450000 0.625000 0.250000
endloop
endfacet
facet normal 1 0 -0
outer loop
vertex 7.450000 0.625000 0.250000
vertex 7.450000 0.625000 2.550000
vertex 7.450000 -0.625000 2.550000
endloop
endfacet
facet normal 1 0 0
outer loop
vertex 7.450000 0.625000 0.250000
vertex 7.450000 -0.625000 2.550000
vertex 7.450000 -0.625000 0.250000
endloop
endfacet
facet normal 0 1 0
outer loop
vertex 7.450000 -0.625000 0.250000
vertex 7.450000 -0.625000 2.550000
vertex 8.900000 -0.625000 2.550000
endloop
endfacet
facet normal 0 1 0
outer loop
vertex 7.450000 -0.625000 0.250000
vertex 8.900000 -0.625000 2.550000
vertex 8.900000 -0.625000 0.250000
endloop
endfacet
facet normal 1 0 -0
outer loop
vertex 8.900000 -0.625000 0.250000
vertex 8.900000 -0.625000 2.550000
vertex 8.900000 -2.075000 2.550000
endloop
endfacet
facet normal 1 0 0
outer loop
vertex 8.900000 -0.625000 0.250000
vertex 8.900000 -2.075000 2.550000
vertex 8.900000 -2.075000 0.250000
endloop
endfacet
facet normal 0 0 -1
outer loop
vertex 8.900000 -0.625000 2.550000
vertex 7.450000 -0.625000 2.550000
vertex 7.450000 0.625000 2.550000
endloop
endfacet
facet normal 0 0 -1
outer loop
vertex 8.900000 0.625000 2.550000
vertex 8.900000 2.075000 2.550000
vertex 10.150000 2.075000 2.550000
endloop
endfacet
facet normal 0 0 -1
outer loop
vertex 8.900000 -0.625000 2.550000
vertex 7.450000 0.625000 2.550000
vertex 8.900000 0.625000 2.550000
endloop
endfacet
facet normal 0 0 -1
outer loop
vertex 10.150000 -2.075000 2.550000
vertex 8.900000 -2.075000 2.550000
vertex 8.900000 -0.625000 2.550000
endloop
endfacet
facet normal 0 -0 -1
outer loop
vertex 11.600000 0.625000 2.550000
vertex 11.600000 -0.625000 2.550000
vertex 10.150000 -0.625000 2.550000
endloop
endfacet
facet normal -0 -0 -1
outer loop
vertex 10.150000 -0.625000 2.550000
vertex 10.150000 -2.075000 2.550000
vertex 8.900000 -0.625000 2.550000
endloop
endfacet
facet normal 0 0 -1
outer loop
vertex 8.900000 -0.625000 2.550000
vertex 8.900000 0.625000 2.550000
vertex 10.150000 2.075000 2.550000
endloop
endfacet
facet normal 0 0 -1
outer loop
vertex 10.150000 0.625000 2.550000
vertex 11.600000 0.625000 2.550000
vertex 10.150000 -0.625000 2.550000
endloop
endfacet
facet normal 0 0 -1
outer loop
vertex 8.900000 -0.625000 2.550000
vertex 10.150000 2.075000 2.550000
vertex 10.150000 0.625000 2.550000
endloop
endfacet
facet normal 0 -0 -1
outer loop
vertex 10.150000 0.625000 2.550000
vertex 10.150000 -0.625000 2.550000
vertex 8.900000 -0.625000 2.550000
endloop
endfacet
facet normal 0.00443184 0.0224351 0.999738
outer loop
vertex -1.509018 -0.218771 3.451923
vertex -1.572939 -0.175748 3.451241
vertex -1.483893 -0.249413 3.452499
endloop
endfacet
facet normal -4.51597e-06 0.0134443 0.99991
outer loop
vertex -1.648572 -0.159708 3.451025
vertex -1.727285 -0.174399 3.451222
vertex -1.572939 -0.175748 3.451241
endloop
endfacet
facet normal -7.34668e-05 0.0138136 0.999905
outer loop
vertex -1.727285 -0.174399 3.451222
vertex -1.648572 -0.159708 3.451025
vertex -1.688073 -0.162990 3.451067
endloop
endfacet
facet normal -0.00333837 0.0211157 0.999772
outer loop
vertex -1.819043 -0.248814 3.452487
vertex -1.727285 -0.174399 3.451222
vertex -1.763424 -0.193433 3.451503
endloop
endfacet
facet normal -0.0156853 0.0289963 0.999456
outer loop
vertex -1.853372 -0.358513 3.455164
vertex -1.838646 -0.436975 3.457671
vertex -1.848972 -0.319522 3.454102
endloop
endfacet
facet normal -0.00522049 0.0374293 0.999286
outer loop
vertex -1.787317 -0.552927 3.462282
vertex -1.483893 -0.249413 3.452499
vertex -1.838646 -0.436975 3.457671
endloop
endfacet
facet normal -0.0025451 0.0601948 0.998183
outer loop
vertex -1.616919 -0.841280 3.478434
vertex -1.305237 -0.583153 3.463662
vertex -1.708051 -0.701005 3.469742
endloop
endfacet
facet normal -0.00347224 0.0773209 0.997
outer loop
vertex -1.430926 -1.065906 3.495645
vertex -1.147376 -0.778870 3.474371
vertex -1.541175 -0.940967 3.485571
endloop
endfacet
facet normal -0.0055064 0.0969495 0.995274
outer loop
vertex -1.078061 -1.357658 3.524051
vertex -0.892842 -0.996412 3.489887
vertex -1.214262 -1.260909 3.513873
endloop
endfacet
facet normal -0.00542121 0.10215 0.994754
outer loop
vertex -0.970507 -1.422699 3.531316
vertex -0.785985 -1.063640 3.495450
vertex -1.078061 -1.357658 3.524051
endloop
endfacet
facet normal 0.00424535 0.112851 0.993603
outer loop
vertex -0.350442 -1.233757 3.511152
vertex -0.475302 -1.199999 3.507851
vertex -0.458167 -1.622791 3.555798
endloop
endfacet
facet normal -0.0031649 0.114877 0.993375
outer loop
vertex -0.458167 -1.622791 3.555798
vertex -0.330815 -1.648513 3.559178
vertex -0.350442 -1.233757 3.511152
endloop
endfacet
facet normal 0.00109625 0.116687 0.993168
outer loop
vertex 0.000111 -1.272793 3.515083
vertex -0.221732 -1.257336 3.513512
vertex -0.201896 -1.665823 3.561483
endloop
endfacet
facet normal 5.85825e-07 0.184636 0.982807
outer loop
vertex -0.112997 -2.365438 3.674788
vertex 0.167302 -2.310905 3.664543
vertex -0.167480 -2.310890 3.664540
endloop
endfacet
facet normal -0.000183097 0.187461 0.982272
outer loop
vertex -0.040870 -2.395865 3.680608
vertex 0.000045 -2.400000 3.681405
vertex -0.112997 -2.365438 3.674788
endloop
endfacet
facet normal 0.000182547 0.187463 0.982272
outer loop
vertex 0.040691 -2.395872 3.680610
vertex 0.112819 -2.365454 3.674791
vertex 0.000045 -2.400000 3.681405
endloop
endfacet
facet normal -4.27232e-07 0.184641 0.982806
outer loop
vertex 0.167302 -2.310905 3.664543
vertex -0.112997 -2.365438 3.674788
vertex 0.112819 -2.365454 3.674791
endloop
endfacet
facet normal -0 0.154978 0.987918
outer loop
vertex -0.201896 -1.665823 3.561483
vertex -0.197760 -2.238980 3.651396
vertex 0.201717 -1.665823 3.561483
endloop
endfacet
facet normal 0.00567479 0.108313 0.994101
outer loop
vertex 0.820289 -1.498899 3.540260
vertex 0.635158 -1.139893 3.502201
vertex 0.622896 -1.576160 3.549805
endloop
endfacet
facet normal 0.00606822 0.104244 0.994533
outer loop
vertex 1.006734 -1.401808 3.528945
vertex 0.749252 -1.084134 3.497219
vertex 0.820289 -1.498899 3.540260
endloop
endfacet
facet normal 0.00646152 0.0897959 0.995939
outer loop
vertex 1.341555 -1.153376 3.503443
vertex 1.026045 -0.894248 3.482127
vertex 1.180925 -1.286198 3.516461
endloop
endfacet
facet normal 0.00281212 0.0717369 0.99742
outer loop
vertex 1.616921 -0.841312 3.478436
vertex 1.203429 -0.716479 3.470623
vertex 1.487336 -1.004631 3.490547
endloop
endfacet
facet normal 0.0154196 0.0290296 0.99946
outer loop
vertex 1.838621 -0.437115 3.457676
vertex 1.850037 -0.398032 3.456365
vertex 1.837421 -0.282880 3.453215
endloop
endfacet
facet normal 0.015652 0.029055 0.999455
outer loop
vertex 1.853372 -0.358535 3.455164
vertex 1.837421 -0.282880 3.453215
vertex 1.850037 -0.398032 3.456365
endloop
endfacet
facet normal 0.00519206 0.0236361 0.999707
outer loop
vertex 1.794292 -0.218720 3.451922
vertex 1.727308 -0.174399 3.451222
vertex 1.837421 -0.282880 3.453215
endloop
endfacet
facet normal 0.00264333 0.0197856 0.999801
outer loop
vertex 1.727308 -0.174399 3.451222
vertex 1.794292 -0.218720 3.451922
vertex 1.763429 -0.193441 3.451503
endloop
endfacet
facet normal 3.27919e-05 0.0133135 0.999911
outer loop
vertex 1.648597 -0.159686 3.451025
vertex 1.572970 -0.175723 3.451241
vertex 1.688358 -0.163025 3.451068
endloop
endfacet
facet normal -0.00446145 0.0224683 0.999738
outer loop
vertex 1.509049 -0.218756 3.451922
vertex 1.483773 -0.249628 3.452503
vertex 1.572970 -0.175723 3.451241
endloop
endfacet
facet normal -0.00384173 0.0325411 0.999463
outer loop
vertex 1.350884 -0.512408 3.460548
vertex 1.749218 -0.627932 3.465841
vertex 1.483773 -0.249628 3.452503
endloop
endfacet
facet normal 0.00338372 0.0211687 0.99977
outer loop
vertex -1.483893 -0.249413 3.452499
vertex -1.572939 -0.175748 3.451241
vertex -1.838646 -0.436975 3.457671
endloop
endfacet
facet normal -0.00719421 0.0258679 0.99964
outer loop
vertex -1.819043 -0.248814 3.452487
vertex -1.848972 -0.319522 3.454102
vertex -1.727285 -0.174399 3.451222
endloop
endfacet
facet normal 5.10114e-05 0.019796 0.999804
outer loop
vertex -1.727285 -0.174399 3.451222
vertex -1.848972 -0.319522 3.454102
vertex -1.572939 -0.175748 3.451241
endloop
endfacet
facet normal -0.00319236 0.0690028 0.997611
outer loop
vertex -1.541175 -0.940967 3.485571
vertex -1.230124 -0.684225 3.468808
vertex -1.616919 -0.841280 3.478434
endloop
endfacet
facet normal -0.00783351 0.0882529 0.996067
outer loop
vertex -1.214262 -1.260909 3.513873
vertex -1.057447 -0.866637 3.480173
vertex -1.310644 -1.181194 3.506052
endloop
endfacet
facet normal 0.00288387 0.115159 0.993343
outer loop
vertex -0.221732 -1.257336 3.513512
vertex -0.350442 -1.233757 3.511152
vertex -0.330815 -1.648513 3.559178
endloop
endfacet
facet normal -1.77673e-07 0.188039 0.982162
outer loop
vertex 0.000045 -2.400000 3.681405
vertex 0.112819 -2.365454 3.674791
vertex -0.112997 -2.365438 3.674788
endloop
endfacet
facet normal 3.6119e-07 0.179808 0.983702
outer loop
vertex 0.167302 -2.310905 3.664543
vertex 0.197582 -2.238987 3.651397
vertex -0.167480 -2.310890 3.664540
endloop
endfacet
facet normal 0.00398416 0.113368 0.993545
outer loop
vertex 0.415864 -1.632283 3.557039
vertex 0.622896 -1.576160 3.549805
vertex 0.434315 -1.212322 3.509045
endloop
endfacet
facet normal 0.00481399 0.0816887 0.996646
outer loop
vertex 1.487336 -1.004631 3.490547
vertex 1.118252 -0.808877 3.476285
vertex 1.341555 -1.153376 3.503443
endloop
endfacet
facet normal 0.00426648 0.0289461 0.999572
outer loop
vertex 1.838621 -0.437115 3.457676
vertex 1.837421 -0.282880 3.453215
vertex 1.572970 -0.175723 3.451241
endloop
endfacet
facet normal -3.67801e-05 0.0183309 0.999832
outer loop
vertex 1.727308 -0.174399 3.451222
vertex 1.572970 -0.175723 3.451241
vertex 1.837421 -0.282880 3.453215
endloop
endfacet
facet normal 4.02977e-06 0.0135748 0.999908
outer loop
vertex 1.727308 -0.174399 3.451222
vertex 1.688358 -0.163025 3.451068
vertex 1.572970 -0.175723 3.451241
endloop
endfacet
facet normal 0.00206712 0.0301521 0.999543
outer loop
vertex -1.483893 -0.249413 3.452499
vertex -1.787317 -0.552927 3.462282
vertex -1.372261 -0.476106 3.459107
endloop
endfacet
facet normal -0.00522413 0.0299185 0.999539
outer loop
vertex -1.838646 -0.436975 3.457671
vertex -1.572939 -0.175748 3.451241
vertex -1.848972 -0.319522 3.454102
endloop
endfacet
facet normal -0.00431505 0.0854427 0.996334
outer loop
vertex -1.310644 -1.181194 3.506052
vertex -1.057447 -0.866637 3.480173
vertex -1.430926 -1.065906 3.495645
endloop
endfacet
facet normal -0.0021108 0.116534 0.993185
outer loop
vertex -0.330815 -1.648513 3.559178
vertex -0.201896 -1.665823 3.561483
vertex -0.221732 -1.257336 3.513512
endloop
endfacet
facet normal -4.14712e-07 0.179812 0.983701
outer loop
vertex -0.197760 -2.238980 3.651396
vertex -0.167480 -2.310890 3.664540
vertex 0.197582 -2.238987 3.651397
endloop
endfacet
facet normal 0.00561874 0.0989906 0.995072
outer loop
vertex 1.180925 -1.286198 3.516461
vertex 0.857981 -1.019699 3.491773
vertex 1.006734 -1.401808 3.528945
endloop
endfacet
facet normal 0.0064314 0.0397399 0.999189
outer loop
vertex 1.749218 -0.627932 3.465841
vertex 1.838621 -0.437115 3.457676
vertex 1.483773 -0.249628 3.452503
endloop
endfacet
facet normal -0.00338731 0.0211725 0.99977
outer loop
vertex 1.483773 -0.249628 3.452503
vertex 1.838621 -0.437115 3.457676
vertex 1.572970 -0.175723 3.451241
endloop
endfacet
facet normal 0.00223164 0.0439118 0.999033
outer loop
vertex -1.372261 -0.476106 3.459107
vertex -1.708051 -0.701005 3.469742
vertex -1.305237 -0.583153 3.463662
endloop
endfacet
facet normal -0.00151998 0.049501 0.998773
outer loop
vertex -1.708051 -0.701005 3.469742
vertex -1.372261 -0.476106 3.459107
vertex -1.787317 -0.552927 3.462282
endloop
endfacet
facet normal -8.64281e-07 0.154978 0.987918
outer loop
vertex 0.197582 -2.238987 3.651397
vertex 0.201717 -1.665823 3.561483
vertex -0.197760 -2.238980 3.651396
endloop
endfacet
facet normal 0.00324284 0.0569193 0.998374
outer loop
vertex 1.616921 -0.841312 3.478436
vertex 1.749218 -0.627932 3.465841
vertex 1.350884 -0.512408 3.460548
endloop
endfacet
facet normal 0.0032308 0.053243 0.998576
outer loop
vertex -1.305237 -0.583153 3.463662
vertex -1.616919 -0.841280 3.478434
vertex -1.230124 -0.684225 3.468808
endloop
endfacet
facet normal -0.00109787 0.116688 0.993168
outer loop
vertex 0.221933 -1.257317 3.513510
vertex 0.000111 -1.272793 3.515083
vertex 0.201717 -1.665823 3.561483
endloop
endfacet
facet normal -0.00609814 0.0493848 0.998761
outer loop
vertex 1.281125 -0.617506 3.465319
vertex 1.616921 -0.841312 3.478436
vertex 1.350884 -0.512408 3.460548
endloop
endfacet
facet normal 0.00311555 0.0613931 0.998109
outer loop
vertex -1.230124 -0.684225 3.468808
vertex -1.541175 -0.940967 3.485571
vertex -1.147376 -0.778870 3.474371
endloop
endfacet
facet normal -0.00219128 0.0552296 0.998471
outer loop
vertex 1.203429 -0.716479 3.470623
vertex 1.616921 -0.841312 3.478436
vertex 1.281125 -0.617506 3.465319
endloop
endfacet
facet normal 0.00396897 0.0700099 0.997538
outer loop
vertex -1.147376 -0.778870 3.474371
vertex -1.430926 -1.065906 3.495645
vertex -1.057447 -0.866637 3.480173
endloop
endfacet
facet normal -0.00411478 0.0649439 0.997881
outer loop
vertex 1.118252 -0.808877 3.476285
vertex 1.487336 -1.004631 3.490547
vertex 1.203429 -0.716479 3.470623
endloop
endfacet
facet normal 0.0063553 0.0826515 0.996558
outer loop
vertex -1.057447 -0.866637 3.480173
vertex -1.214262 -1.260909 3.513873
vertex -0.892842 -0.996412 3.489887
endloop
endfacet
facet normal -0.00600682 0.0747173 0.997187
outer loop
vertex 1.026045 -0.894248 3.482127
vertex 1.341555 -1.153376 3.503443
vertex 1.118252 -0.808877 3.476285
endloop
endfacet
facet normal 0.00559628 0.0913073 0.995807
outer loop
vertex -0.892842 -0.996412 3.489887
vertex -1.078061 -1.357658 3.524051
vertex -0.785985 -1.063640 3.495450
endloop
endfacet
facet normal -0.00614904 0.084851 0.996375
outer loop
vertex 0.857981 -1.019699 3.491773
vertex 1.180925 -1.286198 3.516461
vertex 1.026045 -0.894248 3.482127
endloop
endfacet
facet normal 0.00494582 0.0968749 0.995284
outer loop
vertex -0.970507 -1.422699 3.531316
vertex -0.673612 -1.122340 3.500606
vertex -0.785985 -1.063640 3.495450
endloop
endfacet
facet normal -0.00611863 0.0944638 0.99551
outer loop
vertex 0.749252 -1.084134 3.497219
vertex 1.006734 -1.401808 3.528945
vertex 0.857981 -1.019699 3.491773
endloop
endfacet
facet normal -0.00492674 0.106533 0.994297
outer loop
vertex -0.970507 -1.422699 3.531316
vertex -0.858610 -1.480992 3.538116
vertex -0.673612 -1.122340 3.500606
endloop
endfacet
facet normal -0.00647031 0.102119 0.994751
outer loop
vertex 0.635158 -1.139893 3.502201
vertex 0.820289 -1.498899 3.540260
vertex 0.749252 -1.084134 3.497219
endloop
endfacet
facet normal -0.00589307 0.107025 0.994239
outer loop
vertex -0.858610 -1.480992 3.538116
vertex -0.742702 -1.532227 3.544318
vertex -0.673612 -1.122340 3.500606
endloop
endfacet
facet normal -0.00529347 0.108618 0.994069
outer loop
vertex 0.434315 -1.212322 3.509045
vertex 0.622896 -1.576160 3.549805
vertex 0.635158 -1.139893 3.502201
endloop
endfacet
facet normal 0.00487569 0.105231 0.994436
outer loop
vertex -0.475302 -1.199999 3.507851
vertex -0.673612 -1.122340 3.500606
vertex -0.742702 -1.532227 3.544318
endloop
endfacet
facet normal -0.00319987 0.11368 0.993512
outer loop
vertex 0.434315 -1.212322 3.509045
vertex 0.221933 -1.257317 3.513510
vertex 0.415864 -1.632283 3.557039
endloop
endfacet
facet normal -0.0042854 0.112517 0.99364
outer loop
vertex -0.742702 -1.532227 3.544318
vertex -0.582395 -1.589088 3.551449
vertex -0.475302 -1.199999 3.507851
endloop
endfacet
facet normal 0.00236197 0.116518 0.993186
outer loop
vertex 0.201717 -1.665823 3.561483
vertex 0.415864 -1.632283 3.557039
vertex 0.221933 -1.257317 3.513510
endloop
endfacet
facet normal -0.00426142 0.112511 0.993641
outer loop
vertex -0.582395 -1.589088 3.551449
vertex -0.458167 -1.622791 3.555798
vertex -0.475302 -1.199999 3.507851
endloop
endfacet
facet normal -0 0.117243 0.993103
outer loop
vertex -0.201896 -1.665823 3.561483
vertex 0.201717 -1.665823 3.561483
vertex 0.000111 -1.272793 3.515083
endloop
endfacet
facet normal -0.00371778 -0.17191 0.985106
outer loop
vertex -0.337371 2.347788 3.671446
vertex -0.209901 1.964725 3.605079
vertex -0.173070 2.387241 3.678951
endloop
endfacet
facet normal -0.00564697 -0.168958 0.985607
outer loop
vertex -0.597994 2.222828 3.648501
vertex -0.323912 1.916560 3.597569
vertex -0.453777 2.302467 3.662979
endloop
endfacet
facet normal 0.00169584 -0.13228 0.991211
outer loop
vertex -0.626439 1.595467 3.552265
vertex -0.565484 1.702006 3.566378
vertex -0.976196 1.799411 3.580080
endloop
endfacet
facet normal -0.001663 -0.137935 0.99044
outer loop
vertex -0.976196 1.799411 3.580080
vertex -1.025736 1.685302 3.564105
vertex -0.626439 1.595467 3.552265
endloop
endfacet
facet normal 0.00137801 -0.124651 0.9922
outer loop
vertex -0.656349 1.518284 3.542610
vertex -0.626439 1.595467 3.552265
vertex -1.025736 1.685302 3.564105
endloop
endfacet
facet normal -0.000727206 -0.122919 0.992416
outer loop
vertex -1.051586 1.605590 3.553566
vertex -1.078864 1.481457 3.538172
vertex -0.676926 1.436929 3.532951
endloop
endfacet
facet normal 0.000179021 -0.114852 0.993383
outer loop
vertex -1.078864 1.481457 3.538172
vertex -1.089041 1.395873 3.528278
vertex -0.676926 1.436929 3.532951
endloop
endfacet
facet normal -2.61703e-06 -0.0179224 0.999839
outer loop
vertex -1.091621 0.266361 3.452850
vertex -1.084774 0.179799 3.451299
vertex -0.687523 0.266701 3.452857
endloop
endfacet
facet normal -2.55499e-05 -0.00939548 0.999956
outer loop
vertex -1.062243 0.053955 3.450117
vertex -0.676926 0.181811 3.451328
vertex -1.084774 0.179799 3.451299
endloop
endfacet
facet normal -0.00528351 0.0183192 0.999818
outer loop
vertex -0.956902 -0.217210 3.451895
vertex -0.891286 -0.321577 3.454154
vertex -0.608185 -0.013591 3.450007
endloop
endfacet
facet normal 0.00461969 0.0172432 0.999841
outer loop
vertex -0.457560 -0.204806 3.451685
vertex -0.541196 -0.116068 3.450541
vertex -0.814693 -0.417539 3.457004
endloop
endfacet
facet normal -0.00529498 0.0425384 0.999081
outer loop
vertex -0.563193 -0.625964 3.465742
vertex -0.453778 -0.683723 3.468781
vertex -0.287086 -0.316245 3.454018
endloop
endfacet
facet normal -0.00555662 0.0426569 0.999074
outer loop
vertex -0.453778 -0.683723 3.468781
vertex -0.376870 -0.715384 3.470560
vertex -0.287086 -0.316245 3.454018
endloop
endfacet
facet normal -0.00433675 0.0445661 0.998997
outer loop
vertex -0.256452 -0.751862 3.472710
vertex -0.209901 -0.346175 3.454814
vertex -0.376870 -0.715384 3.470560
endloop
endfacet
facet normal -0.00290344 0.0464595 0.998916
outer loop
vertex -0.173019 -0.768506 3.473727
vertex -0.086500 -0.373360 3.455600
vertex -0.256452 -0.751862 3.472710
endloop
endfacet
facet normal 0.00162581 0.045742 0.998952
outer loop
vertex 0.043816 -0.781259 3.474521
vertex 0.172893 -0.768503 3.473727
vertex 0.128358 -0.366774 3.455404
endloop
endfacet
facet normal 0.00340147 0.0459383 0.998939
outer loop
vertex 0.337194 -0.729052 3.471353
vertex 0.128358 -0.366774 3.455404
vertex 0.172893 -0.768503 3.473727
endloop
endfacet
facet normal -0.00701873 0.0242734 0.999681
outer loop
vertex 0.486962 -0.176905 3.451257
vertex 0.426166 -0.230972 3.452143
vertex 0.696745 -0.531013 3.461328
endloop
endfacet
facet normal 0.00411395 0.0251644 0.999675
outer loop
vertex 0.814512 -0.417547 3.457004
vertex 0.914243 -0.287680 3.453325
vertex 0.541005 -0.116084 3.450541
endloop
endfacet
facet normal 0.00283217 0.00870293 0.999958
outer loop
vertex 1.025553 -0.066563 3.450178
vertex 0.642330 0.061271 3.450151
vertex 0.976014 -0.180673 3.451311
endloop
endfacet
facet normal 0.000581523 0.00195592 0.999998
outer loop
vertex 1.051402 0.013151 3.450007
vertex 0.642330 0.061271 3.450151
vertex 1.025553 -0.066563 3.450178
endloop
endfacet
facet normal 0.000352773 -0.019799 0.999804
outer loop
vertex 0.688689 0.310287 3.453868
vertex 0.676736 0.181804 3.451328
vertex 1.088856 0.222870 3.451996
endloop
endfacet
facet normal 2.54452e-05 -0.119801 0.992798
outer loop
vertex 1.084590 1.438946 3.533184
vertex 1.062058 1.564791 3.548370
vertex 0.676736 1.436931 3.532951
endloop
endfacet
facet normal 0.0016694 -0.135009 0.990843
outer loop
vertex 0.993909 1.762166 3.574751
vertex 0.642330 1.557442 3.547448
vertex 1.039213 1.645810 3.558820
endloop
endfacet
facet normal 0.00233103 -0.141916 0.989876
outer loop
vertex 0.956719 1.835959 3.585418
vertex 0.607994 1.632297 3.557041
vertex 0.993909 1.762166 3.574751
endloop
endfacet
facet normal 0.00478559 -0.15403 0.988055
outer loop
vertex 0.814512 2.036290 3.616582
vertex 0.541005 1.734742 3.570898
vertex 0.891105 1.940327 3.601252
endloop
endfacet
facet normal 0.00548323 -0.17023 0.985389
outer loop
vertex 0.453599 2.302475 3.662981
vertex 0.376692 2.334136 3.668878
vertex 0.286896 1.934821 3.600394
endloop
endfacet
facet normal 0.00297442 -0.173335 0.984859
outer loop
vertex 0.172841 2.387253 3.678953
vertex 0.128359 1.985306 3.608345
vertex 0.256274 2.370611 3.675772
endloop
endfacet
facet normal 0.00428104 -0.172062 0.985077
outer loop
vertex 0.256274 2.370611 3.675772
vertex 0.209714 1.964730 3.605080
vertex 0.376692 2.334136 3.668878
endloop
endfacet
facet normal -0.00557188 -0.16076 0.986978
outer loop
vertex 0.286896 1.934821 3.600394
vertex 0.393437 1.873866 3.591068
vertex 0.563014 2.244717 3.652429
endloop
endfacet
facet normal -0.00156324 -0.1736 0.984815
outer loop
vertex -0.173070 2.387241 3.678951
vertex -0.086500 1.991890 3.609397
vertex -0.043994 2.400000 3.681405
endloop
endfacet
facet normal -0.00536223 -0.152424 0.988301
outer loop
vertex -0.814693 2.036282 3.616581
vertex -0.914425 1.906417 3.596011
vertex -0.565484 1.702006 3.566378
endloop
endfacet
facet normal -0.00169498 -0.1463 0.989239
outer loop
vertex -0.914425 1.906417 3.596011
vertex -0.976196 1.799411 3.580080
vertex -0.565484 1.702006 3.566378
endloop
endfacet
facet normal -0.00137183 -0.130633 0.99143
outer loop
vertex -1.025736 1.685302 3.564105
vertex -1.051586 1.605590 3.553566
vertex -0.656349 1.518284 3.542610
endloop
endfacet
facet normal 0.00140724 -0.118247 0.992983
outer loop
vertex -0.676926 1.436929 3.532951
vertex -0.656349 1.518284 3.542610
vertex -1.051586 1.605590 3.553566
endloop
endfacet
facet normal 1.6965e-05 -0.0180119 0.999838
outer loop
vertex -0.687523 0.266701 3.452857
vertex -1.084774 0.179799 3.451299
vertex -0.676926 0.181811 3.451328
endloop
endfacet
facet normal -0.00484026 0.0258213 0.999655
outer loop
vertex -0.891286 -0.321577 3.454154
vertex -0.814693 -0.417539 3.457004
vertex -0.541196 -0.116068 3.450541
endloop
endfacet
facet normal -0.00659167 0.0383905 0.999241
outer loop
vertex -0.631940 -0.580918 3.463557
vertex -0.563193 -0.625964 3.465742
vertex -0.393628 -0.255254 3.452618
endloop
endfacet
facet normal 0.00528537 0.0402223 0.999177
outer loop
vertex -0.209901 -0.346175 3.454814
vertex -0.287086 -0.316245 3.454018
vertex -0.376870 -0.715384 3.470560
endloop
endfacet
facet normal -0.00153219 0.0463848 0.998922
outer loop
vertex 0.128358 -0.366774 3.455404
vertex -0.000089 -0.378734 3.455763
vertex 0.043816 -0.781259 3.474521
endloop
endfacet
facet normal -0.00538233 0.0165525 0.999849
outer loop
vertex 0.541005 -0.116084 3.450541
vertex 0.486962 -0.176905 3.451257
vertex 0.814512 -0.417547 3.457004
endloop
endfacet
facet normal 0.00271418 0.0172464 0.999848
outer loop
vertex 0.914243 -0.287680 3.453325
vertex 0.976014 -0.180673 3.451311
vertex 0.587649 -0.049157 3.450097
endloop
endfacet
facet normal -0.00912267 -0.0631351 0.997963
outer loop
vertex 1.091436 1.352383 3.523477
vertex 0.688689 0.310287 3.453868
vertex 1.088856 0.222870 3.451996
endloop
endfacet
facet normal 0.00252532 -0.127223 0.991871
outer loop
vertex 1.062058 1.564791 3.548370
vertex 1.039213 1.645810 3.558820
vertex 0.676736 1.436931 3.532951
endloop
endfacet
facet normal -0.00746671 -0.156177 0.987701
outer loop
vertex 0.393437 1.873866 3.591068
vertex 0.457368 1.823443 3.583578
vertex 0.631760 2.199670 3.644386
endloop
endfacet
facet normal -0.00521441 -0.167893 0.985791
outer loop
vertex 0.209714 1.964730 3.605080
vertex 0.286896 1.934821 3.600394
vertex 0.376692 2.334136 3.668878
endloop
endfacet
facet normal 3.12605e-07 -0.173912 0.984761
outer loop
vertex -0.043994 2.400000 3.681405
vertex 0.043475 1.995903 3.610040
vertex 0.043868 2.399999 3.681405
endloop
endfacet
facet normal 0.00700635 -0.143404 0.989639
outer loop
vertex -0.565484 1.702006 3.566378
vertex -0.515060 1.765936 3.575285
vertex -0.814693 2.036282 3.616581
endloop
endfacet
facet normal 0.00912017 -0.0666489 0.997735
outer loop
vertex -1.089041 1.395873 3.528278
vertex -1.091621 0.266361 3.452850
vertex -0.688879 1.308458 3.518781
endloop
endfacet
facet normal -0.000351187 -0.109598 0.993976
outer loop
vertex -0.688879 1.308458 3.518781
vertex -0.676926 1.436929 3.532951
vertex -1.089041 1.395873 3.528278
endloop
endfacet
facet normal -0.00700545 0.0347939 0.99937
outer loop
vertex -0.727941 -0.504293 3.460217
vertex -0.631940 -0.580918 3.463557
vertex -0.457560 -0.204806 3.451685
endloop
endfacet
facet normal -0.00158517 0.0461716 0.998932
outer loop
vertex -0.044046 -0.781255 3.474521
vertex -0.086500 -0.373360 3.455600
vertex -0.173019 -0.768506 3.473727
endloop
endfacet
facet normal -0.00281848 0.000909855 0.999996
outer loop
vertex 0.587649 -0.049157 3.450097
vertex 0.976014 -0.180673 3.451311
vertex 0.642330 0.061271 3.450151
endloop
endfacet
facet normal -1.68629e-05 -0.111351 0.993781
outer loop
vertex 0.676736 1.436931 3.532951
vertex 0.687334 1.352044 3.523440
vertex 1.084590 1.438946 3.533184
endloop
endfacet
facet normal 0.00153045 -0.173913 0.98476
outer loop
vertex 0.043868 2.399999 3.681405
vertex 0.043475 1.995903 3.610040
vertex 0.172841 2.387253 3.678953
endloop
endfacet
facet normal 0.00401143 -0.146654 0.98918
outer loop
vertex -0.515060 1.765936 3.575285
vertex -0.457560 1.823435 3.583577
vertex -0.814693 2.036282 3.616581
endloop
endfacet
facet normal 3.54748e-05 -0.0631549 0.998004
outer loop
vertex -0.687523 0.266701 3.452857
vertex -0.688879 1.308458 3.518781
vertex -1.091621 0.266361 3.452850
endloop
endfacet
facet normal 0.00755483 0.0280498 0.999578
outer loop
vertex -0.393628 -0.255254 3.452618
vertex -0.457560 -0.204806 3.451685
vertex -0.631940 -0.580918 3.463557
endloop
endfacet
facet normal 0.00691852 -0.162676 0.986655
outer loop
vertex 0.727761 2.123045 3.631079
vertex 0.631760 2.199670 3.644386
vertex 0.457368 1.823443 3.583578
endloop
endfacet
facet normal -0.00476427 -0.161031 0.986938
outer loop
vertex -0.696924 2.149748 3.635663
vertex -0.814693 2.036282 3.616581
vertex -0.457560 1.823435 3.583577
endloop
endfacet
facet normal -0.00254664 -0.00179809 0.999995
outer loop
vertex -1.062243 0.053955 3.450117
vertex -1.039397 -0.027064 3.450029
vertex -0.676926 0.181811 3.451328
endloop
endfacet
facet normal 0.00547206 -0.153708 0.988101
outer loop
vertex -0.457560 1.823435 3.583577
vertex -0.393629 1.873858 3.591066
vertex -0.696924 2.149748 3.635663
endloop
endfacet
facet normal 0.00175593 -0.0092643 0.999956
outer loop
vertex -0.642521 0.061283 3.450151
vertex -0.676926 0.181811 3.451328
vertex -1.039397 -0.027064 3.450029
endloop
endfacet
facet normal -0.00563615 -0.165608 0.986176
outer loop
vertex -0.597994 2.222828 3.648501
vertex -0.696924 2.149748 3.635663
vertex -0.393629 1.873858 3.591066
endloop
endfacet
facet normal -0.00168513 0.00619373 0.999979
outer loop
vertex -1.039397 -0.027064 3.450029
vertex -0.994092 -0.143419 3.450826
vertex -0.642521 0.061283 3.450151
endloop
endfacet
facet normal 0.00547556 -0.159272 0.987219
outer loop
vertex -0.393629 1.873858 3.591066
vertex -0.323912 1.916560 3.597569
vertex -0.597994 2.222828 3.648501
endloop
endfacet
facet normal 0.00239724 -0.000817586 0.999997
outer loop
vertex -0.608185 -0.013591 3.450007
vertex -0.642521 0.061283 3.450151
vertex -0.994092 -0.143419 3.450826
endloop
endfacet
facet normal 0.00495023 -0.165492 0.986199
outer loop
vertex -0.323912 1.916560 3.597569
vertex -0.209901 1.964725 3.605079
vertex -0.453777 2.302467 3.662979
endloop
endfacet
facet normal -0.00235268 0.0133007 0.999909
outer loop
vertex -0.994092 -0.143419 3.450826
vertex -0.956902 -0.217210 3.451895
vertex -0.608185 -0.013591 3.450007
endloop
endfacet
facet normal -0.00460698 -0.172196 0.985052
outer loop
vertex -0.337371 2.347788 3.671446
vertex -0.453777 2.302467 3.662979
vertex -0.209901 1.964725 3.605079
endloop
endfacet
facet normal 0.00524858 0.00863988 0.999949
outer loop
vertex -0.541196 -0.116068 3.450541
vertex -0.608185 -0.013591 3.450007
vertex -0.891286 -0.321577 3.454154
endloop
endfacet
facet normal 0.00351138 -0.172521 0.984999
outer loop
vertex -0.086500 1.991890 3.609397
vertex -0.173070 2.387241 3.678951
vertex -0.209901 1.964725 3.605079
endloop
endfacet
facet normal -0.0044883 0.032524 0.999461
outer loop
vertex -0.814693 -0.417539 3.457004
vertex -0.727941 -0.504293 3.460217
vertex -0.457560 -0.204806 3.451685
endloop
endfacet
facet normal 0.000494521 -0.173808 0.984779
outer loop
vertex 0.043475 1.995903 3.610040
vertex -0.043994 2.400000 3.681405
vertex -0.086500 1.991890 3.609397
endloop
endfacet
facet normal 0.00564245 0.0328018 0.999446
outer loop
vertex -0.287086 -0.316245 3.454018
vertex -0.393628 -0.255254 3.452618
vertex -0.563193 -0.625964 3.465742
endloop
endfacet
facet normal -0.00190687 -0.172811 0.984953
outer loop
vertex 0.128359 1.985306 3.608345
vertex 0.172841 2.387253 3.678953
vertex 0.043475 1.995903 3.610040
endloop
endfacet
facet normal 0.00326413 0.0436958 0.99904
outer loop
vertex -0.209901 -0.346175 3.454814
vertex -0.256452 -0.751862 3.472710
vertex -0.086500 -0.373360 3.455600
endloop
endfacet
facet normal -0.00374933 -0.171168 0.985235
outer loop
vertex 0.209714 1.964730 3.605080
vertex 0.256274 2.370611 3.675772
vertex 0.128359 1.985306 3.608345
endloop
endfacet
facet normal 0.00101129 0.0464413 0.998921
outer loop
vertex -0.086500 -0.373360 3.455600
vertex -0.044046 -0.781255 3.474521
vertex -0.000089 -0.378734 3.455763
endloop
endfacet
facet normal 0.00522486 -0.170116 0.98541
outer loop
vertex 0.563014 2.244717 3.652429
vertex 0.453599 2.302475 3.662981
vertex 0.286896 1.934821 3.600394
endloop
endfacet
facet normal -5.94749e-07 0.0465516 0.998916
outer loop
vertex -0.044046 -0.781255 3.474521
vertex 0.043816 -0.781259 3.474521
vertex -0.000089 -0.378734 3.455763
endloop
endfacet
facet normal 0.00650897 -0.166135 0.986082
outer loop
vertex 0.631760 2.199670 3.644386
vertex 0.563014 2.244717 3.652429
vertex 0.393437 1.873866 3.591068
endloop
endfacet
facet normal -0.00390631 0.0417337 0.999121
outer loop
vertex 0.337194 -0.729052 3.471353
vertex 0.248867 -0.332349 3.454437
vertex 0.128358 -0.366774 3.455404
endloop
endfacet
facet normal 0.00443706 -0.160496 0.987027
outer loop
vertex 0.814512 2.036290 3.616582
vertex 0.727761 2.123045 3.631079
vertex 0.457368 1.823443 3.583578
endloop
endfacet
facet normal 0.00505116 0.0437243 0.999031
outer loop
vertex 0.337194 -0.729052 3.471353
vertex 0.453599 -0.683732 3.468781
vertex 0.248867 -0.332349 3.454437
endloop
endfacet
facet normal -0.00457312 -0.145732 0.989314
outer loop
vertex 0.457368 1.823443 3.583578
vertex 0.541005 1.734742 3.570898
vertex 0.814512 2.036290 3.616582
endloop
endfacet
facet normal -0.00627028 0.0371385 0.99929
outer loop
vertex 0.359262 -0.277638 3.453097
vertex 0.248867 -0.332349 3.454437
vertex 0.453599 -0.683732 3.468781
endloop
endfacet
facet normal -0.00520075 -0.137385 0.990504
outer loop
vertex 0.541005 1.734742 3.570898
vertex 0.607994 1.632297 3.557041
vertex 0.891105 1.940327 3.601252
endloop
endfacet
facet normal 0.00641382 0.0400806 0.999176
outer loop
vertex 0.453599 -0.683732 3.468781
vertex 0.597815 -0.604093 3.464661
vertex 0.359262 -0.277638 3.453097
endloop
endfacet
facet normal 0.00522859 -0.146777 0.989156
outer loop
vertex 0.956719 1.835959 3.585418
vertex 0.891105 1.940327 3.601252
vertex 0.607994 1.632297 3.557041
endloop
endfacet
facet normal -0.00692083 0.0303485 0.999515
outer loop
vertex 0.426166 -0.230972 3.452143
vertex 0.359262 -0.277638 3.453097
vertex 0.597815 -0.604093 3.464661
endloop
endfacet
facet normal -0.00237705 -0.128181 0.991748
outer loop
vertex 0.642330 1.557442 3.547448
vertex 0.993909 1.762166 3.574751
vertex 0.607994 1.632297 3.557041
endloop
endfacet
facet normal 0.0066411 0.0365806 0.999309
outer loop
vertex 0.597815 -0.604093 3.464661
vertex 0.696745 -0.531013 3.461328
vertex 0.426166 -0.230972 3.452143
endloop
endfacet
facet normal -0.00174448 -0.119926 0.992781
outer loop
vertex 0.676736 1.436931 3.532951
vertex 1.039213 1.645810 3.558820
vertex 0.642330 1.557442 3.547448
endloop
endfacet
facet normal 0.00592657 0.0319366 0.999472
outer loop
vertex 0.696745 -0.531013 3.461328
vertex 0.814512 -0.417547 3.457004
vertex 0.486962 -0.176905 3.451257
endloop
endfacet
facet normal 3.20327e-06 -0.111442 0.993771
outer loop
vertex 1.091436 1.352383 3.523477
vertex 1.084590 1.438946 3.533184
vertex 0.687334 1.352044 3.523440
endloop
endfacet
facet normal -0.00333712 0.00896215 0.999954
outer loop
vertex 0.587649 -0.049157 3.450097
vertex 0.541005 -0.116084 3.450541
vertex 0.914243 -0.287680 3.453325
endloop
endfacet
facet normal -3.47525e-05 -0.0666349 0.997777
outer loop
vertex 0.687334 1.352044 3.523440
vertex 0.688689 0.310287 3.453868
vertex 1.091436 1.352383 3.523477
endloop
endfacet
facet normal -0.000771361 -0.00954493 0.999954
outer loop
vertex 1.051402 0.013151 3.450007
vertex 0.676736 0.181804 3.451328
vertex 0.642330 0.061271 3.450151
endloop
endfacet
facet normal -0.000180773 -0.014446 0.999896
outer loop
vertex 1.078680 0.137284 3.450757
vertex 1.088856 0.222870 3.451996
vertex 0.676736 0.181804 3.451328
endloop
endfacet
facet normal 0.000732124 -0.00620512 0.999981
outer loop
vertex 1.051402 0.013151 3.450007
vertex 1.078680 0.137284 3.450757
vertex 0.676736 0.181804 3.451328
endloop
endfacet
facet normal -0.558369 -0.829593 -0
outer loop
vertex -1.572939 -0.175748 3.657426
vertex -1.572939 -0.175748 3.451241
vertex -1.509018 -0.218771 3.451923
endloop
endfacet
facet normal -0.558369 -0.829593 0
outer loop
vertex -1.572939 -0.175748 3.657426
vertex -1.509018 -0.218771 3.451923
vertex -1.509018 -0.218771 3.659932
endloop
endfacet
facet normal -0.773287 -0.634056 0
outer loop
vertex -1.509018 -0.218771 3.451923
vertex -1.483893 -0.249413 3.452499
vertex -1.483893 -0.249413 3.661717
endloop
endfacet
facet normal -0.773287 -0.634056 0
outer loop
vertex -1.509018 -0.218771 3.451923
vertex -1.483893 -0.249413 3.661717
vertex -1.509018 -0.218771 3.659932
endloop
endfacet
facet normal -0.207463 -0.978243 -0
outer loop
vertex -1.648572 -0.159708 3.656491
vertex -1.648572 -0.159708 3.451025
vertex -1.572939 -0.175748 3.451241
endloop
endfacet
facet normal -0.207463 -0.978243 0
outer loop
vertex -1.648572 -0.159708 3.656491
vertex -1.572939 -0.175748 3.451241
vertex -1.572939 -0.175748 3.657426
endloop
endfacet
facet normal 0.0828013 -0.996566 0
outer loop
vertex -1.688073 -0.162990 3.656682
vertex -1.688073 -0.162990 3.451067
vertex -1.648572 -0.159708 3.451025
endloop
endfacet
facet normal 0.0828013 -0.996566 0
outer loop
vertex -1.688073 -0.162990 3.656682
vertex -1.648572 -0.159708 3.451025
vertex -1.648572 -0.159708 3.656491
endloop
endfacet
facet normal 0.279372 -0.960183 0
outer loop
vertex -1.727285 -0.174399 3.657347
vertex -1.727285 -0.174399 3.451222
vertex -1.688073 -0.162990 3.451067
endloop
endfacet
facet normal 0.279372 -0.960183 0
outer loop
vertex -1.727285 -0.174399 3.657347
vertex -1.688073 -0.162990 3.451067
vertex -1.688073 -0.162990 3.656682
endloop
endfacet
facet normal 0.466005 -0.884782 0
outer loop
vertex -1.763424 -0.193433 3.658456
vertex -1.763424 -0.193433 3.451503
vertex -1.727285 -0.174399 3.451222
endloop
endfacet
facet normal 0.466005 -0.884782 0
outer loop
vertex -1.763424 -0.193433 3.658456
vertex -1.727285 -0.174399 3.451222
vertex -1.727285 -0.174399 3.657347
endloop
endfacet
facet normal 0.705589 -0.708621 0
outer loop
vertex -1.819043 -0.248814 3.661682
vertex -1.819043 -0.248814 3.452487
vertex -1.763424 -0.193433 3.451503
endloop
endfacet
facet normal 0.705589 -0.708621 0
outer loop
vertex -1.819043 -0.248814 3.661682
vertex -1.763424 -0.193433 3.451503
vertex -1.763424 -0.193433 3.658456
endloop
endfacet
facet normal 0.98284 0.184462 0
outer loop
vertex -1.838646 -0.436975 3.672643
vertex -1.838646 -0.436975 3.457671
vertex -1.853372 -0.358513 3.455164
endloop
endfacet
facet normal 0.98284 0.184462 0
outer loop
vertex -1.838646 -0.436975 3.672643
vertex -1.853372 -0.358513 3.455164
vertex -1.853372 -0.358513 3.668072
endloop
endfacet
facet normal 0.993693 -0.112135 0
outer loop
vertex -1.853372 -0.358513 3.668072
vertex -1.853372 -0.358513 3.455164
vertex -1.848972 -0.319522 3.454102
endloop
endfacet
facet normal 0.993693 -0.112135 0
outer loop
vertex -1.853372 -0.358513 3.668072
vertex -1.848972 -0.319522 3.454102
vertex -1.848972 -0.319522 3.665801
endloop
endfacet
facet normal 0.914411 0.404787 0
outer loop
vertex -1.787317 -0.552927 3.679397
vertex -1.787317 -0.552927 3.462282
vertex -1.838646 -0.436975 3.457671
endloop
endfacet
facet normal 0.914411 0.404787 0
outer loop
vertex -1.787317 -0.552927 3.679397
vertex -1.838646 -0.436975 3.457671
vertex -1.838646 -0.436975 3.672643
endloop
endfacet
facet normal 0.838571 0.544792 0
outer loop
vertex -1.616919 -0.841280 3.696195
vertex -1.616919 -0.841280 3.478434
vertex -1.708051 -0.701005 3.469742
endloop
endfacet
facet normal 0.838571 0.544792 0
outer loop
vertex -1.616919 -0.841280 3.696195
vertex -1.708051 -0.701005 3.469742
vertex -1.708051 -0.701005 3.688023
endloop
endfacet
facet normal 0.749812 0.661651 0
outer loop
vertex -1.430926 -1.065906 3.709280
vertex -1.430926 -1.065906 3.495645
vertex -1.541175 -0.940967 3.485571
endloop
endfacet
facet normal 0.749812 0.661651 0
outer loop
vertex -1.430926 -1.065906 3.709280
vertex -1.541175 -0.940967 3.485571
vertex -1.541175 -0.940967 3.702002
endloop
endfacet
facet normal 0.579106 0.815252 0
outer loop
vertex -1.078061 -1.357658 3.524051
vertex -1.214262 -1.260909 3.513873
vertex -1.214262 -1.260909 3.720639
endloop
endfacet
facet normal 0.579106 0.815252 -0
outer loop
vertex -1.078061 -1.357658 3.524051
vertex -1.214262 -1.260909 3.720639
vertex -1.078061 -1.357658 3.726275
endloop
endfacet
facet normal 0.517468 0.855703 0
outer loop
vertex -0.970507 -1.422699 3.732572
vertex -0.970507 -1.422699 3.531316
vertex -1.078061 -1.357658 3.524051
endloop
endfacet
facet normal 0.517468 0.855703 -0
outer loop
vertex -1.078061 -1.357658 3.524051
vertex -1.078061 -1.357658 3.726275
vertex -1.008043 -1.400000 3.728742
endloop
endfacet
facet normal 0.517467 0.855703 4.29899e-07
outer loop
vertex -1.078061 -1.357658 3.524051
vertex -1.008043 -1.400000 3.728742
vertex -0.970507 -1.422699 3.732572
endloop
endfacet
facet normal -0.260996 -0.96534 -0
outer loop
vertex -0.475302 -1.199999 3.717091
vertex -0.475302 -1.199999 3.507851
vertex -0.350442 -1.233757 3.511152
endloop
endfacet
facet normal -0.260996 -0.96534 0
outer loop
vertex -0.475302 -1.199999 3.717091
vertex -0.350442 -1.233757 3.511152
vertex -0.350442 -1.233757 3.719058
endloop
endfacet
facet normal 0.197977 0.980207 0
outer loop
vertex -0.330815 -1.648513 3.559178
vertex -0.458167 -1.622791 3.555798
vertex -0.458167 -1.622791 3.766334
endloop
endfacet
facet normal 0.197977 0.980207 -0
outer loop
vertex -0.330815 -1.648513 3.559178
vertex -0.458167 -1.622791 3.766334
vertex -0.330815 -1.648513 3.770674
endloop
endfacet
facet normal -0.069507 -0.997581 -0
outer loop
vertex -0.221732 -1.257336 3.720431
vertex -0.221732 -1.257336 3.513512
vertex 0.000111 -1.272793 3.515083
endloop
endfacet
facet normal -0.069507 -0.997581 0
outer loop
vertex -0.221732 -1.257336 3.720431
vertex 0.000111 -1.272793 3.515083
vertex 0.000111 -1.272793 3.721332
endloop
endfacet
facet normal 0.707528 0.706685 0
outer loop
vertex -0.112997 -2.365438 3.891643
vertex -0.112997 -2.365438 3.674788
vertex -0.167480 -2.310890 3.664540
endloop
endfacet
facet normal 0.707528 0.706685 0
outer loop
vertex -0.112997 -2.365438 3.891643
vertex -0.167480 -2.310890 3.664540
vertex -0.167480 -2.310890 3.882439
endloop
endfacet
facet normal 0.100554 0.994932 0
outer loop
vertex 0.000045 -2.400000 3.681405
vertex -0.040870 -2.395865 3.680608
vertex -0.040870 -2.395865 3.896777
endloop
endfacet
facet normal 0.100554 0.994932 -0
outer loop
vertex 0.000045 -2.400000 3.681405
vertex -0.040870 -2.395865 3.896777
vertex 0.000045 -2.400000 3.897475
endloop
endfacet
facet normal 0.388683 0.921371 0
outer loop
vertex -0.040870 -2.395865 3.680608
vertex -0.112997 -2.365438 3.674788
vertex -0.112997 -2.365438 3.891643
endloop
endfacet
facet normal 0.388683 0.921371 -0
outer loop
vertex -0.040870 -2.395865 3.680608
vertex -0.112997 -2.365438 3.891643
vertex -0.040870 -2.395865 3.896777
endloop
endfacet
facet normal -0.388583 0.921414 0
outer loop
vertex 0.112819 -2.365454 3.674791
vertex 0.040691 -2.395872 3.680610
vertex 0.040691 -2.395872 3.896778
endloop
endfacet
facet normal -0.388583 0.921414 0
outer loop
vertex 0.112819 -2.365454 3.674791
vertex 0.040691 -2.395872 3.896778
vertex 0.112819 -2.365454 3.891646
endloop
endfacet
facet normal -0.10104 0.994882 0
outer loop
vertex 0.040691 -2.395872 3.680610
vertex 0.000045 -2.400000 3.681405
vertex 0.000045 -2.400000 3.897475
endloop
endfacet
facet normal -0.10104 0.994882 0
outer loop
vertex 0.040691 -2.395872 3.680610
vertex 0.000045 -2.400000 3.897475
vertex 0.040691 -2.395872 3.896778
endloop
endfacet
facet normal -0.707535 0.706679 0
outer loop
vertex 0.167302 -2.310905 3.664543
vertex 0.112819 -2.365454 3.674791
vertex 0.112819 -2.365454 3.891646
endloop
endfacet
facet normal -0.707535 0.706679 0
outer loop
vertex 0.167302 -2.310905 3.664543
vertex 0.112819 -2.365454 3.891646
vertex 0.167302 -2.310905 3.882442
endloop
endfacet
facet normal 0.999974 0.00721598 0
outer loop
vertex -0.197760 -2.238980 3.870306
vertex -0.197760 -2.238980 3.651396
vertex -0.201896 -1.665823 3.561483
endloop
endfacet
facet normal 0.999974 0.00721598 0
outer loop
vertex -0.197760 -2.238980 3.870306
vertex -0.201896 -1.665823 3.561483
vertex -0.201896 -1.665823 3.773595
endloop
endfacet
facet normal -0.364482 0.93121 0
outer loop
vertex 0.820289 -1.498899 3.540260
vertex 0.622896 -1.576160 3.549805
vertex 0.622896 -1.576160 3.758466
endloop
endfacet
facet normal -0.364482 0.93121 0
outer loop
vertex 0.820289 -1.498899 3.540260
vertex 0.622896 -1.576160 3.758466
vertex 0.820289 -1.498899 3.745430
endloop
endfacet
facet normal -0.461875 0.886945 0
outer loop
vertex 1.006734 -1.401808 3.528945
vertex 0.820289 -1.498899 3.540260
vertex 0.820289 -1.498899 3.745430
endloop
endfacet
facet normal -0.461875 0.886945 0
outer loop
vertex 1.006734 -1.401808 3.528945
vertex 0.820289 -1.498899 3.745430
vertex 1.006734 -1.401808 3.729047
endloop
endfacet
facet normal -0.637246 0.770661 0
outer loop
vertex 1.341555 -1.153376 3.503443
vertex 1.180925 -1.286198 3.516461
vertex 1.180925 -1.286198 3.722113
endloop
endfacet
facet normal -0.637246 0.770661 0
outer loop
vertex 1.341555 -1.153376 3.503443
vertex 1.180925 -1.286198 3.722113
vertex 1.341555 -1.153376 3.714375
endloop
endfacet
facet normal -0.783367 0.62156 0
outer loop
vertex 1.616921 -0.841312 3.478436
vertex 1.487336 -1.004631 3.490547
vertex 1.487336 -1.004631 3.705710
endloop
endfacet
facet normal -0.783367 0.62156 0
outer loop
vertex 1.616921 -0.841312 3.478436
vertex 1.487336 -1.004631 3.705710
vertex 1.616921 -0.841312 3.696197
endloop
endfacet
facet normal -0.959889 0.280379 0
outer loop
vertex 1.850037 -0.398032 3.456365
vertex 1.838621 -0.437115 3.457676
vertex 1.838621 -0.437115 3.672651
endloop
endfacet
facet normal -0.959889 0.280379 0
outer loop
vertex 1.850037 -0.398032 3.456365
vertex 1.838621 -0.437115 3.672651
vertex 1.850037 -0.398032 3.670374
endloop
endfacet
facet normal -0.978488 -0.206304 0
outer loop
vertex 1.837421 -0.282880 3.453215
vertex 1.853372 -0.358535 3.455164
vertex 1.853372 -0.358535 3.668073
endloop
endfacet
facet normal -0.978488 -0.206304 0
outer loop
vertex 1.837421 -0.282880 3.453215
vertex 1.853372 -0.358535 3.668073
vertex 1.837421 -0.282880 3.663666
endloop
endfacet
facet normal -0.996454 0.0841373 0
outer loop
vertex 1.853372 -0.358535 3.455164
vertex 1.850037 -0.398032 3.456365
vertex 1.850037 -0.398032 3.670374
endloop
endfacet
facet normal -0.996454 0.0841373 0
outer loop
vertex 1.853372 -0.358535 3.455164
vertex 1.850037 -0.398032 3.670374
vertex 1.853372 -0.358535 3.668073
endloop
endfacet
facet normal -0.829921 -0.557881 0
outer loop
vertex 1.794292 -0.218720 3.451922
vertex 1.837421 -0.282880 3.453215
vertex 1.837421 -0.282880 3.663666
endloop
endfacet
facet normal -0.829921 -0.557881 0
outer loop
vertex 1.794292 -0.218720 3.451922
vertex 1.837421 -0.282880 3.663666
vertex 1.794292 -0.218720 3.659929
endloop
endfacet
facet normal -0.633651 -0.773619 -0
outer loop
vertex 1.763429 -0.193441 3.658456
vertex 1.763429 -0.193441 3.451503
vertex 1.794292 -0.218720 3.451922
endloop
endfacet
facet normal -0.633651 -0.773619 0
outer loop
vertex 1.763429 -0.193441 3.658456
vertex 1.794292 -0.218720 3.451922
vertex 1.794292 -0.218720 3.659929
endloop
endfacet
facet normal -0.46634 -0.884606 -0
outer loop
vertex 1.727308 -0.174399 3.657347
vertex 1.727308 -0.174399 3.451222
vertex 1.763429 -0.193441 3.451503
endloop
endfacet
facet normal -0.46634 -0.884606 0
outer loop
vertex 1.727308 -0.174399 3.657347
vertex 1.763429 -0.193441 3.451503
vertex 1.763429 -0.193441 3.658456
endloop
endfacet
facet normal 0.207441 -0.978247 0
outer loop
vertex 1.572970 -0.175723 3.657424
vertex 1.572970 -0.175723 3.451241
vertex 1.648597 -0.159686 3.451025
endloop
endfacet
facet normal 0.207441 -0.978247 0
outer loop
vertex 1.572970 -0.175723 3.657424
vertex 1.648597 -0.159686 3.451025
vertex 1.648597 -0.159686 3.656490
endloop
endfacet
facet normal -0.0836825 -0.996493 -0
outer loop
vertex 1.648597 -0.159686 3.656490
vertex 1.648597 -0.159686 3.451025
vertex 1.688358 -0.163025 3.451068
endloop
endfacet
facet normal -0.0836825 -0.996492 0
outer loop
vertex 1.648597 -0.159686 3.656490
vertex 1.688358 -0.163025 3.451068
vertex 1.688358 -0.163025 3.656684
endloop
endfacet
facet normal 0.773747 -0.633495 0
outer loop
vertex 1.483773 -0.249628 3.661729
vertex 1.483773 -0.249628 3.452503
vertex 1.509049 -0.218756 3.451922
endloop
endfacet
facet normal 0.773747 -0.633495 0
outer loop
vertex 1.483773 -0.249628 3.661729
vertex 1.509049 -0.218756 3.451922
vertex 1.509049 -0.218756 3.659931
endloop
endfacet
facet normal 0.558459 -0.829532 0
outer loop
vertex 1.509049 -0.218756 3.659931
vertex 1.509049 -0.218756 3.451922
vertex 1.572970 -0.175723 3.451241
endloop
endfacet
facet normal 0.558459 -0.829532 0
outer loop
vertex 1.509049 -0.218756 3.659931
vertex 1.572970 -0.175723 3.451241
vertex 1.572970 -0.175723 3.657424
endloop
endfacet
facet normal 0.892382 -0.451281 0
outer loop
vertex 1.350884 -0.512408 3.677037
vertex 1.350884 -0.512408 3.460548
vertex 1.483773 -0.249628 3.452503
endloop
endfacet
facet normal 0.892382 -0.451281 0
outer loop
vertex 1.350884 -0.512408 3.677037
vertex 1.483773 -0.249628 3.452503
vertex 1.483773 -0.249628 3.661729
endloop
endfacet
facet normal 0.920902 -0.389795 0
outer loop
vertex -1.848972 -0.319522 3.665801
vertex -1.848972 -0.319522 3.454102
vertex -1.819043 -0.248814 3.452487
endloop
endfacet
facet normal 0.920902 -0.389795 0
outer loop
vertex -1.848972 -0.319522 3.665801
vertex -1.819043 -0.248814 3.452487
vertex -1.819043 -0.248814 3.661682
endloop
endfacet
facet normal 0.796232 0.604992 0
outer loop
vertex -1.541175 -0.940967 3.702002
vertex -1.541175 -0.940967 3.485571
vertex -1.616919 -0.841280 3.478434
endloop
endfacet
facet normal 0.796232 0.604992 0
outer loop
vertex -1.541175 -0.940967 3.702002
vertex -1.616919 -0.841280 3.478434
vertex -1.616919 -0.841280 3.696195
endloop
endfacet
facet normal 0.637333 0.770588 0
outer loop
vertex -1.214262 -1.260909 3.513873
vertex -1.310644 -1.181194 3.506052
vertex -1.310644 -1.181194 3.715996
endloop
endfacet
facet normal 0.637333 0.770588 -0
outer loop
vertex -1.214262 -1.260909 3.513873
vertex -1.310644 -1.181194 3.715996
vertex -1.214262 -1.260909 3.720639
endloop
endfacet
facet normal -0.180196 -0.983631 -0
outer loop
vertex -0.350442 -1.233757 3.719058
vertex -0.350442 -1.233757 3.511152
vertex -0.221732 -1.257336 3.513512
endloop
endfacet
facet normal -0.180196 -0.983631 0
outer loop
vertex -0.350442 -1.233757 3.719058
vertex -0.221732 -1.257336 3.513512
vertex -0.221732 -1.257336 3.720431
endloop
endfacet
facet normal -0.921641 0.388043 0
outer loop
vertex 0.197582 -2.238987 3.651397
vertex 0.167302 -2.310905 3.664543
vertex 0.167302 -2.310905 3.882442
endloop
endfacet
facet normal -0.921641 0.388043 0
outer loop
vertex 0.197582 -2.238987 3.651397
vertex 0.167302 -2.310905 3.882442
vertex 0.197582 -2.238987 3.870306
endloop
endfacet
facet normal -0.261641 0.965165 0
outer loop
vertex 0.622896 -1.576160 3.549805
vertex 0.415864 -1.632283 3.557039
vertex 0.415864 -1.632283 3.767936
endloop
endfacet
facet normal -0.261641 0.965165 0
outer loop
vertex 0.622896 -1.576160 3.549805
vertex 0.415864 -1.632283 3.767936
vertex 0.622896 -1.576160 3.758466
endloop
endfacet
facet normal -0.714186 0.699956 0
outer loop
vertex 1.487336 -1.004631 3.490547
vertex 1.341555 -1.153376 3.503443
vertex 1.341555 -1.153376 3.714375
endloop
endfacet
facet normal -0.714186 0.699956 0
outer loop
vertex 1.487336 -1.004631 3.490547
vertex 1.341555 -1.153376 3.714375
vertex 1.487336 -1.004631 3.705710
endloop
endfacet
facet normal -0.280308 -0.95991 -0
outer loop
vertex 1.688358 -0.163025 3.656684
vertex 1.688358 -0.163025 3.451068
vertex 1.727308 -0.174399 3.451222
endloop
endfacet
facet normal -0.280308 -0.95991 0
outer loop
vertex 1.688358 -0.163025 3.656684
vertex 1.727308 -0.174399 3.451222
vertex 1.727308 -0.174399 3.657347
endloop
endfacet
facet normal -0.897125 -0.441777 0
outer loop
vertex -1.483893 -0.249413 3.452499
vertex -1.372261 -0.476106 3.459107
vertex -1.372261 -0.476106 3.674922
endloop
endfacet
facet normal -0.897125 -0.441777 0
outer loop
vertex -1.483893 -0.249413 3.452499
vertex -1.372261 -0.476106 3.674922
vertex -1.483893 -0.249413 3.661717
endloop
endfacet
facet normal 0.691961 0.721935 0
outer loop
vertex -1.310644 -1.181194 3.506052
vertex -1.430926 -1.065906 3.495645
vertex -1.430926 -1.065906 3.709280
endloop
endfacet
facet normal 0.691961 0.721935 -0
outer loop
vertex -1.310644 -1.181194 3.506052
vertex -1.430926 -1.065906 3.709280
vertex -1.310644 -1.181194 3.715996
endloop
endfacet
facet normal 0.133076 0.991106 0
outer loop
vertex -0.201896 -1.665823 3.561483
vertex -0.330815 -1.648513 3.559178
vertex -0.330815 -1.648513 3.770674
endloop
endfacet
facet normal 0.133076 0.991106 -0
outer loop
vertex -0.201896 -1.665823 3.561483
vertex -0.330815 -1.648513 3.770674
vertex -0.201896 -1.665823 3.773595
endloop
endfacet
facet normal 0.921626 0.38808 0
outer loop
vertex -0.167480 -2.310890 3.882439
vertex -0.167480 -2.310890 3.664540
vertex -0.197760 -2.238980 3.651396
endloop
endfacet
facet normal 0.921626 0.38808 0
outer loop
vertex -0.167480 -2.310890 3.882439
vertex -0.197760 -2.238980 3.651396
vertex -0.197760 -2.238980 3.870306
endloop
endfacet
facet normal -0.552986 0.833191 0
outer loop
vertex 1.180925 -1.286198 3.722113
vertex 1.180925 -1.286198 3.516461
vertex 1.006734 -1.401808 3.528945
endloop
endfacet
facet normal -0.552991 0.833187 0
outer loop
vertex 1.006734 -1.401808 3.528945
vertex 1.006734 -1.401808 3.729047
vertex 1.009458 -1.400000 3.728742
endloop
endfacet
facet normal -0.552986 0.833191 -1.01873e-07
outer loop
vertex 1.006734 -1.401808 3.528945
vertex 1.009458 -1.400000 3.728742
vertex 1.180925 -1.286198 3.722113
endloop
endfacet
facet normal -0.905536 0.424269 0
outer loop
vertex 1.838621 -0.437115 3.457676
vertex 1.749218 -0.627932 3.465841
vertex 1.749218 -0.627932 3.683767
endloop
endfacet
facet normal -0.905536 0.424269 0
outer loop
vertex 1.838621 -0.437115 3.457676
vertex 1.749218 -0.627932 3.683767
vertex 1.838621 -0.437115 3.672651
endloop
endfacet
facet normal -0.847572 -0.53068 0
outer loop
vertex -1.372261 -0.476106 3.459107
vertex -1.305237 -0.583153 3.463662
vertex -1.305237 -0.583153 3.681158
endloop
endfacet
facet normal -0.847572 -0.53068 0
outer loop
vertex -1.372261 -0.476106 3.459107
vertex -1.305237 -0.583153 3.681158
vertex -1.372261 -0.476106 3.674922
endloop
endfacet
facet normal 0.881632 0.471937 0
outer loop
vertex -1.708051 -0.701005 3.688023
vertex -1.708051 -0.701005 3.469742
vertex -1.787317 -0.552927 3.462282
endloop
endfacet
facet normal 0.881632 0.471937 0
outer loop
vertex -1.708051 -0.701005 3.688023
vertex -1.787317 -0.552927 3.462282
vertex -1.787317 -0.552927 3.679397
endloop
endfacet
facet normal -0.999974 0.00721415 0
outer loop
vertex 0.201717 -1.665823 3.561483
vertex 0.197582 -2.238987 3.651397
vertex 0.197582 -2.238987 3.870306
endloop
endfacet
facet normal -0.999974 0.00721415 0
outer loop
vertex 0.201717 -1.665823 3.561483
vertex 0.197582 -2.238987 3.870306
vertex 0.201717 -1.665823 3.773595
endloop
endfacet
facet normal -0.8499 0.526944 0
outer loop
vertex 1.749218 -0.627932 3.465841
vertex 1.616921 -0.841312 3.478436
vertex 1.616921 -0.841312 3.696197
endloop
endfacet
facet normal -0.8499 0.526944 0
outer loop
vertex 1.749218 -0.627932 3.465841
vertex 1.616921 -0.841312 3.696197
vertex 1.749218 -0.627932 3.683767
endloop
endfacet
facet normal -0.802626 -0.596483 0
outer loop
vertex -1.305237 -0.583153 3.463662
vertex -1.230124 -0.684225 3.468808
vertex -1.230124 -0.684225 3.687046
endloop
endfacet
facet normal -0.802626 -0.596483 0
outer loop
vertex -1.305237 -0.583153 3.463662
vertex -1.230124 -0.684225 3.687046
vertex -1.305237 -0.583153 3.681158
endloop
endfacet
facet normal 0.069599 -0.997575 0
outer loop
vertex 0.000111 -1.272793 3.721332
vertex 0.000111 -1.272793 3.515083
vertex 0.221933 -1.257317 3.513510
endloop
endfacet
facet normal 0.0695989 -0.997575 0
outer loop
vertex 0.000111 -1.272793 3.721332
vertex 0.221933 -1.257317 3.513510
vertex 0.221933 -1.257317 3.720430
endloop
endfacet
facet normal 0.833169 -0.553018 0
outer loop
vertex 1.281125 -0.617506 3.683159
vertex 1.281125 -0.617506 3.465319
vertex 1.350884 -0.512408 3.460548
endloop
endfacet
facet normal 0.833169 -0.553018 0
outer loop
vertex 1.281125 -0.617506 3.683159
vertex 1.350884 -0.512408 3.460548
vertex 1.350884 -0.512408 3.677037
endloop
endfacet
facet normal -0.752838 -0.658206 0
outer loop
vertex -1.230124 -0.684225 3.468808
vertex -1.147376 -0.778870 3.474371
vertex -1.147376 -0.778870 3.692559
endloop
endfacet
facet normal -0.752838 -0.658206 0
outer loop
vertex -1.230124 -0.684225 3.468808
vertex -1.147376 -0.778870 3.692559
vertex -1.230124 -0.684225 3.687046
endloop
endfacet
facet normal 0.786583 -0.617485 0
outer loop
vertex 1.203429 -0.716479 3.688925
vertex 1.203429 -0.716479 3.470623
vertex 1.281125 -0.617506 3.465319
endloop
endfacet
facet normal 0.786583 -0.617485 0
outer loop
vertex 1.203429 -0.716479 3.688925
vertex 1.281125 -0.617506 3.465319
vertex 1.281125 -0.617506 3.683159
endloop
endfacet
facet normal -0.698452 -0.715657 -0
outer loop
vertex -1.147376 -0.778870 3.692559
vertex -1.147376 -0.778870 3.474371
vertex -1.057447 -0.866637 3.480173
endloop
endfacet
facet normal -0.698452 -0.715657 0
outer loop
vertex -1.147376 -0.778870 3.692559
vertex -1.057447 -0.866637 3.480173
vertex -1.057447 -0.866637 3.697672
endloop
endfacet
facet normal 0.735253 -0.677792 0
outer loop
vertex 1.118252 -0.808877 3.694307
vertex 1.118252 -0.808877 3.476285
vertex 1.203429 -0.716479 3.470623
endloop
endfacet
facet normal 0.735253 -0.677792 0
outer loop
vertex 1.118252 -0.808877 3.694307
vertex 1.203429 -0.716479 3.470623
vertex 1.203429 -0.716479 3.688925
endloop
endfacet
facet normal -0.619126 -0.785292 -0
outer loop
vertex -1.057447 -0.866637 3.697672
vertex -1.057447 -0.866637 3.480173
vertex -0.892842 -0.996412 3.489887
endloop
endfacet
facet normal -0.619126 -0.785292 0
outer loop
vertex -1.057447 -0.866637 3.697672
vertex -0.892842 -0.996412 3.489887
vertex -0.892842 -0.996412 3.705232
endloop
endfacet
facet normal 0.679383 -0.733784 0
outer loop
vertex 1.026045 -0.894248 3.699280
vertex 1.026045 -0.894248 3.482127
vertex 1.118252 -0.808877 3.476285
endloop
endfacet
facet normal 0.679383 -0.733784 0
outer loop
vertex 1.026045 -0.894248 3.699280
vertex 1.118252 -0.808877 3.476285
vertex 1.118252 -0.808877 3.694307
endloop
endfacet
facet normal -0.532516 -0.84642 -0
outer loop
vertex -0.892842 -0.996412 3.705232
vertex -0.892842 -0.996412 3.489887
vertex -0.785985 -1.063640 3.495450
endloop
endfacet
facet normal -0.532516 -0.84642 0
outer loop
vertex -0.892842 -0.996412 3.705232
vertex -0.785985 -1.063640 3.495450
vertex -0.785985 -1.063640 3.709148
endloop
endfacet
facet normal 0.598177 -0.801364 0
outer loop
vertex 0.857981 -1.019699 3.706588
vertex 0.857981 -1.019699 3.491773
vertex 1.026045 -0.894248 3.482127
endloop
endfacet
facet normal 0.598177 -0.801364 0
outer loop
vertex 0.857981 -1.019699 3.706588
vertex 1.026045 -0.894248 3.482127
vertex 1.026045 -0.894248 3.699280
endloop
endfacet
facet normal -0.463004 -0.886356 -0
outer loop
vertex -0.785985 -1.063640 3.709148
vertex -0.785985 -1.063640 3.495450
vertex -0.673612 -1.122340 3.500606
endloop
endfacet
facet normal -0.463004 -0.886356 0
outer loop
vertex -0.785985 -1.063640 3.709148
vertex -0.673612 -1.122340 3.500606
vertex -0.673612 -1.122340 3.712567
endloop
endfacet
facet normal 0.50982 -0.860281 0
outer loop
vertex 0.749252 -1.084134 3.710342
vertex 0.749252 -1.084134 3.497219
vertex 0.857981 -1.019699 3.491773
endloop
endfacet
facet normal 0.50982 -0.860281 0
outer loop
vertex 0.749252 -1.084134 3.710342
vertex 0.857981 -1.019699 3.491773
vertex 0.857981 -1.019699 3.706588
endloop
endfacet
facet normal 0.462017 0.886871 0
outer loop
vertex -0.858610 -1.480992 3.538116
vertex -0.970507 -1.422699 3.531316
vertex -0.970507 -1.422699 3.732572
endloop
endfacet
facet normal 0.462017 0.886871 -0
outer loop
vertex -0.858610 -1.480992 3.538116
vertex -0.970507 -1.422699 3.732572
vertex -0.858610 -1.480992 3.742408
endloop
endfacet
facet normal 0.439082 -0.898447 0
outer loop
vertex 0.635158 -1.139893 3.713590
vertex 0.635158 -1.139893 3.502201
vertex 0.749252 -1.084134 3.497219
endloop
endfacet
facet normal 0.439082 -0.898447 0
outer loop
vertex 0.635158 -1.139893 3.713590
vertex 0.749252 -1.084134 3.497219
vertex 0.749252 -1.084134 3.710342
endloop
endfacet
facet normal 0.404295 0.914628 0
outer loop
vertex -0.742702 -1.532227 3.544318
vertex -0.858610 -1.480992 3.538116
vertex -0.858610 -1.480992 3.742408
endloop
endfacet
facet normal 0.404295 0.914628 -0
outer loop
vertex -0.742702 -1.532227 3.544318
vertex -0.858610 -1.480992 3.742408
vertex -0.742702 -1.532227 3.751053
endloop
endfacet
facet normal 0.33924 -0.9407 0
outer loop
vertex 0.434315 -1.212322 3.717809
vertex 0.434315 -1.212322 3.509045
vertex 0.635158 -1.139893 3.502201
endloop
endfacet
facet normal 0.33924 -0.9407 0
outer loop
vertex 0.434315 -1.212322 3.717809
vertex 0.635158 -1.139893 3.502201
vertex 0.635158 -1.139893 3.713590
endloop
endfacet
facet normal -0.364641 -0.931148 -0
outer loop
vertex -0.673612 -1.122340 3.712567
vertex -0.673612 -1.122340 3.500606
vertex -0.475302 -1.199999 3.507851
endloop
endfacet
facet normal -0.364641 -0.931148 0
outer loop
vertex -0.673612 -1.122340 3.712567
vertex -0.475302 -1.199999 3.507851
vertex -0.475302 -1.199999 3.717091
endloop
endfacet
facet normal 0.207258 -0.978286 0
outer loop
vertex 0.221933 -1.257317 3.720430
vertex 0.221933 -1.257317 3.513510
vertex 0.434315 -1.212322 3.509045
endloop
endfacet
facet normal 0.207258 -0.978286 0
outer loop
vertex 0.221933 -1.257317 3.720430
vertex 0.434315 -1.212322 3.509045
vertex 0.434315 -1.212322 3.717809
endloop
endfacet
facet normal 0.334294 0.942469 0
outer loop
vertex -0.582395 -1.589088 3.551449
vertex -0.742702 -1.532227 3.544318
vertex -0.742702 -1.532227 3.751053
endloop
endfacet
facet normal 0.334294 0.942469 -0
outer loop
vertex -0.582395 -1.589088 3.551449
vertex -0.742702 -1.532227 3.751053
vertex -0.582395 -1.589088 3.760647
endloop
endfacet
facet normal -0.154735 0.987956 0
outer loop
vertex 0.415864 -1.632283 3.557039
vertex 0.201717 -1.665823 3.561483
vertex 0.201717 -1.665823 3.773595
endloop
endfacet
facet normal -0.154735 0.987956 0
outer loop
vertex 0.415864 -1.632283 3.557039
vertex 0.201717 -1.665823 3.773595
vertex 0.415864 -1.632283 3.767936
endloop
endfacet
facet normal 0.261835 0.965113 0
outer loop
vertex -0.458167 -1.622791 3.555798
vertex -0.582395 -1.589088 3.551449
vertex -0.582395 -1.589088 3.760647
endloop
endfacet
facet normal 0.261835 0.965113 -0
outer loop
vertex -0.458167 -1.622791 3.555798
vertex -0.582395 -1.589088 3.760647
vertex -0.458167 -1.622791 3.766334
endloop
endfacet
facet normal 0.233488 -0.97236 0
outer loop
vertex -0.337371 2.347788 3.888665
vertex -0.337371 2.347788 3.671446
vertex -0.173070 2.387241 3.678951
endloop
endfacet
facet normal 0.233488 -0.97236 0
outer loop
vertex -0.337371 2.347788 3.888665
vertex -0.173070 2.387241 3.678951
vertex -0.173070 2.387241 3.895322
endloop
endfacet
facet normal 0.483409 -0.875395 0
outer loop
vertex -0.597994 2.222828 3.867580
vertex -0.597994 2.222828 3.648501
vertex -0.453777 2.302467 3.662979
endloop
endfacet
facet normal 0.483409 -0.875395 0
outer loop
vertex -0.597994 2.222828 3.867580
vertex -0.453777 2.302467 3.662979
vertex -0.453777 2.302467 3.881018
endloop
endfacet
facet normal -0.867978 0.496603 0
outer loop
vertex -0.565484 1.702006 3.566378
vertex -0.626439 1.595467 3.552265
vertex -0.626439 1.595467 3.761724
endloop
endfacet
facet normal -0.867978 0.496603 0
outer loop
vertex -0.565484 1.702006 3.566378
vertex -0.626439 1.595467 3.761724
vertex -0.565484 1.702006 3.779700
endloop
endfacet
facet normal 0.917283 -0.398235 0
outer loop
vertex -1.025736 1.685302 3.776882
vertex -1.025736 1.685302 3.564105
vertex -0.976196 1.799411 3.580080
endloop
endfacet
facet normal 0.917283 -0.398235 0
outer loop
vertex -1.025736 1.685302 3.776882
vertex -0.976196 1.799411 3.580080
vertex -0.976196 1.799411 3.796136
endloop
endfacet
facet normal -0.932435 0.361338 0
outer loop
vertex -0.626439 1.595467 3.552265
vertex -0.656349 1.518284 3.542610
vertex -0.656349 1.518284 3.748700
endloop
endfacet
facet normal -0.932435 0.361338 0
outer loop
vertex -0.626439 1.595467 3.552265
vertex -0.656349 1.518284 3.748700
vertex -0.626439 1.595467 3.761724
endloop
endfacet
facet normal 0.976696 -0.214627 0
outer loop
vertex -1.078864 1.481457 3.742486
vertex -1.078864 1.481457 3.538172
vertex -1.051586 1.605590 3.553566
endloop
endfacet
facet normal 0.976696 -0.214627 0
outer loop
vertex -1.078864 1.481457 3.742486
vertex -1.051586 1.605590 3.553566
vertex -1.051586 1.605590 3.763432
endloop
endfacet
facet normal 0.993003 -0.118088 0
outer loop
vertex -1.088550 1.400000 3.728742
vertex -1.089041 1.395873 3.728502
vertex -1.089041 1.395873 3.528278
endloop
endfacet
facet normal 0.993004 -0.118081 0
outer loop
vertex -1.089041 1.395873 3.528278
vertex -1.078864 1.481457 3.538172
vertex -1.078864 1.481457 3.742486
endloop
endfacet
facet normal 0.993004 -0.11808 -1.54292e-07
outer loop
vertex -1.089041 1.395873 3.528278
vertex -1.078864 1.481457 3.742486
vertex -1.088550 1.400000 3.728742
endloop
endfacet
facet normal 0.996886 0.0788534 0
outer loop
vertex -1.084774 0.179799 3.657662
vertex -1.084774 0.179799 3.451299
vertex -1.091621 0.266361 3.452850
endloop
endfacet
facet normal 0.996886 0.0788534 0
outer loop
vertex -1.084774 0.179799 3.657662
vertex -1.091621 0.266361 3.452850
vertex -1.091621 0.266361 3.662704
endloop
endfacet
facet normal 0.984348 0.176237 0
outer loop
vertex -1.062243 0.053955 3.650331
vertex -1.062243 0.053955 3.450117
vertex -1.084774 0.179799 3.451299
endloop
endfacet
facet normal 0.984348 0.176237 0
outer loop
vertex -1.062243 0.053955 3.650331
vertex -1.084774 0.179799 3.451299
vertex -1.084774 0.179799 3.657662
endloop
endfacet
facet normal 0.846586 0.532252 0
outer loop
vertex -0.891286 -0.321577 3.665921
vertex -0.891286 -0.321577 3.454154
vertex -0.956902 -0.217210 3.451895
endloop
endfacet
facet normal 0.846586 0.532252 0
outer loop
vertex -0.891286 -0.321577 3.665921
vertex -0.956902 -0.217210 3.451895
vertex -0.956902 -0.217210 3.659841
endloop
endfacet
facet normal -0.727717 -0.685877 0
outer loop
vertex -0.541196 -0.116068 3.450541
vertex -0.457560 -0.204806 3.451685
vertex -0.457560 -0.204806 3.659118
endloop
endfacet
facet normal -0.727717 -0.685877 0
outer loop
vertex -0.541196 -0.116068 3.450541
vertex -0.457560 -0.204806 3.659118
vertex -0.541196 -0.116068 3.653949
endloop
endfacet
facet normal 0.466836 0.884344 0
outer loop
vertex -0.453778 -0.683723 3.468781
vertex -0.563193 -0.625964 3.465742
vertex -0.563193 -0.625964 3.683652
endloop
endfacet
facet normal 0.466836 0.884344 -0
outer loop
vertex -0.453778 -0.683723 3.468781
vertex -0.563193 -0.625964 3.683652
vertex -0.453778 -0.683723 3.687017
endloop
endfacet
facet normal 0.380678 0.924708 0
outer loop
vertex -0.376870 -0.715384 3.470560
vertex -0.453778 -0.683723 3.468781
vertex -0.453778 -0.683723 3.687017
endloop
endfacet
facet normal 0.380678 0.924708 -0
outer loop
vertex -0.376870 -0.715384 3.470560
vertex -0.453778 -0.683723 3.687017
vertex -0.376870 -0.715384 3.688861
endloop
endfacet
facet normal 0.289918 0.957052 0
outer loop
vertex -0.256452 -0.751862 3.472710
vertex -0.376870 -0.715384 3.470560
vertex -0.376870 -0.715384 3.688861
endloop
endfacet
facet normal 0.289918 0.957052 -0
outer loop
vertex -0.256452 -0.751862 3.472710
vertex -0.376870 -0.715384 3.688861
vertex -0.256452 -0.751862 3.690986
endloop
endfacet
facet normal 0.195635 0.980677 0
outer loop
vertex -0.173019 -0.768506 3.473727
vertex -0.256452 -0.751862 3.472710
vertex -0.256452 -0.751862 3.690986
endloop
endfacet
facet normal 0.195635 0.980677 -0
outer loop
vertex -0.173019 -0.768506 3.473727
vertex -0.256452 -0.751862 3.690986
vertex -0.173019 -0.768506 3.691956
endloop
endfacet
facet normal -0.0983456 0.995152 0
outer loop
vertex 0.172893 -0.768503 3.473727
vertex 0.043816 -0.781259 3.474521
vertex 0.043816 -0.781259 3.692698
endloop
endfacet
facet normal -0.0983456 0.995152 0
outer loop
vertex 0.172893 -0.768503 3.473727
vertex 0.043816 -0.781259 3.692698
vertex 0.172893 -0.768503 3.691955
endloop
endfacet
facet normal -0.233478 0.972362 0
outer loop
vertex 0.337194 -0.729052 3.471353
vertex 0.172893 -0.768503 3.473727
vertex 0.172893 -0.768503 3.691955
endloop
endfacet
facet normal -0.233478 0.972362 0
outer loop
vertex 0.337194 -0.729052 3.471353
vertex 0.172893 -0.768503 3.691955
vertex 0.337194 -0.729052 3.689657
endloop
endfacet
facet normal 0.664543 -0.74725 0
outer loop
vertex 0.426166 -0.230972 3.660643
vertex 0.426166 -0.230972 3.452143
vertex 0.486962 -0.176905 3.451257
endloop
endfacet
facet normal 0.664543 -0.74725 0
outer loop
vertex 0.426166 -0.230972 3.660643
vertex 0.486962 -0.176905 3.451257
vertex 0.486962 -0.176905 3.657493
endloop
endfacet
facet normal -0.793116 0.609071 0
outer loop
vertex 0.914243 -0.287680 3.453325
vertex 0.814512 -0.417547 3.457004
vertex 0.814512 -0.417547 3.671511
endloop
endfacet
facet normal -0.793116 0.609071 0
outer loop
vertex 0.914243 -0.287680 3.453325
vertex 0.814512 -0.417547 3.671511
vertex 0.914243 -0.287680 3.663946
endloop
endfacet
facet normal -0.917288 0.398225 0
outer loop
vertex 1.025553 -0.066563 3.450178
vertex 0.976014 -0.180673 3.451311
vertex 0.976014 -0.180673 3.657712
endloop
endfacet
facet normal -0.917288 0.398225 0
outer loop
vertex 1.025553 -0.066563 3.450178
vertex 0.976014 -0.180673 3.657712
vertex 1.025553 -0.066563 3.651065
endloop
endfacet
facet normal -0.951237 0.30846 0
outer loop
vertex 1.030924 -0.050000 3.650100
vertex 1.051402 0.013151 3.650100
vertex 1.051402 0.013151 3.450007
endloop
endfacet
facet normal -0.951238 0.308459 0
outer loop
vertex 1.051402 0.013151 3.450007
vertex 1.025553 -0.066563 3.450178
vertex 1.025553 -0.066563 3.651065
endloop
endfacet
facet normal -0.951238 0.308456 -1.25947e-06
outer loop
vertex 1.051402 0.013151 3.450007
vertex 1.025553 -0.066563 3.651065
vertex 1.030924 -0.050000 3.650100
endloop
endfacet
facet normal 0.9957 -0.0926317 0
outer loop
vertex 0.676736 0.181804 3.657779
vertex 0.676736 0.181804 3.451328
vertex 0.688689 0.310287 3.453868
endloop
endfacet
facet normal 0.9957 -0.0926317 0
outer loop
vertex 0.676736 0.181804 3.657779
vertex 0.688689 0.310287 3.453868
vertex 0.688689 0.310287 3.665263
endloop
endfacet
facet normal -0.984347 -0.176243 0
outer loop
vertex 1.062058 1.564791 3.548370
vertex 1.084590 1.438946 3.533184
vertex 1.084590 1.438946 3.735313
endloop
endfacet
facet normal -0.984347 -0.176243 0
outer loop
vertex 1.062058 1.564791 3.548370
vertex 1.084590 1.438946 3.735313
vertex 1.062058 1.564791 3.756547
endloop
endfacet
facet normal -0.931857 -0.362824 0
outer loop
vertex 0.993909 1.762166 3.574751
vertex 1.039213 1.645810 3.558820
vertex 1.039213 1.645810 3.770218
endloop
endfacet
facet normal -0.931858 -0.362825 0
outer loop
vertex 0.993909 1.762166 3.574751
vertex 1.039213 1.645810 3.770218
vertex 0.993909 1.762166 3.789851
endloop
endfacet
facet normal -0.893002 -0.450053 0
outer loop
vertex 0.956719 1.835959 3.585418
vertex 0.993909 1.762166 3.574751
vertex 0.993909 1.762166 3.789851
endloop
endfacet
facet normal -0.893002 -0.450053 0
outer loop
vertex 0.956719 1.835959 3.585418
vertex 0.993909 1.762166 3.789851
vertex 0.956719 1.835959 3.802303
endloop
endfacet
facet normal -0.781573 -0.623814 0
outer loop
vertex 0.814512 2.036290 3.616582
vertex 0.891105 1.940327 3.601252
vertex 0.891105 1.940327 3.819913
endloop
endfacet
facet normal -0.781573 -0.623814 0
outer loop
vertex 0.814512 2.036290 3.616582
vertex 0.891105 1.940327 3.819913
vertex 0.814512 2.036290 3.836105
endloop
endfacet
facet normal -0.380682 -0.924706 -0
outer loop
vertex 0.376692 2.334136 3.886361
vertex 0.376692 2.334136 3.668878
vertex 0.453599 2.302475 3.662981
endloop
endfacet
facet normal -0.380682 -0.924706 0
outer loop
vertex 0.376692 2.334136 3.886361
vertex 0.453599 2.302475 3.662981
vertex 0.453599 2.302475 3.881019
endloop
endfacet
facet normal -0.195613 -0.980681 -0
outer loop
vertex 0.172841 2.387253 3.895324
vertex 0.172841 2.387253 3.678953
vertex 0.256274 2.370611 3.675772
endloop
endfacet
facet normal -0.195613 -0.980681 0
outer loop
vertex 0.172841 2.387253 3.895324
vertex 0.256274 2.370611 3.675772
vertex 0.256274 2.370611 3.892516
endloop
endfacet
facet normal -0.289896 -0.957058 -0
outer loop
vertex 0.256274 2.370611 3.892516
vertex 0.256274 2.370611 3.675772
vertex 0.376692 2.334136 3.668878
endloop
endfacet
facet normal -0.289896 -0.957058 0
outer loop
vertex 0.256274 2.370611 3.892516
vertex 0.376692 2.334136 3.668878
vertex 0.376692 2.334136 3.886361
endloop
endfacet
facet normal 0.496596 0.867982 0
outer loop
vertex 0.393437 1.873866 3.591068
vertex 0.286896 1.934821 3.600394
vertex 0.286896 1.934821 3.818984
endloop
endfacet
facet normal 0.496596 0.867982 -0
outer loop
vertex 0.393437 1.873866 3.591068
vertex 0.286896 1.934821 3.818984
vertex 0.393437 1.873866 3.808699
endloop
endfacet
facet normal 0.0983709 -0.99515 0
outer loop
vertex -0.173070 2.387241 3.895322
vertex -0.173070 2.387241 3.678951
vertex -0.043994 2.400000 3.681405
endloop
endfacet
facet normal 0.0983709 -0.99515 0
outer loop
vertex -0.173070 2.387241 3.895322
vertex -0.043994 2.400000 3.681405
vertex -0.043994 2.400000 3.897475
endloop
endfacet
facet normal 0.793108 -0.609081 0
outer loop
vertex -0.914425 1.906417 3.814191
vertex -0.914425 1.906417 3.596011
vertex -0.814693 2.036282 3.616581
endloop
endfacet
facet normal 0.793108 -0.609081 0
outer loop
vertex -0.914425 1.906417 3.814191
vertex -0.814693 2.036282 3.616581
vertex -0.814693 2.036282 3.836104
endloop
endfacet
facet normal 0.866057 -0.499946 0
outer loop
vertex -0.976196 1.799411 3.796136
vertex -0.976196 1.799411 3.580080
vertex -0.914425 1.906417 3.596011
endloop
endfacet
facet normal 0.866057 -0.499946 0
outer loop
vertex -0.976196 1.799411 3.796136
vertex -0.914425 1.906417 3.596011
vertex -0.914425 1.906417 3.814191
endloop
endfacet
facet normal 0.951232 -0.308478 0
outer loop
vertex -1.051586 1.605590 3.763432
vertex -1.051586 1.605590 3.553566
vertex -1.025736 1.685302 3.564105
endloop
endfacet
facet normal 0.951232 -0.308478 0
outer loop
vertex -1.051586 1.605590 3.763432
vertex -1.025736 1.685302 3.564105
vertex -1.025736 1.685302 3.776882
endloop
endfacet
facet normal -0.969471 0.245207 0
outer loop
vertex -0.656349 1.518284 3.542610
vertex -0.676926 1.436929 3.532951
vertex -0.676926 1.436929 3.734973
endloop
endfacet
facet normal -0.969471 0.245207 0
outer loop
vertex -0.656349 1.518284 3.542610
vertex -0.676926 1.436929 3.734973
vertex -0.656349 1.518284 3.748700
endloop
endfacet
facet normal -0.992298 -0.123871 0
outer loop
vertex -0.687523 0.266701 3.452857
vertex -0.676926 0.181811 3.451328
vertex -0.676926 0.181811 3.657779
endloop
endfacet
facet normal -0.992298 -0.123871 0
outer loop
vertex -0.687523 0.266701 3.452857
vertex -0.676926 0.181811 3.657779
vertex -0.687523 0.266701 3.662724
endloop
endfacet
facet normal 0.78157 0.623818 0
outer loop
vertex -0.814693 -0.417539 3.671511
vertex -0.814693 -0.417539 3.457004
vertex -0.891286 -0.321577 3.454154
endloop
endfacet
facet normal 0.78157 0.623818 0
outer loop
vertex -0.814693 -0.417539 3.671511
vertex -0.891286 -0.321577 3.454154
vertex -0.891286 -0.321577 3.665921
endloop
endfacet
facet normal 0.548068 0.836434 0
outer loop
vertex -0.563193 -0.625964 3.465742
vertex -0.631940 -0.580918 3.463557
vertex -0.631940 -0.580918 3.681028
endloop
endfacet
facet normal 0.548068 0.836434 -0
outer loop
vertex -0.563193 -0.625964 3.465742
vertex -0.631940 -0.580918 3.681028
vertex -0.563193 -0.625964 3.683652
endloop
endfacet
facet normal -0.36154 -0.932357 -0
outer loop
vertex -0.287086 -0.316245 3.665610
vertex -0.287086 -0.316245 3.454018
vertex -0.209901 -0.346175 3.454814
endloop
endfacet
facet normal -0.36154 -0.932357 0
outer loop
vertex -0.287086 -0.316245 3.665610
vertex -0.209901 -0.346175 3.454814
vertex -0.209901 -0.346175 3.667354
endloop
endfacet
facet normal 0.0927113 -0.995693 0
outer loop
vertex -0.000089 -0.378734 3.669250
vertex -0.000089 -0.378734 3.455763
vertex 0.128358 -0.366774 3.455404
endloop
endfacet
facet normal 0.0927113 -0.995693 0
outer loop
vertex -0.000089 -0.378734 3.669250
vertex 0.128358 -0.366774 3.455404
vertex 0.128358 -0.366774 3.668554
endloop
endfacet
facet normal 0.747532 -0.664226 0
outer loop
vertex 0.486962 -0.176905 3.657493
vertex 0.486962 -0.176905 3.451257
vertex 0.541005 -0.116084 3.450541
endloop
endfacet
facet normal 0.747532 -0.664226 0
outer loop
vertex 0.486962 -0.176905 3.657493
vertex 0.541005 -0.116084 3.450541
vertex 0.541005 -0.116084 3.653950
endloop
endfacet
facet normal -0.866059 0.499942 0
outer loop
vertex 0.976014 -0.180673 3.451311
vertex 0.914243 -0.287680 3.453325
vertex 0.914243 -0.287680 3.663946
endloop
endfacet
facet normal -0.866059 0.499942 0
outer loop
vertex 0.976014 -0.180673 3.451311
vertex 0.914243 -0.287680 3.663946
vertex 0.976014 -0.180673 3.657712
endloop
endfacet
facet normal -0.999997 0.00228421 0
outer loop
vertex 1.091436 1.352383 3.523477
vertex 1.088856 0.222870 3.451996
vertex 1.088856 0.222870 3.660171
endloop
endfacet
facet normal -0.999997 0.00228421 0
outer loop
vertex 1.091436 1.352383 3.523477
vertex 1.088856 0.222870 3.660171
vertex 1.091436 1.352383 3.725968
endloop
endfacet
facet normal -0.96247 -0.271389 0
outer loop
vertex 1.039213 1.645810 3.558820
vertex 1.062058 1.564791 3.548370
vertex 1.062058 1.564791 3.756547
endloop
endfacet
facet normal -0.96247 -0.271389 0
outer loop
vertex 1.039213 1.645810 3.558820
vertex 1.062058 1.564791 3.756547
vertex 1.039213 1.645810 3.770218
endloop
endfacet
facet normal 0.619274 0.785175 0
outer loop
vertex 0.457368 1.823443 3.583578
vertex 0.393437 1.873866 3.591068
vertex 0.393437 1.873866 3.808699
endloop
endfacet
facet normal 0.619274 0.785175 -0
outer loop
vertex 0.457368 1.823443 3.583578
vertex 0.393437 1.873866 3.808699
vertex 0.457368 1.823443 3.800191
endloop
endfacet
facet normal 0.361332 0.932437 0
outer loop
vertex 0.286896 1.934821 3.600394
vertex 0.209714 1.964730 3.605080
vertex 0.209714 1.964730 3.824030
endloop
endfacet
facet normal 0.361332 0.932437 -0
outer loop
vertex 0.286896 1.934821 3.600394
vertex 0.209714 1.964730 3.824030
vertex 0.286896 1.934821 3.818984
endloop
endfacet
facet normal -1.35678e-05 -1 -0
outer loop
vertex -0.043994 2.400000 3.897475
vertex -0.043994 2.400000 3.681405
vertex 0.043868 2.399999 3.681405
endloop
endfacet
facet normal -1.35678e-05 -1 0
outer loop
vertex -0.043994 2.400000 3.897475
vertex 0.043868 2.399999 3.681405
vertex 0.043868 2.399999 3.897475
endloop
endfacet
facet normal -0.785164 0.619288 0
outer loop
vertex -0.515060 1.765936 3.575285
vertex -0.565484 1.702006 3.566378
vertex -0.565484 1.702006 3.779700
endloop
endfacet
facet normal -0.785164 0.619288 0
outer loop
vertex -0.515060 1.765936 3.575285
vertex -0.565484 1.702006 3.779700
vertex -0.515060 1.765936 3.790487
endloop
endfacet
facet normal 0.999997 -0.00228421 0
outer loop
vertex -1.091621 0.266361 3.662704
vertex -1.091621 0.266361 3.452850
vertex -1.089041 1.395873 3.528278
endloop
endfacet
facet normal 0.999997 -0.00228421 0
outer loop
vertex -1.091621 0.266361 3.662704
vertex -1.089041 1.395873 3.528278
vertex -1.089041 1.395873 3.728502
endloop
endfacet
facet normal -0.9957 0.0926403 0
outer loop
vertex -0.676926 1.436929 3.734973
vertex -0.676926 1.436929 3.532951
vertex -0.688879 1.308458 3.518781
endloop
endfacet
facet normal -0.9957 0.0926401 0
outer loop
vertex -0.688879 1.308458 3.518781
vertex -0.688879 1.308458 3.723409
vertex -0.680362 1.400000 3.728742
endloop
endfacet
facet normal -0.9957 0.0926409 -3.38874e-07
outer loop
vertex -0.688879 1.308458 3.518781
vertex -0.680362 1.400000 3.728742
vertex -0.676926 1.436929 3.734973
endloop
endfacet
facet normal 0.623822 0.781566 0
outer loop
vertex -0.631940 -0.580918 3.463557
vertex -0.727941 -0.504293 3.460217
vertex -0.727941 -0.504293 3.676564
endloop
endfacet
facet normal 0.623822 0.781566 -0
outer loop
vertex -0.631940 -0.580918 3.463557
vertex -0.727941 -0.504293 3.676564
vertex -0.631940 -0.580918 3.681028
endloop
endfacet
facet normal 0.0983708 0.99515 0
outer loop
vertex -0.044046 -0.781255 3.474521
vertex -0.173019 -0.768506 3.473727
vertex -0.173019 -0.768506 3.691956
endloop
endfacet
facet normal 0.0983708 0.99515 -0
outer loop
vertex -0.044046 -0.781255 3.474521
vertex -0.173019 -0.768506 3.691956
vertex -0.044046 -0.781255 3.692698
endloop
endfacet
facet normal 0.896151 -0.44375 0
outer loop
vertex 0.636749 0.050000 3.650100
vertex 0.587649 -0.049157 3.650100
vertex 0.587649 -0.049157 3.450097
endloop
endfacet
facet normal 0.896151 -0.44375 0
outer loop
vertex 0.587649 -0.049157 3.450097
vertex 0.642330 0.061271 3.450151
vertex 0.642330 0.061271 3.650757
endloop
endfacet
facet normal 0.896151 -0.443749 -7.62499e-07
outer loop
vertex 0.587649 -0.049157 3.450097
vertex 0.642330 0.061271 3.650757
vertex 0.636749 0.050000 3.650100
endloop
endfacet
facet normal 0.992296 0.123887 0
outer loop
vertex 0.681347 1.400000 3.728742
vertex 0.687334 1.352044 3.725948
vertex 0.687334 1.352044 3.523440
endloop
endfacet
facet normal 0.992296 0.123887 0
outer loop
vertex 0.687334 1.352044 3.523440
vertex 0.676736 1.436931 3.532951
vertex 0.676736 1.436931 3.734973
endloop
endfacet
facet normal 0.992296 0.123887 2.37915e-08
outer loop
vertex 0.687334 1.352044 3.523440
vertex 0.676736 1.436931 3.734973
vertex 0.681347 1.400000 3.728742
endloop
endfacet
facet normal -0.0983467 -0.995152 -0
outer loop
vertex 0.043868 2.399999 3.897475
vertex 0.043868 2.399999 3.681405
vertex 0.172841 2.387253 3.678953
endloop
endfacet
facet normal -0.0983467 -0.995152 0
outer loop
vertex 0.043868 2.399999 3.897475
vertex 0.172841 2.387253 3.678953
vertex 0.172841 2.387253 3.895324
endloop
endfacet
facet normal -0.7071 0.707113 0
outer loop
vertex -0.457560 1.823435 3.583577
vertex -0.515060 1.765936 3.575285
vertex -0.515060 1.765936 3.790487
endloop
endfacet
facet normal -0.7071 0.707113 0
outer loop
vertex -0.457560 1.823435 3.583577
vertex -0.515060 1.765936 3.790487
vertex -0.457560 1.823435 3.800189
endloop
endfacet
facet normal -0.999999 -0.00130165 0
outer loop
vertex -0.688879 1.308458 3.518781
vertex -0.687523 0.266701 3.452857
vertex -0.687523 0.266701 3.662724
endloop
endfacet
facet normal -0.999999 -0.00130165 0
outer loop
vertex -0.688879 1.308458 3.518781
vertex -0.687523 0.266701 3.662724
vertex -0.688879 1.308458 3.723409
endloop
endfacet
facet normal -0.619458 -0.78503 -0
outer loop
vertex -0.457560 -0.204806 3.659118
vertex -0.457560 -0.204806 3.451685
vertex -0.393628 -0.255254 3.452618
endloop
endfacet
facet normal -0.619458 -0.78503 0
outer loop
vertex -0.457560 -0.204806 3.659118
vertex -0.393628 -0.255254 3.452618
vertex -0.393628 -0.255254 3.662057
endloop
endfacet
facet normal -0.623823 -0.781566 -0
outer loop
vertex 0.631760 2.199670 3.863672
vertex 0.631760 2.199670 3.644386
vertex 0.727761 2.123045 3.631079
endloop
endfacet
facet normal -0.623823 -0.781566 0
outer loop
vertex 0.631760 2.199670 3.863672
vertex 0.727761 2.123045 3.631079
vertex 0.727761 2.123045 3.850743
endloop
endfacet
facet normal 0.693828 -0.72014 0
outer loop
vertex -0.814693 2.036282 3.836104
vertex -0.814693 2.036282 3.616581
vertex -0.696924 2.149748 3.635663
endloop
endfacet
facet normal 0.693828 -0.72014 0
outer loop
vertex -0.814693 2.036282 3.836104
vertex -0.696924 2.149748 3.635663
vertex -0.696924 2.149748 3.855249
endloop
endfacet
facet normal 0.962467 0.2714 0
outer loop
vertex -1.061128 0.050000 3.650100
vertex -1.039397 -0.027064 3.650100
vertex -1.039397 -0.027064 3.450029
endloop
endfacet
facet normal 0.962467 0.271399 0
outer loop
vertex -1.039397 -0.027064 3.450029
vertex -1.062243 0.053955 3.450117
vertex -1.062243 0.053955 3.650331
endloop
endfacet
facet normal 0.962469 0.27139 3.91096e-06
outer loop
vertex -1.039397 -0.027064 3.450029
vertex -1.062243 0.053955 3.650331
vertex -1.061128 0.050000 3.650100
endloop
endfacet
facet normal -0.619275 0.785174 0
outer loop
vertex -0.393629 1.873858 3.591066
vertex -0.457560 1.823435 3.583577
vertex -0.457560 1.823435 3.800189
endloop
endfacet
facet normal -0.619275 0.785174 0
outer loop
vertex -0.393629 1.873858 3.591066
vertex -0.457560 1.823435 3.800189
vertex -0.393629 1.873858 3.808697
endloop
endfacet
facet normal -0.961591 -0.274488 0
outer loop
vertex -0.676926 0.181811 3.451328
vertex -0.642521 0.061283 3.450151
vertex -0.642521 0.061283 3.650758
endloop
endfacet
facet normal -0.96159 -0.274488 0
outer loop
vertex -0.676926 0.181811 3.451328
vertex -0.642521 0.061283 3.650758
vertex -0.676926 0.181811 3.657779
endloop
endfacet
facet normal 0.594169 -0.804341 0
outer loop
vertex -0.696924 2.149748 3.855249
vertex -0.696924 2.149748 3.635663
vertex -0.597994 2.222828 3.648501
endloop
endfacet
facet normal 0.594169 -0.804341 0
outer loop
vertex -0.696924 2.149748 3.855249
vertex -0.597994 2.222828 3.648501
vertex -0.597994 2.222828 3.867580
endloop
endfacet
facet normal 0.931853 0.362835 0
outer loop
vertex -1.030466 -0.050000 3.650100
vertex -0.994092 -0.143419 3.655542
vertex -0.994092 -0.143419 3.450826
endloop
endfacet
facet normal 0.931853 0.362835 0
outer loop
vertex -0.994092 -0.143419 3.450826
vertex -1.039397 -0.027064 3.450029
vertex -1.039397 -0.027064 3.650100
endloop
endfacet
facet normal 0.931853 0.362835 9.494e-08
outer loop
vertex -0.994092 -0.143419 3.450826
vertex -1.039397 -0.027064 3.650100
vertex -1.030466 -0.050000 3.650100
endloop
endfacet
facet normal -0.522316 0.852752 0
outer loop
vertex -0.323912 1.916560 3.597569
vertex -0.393629 1.873858 3.591066
vertex -0.393629 1.873858 3.808697
endloop
endfacet
facet normal -0.522316 0.852752 0
outer loop
vertex -0.323912 1.916560 3.597569
vertex -0.393629 1.873858 3.808697
vertex -0.323912 1.916560 3.815902
endloop
endfacet
facet normal -0.908978 -0.416844 0
outer loop
vertex -0.637347 0.050000 3.650100
vertex -0.642521 0.061283 3.650758
vertex -0.642521 0.061283 3.450151
endloop
endfacet
facet normal -0.908978 -0.416843 0
outer loop
vertex -0.642521 0.061283 3.450151
vertex -0.608185 -0.013591 3.450007
vertex -0.608185 -0.013591 3.650100
endloop
endfacet
facet normal -0.908979 -0.416843 8.11432e-08
outer loop
vertex -0.637347 0.050000 3.650100
vertex -0.642521 0.061283 3.450151
vertex -0.608185 -0.013591 3.650100
endloop
endfacet
facet normal -0.389157 0.921171 0
outer loop
vertex -0.209901 1.964725 3.605079
vertex -0.323912 1.916560 3.597569
vertex -0.323912 1.916560 3.815902
endloop
endfacet
facet normal -0.389157 0.921171 0
outer loop
vertex -0.209901 1.964725 3.605079
vertex -0.323912 1.916560 3.815902
vertex -0.209901 1.964725 3.824030
endloop
endfacet
facet normal 0.892997 0.450062 0
outer loop
vertex -0.956902 -0.217210 3.659841
vertex -0.956902 -0.217210 3.451895
vertex -0.994092 -0.143419 3.450826
endloop
endfacet
facet normal 0.892997 0.450062 0
outer loop
vertex -0.956902 -0.217210 3.659841
vertex -0.994092 -0.143419 3.450826
vertex -0.994092 -0.143419 3.655542
endloop
endfacet
facet normal 0.362808 -0.931864 0
outer loop
vertex -0.453777 2.302467 3.881018
vertex -0.453777 2.302467 3.662979
vertex -0.337371 2.347788 3.671446
endloop
endfacet
facet normal 0.362808 -0.931864 0
outer loop
vertex -0.453777 2.302467 3.881018
vertex -0.337371 2.347788 3.671446
vertex -0.337371 2.347788 3.888665
endloop
endfacet
facet normal -0.837026 -0.547162 -0
outer loop
vertex -0.608185 -0.013591 3.650100
vertex -0.608185 -0.013591 3.450007
vertex -0.541196 -0.116068 3.450541
endloop
endfacet
facet normal -0.837026 -0.547162 0
outer loop
vertex -0.541196 -0.116068 3.450541
vertex -0.541196 -0.116068 3.653949
vertex -0.584385 -0.050000 3.650100
endloop
endfacet
facet normal -0.837026 -0.547162 0
outer loop
vertex -0.541196 -0.116068 3.450541
vertex -0.584385 -0.050000 3.650100
vertex -0.608185 -0.013591 3.650100
endloop
endfacet
facet normal -0.214988 0.976617 0
outer loop
vertex -0.086500 1.991890 3.609397
vertex -0.209901 1.964725 3.605079
vertex -0.209901 1.964725 3.824030
endloop
endfacet
facet normal -0.214988 0.976617 0
outer loop
vertex -0.086500 1.991890 3.609397
vertex -0.209901 1.964725 3.824030
vertex -0.086500 1.991890 3.828613
endloop
endfacet
facet normal 0.707115 0.707099 0
outer loop
vertex -0.727941 -0.504293 3.676564
vertex -0.727941 -0.504293 3.460217
vertex -0.814693 -0.417539 3.457004
endloop
endfacet
facet normal 0.707115 0.707098 0
outer loop
vertex -0.727941 -0.504293 3.676564
vertex -0.814693 -0.417539 3.457004
vertex -0.814693 -0.417539 3.671511
endloop
endfacet
facet normal -0.0308609 0.999524 0
outer loop
vertex 0.043475 1.995903 3.610040
vertex -0.086500 1.991890 3.609397
vertex -0.086500 1.991890 3.828613
endloop
endfacet
facet normal -0.0308609 0.999524 0
outer loop
vertex 0.043475 1.995903 3.610040
vertex -0.086500 1.991890 3.828613
vertex 0.043475 1.995903 3.829290
endloop
endfacet
facet normal -0.496813 -0.867857 -0
outer loop
vertex -0.393628 -0.255254 3.662057
vertex -0.393628 -0.255254 3.452618
vertex -0.287086 -0.316245 3.454018
endloop
endfacet
facet normal -0.496813 -0.867857 0
outer loop
vertex -0.393628 -0.255254 3.662057
vertex -0.287086 -0.316245 3.454018
vertex -0.287086 -0.316245 3.665610
endloop
endfacet
facet normal 0.123879 0.992297 0
outer loop
vertex 0.128359 1.985306 3.608345
vertex 0.043475 1.995903 3.610040
vertex 0.043475 1.995903 3.829290
endloop
endfacet
facet normal 0.123879 0.992297 -0
outer loop
vertex 0.128359 1.985306 3.608345
vertex 0.043475 1.995903 3.829290
vertex 0.128359 1.985306 3.827502
endloop
endfacet
facet normal -0.21514 -0.976583 -0
outer loop
vertex -0.209901 -0.346175 3.667354
vertex -0.209901 -0.346175 3.454814
vertex -0.086500 -0.373360 3.455600
endloop
endfacet
facet normal -0.21514 -0.976583 0
outer loop
vertex -0.209901 -0.346175 3.667354
vertex -0.086500 -0.373360 3.455600
vertex -0.086500 -0.373360 3.668937
endloop
endfacet
facet normal 0.245196 0.969474 0
outer loop
vertex 0.209714 1.964730 3.605080
vertex 0.128359 1.985306 3.608345
vertex 0.128359 1.985306 3.827502
endloop
endfacet
facet normal 0.245196 0.969474 -0
outer loop
vertex 0.209714 1.964730 3.605080
vertex 0.128359 1.985306 3.827502
vertex 0.209714 1.964730 3.824030
endloop
endfacet
facet normal -0.0620711 -0.998072 -0
outer loop
vertex -0.086500 -0.373360 3.668937
vertex -0.086500 -0.373360 3.455600
vertex -0.000089 -0.378734 3.455763
endloop
endfacet
facet normal -0.0620711 -0.998072 0
outer loop
vertex -0.086500 -0.373360 3.668937
vertex -0.000089 -0.378734 3.455763
vertex -0.000089 -0.378734 3.669250
endloop
endfacet
facet normal -0.46683 -0.884347 -0
outer loop
vertex 0.453599 2.302475 3.881019
vertex 0.453599 2.302475 3.662981
vertex 0.563014 2.244717 3.652429
endloop
endfacet
facet normal -0.46683 -0.884347 0
outer loop
vertex 0.453599 2.302475 3.881019
vertex 0.563014 2.244717 3.652429
vertex 0.563014 2.244717 3.871274
endloop
endfacet
facet normal 4.54521e-05 1 0
outer loop
vertex 0.043816 -0.781259 3.474521
vertex -0.044046 -0.781255 3.474521
vertex -0.044046 -0.781255 3.692698
endloop
endfacet
facet normal 4.54521e-05 1 -0
outer loop
vertex 0.043816 -0.781259 3.474521
vertex -0.044046 -0.781255 3.692698
vertex 0.043816 -0.781259 3.692698
endloop
endfacet
facet normal -0.54808 -0.836426 -0
outer loop
vertex 0.563014 2.244717 3.871274
vertex 0.563014 2.244717 3.652429
vertex 0.631760 2.199670 3.644386
endloop
endfacet
facet normal -0.54808 -0.836426 0
outer loop
vertex 0.563014 2.244717 3.871274
vertex 0.631760 2.199670 3.644386
vertex 0.631760 2.199670 3.863672
endloop
endfacet
facet normal 0.274676 -0.961537 0
outer loop
vertex 0.128358 -0.366774 3.668554
vertex 0.128358 -0.366774 3.455404
vertex 0.248867 -0.332349 3.454437
endloop
endfacet
facet normal 0.274676 -0.961537 0
outer loop
vertex 0.128358 -0.366774 3.668554
vertex 0.248867 -0.332349 3.454437
vertex 0.248867 -0.332349 3.666548
endloop
endfacet
facet normal -0.707123 -0.707091 0
outer loop
vertex 0.727761 2.123045 3.631079
vertex 0.814512 2.036290 3.616582
vertex 0.814512 2.036290 3.836105
endloop
endfacet
facet normal -0.707123 -0.70709 0
outer loop
vertex 0.727761 2.123045 3.631079
vertex 0.814512 2.036290 3.836105
vertex 0.727761 2.123045 3.850743
endloop
endfacet
facet normal -0.362804 0.931866 0
outer loop
vertex 0.453599 -0.683732 3.468781
vertex 0.337194 -0.729052 3.471353
vertex 0.337194 -0.729052 3.689657
endloop
endfacet
facet normal -0.362804 0.931866 0
outer loop
vertex 0.453599 -0.683732 3.468781
vertex 0.337194 -0.729052 3.689657
vertex 0.453599 -0.683732 3.687017
endloop
endfacet
facet normal 0.72757 0.686033 0
outer loop
vertex 0.541005 1.734742 3.785224
vertex 0.541005 1.734742 3.570898
vertex 0.457368 1.823443 3.583578
endloop
endfacet
facet normal 0.72757 0.686033 0
outer loop
vertex 0.541005 1.734742 3.785224
vertex 0.457368 1.823443 3.583578
vertex 0.457368 1.823443 3.800191
endloop
endfacet
facet normal 0.444052 -0.896001 0
outer loop
vertex 0.248867 -0.332349 3.666548
vertex 0.248867 -0.332349 3.454437
vertex 0.359262 -0.277638 3.453097
endloop
endfacet
facet normal 0.444052 -0.896001 0
outer loop
vertex 0.248867 -0.332349 3.666548
vertex 0.359262 -0.277638 3.453097
vertex 0.359262 -0.277638 3.663361
endloop
endfacet
facet normal 0.836948 0.547282 0
outer loop
vertex 0.607994 1.632297 3.767938
vertex 0.607994 1.632297 3.557041
vertex 0.541005 1.734742 3.570898
endloop
endfacet
facet normal 0.836948 0.547282 0
outer loop
vertex 0.607994 1.632297 3.767938
vertex 0.541005 1.734742 3.570898
vertex 0.541005 1.734742 3.785224
endloop
endfacet
facet normal -0.48341 0.875394 0
outer loop
vertex 0.597815 -0.604093 3.464661
vertex 0.453599 -0.683732 3.468781
vertex 0.453599 -0.683732 3.687017
endloop
endfacet
facet normal -0.48341 0.875394 0
outer loop
vertex 0.597815 -0.604093 3.464661
vertex 0.453599 -0.683732 3.687017
vertex 0.597815 -0.604093 3.682378
endloop
endfacet
facet normal -0.846596 -0.532237 0
outer loop
vertex 0.891105 1.940327 3.601252
vertex 0.956719 1.835959 3.585418
vertex 0.956719 1.835959 3.802303
endloop
endfacet
facet normal -0.846596 -0.532237 0
outer loop
vertex 0.891105 1.940327 3.601252
vertex 0.956719 1.835959 3.802303
vertex 0.891105 1.940327 3.819913
endloop
endfacet
facet normal 0.572089 -0.820192 0
outer loop
vertex 0.359262 -0.277638 3.663361
vertex 0.359262 -0.277638 3.453097
vertex 0.426166 -0.230972 3.452143
endloop
endfacet
facet normal 0.572089 -0.820192 0
outer loop
vertex 0.359262 -0.277638 3.663361
vertex 0.426166 -0.230972 3.452143
vertex 0.426166 -0.230972 3.660643
endloop
endfacet
facet normal 0.908939 0.41693 0
outer loop
vertex 0.642330 1.557442 3.755307
vertex 0.642330 1.557442 3.547448
vertex 0.607994 1.632297 3.557041
endloop
endfacet
facet normal 0.908939 0.416929 0
outer loop
vertex 0.642330 1.557442 3.755307
vertex 0.607994 1.632297 3.557041
vertex 0.607994 1.632297 3.767938
endloop
endfacet
facet normal -0.594169 0.80434 0
outer loop
vertex 0.696745 -0.531013 3.461328
vertex 0.597815 -0.604093 3.464661
vertex 0.597815 -0.604093 3.682378
endloop
endfacet
facet normal -0.594169 0.80434 0
outer loop
vertex 0.696745 -0.531013 3.461328
vertex 0.597815 -0.604093 3.682378
vertex 0.696745 -0.531013 3.678121
endloop
endfacet
facet normal 0.961578 0.274532 0
outer loop
vertex 0.676736 1.436931 3.734973
vertex 0.676736 1.436931 3.532951
vertex 0.642330 1.557442 3.547448
endloop
endfacet
facet normal 0.961578 0.274532 0
outer loop
vertex 0.676736 1.436931 3.734973
vertex 0.642330 1.557442 3.547448
vertex 0.642330 1.557442 3.755307
endloop
endfacet
facet normal -0.693834 0.720135 0
outer loop
vertex 0.814512 -0.417547 3.457004
vertex 0.696745 -0.531013 3.461328
vertex 0.696745 -0.531013 3.678121
endloop
endfacet
facet normal -0.693834 0.720135 0
outer loop
vertex 0.814512 -0.417547 3.457004
vertex 0.696745 -0.531013 3.678121
vertex 0.814512 -0.417547 3.671511
endloop
endfacet
facet normal -0.996887 -0.0788415 -0
outer loop
vertex 1.084590 1.438946 3.735313
vertex 1.084590 1.438946 3.533184
vertex 1.091436 1.352383 3.523477
endloop
endfacet
facet normal -0.996887 -0.078842 0
outer loop
vertex 1.091436 1.352383 3.523477
vertex 1.091436 1.352383 3.725968
vertex 1.087670 1.400000 3.728742
endloop
endfacet
facet normal -0.996887 -0.0788409 -2.68174e-07
outer loop
vertex 1.091436 1.352383 3.523477
vertex 1.087670 1.400000 3.728742
vertex 1.084590 1.438946 3.735313
endloop
endfacet
facet normal 0.82041 -0.571775 0
outer loop
vertex 0.587061 -0.050000 3.650100
vertex 0.541005 -0.116084 3.653950
vertex 0.541005 -0.116084 3.450541
endloop
endfacet
facet normal 0.82041 -0.571775 0
outer loop
vertex 0.541005 -0.116084 3.450541
vertex 0.587649 -0.049157 3.450097
vertex 0.587649 -0.049157 3.650100
endloop
endfacet
facet normal 0.820409 -0.571777 1.13545e-06
outer loop
vertex 0.541005 -0.116084 3.450541
vertex 0.587649 -0.049157 3.650100
vertex 0.587061 -0.050000 3.650100
endloop
endfacet
facet normal 0.999999 0.00130068 0
outer loop
vertex 0.688689 0.310287 3.665263
vertex 0.688689 0.310287 3.453868
vertex 0.687334 1.352044 3.523440
endloop
endfacet
facet normal 0.999999 0.00130068 0
outer loop
vertex 0.688689 0.310287 3.665263
vertex 0.687334 1.352044 3.523440
vertex 0.687334 1.352044 3.725948
endloop
endfacet
facet normal 0.961591 -0.274485 0
outer loop
vertex 0.642330 0.061271 3.650757
vertex 0.642330 0.061271 3.450151
vertex 0.676736 0.181804 3.451328
endloop
endfacet
facet normal 0.961591 -0.274485 0
outer loop
vertex 0.642330 0.061271 3.650757
vertex 0.676736 0.181804 3.451328
vertex 0.676736 0.181804 3.657779
endloop
endfacet
facet normal -0.993006 0.118066 0
outer loop
vertex 1.088856 0.222870 3.451996
vertex 1.078680 0.137284 3.450757
vertex 1.078680 0.137284 3.655185
endloop
endfacet
facet normal -0.993006 0.118066 0
outer loop
vertex 1.088856 0.222870 3.451996
vertex 1.078680 0.137284 3.655185
vertex 1.088856 0.222870 3.660171
endloop
endfacet
facet normal -0.976696 0.214628 0
outer loop
vertex 1.078680 0.137284 3.655185
vertex 1.078680 0.137284 3.450757
vertex 1.051402 0.013151 3.450007
endloop
endfacet
facet normal -0.976696 0.214628 0
outer loop
vertex 1.051402 0.013151 3.450007
vertex 1.051402 0.013151 3.650100
vertex 1.059500 0.050000 3.650100
endloop
endfacet
facet normal -0.976696 0.214628 6.58091e-08
outer loop
vertex 1.051402 0.013151 3.450007
vertex 1.059500 0.050000 3.650100
vertex 1.078680 0.137284 3.655185
endloop
endfacet
endsolid
