solid keycaps/yolo
facet normal 0.758729 0.0372746 -0.650339
outer loop
vertex 8.700000 6.000000 0.000000
vertex 8.686998 6.264646 0.000000
vertex 8.985554 6.294052 0.350000
endloop
endfacet
facet normal 0.758729 0.037275 -0.650339
outer loop
vertex 8.700000 6.000000 0.000000
vertex 8.985554 6.294052 0.350000
vertex 9.000000 6.000000 0.350000
endloop
endfacet
facet normal 0.751421 0.111463 -0.65034
outer loop
vertex 8.686998 6.264646 0.000000
vertex 8.648120 6.526744 0.000000
vertex 8.942356 6.585271 0.350000
endloop
endfacet
facet normal 0.751422 0.111461 -0.650339
outer loop
vertex 8.686998 6.264646 0.000000
vertex 8.942356 6.585271 0.350000
vertex 8.985554 6.294052 0.350000
endloop
endfacet
facet normal 0.736879 0.184577 -0.650339
outer loop
vertex 8.648120 6.526744 0.000000
vertex 8.583739 6.783769 0.000000
vertex 8.870821 6.870854 0.350000
endloop
endfacet
facet normal 0.736878 0.184579 -0.65034
outer loop
vertex 8.648120 6.526744 0.000000
vertex 8.870821 6.870854 0.350000
vertex 8.942356 6.585271 0.350000
endloop
endfacet
facet normal 0.715237 0.255918 -0.65034
outer loop
vertex 8.583739 6.783769 0.000000
vertex 8.494474 7.033245 0.000000
vertex 8.771639 7.148050 0.350000
endloop
endfacet
facet normal 0.715239 0.255916 -0.650339
outer loop
vertex 8.583739 6.783769 0.000000
vertex 8.771639 7.148050 0.350000
vertex 8.870821 6.870854 0.350000
endloop
endfacet
facet normal 0.686711 0.324789 -0.650339
outer loop
vertex 8.494474 7.033245 0.000000
vertex 8.381187 7.272771 0.000000
vertex 8.645763 7.414190 0.350000
endloop
endfacet
facet normal 0.686709 0.324791 -0.65034
outer loop
vertex 8.494474 7.033245 0.000000
vertex 8.645763 7.414190 0.350000
vertex 8.771639 7.148050 0.350000
endloop
endfacet
facet normal 0.651569 0.390535 -0.650339
outer loop
vertex 8.381187 7.272771 0.000000
vertex 8.244968 7.500040 0.000000
vertex 8.494409 7.666711 0.350000
endloop
endfacet
facet normal 0.651569 0.390535 -0.650339
outer loop
vertex 8.381187 7.272771 0.000000
vertex 8.494409 7.666711 0.350000
vertex 8.645763 7.414190 0.350000
endloop
endfacet
facet normal 0.610152 0.452519 -0.650339
outer loop
vertex 8.244968 7.500040 0.000000
vertex 8.087129 7.712862 0.000000
vertex 8.319032 7.903180 0.350000
endloop
endfacet
facet normal 0.610153 0.452519 -0.650339
outer loop
vertex 8.244968 7.500040 0.000000
vertex 8.319032 7.903180 0.350000
vertex 8.494409 7.666711 0.350000
endloop
endfacet
facet normal 0.562858 0.510146 -0.65034
outer loop
vertex 8.087129 7.712862 0.000000
vertex 7.909188 7.909188 0.000000
vertex 8.121321 8.121321 0.350000
endloop
endfacet
facet normal 0.56286 0.510145 -0.650339
outer loop
vertex 8.087129 7.712862 0.000000
vertex 8.121321 8.121321 0.350000
vertex 8.319032 7.903180 0.350000
endloop
endfacet
facet normal 0.510147 0.562858 -0.650339
outer loop
vertex 7.909188 7.909188 0.000000
vertex 7.712862 8.087129 0.000000
vertex 7.903180 8.319032 0.350000
endloop
endfacet
facet normal 0.510145 0.562859 -0.65034
outer loop
vertex 7.909188 7.909188 0.000000
vertex 7.903180 8.319032 0.350000
vertex 8.121321 8.121321 0.350000
endloop
endfacet
facet normal 0.45252 0.610152 -0.650339
outer loop
vertex 7.712862 8.087129 0.000000
vertex 7.500040 8.244968 0.000000
vertex 7.666711 8.494409 0.350000
endloop
endfacet
facet normal 0.452519 0.610152 -0.650339
outer loop
vertex 7.712862 8.087129 0.000000
vertex 7.666711 8.494409 0.350000
vertex 7.903180 8.319032 0.350000
endloop
endfacet
facet normal 0.390535 0.651569 -0.650339
outer loop
vertex 7.500040 8.244968 0.000000
vertex 7.272771 8.381187 0.000000
vertex 7.414190 8.645763 0.350000
endloop
endfacet
facet normal 0.390535 0.651569 -0.650339
outer loop
vertex 7.500040 8.244968 0.000000
vertex 7.414190 8.645763 0.350000
vertex 7.666711 8.494409 0.350000
endloop
endfacet
facet normal 0.324788 0.68671 -0.65034
outer loop
vertex 7.272771 8.381187 0.000000
vertex 7.033245 8.494474 0.000000
vertex 7.148050 8.771639 0.350000
endloop
endfacet
facet normal 0.324791 0.68671 -0.650339
outer loop
vertex 7.272771 8.381187 0.000000
vertex 7.148050 8.771639 0.350000
vertex 7.414190 8.645763 0.350000
endloop
endfacet
facet normal 0.255919 0.715238 -0.650339
outer loop
vertex 7.033245 8.494474 0.000000
vertex 6.783769 8.583739 0.000000
vertex 6.870854 8.870821 0.350000
endloop
endfacet
facet normal 0.255915 0.715238 -0.65034
outer loop
vertex 7.033245 8.494474 0.000000
vertex 6.870854 8.870821 0.350000
vertex 7.148050 8.771639 0.350000
endloop
endfacet
facet normal 0.184576 0.736878 -0.65034
outer loop
vertex 6.783769 8.583739 0.000000
vertex 6.526744 8.648120 0.000000
vertex 6.585271 8.942356 0.350000
endloop
endfacet
facet normal 0.184579 0.736879 -0.650339
outer loop
vertex 6.783769 8.583739 0.000000
vertex 6.585271 8.942356 0.350000
vertex 6.870854 8.870821 0.350000
endloop
endfacet
facet normal 0.111463 0.751422 -0.650339
outer loop
vertex 6.526744 8.648120 0.000000
vertex 6.264646 8.686998 0.000000
vertex 6.294052 8.985554 0.350000
endloop
endfacet
facet normal 0.111461 0.751422 -0.65034
outer loop
vertex 6.526744 8.648120 0.000000
vertex 6.294052 8.985554 0.350000
vertex 6.585271 8.942356 0.350000
endloop
endfacet
facet normal 0.0372746 0.758729 -0.650339
outer loop
vertex 6.264646 8.686998 0.000000
vertex 6.000000 8.700000 0.000000
vertex 6.000000 9.000000 0.350000
endloop
endfacet
facet normal 0.0372751 0.758729 -0.650339
outer loop
vertex 6.264646 8.686998 0.000000
vertex 6.000000 9.000000 0.350000
vertex 6.294052 8.985554 0.350000
endloop
endfacet
facet normal 0 0.759256 -0.650792
outer loop
vertex 6.000000 8.700000 0.000000
vertex -6.000000 8.700000 0.000000
vertex -6.000000 9.000000 0.350000
endloop
endfacet
facet normal 0 0.759256 -0.650792
outer loop
vertex 6.000000 8.700000 0.000000
vertex -6.000000 9.000000 0.350000
vertex 6.000000 9.000000 0.350000
endloop
endfacet
facet normal -0.0372746 0.758729 -0.650339
outer loop
vertex -6.000000 8.700000 0.000000
vertex -6.264646 8.686998 0.000000
vertex -6.294052 8.985554 0.350000
endloop
endfacet
facet normal -0.037275 0.758729 -0.650339
outer loop
vertex -6.000000 8.700000 0.000000
vertex -6.294052 8.985554 0.350000
vertex -6.000000 9.000000 0.350000
endloop
endfacet
facet normal -0.111463 0.751421 -0.65034
outer loop
vertex -6.264646 8.686998 0.000000
vertex -6.526744 8.648120 0.000000
vertex -6.585271 8.942356 0.350000
endloop
endfacet
facet normal -0.111461 0.751422 -0.650339
outer loop
vertex -6.264646 8.686998 0.000000
vertex -6.585271 8.942356 0.350000
vertex -6.294052 8.985554 0.350000
endloop
endfacet
facet normal -0.184577 0.736879 -0.650339
outer loop
vertex -6.526744 8.648120 0.000000
vertex -6.783769 8.583739 0.000000
vertex -6.870854 8.870821 0.350000
endloop
endfacet
facet normal -0.184579 0.736878 -0.65034
outer loop
vertex -6.526744 8.648120 0.000000
vertex -6.870854 8.870821 0.350000
vertex -6.585271 8.942356 0.350000
endloop
endfacet
facet normal -0.255918 0.715237 -0.65034
outer loop
vertex -6.783769 8.583739 0.000000
vertex -7.033245 8.494474 0.000000
vertex -7.148050 8.771639 0.350000
endloop
endfacet
facet normal -0.255916 0.715239 -0.650339
outer loop
vertex -6.783769 8.583739 0.000000
vertex -7.148050 8.771639 0.350000
vertex -6.870854 8.870821 0.350000
endloop
endfacet
facet normal -0.324789 0.686711 -0.650339
outer loop
vertex -7.033245 8.494474 0.000000
vertex -7.272771 8.381187 0.000000
vertex -7.414190 8.645763 0.350000
endloop
endfacet
facet normal -0.324791 0.686709 -0.65034
outer loop
vertex -7.033245 8.494474 0.000000
vertex -7.414190 8.645763 0.350000
vertex -7.148050 8.771639 0.350000
endloop
endfacet
facet normal -0.390535 0.651569 -0.650339
outer loop
vertex -7.272771 8.381187 0.000000
vertex -7.500040 8.244968 0.000000
vertex -7.666711 8.494409 0.350000
endloop
endfacet
facet normal -0.390535 0.651569 -0.650339
outer loop
vertex -7.272771 8.381187 0.000000
vertex -7.666711 8.494409 0.350000
vertex -7.414190 8.645763 0.350000
endloop
endfacet
facet normal -0.452519 0.610152 -0.650339
outer loop
vertex -7.500040 8.244968 0.000000
vertex -7.712862 8.087129 0.000000
vertex -7.903180 8.319032 0.350000
endloop
endfacet
facet normal -0.452519 0.610153 -0.650339
outer loop
vertex -7.500040 8.244968 0.000000
vertex -7.903180 8.319032 0.350000
vertex -7.666711 8.494409 0.350000
endloop
endfacet
facet normal -0.510146 0.562858 -0.65034
outer loop
vertex -7.712862 8.087129 0.000000
vertex -7.909188 7.909188 0.000000
vertex -8.121321 8.121321 0.350000
endloop
endfacet
facet normal -0.510145 0.56286 -0.650339
outer loop
vertex -7.712862 8.087129 0.000000
vertex -8.121321 8.121321 0.350000
vertex -7.903180 8.319032 0.350000
endloop
endfacet
facet normal -0.562858 0.510147 -0.650339
outer loop
vertex -7.909188 7.909188 0.000000
vertex -8.087129 7.712862 0.000000
vertex -8.319032 7.903180 0.350000
endloop
endfacet
facet normal -0.562859 0.510145 -0.65034
outer loop
vertex -7.909188 7.909188 0.000000
vertex -8.319032 7.903180 0.350000
vertex -8.121321 8.121321 0.350000
endloop
endfacet
facet normal -0.610152 0.45252 -0.650339
outer loop
vertex -8.087129 7.712862 0.000000
vertex -8.244968 7.500040 0.000000
vertex -8.494409 7.666711 0.350000
endloop
endfacet
facet normal -0.610152 0.452519 -0.650339
outer loop
vertex -8.087129 7.712862 0.000000
vertex -8.494409 7.666711 0.350000
vertex -8.319032 7.903180 0.350000
endloop
endfacet
facet normal -0.651569 0.390535 -0.650339
outer loop
vertex -8.244968 7.500040 0.000000
vertex -8.381187 7.272771 0.000000
vertex -8.645763 7.414190 0.350000
endloop
endfacet
facet normal -0.651569 0.390535 -0.650339
outer loop
vertex -8.244968 7.500040 0.000000
vertex -8.645763 7.414190 0.350000
vertex -8.494409 7.666711 0.350000
endloop
endfacet
facet normal -0.68671 0.324788 -0.65034
outer loop
vertex -8.381187 7.272771 0.000000
vertex -8.494474 7.033245 0.000000
vertex -8.771639 7.148050 0.350000
endloop
endfacet
facet normal -0.68671 0.324791 -0.650339
outer loop
vertex -8.381187 7.272771 0.000000
vertex -8.771639 7.148050 0.350000
vertex -8.645763 7.414190 0.350000
endloop
endfacet
facet normal -0.715238 0.255919 -0.650339
outer loop
vertex -8.494474 7.033245 0.000000
vertex -8.583739 6.783769 0.000000
vertex -8.870821 6.870854 0.350000
endloop
endfacet
facet normal -0.715238 0.255915 -0.65034
outer loop
vertex -8.494474 7.033245 0.000000
vertex -8.870821 6.870854 0.350000
vertex -8.771639 7.148050 0.350000
endloop
endfacet
facet normal -0.736878 0.184576 -0.65034
outer loop
vertex -8.583739 6.783769 0.000000
vertex -8.648120 6.526744 0.000000
vertex -8.942356 6.585271 0.350000
endloop
endfacet
facet normal -0.736879 0.184579 -0.650339
outer loop
vertex -8.583739 6.783769 0.000000
vertex -8.942356 6.585271 0.350000
vertex -8.870821 6.870854 0.350000
endloop
endfacet
facet normal -0.751422 0.111463 -0.650339
outer loop
vertex -8.648120 6.526744 0.000000
vertex -8.686998 6.264646 0.000000
vertex -8.985554 6.294052 0.350000
endloop
endfacet
facet normal -0.751422 0.111461 -0.65034
outer loop
vertex -8.648120 6.526744 0.000000
vertex -8.985554 6.294052 0.350000
vertex -8.942356 6.585271 0.350000
endloop
endfacet
facet normal -0.758729 0.0372746 -0.650339
outer loop
vertex -8.686998 6.264646 0.000000
vertex -8.700000 6.000000 0.000000
vertex -9.000000 6.000000 0.350000
endloop
endfacet
facet normal -0.758729 0.0372751 -0.650339
outer loop
vertex -8.686998 6.264646 0.000000
vertex -9.000000 6.000000 0.350000
vertex -8.985554 6.294052 0.350000
endloop
endfacet
facet normal -0.759256 -0 -0.650792
outer loop
vertex -8.700000 6.000000 0.000000
vertex -8.700000 -6.000000 0.000000
vertex -9.000000 -6.000000 0.350000
endloop
endfacet
facet normal -0.759256 0 -0.650792
outer loop
vertex -8.700000 6.000000 0.000000
vertex -9.000000 -6.000000 0.350000
vertex -9.000000 6.000000 0.350000
endloop
endfacet
facet normal -0.758729 -0.0372746 -0.650339
outer loop
vertex -8.700000 -6.000000 0.000000
vertex -8.686998 -6.264646 0.000000
vertex -8.985554 -6.294052 0.350000
endloop
endfacet
facet normal -0.758729 -0.037275 -0.650339
outer loop
vertex -8.700000 -6.000000 0.000000
vertex -8.985554 -6.294052 0.350000
vertex -9.000000 -6.000000 0.350000
endloop
endfacet
facet normal -0.751421 -0.111463 -0.65034
outer loop
vertex -8.686998 -6.264646 0.000000
vertex -8.648120 -6.526744 0.000000
vertex -8.942356 -6.585271 0.350000
endloop
endfacet
facet normal -0.751422 -0.111461 -0.650339
outer loop
vertex -8.686998 -6.264646 0.000000
vertex -8.942356 -6.585271 0.350000
vertex -8.985554 -6.294052 0.350000
endloop
endfacet
facet normal -0.736879 -0.184577 -0.650339
outer loop
vertex -8.648120 -6.526744 0.000000
vertex -8.583739 -6.783769 0.000000
vertex -8.870821 -6.870854 0.350000
endloop
endfacet
facet normal -0.736878 -0.184579 -0.65034
outer loop
vertex -8.648120 -6.526744 0.000000
vertex -8.870821 -6.870854 0.350000
vertex -8.942356 -6.585271 0.350000
endloop
endfacet
facet normal -0.715237 -0.255918 -0.65034
outer loop
vertex -8.583739 -6.783769 0.000000
vertex -8.494474 -7.033245 0.000000
vertex -8.771639 -7.148050 0.350000
endloop
endfacet
facet normal -0.715239 -0.255916 -0.650339
outer loop
vertex -8.583739 -6.783769 0.000000
vertex -8.771639 -7.148050 0.350000
vertex -8.870821 -6.870854 0.350000
endloop
endfacet
facet normal -0.686711 -0.324789 -0.650339
outer loop
vertex -8.494474 -7.033245 0.000000
vertex -8.381187 -7.272771 0.000000
vertex -8.645763 -7.414190 0.350000
endloop
endfacet
facet normal -0.686709 -0.324791 -0.65034
outer loop
vertex -8.494474 -7.033245 0.000000
vertex -8.645763 -7.414190 0.350000
vertex -8.771639 -7.148050 0.350000
endloop
endfacet
facet normal -0.651569 -0.390535 -0.650339
outer loop
vertex -8.381187 -7.272771 0.000000
vertex -8.244968 -7.500040 0.000000
vertex -8.494409 -7.666711 0.350000
endloop
endfacet
facet normal -0.651569 -0.390535 -0.650339
outer loop
vertex -8.381187 -7.272771 0.000000
vertex -8.494409 -7.666711 0.350000
vertex -8.645763 -7.414190 0.350000
endloop
endfacet
facet normal -0.610152 -0.452519 -0.650339
outer loop
vertex -8.244968 -7.500040 0.000000
vertex -8.087129 -7.712862 0.000000
vertex -8.319032 -7.903180 0.350000
endloop
endfacet
facet normal -0.610153 -0.452519 -0.650339
outer loop
vertex -8.244968 -7.500040 0.000000
vertex -8.319032 -7.903180 0.350000
vertex -8.494409 -7.666711 0.350000
endloop
endfacet
facet normal -0.562858 -0.510146 -0.65034
outer loop
vertex -8.087129 -7.712862 0.000000
vertex -7.909188 -7.909188 0.000000
vertex -8.121321 -8.121321 0.350000
endloop
endfacet
facet normal -0.56286 -0.510145 -0.650339
outer loop
vertex -8.087129 -7.712862 0.000000
vertex -8.121321 -8.121321 0.350000
vertex -8.319032 -7.903180 0.350000
endloop
endfacet
facet normal -0.510147 -0.562858 -0.650339
outer loop
vertex -7.909188 -7.909188 0.000000
vertex -7.712862 -8.087129 0.000000
vertex -7.903180 -8.319032 0.350000
endloop
endfacet
facet normal -0.510145 -0.562859 -0.65034
outer loop
vertex -7.909188 -7.909188 0.000000
vertex -7.903180 -8.319032 0.350000
vertex -8.121321 -8.121321 0.350000
endloop
endfacet
facet normal -0.45252 -0.610152 -0.650339
outer loop
vertex -7.712862 -8.087129 0.000000
vertex -7.500040 -8.244968 0.000000
vertex -7.666711 -8.494409 0.350000
endloop
endfacet
facet normal -0.452519 -0.610152 -0.650339
outer loop
vertex -7.712862 -8.087129 0.000000
vertex -7.666711 -8.494409 0.350000
vertex -7.903180 -8.319032 0.350000
endloop
endfacet
facet normal -0.390535 -0.651569 -0.650339
outer loop
vertex -7.500040 -8.244968 0.000000
vertex -7.272771 -8.381187 0.000000
vertex -7.414190 -8.645763 0.350000
endloop
endfacet
facet normal -0.390535 -0.651569 -0.650339
outer loop
vertex -7.500040 -8.244968 0.000000
vertex -7.414190 -8.645763 0.350000
vertex -7.666711 -8.494409 0.350000
endloop
endfacet
facet normal -0.324788 -0.68671 -0.65034
outer loop
vertex -7.272771 -8.381187 0.000000
vertex -7.033245 -8.494474 0.000000
vertex -7.148050 -8.771639 0.350000
endloop
endfacet
facet normal -0.324791 -0.68671 -0.650339
outer loop
vertex -7.272771 -8.381187 0.000000
vertex -7.148050 -8.771639 0.350000
vertex -7.414190 -8.645763 0.350000
endloop
endfacet
facet normal -0.255919 -0.715238 -0.650339
outer loop
vertex -7.033245 -8.494474 0.000000
vertex -6.783769 -8.583739 0.000000
vertex -6.870854 -8.870821 0.350000
endloop
endfacet
facet normal -0.255915 -0.715238 -0.65034
outer loop
vertex -7.033245 -8.494474 0.000000
vertex -6.870854 -8.870821 0.350000
vertex -7.148050 -8.771639 0.350000
endloop
endfacet
facet normal -0.184576 -0.736878 -0.65034
outer loop
vertex -6.783769 -8.583739 0.000000
vertex -6.526744 -8.648120 0.000000
vertex -6.585271 -8.942356 0.350000
endloop
endfacet
facet normal -0.184579 -0.736879 -0.650339
outer loop
vertex -6.783769 -8.583739 0.000000
vertex -6.585271 -8.942356 0.350000
vertex -6.870854 -8.870821 0.350000
endloop
endfacet
facet normal -0.111463 -0.751422 -0.650339
outer loop
vertex -6.526744 -8.648120 0.000000
vertex -6.264646 -8.686998 0.000000
vertex -6.294052 -8.985554 0.350000
endloop
endfacet
facet normal -0.111461 -0.751422 -0.65034
outer loop
vertex -6.526744 -8.648120 0.000000
vertex -6.294052 -8.985554 0.350000
vertex -6.585271 -8.942356 0.350000
endloop
endfacet
facet normal -0.0372746 -0.758729 -0.650339
outer loop
vertex -6.264646 -8.686998 0.000000
vertex -6.000000 -8.700000 0.000000
vertex -6.000000 -9.000000 0.350000
endloop
endfacet
facet normal -0.0372751 -0.758729 -0.650339
outer loop
vertex -6.264646 -8.686998 0.000000
vertex -6.000000 -9.000000 0.350000
vertex -6.294052 -8.985554 0.350000
endloop
endfacet
facet normal 0 -0.759256 -0.650792
outer loop
vertex -6.000000 -8.700000 0.000000
vertex 6.000000 -8.700000 0.000000
vertex 6.000000 -9.000000 0.350000
endloop
endfacet
facet normal 0 -0.759256 -0.650792
outer loop
vertex -6.000000 -8.700000 0.000000
vertex 6.000000 -9.000000 0.350000
vertex -6.000000 -9.000000 0.350000
endloop
endfacet
facet normal 0.0372746 -0.758729 -0.650339
outer loop
vertex 6.000000 -8.700000 0.000000
vertex 6.264646 -8.686998 0.000000
vertex 6.294052 -8.985554 0.350000
endloop
endfacet
facet normal 0.037275 -0.758729 -0.650339
outer loop
vertex 6.000000 -8.700000 0.000000
vertex 6.294052 -8.985554 0.350000
vertex 6.000000 -9.000000 0.350000
endloop
endfacet
facet normal 0.111463 -0.751421 -0.65034
outer loop
vertex 6.264646 -8.686998 0.000000
vertex 6.526744 -8.648120 0.000000
vertex 6.585271 -8.942356 0.350000
endloop
endfacet
facet normal 0.111461 -0.751422 -0.650339
outer loop
vertex 6.264646 -8.686998 0.000000
vertex 6.585271 -8.942356 0.350000
vertex 6.294052 -8.985554 0.350000
endloop
endfacet
facet normal 0.184577 -0.736879 -0.650339
outer loop
vertex 6.526744 -8.648120 0.000000
vertex 6.783769 -8.583739 0.000000
vertex 6.870854 -8.870821 0.350000
endloop
endfacet
facet normal 0.184579 -0.736878 -0.65034
outer loop
vertex 6.526744 -8.648120 0.000000
vertex 6.870854 -8.870821 0.350000
vertex 6.585271 -8.942356 0.350000
endloop
endfacet
facet normal 0.255918 -0.715237 -0.65034
outer loop
vertex 6.783769 -8.583739 0.000000
vertex 7.033245 -8.494474 0.000000
vertex 7.148050 -8.771639 0.350000
endloop
endfacet
facet normal 0.255916 -0.715239 -0.650339
outer loop
vertex 6.783769 -8.583739 0.000000
vertex 7.148050 -8.771639 0.350000
vertex 6.870854 -8.870821 0.350000
endloop
endfacet
facet normal 0.324789 -0.686711 -0.650339
outer loop
vertex 7.033245 -8.494474 0.000000
vertex 7.272771 -8.381187 0.000000
vertex 7.414190 -8.645763 0.350000
endloop
endfacet
facet normal 0.324791 -0.686709 -0.65034
outer loop
vertex 7.033245 -8.494474 0.000000
vertex 7.414190 -8.645763 0.350000
vertex 7.148050 -8.771639 0.350000
endloop
endfacet
facet normal 0.390535 -0.651569 -0.650339
outer loop
vertex 7.272771 -8.381187 0.000000
vertex 7.500040 -8.244968 0.000000
vertex 7.666711 -8.494409 0.350000
endloop
endfacet
facet normal 0.390535 -0.651569 -0.650339
outer loop
vertex 7.272771 -8.381187 0.000000
vertex 7.666711 -8.494409 0.350000
vertex 7.414190 -8.645763 0.350000
endloop
endfacet
facet normal 0.452519 -0.610152 -0.650339
outer loop
vertex 7.500040 -8.244968 0.000000
vertex 7.712862 -8.087129 0.000000
vertex 7.903180 -8.319032 0.350000
endloop
endfacet
facet normal 0.452519 -0.610153 -0.650339
outer loop
vertex 7.500040 -8.244968 0.000000
vertex 7.903180 -8.319032 0.350000
vertex 7.666711 -8.494409 0.350000
endloop
endfacet
facet normal 0.510146 -0.562858 -0.65034
outer loop
vertex 7.712862 -8.087129 0.000000
vertex 7.909188 -7.909188 0.000000
vertex 8.121321 -8.121321 0.350000
endloop
endfacet
facet normal 0.510145 -0.56286 -0.650339
outer loop
vertex 7.712862 -8.087129 0.000000
vertex 8.121321 -8.121321 0.350000
vertex 7.903180 -8.319032 0.350000
endloop
endfacet
facet normal 0.562858 -0.510147 -0.650339
outer loop
vertex 7.909188 -7.909188 0.000000
vertex 8.087129 -7.712862 0.000000
vertex 8.319032 -7.903180 0.350000
endloop
endfacet
facet normal 0.562859 -0.510145 -0.65034
outer loop
vertex 7.909188 -7.909188 0.000000
vertex 8.319032 -7.903180 0.350000
vertex 8.121321 -8.121321 0.350000
endloop
endfacet
facet normal 0.610152 -0.45252 -0.650339
outer loop
vertex 8.087129 -7.712862 0.000000
vertex 8.244968 -7.500040 0.000000
vertex 8.494409 -7.666711 0.350000
endloop
endfacet
facet normal 0.610152 -0.452519 -0.650339
outer loop
vertex 8.087129 -7.712862 0.000000
vertex 8.494409 -7.666711 0.350000
vertex 8.319032 -7.903180 0.350000
endloop
endfacet
facet normal 0.651569 -0.390535 -0.650339
outer loop
vertex 8.244968 -7.500040 0.000000
vertex 8.381187 -7.272771 0.000000
vertex 8.645763 -7.414190 0.350000
endloop
endfacet
facet normal 0.651569 -0.390535 -0.650339
outer loop
vertex 8.244968 -7.500040 0.000000
vertex 8.645763 -7.414190 0.350000
vertex 8.494409 -7.666711 0.350000
endloop
endfacet
facet normal 0.68671 -0.324788 -0.65034
outer loop
vertex 8.381187 -7.272771 0.000000
vertex 8.494474 -7.033245 0.000000
vertex 8.771639 -7.148050 0.350000
endloop
endfacet
facet normal 0.68671 -0.324791 -0.650339
outer loop
vertex 8.381187 -7.272771 0.000000
vertex 8.771639 -7.148050 0.350000
vertex 8.645763 -7.414190 0.350000
endloop
endfacet
facet normal 0.715238 -0.255919 -0.650339
outer loop
vertex 8.494474 -7.033245 0.000000
vertex 8.583739 -6.783769 0.000000
vertex 8.870821 -6.870854 0.350000
endloop
endfacet
facet normal 0.715238 -0.255915 -0.65034
outer loop
vertex 8.494474 -7.033245 0.000000
vertex 8.870821 -6.870854 0.350000
vertex 8.771639 -7.148050 0.350000
endloop
endfacet
facet normal 0.736878 -0.184576 -0.65034
outer loop
vertex 8.583739 -6.783769 0.000000
vertex 8.648120 -6.526744 0.000000
vertex 8.942356 -6.585271 0.350000
endloop
endfacet
facet normal 0.736879 -0.184579 -0.650339
outer loop
vertex 8.583739 -6.783769 0.000000
vertex 8.942356 -6.585271 0.350000
vertex 8.870821 -6.870854 0.350000
endloop
endfacet
facet normal 0.751422 -0.111463 -0.650339
outer loop
vertex 8.648120 -6.526744 0.000000
vertex 8.686998 -6.264646 0.000000
vertex 8.985554 -6.294052 0.350000
endloop
endfacet
facet normal 0.751422 -0.111461 -0.65034
outer loop
vertex 8.648120 -6.526744 0.000000
vertex 8.985554 -6.294052 0.350000
vertex 8.942356 -6.585271 0.350000
endloop
endfacet
facet normal 0.758729 -0.0372746 -0.650339
outer loop
vertex 8.686998 -6.264646 0.000000
vertex 8.700000 -6.000000 0.000000
vertex 9.000000 -6.000000 0.350000
endloop
endfacet
facet normal 0.758729 -0.0372751 -0.650339
outer loop
vertex 8.686998 -6.264646 0.000000
vertex 9.000000 -6.000000 0.350000
vertex 8.985554 -6.294052 0.350000
endloop
endfacet
facet normal 0.759256 0 -0.650792
outer loop
vertex 8.700000 -6.000000 0.000000
vertex 8.700000 6.000000 0.000000
vertex 9.000000 6.000000 0.350000
endloop
endfacet
facet normal 0.759256 0 -0.650792
outer loop
vertex 8.700000 -6.000000 0.000000
vertex 9.000000 6.000000 0.350000
vertex 9.000000 -6.000000 0.350000
endloop
endfacet
facet normal 0.998795 0.0490691 0
outer loop
vertex 9.000000 6.000000 0.350000
vertex 8.985554 6.294052 0.350000
vertex 8.985554 6.294052 5.150000
endloop
endfacet
facet normal 0.998795 0.0490691 -0
outer loop
vertex 9.000000 6.000000 0.350000
vertex 8.985554 6.294052 5.150000
vertex 9.000000 6.000000 5.150000
endloop
endfacet
facet normal 0.989177 0.146728 0
outer loop
vertex 8.985554 6.294052 0.350000
vertex 8.942356 6.585271 0.350000
vertex 8.942356 6.585271 5.150000
endloop
endfacet
facet normal 0.989177 0.146728 -0
outer loop
vertex 8.985554 6.294052 0.350000
vertex 8.942356 6.585271 5.150000
vertex 8.985554 6.294052 5.150000
endloop
endfacet
facet normal 0.970031 0.242981 0
outer loop
vertex 8.942356 6.585271 0.350000
vertex 8.870821 6.870854 0.350000
vertex 8.870821 6.870854 5.150000
endloop
endfacet
facet normal 0.970031 0.242981 -0
outer loop
vertex 8.942356 6.585271 0.350000
vertex 8.870821 6.870854 5.150000
vertex 8.942356 6.585271 5.150000
endloop
endfacet
facet normal 0.941544 0.336889 0
outer loop
vertex 8.870821 6.870854 0.350000
vertex 8.771639 7.148050 0.350000
vertex 8.771639 7.148050 5.150000
endloop
endfacet
facet normal 0.941544 0.336889 -0
outer loop
vertex 8.870821 6.870854 0.350000
vertex 8.771639 7.148050 5.150000
vertex 8.870821 6.870854 5.150000
endloop
endfacet
facet normal 0.903988 0.427557 0
outer loop
vertex 8.771639 7.148050 0.350000
vertex 8.645763 7.414190 0.350000
vertex 8.645763 7.414190 5.150000
endloop
endfacet
facet normal 0.903988 0.427557 -0
outer loop
vertex 8.771639 7.148050 0.350000
vertex 8.645763 7.414190 5.150000
vertex 8.771639 7.148050 5.150000
endloop
endfacet
facet normal 0.857729 0.514102 0
outer loop
vertex 8.645763 7.414190 0.350000
vertex 8.494409 7.666711 0.350000
vertex 8.494409 7.666711 5.150000
endloop
endfacet
facet normal 0.857729 0.514102 -0
outer loop
vertex 8.645763 7.414190 0.350000
vertex 8.494409 7.666711 5.150000
vertex 8.645763 7.414190 5.150000
endloop
endfacet
facet normal 0.803208 0.595699 0
outer loop
vertex 8.494409 7.666711 0.350000
vertex 8.319032 7.903180 0.350000
vertex 8.319032 7.903180 5.150000
endloop
endfacet
facet normal 0.803208 0.595699 -0
outer loop
vertex 8.494409 7.666711 0.350000
vertex 8.319032 7.903180 5.150000
vertex 8.494409 7.666711 5.150000
endloop
endfacet
facet normal 0.740952 0.671558 0
outer loop
vertex 8.319032 7.903180 0.350000
vertex 8.121321 8.121321 0.350000
vertex 8.121321 8.121321 5.150000
endloop
endfacet
facet normal 0.740952 0.671558 -0
outer loop
vertex 8.319032 7.903180 0.350000
vertex 8.121321 8.121321 5.150000
vertex 8.319032 7.903180 5.150000
endloop
endfacet
facet normal 0.671558 0.740952 0
outer loop
vertex 8.121321 8.121321 0.350000
vertex 7.903180 8.319032 0.350000
vertex 7.903180 8.319032 5.150000
endloop
endfacet
facet normal 0.671558 0.740952 -0
outer loop
vertex 8.121321 8.121321 0.350000
vertex 7.903180 8.319032 5.150000
vertex 8.121321 8.121321 5.150000
endloop
endfacet
facet normal 0.595699 0.803208 0
outer loop
vertex 7.903180 8.319032 0.350000
vertex 7.666711 8.494409 0.350000
vertex 7.666711 8.494409 5.150000
endloop
endfacet
facet normal 0.595699 0.803208 -0
outer loop
vertex 7.903180 8.319032 0.350000
vertex 7.666711 8.494409 5.150000
vertex 7.903180 8.319032 5.150000
endloop
endfacet
facet normal 0.514102 0.857729 0
outer loop
vertex 7.666711 8.494409 0.350000
vertex 7.414190 8.645763 0.350000
vertex 7.414190 8.645763 5.150000
endloop
endfacet
facet normal 0.514102 0.857729 -0
outer loop
vertex 7.666711 8.494409 0.350000
vertex 7.414190 8.645763 5.150000
vertex 7.666711 8.494409 5.150000
endloop
endfacet
facet normal 0.427557 0.903988 0
outer loop
vertex 7.414190 8.645763 0.350000
vertex 7.148050 8.771639 0.350000
vertex 7.148050 8.771639 5.150000
endloop
endfacet
facet normal 0.427557 0.903988 -0
outer loop
vertex 7.414190 8.645763 0.350000
vertex 7.148050 8.771639 5.150000
vertex 7.414190 8.645763 5.150000
endloop
endfacet
facet normal 0.336889 0.941544 0
outer loop
vertex 7.148050 8.771639 0.350000
vertex 6.870854 8.870821 0.350000
vertex 6.870854 8.870821 5.150000
endloop
endfacet
facet normal 0.336889 0.941544 -0
outer loop
vertex 7.148050 8.771639 0.350000
vertex 6.870854 8.870821 5.150000
vertex 7.148050 8.771639 5.150000
endloop
endfacet
facet normal 0.242981 0.970031 0
outer loop
vertex 6.870854 8.870821 0.350000
vertex 6.585271 8.942356 0.350000
vertex 6.585271 8.942356 5.150000
endloop
endfacet
facet normal 0.242981 0.970031 -0
outer loop
vertex 6.870854 8.870821 0.350000
vertex 6.585271 8.942356 5.150000
vertex 6.870854 8.870821 5.150000
endloop
endfacet
facet normal 0.146728 0.989177 0
outer loop
vertex 6.585271 8.942356 0.350000
vertex 6.294052 8.985554 0.350000
vertex 6.294052 8.985554 5.150000
endloop
endfacet
facet normal 0.146728 0.989177 -0
outer loop
vertex 6.585271 8.942356 0.350000
vertex 6.294052 8.985554 5.150000
vertex 6.585271 8.942356 5.150000
endloop
endfacet
facet normal 0.0490691 0.998795 0
outer loop
vertex 6.294052 8.985554 0.350000
vertex 6.000000 9.000000 0.350000
vertex 6.000000 9.000000 5.150000
endloop
endfacet
facet normal 0.0490691 0.998795 -0
outer loop
vertex 6.294052 8.985554 0.350000
vertex 6.000000 9.000000 5.150000
vertex 6.294052 8.985554 5.150000
endloop
endfacet
facet normal 0 1 0
outer loop
vertex 6.000000 9.000000 0.350000
vertex -6.000000 9.000000 0.350000
vertex -6.000000 9.000000 5.150000
endloop
endfacet
facet normal 0 1 -0
outer loop
vertex 6.000000 9.000000 0.350000
vertex -6.000000 9.000000 5.150000
vertex 6.000000 9.000000 5.150000
endloop
endfacet
facet normal -0.0490691 0.998795 0
outer loop
vertex -6.000000 9.000000 0.350000
vertex -6.294052 8.985554 0.350000
vertex -6.294052 8.985554 5.150000
endloop
endfacet
facet normal -0.0490691 0.998795 0
outer loop
vertex -6.000000 9.000000 0.350000
vertex -6.294052 8.985554 5.150000
vertex -6.000000 9.000000 5.150000
endloop
endfacet
facet normal -0.146728 0.989177 0
outer loop
vertex -6.294052 8.985554 0.350000
vertex -6.585271 8.942356 0.350000
vertex -6.585271 8.942356 5.150000
endloop
endfacet
facet normal -0.146728 0.989177 0
outer loop
vertex -6.294052 8.985554 0.350000
vertex -6.585271 8.942356 5.150000
vertex -6.294052 8.985554 5.150000
endloop
endfacet
facet normal -0.242981 0.970031 0
outer loop
vertex -6.585271 8.942356 0.350000
vertex -6.870854 8.870821 0.350000
vertex -6.870854 8.870821 5.150000
endloop
endfacet
facet normal -0.242981 0.970031 0
outer loop
vertex -6.585271 8.942356 0.350000
vertex -6.870854 8.870821 5.150000
vertex -6.585271 8.942356 5.150000
endloop
endfacet
facet normal -0.336889 0.941544 0
outer loop
vertex -6.870854 8.870821 0.350000
vertex -7.148050 8.771639 0.350000
vertex -7.148050 8.771639 5.150000
endloop
endfacet
facet normal -0.336889 0.941544 0
outer loop
vertex -6.870854 8.870821 0.350000
vertex -7.148050 8.771639 5.150000
vertex -6.870854 8.870821 5.150000
endloop
endfacet
facet normal -0.427557 0.903988 0
outer loop
vertex -7.148050 8.771639 0.350000
vertex -7.414190 8.645763 0.350000
vertex -7.414190 8.645763 5.150000
endloop
endfacet
facet normal -0.427557 0.903988 0
outer loop
vertex -7.148050 8.771639 0.350000
vertex -7.414190 8.645763 5.150000
vertex -7.148050 8.771639 5.150000
endloop
endfacet
facet normal -0.514102 0.857729 0
outer loop
vertex -7.414190 8.645763 0.350000
vertex -7.666711 8.494409 0.350000
vertex -7.666711 8.494409 5.150000
endloop
endfacet
facet normal -0.514102 0.857729 0
outer loop
vertex -7.414190 8.645763 0.350000
vertex -7.666711 8.494409 5.150000
vertex -7.414190 8.645763 5.150000
endloop
endfacet
facet normal -0.595699 0.803208 0
outer loop
vertex -7.666711 8.494409 0.350000
vertex -7.903180 8.319032 0.350000
vertex -7.903180 8.319032 5.150000
endloop
endfacet
facet normal -0.595699 0.803208 0
outer loop
vertex -7.666711 8.494409 0.350000
vertex -7.903180 8.319032 5.150000
vertex -7.666711 8.494409 5.150000
endloop
endfacet
facet normal -0.671558 0.740952 0
outer loop
vertex -7.903180 8.319032 0.350000
vertex -8.121321 8.121321 0.350000
vertex -8.121321 8.121321 5.150000
endloop
endfacet
facet normal -0.671558 0.740952 0
outer loop
vertex -7.903180 8.319032 0.350000
vertex -8.121321 8.121321 5.150000
vertex -7.903180 8.319032 5.150000
endloop
endfacet
facet normal -0.740952 0.671558 0
outer loop
vertex -8.121321 8.121321 0.350000
vertex -8.319032 7.903180 0.350000
vertex -8.319032 7.903180 5.150000
endloop
endfacet
facet normal -0.740952 0.671558 0
outer loop
vertex -8.121321 8.121321 0.350000
vertex -8.319032 7.903180 5.150000
vertex -8.121321 8.121321 5.150000
endloop
endfacet
facet normal -0.803208 0.595699 0
outer loop
vertex -8.319032 7.903180 0.350000
vertex -8.494409 7.666711 0.350000
vertex -8.494409 7.666711 5.150000
endloop
endfacet
facet normal -0.803208 0.595699 0
outer loop
vertex -8.319032 7.903180 0.350000
vertex -8.494409 7.666711 5.150000
vertex -8.319032 7.903180 5.150000
endloop
endfacet
facet normal -0.857729 0.514102 0
outer loop
vertex -8.494409 7.666711 0.350000
vertex -8.645763 7.414190 0.350000
vertex -8.645763 7.414190 5.150000
endloop
endfacet
facet normal -0.857729 0.514102 0
outer loop
vertex -8.494409 7.666711 0.350000
vertex -8.645763 7.414190 5.150000
vertex -8.494409 7.666711 5.150000
endloop
endfacet
facet normal -0.903988 0.427557 0
outer loop
vertex -8.645763 7.414190 0.350000
vertex -8.771639 7.148050 0.350000
vertex -8.771639 7.148050 5.150000
endloop
endfacet
facet normal -0.903988 0.427557 0
outer loop
vertex -8.645763 7.414190 0.350000
vertex -8.771639 7.148050 5.150000
vertex -8.645763 7.414190 5.150000
endloop
endfacet
facet normal -0.941544 0.336889 0
outer loop
vertex -8.771639 7.148050 0.350000
vertex -8.870821 6.870854 0.350000
vertex -8.870821 6.870854 5.150000
endloop
endfacet
facet normal -0.941544 0.336889 0
outer loop
vertex -8.771639 7.148050 0.350000
vertex -8.870821 6.870854 5.150000
vertex -8.771639 7.148050 5.150000
endloop
endfacet
facet normal -0.970031 0.242981 0
outer loop
vertex -8.870821 6.870854 0.350000
vertex -8.942356 6.585271 0.350000
vertex -8.942356 6.585271 5.150000
endloop
endfacet
facet normal -0.970031 0.242981 0
outer loop
vertex -8.870821 6.870854 0.350000
vertex -8.942356 6.585271 5.150000
vertex -8.870821 6.870854 5.150000
endloop
endfacet
facet normal -0.989177 0.146728 0
outer loop
vertex -8.942356 6.585271 0.350000
vertex -8.985554 6.294052 0.350000
vertex -8.985554 6.294052 5.150000
endloop
endfacet
facet normal -0.989177 0.146728 0
outer loop
vertex -8.942356 6.585271 0.350000
vertex -8.985554 6.294052 5.150000
vertex -8.942356 6.585271 5.150000
endloop
endfacet
facet normal -0.998795 0.0490691 0
outer loop
vertex -8.985554 6.294052 0.350000
vertex -9.000000 6.000000 0.350000
vertex -9.000000 6.000000 5.150000
endloop
endfacet
facet normal -0.998795 0.0490691 0
outer loop
vertex -8.985554 6.294052 0.350000
vertex -9.000000 6.000000 5.150000
vertex -8.985554 6.294052 5.150000
endloop
endfacet
facet normal -1 0 0
outer loop
vertex -9.000000 6.000000 0.350000
vertex -9.000000 -6.000000 0.350000
vertex -9.000000 -6.000000 5.150000
endloop
endfacet
facet normal -1 0 0
outer loop
vertex -9.000000 6.000000 0.350000
vertex -9.000000 -6.000000 5.150000
vertex -9.000000 6.000000 5.150000
endloop
endfacet
facet normal -0.998795 -0.0490691 0
outer loop
vertex -9.000000 -6.000000 0.350000
vertex -8.985554 -6.294052 0.350000
vertex -8.985554 -6.294052 5.150000
endloop
endfacet
facet normal -0.998795 -0.0490691 0
outer loop
vertex -9.000000 -6.000000 0.350000
vertex -8.985554 -6.294052 5.150000
vertex -9.000000 -6.000000 5.150000
endloop
endfacet
facet normal -0.989177 -0.146728 0
outer loop
vertex -8.985554 -6.294052 0.350000
vertex -8.942356 -6.585271 0.350000
vertex -8.942356 -6.585271 5.150000
endloop
endfacet
facet normal -0.989177 -0.146728 0
outer loop
vertex -8.985554 -6.294052 0.350000
vertex -8.942356 -6.585271 5.150000
vertex -8.985554 -6.294052 5.150000
endloop
endfacet
facet normal -0.970031 -0.242981 0
outer loop
vertex -8.942356 -6.585271 0.350000
vertex -8.870821 -6.870854 0.350000
vertex -8.870821 -6.870854 5.150000
endloop
endfacet
facet normal -0.970031 -0.242981 0
outer loop
vertex -8.942356 -6.585271 0.350000
vertex -8.870821 -6.870854 5.150000
vertex -8.942356 -6.585271 5.150000
endloop
endfacet
facet normal -0.941544 -0.336889 0
outer loop
vertex -8.870821 -6.870854 0.350000
vertex -8.771639 -7.148050 0.350000
vertex -8.771639 -7.148050 5.150000
endloop
endfacet
facet normal -0.941544 -0.336889 0
outer loop
vertex -8.870821 -6.870854 0.350000
vertex -8.771639 -7.148050 5.150000
vertex -8.870821 -6.870854 5.150000
endloop
endfacet
facet normal -0.903988 -0.427557 0
outer loop
vertex -8.771639 -7.148050 0.350000
vertex -8.645763 -7.414190 0.350000
vertex -8.645763 -7.414190 5.150000
endloop
endfacet
facet normal -0.903988 -0.427557 0
outer loop
vertex -8.771639 -7.148050 0.350000
vertex -8.645763 -7.414190 5.150000
vertex -8.771639 -7.148050 5.150000
endloop
endfacet
facet normal -0.857729 -0.514102 0
outer loop
vertex -8.645763 -7.414190 0.350000
vertex -8.494409 -7.666711 0.350000
vertex -8.494409 -7.666711 5.150000
endloop
endfacet
facet normal -0.857729 -0.514102 0
outer loop
vertex -8.645763 -7.414190 0.350000
vertex -8.494409 -7.666711 5.150000
vertex -8.645763 -7.414190 5.150000
endloop
endfacet
facet normal -0.803208 -0.595699 0
outer loop
vertex -8.494409 -7.666711 0.350000
vertex -8.319032 -7.903180 0.350000
vertex -8.319032 -7.903180 5.150000
endloop
endfacet
facet normal -0.803208 -0.595699 0
outer loop
vertex -8.494409 -7.666711 0.350000
vertex -8.319032 -7.903180 5.150000
vertex -8.494409 -7.666711 5.150000
endloop
endfacet
facet normal -0.740952 -0.671558 0
outer loop
vertex -8.319032 -7.903180 0.350000
vertex -8.121321 -8.121321 0.350000
vertex -8.121321 -8.121321 5.150000
endloop
endfacet
facet normal -0.740952 -0.671558 0
outer loop
vertex -8.319032 -7.903180 0.350000
vertex -8.121321 -8.121321 5.150000
vertex -8.319032 -7.903180 5.150000
endloop
endfacet
facet normal -0.671558 -0.740952 0
outer loop
vertex -8.121321 -8.121321 0.350000
vertex -7.903180 -8.319032 0.350000
vertex -7.903180 -8.319032 5.150000
endloop
endfacet
facet normal -0.671558 -0.740952 0
outer loop
vertex -8.121321 -8.121321 0.350000
vertex -7.903180 -8.319032 5.150000
vertex -8.121321 -8.121321 5.150000
endloop
endfacet
facet normal -0.595699 -0.803208 0
outer loop
vertex -7.903180 -8.319032 0.350000
vertex -7.666711 -8.494409 0.350000
vertex -7.666711 -8.494409 5.150000
endloop
endfacet
facet normal -0.595699 -0.803208 0
outer loop
vertex -7.903180 -8.319032 0.350000
vertex -7.666711 -8.494409 5.150000
vertex -7.903180 -8.319032 5.150000
endloop
endfacet
facet normal -0.514102 -0.857729 0
outer loop
vertex -7.666711 -8.494409 0.350000
vertex -7.414190 -8.645763 0.350000
vertex -7.414190 -8.645763 5.150000
endloop
endfacet
facet normal -0.514102 -0.857729 0
outer loop
vertex -7.666711 -8.494409 0.350000
vertex -7.414190 -8.645763 5.150000
vertex -7.666711 -8.494409 5.150000
endloop
endfacet
facet normal -0.427557 -0.903988 0
outer loop
vertex -7.414190 -8.645763 0.350000
vertex -7.148050 -8.771639 0.350000
vertex -7.148050 -8.771639 5.150000
endloop
endfacet
facet normal -0.427557 -0.903988 0
outer loop
vertex -7.414190 -8.645763 0.350000
vertex -7.148050 -8.771639 5.150000
vertex -7.414190 -8.645763 5.150000
endloop
endfacet
facet normal -0.336889 -0.941544 0
outer loop
vertex -7.148050 -8.771639 0.350000
vertex -6.870854 -8.870821 0.350000
vertex -6.870854 -8.870821 5.150000
endloop
endfacet
facet normal -0.336889 -0.941544 0
outer loop
vertex -7.148050 -8.771639 0.350000
vertex -6.870854 -8.870821 5.150000
vertex -7.148050 -8.771639 5.150000
endloop
endfacet
facet normal -0.242981 -0.970031 0
outer loop
vertex -6.870854 -8.870821 0.350000
vertex -6.585271 -8.942356 0.350000
vertex -6.585271 -8.942356 5.150000
endloop
endfacet
facet normal -0.242981 -0.970031 0
outer loop
vertex -6.870854 -8.870821 0.350000
vertex -6.585271 -8.942356 5.150000
vertex -6.870854 -8.870821 5.150000
endloop
endfacet
facet normal -0.146728 -0.989177 0
outer loop
vertex -6.585271 -8.942356 0.350000
vertex -6.294052 -8.985554 0.350000
vertex -6.294052 -8.985554 5.150000
endloop
endfacet
facet normal -0.146728 -0.989177 0
outer loop
vertex -6.585271 -8.942356 0.350000
vertex -6.294052 -8.985554 5.150000
vertex -6.585271 -8.942356 5.150000
endloop
endfacet
facet normal -0.0490691 -0.998795 0
outer loop
vertex -6.294052 -8.985554 0.350000
vertex -6.000000 -9.000000 0.350000
vertex -6.000000 -9.000000 5.150000
endloop
endfacet
facet normal -0.0490691 -0.998795 0
outer loop
vertex -6.294052 -8.985554 0.350000
vertex -6.000000 -9.000000 5.150000
vertex -6.294052 -8.985554 5.150000
endloop
endfacet
facet normal 0 -1 0
outer loop
vertex -6.000000 -9.000000 0.350000
vertex 6.000000 -9.000000 0.350000
vertex 6.000000 -9.000000 5.150000
endloop
endfacet
facet normal 0 -1 0
outer loop
vertex -6.000000 -9.000000 0.350000
vertex 6.000000 -9.000000 5.150000
vertex -6.000000 -9.000000 5.150000
endloop
endfacet
facet normal 0.0490691 -0.998795 0
outer loop
vertex 6.000000 -9.000000 0.350000
vertex 6.294052 -8.985554 0.350000
vertex 6.294052 -8.985554 5.150000
endloop
endfacet
facet normal 0.0490691 -0.998795 0
outer loop
vertex 6.000000 -9.000000 0.350000
vertex 6.294052 -8.985554 5.150000
vertex 6.000000 -9.000000 5.150000
endloop
endfacet
facet normal 0.146728 -0.989177 0
outer loop
vertex 6.294052 -8.985554 0.350000
vertex 6.585271 -8.942356 0.350000
vertex 6.585271 -8.942356 5.150000
endloop
endfacet
facet normal 0.146728 -0.989177 0
outer loop
vertex 6.294052 -8.985554 0.350000
vertex 6.585271 -8.942356 5.150000
vertex 6.294052 -8.985554 5.150000
endloop
endfacet
facet normal 0.242981 -0.970031 0
outer loop
vertex 6.585271 -8.942356 0.350000
vertex 6.870854 -8.870821 0.350000
vertex 6.870854 -8.870821 5.150000
endloop
endfacet
facet normal 0.242981 -0.970031 0
outer loop
vertex 6.585271 -8.942356 0.350000
vertex 6.870854 -8.870821 5.150000
vertex 6.585271 -8.942356 5.150000
endloop
endfacet
facet normal 0.336889 -0.941544 0
outer loop
vertex 6.870854 -8.870821 0.350000
vertex 7.148050 -8.771639 0.350000
vertex 7.148050 -8.771639 5.150000
endloop
endfacet
facet normal 0.336889 -0.941544 0
outer loop
vertex 6.870854 -8.870821 0.350000
vertex 7.148050 -8.771639 5.150000
vertex 6.870854 -8.870821 5.150000
endloop
endfacet
facet normal 0.427557 -0.903988 0
outer loop
vertex 7.148050 -8.771639 0.350000
vertex 7.414190 -8.645763 0.350000
vertex 7.414190 -8.645763 5.150000
endloop
endfacet
facet normal 0.427557 -0.903988 0
outer loop
vertex 7.148050 -8.771639 0.350000
vertex 7.414190 -8.645763 5.150000
vertex 7.148050 -8.771639 5.150000
endloop
endfacet
facet normal 0.514102 -0.857729 0
outer loop
vertex 7.414190 -8.645763 0.350000
vertex 7.666711 -8.494409 0.350000
vertex 7.666711 -8.494409 5.150000
endloop
endfacet
facet normal 0.514102 -0.857729 0
outer loop
vertex 7.414190 -8.645763 0.350000
vertex 7.666711 -8.494409 5.150000
vertex 7.414190 -8.645763 5.150000
endloop
endfacet
facet normal 0.595699 -0.803208 0
outer loop
vertex 7.666711 -8.494409 0.350000
vertex 7.903180 -8.319032 0.350000
vertex 7.903180 -8.319032 5.150000
endloop
endfacet
facet normal 0.595699 -0.803208 0
outer loop
vertex 7.666711 -8.494409 0.350000
vertex 7.903180 -8.319032 5.150000
vertex 7.666711 -8.494409 5.150000
endloop
endfacet
facet normal 0.671558 -0.740952 0
outer loop
vertex 7.903180 -8.319032 0.350000
vertex 8.121321 -8.121321 0.350000
vertex 8.121321 -8.121321 5.150000
endloop
endfacet
facet normal 0.671558 -0.740952 0
outer loop
vertex 7.903180 -8.319032 0.350000
vertex 8.121321 -8.121321 5.150000
vertex 7.903180 -8.319032 5.150000
endloop
endfacet
facet normal 0.740952 -0.671558 0
outer loop
vertex 8.121321 -8.121321 0.350000
vertex 8.319032 -7.903180 0.350000
vertex 8.319032 -7.903180 5.150000
endloop
endfacet
facet normal 0.740952 -0.671558 0
outer loop
vertex 8.121321 -8.121321 0.350000
vertex 8.319032 -7.903180 5.150000
vertex 8.121321 -8.121321 5.150000
endloop
endfacet
facet normal 0.803208 -0.595699 0
outer loop
vertex 8.319032 -7.903180 0.350000
vertex 8.494409 -7.666711 0.350000
vertex 8.494409 -7.666711 5.150000
endloop
endfacet
facet normal 0.803208 -0.595699 0
outer loop
vertex 8.319032 -7.903180 0.350000
vertex 8.494409 -7.666711 5.150000
vertex 8.319032 -7.903180 5.150000
endloop
endfacet
facet normal 0.857729 -0.514102 0
outer loop
vertex 8.494409 -7.666711 0.350000
vertex 8.645763 -7.414190 0.350000
vertex 8.645763 -7.414190 5.150000
endloop
endfacet
facet normal 0.857729 -0.514102 0
outer loop
vertex 8.494409 -7.666711 0.350000
vertex 8.645763 -7.414190 5.150000
vertex 8.494409 -7.666711 5.150000
endloop
endfacet
facet normal 0.903988 -0.427557 0
outer loop
vertex 8.645763 -7.414190 0.350000
vertex 8.771639 -7.148050 0.350000
vertex 8.771639 -7.148050 5.150000
endloop
endfacet
facet normal 0.903988 -0.427557 0
outer loop
vertex 8.645763 -7.414190 0.350000
vertex 8.771639 -7.148050 5.150000
vertex 8.645763 -7.414190 5.150000
endloop
endfacet
facet normal 0.941544 -0.336889 0
outer loop
vertex 8.771639 -7.148050 0.350000
vertex 8.870821 -6.870854 0.350000
vertex 8.870821 -6.870854 5.150000
endloop
endfacet
facet normal 0.941544 -0.336889 0
outer loop
vertex 8.771639 -7.148050 0.350000
vertex 8.870821 -6.870854 5.150000
vertex 8.771639 -7.148050 5.150000
endloop
endfacet
facet normal 0.970031 -0.242981 0
outer loop
vertex 8.870821 -6.870854 0.350000
vertex 8.942356 -6.585271 0.350000
vertex 8.942356 -6.585271 5.150000
endloop
endfacet
facet normal 0.970031 -0.242981 0
outer loop
vertex 8.870821 -6.870854 0.350000
vertex 8.942356 -6.585271 5.150000
vertex 8.870821 -6.870854 5.150000
endloop
endfacet
facet normal 0.989177 -0.146728 0
outer loop
vertex 8.942356 -6.585271 0.350000
vertex 8.985554 -6.294052 0.350000
vertex 8.985554 -6.294052 5.150000
endloop
endfacet
facet normal 0.989177 -0.146728 0
outer loop
vertex 8.942356 -6.585271 0.350000
vertex 8.985554 -6.294052 5.150000
vertex 8.942356 -6.585271 5.150000
endloop
endfacet
facet normal 0.998795 -0.0490691 0
outer loop
vertex 8.985554 -6.294052 0.350000
vertex 9.000000 -6.000000 0.350000
vertex 9.000000 -6.000000 5.150000
endloop
endfacet
facet normal 0.998795 -0.0490691 0
outer loop
vertex 8.985554 -6.294052 0.350000
vertex 9.000000 -6.000000 5.150000
vertex 8.985554 -6.294052 5.150000
endloop
endfacet
facet normal 1 0 0
outer loop
vertex 9.000000 -6.000000 0.350000
vertex 9.000000 6.000000 0.350000
vertex 9.000000 6.000000 5.150000
endloop
endfacet
facet normal 1 0 0
outer loop
vertex 9.000000 -6.000000 0.350000
vertex 9.000000 6.000000 5.150000
vertex 9.000000 -6.000000 5.150000
endloop
endfacet
facet normal 0.979445 0.0481185 0.195888
outer loop
vertex 9.000000 6.000000 5.150000
vertex 8.985554 6.294052 5.150000
vertex 8.935795 6.289151 5.400000
endloop
endfacet
facet normal 0.979445 0.0481167 0.19589
outer loop
vertex 9.000000 6.000000 5.150000
vertex 8.935795 6.289151 5.400000
vertex 8.950000 6.000000 5.400000
endloop
endfacet
facet normal 0.970012 0.143886 0.195891
outer loop
vertex 8.985554 6.294052 5.150000
vertex 8.942356 6.585271 5.150000
vertex 8.893316 6.575516 5.400000
endloop
endfacet
facet normal 0.970012 0.143889 0.195888
outer loop
vertex 8.985554 6.294052 5.150000
vertex 8.893316 6.575516 5.400000
vertex 8.935795 6.289151 5.400000
endloop
endfacet
facet normal 0.951238 0.238274 0.195888
outer loop
vertex 8.942356 6.585271 5.150000
vertex 8.870821 6.870854 5.150000
vertex 8.822974 6.856340 5.400000
endloop
endfacet
facet normal 0.951238 0.238271 0.195891
outer loop
vertex 8.942356 6.585271 5.150000
vertex 8.822974 6.856340 5.400000
vertex 8.893316 6.575516 5.400000
endloop
endfacet
facet normal 0.923303 0.330362 0.195889
outer loop
vertex 8.870821 6.870854 5.150000
vertex 8.771639 7.148050 5.150000
vertex 8.725445 7.128916 5.400000
endloop
endfacet
facet normal 0.923303 0.330363 0.195888
outer loop
vertex 8.870821 6.870854 5.150000
vertex 8.725445 7.128916 5.400000
vertex 8.822974 6.856340 5.400000
endloop
endfacet
facet normal 0.886475 0.419273 0.195889
outer loop
vertex 8.771639 7.148050 5.150000
vertex 8.645763 7.414190 5.150000
vertex 8.601667 7.390620 5.400000
endloop
endfacet
facet normal 0.886475 0.419273 0.195889
outer loop
vertex 8.771639 7.148050 5.150000
vertex 8.601667 7.390620 5.400000
vertex 8.725445 7.128916 5.400000
endloop
endfacet
facet normal 0.841111 0.504142 0.195889
outer loop
vertex 8.645763 7.414190 5.150000
vertex 8.494409 7.666711 5.150000
vertex 8.452835 7.638932 5.400000
endloop
endfacet
facet normal 0.841111 0.504142 0.195889
outer loop
vertex 8.645763 7.414190 5.150000
vertex 8.452835 7.638932 5.400000
vertex 8.601667 7.390620 5.400000
endloop
endfacet
facet normal 0.787647 0.584158 0.195889
outer loop
vertex 8.494409 7.666711 5.150000
vertex 8.319032 7.903180 5.150000
vertex 8.280381 7.871460 5.400000
endloop
endfacet
facet normal 0.787647 0.584157 0.195889
outer loop
vertex 8.494409 7.666711 5.150000
vertex 8.280381 7.871460 5.400000
vertex 8.452835 7.638932 5.400000
endloop
endfacet
facet normal 0.726597 0.658547 0.19589
outer loop
vertex 8.319032 7.903180 5.150000
vertex 8.121321 8.121321 5.150000
vertex 8.085965 8.085965 5.400000
endloop
endfacet
facet normal 0.726596 0.658548 0.195889
outer loop
vertex 8.319032 7.903180 5.150000
vertex 8.085965 8.085965 5.400000
vertex 8.280381 7.871460 5.400000
endloop
endfacet
facet normal 0.658547 0.726597 0.195889
outer loop
vertex 8.121321 8.121321 5.150000
vertex 7.903180 8.319032 5.150000
vertex 7.871460 8.280381 5.400000
endloop
endfacet
facet normal 0.658548 0.726596 0.19589
outer loop
vertex 8.121321 8.121321 5.150000
vertex 7.871460 8.280381 5.400000
vertex 8.085965 8.085965 5.400000
endloop
endfacet
facet normal 0.584158 0.787647 0.195889
outer loop
vertex 7.903180 8.319032 5.150000
vertex 7.666711 8.494409 5.150000
vertex 7.638932 8.452835 5.400000
endloop
endfacet
facet normal 0.584157 0.787647 0.195889
outer loop
vertex 7.903180 8.319032 5.150000
vertex 7.638932 8.452835 5.400000
vertex 7.871460 8.280381 5.400000
endloop
endfacet
facet normal 0.504142 0.841111 0.195889
outer loop
vertex 7.666711 8.494409 5.150000
vertex 7.414190 8.645763 5.150000
vertex 7.390620 8.601667 5.400000
endloop
endfacet
facet normal 0.504142 0.841111 0.195889
outer loop
vertex 7.666711 8.494409 5.150000
vertex 7.390620 8.601667 5.400000
vertex 7.638932 8.452835 5.400000
endloop
endfacet
facet normal 0.419273 0.886475 0.195889
outer loop
vertex 7.414190 8.645763 5.150000
vertex 7.148050 8.771639 5.150000
vertex 7.128916 8.725445 5.400000
endloop
endfacet
facet normal 0.419273 0.886475 0.195889
outer loop
vertex 7.414190 8.645763 5.150000
vertex 7.128916 8.725445 5.400000
vertex 7.390620 8.601667 5.400000
endloop
endfacet
facet normal 0.330362 0.923303 0.195888
outer loop
vertex 7.148050 8.771639 5.150000
vertex 6.870854 8.870821 5.150000
vertex 6.856340 8.822974 5.400000
endloop
endfacet
facet normal 0.330363 0.923303 0.195889
outer loop
vertex 7.148050 8.771639 5.150000
vertex 6.856340 8.822974 5.400000
vertex 7.128916 8.725445 5.400000
endloop
endfacet
facet normal 0.238274 0.951237 0.195891
outer loop
vertex 6.870854 8.870821 5.150000
vertex 6.585271 8.942356 5.150000
vertex 6.575516 8.893316 5.400000
endloop
endfacet
facet normal 0.238271 0.951239 0.195888
outer loop
vertex 6.870854 8.870821 5.150000
vertex 6.575516 8.893316 5.400000
vertex 6.856340 8.822974 5.400000
endloop
endfacet
facet normal 0.143886 0.970013 0.195888
outer loop
vertex 6.585271 8.942356 5.150000
vertex 6.294052 8.985554 5.150000
vertex 6.289151 8.935795 5.400000
endloop
endfacet
facet normal 0.143888 0.970012 0.195891
outer loop
vertex 6.585271 8.942356 5.150000
vertex 6.289151 8.935795 5.400000
vertex 6.575516 8.893316 5.400000
endloop
endfacet
facet normal 0.0481185 0.979445 0.19589
outer loop
vertex 6.294052 8.985554 5.150000
vertex 6.000000 9.000000 5.150000
vertex 6.000000 8.950000 5.400000
endloop
endfacet
facet normal 0.0481168 0.979445 0.195888
outer loop
vertex 6.294052 8.985554 5.150000
vertex 6.000000 8.950000 5.400000
vertex 6.289151 8.935795 5.400000
endloop
endfacet
facet normal 0 0.98058 0.196117
outer loop
vertex 6.000000 9.000000 5.150000
vertex -6.000000 9.000000 5.150000
vertex -6.000000 8.950000 5.400000
endloop
endfacet
facet normal 0 0.98058 0.196117
outer loop
vertex 6.000000 9.000000 5.150000
vertex -6.000000 8.950000 5.400000
vertex 6.000000 8.950000 5.400000
endloop
endfacet
facet normal -0.0481185 0.979445 0.195888
outer loop
vertex -6.000000 9.000000 5.150000
vertex -6.294052 8.985554 5.150000
vertex -6.289151 8.935795 5.400000
endloop
endfacet
facet normal -0.0481167 0.979445 0.19589
outer loop
vertex -6.000000 9.000000 5.150000
vertex -6.289151 8.935795 5.400000
vertex -6.000000 8.950000 5.400000
endloop
endfacet
facet normal -0.143886 0.970012 0.195891
outer loop
vertex -6.294052 8.985554 5.150000
vertex -6.585271 8.942356 5.150000
vertex -6.575516 8.893316 5.400000
endloop
endfacet
facet normal -0.143889 0.970012 0.195888
outer loop
vertex -6.294052 8.985554 5.150000
vertex -6.575516 8.893316 5.400000
vertex -6.289151 8.935795 5.400000
endloop
endfacet
facet normal -0.238274 0.951238 0.195888
outer loop
vertex -6.585271 8.942356 5.150000
vertex -6.870854 8.870821 5.150000
vertex -6.856340 8.822974 5.400000
endloop
endfacet
facet normal -0.238271 0.951238 0.195891
outer loop
vertex -6.585271 8.942356 5.150000
vertex -6.856340 8.822974 5.400000
vertex -6.575516 8.893316 5.400000
endloop
endfacet
facet normal -0.330362 0.923303 0.195889
outer loop
vertex -6.870854 8.870821 5.150000
vertex -7.148050 8.771639 5.150000
vertex -7.128916 8.725445 5.400000
endloop
endfacet
facet normal -0.330363 0.923303 0.195888
outer loop
vertex -6.870854 8.870821 5.150000
vertex -7.128916 8.725445 5.400000
vertex -6.856340 8.822974 5.400000
endloop
endfacet
facet normal -0.419273 0.886475 0.195889
outer loop
vertex -7.148050 8.771639 5.150000
vertex -7.414190 8.645763 5.150000
vertex -7.390620 8.601667 5.400000
endloop
endfacet
facet normal -0.419273 0.886475 0.195889
outer loop
vertex -7.148050 8.771639 5.150000
vertex -7.390620 8.601667 5.400000
vertex -7.128916 8.725445 5.400000
endloop
endfacet
facet normal -0.504142 0.841111 0.195889
outer loop
vertex -7.414190 8.645763 5.150000
vertex -7.666711 8.494409 5.150000
vertex -7.638932 8.452835 5.400000
endloop
endfacet
facet normal -0.504142 0.841111 0.195889
outer loop
vertex -7.414190 8.645763 5.150000
vertex -7.638932 8.452835 5.400000
vertex -7.390620 8.601667 5.400000
endloop
endfacet
facet normal -0.584158 0.787647 0.195889
outer loop
vertex -7.666711 8.494409 5.150000
vertex -7.903180 8.319032 5.150000
vertex -7.871460 8.280381 5.400000
endloop
endfacet
facet normal -0.584157 0.787647 0.195889
outer loop
vertex -7.666711 8.494409 5.150000
vertex -7.871460 8.280381 5.400000
vertex -7.638932 8.452835 5.400000
endloop
endfacet
facet normal -0.658547 0.726597 0.19589
outer loop
vertex -7.903180 8.319032 5.150000
vertex -8.121321 8.121321 5.150000
vertex -8.085965 8.085965 5.400000
endloop
endfacet
facet normal -0.658548 0.726596 0.195889
outer loop
vertex -7.903180 8.319032 5.150000
vertex -8.085965 8.085965 5.400000
vertex -7.871460 8.280381 5.400000
endloop
endfacet
facet normal -0.726597 0.658547 0.195889
outer loop
vertex -8.121321 8.121321 5.150000
vertex -8.319032 7.903180 5.150000
vertex -8.280381 7.871460 5.400000
endloop
endfacet
facet normal -0.726596 0.658548 0.19589
outer loop
vertex -8.121321 8.121321 5.150000
vertex -8.280381 7.871460 5.400000
vertex -8.085965 8.085965 5.400000
endloop
endfacet
facet normal -0.787647 0.584158 0.195889
outer loop
vertex -8.319032 7.903180 5.150000
vertex -8.494409 7.666711 5.150000
vertex -8.452835 7.638932 5.400000
endloop
endfacet
facet normal -0.787647 0.584157 0.195889
outer loop
vertex -8.319032 7.903180 5.150000
vertex -8.452835 7.638932 5.400000
vertex -8.280381 7.871460 5.400000
endloop
endfacet
facet normal -0.841111 0.504142 0.195889
outer loop
vertex -8.494409 7.666711 5.150000
vertex -8.645763 7.414190 5.150000
vertex -8.601667 7.390620 5.400000
endloop
endfacet
facet normal -0.841111 0.504142 0.195889
outer loop
vertex -8.494409 7.666711 5.150000
vertex -8.601667 7.390620 5.400000
vertex -8.452835 7.638932 5.400000
endloop
endfacet
facet normal -0.886475 0.419273 0.195889
outer loop
vertex -8.645763 7.414190 5.150000
vertex -8.771639 7.148050 5.150000
vertex -8.725445 7.128916 5.400000
endloop
endfacet
facet normal -0.886475 0.419273 0.195889
outer loop
vertex -8.645763 7.414190 5.150000
vertex -8.725445 7.128916 5.400000
vertex -8.601667 7.390620 5.400000
endloop
endfacet
facet normal -0.923303 0.330362 0.195888
outer loop
vertex -8.771639 7.148050 5.150000
vertex -8.870821 6.870854 5.150000
vertex -8.822974 6.856340 5.400000
endloop
endfacet
facet normal -0.923303 0.330363 0.195889
outer loop
vertex -8.771639 7.148050 5.150000
vertex -8.822974 6.856340 5.400000
vertex -8.725445 7.128916 5.400000
endloop
endfacet
facet normal -0.951237 0.238274 0.195891
outer loop
vertex -8.870821 6.870854 5.150000
vertex -8.942356 6.585271 5.150000
vertex -8.893316 6.575516 5.400000
endloop
endfacet
facet normal -0.951239 0.238271 0.195888
outer loop
vertex -8.870821 6.870854 5.150000
vertex -8.893316 6.575516 5.400000
vertex -8.822974 6.856340 5.400000
endloop
endfacet
facet normal -0.970013 0.143886 0.195888
outer loop
vertex -8.942356 6.585271 5.150000
vertex -8.985554 6.294052 5.150000
vertex -8.935795 6.289151 5.400000
endloop
endfacet
facet normal -0.970012 0.143888 0.195891
outer loop
vertex -8.942356 6.585271 5.150000
vertex -8.935795 6.289151 5.400000
vertex -8.893316 6.575516 5.400000
endloop
endfacet
facet normal -0.979445 0.0481185 0.19589
outer loop
vertex -8.985554 6.294052 5.150000
vertex -9.000000 6.000000 5.150000
vertex -8.950000 6.000000 5.400000
endloop
endfacet
facet normal -0.979445 0.0481168 0.195888
outer loop
vertex -8.985554 6.294052 5.150000
vertex -8.950000 6.000000 5.400000
vertex -8.935795 6.289151 5.400000
endloop
endfacet
facet normal -0.98058 0 0.196117
outer loop
vertex -9.000000 6.000000 5.150000
vertex -9.000000 -6.000000 5.150000
vertex -8.950000 -6.000000 5.400000
endloop
endfacet
facet normal -0.98058 0 0.196117
outer loop
vertex -9.000000 6.000000 5.150000
vertex -8.950000 -6.000000 5.400000
vertex -8.950000 6.000000 5.400000
endloop
endfacet
facet normal -0.979445 -0.0481185 0.195888
outer loop
vertex -9.000000 -6.000000 5.150000
vertex -8.985554 -6.294052 5.150000
vertex -8.935795 -6.289151 5.400000
endloop
endfacet
facet normal -0.979445 -0.0481167 0.19589
outer loop
vertex -9.000000 -6.000000 5.150000
vertex -8.935795 -6.289151 5.400000
vertex -8.950000 -6.000000 5.400000
endloop
endfacet
facet normal -0.970012 -0.143886 0.195891
outer loop
vertex -8.985554 -6.294052 5.150000
vertex -8.942356 -6.585271 5.150000
vertex -8.893316 -6.575516 5.400000
endloop
endfacet
facet normal -0.970012 -0.143889 0.195888
outer loop
vertex -8.985554 -6.294052 5.150000
vertex -8.893316 -6.575516 5.400000
vertex -8.935795 -6.289151 5.400000
endloop
endfacet
facet normal -0.951238 -0.238274 0.195888
outer loop
vertex -8.942356 -6.585271 5.150000
vertex -8.870821 -6.870854 5.150000
vertex -8.822974 -6.856340 5.400000
endloop
endfacet
facet normal -0.951238 -0.238271 0.195891
outer loop
vertex -8.942356 -6.585271 5.150000
vertex -8.822974 -6.856340 5.400000
vertex -8.893316 -6.575516 5.400000
endloop
endfacet
facet normal -0.923303 -0.330362 0.195889
outer loop
vertex -8.870821 -6.870854 5.150000
vertex -8.771639 -7.148050 5.150000
vertex -8.725445 -7.128916 5.400000
endloop
endfacet
facet normal -0.923303 -0.330363 0.195888
outer loop
vertex -8.870821 -6.870854 5.150000
vertex -8.725445 -7.128916 5.400000
vertex -8.822974 -6.856340 5.400000
endloop
endfacet
facet normal -0.886475 -0.419273 0.195889
outer loop
vertex -8.771639 -7.148050 5.150000
vertex -8.645763 -7.414190 5.150000
vertex -8.601667 -7.390620 5.400000
endloop
endfacet
facet normal -0.886475 -0.419273 0.195889
outer loop
vertex -8.771639 -7.148050 5.150000
vertex -8.601667 -7.390620 5.400000
vertex -8.725445 -7.128916 5.400000
endloop
endfacet
facet normal -0.841111 -0.504142 0.195889
outer loop
vertex -8.645763 -7.414190 5.150000
vertex -8.494409 -7.666711 5.150000
vertex -8.452835 -7.638932 5.400000
endloop
endfacet
facet normal -0.841111 -0.504142 0.195889
outer loop
vertex -8.645763 -7.414190 5.150000
vertex -8.452835 -7.638932 5.400000
vertex -8.601667 -7.390620 5.400000
endloop
endfacet
facet normal -0.787647 -0.584158 0.195889
outer loop
vertex -8.494409 -7.666711 5.150000
vertex -8.319032 -7.903180 5.150000
vertex -8.280381 -7.871460 5.400000
endloop
endfacet
facet normal -0.787647 -0.584157 0.195889
outer loop
vertex -8.494409 -7.666711 5.150000
vertex -8.280381 -7.871460 5.400000
vertex -8.452835 -7.638932 5.400000
endloop
endfacet
facet normal -0.726597 -0.658547 0.19589
outer loop
vertex -8.319032 -7.903180 5.150000
vertex -8.121321 -8.121321 5.150000
vertex -8.085965 -8.085965 5.400000
endloop
endfacet
facet normal -0.726596 -0.658548 0.195889
outer loop
vertex -8.319032 -7.903180 5.150000
vertex -8.085965 -8.085965 5.400000
vertex -8.280381 -7.871460 5.400000
endloop
endfacet
facet normal -0.658547 -0.726597 0.195889
outer loop
vertex -8.121321 -8.121321 5.150000
vertex -7.903180 -8.319032 5.150000
vertex -7.871460 -8.280381 5.400000
endloop
endfacet
facet normal -0.658548 -0.726596 0.19589
outer loop
vertex -8.121321 -8.121321 5.150000
vertex -7.871460 -8.280381 5.400000
vertex -8.085965 -8.085965 5.400000
endloop
endfacet
facet normal -0.584158 -0.787647 0.195889
outer loop
vertex -7.903180 -8.319032 5.150000
vertex -7.666711 -8.494409 5.150000
vertex -7.638932 -8.452835 5.400000
endloop
endfacet
facet normal -0.584157 -0.787647 0.195889
outer loop
vertex -7.903180 -8.319032 5.150000
vertex -7.638932 -8.452835 5.400000
vertex -7.871460 -8.280381 5.400000
endloop
endfacet
facet normal -0.504142 -0.841111 0.195889
outer loop
vertex -7.666711 -8.494409 5.150000
vertex -7.414190 -8.645763 5.150000
vertex -7.390620 -8.601667 5.400000
endloop
endfacet
facet normal -0.504142 -0.841111 0.195889
outer loop
vertex -7.666711 -8.494409 5.150000
vertex -7.390620 -8.601667 5.400000
vertex -7.638932 -8.452835 5.400000
endloop
endfacet
facet normal -0.419273 -0.886475 0.195889
outer loop
vertex -7.414190 -8.645763 5.150000
vertex -7.148050 -8.771639 5.150000
vertex -7.128916 -8.725445 5.400000
endloop
endfacet
facet normal -0.419273 -0.886475 0.195889
outer loop
vertex -7.414190 -8.645763 5.150000
vertex -7.128916 -8.725445 5.400000
vertex -7.390620 -8.601667 5.400000
endloop
endfacet
facet normal -0.330362 -0.923303 0.195888
outer loop
vertex -7.148050 -8.771639 5.150000
vertex -6.870854 -8.870821 5.150000
vertex -6.856340 -8.822974 5.400000
endloop
endfacet
facet normal -0.330363 -0.923303 0.195889
outer loop
vertex -7.148050 -8.771639 5.150000
vertex -6.856340 -8.822974 5.400000
vertex -7.128916 -8.725445 5.400000
endloop
endfacet
facet normal -0.238274 -0.951237 0.195891
outer loop
vertex -6.870854 -8.870821 5.150000
vertex -6.585271 -8.942356 5.150000
vertex -6.575516 -8.893316 5.400000
endloop
endfacet
facet normal -0.238271 -0.951239 0.195888
outer loop
vertex -6.870854 -8.870821 5.150000
vertex -6.575516 -8.893316 5.400000
vertex -6.856340 -8.822974 5.400000
endloop
endfacet
facet normal -0.143886 -0.970013 0.195888
outer loop
vertex -6.585271 -8.942356 5.150000
vertex -6.294052 -8.985554 5.150000
vertex -6.289151 -8.935795 5.400000
endloop
endfacet
facet normal -0.143888 -0.970012 0.195891
outer loop
vertex -6.585271 -8.942356 5.150000
vertex -6.289151 -8.935795 5.400000
vertex -6.575516 -8.893316 5.400000
endloop
endfacet
facet normal -0.0481185 -0.979445 0.19589
outer loop
vertex -6.294052 -8.985554 5.150000
vertex -6.000000 -9.000000 5.150000
vertex -6.000000 -8.950000 5.400000
endloop
endfacet
facet normal -0.0481168 -0.979445 0.195888
outer loop
vertex -6.294052 -8.985554 5.150000
vertex -6.000000 -8.950000 5.400000
vertex -6.289151 -8.935795 5.400000
endloop
endfacet
facet normal 0 -0.98058 0.196117
outer loop
vertex -6.000000 -9.000000 5.150000
vertex 6.000000 -9.000000 5.150000
vertex 6.000000 -8.950000 5.400000
endloop
endfacet
facet normal 0 -0.98058 0.196117
outer loop
vertex -6.000000 -9.000000 5.150000
vertex 6.000000 -8.950000 5.400000
vertex -6.000000 -8.950000 5.400000
endloop
endfacet
facet normal 0.0481185 -0.979445 0.195888
outer loop
vertex 6.000000 -9.000000 5.150000
vertex 6.294052 -8.985554 5.150000
vertex 6.289151 -8.935795 5.400000
endloop
endfacet
facet normal 0.0481167 -0.979445 0.19589
outer loop
vertex 6.000000 -9.000000 5.150000
vertex 6.289151 -8.935795 5.400000
vertex 6.000000 -8.950000 5.400000
endloop
endfacet
facet normal 0.143886 -0.970012 0.195891
outer loop
vertex 6.294052 -8.985554 5.150000
vertex 6.585271 -8.942356 5.150000
vertex 6.575516 -8.893316 5.400000
endloop
endfacet
facet normal 0.143889 -0.970012 0.195888
outer loop
vertex 6.294052 -8.985554 5.150000
vertex 6.575516 -8.893316 5.400000
vertex 6.289151 -8.935795 5.400000
endloop
endfacet
facet normal 0.238274 -0.951238 0.195888
outer loop
vertex 6.585271 -8.942356 5.150000
vertex 6.870854 -8.870821 5.150000
vertex 6.856340 -8.822974 5.400000
endloop
endfacet
facet normal 0.238271 -0.951238 0.195891
outer loop
vertex 6.585271 -8.942356 5.150000
vertex 6.856340 -8.822974 5.400000
vertex 6.575516 -8.893316 5.400000
endloop
endfacet
facet normal 0.330362 -0.923303 0.195889
outer loop
vertex 6.870854 -8.870821 5.150000
vertex 7.148050 -8.771639 5.150000
vertex 7.128916 -8.725445 5.400000
endloop
endfacet
facet normal 0.330363 -0.923303 0.195888
outer loop
vertex 6.870854 -8.870821 5.150000
vertex 7.128916 -8.725445 5.400000
vertex 6.856340 -8.822974 5.400000
endloop
endfacet
facet normal 0.419273 -0.886475 0.195889
outer loop
vertex 7.148050 -8.771639 5.150000
vertex 7.414190 -8.645763 5.150000
vertex 7.390620 -8.601667 5.400000
endloop
endfacet
facet normal 0.419273 -0.886475 0.195889
outer loop
vertex 7.148050 -8.771639 5.150000
vertex 7.390620 -8.601667 5.400000
vertex 7.128916 -8.725445 5.400000
endloop
endfacet
facet normal 0.504142 -0.841111 0.195889
outer loop
vertex 7.414190 -8.645763 5.150000
vertex 7.666711 -8.494409 5.150000
vertex 7.638932 -8.452835 5.400000
endloop
endfacet
facet normal 0.504142 -0.841111 0.195889
outer loop
vertex 7.414190 -8.645763 5.150000
vertex 7.638932 -8.452835 5.400000
vertex 7.390620 -8.601667 5.400000
endloop
endfacet
facet normal 0.584158 -0.787647 0.195889
outer loop
vertex 7.666711 -8.494409 5.150000
vertex 7.903180 -8.319032 5.150000
vertex 7.871460 -8.280381 5.400000
endloop
endfacet
facet normal 0.584157 -0.787647 0.195889
outer loop
vertex 7.666711 -8.494409 5.150000
vertex 7.871460 -8.280381 5.400000
vertex 7.638932 -8.452835 5.400000
endloop
endfacet
facet normal 0.658547 -0.726597 0.19589
outer loop
vertex 7.903180 -8.319032 5.150000
vertex 8.121321 -8.121321 5.150000
vertex 8.085965 -8.085965 5.400000
endloop
endfacet
facet normal 0.658548 -0.726596 0.195889
outer loop
vertex 7.903180 -8.319032 5.150000
vertex 8.085965 -8.085965 5.400000
vertex 7.871460 -8.280381 5.400000
endloop
endfacet
facet normal 0.726597 -0.658547 0.195889
outer loop
vertex 8.121321 -8.121321 5.150000
vertex 8.319032 -7.903180 5.150000
vertex 8.280381 -7.871460 5.400000
endloop
endfacet
facet normal 0.726596 -0.658548 0.19589
outer loop
vertex 8.121321 -8.121321 5.150000
vertex 8.280381 -7.871460 5.400000
vertex 8.085965 -8.085965 5.400000
endloop
endfacet
facet normal 0.787647 -0.584158 0.195889
outer loop
vertex 8.319032 -7.903180 5.150000
vertex 8.494409 -7.666711 5.150000
vertex 8.452835 -7.638932 5.400000
endloop
endfacet
facet normal 0.787647 -0.584157 0.195889
outer loop
vertex 8.319032 -7.903180 5.150000
vertex 8.452835 -7.638932 5.400000
vertex 8.280381 -7.871460 5.400000
endloop
endfacet
facet normal 0.841111 -0.504142 0.195889
outer loop
vertex 8.494409 -7.666711 5.150000
vertex 8.645763 -7.414190 5.150000
vertex 8.601667 -7.390620 5.400000
endloop
endfacet
facet normal 0.841111 -0.504142 0.195889
outer loop
vertex 8.494409 -7.666711 5.150000
vertex 8.601667 -7.390620 5.400000
vertex 8.452835 -7.638932 5.400000
endloop
endfacet
facet normal 0.886475 -0.419273 0.195889
outer loop
vertex 8.645763 -7.414190 5.150000
vertex 8.771639 -7.148050 5.150000
vertex 8.725445 -7.128916 5.400000
endloop
endfacet
facet normal 0.886475 -0.419273 0.195889
outer loop
vertex 8.645763 -7.414190 5.150000
vertex 8.725445 -7.128916 5.400000
vertex 8.601667 -7.390620 5.400000
endloop
endfacet
facet normal 0.923303 -0.330362 0.195888
outer loop
vertex 8.771639 -7.148050 5.150000
vertex 8.870821 -6.870854 5.150000
vertex 8.822974 -6.856340 5.400000
endloop
endfacet
facet normal 0.923303 -0.330363 0.195889
outer loop
vertex 8.771639 -7.148050 5.150000
vertex 8.822974 -6.856340 5.400000
vertex 8.725445 -7.128916 5.400000
endloop
endfacet
facet normal 0.951237 -0.238274 0.195891
outer loop
vertex 8.870821 -6.870854 5.150000
vertex 8.942356 -6.585271 5.150000
vertex 8.893316 -6.575516 5.400000
endloop
endfacet
facet normal 0.951239 -0.238271 0.195888
outer loop
vertex 8.870821 -6.870854 5.150000
vertex 8.893316 -6.575516 5.400000
vertex 8.822974 -6.856340 5.400000
endloop
endfacet
facet normal 0.970013 -0.143886 0.195888
outer loop
vertex 8.942356 -6.585271 5.150000
vertex 8.985554 -6.294052 5.150000
vertex 8.935795 -6.289151 5.400000
endloop
endfacet
facet normal 0.970012 -0.143888 0.195891
outer loop
vertex 8.942356 -6.585271 5.150000
vertex 8.935795 -6.289151 5.400000
vertex 8.893316 -6.575516 5.400000
endloop
endfacet
facet normal 0.979445 -0.0481185 0.19589
outer loop
vertex 8.985554 -6.294052 5.150000
vertex 9.000000 -6.000000 5.150000
vertex 8.950000 -6.000000 5.400000
endloop
endfacet
facet normal 0.979445 -0.0481168 0.195888
outer loop
vertex 8.985554 -6.294052 5.150000
vertex 8.950000 -6.000000 5.400000
vertex 8.935795 -6.289151 5.400000
endloop
endfacet
facet normal 0.98058 -0 0.196117
outer loop
vertex 9.000000 -6.000000 5.150000
vertex 9.000000 6.000000 5.150000
vertex 8.950000 6.000000 5.400000
endloop
endfacet
facet normal 0.98058 0 0.196117
outer loop
vertex 9.000000 -6.000000 5.150000
vertex 8.950000 6.000000 5.400000
vertex 8.950000 -6.000000 5.400000
endloop
endfacet
facet normal 0.758448 0.03726 0.650667
outer loop
vertex 8.950000 6.000000 5.400000
vertex 8.935795 6.289151 5.400000
vertex 8.811036 6.209249 5.550000
endloop
endfacet
facet normal 0.758447 0.0372586 0.650668
outer loop
vertex 8.950000 6.000000 5.400000
vertex 8.811036 6.209249 5.550000
vertex 8.825000 5.925000 5.550000
endloop
endfacet
facet normal 0.734927 0.109017 0.669326
outer loop
vertex 8.935795 6.289151 5.400000
vertex 8.893316 6.575516 5.400000
vertex 8.769278 6.490762 5.550000
endloop
endfacet
facet normal 0.734927 0.109016 0.669327
outer loop
vertex 8.935795 6.289151 5.400000
vertex 8.769278 6.490762 5.550000
vertex 8.811036 6.209249 5.550000
endloop
endfacet
facet normal 0.70699 0.17709 0.684693
outer loop
vertex 8.893316 6.575516 5.400000
vertex 8.822974 6.856340 5.400000
vertex 8.700127 6.766826 5.550000
endloop
endfacet
facet normal 0.706991 0.177093 0.684691
outer loop
vertex 8.893316 6.575516 5.400000
vertex 8.700127 6.766826 5.550000
vertex 8.769278 6.490762 5.550000
endloop
endfacet
facet normal 0.675107 0.241557 0.697051
outer loop
vertex 8.822974 6.856340 5.400000
vertex 8.725445 7.128916 5.400000
vertex 8.604251 7.034782 5.550000
endloop
endfacet
facet normal 0.675107 0.241556 0.697052
outer loop
vertex 8.822974 6.856340 5.400000
vertex 8.604251 7.034782 5.550000
vertex 8.700127 6.766826 5.550000
endloop
endfacet
facet normal 0.639631 0.302525 0.706648
outer loop
vertex 8.725445 7.128916 5.400000
vertex 8.601667 7.390620 5.400000
vertex 8.482572 7.292050 5.550000
endloop
endfacet
facet normal 0.639631 0.302524 0.706648
outer loop
vertex 8.725445 7.128916 5.400000
vertex 8.482572 7.292050 5.550000
vertex 8.604251 7.034782 5.550000
endloop
endfacet
facet normal 0.600818 0.360116 0.713676
outer loop
vertex 8.601667 7.390620 5.400000
vertex 8.452835 7.638932 5.400000
vertex 8.336262 7.536154 5.550000
endloop
endfacet
facet normal 0.600818 0.360116 0.713676
outer loop
vertex 8.601667 7.390620 5.400000
vertex 8.336262 7.536154 5.550000
vertex 8.482572 7.292050 5.550000
endloop
endfacet
facet normal 0.558832 0.414457 0.718284
outer loop
vertex 8.452835 7.638932 5.400000
vertex 8.280381 7.871460 5.400000
vertex 8.166730 7.764740 5.550000
endloop
endfacet
facet normal 0.558832 0.414459 0.718283
outer loop
vertex 8.452835 7.638932 5.400000
vertex 8.166730 7.764740 5.550000
vertex 8.336262 7.536154 5.550000
endloop
endfacet
facet normal 0.513769 0.465652 0.720562
outer loop
vertex 8.280381 7.871460 5.400000
vertex 8.085965 8.085965 5.400000
vertex 7.975610 7.975610 5.550000
endloop
endfacet
facet normal 0.513769 0.465651 0.720563
outer loop
vertex 8.280381 7.871460 5.400000
vertex 7.975610 7.975610 5.550000
vertex 8.166730 7.764740 5.550000
endloop
endfacet
facet normal 0.465652 0.513768 0.720563
outer loop
vertex 8.085965 8.085965 5.400000
vertex 7.871460 8.280381 5.400000
vertex 7.764740 8.166730 5.550000
endloop
endfacet
facet normal 0.465652 0.513769 0.720562
outer loop
vertex 8.085965 8.085965 5.400000
vertex 7.764740 8.166730 5.550000
vertex 7.975610 7.975610 5.550000
endloop
endfacet
facet normal 0.414458 0.558833 0.718282
outer loop
vertex 7.871460 8.280381 5.400000
vertex 7.638932 8.452835 5.400000
vertex 7.536154 8.336262 5.550000
endloop
endfacet
facet normal 0.414458 0.558831 0.718284
outer loop
vertex 7.871460 8.280381 5.400000
vertex 7.536154 8.336262 5.550000
vertex 7.764740 8.166730 5.550000
endloop
endfacet
facet normal 0.360116 0.600818 0.713676
outer loop
vertex 7.638932 8.452835 5.400000
vertex 7.390620 8.601667 5.400000
vertex 7.292050 8.482572 5.550000
endloop
endfacet
facet normal 0.360116 0.600818 0.713676
outer loop
vertex 7.638932 8.452835 5.400000
vertex 7.292050 8.482572 5.550000
vertex 7.536154 8.336262 5.550000
endloop
endfacet
facet normal 0.302524 0.639631 0.706648
outer loop
vertex 7.390620 8.601667 5.400000
vertex 7.128916 8.725445 5.400000
vertex 7.034782 8.604251 5.550000
endloop
endfacet
facet normal 0.302524 0.639632 0.706648
outer loop
vertex 7.390620 8.601667 5.400000
vertex 7.034782 8.604251 5.550000
vertex 7.292050 8.482572 5.550000
endloop
endfacet
facet normal 0.241557 0.675106 0.697052
outer loop
vertex 7.128916 8.725445 5.400000
vertex 6.856340 8.822974 5.400000
vertex 6.766826 8.700127 5.550000
endloop
endfacet
facet normal 0.241556 0.675108 0.697051
outer loop
vertex 7.128916 8.725445 5.400000
vertex 6.766826 8.700127 5.550000
vertex 7.034782 8.604251 5.550000
endloop
endfacet
facet normal 0.177091 0.706992 0.68469
outer loop
vertex 6.856340 8.822974 5.400000
vertex 6.575516 8.893316 5.400000
vertex 6.490762 8.769278 5.550000
endloop
endfacet
facet normal 0.177093 0.706988 0.684694
outer loop
vertex 6.856340 8.822974 5.400000
vertex 6.490762 8.769278 5.550000
vertex 6.766826 8.700127 5.550000
endloop
endfacet
facet normal 0.109017 0.734927 0.669327
outer loop
vertex 6.575516 8.893316 5.400000
vertex 6.289151 8.935795 5.400000
vertex 6.209249 8.811036 5.550000
endloop
endfacet
facet normal 0.109016 0.734927 0.669326
outer loop
vertex 6.575516 8.893316 5.400000
vertex 6.209249 8.811036 5.550000
vertex 6.490762 8.769278 5.550000
endloop
endfacet
facet normal 0.0372599 0.758447 0.650669
outer loop
vertex 6.289151 8.935795 5.400000
vertex 6.000000 8.950000 5.400000
vertex 5.925000 8.825000 5.550000
endloop
endfacet
facet normal 0.0372587 0.758449 0.650667
outer loop
vertex 6.289151 8.935795 5.400000
vertex 5.925000 8.825000 5.550000
vertex 6.209249 8.811036 5.550000
endloop
endfacet
facet normal 0 0.768221 0.640184
outer loop
vertex 6.000000 8.950000 5.400000
vertex -6.000000 8.950000 5.400000
vertex -5.925000 8.825000 5.550000
endloop
endfacet
facet normal 0 0.768221 0.640184
outer loop
vertex 6.000000 8.950000 5.400000
vertex -5.925000 8.825000 5.550000
vertex 5.925000 8.825000 5.550000
endloop
endfacet
facet normal -0.03726 0.758448 0.650667
outer loop
vertex -6.000000 8.950000 5.400000
vertex -6.289151 8.935795 5.400000
vertex -6.209249 8.811036 5.550000
endloop
endfacet
facet normal -0.0372586 0.758447 0.650668
outer loop
vertex -6.000000 8.950000 5.400000
vertex -6.209249 8.811036 5.550000
vertex -5.925000 8.825000 5.550000
endloop
endfacet
facet normal -0.109017 0.734927 0.669326
outer loop
vertex -6.289151 8.935795 5.400000
vertex -6.575516 8.893316 5.400000
vertex -6.490762 8.769278 5.550000
endloop
endfacet
facet normal -0.109016 0.734927 0.669327
outer loop
vertex -6.289151 8.935795 5.400000
vertex -6.490762 8.769278 5.550000
vertex -6.209249 8.811036 5.550000
endloop
endfacet
facet normal -0.17709 0.70699 0.684693
outer loop
vertex -6.575516 8.893316 5.400000
vertex -6.856340 8.822974 5.400000
vertex -6.766826 8.700127 5.550000
endloop
endfacet
facet normal -0.177093 0.706991 0.684691
outer loop
vertex -6.575516 8.893316 5.400000
vertex -6.766826 8.700127 5.550000
vertex -6.490762 8.769278 5.550000
endloop
endfacet
facet normal -0.241557 0.675107 0.697051
outer loop
vertex -6.856340 8.822974 5.400000
vertex -7.128916 8.725445 5.400000
vertex -7.034782 8.604251 5.550000
endloop
endfacet
facet normal -0.241556 0.675107 0.697052
outer loop
vertex -6.856340 8.822974 5.400000
vertex -7.034782 8.604251 5.550000
vertex -6.766826 8.700127 5.550000
endloop
endfacet
facet normal -0.302525 0.639631 0.706648
outer loop
vertex -7.128916 8.725445 5.400000
vertex -7.390620 8.601667 5.400000
vertex -7.292050 8.482572 5.550000
endloop
endfacet
facet normal -0.302524 0.639631 0.706648
outer loop
vertex -7.128916 8.725445 5.400000
vertex -7.292050 8.482572 5.550000
vertex -7.034782 8.604251 5.550000
endloop
endfacet
facet normal -0.360116 0.600818 0.713676
outer loop
vertex -7.390620 8.601667 5.400000
vertex -7.638932 8.452835 5.400000
vertex -7.536154 8.336262 5.550000
endloop
endfacet
facet normal -0.360116 0.600818 0.713676
outer loop
vertex -7.390620 8.601667 5.400000
vertex -7.536154 8.336262 5.550000
vertex -7.292050 8.482572 5.550000
endloop
endfacet
facet normal -0.414457 0.558832 0.718284
outer loop
vertex -7.638932 8.452835 5.400000
vertex -7.871460 8.280381 5.400000
vertex -7.764740 8.166730 5.550000
endloop
endfacet
facet normal -0.414459 0.558832 0.718283
outer loop
vertex -7.638932 8.452835 5.400000
vertex -7.764740 8.166730 5.550000
vertex -7.536154 8.336262 5.550000
endloop
endfacet
facet normal -0.465652 0.513769 0.720562
outer loop
vertex -7.871460 8.280381 5.400000
vertex -8.085965 8.085965 5.400000
vertex -7.975610 7.975610 5.550000
endloop
endfacet
facet normal -0.465651 0.513769 0.720563
outer loop
vertex -7.871460 8.280381 5.400000
vertex -7.975610 7.975610 5.550000
vertex -7.764740 8.166730 5.550000
endloop
endfacet
facet normal -0.513768 0.465652 0.720563
outer loop
vertex -8.085965 8.085965 5.400000
vertex -8.280381 7.871460 5.400000
vertex -8.166730 7.764740 5.550000
endloop
endfacet
facet normal -0.513769 0.465652 0.720562
outer loop
vertex -8.085965 8.085965 5.400000
vertex -8.166730 7.764740 5.550000
vertex -7.975610 7.975610 5.550000
endloop
endfacet
facet normal -0.558833 0.414458 0.718282
outer loop
vertex -8.280381 7.871460 5.400000
vertex -8.452835 7.638932 5.400000
vertex -8.336262 7.536154 5.550000
endloop
endfacet
facet normal -0.558831 0.414458 0.718284
outer loop
vertex -8.280381 7.871460 5.400000
vertex -8.336262 7.536154 5.550000
vertex -8.166730 7.764740 5.550000
endloop
endfacet
facet normal -0.600818 0.360116 0.713676
outer loop
vertex -8.452835 7.638932 5.400000
vertex -8.601667 7.390620 5.400000
vertex -8.482572 7.292050 5.550000
endloop
endfacet
facet normal -0.600818 0.360116 0.713676
outer loop
vertex -8.452835 7.638932 5.400000
vertex -8.482572 7.292050 5.550000
vertex -8.336262 7.536154 5.550000
endloop
endfacet
facet normal -0.639631 0.302524 0.706648
outer loop
vertex -8.601667 7.390620 5.400000
vertex -8.725445 7.128916 5.400000
vertex -8.604251 7.034782 5.550000
endloop
endfacet
facet normal -0.639632 0.302524 0.706648
outer loop
vertex -8.601667 7.390620 5.400000
vertex -8.604251 7.034782 5.550000
vertex -8.482572 7.292050 5.550000
endloop
endfacet
facet normal -0.675106 0.241557 0.697052
outer loop
vertex -8.725445 7.128916 5.400000
vertex -8.822974 6.856340 5.400000
vertex -8.700127 6.766826 5.550000
endloop
endfacet
facet normal -0.675108 0.241556 0.697051
outer loop
vertex -8.725445 7.128916 5.400000
vertex -8.700127 6.766826 5.550000
vertex -8.604251 7.034782 5.550000
endloop
endfacet
facet normal -0.706992 0.177091 0.68469
outer loop
vertex -8.822974 6.856340 5.400000
vertex -8.893316 6.575516 5.400000
vertex -8.769278 6.490762 5.550000
endloop
endfacet
facet normal -0.706988 0.177093 0.684694
outer loop
vertex -8.822974 6.856340 5.400000
vertex -8.769278 6.490762 5.550000
vertex -8.700127 6.766826 5.550000
endloop
endfacet
facet normal -0.734927 0.109017 0.669327
outer loop
vertex -8.893316 6.575516 5.400000
vertex -8.935795 6.289151 5.400000
vertex -8.811036 6.209249 5.550000
endloop
endfacet
facet normal -0.734927 0.109016 0.669326
outer loop
vertex -8.893316 6.575516 5.400000
vertex -8.811036 6.209249 5.550000
vertex -8.769278 6.490762 5.550000
endloop
endfacet
facet normal -0.758447 0.0372599 0.650669
outer loop
vertex -8.935795 6.289151 5.400000
vertex -8.950000 6.000000 5.400000
vertex -8.825000 5.925000 5.550000
endloop
endfacet
facet normal -0.758449 0.0372587 0.650667
outer loop
vertex -8.935795 6.289151 5.400000
vertex -8.825000 5.925000 5.550000
vertex -8.811036 6.209249 5.550000
endloop
endfacet
facet normal -0.768221 0 0.640184
outer loop
vertex -8.950000 6.000000 5.400000
vertex -8.950000 -6.000000 5.400000
vertex -8.825000 -5.925000 5.550000
endloop
endfacet
facet normal -0.768221 0 0.640184
outer loop
vertex -8.950000 6.000000 5.400000
vertex -8.825000 -5.925000 5.550000
vertex -8.825000 5.925000 5.550000
endloop
endfacet
facet normal -0.758448 -0.03726 0.650667
outer loop
vertex -8.950000 -6.000000 5.400000
vertex -8.935795 -6.289151 5.400000
vertex -8.811036 -6.209249 5.550000
endloop
endfacet
facet normal -0.758447 -0.0372586 0.650668
outer loop
vertex -8.950000 -6.000000 5.400000
vertex -8.811036 -6.209249 5.550000
vertex -8.825000 -5.925000 5.550000
endloop
endfacet
facet normal -0.734927 -0.109017 0.669326
outer loop
vertex -8.935795 -6.289151 5.400000
vertex -8.893316 -6.575516 5.400000
vertex -8.769278 -6.490762 5.550000
endloop
endfacet
facet normal -0.734927 -0.109016 0.669327
outer loop
vertex -8.935795 -6.289151 5.400000
vertex -8.769278 -6.490762 5.550000
vertex -8.811036 -6.209249 5.550000
endloop
endfacet
facet normal -0.70699 -0.17709 0.684693
outer loop
vertex -8.893316 -6.575516 5.400000
vertex -8.822974 -6.856340 5.400000
vertex -8.700127 -6.766826 5.550000
endloop
endfacet
facet normal -0.706991 -0.177093 0.684691
outer loop
vertex -8.893316 -6.575516 5.400000
vertex -8.700127 -6.766826 5.550000
vertex -8.769278 -6.490762 5.550000
endloop
endfacet
facet normal -0.675107 -0.241557 0.697051
outer loop
vertex -8.822974 -6.856340 5.400000
vertex -8.725445 -7.128916 5.400000
vertex -8.604251 -7.034782 5.550000
endloop
endfacet
facet normal -0.675107 -0.241556 0.697052
outer loop
vertex -8.822974 -6.856340 5.400000
vertex -8.604251 -7.034782 5.550000
vertex -8.700127 -6.766826 5.550000
endloop
endfacet
facet normal -0.639631 -0.302525 0.706648
outer loop
vertex -8.725445 -7.128916 5.400000
vertex -8.601667 -7.390620 5.400000
vertex -8.482572 -7.292050 5.550000
endloop
endfacet
facet normal -0.639631 -0.302524 0.706648
outer loop
vertex -8.725445 -7.128916 5.400000
vertex -8.482572 -7.292050 5.550000
vertex -8.604251 -7.034782 5.550000
endloop
endfacet
facet normal -0.600818 -0.360116 0.713676
outer loop
vertex -8.601667 -7.390620 5.400000
vertex -8.452835 -7.638932 5.400000
vertex -8.336262 -7.536154 5.550000
endloop
endfacet
facet normal -0.600818 -0.360116 0.713676
outer loop
vertex -8.601667 -7.390620 5.400000
vertex -8.336262 -7.536154 5.550000
vertex -8.482572 -7.292050 5.550000
endloop
endfacet
facet normal -0.558832 -0.414457 0.718284
outer loop
vertex -8.452835 -7.638932 5.400000
vertex -8.280381 -7.871460 5.400000
vertex -8.166730 -7.764740 5.550000
endloop
endfacet
facet normal -0.558832 -0.414459 0.718283
outer loop
vertex -8.452835 -7.638932 5.400000
vertex -8.166730 -7.764740 5.550000
vertex -8.336262 -7.536154 5.550000
endloop
endfacet
facet normal -0.513769 -0.465652 0.720562
outer loop
vertex -8.280381 -7.871460 5.400000
vertex -8.085965 -8.085965 5.400000
vertex -7.975610 -7.975610 5.550000
endloop
endfacet
facet normal -0.513769 -0.465651 0.720563
outer loop
vertex -8.280381 -7.871460 5.400000
vertex -7.975610 -7.975610 5.550000
vertex -8.166730 -7.764740 5.550000
endloop
endfacet
facet normal -0.465652 -0.513768 0.720563
outer loop
vertex -8.085965 -8.085965 5.400000
vertex -7.871460 -8.280381 5.400000
vertex -7.764740 -8.166730 5.550000
endloop
endfacet
facet normal -0.465652 -0.513769 0.720562
outer loop
vertex -8.085965 -8.085965 5.400000
vertex -7.764740 -8.166730 5.550000
vertex -7.975610 -7.975610 5.550000
endloop
endfacet
facet normal -0.414458 -0.558833 0.718282
outer loop
vertex -7.871460 -8.280381 5.400000
vertex -7.638932 -8.452835 5.400000
vertex -7.536154 -8.336262 5.550000
endloop
endfacet
facet normal -0.414458 -0.558831 0.718284
outer loop
vertex -7.871460 -8.280381 5.400000
vertex -7.536154 -8.336262 5.550000
vertex -7.764740 -8.166730 5.550000
endloop
endfacet
facet normal -0.360116 -0.600818 0.713676
outer loop
vertex -7.638932 -8.452835 5.400000
vertex -7.390620 -8.601667 5.400000
vertex -7.292050 -8.482572 5.550000
endloop
endfacet
facet normal -0.360116 -0.600818 0.713676
outer loop
vertex -7.638932 -8.452835 5.400000
vertex -7.292050 -8.482572 5.550000
vertex -7.536154 -8.336262 5.550000
endloop
endfacet
facet normal -0.302524 -0.639631 0.706648
outer loop
vertex -7.390620 -8.601667 5.400000
vertex -7.128916 -8.725445 5.400000
vertex -7.034782 -8.604251 5.550000
endloop
endfacet
facet normal -0.302524 -0.639632 0.706648
outer loop
vertex -7.390620 -8.601667 5.400000
vertex -7.034782 -8.604251 5.550000
vertex -7.292050 -8.482572 5.550000
endloop
endfacet
facet normal -0.241557 -0.675106 0.697052
outer loop
vertex -7.128916 -8.725445 5.400000
vertex -6.856340 -8.822974 5.400000
vertex -6.766826 -8.700127 5.550000
endloop
endfacet
facet normal -0.241556 -0.675108 0.697051
outer loop
vertex -7.128916 -8.725445 5.400000
vertex -6.766826 -8.700127 5.550000
vertex -7.034782 -8.604251 5.550000
endloop
endfacet
facet normal -0.177091 -0.706992 0.68469
outer loop
vertex -6.856340 -8.822974 5.400000
vertex -6.575516 -8.893316 5.400000
vertex -6.490762 -8.769278 5.550000
endloop
endfacet
facet normal -0.177093 -0.706988 0.684694
outer loop
vertex -6.856340 -8.822974 5.400000
vertex -6.490762 -8.769278 5.550000
vertex -6.766826 -8.700127 5.550000
endloop
endfacet
facet normal -0.109017 -0.734927 0.669327
outer loop
vertex -6.575516 -8.893316 5.400000
vertex -6.289151 -8.935795 5.400000
vertex -6.209249 -8.811036 5.550000
endloop
endfacet
facet normal -0.109016 -0.734927 0.669326
outer loop
vertex -6.575516 -8.893316 5.400000
vertex -6.209249 -8.811036 5.550000
vertex -6.490762 -8.769278 5.550000
endloop
endfacet
facet normal -0.0372599 -0.758447 0.650669
outer loop
vertex -6.289151 -8.935795 5.400000
vertex -6.000000 -8.950000 5.400000
vertex -5.925000 -8.825000 5.550000
endloop
endfacet
facet normal -0.0372587 -0.758449 0.650667
outer loop
vertex -6.289151 -8.935795 5.400000
vertex -5.925000 -8.825000 5.550000
vertex -6.209249 -8.811036 5.550000
endloop
endfacet
facet normal 0 -0.768221 0.640184
outer loop
vertex -6.000000 -8.950000 5.400000
vertex 6.000000 -8.950000 5.400000
vertex 5.925000 -8.825000 5.550000
endloop
endfacet
facet normal 0 -0.768221 0.640184
outer loop
vertex -6.000000 -8.950000 5.400000
vertex 5.925000 -8.825000 5.550000
vertex -5.925000 -8.825000 5.550000
endloop
endfacet
facet normal 0.03726 -0.758448 0.650667
outer loop
vertex 6.000000 -8.950000 5.400000
vertex 6.289151 -8.935795 5.400000
vertex 6.209249 -8.811036 5.550000
endloop
endfacet
facet normal 0.0372586 -0.758447 0.650668
outer loop
vertex 6.000000 -8.950000 5.400000
vertex 6.209249 -8.811036 5.550000
vertex 5.925000 -8.825000 5.550000
endloop
endfacet
facet normal 0.109017 -0.734927 0.669326
outer loop
vertex 6.289151 -8.935795 5.400000
vertex 6.575516 -8.893316 5.400000
vertex 6.490762 -8.769278 5.550000
endloop
endfacet
facet normal 0.109016 -0.734927 0.669327
outer loop
vertex 6.289151 -8.935795 5.400000
vertex 6.490762 -8.769278 5.550000
vertex 6.209249 -8.811036 5.550000
endloop
endfacet
facet normal 0.17709 -0.70699 0.684693
outer loop
vertex 6.575516 -8.893316 5.400000
vertex 6.856340 -8.822974 5.400000
vertex 6.766826 -8.700127 5.550000
endloop
endfacet
facet normal 0.177093 -0.706991 0.684691
outer loop
vertex 6.575516 -8.893316 5.400000
vertex 6.766826 -8.700127 5.550000
vertex 6.490762 -8.769278 5.550000
endloop
endfacet
facet normal 0.241557 -0.675107 0.697051
outer loop
vertex 6.856340 -8.822974 5.400000
vertex 7.128916 -8.725445 5.400000
vertex 7.034782 -8.604251 5.550000
endloop
endfacet
facet normal 0.241556 -0.675107 0.697052
outer loop
vertex 6.856340 -8.822974 5.400000
vertex 7.034782 -8.604251 5.550000
vertex 6.766826 -8.700127 5.550000
endloop
endfacet
facet normal 0.302525 -0.639631 0.706648
outer loop
vertex 7.128916 -8.725445 5.400000
vertex 7.390620 -8.601667 5.400000
vertex 7.292050 -8.482572 5.550000
endloop
endfacet
facet normal 0.302524 -0.639631 0.706648
outer loop
vertex 7.128916 -8.725445 5.400000
vertex 7.292050 -8.482572 5.550000
vertex 7.034782 -8.604251 5.550000
endloop
endfacet
facet normal 0.360116 -0.600818 0.713676
outer loop
vertex 7.390620 -8.601667 5.400000
vertex 7.638932 -8.452835 5.400000
vertex 7.536154 -8.336262 5.550000
endloop
endfacet
facet normal 0.360116 -0.600818 0.713676
outer loop
vertex 7.390620 -8.601667 5.400000
vertex 7.536154 -8.336262 5.550000
vertex 7.292050 -8.482572 5.550000
endloop
endfacet
facet normal 0.414457 -0.558832 0.718284
outer loop
vertex 7.638932 -8.452835 5.400000
vertex 7.871460 -8.280381 5.400000
vertex 7.764740 -8.166730 5.550000
endloop
endfacet
facet normal 0.414459 -0.558832 0.718283
outer loop
vertex 7.638932 -8.452835 5.400000
vertex 7.764740 -8.166730 5.550000
vertex 7.536154 -8.336262 5.550000
endloop
endfacet
facet normal 0.465652 -0.513769 0.720562
outer loop
vertex 7.871460 -8.280381 5.400000
vertex 8.085965 -8.085965 5.400000
vertex 7.975610 -7.975610 5.550000
endloop
endfacet
facet normal 0.465651 -0.513769 0.720563
outer loop
vertex 7.871460 -8.280381 5.400000
vertex 7.975610 -7.975610 5.550000
vertex 7.764740 -8.166730 5.550000
endloop
endfacet
facet normal 0.513768 -0.465652 0.720563
outer loop
vertex 8.085965 -8.085965 5.400000
vertex 8.280381 -7.871460 5.400000
vertex 8.166730 -7.764740 5.550000
endloop
endfacet
facet normal 0.513769 -0.465652 0.720562
outer loop
vertex 8.085965 -8.085965 5.400000
vertex 8.166730 -7.764740 5.550000
vertex 7.975610 -7.975610 5.550000
endloop
endfacet
facet normal 0.558833 -0.414458 0.718282
outer loop
vertex 8.280381 -7.871460 5.400000
vertex 8.452835 -7.638932 5.400000
vertex 8.336262 -7.536154 5.550000
endloop
endfacet
facet normal 0.558831 -0.414458 0.718284
outer loop
vertex 8.280381 -7.871460 5.400000
vertex 8.336262 -7.536154 5.550000
vertex 8.166730 -7.764740 5.550000
endloop
endfacet
facet normal 0.600818 -0.360116 0.713676
outer loop
vertex 8.452835 -7.638932 5.400000
vertex 8.601667 -7.390620 5.400000
vertex 8.482572 -7.292050 5.550000
endloop
endfacet
facet normal 0.600818 -0.360116 0.713676
outer loop
vertex 8.452835 -7.638932 5.400000
vertex 8.482572 -7.292050 5.550000
vertex 8.336262 -7.536154 5.550000
endloop
endfacet
facet normal 0.639631 -0.302524 0.706648
outer loop
vertex 8.601667 -7.390620 5.400000
vertex 8.725445 -7.128916 5.400000
vertex 8.604251 -7.034782 5.550000
endloop
endfacet
facet normal 0.639632 -0.302524 0.706648
outer loop
vertex 8.601667 -7.390620 5.400000
vertex 8.604251 -7.034782 5.550000
vertex 8.482572 -7.292050 5.550000
endloop
endfacet
facet normal 0.675106 -0.241557 0.697052
outer loop
vertex 8.725445 -7.128916 5.400000
vertex 8.822974 -6.856340 5.400000
vertex 8.700127 -6.766826 5.550000
endloop
endfacet
facet normal 0.675108 -0.241556 0.697051
outer loop
vertex 8.725445 -7.128916 5.400000
vertex 8.700127 -6.766826 5.550000
vertex 8.604251 -7.034782 5.550000
endloop
endfacet
facet normal 0.706992 -0.177091 0.68469
outer loop
vertex 8.822974 -6.856340 5.400000
vertex 8.893316 -6.575516 5.400000
vertex 8.769278 -6.490762 5.550000
endloop
endfacet
facet normal 0.706988 -0.177093 0.684694
outer loop
vertex 8.822974 -6.856340 5.400000
vertex 8.769278 -6.490762 5.550000
vertex 8.700127 -6.766826 5.550000
endloop
endfacet
facet normal 0.734927 -0.109017 0.669327
outer loop
vertex 8.893316 -6.575516 5.400000
vertex 8.935795 -6.289151 5.400000
vertex 8.811036 -6.209249 5.550000
endloop
endfacet
facet normal 0.734927 -0.109016 0.669326
outer loop
vertex 8.893316 -6.575516 5.400000
vertex 8.811036 -6.209249 5.550000
vertex 8.769278 -6.490762 5.550000
endloop
endfacet
facet normal 0.758447 -0.0372599 0.650669
outer loop
vertex 8.935795 -6.289151 5.400000
vertex 8.950000 -6.000000 5.400000
vertex 8.825000 -5.925000 5.550000
endloop
endfacet
facet normal 0.758449 -0.0372587 0.650667
outer loop
vertex 8.935795 -6.289151 5.400000
vertex 8.825000 -5.925000 5.550000
vertex 8.811036 -6.209249 5.550000
endloop
endfacet
facet normal 0.768221 -0 0.640184
outer loop
vertex 8.950000 -6.000000 5.400000
vertex 8.950000 6.000000 5.400000
vertex 8.825000 5.925000 5.550000
endloop
endfacet
facet normal 0.768221 0 0.640184
outer loop
vertex 8.950000 -6.000000 5.400000
vertex 8.825000 5.925000 5.550000
vertex 8.825000 -5.925000 5.550000
endloop
endfacet
facet normal 0 0 1
outer loop
vertex 8.825000 5.925000 5.550000
vertex 8.811036 6.209249 5.550000
vertex 7.215089 0.710624 5.550000
endloop
endfacet
facet normal 0 0 1
outer loop
vertex 8.825000 5.925000 5.550000
vertex 7.215089 0.710624 5.550000
vertex 7.250000 0.000000 5.550000
endloop
endfacet
facet normal 0 0 1
outer loop
vertex 8.811036 6.209249 5.550000
vertex 8.769278 6.490762 5.550000
vertex 7.110693 1.414405 5.550000
endloop
endfacet
facet normal 0 0 1
outer loop
vertex 8.811036 6.209249 5.550000
vertex 7.110693 1.414405 5.550000
vertex 7.215089 0.710624 5.550000
endloop
endfacet
facet normal 0 0 1
outer loop
vertex 8.769278 6.490762 5.550000
vertex 8.700127 6.766826 5.550000
vertex 6.937818 2.104564 5.550000
endloop
endfacet
facet normal 0 0 1
outer loop
vertex 8.769278 6.490762 5.550000
vertex 6.937818 2.104564 5.550000
vertex 7.110693 1.414405 5.550000
endloop
endfacet
facet normal 0 0 1
outer loop
vertex 8.700127 6.766826 5.550000
vertex 8.604251 7.034782 5.550000
vertex 6.698127 2.774455 5.550000
endloop
endfacet
facet normal 0 0 1
outer loop
vertex 8.700127 6.766826 5.550000
vertex 6.698127 2.774455 5.550000
vertex 6.937818 2.104564 5.550000
endloop
endfacet
facet normal 0 0 1
outer loop
vertex 8.604251 7.034782 5.550000
vertex 8.482572 7.292050 5.550000
vertex 6.393929 3.417626 5.550000
endloop
endfacet
facet normal 0 0 1
outer loop
vertex 8.604251 7.034782 5.550000
vertex 6.393929 3.417626 5.550000
vertex 6.698127 2.774455 5.550000
endloop
endfacet
facet normal 0 0 1
outer loop
vertex 8.482572 7.292050 5.550000
vertex 8.336262 7.536154 5.550000
vertex 6.028155 4.027884 5.550000
endloop
endfacet
facet normal 0 0 1
outer loop
vertex 8.482572 7.292050 5.550000
vertex 6.028155 4.027884 5.550000
vertex 6.393929 3.417626 5.550000
endloop
endfacet
facet normal 0 0 1
outer loop
vertex 8.336262 7.536154 5.550000
vertex 8.166730 7.764740 5.550000
vertex 5.604326 4.599351 5.550000
endloop
endfacet
facet normal 0 0 1
outer loop
vertex 8.336262 7.536154 5.550000
vertex 5.604326 4.599351 5.550000
vertex 6.028155 4.027884 5.550000
endloop
endfacet
facet normal 0 0 1
outer loop
vertex 8.166730 7.764740 5.550000
vertex 7.975610 7.975610 5.550000
vertex 5.126524 5.126524 5.550000
endloop
endfacet
facet normal 0 0 1
outer loop
vertex 8.166730 7.764740 5.550000
vertex 5.126524 5.126524 5.550000
vertex 5.604326 4.599351 5.550000
endloop
endfacet
facet normal 0 0 1
outer loop
vertex 7.975610 7.975610 5.550000
vertex 7.764740 8.166730 5.550000
vertex 4.599351 5.604326 5.550000
endloop
endfacet
facet normal 0 0 1
outer loop
vertex 7.975610 7.975610 5.550000
vertex 4.599351 5.604326 5.550000
vertex 5.126524 5.126524 5.550000
endloop
endfacet
facet normal 0 0 1
outer loop
vertex 7.764740 8.166730 5.550000
vertex 7.536154 8.336262 5.550000
vertex 4.027884 6.028155 5.550000
endloop
endfacet
facet normal 0 0 1
outer loop
vertex 7.764740 8.166730 5.550000
vertex 4.027884 6.028155 5.550000
vertex 4.599351 5.604326 5.550000
endloop
endfacet
facet normal 0 0 1
outer loop
vertex 7.536154 8.336262 5.550000
vertex 7.292050 8.482572 5.550000
vertex 3.417626 6.393929 5.550000
endloop
endfacet
facet normal 0 0 1
outer loop
vertex 7.536154 8.336262 5.550000
vertex 3.417626 6.393929 5.550000
vertex 4.027884 6.028155 5.550000
endloop
endfacet
facet normal 0 0 1
outer loop
vertex 7.292050 8.482572 5.550000
vertex 7.034782 8.604251 5.550000
vertex 2.774455 6.698127 5.550000
endloop
endfacet
facet normal 0 0 1
outer loop
vertex 7.292050 8.482572 5.550000
vertex 2.774455 6.698127 5.550000
vertex 3.417626 6.393929 5.550000
endloop
endfacet
facet normal 0 0 1
outer loop
vertex 7.034782 8.604251 5.550000
vertex 6.766826 8.700127 5.550000
vertex 2.104564 6.937818 5.550000
endloop
endfacet
facet normal 0 0 1
outer loop
vertex 7.034782 8.604251 5.550000
vertex 2.104564 6.937818 5.550000
vertex 2.774455 6.698127 5.550000
endloop
endfacet
facet normal 0 0 1
outer loop
vertex 6.766826 8.700127 5.550000
vertex 6.490762 8.769278 5.550000
vertex 1.414405 7.110693 5.550000
endloop
endfacet
facet normal 0 0 1
outer loop
vertex 6.766826 8.700127 5.550000
vertex 1.414405 7.110693 5.550000
vertex 2.104564 6.937818 5.550000
endloop
endfacet
facet normal 0 0 1
outer loop
vertex 6.490762 8.769278 5.550000
vertex 6.209249 8.811036 5.550000
vertex 0.710624 7.215089 5.550000
endloop
endfacet
facet normal 0 0 1
outer loop
vertex 6.490762 8.769278 5.550000
vertex 0.710624 7.215089 5.550000
vertex 1.414405 7.110693 5.550000
endloop
endfacet
facet normal 0 0 1
outer loop
vertex 6.209249 8.811036 5.550000
vertex 5.925000 8.825000 5.550000
vertex 0.000000 7.250000 5.550000
endloop
endfacet
facet normal 0 0 1
outer loop
vertex 6.209249 8.811036 5.550000
vertex 0.000000 7.250000 5.550000
vertex 0.710624 7.215089 5.550000
endloop
endfacet
facet normal 0 0 1
outer loop
vertex 5.925000 8.825000 5.550000
vertex -5.925000 8.825000 5.550000
vertex 0.000000 7.250000 5.550000
endloop
endfacet
facet normal 0 0 1
outer loop
vertex -5.925000 8.825000 5.550000
vertex -6.209249 8.811036 5.550000
vertex -0.710624 7.215089 5.550000
endloop
endfacet
facet normal 0 0 1
outer loop
vertex -5.925000 8.825000 5.550000
vertex -0.710624 7.215089 5.550000
vertex 0.000000 7.250000 5.550000
endloop
endfacet
facet normal 0 0 1
outer loop
vertex -6.209249 8.811036 5.550000
vertex -6.490762 8.769278 5.550000
vertex -1.414405 7.110693 5.550000
endloop
endfacet
facet normal 0 0 1
outer loop
vertex -6.209249 8.811036 5.550000
vertex -1.414405 7.110693 5.550000
vertex -0.710624 7.215089 5.550000
endloop
endfacet
facet normal 0 0 1
outer loop
vertex -6.490762 8.769278 5.550000
vertex -6.766826 8.700127 5.550000
vertex -2.104564 6.937818 5.550000
endloop
endfacet
facet normal 0 0 1
outer loop
vertex -6.490762 8.769278 5.550000
vertex -2.104564 6.937818 5.550000
vertex -1.414405 7.110693 5.550000
endloop
endfacet
facet normal 0 0 1
outer loop
vertex -6.766826 8.700127 5.550000
vertex -7.034782 8.604251 5.550000
vertex -2.774455 6.698127 5.550000
endloop
endfacet
facet normal 0 0 1
outer loop
vertex -6.766826 8.700127 5.550000
vertex -2.774455 6.698127 5.550000
vertex -2.104564 6.937818 5.550000
endloop
endfacet
facet normal 0 0 1
outer loop
vertex -7.034782 8.604251 5.550000
vertex -7.292050 8.482572 5.550000
vertex -3.417626 6.393929 5.550000
endloop
endfacet
facet normal 0 0 1
outer loop
vertex -7.034782 8.604251 5.550000
vertex -3.417626 6.393929 5.550000
vertex -2.774455 6.698127 5.550000
endloop
endfacet
facet normal 0 0 1
outer loop
vertex -7.292050 8.482572 5.550000
vertex -7.536154 8.336262 5.550000
vertex -4.027884 6.028155 5.550000
endloop
endfacet
facet normal 0 0 1
outer loop
vertex -7.292050 8.482572 5.550000
vertex -4.027884 6.028155 5.550000
vertex -3.417626 6.393929 5.550000
endloop
endfacet
facet normal 0 0 1
outer loop
vertex -7.536154 8.336262 5.550000
vertex -7.764740 8.166730 5.550000
vertex -4.599351 5.604326 5.550000
endloop
endfacet
facet normal 0 0 1
outer loop
vertex -7.536154 8.336262 5.550000
vertex -4.599351 5.604326 5.550000
vertex -4.027884 6.028155 5.550000
endloop
endfacet
facet normal 0 0 1
outer loop
vertex -7.764740 8.166730 5.550000
vertex -7.975610 7.975610 5.550000
vertex -5.126524 5.126524 5.550000
endloop
endfacet
facet normal 0 0 1
outer loop
vertex -7.764740 8.166730 5.550000
vertex -5.126524 5.126524 5.550000
vertex -4.599351 5.604326 5.550000
endloop
endfacet
facet normal 0 0 1
outer loop
vertex -7.975610 7.975610 5.550000
vertex -8.166730 7.764740 5.550000
vertex -5.604326 4.599351 5.550000
endloop
endfacet
facet normal 0 0 1
outer loop
vertex -7.975610 7.975610 5.550000
vertex -5.604326 4.599351 5.550000
vertex -5.126524 5.126524 5.550000
endloop
endfacet
facet normal 0 0 1
outer loop
vertex -8.166730 7.764740 5.550000
vertex -8.336262 7.536154 5.550000
vertex -6.028155 4.027884 5.550000
endloop
endfacet
facet normal 0 0 1
outer loop
vertex -8.166730 7.764740 5.550000
vertex -6.028155 4.027884 5.550000
vertex -5.604326 4.599351 5.550000
endloop
endfacet
facet normal 0 0 1
outer loop
vertex -8.336262 7.536154 5.550000
vertex -8.482572 7.292050 5.550000
vertex -6.393929 3.417626 5.550000
endloop
endfacet
facet normal 0 0 1
outer loop
vertex -8.336262 7.536154 5.550000
vertex -6.393929 3.417626 5.550000
vertex -6.028155 4.027884 5.550000
endloop
endfacet
facet normal 0 0 1
outer loop
vertex -8.482572 7.292050 5.550000
vertex -8.604251 7.034782 5.550000
vertex -6.698127 2.774455 5.550000
endloop
endfacet
facet normal 0 0 1
outer loop
vertex -8.482572 7.292050 5.550000
vertex -6.698127 2.774455 5.550000
vertex -6.393929 3.417626 5.550000
endloop
endfacet
facet normal 0 0 1
outer loop
vertex -8.604251 7.034782 5.550000
vertex -8.700127 6.766826 5.550000
vertex -6.937818 2.104564 5.550000
endloop
endfacet
facet normal 0 0 1
outer loop
vertex -8.604251 7.034782 5.550000
vertex -6.937818 2.104564 5.550000
vertex -6.698127 2.774455 5.550000
endloop
endfacet
facet normal 0 0 1
outer loop
vertex -8.700127 6.766826 5.550000
vertex -8.769278 6.490762 5.550000
vertex -7.110693 1.414405 5.550000
endloop
endfacet
facet normal 0 0 1
outer loop
vertex -8.700127 6.766826 5.550000
vertex -7.110693 1.414405 5.550000
vertex -6.937818 2.104564 5.550000
endloop
endfacet
facet normal 0 0 1
outer loop
vertex -8.769278 6.490762 5.550000
vertex -8.811036 6.209249 5.550000
vertex -7.215089 0.710624 5.550000
endloop
endfacet
facet normal 0 0 1
outer loop
vertex -8.769278 6.490762 5.550000
vertex -7.215089 0.710624 5.550000
vertex -7.110693 1.414405 5.550000
endloop
endfacet
facet normal 0 0 1
outer loop
vertex -8.811036 6.209249 5.550000
vertex -8.825000 5.925000 5.550000
vertex -7.250000 0.000000 5.550000
endloop
endfacet
facet normal 0 0 1
outer loop
vertex -8.811036 6.209249 5.550000
vertex -7.250000 0.000000 5.550000
vertex -7.215089 0.710624 5.550000
endloop
endfacet
facet normal 0 0 1
outer loop
vertex -8.825000 5.925000 5.550000
vertex -8.825000 -5.925000 5.550000
vertex -7.250000 0.000000 5.550000
endloop
endfacet
facet normal -0 0 1
outer loop
vertex -8.825000 -5.925000 5.550000
vertex -8.811036 -6.209249 5.550000
vertex -7.215089 -0.710624 5.550000
endloop
endfacet
facet normal 0 0 1
outer loop
vertex -8.825000 -5.925000 5.550000
vertex -7.215089 -0.710624 5.550000
vertex -7.250000 0.000000 5.550000
endloop
endfacet
facet normal -0 0 1
outer loop
vertex -8.811036 -6.209249 5.550000
vertex -8.769278 -6.490762 5.550000
vertex -7.110693 -1.414405 5.550000
endloop
endfacet
facet normal 0 0 1
outer loop
vertex -8.811036 -6.209249 5.550000
vertex -7.110693 -1.414405 5.550000
vertex -7.215089 -0.710624 5.550000
endloop
endfacet
facet normal -0 0 1
outer loop
vertex -8.769278 -6.490762 5.550000
vertex -8.700127 -6.766826 5.550000
vertex -6.937818 -2.104564 5.550000
endloop
endfacet
facet normal 0 0 1
outer loop
vertex -8.769278 -6.490762 5.550000
vertex -6.937818 -2.104564 5.550000
vertex -7.110693 -1.414405 5.550000
endloop
endfacet
facet normal -0 0 1
outer loop
vertex -8.700127 -6.766826 5.550000
vertex -8.604251 -7.034782 5.550000
vertex -6.698127 -2.774455 5.550000
endloop
endfacet
facet normal 0 0 1
outer loop
vertex -8.700127 -6.766826 5.550000
vertex -6.698127 -2.774455 5.550000
vertex -6.937818 -2.104564 5.550000
endloop
endfacet
facet normal -0 0 1
outer loop
vertex -8.604251 -7.034782 5.550000
vertex -8.482572 -7.292050 5.550000
vertex -6.393929 -3.417626 5.550000
endloop
endfacet
facet normal 0 0 1
outer loop
vertex -8.604251 -7.034782 5.550000
vertex -6.393929 -3.417626 5.550000
vertex -6.698127 -2.774455 5.550000
endloop
endfacet
facet normal -0 0 1
outer loop
vertex -8.482572 -7.292050 5.550000
vertex -8.336262 -7.536154 5.550000
vertex -6.028155 -4.027884 5.550000
endloop
endfacet
facet normal 0 0 1
outer loop
vertex -8.482572 -7.292050 5.550000
vertex -6.028155 -4.027884 5.550000
vertex -6.393929 -3.417626 5.550000
endloop
endfacet
facet normal -0 0 1
outer loop
vertex -8.336262 -7.536154 5.550000
vertex -8.166730 -7.764740 5.550000
vertex -5.604326 -4.599351 5.550000
endloop
endfacet
facet normal 0 0 1
outer loop
vertex -8.336262 -7.536154 5.550000
vertex -5.604326 -4.599351 5.550000
vertex -6.028155 -4.027884 5.550000
endloop
endfacet
facet normal -0 0 1
outer loop
vertex -8.166730 -7.764740 5.550000
vertex -7.975610 -7.975610 5.550000
vertex -5.126524 -5.126524 5.550000
endloop
endfacet
facet normal 0 0 1
outer loop
vertex -8.166730 -7.764740 5.550000
vertex -5.126524 -5.126524 5.550000
vertex -5.604326 -4.599351 5.550000
endloop
endfacet
facet normal -0 0 1
outer loop
vertex -7.975610 -7.975610 5.550000
vertex -7.764740 -8.166730 5.550000
vertex -4.599351 -5.604326 5.550000
endloop
endfacet
facet normal 0 0 1
outer loop
vertex -7.975610 -7.975610 5.550000
vertex -4.599351 -5.604326 5.550000
vertex -5.126524 -5.126524 5.550000
endloop
endfacet
facet normal -0 0 1
outer loop
vertex -7.764740 -8.166730 5.550000
vertex -7.536154 -8.336262 5.550000
vertex -4.027884 -6.028155 5.550000
endloop
endfacet
facet normal 0 0 1
outer loop
vertex -7.764740 -8.166730 5.550000
vertex -4.027884 -6.028155 5.550000
vertex -4.599351 -5.604326 5.550000
endloop
endfacet
facet normal -0 0 1
outer loop
vertex -7.536154 -8.336262 5.550000
vertex -7.292050 -8.482572 5.550000
vertex -3.417626 -6.393929 5.550000
endloop
endfacet
facet normal 0 0 1
outer loop
vertex -7.536154 -8.336262 5.550000
vertex -3.417626 -6.393929 5.550000
vertex -4.027884 -6.028155 5.550000
endloop
endfacet
facet normal -0 0 1
outer loop
vertex -7.292050 -8.482572 5.550000
vertex -7.034782 -8.604251 5.550000
vertex -2.774455 -6.698127 5.550000
endloop
endfacet
facet normal 0 0 1
outer loop
vertex -7.292050 -8.482572 5.550000
vertex -2.774455 -6.698127 5.550000
vertex -3.417626 -6.393929 5.550000
endloop
endfacet
facet normal -0 0 1
outer loop
vertex -7.034782 -8.604251 5.550000
vertex -6.766826 -8.700127 5.550000
vertex -2.104564 -6.937818 5.550000
endloop
endfacet
facet normal 0 0 1
outer loop
vertex -7.034782 -8.604251 5.550000
vertex -2.104564 -6.937818 5.550000
vertex -2.774455 -6.698127 5.550000
endloop
endfacet
facet normal -0 0 1
outer loop
vertex -6.766826 -8.700127 5.550000
vertex -6.490762 -8.769278 5.550000
vertex -1.414405 -7.110693 5.550000
endloop
endfacet
facet normal 0 0 1
outer loop
vertex -6.766826 -8.700127 5.550000
vertex -1.414405 -7.110693 5.550000
vertex -2.104564 -6.937818 5.550000
endloop
endfacet
facet normal -0 0 1
outer loop
vertex -6.490762 -8.769278 5.550000
vertex -6.209249 -8.811036 5.550000
vertex -0.710624 -7.215089 5.550000
endloop
endfacet
facet normal 0 0 1
outer loop
vertex -6.490762 -8.769278 5.550000
vertex -0.710624 -7.215089 5.550000
vertex -1.414405 -7.110693 5.550000
endloop
endfacet
facet normal -0 0 1
outer loop
vertex -6.209249 -8.811036 5.550000
vertex -5.925000 -8.825000 5.550000
vertex -0.000000 -7.250000 5.550000
endloop
endfacet
facet normal 0 0 1
outer loop
vertex -6.209249 -8.811036 5.550000
vertex -0.000000 -7.250000 5.550000
vertex -0.710624 -7.215089 5.550000
endloop
endfacet
facet normal 0 0 1
outer loop
vertex -5.925000 -8.825000 5.550000
vertex 5.925000 -8.825000 5.550000
vertex -0.000000 -7.250000 5.550000
endloop
endfacet
facet normal 0 -0 1
outer loop
vertex 5.925000 -8.825000 5.550000
vertex 6.209249 -8.811036 5.550000
vertex 0.710624 -7.215089 5.550000
endloop
endfacet
facet normal 0 0 1
outer loop
vertex 5.925000 -8.825000 5.550000
vertex 0.710624 -7.215089 5.550000
vertex -0.000000 -7.250000 5.550000
endloop
endfacet
facet normal 0 -0 1
outer loop
vertex 6.209249 -8.811036 5.550000
vertex 6.490762 -8.769278 5.550000
vertex 1.414405 -7.110693 5.550000
endloop
endfacet
facet normal 0 0 1
outer loop
vertex 6.209249 -8.811036 5.550000
vertex 1.414405 -7.110693 5.550000
vertex 0.710624 -7.215089 5.550000
endloop
endfacet
facet normal 0 -0 1
outer loop
vertex 6.490762 -8.769278 5.550000
vertex 6.766826 -8.700127 5.550000
vertex 2.104564 -6.937818 5.550000
endloop
endfacet
facet normal 0 0 1
outer loop
vertex 6.490762 -8.769278 5.550000
vertex 2.104564 -6.937818 5.550000
vertex 1.414405 -7.110693 5.550000
endloop
endfacet
facet normal 0 -0 1
outer loop
vertex 6.766826 -8.700127 5.550000
vertex 7.034782 -8.604251 5.550000
vertex 2.774455 -6.698127 5.550000
endloop
endfacet
facet normal 0 0 1
outer loop
vertex 6.766826 -8.700127 5.550000
vertex 2.774455 -6.698127 5.550000
vertex 2.104564 -6.937818 5.550000
endloop
endfacet
facet normal 0 -0 1
outer loop
vertex 7.034782 -8.604251 5.550000
vertex 7.292050 -8.482572 5.550000
vertex 3.417626 -6.393929 5.550000
endloop
endfacet
facet normal 0 0 1
outer loop
vertex 7.034782 -8.604251 5.550000
vertex 3.417626 -6.393929 5.550000
vertex 2.774455 -6.698127 5.550000
endloop
endfacet
facet normal 0 -0 1
outer loop
vertex 7.292050 -8.482572 5.550000
vertex 7.536154 -8.336262 5.550000
vertex 4.027884 -6.028155 5.550000
endloop
endfacet
facet normal 0 0 1
outer loop
vertex 7.292050 -8.482572 5.550000
vertex 4.027884 -6.028155 5.550000
vertex 3.417626 -6.393929 5.550000
endloop
endfacet
facet normal 0 -0 1
outer loop
vertex 7.536154 -8.336262 5.550000
vertex 7.764740 -8.166730 5.550000
vertex 4.599351 -5.604326 5.550000
endloop
endfacet
facet normal 0 0 1
outer loop
vertex 7.536154 -8.336262 5.550000
vertex 4.599351 -5.604326 5.550000
vertex 4.027884 -6.028155 5.550000
endloop
endfacet
facet normal 0 -0 1
outer loop
vertex 7.764740 -8.166730 5.550000
vertex 7.975610 -7.975610 5.550000
vertex 5.126524 -5.126524 5.550000
endloop
endfacet
facet normal 0 0 1
outer loop
vertex 7.764740 -8.166730 5.550000
vertex 5.126524 -5.126524 5.550000
vertex 4.599351 -5.604326 5.550000
endloop
endfacet
facet normal 0 -0 1
outer loop
vertex 7.975610 -7.975610 5.550000
vertex 8.166730 -7.764740 5.550000
vertex 5.604326 -4.599351 5.550000
endloop
endfacet
facet normal 0 0 1
outer loop
vertex 7.975610 -7.975610 5.550000
vertex 5.604326 -4.599351 5.550000
vertex 5.126524 -5.126524 5.550000
endloop
endfacet
facet normal 0 -0 1
outer loop
vertex 8.166730 -7.764740 5.550000
vertex 8.336262 -7.536154 5.550000
vertex 6.028155 -4.027884 5.550000
endloop
endfacet
facet normal 0 0 1
outer loop
vertex 8.166730 -7.764740 5.550000
vertex 6.028155 -4.027884 5.550000
vertex 5.604326 -4.599351 5.550000
endloop
endfacet
facet normal 0 -0 1
outer loop
vertex 8.336262 -7.536154 5.550000
vertex 8.482572 -7.292050 5.550000
vertex 6.393929 -3.417626 5.550000
endloop
endfacet
facet normal 0 0 1
outer loop
vertex 8.336262 -7.536154 5.550000
vertex 6.393929 -3.417626 5.550000
vertex 6.028155 -4.027884 5.550000
endloop
endfacet
facet normal 0 -0 1
outer loop
vertex 8.482572 -7.292050 5.550000
vertex 8.604251 -7.034782 5.550000
vertex 6.698127 -2.774455 5.550000
endloop
endfacet
facet normal 0 0 1
outer loop
vertex 8.482572 -7.292050 5.550000
vertex 6.698127 -2.774455 5.550000
vertex 6.393929 -3.417626 5.550000
endloop
endfacet
facet normal 0 -0 1
outer loop
vertex 8.604251 -7.034782 5.550000
vertex 8.700127 -6.766826 5.550000
vertex 6.937818 -2.104564 5.550000
endloop
endfacet
facet normal 0 0 1
outer loop
vertex 8.604251 -7.034782 5.550000
vertex 6.937818 -2.104564 5.550000
vertex 6.698127 -2.774455 5.550000
endloop
endfacet
facet normal 0 -0 1
outer loop
vertex 8.700127 -6.766826 5.550000
vertex 8.769278 -6.490762 5.550000
vertex 7.110693 -1.414405 5.550000
endloop
endfacet
facet normal 0 0 1
outer loop
vertex 8.700127 -6.766826 5.550000
vertex 7.110693 -1.414405 5.550000
vertex 6.937818 -2.104564 5.550000
endloop
endfacet
facet normal 0 -0 1
outer loop
vertex 8.769278 -6.490762 5.550000
vertex 8.811036 -6.209249 5.550000
vertex 7.215089 -0.710624 5.550000
endloop
endfacet
facet normal 0 0 1
outer loop
vertex 8.769278 -6.490762 5.550000
vertex 7.215089 -0.710624 5.550000
vertex 7.110693 -1.414405 5.550000
endloop
endfacet
facet normal 0 -0 1
outer loop
vertex 8.811036 -6.209249 5.550000
vertex 8.825000 -5.925000 5.550000
vertex 7.250000 0.000000 5.550000
endloop
endfacet
facet normal 0 0 1
outer loop
vertex 8.811036 -6.209249 5.550000
vertex 7.250000 0.000000 5.550000
vertex 7.215089 -0.710624 5.550000
endloop
endfacet
facet normal 0 -0 1
outer loop
vertex 8.825000 -5.925000 5.550000
vertex 8.825000 5.925000 5.550000
vertex 7.250000 0.000000 5.550000
endloop
endfacet
facet normal -0.0570495 -0.00280266 0.998367
outer loop
vertex 7.250000 0.000000 5.550000
vertex 7.215089 0.710624 5.550000
vertex 6.866775 0.676318 5.530000
endloop
endfacet
facet normal -0.0570495 -0.00280268 0.998367
outer loop
vertex 7.250000 0.000000 5.550000
vertex 6.866775 0.676318 5.530000
vertex 6.900000 -0.000000 5.530000
endloop
endfacet
facet normal -0.0565001 -0.00838098 0.998367
outer loop
vertex 7.215089 0.710624 5.550000
vertex 7.110693 1.414405 5.550000
vertex 6.767418 1.346123 5.530000
endloop
endfacet
facet normal -0.0565001 -0.00838099 0.998367
outer loop
vertex 7.215089 0.710624 5.550000
vertex 6.767418 1.346123 5.530000
vertex 6.866775 0.676318 5.530000
endloop
endfacet
facet normal -0.0554065 -0.0138786 0.998367
outer loop
vertex 7.110693 1.414405 5.550000
vertex 6.937818 2.104564 5.550000
vertex 6.602888 2.002964 5.530000
endloop
endfacet
facet normal -0.0554065 -0.0138786 0.998367
outer loop
vertex 7.110693 1.414405 5.550000
vertex 6.602888 2.002964 5.530000
vertex 6.767418 1.346123 5.530000
endloop
endfacet
facet normal -0.0537794 -0.0192426 0.998367
outer loop
vertex 6.937818 2.104564 5.550000
vertex 6.698127 2.774455 5.550000
vertex 6.374769 2.640516 5.530000
endloop
endfacet
facet normal -0.0537794 -0.0192425 0.998367
outer loop
vertex 6.937818 2.104564 5.550000
vertex 6.374769 2.640516 5.530000
vertex 6.602888 2.002964 5.530000
endloop
endfacet
facet normal -0.0516343 -0.0244212 0.998367
outer loop
vertex 6.698127 2.774455 5.550000
vertex 6.393929 3.417626 5.550000
vertex 6.085257 3.252637 5.530000
endloop
endfacet
facet normal -0.0516343 -0.0244212 0.998367
outer loop
vertex 6.698127 2.774455 5.550000
vertex 6.085257 3.252637 5.530000
vertex 6.374769 2.640516 5.530000
endloop
endfacet
facet normal -0.048992 -0.0293647 0.998367
outer loop
vertex 6.393929 3.417626 5.550000
vertex 6.028155 4.027884 5.550000
vertex 5.737140 3.833435 5.530000
endloop
endfacet
facet normal -0.048992 -0.0293647 0.998367
outer loop
vertex 6.393929 3.417626 5.550000
vertex 5.737140 3.833435 5.530000
vertex 6.085257 3.252637 5.530000
endloop
endfacet
facet normal -0.0458779 -0.0340253 0.998367
outer loop
vertex 6.028155 4.027884 5.550000
vertex 5.604326 4.599351 5.550000
vertex 5.333772 4.377314 5.530000
endloop
endfacet
facet normal -0.0458778 -0.0340253 0.998367
outer loop
vertex 6.028155 4.027884 5.550000
vertex 5.333772 4.377314 5.530000
vertex 5.737140 3.833435 5.530000
endloop
endfacet
facet normal -0.0423219 -0.0383584 0.998367
outer loop
vertex 5.604326 4.599351 5.550000
vertex 5.126524 5.126524 5.550000
vertex 4.879037 4.879037 5.530000
endloop
endfacet
facet normal -0.0423219 -0.0383583 0.998367
outer loop
vertex 5.604326 4.599351 5.550000
vertex 4.879037 4.879037 5.530000
vertex 5.333772 4.377314 5.530000
endloop
endfacet
facet normal -0.0383583 -0.0423219 0.998367
outer loop
vertex 5.126524 5.126524 5.550000
vertex 4.599351 5.604326 5.550000
vertex 4.377314 5.333772 5.530000
endloop
endfacet
facet normal -0.0383583 -0.0423219 0.998367
outer loop
vertex 5.126524 5.126524 5.550000
vertex 4.377314 5.333772 5.530000
vertex 4.879037 4.879037 5.530000
endloop
endfacet
facet normal -0.0340253 -0.0458778 0.998367
outer loop
vertex 4.599351 5.604326 5.550000
vertex 4.027884 6.028155 5.550000
vertex 3.833435 5.737140 5.530000
endloop
endfacet
facet normal -0.0340253 -0.0458779 0.998367
outer loop
vertex 4.599351 5.604326 5.550000
vertex 3.833435 5.737140 5.530000
vertex 4.377314 5.333772 5.530000
endloop
endfacet
facet normal -0.0293647 -0.048992 0.998367
outer loop
vertex 4.027884 6.028155 5.550000
vertex 3.417626 6.393929 5.550000
vertex 3.252637 6.085257 5.530000
endloop
endfacet
facet normal -0.0293647 -0.048992 0.998367
outer loop
vertex 4.027884 6.028155 5.550000
vertex 3.252637 6.085257 5.530000
vertex 3.833435 5.737140 5.530000
endloop
endfacet
facet normal -0.0244212 -0.0516343 0.998367
outer loop
vertex 3.417626 6.393929 5.550000
vertex 2.774455 6.698127 5.550000
vertex 2.640516 6.374769 5.530000
endloop
endfacet
facet normal -0.0244212 -0.0516343 0.998367
outer loop
vertex 3.417626 6.393929 5.550000
vertex 2.640516 6.374769 5.530000
vertex 3.252637 6.085257 5.530000
endloop
endfacet
facet normal -0.0192426 -0.0537794 0.998367
outer loop
vertex 2.774455 6.698127 5.550000
vertex 2.104564 6.937818 5.550000
vertex 2.002964 6.602888 5.530000
endloop
endfacet
facet normal -0.0192426 -0.0537794 0.998367
outer loop
vertex 2.774455 6.698127 5.550000
vertex 2.002964 6.602888 5.530000
vertex 2.640516 6.374769 5.530000
endloop
endfacet
facet normal -0.0138786 -0.0554065 0.998367
outer loop
vertex 2.104564 6.937818 5.550000
vertex 1.414405 7.110693 5.550000
vertex 1.346123 6.767418 5.530000
endloop
endfacet
facet normal -0.0138786 -0.0554065 0.998367
outer loop
vertex 2.104564 6.937818 5.550000
vertex 1.346123 6.767418 5.530000
vertex 2.002964 6.602888 5.530000
endloop
endfacet
facet normal -0.00838099 -0.0565001 0.998367
outer loop
vertex 1.414405 7.110693 5.550000
vertex 0.710624 7.215089 5.550000
vertex 0.676318 6.866775 5.530000
endloop
endfacet
facet normal -0.00838099 -0.0565001 0.998367
outer loop
vertex 1.414405 7.110693 5.550000
vertex 0.676318 6.866775 5.530000
vertex 1.346123 6.767418 5.530000
endloop
endfacet
facet normal -0.00280266 -0.0570495 0.998367
outer loop
vertex 0.710624 7.215089 5.550000
vertex 0.000000 7.250000 5.550000
vertex 0.000000 6.900000 5.530000
endloop
endfacet
facet normal -0.00280268 -0.0570495 0.998367
outer loop
vertex 0.710624 7.215089 5.550000
vertex 0.000000 6.900000 5.530000
vertex 0.676318 6.866775 5.530000
endloop
endfacet
facet normal 0.00280266 -0.0570495 0.998367
outer loop
vertex 0.000000 7.250000 5.550000
vertex -0.710624 7.215089 5.550000
vertex -0.676318 6.866775 5.530000
endloop
endfacet
facet normal 0.00280268 -0.0570495 0.998367
outer loop
vertex 0.000000 7.250000 5.550000
vertex -0.676318 6.866775 5.530000
vertex 0.000000 6.900000 5.530000
endloop
endfacet
facet normal 0.00838098 -0.0565001 0.998367
outer loop
vertex -0.710624 7.215089 5.550000
vertex -1.414405 7.110693 5.550000
vertex -1.346123 6.767418 5.530000
endloop
endfacet
facet normal 0.00838099 -0.0565001 0.998367
outer loop
vertex -0.710624 7.215089 5.550000
vertex -1.346123 6.767418 5.530000
vertex -0.676318 6.866775 5.530000
endloop
endfacet
facet normal 0.0138786 -0.0554065 0.998367
outer loop
vertex -1.414405 7.110693 5.550000
vertex -2.104564 6.937818 5.550000
vertex -2.002964 6.602888 5.530000
endloop
endfacet
facet normal 0.0138786 -0.0554065 0.998367
outer loop
vertex -1.414405 7.110693 5.550000
vertex -2.002964 6.602888 5.530000
vertex -1.346123 6.767418 5.530000
endloop
endfacet
facet normal 0.0192426 -0.0537794 0.998367
outer loop
vertex -2.104564 6.937818 5.550000
vertex -2.774455 6.698127 5.550000
vertex -2.640516 6.374769 5.530000
endloop
endfacet
facet normal 0.0192425 -0.0537794 0.998367
outer loop
vertex -2.104564 6.937818 5.550000
vertex -2.640516 6.374769 5.530000
vertex -2.002964 6.602888 5.530000
endloop
endfacet
facet normal 0.0244212 -0.0516343 0.998367
outer loop
vertex -2.774455 6.698127 5.550000
vertex -3.417626 6.393929 5.550000
vertex -3.252637 6.085257 5.530000
endloop
endfacet
facet normal 0.0244212 -0.0516343 0.998367
outer loop
vertex -2.774455 6.698127 5.550000
vertex -3.252637 6.085257 5.530000
vertex -2.640516 6.374769 5.530000
endloop
endfacet
facet normal 0.0293647 -0.048992 0.998367
outer loop
vertex -3.417626 6.393929 5.550000
vertex -4.027884 6.028155 5.550000
vertex -3.833435 5.737140 5.530000
endloop
endfacet
facet normal 0.0293647 -0.048992 0.998367
outer loop
vertex -3.417626 6.393929 5.550000
vertex -3.833435 5.737140 5.530000
vertex -3.252637 6.085257 5.530000
endloop
endfacet
facet normal 0.0340253 -0.0458779 0.998367
outer loop
vertex -4.027884 6.028155 5.550000
vertex -4.599351 5.604326 5.550000
vertex -4.377314 5.333772 5.530000
endloop
endfacet
facet normal 0.0340253 -0.0458778 0.998367
outer loop
vertex -4.027884 6.028155 5.550000
vertex -4.377314 5.333772 5.530000
vertex -3.833435 5.737140 5.530000
endloop
endfacet
facet normal 0.0383584 -0.0423219 0.998367
outer loop
vertex -4.599351 5.604326 5.550000
vertex -5.126524 5.126524 5.550000
vertex -4.879037 4.879037 5.530000
endloop
endfacet
facet normal 0.0383583 -0.0423219 0.998367
outer loop
vertex -4.599351 5.604326 5.550000
vertex -4.879037 4.879037 5.530000
vertex -4.377314 5.333772 5.530000
endloop
endfacet
facet normal 0.0423219 -0.0383583 0.998367
outer loop
vertex -5.126524 5.126524 5.550000
vertex -5.604326 4.599351 5.550000
vertex -5.333772 4.377314 5.530000
endloop
endfacet
facet normal 0.0423219 -0.0383583 0.998367
outer loop
vertex -5.126524 5.126524 5.550000
vertex -5.333772 4.377314 5.530000
vertex -4.879037 4.879037 5.530000
endloop
endfacet
facet normal 0.0458778 -0.0340253 0.998367
outer loop
vertex -5.604326 4.599351 5.550000
vertex -6.028155 4.027884 5.550000
vertex -5.737140 3.833435 5.530000
endloop
endfacet
facet normal 0.0458779 -0.0340253 0.998367
outer loop
vertex -5.604326 4.599351 5.550000
vertex -5.737140 3.833435 5.530000
vertex -5.333772 4.377314 5.530000
endloop
endfacet
facet normal 0.048992 -0.0293647 0.998367
outer loop
vertex -6.028155 4.027884 5.550000
vertex -6.393929 3.417626 5.550000
vertex -6.085257 3.252637 5.530000
endloop
endfacet
facet normal 0.048992 -0.0293647 0.998367
outer loop
vertex -6.028155 4.027884 5.550000
vertex -6.085257 3.252637 5.530000
vertex -5.737140 3.833435 5.530000
endloop
endfacet
facet normal 0.0516343 -0.0244212 0.998367
outer loop
vertex -6.393929 3.417626 5.550000
vertex -6.698127 2.774455 5.550000
vertex -6.374769 2.640516 5.530000
endloop
endfacet
facet normal 0.0516343 -0.0244212 0.998367
outer loop
vertex -6.393929 3.417626 5.550000
vertex -6.374769 2.640516 5.530000
vertex -6.085257 3.252637 5.530000
endloop
endfacet
facet normal 0.0537794 -0.0192426 0.998367
outer loop
vertex -6.698127 2.774455 5.550000
vertex -6.937818 2.104564 5.550000
vertex -6.602888 2.002964 5.530000
endloop
endfacet
facet normal 0.0537794 -0.0192426 0.998367
outer loop
vertex -6.698127 2.774455 5.550000
vertex -6.602888 2.002964 5.530000
vertex -6.374769 2.640516 5.530000
endloop
endfacet
facet normal 0.0554065 -0.0138786 0.998367
outer loop
vertex -6.937818 2.104564 5.550000
vertex -7.110693 1.414405 5.550000
vertex -6.767418 1.346123 5.530000
endloop
endfacet
facet normal 0.0554065 -0.0138786 0.998367
outer loop
vertex -6.937818 2.104564 5.550000
vertex -6.767418 1.346123 5.530000
vertex -6.602888 2.002964 5.530000
endloop
endfacet
facet normal 0.0565001 -0.00838099 0.998367
outer loop
vertex -7.110693 1.414405 5.550000
vertex -7.215089 0.710624 5.550000
vertex -6.866775 0.676318 5.530000
endloop
endfacet
facet normal 0.0565001 -0.00838099 0.998367
outer loop
vertex -7.110693 1.414405 5.550000
vertex -6.866775 0.676318 5.530000
vertex -6.767418 1.346123 5.530000
endloop
endfacet
facet normal 0.0570495 -0.00280266 0.998367
outer loop
vertex -7.215089 0.710624 5.550000
vertex -7.250000 0.000000 5.550000
vertex -6.900000 0.000000 5.530000
endloop
endfacet
facet normal 0.0570495 -0.00280268 0.998367
outer loop
vertex -7.215089 0.710624 5.550000
vertex -6.900000 0.000000 5.530000
vertex -6.866775 0.676318 5.530000
endloop
endfacet
facet normal 0.0570495 0.00280266 0.998367
outer loop
vertex -7.250000 0.000000 5.550000
vertex -7.215089 -0.710624 5.550000
vertex -6.866775 -0.676318 5.530000
endloop
endfacet
facet normal 0.0570495 0.00280268 0.998367
outer loop
vertex -7.250000 0.000000 5.550000
vertex -6.866775 -0.676318 5.530000
vertex -6.900000 0.000000 5.530000
endloop
endfacet
facet normal 0.0565001 0.00838098 0.998367
outer loop
vertex -7.215089 -0.710624 5.550000
vertex -7.110693 -1.414405 5.550000
vertex -6.767418 -1.346123 5.530000
endloop
endfacet
facet normal 0.0565001 0.00838099 0.998367
outer loop
vertex -7.215089 -0.710624 5.550000
vertex -6.767418 -1.346123 5.530000
vertex -6.866775 -0.676318 5.530000
endloop
endfacet
facet normal 0.0554065 0.0138786 0.998367
outer loop
vertex -7.110693 -1.414405 5.550000
vertex -6.937818 -2.104564 5.550000
vertex -6.602888 -2.002964 5.530000
endloop
endfacet
facet normal 0.0554065 0.0138786 0.998367
outer loop
vertex -7.110693 -1.414405 5.550000
vertex -6.602888 -2.002964 5.530000
vertex -6.767418 -1.346123 5.530000
endloop
endfacet
facet normal 0.0537794 0.0192426 0.998367
outer loop
vertex -6.937818 -2.104564 5.550000
vertex -6.698127 -2.774455 5.550000
vertex -6.374769 -2.640516 5.530000
endloop
endfacet
facet normal 0.0537794 0.0192425 0.998367
outer loop
vertex -6.937818 -2.104564 5.550000
vertex -6.374769 -2.640516 5.530000
vertex -6.602888 -2.002964 5.530000
endloop
endfacet
facet normal 0.0516343 0.0244212 0.998367
outer loop
vertex -6.698127 -2.774455 5.550000
vertex -6.393929 -3.417626 5.550000
vertex -6.085257 -3.252637 5.530000
endloop
endfacet
facet normal 0.0516343 0.0244212 0.998367
outer loop
vertex -6.698127 -2.774455 5.550000
vertex -6.085257 -3.252637 5.530000
vertex -6.374769 -2.640516 5.530000
endloop
endfacet
facet normal 0.048992 0.0293647 0.998367
outer loop
vertex -6.393929 -3.417626 5.550000
vertex -6.028155 -4.027884 5.550000
vertex -5.737140 -3.833435 5.530000
endloop
endfacet
facet normal 0.048992 0.0293647 0.998367
outer loop
vertex -6.393929 -3.417626 5.550000
vertex -5.737140 -3.833435 5.530000
vertex -6.085257 -3.252637 5.530000
endloop
endfacet
facet normal 0.0458779 0.0340253 0.998367
outer loop
vertex -6.028155 -4.027884 5.550000
vertex -5.604326 -4.599351 5.550000
vertex -5.333772 -4.377314 5.530000
endloop
endfacet
facet normal 0.0458778 0.0340253 0.998367
outer loop
vertex -6.028155 -4.027884 5.550000
vertex -5.333772 -4.377314 5.530000
vertex -5.737140 -3.833435 5.530000
endloop
endfacet
facet normal 0.0423219 0.0383584 0.998367
outer loop
vertex -5.604326 -4.599351 5.550000
vertex -5.126524 -5.126524 5.550000
vertex -4.879037 -4.879037 5.530000
endloop
endfacet
facet normal 0.0423219 0.0383583 0.998367
outer loop
vertex -5.604326 -4.599351 5.550000
vertex -4.879037 -4.879037 5.530000
vertex -5.333772 -4.377314 5.530000
endloop
endfacet
facet normal 0.0383583 0.0423219 0.998367
outer loop
vertex -5.126524 -5.126524 5.550000
vertex -4.599351 -5.604326 5.550000
vertex -4.377314 -5.333772 5.530000
endloop
endfacet
facet normal 0.0383583 0.0423219 0.998367
outer loop
vertex -5.126524 -5.126524 5.550000
vertex -4.377314 -5.333772 5.530000
vertex -4.879037 -4.879037 5.530000
endloop
endfacet
facet normal 0.0340253 0.0458778 0.998367
outer loop
vertex -4.599351 -5.604326 5.550000
vertex -4.027884 -6.028155 5.550000
vertex -3.833435 -5.737140 5.530000
endloop
endfacet
facet normal 0.0340253 0.0458779 0.998367
outer loop
vertex -4.599351 -5.604326 5.550000
vertex -3.833435 -5.737140 5.530000
vertex -4.377314 -5.333772 5.530000
endloop
endfacet
facet normal 0.0293647 0.048992 0.998367
outer loop
vertex -4.027884 -6.028155 5.550000
vertex -3.417626 -6.393929 5.550000
vertex -3.252637 -6.085257 5.530000
endloop
endfacet
facet normal 0.0293647 0.048992 0.998367
outer loop
vertex -4.027884 -6.028155 5.550000
vertex -3.252637 -6.085257 5.530000
vertex -3.833435 -5.737140 5.530000
endloop
endfacet
facet normal 0.0244212 0.0516343 0.998367
outer loop
vertex -3.417626 -6.393929 5.550000
vertex -2.774455 -6.698127 5.550000
vertex -2.640516 -6.374769 5.530000
endloop
endfacet
facet normal 0.0244212 0.0516343 0.998367
outer loop
vertex -3.417626 -6.393929 5.550000
vertex -2.640516 -6.374769 5.530000
vertex -3.252637 -6.085257 5.530000
endloop
endfacet
facet normal 0.0192426 0.0537794 0.998367
outer loop
vertex -2.774455 -6.698127 5.550000
vertex -2.104564 -6.937818 5.550000
vertex -2.002964 -6.602888 5.530000
endloop
endfacet
facet normal 0.0192426 0.0537794 0.998367
outer loop
vertex -2.774455 -6.698127 5.550000
vertex -2.002964 -6.602888 5.530000
vertex -2.640516 -6.374769 5.530000
endloop
endfacet
facet normal 0.0138786 0.0554065 0.998367
outer loop
vertex -2.104564 -6.937818 5.550000
vertex -1.414405 -7.110693 5.550000
vertex -1.346123 -6.767418 5.530000
endloop
endfacet
facet normal 0.0138786 0.0554065 0.998367
outer loop
vertex -2.104564 -6.937818 5.550000
vertex -1.346123 -6.767418 5.530000
vertex -2.002964 -6.602888 5.530000
endloop
endfacet
facet normal 0.00838099 0.0565001 0.998367
outer loop
vertex -1.414405 -7.110693 5.550000
vertex -0.710624 -7.215089 5.550000
vertex -0.676318 -6.866775 5.530000
endloop
endfacet
facet normal 0.00838099 0.0565001 0.998367
outer loop
vertex -1.414405 -7.110693 5.550000
vertex -0.676318 -6.866775 5.530000
vertex -1.346123 -6.767418 5.530000
endloop
endfacet
facet normal 0.00280266 0.0570495 0.998367
outer loop
vertex -0.710624 -7.215089 5.550000
vertex -0.000000 -7.250000 5.550000
vertex -0.000000 -6.900000 5.530000
endloop
endfacet
facet normal 0.00280268 0.0570495 0.998367
outer loop
vertex -0.710624 -7.215089 5.550000
vertex -0.000000 -6.900000 5.530000
vertex -0.676318 -6.866775 5.530000
endloop
endfacet
facet normal -0.00280266 0.0570495 0.998367
outer loop
vertex -0.000000 -7.250000 5.550000
vertex 0.710624 -7.215089 5.550000
vertex 0.676318 -6.866775 5.530000
endloop
endfacet
facet normal -0.00280268 0.0570495 0.998367
outer loop
vertex -0.000000 -7.250000 5.550000
vertex 0.676318 -6.866775 5.530000
vertex -0.000000 -6.900000 5.530000
endloop
endfacet
facet normal -0.00838098 0.0565001 0.998367
outer loop
vertex 0.710624 -7.215089 5.550000
vertex 1.414405 -7.110693 5.550000
vertex 1.346123 -6.767418 5.530000
endloop
endfacet
facet normal -0.00838099 0.0565001 0.998367
outer loop
vertex 0.710624 -7.215089 5.550000
vertex 1.346123 -6.767418 5.530000
vertex 0.676318 -6.866775 5.530000
endloop
endfacet
facet normal -0.0138786 0.0554065 0.998367
outer loop
vertex 1.414405 -7.110693 5.550000
vertex 2.104564 -6.937818 5.550000
vertex 2.002964 -6.602888 5.530000
endloop
endfacet
facet normal -0.0138786 0.0554065 0.998367
outer loop
vertex 1.414405 -7.110693 5.550000
vertex 2.002964 -6.602888 5.530000
vertex 1.346123 -6.767418 5.530000
endloop
endfacet
facet normal -0.0192426 0.0537794 0.998367
outer loop
vertex 2.104564 -6.937818 5.550000
vertex 2.774455 -6.698127 5.550000
vertex 2.640516 -6.374769 5.530000
endloop
endfacet
facet normal -0.0192425 0.0537794 0.998367
outer loop
vertex 2.104564 -6.937818 5.550000
vertex 2.640516 -6.374769 5.530000
vertex 2.002964 -6.602888 5.530000
endloop
endfacet
facet normal -0.0244212 0.0516343 0.998367
outer loop
vertex 2.774455 -6.698127 5.550000
vertex 3.417626 -6.393929 5.550000
vertex 3.252637 -6.085257 5.530000
endloop
endfacet
facet normal -0.0244212 0.0516343 0.998367
outer loop
vertex 2.774455 -6.698127 5.550000
vertex 3.252637 -6.085257 5.530000
vertex 2.640516 -6.374769 5.530000
endloop
endfacet
facet normal -0.0293647 0.048992 0.998367
outer loop
vertex 3.417626 -6.393929 5.550000
vertex 4.027884 -6.028155 5.550000
vertex 3.833435 -5.737140 5.530000
endloop
endfacet
facet normal -0.0293647 0.048992 0.998367
outer loop
vertex 3.417626 -6.393929 5.550000
vertex 3.833435 -5.737140 5.530000
vertex 3.252637 -6.085257 5.530000
endloop
endfacet
facet normal -0.0340253 0.0458779 0.998367
outer loop
vertex 4.027884 -6.028155 5.550000
vertex 4.599351 -5.604326 5.550000
vertex 4.377314 -5.333772 5.530000
endloop
endfacet
facet normal -0.0340253 0.0458778 0.998367
outer loop
vertex 4.027884 -6.028155 5.550000
vertex 4.377314 -5.333772 5.530000
vertex 3.833435 -5.737140 5.530000
endloop
endfacet
facet normal -0.0383584 0.0423219 0.998367
outer loop
vertex 4.599351 -5.604326 5.550000
vertex 5.126524 -5.126524 5.550000
vertex 4.879037 -4.879037 5.530000
endloop
endfacet
facet normal -0.0383583 0.0423219 0.998367
outer loop
vertex 4.599351 -5.604326 5.550000
vertex 4.879037 -4.879037 5.530000
vertex 4.377314 -5.333772 5.530000
endloop
endfacet
facet normal -0.0423219 0.0383583 0.998367
outer loop
vertex 5.126524 -5.126524 5.550000
vertex 5.604326 -4.599351 5.550000
vertex 5.333772 -4.377314 5.530000
endloop
endfacet
facet normal -0.0423219 0.0383583 0.998367
outer loop
vertex 5.126524 -5.126524 5.550000
vertex 5.333772 -4.377314 5.530000
vertex 4.879037 -4.879037 5.530000
endloop
endfacet
facet normal -0.0458778 0.0340253 0.998367
outer loop
vertex 5.604326 -4.599351 5.550000
vertex 6.028155 -4.027884 5.550000
vertex 5.737140 -3.833435 5.530000
endloop
endfacet
facet normal -0.0458779 0.0340253 0.998367
outer loop
vertex 5.604326 -4.599351 5.550000
vertex 5.737140 -3.833435 5.530000
vertex 5.333772 -4.377314 5.530000
endloop
endfacet
facet normal -0.048992 0.0293647 0.998367
outer loop
vertex 6.028155 -4.027884 5.550000
vertex 6.393929 -3.417626 5.550000
vertex 6.085257 -3.252637 5.530000
endloop
endfacet
facet normal -0.048992 0.0293647 0.998367
outer loop
vertex 6.028155 -4.027884 5.550000
vertex 6.085257 -3.252637 5.530000
vertex 5.737140 -3.833435 5.530000
endloop
endfacet
facet normal -0.0516343 0.0244212 0.998367
outer loop
vertex 6.393929 -3.417626 5.550000
vertex 6.698127 -2.774455 5.550000
vertex 6.374769 -2.640516 5.530000
endloop
endfacet
facet normal -0.0516343 0.0244212 0.998367
outer loop
vertex 6.393929 -3.417626 5.550000
vertex 6.374769 -2.640516 5.530000
vertex 6.085257 -3.252637 5.530000
endloop
endfacet
facet normal -0.0537794 0.0192426 0.998367
outer loop
vertex 6.698127 -2.774455 5.550000
vertex 6.937818 -2.104564 5.550000
vertex 6.602888 -2.002964 5.530000
endloop
endfacet
facet normal -0.0537794 0.0192426 0.998367
outer loop
vertex 6.698127 -2.774455 5.550000
vertex 6.602888 -2.002964 5.530000
vertex 6.374769 -2.640516 5.530000
endloop
endfacet
facet normal -0.0554065 0.0138786 0.998367
outer loop
vertex 6.937818 -2.104564 5.550000
vertex 7.110693 -1.414405 5.550000
vertex 6.767418 -1.346123 5.530000
endloop
endfacet
facet normal -0.0554065 0.0138786 0.998367
outer loop
vertex 6.937818 -2.104564 5.550000
vertex 6.767418 -1.346123 5.530000
vertex 6.602888 -2.002964 5.530000
endloop
endfacet
facet normal -0.0565001 0.00838099 0.998367
outer loop
vertex 7.110693 -1.414405 5.550000
vertex 7.215089 -0.710624 5.550000
vertex 6.866775 -0.676318 5.530000
endloop
endfacet
facet normal -0.0565001 0.00838099 0.998367
outer loop
vertex 7.110693 -1.414405 5.550000
vertex 6.866775 -0.676318 5.530000
vertex 6.767418 -1.346123 5.530000
endloop
endfacet
facet normal -0.0570495 0.00280266 0.998367
outer loop
vertex 7.215089 -0.710624 5.550000
vertex 7.250000 0.000000 5.550000
vertex 6.900000 -0.000000 5.530000
endloop
endfacet
facet normal -0.0570495 0.00280268 0.998367
outer loop
vertex 7.215089 -0.710624 5.550000
vertex 6.900000 -0.000000 5.530000
vertex 6.866775 -0.676318 5.530000
endloop
endfacet
facet normal -0.397532 -0.0195296 0.91738
outer loop
vertex 6.900000 -0.000000 5.530000
vertex 6.866775 0.676318 5.530000
vertex 6.568219 0.646913 5.400000
endloop
endfacet
facet normal -0.397532 -0.0195294 0.917381
outer loop
vertex 6.900000 -0.000000 5.530000
vertex 6.568219 0.646913 5.400000
vertex 6.600000 -0.000000 5.400000
endloop
endfacet
facet normal -0.393703 -0.0584004 0.917381
outer loop
vertex 6.866775 0.676318 5.530000
vertex 6.767418 1.346123 5.530000
vertex 6.473183 1.287596 5.400000
endloop
endfacet
facet normal -0.393703 -0.0584005 0.917381
outer loop
vertex 6.866775 0.676318 5.530000
vertex 6.473183 1.287596 5.400000
vertex 6.568219 0.646913 5.400000
endloop
endfacet
facet normal -0.386084 -0.0967091 0.91738
outer loop
vertex 6.767418 1.346123 5.530000
vertex 6.602888 2.002964 5.530000
vertex 6.315806 1.915879 5.400000
endloop
endfacet
facet normal -0.386083 -0.0967086 0.917381
outer loop
vertex 6.767418 1.346123 5.530000
vertex 6.315806 1.915879 5.400000
vertex 6.473183 1.287596 5.400000
endloop
endfacet
facet normal -0.374745 -0.134086 0.917381
outer loop
vertex 6.602888 2.002964 5.530000
vertex 6.374769 2.640516 5.530000
vertex 6.097605 2.525711 5.400000
endloop
endfacet
facet normal -0.374746 -0.134086 0.91738
outer loop
vertex 6.602888 2.002964 5.530000
vertex 6.097605 2.525711 5.400000
vertex 6.315806 1.915879 5.400000
endloop
endfacet
facet normal -0.359798 -0.170172 0.91738
outer loop
vertex 6.374769 2.640516 5.530000
vertex 6.085257 3.252637 5.530000
vertex 5.820680 3.111218 5.400000
endloop
endfacet
facet normal -0.359798 -0.170172 0.917381
outer loop
vertex 6.374769 2.640516 5.530000
vertex 5.820680 3.111218 5.400000
vertex 6.097605 2.525711 5.400000
endloop
endfacet
facet normal -0.341386 -0.204619 0.91738
outer loop
vertex 6.085257 3.252637 5.530000
vertex 5.737140 3.833435 5.530000
vertex 5.487700 3.666764 5.400000
endloop
endfacet
facet normal -0.341386 -0.204619 0.917381
outer loop
vertex 6.085257 3.252637 5.530000
vertex 5.487700 3.666764 5.400000
vertex 5.820680 3.111218 5.400000
endloop
endfacet
facet normal -0.319686 -0.237095 0.917381
outer loop
vertex 5.737140 3.833435 5.530000
vertex 5.333772 4.377314 5.530000
vertex 5.101869 4.186996 5.400000
endloop
endfacet
facet normal -0.319686 -0.237095 0.91738
outer loop
vertex 5.737140 3.833435 5.530000
vertex 5.101869 4.186996 5.400000
vertex 5.487700 3.666764 5.400000
endloop
endfacet
facet normal -0.294907 -0.267288 0.91738
outer loop
vertex 5.333772 4.377314 5.530000
vertex 4.879037 4.879037 5.530000
vertex 4.666905 4.666905 5.400000
endloop
endfacet
facet normal -0.294907 -0.267288 0.917381
outer loop
vertex 5.333772 4.377314 5.530000
vertex 4.666905 4.666905 5.400000
vertex 5.101869 4.186996 5.400000
endloop
endfacet
facet normal -0.267288 -0.294907 0.917381
outer loop
vertex 4.879037 4.879037 5.530000
vertex 4.377314 5.333772 5.530000
vertex 4.186996 5.101869 5.400000
endloop
endfacet
facet normal -0.267288 -0.294907 0.91738
outer loop
vertex 4.879037 4.879037 5.530000
vertex 4.186996 5.101869 5.400000
vertex 4.666905 4.666905 5.400000
endloop
endfacet
facet normal -0.237095 -0.319686 0.91738
outer loop
vertex 4.377314 5.333772 5.530000
vertex 3.833435 5.737140 5.530000
vertex 3.666764 5.487700 5.400000
endloop
endfacet
facet normal -0.237095 -0.319686 0.917381
outer loop
vertex 4.377314 5.333772 5.530000
vertex 3.666764 5.487700 5.400000
vertex 4.186996 5.101869 5.400000
endloop
endfacet
facet normal -0.204619 -0.341386 0.91738
outer loop
vertex 3.833435 5.737140 5.530000
vertex 3.252637 6.085257 5.530000
vertex 3.111218 5.820680 5.400000
endloop
endfacet
facet normal -0.204619 -0.341386 0.91738
outer loop
vertex 3.833435 5.737140 5.530000
vertex 3.111218 5.820680 5.400000
vertex 3.666764 5.487700 5.400000
endloop
endfacet
facet normal -0.170172 -0.359798 0.917381
outer loop
vertex 3.252637 6.085257 5.530000
vertex 2.640516 6.374769 5.530000
vertex 2.525711 6.097605 5.400000
endloop
endfacet
facet normal -0.170172 -0.359798 0.917381
outer loop
vertex 3.252637 6.085257 5.530000
vertex 2.525711 6.097605 5.400000
vertex 3.111218 5.820680 5.400000
endloop
endfacet
facet normal -0.134086 -0.374746 0.91738
outer loop
vertex 2.640516 6.374769 5.530000
vertex 2.002964 6.602888 5.530000
vertex 1.915879 6.315806 5.400000
endloop
endfacet
facet normal -0.134086 -0.374745 0.917381
outer loop
vertex 2.640516 6.374769 5.530000
vertex 1.915879 6.315806 5.400000
vertex 2.525711 6.097605 5.400000
endloop
endfacet
facet normal -0.0967089 -0.386083 0.917381
outer loop
vertex 2.002964 6.602888 5.530000
vertex 1.346123 6.767418 5.530000
vertex 1.287596 6.473183 5.400000
endloop
endfacet
facet normal -0.0967088 -0.386084 0.91738
outer loop
vertex 2.002964 6.602888 5.530000
vertex 1.287596 6.473183 5.400000
vertex 1.915879 6.315806 5.400000
endloop
endfacet
facet normal -0.0584004 -0.393703 0.91738
outer loop
vertex 1.346123 6.767418 5.530000
vertex 0.676318 6.866775 5.530000
vertex 0.646913 6.568219 5.400000
endloop
endfacet
facet normal -0.0584005 -0.393703 0.917381
outer loop
vertex 1.346123 6.767418 5.530000
vertex 0.646913 6.568219 5.400000
vertex 1.287596 6.473183 5.400000
endloop
endfacet
facet normal -0.0195296 -0.397532 0.917381
outer loop
vertex 0.676318 6.866775 5.530000
vertex 0.000000 6.900000 5.530000
vertex 0.000000 6.600000 5.400000
endloop
endfacet
facet normal -0.0195294 -0.397532 0.91738
outer loop
vertex 0.676318 6.866775 5.530000
vertex 0.000000 6.600000 5.400000
vertex 0.646913 6.568219 5.400000
endloop
endfacet
facet normal 0.0195296 -0.397532 0.91738
outer loop
vertex 0.000000 6.900000 5.530000
vertex -0.676318 6.866775 5.530000
vertex -0.646913 6.568219 5.400000
endloop
endfacet
facet normal 0.0195294 -0.397532 0.917381
outer loop
vertex 0.000000 6.900000 5.530000
vertex -0.646913 6.568219 5.400000
vertex 0.000000 6.600000 5.400000
endloop
endfacet
facet normal 0.0584004 -0.393703 0.917381
outer loop
vertex -0.676318 6.866775 5.530000
vertex -1.346123 6.767418 5.530000
vertex -1.287596 6.473183 5.400000
endloop
endfacet
facet normal 0.0584005 -0.393703 0.917381
outer loop
vertex -0.676318 6.866775 5.530000
vertex -1.287596 6.473183 5.400000
vertex -0.646913 6.568219 5.400000
endloop
endfacet
facet normal 0.0967091 -0.386084 0.91738
outer loop
vertex -1.346123 6.767418 5.530000
vertex -2.002964 6.602888 5.530000
vertex -1.915879 6.315806 5.400000
endloop
endfacet
facet normal 0.0967086 -0.386083 0.917381
outer loop
vertex -1.346123 6.767418 5.530000
vertex -1.915879 6.315806 5.400000
vertex -1.287596 6.473183 5.400000
endloop
endfacet
facet normal 0.134086 -0.374745 0.917381
outer loop
vertex -2.002964 6.602888 5.530000
vertex -2.640516 6.374769 5.530000
vertex -2.525711 6.097605 5.400000
endloop
endfacet
facet normal 0.134086 -0.374746 0.91738
outer loop
vertex -2.002964 6.602888 5.530000
vertex -2.525711 6.097605 5.400000
vertex -1.915879 6.315806 5.400000
endloop
endfacet
facet normal 0.170172 -0.359798 0.91738
outer loop
vertex -2.640516 6.374769 5.530000
vertex -3.252637 6.085257 5.530000
vertex -3.111218 5.820680 5.400000
endloop
endfacet
facet normal 0.170172 -0.359798 0.917381
outer loop
vertex -2.640516 6.374769 5.530000
vertex -3.111218 5.820680 5.400000
vertex -2.525711 6.097605 5.400000
endloop
endfacet
facet normal 0.204619 -0.341386 0.91738
outer loop
vertex -3.252637 6.085257 5.530000
vertex -3.833435 5.737140 5.530000
vertex -3.666764 5.487700 5.400000
endloop
endfacet
facet normal 0.204619 -0.341386 0.917381
outer loop
vertex -3.252637 6.085257 5.530000
vertex -3.666764 5.487700 5.400000
vertex -3.111218 5.820680 5.400000
endloop
endfacet
facet normal 0.237095 -0.319686 0.917381
outer loop
vertex -3.833435 5.737140 5.530000
vertex -4.377314 5.333772 5.530000
vertex -4.186996 5.101869 5.400000
endloop
endfacet
facet normal 0.237095 -0.319686 0.91738
outer loop
vertex -3.833435 5.737140 5.530000
vertex -4.186996 5.101869 5.400000
vertex -3.666764 5.487700 5.400000
endloop
endfacet
facet normal 0.267288 -0.294907 0.91738
outer loop
vertex -4.377314 5.333772 5.530000
vertex -4.879037 4.879037 5.530000
vertex -4.666905 4.666905 5.400000
endloop
endfacet
facet normal 0.267288 -0.294907 0.917381
outer loop
vertex -4.377314 5.333772 5.530000
vertex -4.666905 4.666905 5.400000
vertex -4.186996 5.101869 5.400000
endloop
endfacet
facet normal 0.294907 -0.267288 0.917381
outer loop
vertex -4.879037 4.879037 5.530000
vertex -5.333772 4.377314 5.530000
vertex -5.101869 4.186996 5.400000
endloop
endfacet
facet normal 0.294907 -0.267288 0.91738
outer loop
vertex -4.879037 4.879037 5.530000
vertex -5.101869 4.186996 5.400000
vertex -4.666905 4.666905 5.400000
endloop
endfacet
facet normal 0.319686 -0.237095 0.91738
outer loop
vertex -5.333772 4.377314 5.530000
vertex -5.737140 3.833435 5.530000
vertex -5.487700 3.666764 5.400000
endloop
endfacet
facet normal 0.319686 -0.237095 0.917381
outer loop
vertex -5.333772 4.377314 5.530000
vertex -5.487700 3.666764 5.400000
vertex -5.101869 4.186996 5.400000
endloop
endfacet
facet normal 0.341386 -0.204619 0.91738
outer loop
vertex -5.737140 3.833435 5.530000
vertex -6.085257 3.252637 5.530000
vertex -5.820680 3.111218 5.400000
endloop
endfacet
facet normal 0.341386 -0.204619 0.91738
outer loop
vertex -5.737140 3.833435 5.530000
vertex -5.820680 3.111218 5.400000
vertex -5.487700 3.666764 5.400000
endloop
endfacet
facet normal 0.359798 -0.170172 0.917381
outer loop
vertex -6.085257 3.252637 5.530000
vertex -6.374769 2.640516 5.530000
vertex -6.097605 2.525711 5.400000
endloop
endfacet
facet normal 0.359798 -0.170172 0.917381
outer loop
vertex -6.085257 3.252637 5.530000
vertex -6.097605 2.525711 5.400000
vertex -5.820680 3.111218 5.400000
endloop
endfacet
facet normal 0.374746 -0.134086 0.91738
outer loop
vertex -6.374769 2.640516 5.530000
vertex -6.602888 2.002964 5.530000
vertex -6.315806 1.915879 5.400000
endloop
endfacet
facet normal 0.374745 -0.134086 0.917381
outer loop
vertex -6.374769 2.640516 5.530000
vertex -6.315806 1.915879 5.400000
vertex -6.097605 2.525711 5.400000
endloop
endfacet
facet normal 0.386083 -0.0967089 0.917381
outer loop
vertex -6.602888 2.002964 5.530000
vertex -6.767418 1.346123 5.530000
vertex -6.473183 1.287596 5.400000
endloop
endfacet
facet normal 0.386084 -0.0967088 0.91738
outer loop
vertex -6.602888 2.002964 5.530000
vertex -6.473183 1.287596 5.400000
vertex -6.315806 1.915879 5.400000
endloop
endfacet
facet normal 0.393703 -0.0584004 0.91738
outer loop
vertex -6.767418 1.346123 5.530000
vertex -6.866775 0.676318 5.530000
vertex -6.568219 0.646913 5.400000
endloop
endfacet
facet normal 0.393703 -0.0584005 0.917381
outer loop
vertex -6.767418 1.346123 5.530000
vertex -6.568219 0.646913 5.400000
vertex -6.473183 1.287596 5.400000
endloop
endfacet
facet normal 0.397532 -0.0195296 0.917381
outer loop
vertex -6.866775 0.676318 5.530000
vertex -6.900000 0.000000 5.530000
vertex -6.600000 0.000000 5.400000
endloop
endfacet
facet normal 0.397532 -0.0195294 0.91738
outer loop
vertex -6.866775 0.676318 5.530000
vertex -6.600000 0.000000 5.400000
vertex -6.568219 0.646913 5.400000
endloop
endfacet
facet normal 0.397532 0.0195296 0.91738
outer loop
vertex -6.900000 0.000000 5.530000
vertex -6.866775 -0.676318 5.530000
vertex -6.568219 -0.646913 5.400000
endloop
endfacet
facet normal 0.397532 0.0195294 0.917381
outer loop
vertex -6.900000 0.000000 5.530000
vertex -6.568219 -0.646913 5.400000
vertex -6.600000 0.000000 5.400000
endloop
endfacet
facet normal 0.393703 0.0584004 0.917381
outer loop
vertex -6.866775 -0.676318 5.530000
vertex -6.767418 -1.346123 5.530000
vertex -6.473183 -1.287596 5.400000
endloop
endfacet
facet normal 0.393703 0.0584005 0.917381
outer loop
vertex -6.866775 -0.676318 5.530000
vertex -6.473183 -1.287596 5.400000
vertex -6.568219 -0.646913 5.400000
endloop
endfacet
facet normal 0.386084 0.0967091 0.91738
outer loop
vertex -6.767418 -1.346123 5.530000
vertex -6.602888 -2.002964 5.530000
vertex -6.315806 -1.915879 5.400000
endloop
endfacet
facet normal 0.386083 0.0967086 0.917381
outer loop
vertex -6.767418 -1.346123 5.530000
vertex -6.315806 -1.915879 5.400000
vertex -6.473183 -1.287596 5.400000
endloop
endfacet
facet normal 0.374745 0.134086 0.917381
outer loop
vertex -6.602888 -2.002964 5.530000
vertex -6.374769 -2.640516 5.530000
vertex -6.097605 -2.525711 5.400000
endloop
endfacet
facet normal 0.374746 0.134086 0.91738
outer loop
vertex -6.602888 -2.002964 5.530000
vertex -6.097605 -2.525711 5.400000
vertex -6.315806 -1.915879 5.400000
endloop
endfacet
facet normal 0.359798 0.170172 0.91738
outer loop
vertex -6.374769 -2.640516 5.530000
vertex -6.085257 -3.252637 5.530000
vertex -5.820680 -3.111218 5.400000
endloop
endfacet
facet normal 0.359798 0.170172 0.917381
outer loop
vertex -6.374769 -2.640516 5.530000
vertex -5.820680 -3.111218 5.400000
vertex -6.097605 -2.525711 5.400000
endloop
endfacet
facet normal 0.341386 0.204619 0.91738
outer loop
vertex -6.085257 -3.252637 5.530000
vertex -5.737140 -3.833435 5.530000
vertex -5.487700 -3.666764 5.400000
endloop
endfacet
facet normal 0.341386 0.204619 0.917381
outer loop
vertex -6.085257 -3.252637 5.530000
vertex -5.487700 -3.666764 5.400000
vertex -5.820680 -3.111218 5.400000
endloop
endfacet
facet normal 0.319686 0.237095 0.917381
outer loop
vertex -5.737140 -3.833435 5.530000
vertex -5.333772 -4.377314 5.530000
vertex -5.101869 -4.186996 5.400000
endloop
endfacet
facet normal 0.319686 0.237095 0.91738
outer loop
vertex -5.737140 -3.833435 5.530000
vertex -5.101869 -4.186996 5.400000
vertex -5.487700 -3.666764 5.400000
endloop
endfacet
facet normal 0.294907 0.267288 0.91738
outer loop
vertex -5.333772 -4.377314 5.530000
vertex -4.879037 -4.879037 5.530000
vertex -4.666905 -4.666905 5.400000
endloop
endfacet
facet normal 0.294907 0.267288 0.917381
outer loop
vertex -5.333772 -4.377314 5.530000
vertex -4.666905 -4.666905 5.400000
vertex -5.101869 -4.186996 5.400000
endloop
endfacet
facet normal 0.267288 0.294907 0.917381
outer loop
vertex -4.879037 -4.879037 5.530000
vertex -4.377314 -5.333772 5.530000
vertex -4.186996 -5.101869 5.400000
endloop
endfacet
facet normal 0.267288 0.294907 0.91738
outer loop
vertex -4.879037 -4.879037 5.530000
vertex -4.186996 -5.101869 5.400000
vertex -4.666905 -4.666905 5.400000
endloop
endfacet
facet normal 0.237095 0.319686 0.91738
outer loop
vertex -4.377314 -5.333772 5.530000
vertex -3.833435 -5.737140 5.530000
vertex -3.666764 -5.487700 5.400000
endloop
endfacet
facet normal 0.237095 0.319686 0.917381
outer loop
vertex -4.377314 -5.333772 5.530000
vertex -3.666764 -5.487700 5.400000
vertex -4.186996 -5.101869 5.400000
endloop
endfacet
facet normal 0.204619 0.341386 0.91738
outer loop
vertex -3.833435 -5.737140 5.530000
vertex -3.252637 -6.085257 5.530000
vertex -3.111218 -5.820680 5.400000
endloop
endfacet
facet normal 0.204619 0.341386 0.91738
outer loop
vertex -3.833435 -5.737140 5.530000
vertex -3.111218 -5.820680 5.400000
vertex -3.666764 -5.487700 5.400000
endloop
endfacet
facet normal 0.170172 0.359798 0.917381
outer loop
vertex -3.252637 -6.085257 5.530000
vertex -2.640516 -6.374769 5.530000
vertex -2.525711 -6.097605 5.400000
endloop
endfacet
facet normal 0.170172 0.359798 0.917381
outer loop
vertex -3.252637 -6.085257 5.530000
vertex -2.525711 -6.097605 5.400000
vertex -3.111218 -5.820680 5.400000
endloop
endfacet
facet normal 0.134086 0.374746 0.91738
outer loop
vertex -2.640516 -6.374769 5.530000
vertex -2.002964 -6.602888 5.530000
vertex -1.915879 -6.315806 5.400000
endloop
endfacet
facet normal 0.134086 0.374745 0.917381
outer loop
vertex -2.640516 -6.374769 5.530000
vertex -1.915879 -6.315806 5.400000
vertex -2.525711 -6.097605 5.400000
endloop
endfacet
facet normal 0.0967089 0.386083 0.917381
outer loop
vertex -2.002964 -6.602888 5.530000
vertex -1.346123 -6.767418 5.530000
vertex -1.287596 -6.473183 5.400000
endloop
endfacet
facet normal 0.0967088 0.386084 0.91738
outer loop
vertex -2.002964 -6.602888 5.530000
vertex -1.287596 -6.473183 5.400000
vertex -1.915879 -6.315806 5.400000
endloop
endfacet
facet normal 0.0584004 0.393703 0.91738
outer loop
vertex -1.346123 -6.767418 5.530000
vertex -0.676318 -6.866775 5.530000
vertex -0.646913 -6.568219 5.400000
endloop
endfacet
facet normal 0.0584005 0.393703 0.917381
outer loop
vertex -1.346123 -6.767418 5.530000
vertex -0.646913 -6.568219 5.400000
vertex -1.287596 -6.473183 5.400000
endloop
endfacet
facet normal 0.0195296 0.397532 0.917381
outer loop
vertex -0.676318 -6.866775 5.530000
vertex -0.000000 -6.900000 5.530000
vertex -0.000000 -6.600000 5.400000
endloop
endfacet
facet normal 0.0195294 0.397532 0.91738
outer loop
vertex -0.676318 -6.866775 5.530000
vertex -0.000000 -6.600000 5.400000
vertex -0.646913 -6.568219 5.400000
endloop
endfacet
facet normal -0.0195296 0.397532 0.91738
outer loop
vertex -0.000000 -6.900000 5.530000
vertex 0.676318 -6.866775 5.530000
vertex 0.646913 -6.568219 5.400000
endloop
endfacet
facet normal -0.0195294 0.397532 0.917381
outer loop
vertex -0.000000 -6.900000 5.530000
vertex 0.646913 -6.568219 5.400000
vertex -0.000000 -6.600000 5.400000
endloop
endfacet
facet normal -0.0584004 0.393703 0.917381
outer loop
vertex 0.676318 -6.866775 5.530000
vertex 1.346123 -6.767418 5.530000
vertex 1.287596 -6.473183 5.400000
endloop
endfacet
facet normal -0.0584005 0.393703 0.917381
outer loop
vertex 0.676318 -6.866775 5.530000
vertex 1.287596 -6.473183 5.400000
vertex 0.646913 -6.568219 5.400000
endloop
endfacet
facet normal -0.0967091 0.386084 0.91738
outer loop
vertex 1.346123 -6.767418 5.530000
vertex 2.002964 -6.602888 5.530000
vertex 1.915879 -6.315806 5.400000
endloop
endfacet
facet normal -0.0967086 0.386083 0.917381
outer loop
vertex 1.346123 -6.767418 5.530000
vertex 1.915879 -6.315806 5.400000
vertex 1.287596 -6.473183 5.400000
endloop
endfacet
facet normal -0.134086 0.374745 0.917381
outer loop
vertex 2.002964 -6.602888 5.530000
vertex 2.640516 -6.374769 5.530000
vertex 2.525711 -6.097605 5.400000
endloop
endfacet
facet normal -0.134086 0.374746 0.91738
outer loop
vertex 2.002964 -6.602888 5.530000
vertex 2.525711 -6.097605 5.400000
vertex 1.915879 -6.315806 5.400000
endloop
endfacet
facet normal -0.170172 0.359798 0.91738
outer loop
vertex 2.640516 -6.374769 5.530000
vertex 3.252637 -6.085257 5.530000
vertex 3.111218 -5.820680 5.400000
endloop
endfacet
facet normal -0.170172 0.359798 0.917381
outer loop
vertex 2.640516 -6.374769 5.530000
vertex 3.111218 -5.820680 5.400000
vertex 2.525711 -6.097605 5.400000
endloop
endfacet
facet normal -0.204619 0.341386 0.91738
outer loop
vertex 3.252637 -6.085257 5.530000
vertex 3.833435 -5.737140 5.530000
vertex 3.666764 -5.487700 5.400000
endloop
endfacet
facet normal -0.204619 0.341386 0.917381
outer loop
vertex 3.252637 -6.085257 5.530000
vertex 3.666764 -5.487700 5.400000
vertex 3.111218 -5.820680 5.400000
endloop
endfacet
facet normal -0.237095 0.319686 0.917381
outer loop
vertex 3.833435 -5.737140 5.530000
vertex 4.377314 -5.333772 5.530000
vertex 4.186996 -5.101869 5.400000
endloop
endfacet
facet normal -0.237095 0.319686 0.91738
outer loop
vertex 3.833435 -5.737140 5.530000
vertex 4.186996 -5.101869 5.400000
vertex 3.666764 -5.487700 5.400000
endloop
endfacet
facet normal -0.267288 0.294907 0.91738
outer loop
vertex 4.377314 -5.333772 5.530000
vertex 4.879037 -4.879037 5.530000
vertex 4.666905 -4.666905 5.400000
endloop
endfacet
facet normal -0.267288 0.294907 0.917381
outer loop
vertex 4.377314 -5.333772 5.530000
vertex 4.666905 -4.666905 5.400000
vertex 4.186996 -5.101869 5.400000
endloop
endfacet
facet normal -0.294907 0.267288 0.917381
outer loop
vertex 4.879037 -4.879037 5.530000
vertex 5.333772 -4.377314 5.530000
vertex 5.101869 -4.186996 5.400000
endloop
endfacet
facet normal -0.294907 0.267288 0.91738
outer loop
vertex 4.879037 -4.879037 5.530000
vertex 5.101869 -4.186996 5.400000
vertex 4.666905 -4.666905 5.400000
endloop
endfacet
facet normal -0.319686 0.237095 0.91738
outer loop
vertex 5.333772 -4.377314 5.530000
vertex 5.737140 -3.833435 5.530000
vertex 5.487700 -3.666764 5.400000
endloop
endfacet
facet normal -0.319686 0.237095 0.917381
outer loop
vertex 5.333772 -4.377314 5.530000
vertex 5.487700 -3.666764 5.400000
vertex 5.101869 -4.186996 5.400000
endloop
endfacet
facet normal -0.341386 0.204619 0.91738
outer loop
vertex 5.737140 -3.833435 5.530000
vertex 6.085257 -3.252637 5.530000
vertex 5.820680 -3.111218 5.400000
endloop
endfacet
facet normal -0.341386 0.204619 0.91738
outer loop
vertex 5.737140 -3.833435 5.530000
vertex 5.820680 -3.111218 5.400000
vertex 5.487700 -3.666764 5.400000
endloop
endfacet
facet normal -0.359798 0.170172 0.917381
outer loop
vertex 6.085257 -3.252637 5.530000
vertex 6.374769 -2.640516 5.530000
vertex 6.097605 -2.525711 5.400000
endloop
endfacet
facet normal -0.359798 0.170172 0.917381
outer loop
vertex 6.085257 -3.252637 5.530000
vertex 6.097605 -2.525711 5.400000
vertex 5.820680 -3.111218 5.400000
endloop
endfacet
facet normal -0.374746 0.134086 0.91738
outer loop
vertex 6.374769 -2.640516 5.530000
vertex 6.602888 -2.002964 5.530000
vertex 6.315806 -1.915879 5.400000
endloop
endfacet
facet normal -0.374745 0.134086 0.917381
outer loop
vertex 6.374769 -2.640516 5.530000
vertex 6.315806 -1.915879 5.400000
vertex 6.097605 -2.525711 5.400000
endloop
endfacet
facet normal -0.386083 0.0967089 0.917381
outer loop
vertex 6.602888 -2.002964 5.530000
vertex 6.767418 -1.346123 5.530000
vertex 6.473183 -1.287596 5.400000
endloop
endfacet
facet normal -0.386084 0.0967088 0.91738
outer loop
vertex 6.602888 -2.002964 5.530000
vertex 6.473183 -1.287596 5.400000
vertex 6.315806 -1.915879 5.400000
endloop
endfacet
facet normal -0.393703 0.0584004 0.91738
outer loop
vertex 6.767418 -1.346123 5.530000
vertex 6.866775 -0.676318 5.530000
vertex 6.568219 -0.646913 5.400000
endloop
endfacet
facet normal -0.393703 0.0584005 0.917381
outer loop
vertex 6.767418 -1.346123 5.530000
vertex 6.568219 -0.646913 5.400000
vertex 6.473183 -1.287596 5.400000
endloop
endfacet
facet normal -0.397532 0.0195296 0.917381
outer loop
vertex 6.866775 -0.676318 5.530000
vertex 6.900000 -0.000000 5.530000
vertex 6.600000 -0.000000 5.400000
endloop
endfacet
facet normal -0.397532 0.0195294 0.91738
outer loop
vertex 6.866775 -0.676318 5.530000
vertex 6.600000 -0.000000 5.400000
vertex 6.568219 -0.646913 5.400000
endloop
endfacet
facet normal -0.454365 -0.0223215 0.890536
outer loop
vertex 6.600000 -0.000000 5.400000
vertex 6.568219 0.646913 5.400000
vertex 6.070627 0.597905 5.144892
endloop
endfacet
facet normal -0.454365 -0.0223216 0.890536
outer loop
vertex 6.600000 -0.000000 5.400000
vertex 6.070627 0.597905 5.144892
vertex 6.100000 -0.000000 5.144892
endloop
endfacet
facet normal -0.44999 -0.0667498 0.890536
outer loop
vertex 6.568219 0.646913 5.400000
vertex 6.473183 1.287596 5.400000
vertex 5.982790 1.190051 5.144892
endloop
endfacet
facet normal -0.449989 -0.0667497 0.890536
outer loop
vertex 6.568219 0.646913 5.400000
vertex 5.982790 1.190051 5.144892
vertex 6.070627 0.597905 5.144892
endloop
endfacet
facet normal -0.44128 -0.110535 0.890536
outer loop
vertex 6.473183 1.287596 5.400000
vertex 6.315806 1.915879 5.400000
vertex 5.837336 1.770737 5.144892
endloop
endfacet
facet normal -0.44128 -0.110535 0.890536
outer loop
vertex 6.473183 1.287596 5.400000
vertex 5.837336 1.770737 5.144892
vertex 5.982790 1.190051 5.144892
endloop
endfacet
facet normal -0.428321 -0.153256 0.890536
outer loop
vertex 6.315806 1.915879 5.400000
vertex 6.097605 2.525711 5.400000
vertex 5.635665 2.334369 5.144892
endloop
endfacet
facet normal -0.428321 -0.153256 0.890536
outer loop
vertex 6.315806 1.915879 5.400000
vertex 5.635665 2.334369 5.144892
vertex 5.837336 1.770737 5.144892
endloop
endfacet
facet normal -0.411237 -0.194501 0.890536
outer loop
vertex 6.097605 2.525711 5.400000
vertex 5.820680 3.111218 5.400000
vertex 5.379720 2.875520 5.144892
endloop
endfacet
facet normal -0.411237 -0.1945 0.890536
outer loop
vertex 6.097605 2.525711 5.400000
vertex 5.379720 2.875520 5.144892
vertex 5.635665 2.334369 5.144892
endloop
endfacet
facet normal -0.390192 -0.233872 0.890536
outer loop
vertex 5.820680 3.111218 5.400000
vertex 5.487700 3.666764 5.400000
vertex 5.071965 3.388978 5.144892
endloop
endfacet
facet normal -0.390192 -0.233872 0.890536
outer loop
vertex 5.820680 3.111218 5.400000
vertex 5.071965 3.388978 5.144892
vertex 5.379720 2.875520 5.144892
endloop
endfacet
facet normal -0.36539 -0.270992 0.890536
outer loop
vertex 5.487700 3.666764 5.400000
vertex 5.101869 4.186996 5.400000
vertex 4.715364 3.869799 5.144892
endloop
endfacet
facet normal -0.36539 -0.270992 0.890536
outer loop
vertex 5.487700 3.666764 5.400000
vertex 4.715364 3.869799 5.144892
vertex 5.071965 3.388978 5.144892
endloop
endfacet
facet normal -0.337068 -0.305501 0.890536
outer loop
vertex 5.101869 4.186996 5.400000
vertex 4.666905 4.666905 5.400000
vertex 4.313351 4.313351 5.144892
endloop
endfacet
facet normal -0.337068 -0.305502 0.890536
outer loop
vertex 5.101869 4.186996 5.400000
vertex 4.313351 4.313351 5.144892
vertex 4.715364 3.869799 5.144892
endloop
endfacet
facet normal -0.305501 -0.337069 0.890536
outer loop
vertex 4.666905 4.666905 5.400000
vertex 4.186996 5.101869 5.400000
vertex 3.869799 4.715364 5.144892
endloop
endfacet
facet normal -0.305501 -0.337068 0.890536
outer loop
vertex 4.666905 4.666905 5.400000
vertex 3.869799 4.715364 5.144892
vertex 4.313351 4.313351 5.144892
endloop
endfacet
facet normal -0.270992 -0.36539 0.890536
outer loop
vertex 4.186996 5.101869 5.400000
vertex 3.666764 5.487700 5.400000
vertex 3.388978 5.071965 5.144892
endloop
endfacet
facet normal -0.270992 -0.36539 0.890536
outer loop
vertex 4.186996 5.101869 5.400000
vertex 3.388978 5.071965 5.144892
vertex 3.869799 4.715364 5.144892
endloop
endfacet
facet normal -0.233872 -0.390192 0.890536
outer loop
vertex 3.666764 5.487700 5.400000
vertex 3.111218 5.820680 5.400000
vertex 2.875520 5.379720 5.144892
endloop
endfacet
facet normal -0.233872 -0.390192 0.890536
outer loop
vertex 3.666764 5.487700 5.400000
vertex 2.875520 5.379720 5.144892
vertex 3.388978 5.071965 5.144892
endloop
endfacet
facet normal -0.194501 -0.411237 0.890536
outer loop
vertex 3.111218 5.820680 5.400000
vertex 2.525711 6.097605 5.400000
vertex 2.334369 5.635665 5.144892
endloop
endfacet
facet normal -0.1945 -0.411237 0.890536
outer loop
vertex 3.111218 5.820680 5.400000
vertex 2.334369 5.635665 5.144892
vertex 2.875520 5.379720 5.144892
endloop
endfacet
facet normal -0.153256 -0.428321 0.890536
outer loop
vertex 2.525711 6.097605 5.400000
vertex 1.915879 6.315806 5.400000
vertex 1.770737 5.837336 5.144892
endloop
endfacet
facet normal -0.153256 -0.428321 0.890536
outer loop
vertex 2.525711 6.097605 5.400000
vertex 1.770737 5.837336 5.144892
vertex 2.334369 5.635665 5.144892
endloop
endfacet
facet normal -0.110535 -0.44128 0.890536
outer loop
vertex 1.915879 6.315806 5.400000
vertex 1.287596 6.473183 5.400000
vertex 1.190051 5.982790 5.144892
endloop
endfacet
facet normal -0.110535 -0.44128 0.890536
outer loop
vertex 1.915879 6.315806 5.400000
vertex 1.190051 5.982790 5.144892
vertex 1.770737 5.837336 5.144892
endloop
endfacet
facet normal -0.0667497 -0.449989 0.890536
outer loop
vertex 1.287596 6.473183 5.400000
vertex 0.646913 6.568219 5.400000
vertex 0.597905 6.070627 5.144892
endloop
endfacet
facet normal -0.0667498 -0.449989 0.890536
outer loop
vertex 1.287596 6.473183 5.400000
vertex 0.597905 6.070627 5.144892
vertex 1.190051 5.982790 5.144892
endloop
endfacet
facet normal -0.0223215 -0.454365 0.890536
outer loop
vertex 0.646913 6.568219 5.400000
vertex 0.000000 6.600000 5.400000
vertex 0.000000 6.100000 5.144892
endloop
endfacet
facet normal -0.0223216 -0.454365 0.890536
outer loop
vertex 0.646913 6.568219 5.400000
vertex 0.000000 6.100000 5.144892
vertex 0.597905 6.070627 5.144892
endloop
endfacet
facet normal 0.0223215 -0.454365 0.890536
outer loop
vertex 0.000000 6.600000 5.400000
vertex -0.646913 6.568219 5.400000
vertex -0.597905 6.070627 5.144892
endloop
endfacet
facet normal 0.0223216 -0.454365 0.890536
outer loop
vertex 0.000000 6.600000 5.400000
vertex -0.597905 6.070627 5.144892
vertex 0.000000 6.100000 5.144892
endloop
endfacet
facet normal 0.0667498 -0.44999 0.890536
outer loop
vertex -0.646913 6.568219 5.400000
vertex -1.287596 6.473183 5.400000
vertex -1.190051 5.982790 5.144892
endloop
endfacet
facet normal 0.0667497 -0.449989 0.890536
outer loop
vertex -0.646913 6.568219 5.400000
vertex -1.190051 5.982790 5.144892
vertex -0.597905 6.070627 5.144892
endloop
endfacet
facet normal 0.110535 -0.44128 0.890536
outer loop
vertex -1.287596 6.473183 5.400000
vertex -1.915879 6.315806 5.400000
vertex -1.770737 5.837336 5.144892
endloop
endfacet
facet normal 0.110535 -0.44128 0.890536
outer loop
vertex -1.287596 6.473183 5.400000
vertex -1.770737 5.837336 5.144892
vertex -1.190051 5.982790 5.144892
endloop
endfacet
facet normal 0.153256 -0.428321 0.890536
outer loop
vertex -1.915879 6.315806 5.400000
vertex -2.525711 6.097605 5.400000
vertex -2.334369 5.635665 5.144892
endloop
endfacet
facet normal 0.153256 -0.428321 0.890536
outer loop
vertex -1.915879 6.315806 5.400000
vertex -2.334369 5.635665 5.144892
vertex -1.770737 5.837336 5.144892
endloop
endfacet
facet normal 0.194501 -0.411237 0.890536
outer loop
vertex -2.525711 6.097605 5.400000
vertex -3.111218 5.820680 5.400000
vertex -2.875520 5.379720 5.144892
endloop
endfacet
facet normal 0.1945 -0.411237 0.890536
outer loop
vertex -2.525711 6.097605 5.400000
vertex -2.875520 5.379720 5.144892
vertex -2.334369 5.635665 5.144892
endloop
endfacet
facet normal 0.233872 -0.390192 0.890536
outer loop
vertex -3.111218 5.820680 5.400000
vertex -3.666764 5.487700 5.400000
vertex -3.388978 5.071965 5.144892
endloop
endfacet
facet normal 0.233872 -0.390192 0.890536
outer loop
vertex -3.111218 5.820680 5.400000
vertex -3.388978 5.071965 5.144892
vertex -2.875520 5.379720 5.144892
endloop
endfacet
facet normal 0.270992 -0.36539 0.890536
outer loop
vertex -3.666764 5.487700 5.400000
vertex -4.186996 5.101869 5.400000
vertex -3.869799 4.715364 5.144892
endloop
endfacet
facet normal 0.270992 -0.36539 0.890536
outer loop
vertex -3.666764 5.487700 5.400000
vertex -3.869799 4.715364 5.144892
vertex -3.388978 5.071965 5.144892
endloop
endfacet
facet normal 0.305501 -0.337068 0.890536
outer loop
vertex -4.186996 5.101869 5.400000
vertex -4.666905 4.666905 5.400000
vertex -4.313351 4.313351 5.144892
endloop
endfacet
facet normal 0.305502 -0.337068 0.890536
outer loop
vertex -4.186996 5.101869 5.400000
vertex -4.313351 4.313351 5.144892
vertex -3.869799 4.715364 5.144892
endloop
endfacet
facet normal 0.337069 -0.305501 0.890536
outer loop
vertex -4.666905 4.666905 5.400000
vertex -5.101869 4.186996 5.400000
vertex -4.715364 3.869799 5.144892
endloop
endfacet
facet normal 0.337068 -0.305501 0.890536
outer loop
vertex -4.666905 4.666905 5.400000
vertex -4.715364 3.869799 5.144892
vertex -4.313351 4.313351 5.144892
endloop
endfacet
facet normal 0.36539 -0.270992 0.890536
outer loop
vertex -5.101869 4.186996 5.400000
vertex -5.487700 3.666764 5.400000
vertex -5.071965 3.388978 5.144892
endloop
endfacet
facet normal 0.36539 -0.270992 0.890536
outer loop
vertex -5.101869 4.186996 5.400000
vertex -5.071965 3.388978 5.144892
vertex -4.715364 3.869799 5.144892
endloop
endfacet
facet normal 0.390192 -0.233872 0.890536
outer loop
vertex -5.487700 3.666764 5.400000
vertex -5.820680 3.111218 5.400000
vertex -5.379720 2.875520 5.144892
endloop
endfacet
facet normal 0.390192 -0.233872 0.890536
outer loop
vertex -5.487700 3.666764 5.400000
vertex -5.379720 2.875520 5.144892
vertex -5.071965 3.388978 5.144892
endloop
endfacet
facet normal 0.411237 -0.194501 0.890536
outer loop
vertex -5.820680 3.111218 5.400000
vertex -6.097605 2.525711 5.400000
vertex -5.635665 2.334369 5.144892
endloop
endfacet
facet normal 0.411237 -0.1945 0.890536
outer loop
vertex -5.820680 3.111218 5.400000
vertex -5.635665 2.334369 5.144892
vertex -5.379720 2.875520 5.144892
endloop
endfacet
facet normal 0.428321 -0.153256 0.890536
outer loop
vertex -6.097605 2.525711 5.400000
vertex -6.315806 1.915879 5.400000
vertex -5.837336 1.770737 5.144892
endloop
endfacet
facet normal 0.428321 -0.153256 0.890536
outer loop
vertex -6.097605 2.525711 5.400000
vertex -5.837336 1.770737 5.144892
vertex -5.635665 2.334369 5.144892
endloop
endfacet
facet normal 0.44128 -0.110535 0.890536
outer loop
vertex -6.315806 1.915879 5.400000
vertex -6.473183 1.287596 5.400000
vertex -5.982790 1.190051 5.144892
endloop
endfacet
facet normal 0.44128 -0.110535 0.890536
outer loop
vertex -6.315806 1.915879 5.400000
vertex -5.982790 1.190051 5.144892
vertex -5.837336 1.770737 5.144892
endloop
endfacet
facet normal 0.449989 -0.0667497 0.890536
outer loop
vertex -6.473183 1.287596 5.400000
vertex -6.568219 0.646913 5.400000
vertex -6.070627 0.597905 5.144892
endloop
endfacet
facet normal 0.449989 -0.0667498 0.890536
outer loop
vertex -6.473183 1.287596 5.400000
vertex -6.070627 0.597905 5.144892
vertex -5.982790 1.190051 5.144892
endloop
endfacet
facet normal 0.454365 -0.0223215 0.890536
outer loop
vertex -6.568219 0.646913 5.400000
vertex -6.600000 0.000000 5.400000
vertex -6.100000 0.000000 5.144892
endloop
endfacet
facet normal 0.454365 -0.0223216 0.890536
outer loop
vertex -6.568219 0.646913 5.400000
vertex -6.100000 0.000000 5.144892
vertex -6.070627 0.597905 5.144892
endloop
endfacet
facet normal 0.454365 0.0223215 0.890536
outer loop
vertex -6.600000 0.000000 5.400000
vertex -6.568219 -0.646913 5.400000
vertex -6.070627 -0.597905 5.144892
endloop
endfacet
facet normal 0.454365 0.0223216 0.890536
outer loop
vertex -6.600000 0.000000 5.400000
vertex -6.070627 -0.597905 5.144892
vertex -6.100000 0.000000 5.144892
endloop
endfacet
facet normal 0.44999 0.0667498 0.890536
outer loop
vertex -6.568219 -0.646913 5.400000
vertex -6.473183 -1.287596 5.400000
vertex -5.982790 -1.190051 5.144892
endloop
endfacet
facet normal 0.449989 0.0667497 0.890536
outer loop
vertex -6.568219 -0.646913 5.400000
vertex -5.982790 -1.190051 5.144892
vertex -6.070627 -0.597905 5.144892
endloop
endfacet
facet normal 0.44128 0.110535 0.890536
outer loop
vertex -6.473183 -1.287596 5.400000
vertex -6.315806 -1.915879 5.400000
vertex -5.837336 -1.770737 5.144892
endloop
endfacet
facet normal 0.44128 0.110535 0.890536
outer loop
vertex -6.473183 -1.287596 5.400000
vertex -5.837336 -1.770737 5.144892
vertex -5.982790 -1.190051 5.144892
endloop
endfacet
facet normal 0.428321 0.153256 0.890536
outer loop
vertex -6.315806 -1.915879 5.400000
vertex -6.097605 -2.525711 5.400000
vertex -5.635665 -2.334369 5.144892
endloop
endfacet
facet normal 0.428321 0.153256 0.890536
outer loop
vertex -6.315806 -1.915879 5.400000
vertex -5.635665 -2.334369 5.144892
vertex -5.837336 -1.770737 5.144892
endloop
endfacet
facet normal 0.411237 0.194501 0.890536
outer loop
vertex -6.097605 -2.525711 5.400000
vertex -5.820680 -3.111218 5.400000
vertex -5.379720 -2.875520 5.144892
endloop
endfacet
facet normal 0.411237 0.1945 0.890536
outer loop
vertex -6.097605 -2.525711 5.400000
vertex -5.379720 -2.875520 5.144892
vertex -5.635665 -2.334369 5.144892
endloop
endfacet
facet normal 0.390192 0.233872 0.890536
outer loop
vertex -5.820680 -3.111218 5.400000
vertex -5.487700 -3.666764 5.400000
vertex -5.071965 -3.388978 5.144892
endloop
endfacet
facet normal 0.390192 0.233872 0.890536
outer loop
vertex -5.820680 -3.111218 5.400000
vertex -5.071965 -3.388978 5.144892
vertex -5.379720 -2.875520 5.144892
endloop
endfacet
facet normal 0.36539 0.270992 0.890536
outer loop
vertex -5.487700 -3.666764 5.400000
vertex -5.101869 -4.186996 5.400000
vertex -4.715364 -3.869799 5.144892
endloop
endfacet
facet normal 0.36539 0.270992 0.890536
outer loop
vertex -5.487700 -3.666764 5.400000
vertex -4.715364 -3.869799 5.144892
vertex -5.071965 -3.388978 5.144892
endloop
endfacet
facet normal 0.337068 0.305501 0.890536
outer loop
vertex -5.101869 -4.186996 5.400000
vertex -4.666905 -4.666905 5.400000
vertex -4.313351 -4.313351 5.144892
endloop
endfacet
facet normal 0.337068 0.305502 0.890536
outer loop
vertex -5.101869 -4.186996 5.400000
vertex -4.313351 -4.313351 5.144892
vertex -4.715364 -3.869799 5.144892
endloop
endfacet
facet normal 0.305501 0.337069 0.890536
outer loop
vertex -4.666905 -4.666905 5.400000
vertex -4.186996 -5.101869 5.400000
vertex -3.869799 -4.715364 5.144892
endloop
endfacet
facet normal 0.305501 0.337068 0.890536
outer loop
vertex -4.666905 -4.666905 5.400000
vertex -3.869799 -4.715364 5.144892
vertex -4.313351 -4.313351 5.144892
endloop
endfacet
facet normal 0.270992 0.36539 0.890536
outer loop
vertex -4.186996 -5.101869 5.400000
vertex -3.666764 -5.487700 5.400000
vertex -3.388978 -5.071965 5.144892
endloop
endfacet
facet normal 0.270992 0.36539 0.890536
outer loop
vertex -4.186996 -5.101869 5.400000
vertex -3.388978 -5.071965 5.144892
vertex -3.869799 -4.715364 5.144892
endloop
endfacet
facet normal 0.233872 0.390192 0.890536
outer loop
vertex -3.666764 -5.487700 5.400000
vertex -3.111218 -5.820680 5.400000
vertex -2.875520 -5.379720 5.144892
endloop
endfacet
facet normal 0.233872 0.390192 0.890536
outer loop
vertex -3.666764 -5.487700 5.400000
vertex -2.875520 -5.379720 5.144892
vertex -3.388978 -5.071965 5.144892
endloop
endfacet
facet normal 0.194501 0.411237 0.890536
outer loop
vertex -3.111218 -5.820680 5.400000
vertex -2.525711 -6.097605 5.400000
vertex -2.334369 -5.635665 5.144892
endloop
endfacet
facet normal 0.1945 0.411237 0.890536
outer loop
vertex -3.111218 -5.820680 5.400000
vertex -2.334369 -5.635665 5.144892
vertex -2.875520 -5.379720 5.144892
endloop
endfacet
facet normal 0.153256 0.428321 0.890536
outer loop
vertex -2.525711 -6.097605 5.400000
vertex -1.915879 -6.315806 5.400000
vertex -1.770737 -5.837336 5.144892
endloop
endfacet
facet normal 0.153256 0.428321 0.890536
outer loop
vertex -2.525711 -6.097605 5.400000
vertex -1.770737 -5.837336 5.144892
vertex -2.334369 -5.635665 5.144892
endloop
endfacet
facet normal 0.110535 0.44128 0.890536
outer loop
vertex -1.915879 -6.315806 5.400000
vertex -1.287596 -6.473183 5.400000
vertex -1.190051 -5.982790 5.144892
endloop
endfacet
facet normal 0.110535 0.44128 0.890536
outer loop
vertex -1.915879 -6.315806 5.400000
vertex -1.190051 -5.982790 5.144892
vertex -1.770737 -5.837336 5.144892
endloop
endfacet
facet normal 0.0667497 0.449989 0.890536
outer loop
vertex -1.287596 -6.473183 5.400000
vertex -0.646913 -6.568219 5.400000
vertex -0.597905 -6.070627 5.144892
endloop
endfacet
facet normal 0.0667498 0.449989 0.890536
outer loop
vertex -1.287596 -6.473183 5.400000
vertex -0.597905 -6.070627 5.144892
vertex -1.190051 -5.982790 5.144892
endloop
endfacet
facet normal 0.0223215 0.454365 0.890536
outer loop
vertex -0.646913 -6.568219 5.400000
vertex -0.000000 -6.600000 5.400000
vertex -0.000000 -6.100000 5.144892
endloop
endfacet
facet normal 0.0223216 0.454365 0.890536
outer loop
vertex -0.646913 -6.568219 5.400000
vertex -0.000000 -6.100000 5.144892
vertex -0.597905 -6.070627 5.144892
endloop
endfacet
facet normal -0.0223215 0.454365 0.890536
outer loop
vertex -0.000000 -6.600000 5.400000
vertex 0.646913 -6.568219 5.400000
vertex 0.597905 -6.070627 5.144892
endloop
endfacet
facet normal -0.0223216 0.454365 0.890536
outer loop
vertex -0.000000 -6.600000 5.400000
vertex 0.597905 -6.070627 5.144892
vertex -0.000000 -6.100000 5.144892
endloop
endfacet
facet normal -0.0667498 0.44999 0.890536
outer loop
vertex 0.646913 -6.568219 5.400000
vertex 1.287596 -6.473183 5.400000
vertex 1.190051 -5.982790 5.144892
endloop
endfacet
facet normal -0.0667497 0.449989 0.890536
outer loop
vertex 0.646913 -6.568219 5.400000
vertex 1.190051 -5.982790 5.144892
vertex 0.597905 -6.070627 5.144892
endloop
endfacet
facet normal -0.110535 0.44128 0.890536
outer loop
vertex 1.287596 -6.473183 5.400000
vertex 1.915879 -6.315806 5.400000
vertex 1.770737 -5.837336 5.144892
endloop
endfacet
facet normal -0.110535 0.44128 0.890536
outer loop
vertex 1.287596 -6.473183 5.400000
vertex 1.770737 -5.837336 5.144892
vertex 1.190051 -5.982790 5.144892
endloop
endfacet
facet normal -0.153256 0.428321 0.890536
outer loop
vertex 1.915879 -6.315806 5.400000
vertex 2.525711 -6.097605 5.400000
vertex 2.334369 -5.635665 5.144892
endloop
endfacet
facet normal -0.153256 0.428321 0.890536
outer loop
vertex 1.915879 -6.315806 5.400000
vertex 2.334369 -5.635665 5.144892
vertex 1.770737 -5.837336 5.144892
endloop
endfacet
facet normal -0.194501 0.411237 0.890536
outer loop
vertex 2.525711 -6.097605 5.400000
vertex 3.111218 -5.820680 5.400000
vertex 2.875520 -5.379720 5.144892
endloop
endfacet
facet normal -0.1945 0.411237 0.890536
outer loop
vertex 2.525711 -6.097605 5.400000
vertex 2.875520 -5.379720 5.144892
vertex 2.334369 -5.635665 5.144892
endloop
endfacet
facet normal -0.233872 0.390192 0.890536
outer loop
vertex 3.111218 -5.820680 5.400000
vertex 3.666764 -5.487700 5.400000
vertex 3.388978 -5.071965 5.144892
endloop
endfacet
facet normal -0.233872 0.390192 0.890536
outer loop
vertex 3.111218 -5.820680 5.400000
vertex 3.388978 -5.071965 5.144892
vertex 2.875520 -5.379720 5.144892
endloop
endfacet
facet normal -0.270992 0.36539 0.890536
outer loop
vertex 3.666764 -5.487700 5.400000
vertex 4.186996 -5.101869 5.400000
vertex 3.869799 -4.715364 5.144892
endloop
endfacet
facet normal -0.270992 0.36539 0.890536
outer loop
vertex 3.666764 -5.487700 5.400000
vertex 3.869799 -4.715364 5.144892
vertex 3.388978 -5.071965 5.144892
endloop
endfacet
facet normal -0.305501 0.337068 0.890536
outer loop
vertex 4.186996 -5.101869 5.400000
vertex 4.666905 -4.666905 5.400000
vertex 4.313351 -4.313351 5.144892
endloop
endfacet
facet normal -0.305502 0.337068 0.890536
outer loop
vertex 4.186996 -5.101869 5.400000
vertex 4.313351 -4.313351 5.144892
vertex 3.869799 -4.715364 5.144892
endloop
endfacet
facet normal -0.337069 0.305501 0.890536
outer loop
vertex 4.666905 -4.666905 5.400000
vertex 5.101869 -4.186996 5.400000
vertex 4.715364 -3.869799 5.144892
endloop
endfacet
facet normal -0.337068 0.305501 0.890536
outer loop
vertex 4.666905 -4.666905 5.400000
vertex 4.715364 -3.869799 5.144892
vertex 4.313351 -4.313351 5.144892
endloop
endfacet
facet normal -0.36539 0.270992 0.890536
outer loop
vertex 5.101869 -4.186996 5.400000
vertex 5.487700 -3.666764 5.400000
vertex 5.071965 -3.388978 5.144892
endloop
endfacet
facet normal -0.36539 0.270992 0.890536
outer loop
vertex 5.101869 -4.186996 5.400000
vertex 5.071965 -3.388978 5.144892
vertex 4.715364 -3.869799 5.144892
endloop
endfacet
facet normal -0.390192 0.233872 0.890536
outer loop
vertex 5.487700 -3.666764 5.400000
vertex 5.820680 -3.111218 5.400000
vertex 5.379720 -2.875520 5.144892
endloop
endfacet
facet normal -0.390192 0.233872 0.890536
outer loop
vertex 5.487700 -3.666764 5.400000
vertex 5.379720 -2.875520 5.144892
vertex 5.071965 -3.388978 5.144892
endloop
endfacet
facet normal -0.411237 0.194501 0.890536
outer loop
vertex 5.820680 -3.111218 5.400000
vertex 6.097605 -2.525711 5.400000
vertex 5.635665 -2.334369 5.144892
endloop
endfacet
facet normal -0.411237 0.1945 0.890536
outer loop
vertex 5.820680 -3.111218 5.400000
vertex 5.635665 -2.334369 5.144892
vertex 5.379720 -2.875520 5.144892
endloop
endfacet
facet normal -0.428321 0.153256 0.890536
outer loop
vertex 6.097605 -2.525711 5.400000
vertex 6.315806 -1.915879 5.400000
vertex 5.837336 -1.770737 5.144892
endloop
endfacet
facet normal -0.428321 0.153256 0.890536
outer loop
vertex 6.097605 -2.525711 5.400000
vertex 5.837336 -1.770737 5.144892
vertex 5.635665 -2.334369 5.144892
endloop
endfacet
facet normal -0.44128 0.110535 0.890536
outer loop
vertex 6.315806 -1.915879 5.400000
vertex 6.473183 -1.287596 5.400000
vertex 5.982790 -1.190051 5.144892
endloop
endfacet
facet normal -0.44128 0.110535 0.890536
outer loop
vertex 6.315806 -1.915879 5.400000
vertex 5.982790 -1.190051 5.144892
vertex 5.837336 -1.770737 5.144892
endloop
endfacet
facet normal -0.449989 0.0667497 0.890536
outer loop
vertex 6.473183 -1.287596 5.400000
vertex 6.568219 -0.646913 5.400000
vertex 6.070627 -0.597905 5.144892
endloop
endfacet
facet normal -0.449989 0.0667498 0.890536
outer loop
vertex 6.473183 -1.287596 5.400000
vertex 6.070627 -0.597905 5.144892
vertex 5.982790 -1.190051 5.144892
endloop
endfacet
facet normal -0.454365 0.0223215 0.890536
outer loop
vertex 6.568219 -0.646913 5.400000
vertex 6.600000 -0.000000 5.400000
vertex 6.100000 -0.000000 5.144892
endloop
endfacet
facet normal -0.454365 0.0223216 0.890536
outer loop
vertex 6.568219 -0.646913 5.400000
vertex 6.100000 -0.000000 5.144892
vertex 6.070627 -0.597905 5.144892
endloop
endfacet
facet normal -0.414799 -0.0203777 0.909685
outer loop
vertex 6.100000 -0.000000 5.144892
vertex 6.070627 0.597905 5.144892
vertex 5.224720 0.514590 4.757309
endloop
endfacet
facet normal -0.414799 -0.0203776 0.909685
outer loop
vertex 6.100000 -0.000000 5.144892
vertex 5.224720 0.514590 4.757309
vertex 5.250000 0.000000 4.757309
endloop
endfacet
facet normal -0.410804 -0.0609371 0.909685
outer loop
vertex 6.070627 0.597905 5.144892
vertex 5.982790 1.190051 5.144892
vertex 5.149123 1.024224 4.757309
endloop
endfacet
facet normal -0.410804 -0.0609372 0.909685
outer loop
vertex 6.070627 0.597905 5.144892
vertex 5.149123 1.024224 4.757309
vertex 5.224720 0.514590 4.757309
endloop
endfacet
facet normal -0.402853 -0.100909 0.909685
outer loop
vertex 5.982790 1.190051 5.144892
vertex 5.837336 1.770737 5.144892
vertex 5.023937 1.523995 4.757309
endloop
endfacet
facet normal -0.402853 -0.100909 0.909685
outer loop
vertex 5.982790 1.190051 5.144892
vertex 5.023937 1.523995 4.757309
vertex 5.149123 1.024224 4.757309
endloop
endfacet
facet normal -0.391022 -0.13991 0.909685
outer loop
vertex 5.837336 1.770737 5.144892
vertex 5.635665 2.334369 5.144892
vertex 4.850368 2.009088 4.757309
endloop
endfacet
facet normal -0.391022 -0.13991 0.909685
outer loop
vertex 5.837336 1.770737 5.144892
vertex 4.850368 2.009088 4.757309
vertex 5.023937 1.523995 4.757309
endloop
endfacet
facet normal -0.375426 -0.177563 0.909685
outer loop
vertex 5.635665 2.334369 5.144892
vertex 5.379720 2.875520 5.144892
vertex 4.630086 2.474833 4.757309
endloop
endfacet
facet normal -0.375426 -0.177563 0.909685
outer loop
vertex 5.635665 2.334369 5.144892
vertex 4.630086 2.474833 4.757309
vertex 4.850368 2.009088 4.757309
endloop
endfacet
facet normal -0.356214 -0.213506 0.909685
outer loop
vertex 5.379720 2.875520 5.144892
vertex 5.071965 3.388978 5.144892
vertex 4.365215 2.916744 4.757309
endloop
endfacet
facet normal -0.356214 -0.213506 0.909685
outer loop
vertex 5.379720 2.875520 5.144892
vertex 4.365215 2.916744 4.757309
vertex 4.630086 2.474833 4.757309
endloop
endfacet
facet normal -0.333571 -0.247393 0.909685
outer loop
vertex 5.071965 3.388978 5.144892
vertex 4.715364 3.869799 5.144892
vertex 4.058305 3.330565 4.757309
endloop
endfacet
facet normal -0.333571 -0.247393 0.909685
outer loop
vertex 5.071965 3.388978 5.144892
vertex 4.058305 3.330565 4.757309
vertex 4.365215 2.916744 4.757309
endloop
endfacet
facet normal -0.307716 -0.278898 0.909685
outer loop
vertex 4.715364 3.869799 5.144892
vertex 4.313351 4.313351 5.144892
vertex 3.712311 3.712311 4.757309
endloop
endfacet
facet normal -0.307716 -0.278897 0.909685
outer loop
vertex 4.715364 3.869799 5.144892
vertex 3.712311 3.712311 4.757309
vertex 4.058305 3.330565 4.757309
endloop
endfacet
facet normal -0.278898 -0.307716 0.909685
outer loop
vertex 4.313351 4.313351 5.144892
vertex 3.869799 4.715364 5.144892
vertex 3.330565 4.058305 4.757309
endloop
endfacet
facet normal -0.278898 -0.307716 0.909685
outer loop
vertex 4.313351 4.313351 5.144892
vertex 3.330565 4.058305 4.757309
vertex 3.712311 3.712311 4.757309
endloop
endfacet
facet normal -0.247393 -0.333571 0.909685
outer loop
vertex 3.869799 4.715364 5.144892
vertex 3.388978 5.071965 5.144892
vertex 2.916744 4.365215 4.757309
endloop
endfacet
facet normal -0.247393 -0.333571 0.909685
outer loop
vertex 3.869799 4.715364 5.144892
vertex 2.916744 4.365215 4.757309
vertex 3.330565 4.058305 4.757309
endloop
endfacet
facet normal -0.213506 -0.356214 0.909685
outer loop
vertex 3.388978 5.071965 5.144892
vertex 2.875520 5.379720 5.144892
vertex 2.474833 4.630086 4.757309
endloop
endfacet
facet normal -0.213506 -0.356214 0.909685
outer loop
vertex 3.388978 5.071965 5.144892
vertex 2.474833 4.630086 4.757309
vertex 2.916744 4.365215 4.757309
endloop
endfacet
facet normal -0.177563 -0.375426 0.909685
outer loop
vertex 2.875520 5.379720 5.144892
vertex 2.334369 5.635665 5.144892
vertex 2.009088 4.850368 4.757309
endloop
endfacet
facet normal -0.177563 -0.375425 0.909685
outer loop
vertex 2.875520 5.379720 5.144892
vertex 2.009088 4.850368 4.757309
vertex 2.474833 4.630086 4.757309
endloop
endfacet
facet normal -0.13991 -0.391022 0.909685
outer loop
vertex 2.334369 5.635665 5.144892
vertex 1.770737 5.837336 5.144892
vertex 1.523995 5.023937 4.757309
endloop
endfacet
facet normal -0.13991 -0.391022 0.909685
outer loop
vertex 2.334369 5.635665 5.144892
vertex 1.523995 5.023937 4.757309
vertex 2.009088 4.850368 4.757309
endloop
endfacet
facet normal -0.100909 -0.402853 0.909685
outer loop
vertex 1.770737 5.837336 5.144892
vertex 1.190051 5.982790 5.144892
vertex 1.024224 5.149123 4.757309
endloop
endfacet
facet normal -0.100909 -0.402853 0.909685
outer loop
vertex 1.770737 5.837336 5.144892
vertex 1.024224 5.149123 4.757309
vertex 1.523995 5.023937 4.757309
endloop
endfacet
facet normal -0.0609371 -0.410804 0.909685
outer loop
vertex 1.190051 5.982790 5.144892
vertex 0.597905 6.070627 5.144892
vertex 0.514590 5.224720 4.757309
endloop
endfacet
facet normal -0.0609371 -0.410804 0.909685
outer loop
vertex 1.190051 5.982790 5.144892
vertex 0.514590 5.224720 4.757309
vertex 1.024224 5.149123 4.757309
endloop
endfacet
facet normal -0.0203777 -0.414798 0.909685
outer loop
vertex 0.597905 6.070627 5.144892
vertex 0.000000 6.100000 5.144892
vertex 0.000000 5.250000 4.757309
endloop
endfacet
facet normal -0.0203776 -0.414799 0.909685
outer loop
vertex 0.597905 6.070627 5.144892
vertex 0.000000 5.250000 4.757309
vertex 0.514590 5.224720 4.757309
endloop
endfacet
facet normal 0.0203777 -0.414799 0.909685
outer loop
vertex 0.000000 6.100000 5.144892
vertex -0.597905 6.070627 5.144892
vertex -0.514590 5.224720 4.757309
endloop
endfacet
facet normal 0.0203776 -0.414799 0.909685
outer loop
vertex 0.000000 6.100000 5.144892
vertex -0.514590 5.224720 4.757309
vertex 0.000000 5.250000 4.757309
endloop
endfacet
facet normal 0.0609371 -0.410804 0.909685
outer loop
vertex -0.597905 6.070627 5.144892
vertex -1.190051 5.982790 5.144892
vertex -1.024224 5.149123 4.757309
endloop
endfacet
facet normal 0.0609372 -0.410804 0.909685
outer loop
vertex -0.597905 6.070627 5.144892
vertex -1.024224 5.149123 4.757309
vertex -0.514590 5.224720 4.757309
endloop
endfacet
facet normal 0.100909 -0.402853 0.909685
outer loop
vertex -1.190051 5.982790 5.144892
vertex -1.770737 5.837336 5.144892
vertex -1.523995 5.023937 4.757309
endloop
endfacet
facet normal 0.100909 -0.402853 0.909685
outer loop
vertex -1.190051 5.982790 5.144892
vertex -1.523995 5.023937 4.757309
vertex -1.024224 5.149123 4.757309
endloop
endfacet
facet normal 0.13991 -0.391022 0.909685
outer loop
vertex -1.770737 5.837336 5.144892
vertex -2.334369 5.635665 5.144892
vertex -2.009088 4.850368 4.757309
endloop
endfacet
facet normal 0.13991 -0.391022 0.909685
outer loop
vertex -1.770737 5.837336 5.144892
vertex -2.009088 4.850368 4.757309
vertex -1.523995 5.023937 4.757309
endloop
endfacet
facet normal 0.177563 -0.375426 0.909685
outer loop
vertex -2.334369 5.635665 5.144892
vertex -2.875520 5.379720 5.144892
vertex -2.474833 4.630086 4.757309
endloop
endfacet
facet normal 0.177563 -0.375426 0.909685
outer loop
vertex -2.334369 5.635665 5.144892
vertex -2.474833 4.630086 4.757309
vertex -2.009088 4.850368 4.757309
endloop
endfacet
facet normal 0.213506 -0.356214 0.909685
outer loop
vertex -2.875520 5.379720 5.144892
vertex -3.388978 5.071965 5.144892
vertex -2.916744 4.365215 4.757309
endloop
endfacet
facet normal 0.213506 -0.356214 0.909685
outer loop
vertex -2.875520 5.379720 5.144892
vertex -2.916744 4.365215 4.757309
vertex -2.474833 4.630086 4.757309
endloop
endfacet
facet normal 0.247393 -0.333571 0.909685
outer loop
vertex -3.388978 5.071965 5.144892
vertex -3.869799 4.715364 5.144892
vertex -3.330565 4.058305 4.757309
endloop
endfacet
facet normal 0.247393 -0.333571 0.909685
outer loop
vertex -3.388978 5.071965 5.144892
vertex -3.330565 4.058305 4.757309
vertex -2.916744 4.365215 4.757309
endloop
endfacet
facet normal 0.278898 -0.307716 0.909685
outer loop
vertex -3.869799 4.715364 5.144892
vertex -4.313351 4.313351 5.144892
vertex -3.712311 3.712311 4.757309
endloop
endfacet
facet normal 0.278897 -0.307716 0.909685
outer loop
vertex -3.869799 4.715364 5.144892
vertex -3.712311 3.712311 4.757309
vertex -3.330565 4.058305 4.757309
endloop
endfacet
facet normal 0.307716 -0.278898 0.909685
outer loop
vertex -4.313351 4.313351 5.144892
vertex -4.715364 3.869799 5.144892
vertex -4.058305 3.330565 4.757309
endloop
endfacet
facet normal 0.307716 -0.278898 0.909685
outer loop
vertex -4.313351 4.313351 5.144892
vertex -4.058305 3.330565 4.757309
vertex -3.712311 3.712311 4.757309
endloop
endfacet
facet normal 0.333571 -0.247393 0.909685
outer loop
vertex -4.715364 3.869799 5.144892
vertex -5.071965 3.388978 5.144892
vertex -4.365215 2.916744 4.757309
endloop
endfacet
facet normal 0.333571 -0.247393 0.909685
outer loop
vertex -4.715364 3.869799 5.144892
vertex -4.365215 2.916744 4.757309
vertex -4.058305 3.330565 4.757309
endloop
endfacet
facet normal 0.356214 -0.213506 0.909685
outer loop
vertex -5.071965 3.388978 5.144892
vertex -5.379720 2.875520 5.144892
vertex -4.630086 2.474833 4.757309
endloop
endfacet
facet normal 0.356214 -0.213506 0.909685
outer loop
vertex -5.071965 3.388978 5.144892
vertex -4.630086 2.474833 4.757309
vertex -4.365215 2.916744 4.757309
endloop
endfacet
facet normal 0.375426 -0.177563 0.909685
outer loop
vertex -5.379720 2.875520 5.144892
vertex -5.635665 2.334369 5.144892
vertex -4.850368 2.009088 4.757309
endloop
endfacet
facet normal 0.375425 -0.177563 0.909685
outer loop
vertex -5.379720 2.875520 5.144892
vertex -4.850368 2.009088 4.757309
vertex -4.630086 2.474833 4.757309
endloop
endfacet
facet normal 0.391022 -0.13991 0.909685
outer loop
vertex -5.635665 2.334369 5.144892
vertex -5.837336 1.770737 5.144892
vertex -5.023937 1.523995 4.757309
endloop
endfacet
facet normal 0.391022 -0.13991 0.909685
outer loop
vertex -5.635665 2.334369 5.144892
vertex -5.023937 1.523995 4.757309
vertex -4.850368 2.009088 4.757309
endloop
endfacet
facet normal 0.402853 -0.100909 0.909685
outer loop
vertex -5.837336 1.770737 5.144892
vertex -5.982790 1.190051 5.144892
vertex -5.149123 1.024224 4.757309
endloop
endfacet
facet normal 0.402853 -0.100909 0.909685
outer loop
vertex -5.837336 1.770737 5.144892
vertex -5.149123 1.024224 4.757309
vertex -5.023937 1.523995 4.757309
endloop
endfacet
facet normal 0.410804 -0.0609371 0.909685
outer loop
vertex -5.982790 1.190051 5.144892
vertex -6.070627 0.597905 5.144892
vertex -5.224720 0.514590 4.757309
endloop
endfacet
facet normal 0.410804 -0.0609371 0.909685
outer loop
vertex -5.982790 1.190051 5.144892
vertex -5.224720 0.514590 4.757309
vertex -5.149123 1.024224 4.757309
endloop
endfacet
facet normal 0.414798 -0.0203777 0.909685
outer loop
vertex -6.070627 0.597905 5.144892
vertex -6.100000 0.000000 5.144892
vertex -5.250000 0.000000 4.757309
endloop
endfacet
facet normal 0.414799 -0.0203776 0.909685
outer loop
vertex -6.070627 0.597905 5.144892
vertex -5.250000 0.000000 4.757309
vertex -5.224720 0.514590 4.757309
endloop
endfacet
facet normal 0.414799 0.0203777 0.909685
outer loop
vertex -6.100000 0.000000 5.144892
vertex -6.070627 -0.597905 5.144892
vertex -5.224720 -0.514590 4.757309
endloop
endfacet
facet normal 0.414799 0.0203776 0.909685
outer loop
vertex -6.100000 0.000000 5.144892
vertex -5.224720 -0.514590 4.757309
vertex -5.250000 0.000000 4.757309
endloop
endfacet
facet normal 0.410804 0.0609371 0.909685
outer loop
vertex -6.070627 -0.597905 5.144892
vertex -5.982790 -1.190051 5.144892
vertex -5.149123 -1.024224 4.757309
endloop
endfacet
facet normal 0.410804 0.0609372 0.909685
outer loop
vertex -6.070627 -0.597905 5.144892
vertex -5.149123 -1.024224 4.757309
vertex -5.224720 -0.514590 4.757309
endloop
endfacet
facet normal 0.402853 0.100909 0.909685
outer loop
vertex -5.982790 -1.190051 5.144892
vertex -5.837336 -1.770737 5.144892
vertex -5.023937 -1.523995 4.757309
endloop
endfacet
facet normal 0.402853 0.100909 0.909685
outer loop
vertex -5.982790 -1.190051 5.144892
vertex -5.023937 -1.523995 4.757309
vertex -5.149123 -1.024224 4.757309
endloop
endfacet
facet normal 0.391022 0.13991 0.909685
outer loop
vertex -5.837336 -1.770737 5.144892
vertex -5.635665 -2.334369 5.144892
vertex -4.850368 -2.009088 4.757309
endloop
endfacet
facet normal 0.391022 0.13991 0.909685
outer loop
vertex -5.837336 -1.770737 5.144892
vertex -4.850368 -2.009088 4.757309
vertex -5.023937 -1.523995 4.757309
endloop
endfacet
facet normal 0.375426 0.177563 0.909685
outer loop
vertex -5.635665 -2.334369 5.144892
vertex -5.379720 -2.875520 5.144892
vertex -4.630086 -2.474833 4.757309
endloop
endfacet
facet normal 0.375426 0.177563 0.909685
outer loop
vertex -5.635665 -2.334369 5.144892
vertex -4.630086 -2.474833 4.757309
vertex -4.850368 -2.009088 4.757309
endloop
endfacet
facet normal 0.356214 0.213506 0.909685
outer loop
vertex -5.379720 -2.875520 5.144892
vertex -5.071965 -3.388978 5.144892
vertex -4.365215 -2.916744 4.757309
endloop
endfacet
facet normal 0.356214 0.213506 0.909685
outer loop
vertex -5.379720 -2.875520 5.144892
vertex -4.365215 -2.916744 4.757309
vertex -4.630086 -2.474833 4.757309
endloop
endfacet
facet normal 0.333571 0.247393 0.909685
outer loop
vertex -5.071965 -3.388978 5.144892
vertex -4.715364 -3.869799 5.144892
vertex -4.058305 -3.330565 4.757309
endloop
endfacet
facet normal 0.333571 0.247393 0.909685
outer loop
vertex -5.071965 -3.388978 5.144892
vertex -4.058305 -3.330565 4.757309
vertex -4.365215 -2.916744 4.757309
endloop
endfacet
facet normal 0.307716 0.278898 0.909685
outer loop
vertex -4.715364 -3.869799 5.144892
vertex -4.313351 -4.313351 5.144892
vertex -3.712311 -3.712311 4.757309
endloop
endfacet
facet normal 0.307716 0.278897 0.909685
outer loop
vertex -4.715364 -3.869799 5.144892
vertex -3.712311 -3.712311 4.757309
vertex -4.058305 -3.330565 4.757309
endloop
endfacet
facet normal 0.278898 0.307716 0.909685
outer loop
vertex -4.313351 -4.313351 5.144892
vertex -3.869799 -4.715364 5.144892
vertex -3.330565 -4.058305 4.757309
endloop
endfacet
facet normal 0.278898 0.307716 0.909685
outer loop
vertex -4.313351 -4.313351 5.144892
vertex -3.330565 -4.058305 4.757309
vertex -3.712311 -3.712311 4.757309
endloop
endfacet
facet normal 0.247393 0.333571 0.909685
outer loop
vertex -3.869799 -4.715364 5.144892
vertex -3.388978 -5.071965 5.144892
vertex -2.916744 -4.365215 4.757309
endloop
endfacet
facet normal 0.247393 0.333571 0.909685
outer loop
vertex -3.869799 -4.715364 5.144892
vertex -2.916744 -4.365215 4.757309
vertex -3.330565 -4.058305 4.757309
endloop
endfacet
facet normal 0.213506 0.356214 0.909685
outer loop
vertex -3.388978 -5.071965 5.144892
vertex -2.875520 -5.379720 5.144892
vertex -2.474833 -4.630086 4.757309
endloop
endfacet
facet normal 0.213506 0.356214 0.909685
outer loop
vertex -3.388978 -5.071965 5.144892
vertex -2.474833 -4.630086 4.757309
vertex -2.916744 -4.365215 4.757309
endloop
endfacet
facet normal 0.177563 0.375426 0.909685
outer loop
vertex -2.875520 -5.379720 5.144892
vertex -2.334369 -5.635665 5.144892
vertex -2.009088 -4.850368 4.757309
endloop
endfacet
facet normal 0.177563 0.375425 0.909685
outer loop
vertex -2.875520 -5.379720 5.144892
vertex -2.009088 -4.850368 4.757309
vertex -2.474833 -4.630086 4.757309
endloop
endfacet
facet normal 0.13991 0.391022 0.909685
outer loop
vertex -2.334369 -5.635665 5.144892
vertex -1.770737 -5.837336 5.144892
vertex -1.523995 -5.023937 4.757309
endloop
endfacet
facet normal 0.13991 0.391022 0.909685
outer loop
vertex -2.334369 -5.635665 5.144892
vertex -1.523995 -5.023937 4.757309
vertex -2.009088 -4.850368 4.757309
endloop
endfacet
facet normal 0.100909 0.402853 0.909685
outer loop
vertex -1.770737 -5.837336 5.144892
vertex -1.190051 -5.982790 5.144892
vertex -1.024224 -5.149123 4.757309
endloop
endfacet
facet normal 0.100909 0.402853 0.909685
outer loop
vertex -1.770737 -5.837336 5.144892
vertex -1.024224 -5.149123 4.757309
vertex -1.523995 -5.023937 4.757309
endloop
endfacet
facet normal 0.0609371 0.410804 0.909685
outer loop
vertex -1.190051 -5.982790 5.144892
vertex -0.597905 -6.070627 5.144892
vertex -0.514590 -5.224720 4.757309
endloop
endfacet
facet normal 0.0609371 0.410804 0.909685
outer loop
vertex -1.190051 -5.982790 5.144892
vertex -0.514590 -5.224720 4.757309
vertex -1.024224 -5.149123 4.757309
endloop
endfacet
facet normal 0.0203777 0.414798 0.909685
outer loop
vertex -0.597905 -6.070627 5.144892
vertex -0.000000 -6.100000 5.144892
vertex -0.000000 -5.250000 4.757309
endloop
endfacet
facet normal 0.0203776 0.414799 0.909685
outer loop
vertex -0.597905 -6.070627 5.144892
vertex -0.000000 -5.250000 4.757309
vertex -0.514590 -5.224720 4.757309
endloop
endfacet
facet normal -0.0203777 0.414799 0.909685
outer loop
vertex -0.000000 -6.100000 5.144892
vertex 0.597905 -6.070627 5.144892
vertex 0.514590 -5.224720 4.757309
endloop
endfacet
facet normal -0.0203776 0.414799 0.909685
outer loop
vertex -0.000000 -6.100000 5.144892
vertex 0.514590 -5.224720 4.757309
vertex -0.000000 -5.250000 4.757309
endloop
endfacet
facet normal -0.0609371 0.410804 0.909685
outer loop
vertex 0.597905 -6.070627 5.144892
vertex 1.190051 -5.982790 5.144892
vertex 1.024224 -5.149123 4.757309
endloop
endfacet
facet normal -0.0609372 0.410804 0.909685
outer loop
vertex 0.597905 -6.070627 5.144892
vertex 1.024224 -5.149123 4.757309
vertex 0.514590 -5.224720 4.757309
endloop
endfacet
facet normal -0.100909 0.402853 0.909685
outer loop
vertex 1.190051 -5.982790 5.144892
vertex 1.770737 -5.837336 5.144892
vertex 1.523995 -5.023937 4.757309
endloop
endfacet
facet normal -0.100909 0.402853 0.909685
outer loop
vertex 1.190051 -5.982790 5.144892
vertex 1.523995 -5.023937 4.757309
vertex 1.024224 -5.149123 4.757309
endloop
endfacet
facet normal -0.13991 0.391022 0.909685
outer loop
vertex 1.770737 -5.837336 5.144892
vertex 2.334369 -5.635665 5.144892
vertex 2.009088 -4.850368 4.757309
endloop
endfacet
facet normal -0.13991 0.391022 0.909685
outer loop
vertex 1.770737 -5.837336 5.144892
vertex 2.009088 -4.850368 4.757309
vertex 1.523995 -5.023937 4.757309
endloop
endfacet
facet normal -0.177563 0.375426 0.909685
outer loop
vertex 2.334369 -5.635665 5.144892
vertex 2.875520 -5.379720 5.144892
vertex 2.474833 -4.630086 4.757309
endloop
endfacet
facet normal -0.177563 0.375426 0.909685
outer loop
vertex 2.334369 -5.635665 5.144892
vertex 2.474833 -4.630086 4.757309
vertex 2.009088 -4.850368 4.757309
endloop
endfacet
facet normal -0.213506 0.356214 0.909685
outer loop
vertex 2.875520 -5.379720 5.144892
vertex 3.388978 -5.071965 5.144892
vertex 2.916744 -4.365215 4.757309
endloop
endfacet
facet normal -0.213506 0.356214 0.909685
outer loop
vertex 2.875520 -5.379720 5.144892
vertex 2.916744 -4.365215 4.757309
vertex 2.474833 -4.630086 4.757309
endloop
endfacet
facet normal -0.247393 0.333571 0.909685
outer loop
vertex 3.388978 -5.071965 5.144892
vertex 3.869799 -4.715364 5.144892
vertex 3.330565 -4.058305 4.757309
endloop
endfacet
facet normal -0.247393 0.333571 0.909685
outer loop
vertex 3.388978 -5.071965 5.144892
vertex 3.330565 -4.058305 4.757309
vertex 2.916744 -4.365215 4.757309
endloop
endfacet
facet normal -0.278898 0.307716 0.909685
outer loop
vertex 3.869799 -4.715364 5.144892
vertex 4.313351 -4.313351 5.144892
vertex 3.712311 -3.712311 4.757309
endloop
endfacet
facet normal -0.278897 0.307716 0.909685
outer loop
vertex 3.869799 -4.715364 5.144892
vertex 3.712311 -3.712311 4.757309
vertex 3.330565 -4.058305 4.757309
endloop
endfacet
facet normal -0.307716 0.278898 0.909685
outer loop
vertex 4.313351 -4.313351 5.144892
vertex 4.715364 -3.869799 5.144892
vertex 4.058305 -3.330565 4.757309
endloop
endfacet
facet normal -0.307716 0.278898 0.909685
outer loop
vertex 4.313351 -4.313351 5.144892
vertex 4.058305 -3.330565 4.757309
vertex 3.712311 -3.712311 4.757309
endloop
endfacet
facet normal -0.333571 0.247393 0.909685
outer loop
vertex 4.715364 -3.869799 5.144892
vertex 5.071965 -3.388978 5.144892
vertex 4.365215 -2.916744 4.757309
endloop
endfacet
facet normal -0.333571 0.247393 0.909685
outer loop
vertex 4.715364 -3.869799 5.144892
vertex 4.365215 -2.916744 4.757309
vertex 4.058305 -3.330565 4.757309
endloop
endfacet
facet normal -0.356214 0.213506 0.909685
outer loop
vertex 5.071965 -3.388978 5.144892
vertex 5.379720 -2.875520 5.144892
vertex 4.630086 -2.474833 4.757309
endloop
endfacet
facet normal -0.356214 0.213506 0.909685
outer loop
vertex 5.071965 -3.388978 5.144892
vertex 4.630086 -2.474833 4.757309
vertex 4.365215 -2.916744 4.757309
endloop
endfacet
facet normal -0.375426 0.177563 0.909685
outer loop
vertex 5.379720 -2.875520 5.144892
vertex 5.635665 -2.334369 5.144892
vertex 4.850368 -2.009088 4.757309
endloop
endfacet
facet normal -0.375425 0.177563 0.909685
outer loop
vertex 5.379720 -2.875520 5.144892
vertex 4.850368 -2.009088 4.757309
vertex 4.630086 -2.474833 4.757309
endloop
endfacet
facet normal -0.391022 0.13991 0.909685
outer loop
vertex 5.635665 -2.334369 5.144892
vertex 5.837336 -1.770737 5.144892
vertex 5.023937 -1.523995 4.757309
endloop
endfacet
facet normal -0.391022 0.13991 0.909685
outer loop
vertex 5.635665 -2.334369 5.144892
vertex 5.023937 -1.523995 4.757309
vertex 4.850368 -2.009088 4.757309
endloop
endfacet
facet normal -0.402853 0.100909 0.909685
outer loop
vertex 5.837336 -1.770737 5.144892
vertex 5.982790 -1.190051 5.144892
vertex 5.149123 -1.024224 4.757309
endloop
endfacet
facet normal -0.402853 0.100909 0.909685
outer loop
vertex 5.837336 -1.770737 5.144892
vertex 5.149123 -1.024224 4.757309
vertex 5.023937 -1.523995 4.757309
endloop
endfacet
facet normal -0.410804 0.0609371 0.909685
outer loop
vertex 5.982790 -1.190051 5.144892
vertex 6.070627 -0.597905 5.144892
vertex 5.224720 -0.514590 4.757309
endloop
endfacet
facet normal -0.410804 0.0609371 0.909685
outer loop
vertex 5.982790 -1.190051 5.144892
vertex 5.224720 -0.514590 4.757309
vertex 5.149123 -1.024224 4.757309
endloop
endfacet
facet normal -0.414798 0.0203777 0.909685
outer loop
vertex 6.070627 -0.597905 5.144892
vertex 6.100000 -0.000000 5.144892
vertex 5.250000 0.000000 4.757309
endloop
endfacet
facet normal -0.414799 0.0203776 0.909685
outer loop
vertex 6.070627 -0.597905 5.144892
vertex 5.250000 0.000000 4.757309
vertex 5.224720 -0.514590 4.757309
endloop
endfacet
facet normal -0.351589 -0.0172723 0.935995
outer loop
vertex 5.250000 0.000000 4.757309
vertex 5.224720 0.514590 4.757309
vertex 4.080257 0.401870 4.325333
endloop
endfacet
facet normal -0.351589 -0.0172724 0.935995
outer loop
vertex 5.250000 0.000000 4.757309
vertex 4.080257 0.401870 4.325333
vertex 4.100000 -0.000000 4.325333
endloop
endfacet
facet normal -0.348203 -0.0516512 0.935995
outer loop
vertex 5.224720 0.514590 4.757309
vertex 5.149123 1.024224 4.757309
vertex 4.021220 0.799870 4.325333
endloop
endfacet
facet normal -0.348203 -0.0516511 0.935995
outer loop
vertex 5.224720 0.514590 4.757309
vertex 4.021220 0.799870 4.325333
vertex 4.080257 0.401870 4.325333
endloop
endfacet
facet normal -0.341464 -0.0855323 0.935995
outer loop
vertex 5.149123 1.024224 4.757309
vertex 5.023937 1.523995 4.757309
vertex 3.923455 1.190167 4.325333
endloop
endfacet
facet normal -0.341464 -0.0855323 0.935995
outer loop
vertex 5.149123 1.024224 4.757309
vertex 3.923455 1.190167 4.325333
vertex 4.021220 0.799870 4.325333
endloop
endfacet
facet normal -0.331436 -0.11859 0.935995
outer loop
vertex 5.023937 1.523995 4.757309
vertex 4.850368 2.009088 4.757309
vertex 3.787906 1.569002 4.325333
endloop
endfacet
facet normal -0.331436 -0.11859 0.935995
outer loop
vertex 5.023937 1.523995 4.757309
vertex 3.787906 1.569002 4.325333
vertex 3.923455 1.190167 4.325333
endloop
endfacet
facet normal -0.318216 -0.150505 0.935995
outer loop
vertex 4.850368 2.009088 4.757309
vertex 4.630086 2.474833 4.757309
vertex 3.615877 1.932727 4.325333
endloop
endfacet
facet normal -0.318216 -0.150505 0.935995
outer loop
vertex 4.850368 2.009088 4.757309
vertex 3.615877 1.932727 4.325333
vertex 3.787906 1.569002 4.325333
endloop
endfacet
facet normal -0.301932 -0.180971 0.935995
outer loop
vertex 4.630086 2.474833 4.757309
vertex 4.365215 2.916744 4.757309
vertex 3.409025 2.277838 4.325333
endloop
endfacet
facet normal -0.301932 -0.180971 0.935995
outer loop
vertex 4.630086 2.474833 4.757309
vertex 3.409025 2.277838 4.325333
vertex 3.615877 1.932727 4.325333
endloop
endfacet
facet normal -0.28274 -0.209694 0.935995
outer loop
vertex 4.365215 2.916744 4.757309
vertex 4.058305 3.330565 4.757309
vertex 3.169343 2.601012 4.325333
endloop
endfacet
facet normal -0.28274 -0.209694 0.935995
outer loop
vertex 4.365215 2.916744 4.757309
vertex 3.169343 2.601012 4.325333
vertex 3.409025 2.277838 4.325333
endloop
endfacet
facet normal -0.260825 -0.236398 0.935995
outer loop
vertex 4.058305 3.330565 4.757309
vertex 3.712311 3.712311 4.757309
vertex 2.899138 2.899138 4.325333
endloop
endfacet
facet normal -0.260825 -0.236398 0.935995
outer loop
vertex 4.058305 3.330565 4.757309
vertex 2.899138 2.899138 4.325333
vertex 3.169343 2.601012 4.325333
endloop
endfacet
facet normal -0.236398 -0.260825 0.935995
outer loop
vertex 3.712311 3.712311 4.757309
vertex 3.330565 4.058305 4.757309
vertex 2.601012 3.169343 4.325333
endloop
endfacet
facet normal -0.236398 -0.260825 0.935995
outer loop
vertex 3.712311 3.712311 4.757309
vertex 2.601012 3.169343 4.325333
vertex 2.899138 2.899138 4.325333
endloop
endfacet
facet normal -0.209694 -0.28274 0.935995
outer loop
vertex 3.330565 4.058305 4.757309
vertex 2.916744 4.365215 4.757309
vertex 2.277838 3.409025 4.325333
endloop
endfacet
facet normal -0.209694 -0.28274 0.935995
outer loop
vertex 3.330565 4.058305 4.757309
vertex 2.277838 3.409025 4.325333
vertex 2.601012 3.169343 4.325333
endloop
endfacet
facet normal -0.180971 -0.301932 0.935995
outer loop
vertex 2.916744 4.365215 4.757309
vertex 2.474833 4.630086 4.757309
vertex 1.932727 3.615877 4.325333
endloop
endfacet
facet normal -0.180971 -0.301932 0.935995
outer loop
vertex 2.916744 4.365215 4.757309
vertex 1.932727 3.615877 4.325333
vertex 2.277838 3.409025 4.325333
endloop
endfacet
facet normal -0.150505 -0.318216 0.935995
outer loop
vertex 2.474833 4.630086 4.757309
vertex 2.009088 4.850368 4.757309
vertex 1.569002 3.787906 4.325333
endloop
endfacet
facet normal -0.150505 -0.318216 0.935995
outer loop
vertex 2.474833 4.630086 4.757309
vertex 1.569002 3.787906 4.325333
vertex 1.932727 3.615877 4.325333
endloop
endfacet
facet normal -0.11859 -0.331436 0.935995
outer loop
vertex 2.009088 4.850368 4.757309
vertex 1.523995 5.023937 4.757309
vertex 1.190167 3.923455 4.325333
endloop
endfacet
facet normal -0.11859 -0.331436 0.935995
outer loop
vertex 2.009088 4.850368 4.757309
vertex 1.190167 3.923455 4.325333
vertex 1.569002 3.787906 4.325333
endloop
endfacet
facet normal -0.0855323 -0.341464 0.935995
outer loop
vertex 1.523995 5.023937 4.757309
vertex 1.024224 5.149123 4.757309
vertex 0.799870 4.021220 4.325333
endloop
endfacet
facet normal -0.0855323 -0.341464 0.935995
outer loop
vertex 1.523995 5.023937 4.757309
vertex 0.799870 4.021220 4.325333
vertex 1.190167 3.923455 4.325333
endloop
endfacet
facet normal -0.0516512 -0.348203 0.935995
outer loop
vertex 1.024224 5.149123 4.757309
vertex 0.514590 5.224720 4.757309
vertex 0.401870 4.080257 4.325333
endloop
endfacet
facet normal -0.0516511 -0.348203 0.935995
outer loop
vertex 1.024224 5.149123 4.757309
vertex 0.401870 4.080257 4.325333
vertex 0.799870 4.021220 4.325333
endloop
endfacet
facet normal -0.0172723 -0.351589 0.935995
outer loop
vertex 0.514590 5.224720 4.757309
vertex 0.000000 5.250000 4.757309
vertex 0.000000 4.100000 4.325333
endloop
endfacet
facet normal -0.0172724 -0.351589 0.935995
outer loop
vertex 0.514590 5.224720 4.757309
vertex 0.000000 4.100000 4.325333
vertex 0.401870 4.080257 4.325333
endloop
endfacet
facet normal 0.0172723 -0.351589 0.935995
outer loop
vertex 0.000000 5.250000 4.757309
vertex -0.514590 5.224720 4.757309
vertex -0.401870 4.080257 4.325333
endloop
endfacet
facet normal 0.0172724 -0.351589 0.935995
outer loop
vertex 0.000000 5.250000 4.757309
vertex -0.401870 4.080257 4.325333
vertex 0.000000 4.100000 4.325333
endloop
endfacet
facet normal 0.0516512 -0.348203 0.935995
outer loop
vertex -0.514590 5.224720 4.757309
vertex -1.024224 5.149123 4.757309
vertex -0.799870 4.021220 4.325333
endloop
endfacet
facet normal 0.0516511 -0.348203 0.935995
outer loop
vertex -0.514590 5.224720 4.757309
vertex -0.799870 4.021220 4.325333
vertex -0.401870 4.080257 4.325333
endloop
endfacet
facet normal 0.0855323 -0.341464 0.935995
outer loop
vertex -1.024224 5.149123 4.757309
vertex -1.523995 5.023937 4.757309
vertex -1.190167 3.923455 4.325333
endloop
endfacet
facet normal 0.0855323 -0.341464 0.935995
outer loop
vertex -1.024224 5.149123 4.757309
vertex -1.190167 3.923455 4.325333
vertex -0.799870 4.021220 4.325333
endloop
endfacet
facet normal 0.11859 -0.331436 0.935995
outer loop
vertex -1.523995 5.023937 4.757309
vertex -2.009088 4.850368 4.757309
vertex -1.569002 3.787906 4.325333
endloop
endfacet
facet normal 0.11859 -0.331436 0.935995
outer loop
vertex -1.523995 5.023937 4.757309
vertex -1.569002 3.787906 4.325333
vertex -1.190167 3.923455 4.325333
endloop
endfacet
facet normal 0.150505 -0.318216 0.935995
outer loop
vertex -2.009088 4.850368 4.757309
vertex -2.474833 4.630086 4.757309
vertex -1.932727 3.615877 4.325333
endloop
endfacet
facet normal 0.150505 -0.318216 0.935995
outer loop
vertex -2.009088 4.850368 4.757309
vertex -1.932727 3.615877 4.325333
vertex -1.569002 3.787906 4.325333
endloop
endfacet
facet normal 0.180971 -0.301932 0.935995
outer loop
vertex -2.474833 4.630086 4.757309
vertex -2.916744 4.365215 4.757309
vertex -2.277838 3.409025 4.325333
endloop
endfacet
facet normal 0.180971 -0.301932 0.935995
outer loop
vertex -2.474833 4.630086 4.757309
vertex -2.277838 3.409025 4.325333
vertex -1.932727 3.615877 4.325333
endloop
endfacet
facet normal 0.209694 -0.28274 0.935995
outer loop
vertex -2.916744 4.365215 4.757309
vertex -3.330565 4.058305 4.757309
vertex -2.601012 3.169343 4.325333
endloop
endfacet
facet normal 0.209694 -0.28274 0.935995
outer loop
vertex -2.916744 4.365215 4.757309
vertex -2.601012 3.169343 4.325333
vertex -2.277838 3.409025 4.325333
endloop
endfacet
facet normal 0.236398 -0.260825 0.935995
outer loop
vertex -3.330565 4.058305 4.757309
vertex -3.712311 3.712311 4.757309
vertex -2.899138 2.899138 4.325333
endloop
endfacet
facet normal 0.236398 -0.260825 0.935995
outer loop
vertex -3.330565 4.058305 4.757309
vertex -2.899138 2.899138 4.325333
vertex -2.601012 3.169343 4.325333
endloop
endfacet
facet normal 0.260825 -0.236398 0.935995
outer loop
vertex -3.712311 3.712311 4.757309
vertex -4.058305 3.330565 4.757309
vertex -3.169343 2.601012 4.325333
endloop
endfacet
facet normal 0.260825 -0.236398 0.935995
outer loop
vertex -3.712311 3.712311 4.757309
vertex -3.169343 2.601012 4.325333
vertex -2.899138 2.899138 4.325333
endloop
endfacet
facet normal 0.28274 -0.209694 0.935995
outer loop
vertex -4.058305 3.330565 4.757309
vertex -4.365215 2.916744 4.757309
vertex -3.409025 2.277838 4.325333
endloop
endfacet
facet normal 0.28274 -0.209694 0.935995
outer loop
vertex -4.058305 3.330565 4.757309
vertex -3.409025 2.277838 4.325333
vertex -3.169343 2.601012 4.325333
endloop
endfacet
facet normal 0.301932 -0.180971 0.935995
outer loop
vertex -4.365215 2.916744 4.757309
vertex -4.630086 2.474833 4.757309
vertex -3.615877 1.932727 4.325333
endloop
endfacet
facet normal 0.301932 -0.180971 0.935995
outer loop
vertex -4.365215 2.916744 4.757309
vertex -3.615877 1.932727 4.325333
vertex -3.409025 2.277838 4.325333
endloop
endfacet
facet normal 0.318216 -0.150505 0.935995
outer loop
vertex -4.630086 2.474833 4.757309
vertex -4.850368 2.009088 4.757309
vertex -3.787906 1.569002 4.325333
endloop
endfacet
facet normal 0.318216 -0.150505 0.935995
outer loop
vertex -4.630086 2.474833 4.757309
vertex -3.787906 1.569002 4.325333
vertex -3.615877 1.932727 4.325333
endloop
endfacet
facet normal 0.331436 -0.11859 0.935995
outer loop
vertex -4.850368 2.009088 4.757309
vertex -5.023937 1.523995 4.757309
vertex -3.923455 1.190167 4.325333
endloop
endfacet
facet normal 0.331436 -0.11859 0.935995
outer loop
vertex -4.850368 2.009088 4.757309
vertex -3.923455 1.190167 4.325333
vertex -3.787906 1.569002 4.325333
endloop
endfacet
facet normal 0.341464 -0.0855323 0.935995
outer loop
vertex -5.023937 1.523995 4.757309
vertex -5.149123 1.024224 4.757309
vertex -4.021220 0.799870 4.325333
endloop
endfacet
facet normal 0.341464 -0.0855323 0.935995
outer loop
vertex -5.023937 1.523995 4.757309
vertex -4.021220 0.799870 4.325333
vertex -3.923455 1.190167 4.325333
endloop
endfacet
facet normal 0.348203 -0.0516512 0.935995
outer loop
vertex -5.149123 1.024224 4.757309
vertex -5.224720 0.514590 4.757309
vertex -4.080257 0.401870 4.325333
endloop
endfacet
facet normal 0.348203 -0.0516511 0.935995
outer loop
vertex -5.149123 1.024224 4.757309
vertex -4.080257 0.401870 4.325333
vertex -4.021220 0.799870 4.325333
endloop
endfacet
facet normal 0.351589 -0.0172723 0.935995
outer loop
vertex -5.224720 0.514590 4.757309
vertex -5.250000 0.000000 4.757309
vertex -4.100000 0.000000 4.325333
endloop
endfacet
facet normal 0.351589 -0.0172724 0.935995
outer loop
vertex -5.224720 0.514590 4.757309
vertex -4.100000 0.000000 4.325333
vertex -4.080257 0.401870 4.325333
endloop
endfacet
facet normal 0.351589 0.0172723 0.935995
outer loop
vertex -5.250000 0.000000 4.757309
vertex -5.224720 -0.514590 4.757309
vertex -4.080257 -0.401870 4.325333
endloop
endfacet
facet normal 0.351589 0.0172724 0.935995
outer loop
vertex -5.250000 0.000000 4.757309
vertex -4.080257 -0.401870 4.325333
vertex -4.100000 0.000000 4.325333
endloop
endfacet
facet normal 0.348203 0.0516512 0.935995
outer loop
vertex -5.224720 -0.514590 4.757309
vertex -5.149123 -1.024224 4.757309
vertex -4.021220 -0.799870 4.325333
endloop
endfacet
facet normal 0.348203 0.0516511 0.935995
outer loop
vertex -5.224720 -0.514590 4.757309
vertex -4.021220 -0.799870 4.325333
vertex -4.080257 -0.401870 4.325333
endloop
endfacet
facet normal 0.341464 0.0855323 0.935995
outer loop
vertex -5.149123 -1.024224 4.757309
vertex -5.023937 -1.523995 4.757309
vertex -3.923455 -1.190167 4.325333
endloop
endfacet
facet normal 0.341464 0.0855323 0.935995
outer loop
vertex -5.149123 -1.024224 4.757309
vertex -3.923455 -1.190167 4.325333
vertex -4.021220 -0.799870 4.325333
endloop
endfacet
facet normal 0.331436 0.11859 0.935995
outer loop
vertex -5.023937 -1.523995 4.757309
vertex -4.850368 -2.009088 4.757309
vertex -3.787906 -1.569002 4.325333
endloop
endfacet
facet normal 0.331436 0.11859 0.935995
outer loop
vertex -5.023937 -1.523995 4.757309
vertex -3.787906 -1.569002 4.325333
vertex -3.923455 -1.190167 4.325333
endloop
endfacet
facet normal 0.318216 0.150505 0.935995
outer loop
vertex -4.850368 -2.009088 4.757309
vertex -4.630086 -2.474833 4.757309
vertex -3.615877 -1.932727 4.325333
endloop
endfacet
facet normal 0.318216 0.150505 0.935995
outer loop
vertex -4.850368 -2.009088 4.757309
vertex -3.615877 -1.932727 4.325333
vertex -3.787906 -1.569002 4.325333
endloop
endfacet
facet normal 0.301932 0.180971 0.935995
outer loop
vertex -4.630086 -2.474833 4.757309
vertex -4.365215 -2.916744 4.757309
vertex -3.409025 -2.277838 4.325333
endloop
endfacet
facet normal 0.301932 0.180971 0.935995
outer loop
vertex -4.630086 -2.474833 4.757309
vertex -3.409025 -2.277838 4.325333
vertex -3.615877 -1.932727 4.325333
endloop
endfacet
facet normal 0.28274 0.209694 0.935995
outer loop
vertex -4.365215 -2.916744 4.757309
vertex -4.058305 -3.330565 4.757309
vertex -3.169343 -2.601012 4.325333
endloop
endfacet
facet normal 0.28274 0.209694 0.935995
outer loop
vertex -4.365215 -2.916744 4.757309
vertex -3.169343 -2.601012 4.325333
vertex -3.409025 -2.277838 4.325333
endloop
endfacet
facet normal 0.260825 0.236398 0.935995
outer loop
vertex -4.058305 -3.330565 4.757309
vertex -3.712311 -3.712311 4.757309
vertex -2.899138 -2.899138 4.325333
endloop
endfacet
facet normal 0.260825 0.236398 0.935995
outer loop
vertex -4.058305 -3.330565 4.757309
vertex -2.899138 -2.899138 4.325333
vertex -3.169343 -2.601012 4.325333
endloop
endfacet
facet normal 0.236398 0.260825 0.935995
outer loop
vertex -3.712311 -3.712311 4.757309
vertex -3.330565 -4.058305 4.757309
vertex -2.601012 -3.169343 4.325333
endloop
endfacet
facet normal 0.236398 0.260825 0.935995
outer loop
vertex -3.712311 -3.712311 4.757309
vertex -2.601012 -3.169343 4.325333
vertex -2.899138 -2.899138 4.325333
endloop
endfacet
facet normal 0.209694 0.28274 0.935995
outer loop
vertex -3.330565 -4.058305 4.757309
vertex -2.916744 -4.365215 4.757309
vertex -2.277838 -3.409025 4.325333
endloop
endfacet
facet normal 0.209694 0.28274 0.935995
outer loop
vertex -3.330565 -4.058305 4.757309
vertex -2.277838 -3.409025 4.325333
vertex -2.601012 -3.169343 4.325333
endloop
endfacet
facet normal 0.180971 0.301932 0.935995
outer loop
vertex -2.916744 -4.365215 4.757309
vertex -2.474833 -4.630086 4.757309
vertex -1.932727 -3.615877 4.325333
endloop
endfacet
facet normal 0.180971 0.301932 0.935995
outer loop
vertex -2.916744 -4.365215 4.757309
vertex -1.932727 -3.615877 4.325333
vertex -2.277838 -3.409025 4.325333
endloop
endfacet
facet normal 0.150505 0.318216 0.935995
outer loop
vertex -2.474833 -4.630086 4.757309
vertex -2.009088 -4.850368 4.757309
vertex -1.569002 -3.787906 4.325333
endloop
endfacet
facet normal 0.150505 0.318216 0.935995
outer loop
vertex -2.474833 -4.630086 4.757309
vertex -1.569002 -3.787906 4.325333
vertex -1.932727 -3.615877 4.325333
endloop
endfacet
facet normal 0.11859 0.331436 0.935995
outer loop
vertex -2.009088 -4.850368 4.757309
vertex -1.523995 -5.023937 4.757309
vertex -1.190167 -3.923455 4.325333
endloop
endfacet
facet normal 0.11859 0.331436 0.935995
outer loop
vertex -2.009088 -4.850368 4.757309
vertex -1.190167 -3.923455 4.325333
vertex -1.569002 -3.787906 4.325333
endloop
endfacet
facet normal 0.0855323 0.341464 0.935995
outer loop
vertex -1.523995 -5.023937 4.757309
vertex -1.024224 -5.149123 4.757309
vertex -0.799870 -4.021220 4.325333
endloop
endfacet
facet normal 0.0855323 0.341464 0.935995
outer loop
vertex -1.523995 -5.023937 4.757309
vertex -0.799870 -4.021220 4.325333
vertex -1.190167 -3.923455 4.325333
endloop
endfacet
facet normal 0.0516512 0.348203 0.935995
outer loop
vertex -1.024224 -5.149123 4.757309
vertex -0.514590 -5.224720 4.757309
vertex -0.401870 -4.080257 4.325333
endloop
endfacet
facet normal 0.0516511 0.348203 0.935995
outer loop
vertex -1.024224 -5.149123 4.757309
vertex -0.401870 -4.080257 4.325333
vertex -0.799870 -4.021220 4.325333
endloop
endfacet
facet normal 0.0172723 0.351589 0.935995
outer loop
vertex -0.514590 -5.224720 4.757309
vertex -0.000000 -5.250000 4.757309
vertex -0.000000 -4.100000 4.325333
endloop
endfacet
facet normal 0.0172724 0.351589 0.935995
outer loop
vertex -0.514590 -5.224720 4.757309
vertex -0.000000 -4.100000 4.325333
vertex -0.401870 -4.080257 4.325333
endloop
endfacet
facet normal -0.0172723 0.351589 0.935995
outer loop
vertex -0.000000 -5.250000 4.757309
vertex 0.514590 -5.224720 4.757309
vertex 0.401870 -4.080257 4.325333
endloop
endfacet
facet normal -0.0172724 0.351589 0.935995
outer loop
vertex -0.000000 -5.250000 4.757309
vertex 0.401870 -4.080257 4.325333
vertex -0.000000 -4.100000 4.325333
endloop
endfacet
facet normal -0.0516512 0.348203 0.935995
outer loop
vertex 0.514590 -5.224720 4.757309
vertex 1.024224 -5.149123 4.757309
vertex 0.799870 -4.021220 4.325333
endloop
endfacet
facet normal -0.0516511 0.348203 0.935995
outer loop
vertex 0.514590 -5.224720 4.757309
vertex 0.799870 -4.021220 4.325333
vertex 0.401870 -4.080257 4.325333
endloop
endfacet
facet normal -0.0855323 0.341464 0.935995
outer loop
vertex 1.024224 -5.149123 4.757309
vertex 1.523995 -5.023937 4.757309
vertex 1.190167 -3.923455 4.325333
endloop
endfacet
facet normal -0.0855323 0.341464 0.935995
outer loop
vertex 1.024224 -5.149123 4.757309
vertex 1.190167 -3.923455 4.325333
vertex 0.799870 -4.021220 4.325333
endloop
endfacet
facet normal -0.11859 0.331436 0.935995
outer loop
vertex 1.523995 -5.023937 4.757309
vertex 2.009088 -4.850368 4.757309
vertex 1.569002 -3.787906 4.325333
endloop
endfacet
facet normal -0.11859 0.331436 0.935995
outer loop
vertex 1.523995 -5.023937 4.757309
vertex 1.569002 -3.787906 4.325333
vertex 1.190167 -3.923455 4.325333
endloop
endfacet
facet normal -0.150505 0.318216 0.935995
outer loop
vertex 2.009088 -4.850368 4.757309
vertex 2.474833 -4.630086 4.757309
vertex 1.932727 -3.615877 4.325333
endloop
endfacet
facet normal -0.150505 0.318216 0.935995
outer loop
vertex 2.009088 -4.850368 4.757309
vertex 1.932727 -3.615877 4.325333
vertex 1.569002 -3.787906 4.325333
endloop
endfacet
facet normal -0.180971 0.301932 0.935995
outer loop
vertex 2.474833 -4.630086 4.757309
vertex 2.916744 -4.365215 4.757309
vertex 2.277838 -3.409025 4.325333
endloop
endfacet
facet normal -0.180971 0.301932 0.935995
outer loop
vertex 2.474833 -4.630086 4.757309
vertex 2.277838 -3.409025 4.325333
vertex 1.932727 -3.615877 4.325333
endloop
endfacet
facet normal -0.209694 0.28274 0.935995
outer loop
vertex 2.916744 -4.365215 4.757309
vertex 3.330565 -4.058305 4.757309
vertex 2.601012 -3.169343 4.325333
endloop
endfacet
facet normal -0.209694 0.28274 0.935995
outer loop
vertex 2.916744 -4.365215 4.757309
vertex 2.601012 -3.169343 4.325333
vertex 2.277838 -3.409025 4.325333
endloop
endfacet
facet normal -0.236398 0.260825 0.935995
outer loop
vertex 3.330565 -4.058305 4.757309
vertex 3.712311 -3.712311 4.757309
vertex 2.899138 -2.899138 4.325333
endloop
endfacet
facet normal -0.236398 0.260825 0.935995
outer loop
vertex 3.330565 -4.058305 4.757309
vertex 2.899138 -2.899138 4.325333
vertex 2.601012 -3.169343 4.325333
endloop
endfacet
facet normal -0.260825 0.236398 0.935995
outer loop
vertex 3.712311 -3.712311 4.757309
vertex 4.058305 -3.330565 4.757309
vertex 3.169343 -2.601012 4.325333
endloop
endfacet
facet normal -0.260825 0.236398 0.935995
outer loop
vertex 3.712311 -3.712311 4.757309
vertex 3.169343 -2.601012 4.325333
vertex 2.899138 -2.899138 4.325333
endloop
endfacet
facet normal -0.28274 0.209694 0.935995
outer loop
vertex 4.058305 -3.330565 4.757309
vertex 4.365215 -2.916744 4.757309
vertex 3.409025 -2.277838 4.325333
endloop
endfacet
facet normal -0.28274 0.209694 0.935995
outer loop
vertex 4.058305 -3.330565 4.757309
vertex 3.409025 -2.277838 4.325333
vertex 3.169343 -2.601012 4.325333
endloop
endfacet
facet normal -0.301932 0.180971 0.935995
outer loop
vertex 4.365215 -2.916744 4.757309
vertex 4.630086 -2.474833 4.757309
vertex 3.615877 -1.932727 4.325333
endloop
endfacet
facet normal -0.301932 0.180971 0.935995
outer loop
vertex 4.365215 -2.916744 4.757309
vertex 3.615877 -1.932727 4.325333
vertex 3.409025 -2.277838 4.325333
endloop
endfacet
facet normal -0.318216 0.150505 0.935995
outer loop
vertex 4.630086 -2.474833 4.757309
vertex 4.850368 -2.009088 4.757309
vertex 3.787906 -1.569002 4.325333
endloop
endfacet
facet normal -0.318216 0.150505 0.935995
outer loop
vertex 4.630086 -2.474833 4.757309
vertex 3.787906 -1.569002 4.325333
vertex 3.615877 -1.932727 4.325333
endloop
endfacet
facet normal -0.331436 0.11859 0.935995
outer loop
vertex 4.850368 -2.009088 4.757309
vertex 5.023937 -1.523995 4.757309
vertex 3.923455 -1.190167 4.325333
endloop
endfacet
facet normal -0.331436 0.11859 0.935995
outer loop
vertex 4.850368 -2.009088 4.757309
vertex 3.923455 -1.190167 4.325333
vertex 3.787906 -1.569002 4.325333
endloop
endfacet
facet normal -0.341464 0.0855323 0.935995
outer loop
vertex 5.023937 -1.523995 4.757309
vertex 5.149123 -1.024224 4.757309
vertex 4.021220 -0.799870 4.325333
endloop
endfacet
facet normal -0.341464 0.0855323 0.935995
outer loop
vertex 5.023937 -1.523995 4.757309
vertex 4.021220 -0.799870 4.325333
vertex 3.923455 -1.190167 4.325333
endloop
endfacet
facet normal -0.348203 0.0516512 0.935995
outer loop
vertex 5.149123 -1.024224 4.757309
vertex 5.224720 -0.514590 4.757309
vertex 4.080257 -0.401870 4.325333
endloop
endfacet
facet normal -0.348203 0.0516511 0.935995
outer loop
vertex 5.149123 -1.024224 4.757309
vertex 4.080257 -0.401870 4.325333
vertex 4.021220 -0.799870 4.325333
endloop
endfacet
facet normal -0.351589 0.0172723 0.935995
outer loop
vertex 5.224720 -0.514590 4.757309
vertex 5.250000 0.000000 4.757309
vertex 4.100000 -0.000000 4.325333
endloop
endfacet
facet normal -0.351589 0.0172724 0.935995
outer loop
vertex 5.224720 -0.514590 4.757309
vertex 4.100000 -0.000000 4.325333
vertex 4.080257 -0.401870 4.325333
endloop
endfacet
facet normal -0.267107 -0.0131375 0.963577
outer loop
vertex 2.944843 0.023229 4.005435
vertex 2.946938 -0.000000 4.005700
vertex 4.100000 -0.000000 4.325333
endloop
endfacet
facet normal -0.267107 -0.013122 0.963578
outer loop
vertex 4.100000 -0.000000 4.325333
vertex 4.080257 0.401870 4.325333
vertex 2.856506 0.281341 3.984463
endloop
endfacet
facet normal -0.267105 -0.0131109 0.963578
outer loop
vertex 4.100000 -0.000000 4.325333
vertex 2.856506 0.281341 3.984463
vertex 2.864824 0.268405 3.986593
endloop
endfacet
facet normal -0.267107 -0.0131193 0.963578
outer loop
vertex 2.932851 0.090350 4.003025
vertex 2.944843 0.023229 4.005435
vertex 4.100000 -0.000000 4.325333
endloop
endfacet
facet normal -0.267107 -0.0131237 0.963577
outer loop
vertex 2.915240 0.153931 3.999009
vertex 2.932851 0.090350 4.003025
vertex 4.100000 -0.000000 4.325333
endloop
endfacet
facet normal -0.267107 -0.0131236 0.963577
outer loop
vertex 4.100000 -0.000000 4.325333
vertex 2.864824 0.268405 3.986593
vertex 2.892427 0.213455 3.993496
endloop
endfacet
facet normal -0.267107 -0.0131204 0.963578
outer loop
vertex 4.100000 -0.000000 4.325333
vertex 2.892427 0.213455 3.993496
vertex 2.915240 0.153931 3.999009
endloop
endfacet
facet normal -0.264535 -0.039241 0.963578
outer loop
vertex 2.832433 0.318780 3.979379
vertex 2.856506 0.281341 3.984463
vertex 4.080257 0.401870 4.325333
endloop
endfacet
facet normal -0.264535 -0.03924 0.963578
outer loop
vertex 4.080257 0.401870 4.325333
vertex 4.021220 0.799870 4.325333
vertex 2.746199 0.546253 3.964968
endloop
endfacet
facet normal -0.264531 -0.0392392 0.963579
outer loop
vertex 2.746199 0.546253 3.964968
vertex 2.769377 0.390000 3.964968
vertex 2.795252 0.364582 3.971036
endloop
endfacet
facet normal -0.264535 -0.0392381 0.963578
outer loop
vertex 2.795252 0.364582 3.971036
vertex 2.832433 0.318780 3.979379
vertex 4.080257 0.401870 4.325333
endloop
endfacet
facet normal -0.264535 -0.0392403 0.963577
outer loop
vertex 4.080257 0.401870 4.325333
vertex 2.746199 0.546253 3.964968
vertex 2.795252 0.364582 3.971036
endloop
endfacet
facet normal -0.259415 -0.06498 0.963578
outer loop
vertex 4.021220 0.799870 4.325333
vertex 3.923455 1.190167 4.325333
vertex 2.679433 0.812797 3.964968
endloop
endfacet
facet normal -0.259415 -0.0649801 0.963578
outer loop
vertex 4.021220 0.799870 4.325333
vertex 2.679433 0.812797 3.964968
vertex 2.746199 0.546253 3.964968
endloop
endfacet
facet normal -0.251796 -0.0900942 0.963578
outer loop
vertex 3.923455 1.190167 4.325333
vertex 3.787906 1.569002 4.325333
vertex 2.586863 1.071514 3.964968
endloop
endfacet
facet normal -0.251796 -0.090094 0.963578
outer loop
vertex 3.923455 1.190167 4.325333
vertex 2.586863 1.071514 3.964968
vertex 2.679433 0.812797 3.964968
endloop
endfacet
facet normal -0.241753 -0.114341 0.963578
outer loop
vertex 3.787906 1.569002 4.325333
vertex 3.615877 1.932727 4.325333
vertex 2.469379 1.319911 3.964968
endloop
endfacet
facet normal -0.241753 -0.114341 0.963577
outer loop
vertex 3.787906 1.569002 4.325333
vertex 2.469379 1.319911 3.964968
vertex 2.586863 1.071514 3.964968
endloop
endfacet
facet normal -0.229382 -0.137486 0.963578
outer loop
vertex 3.615877 1.932727 4.325333
vertex 3.409025 2.277838 4.325333
vertex 2.328115 1.555597 3.964968
endloop
endfacet
facet normal -0.229382 -0.137486 0.963578
outer loop
vertex 3.615877 1.932727 4.325333
vertex 2.328115 1.555597 3.964968
vertex 2.469379 1.319911 3.964968
endloop
endfacet
facet normal -0.214801 -0.159308 0.963578
outer loop
vertex 3.409025 2.277838 4.325333
vertex 3.169343 2.601012 4.325333
vertex 2.164429 1.776301 3.964968
endloop
endfacet
facet normal -0.214801 -0.159308 0.963578
outer loop
vertex 3.409025 2.277838 4.325333
vertex 2.164429 1.776301 3.964968
vertex 2.328115 1.555597 3.964968
endloop
endfacet
facet normal -0.198152 -0.179595 0.963578
outer loop
vertex 3.169343 2.601012 4.325333
vertex 2.899138 2.899138 4.325333
vertex 1.979899 1.979899 3.964968
endloop
endfacet
facet normal -0.198152 -0.179595 0.963578
outer loop
vertex 3.169343 2.601012 4.325333
vertex 1.979899 1.979899 3.964968
vertex 2.164429 1.776301 3.964968
endloop
endfacet
facet normal -0.179595 -0.198152 0.963578
outer loop
vertex 2.899138 2.899138 4.325333
vertex 2.601012 3.169343 4.325333
vertex 1.776301 2.164429 3.964968
endloop
endfacet
facet normal -0.179595 -0.198152 0.963578
outer loop
vertex 2.899138 2.899138 4.325333
vertex 1.776301 2.164429 3.964968
vertex 1.979899 1.979899 3.964968
endloop
endfacet
facet normal -0.159308 -0.214801 0.963578
outer loop
vertex 2.601012 3.169343 4.325333
vertex 2.277838 3.409025 4.325333
vertex 1.555597 2.328115 3.964968
endloop
endfacet
facet normal -0.159308 -0.214801 0.963578
outer loop
vertex 2.601012 3.169343 4.325333
vertex 1.555597 2.328115 3.964968
vertex 1.776301 2.164429 3.964968
endloop
endfacet
facet normal -0.137486 -0.229382 0.963578
outer loop
vertex 2.277838 3.409025 4.325333
vertex 1.932727 3.615877 4.325333
vertex 1.319911 2.469379 3.964968
endloop
endfacet
facet normal -0.137486 -0.229382 0.963577
outer loop
vertex 2.277838 3.409025 4.325333
vertex 1.319911 2.469379 3.964968
vertex 1.555597 2.328115 3.964968
endloop
endfacet
facet normal -0.114341 -0.241753 0.963578
outer loop
vertex 1.932727 3.615877 4.325333
vertex 1.569002 3.787906 4.325333
vertex 1.071514 2.586863 3.964968
endloop
endfacet
facet normal -0.114341 -0.241753 0.963577
outer loop
vertex 1.932727 3.615877 4.325333
vertex 1.071514 2.586863 3.964968
vertex 1.319911 2.469379 3.964968
endloop
endfacet
facet normal -0.0900942 -0.251796 0.963578
outer loop
vertex 1.569002 3.787906 4.325333
vertex 1.190167 3.923455 4.325333
vertex 0.812797 2.679433 3.964968
endloop
endfacet
facet normal -0.0900941 -0.251796 0.963578
outer loop
vertex 1.569002 3.787906 4.325333
vertex 0.812797 2.679433 3.964968
vertex 1.071514 2.586863 3.964968
endloop
endfacet
facet normal -0.06498 -0.259415 0.963578
outer loop
vertex 1.190167 3.923455 4.325333
vertex 0.799870 4.021220 4.325333
vertex 0.546253 2.746199 3.964968
endloop
endfacet
facet normal -0.0649801 -0.259415 0.963577
outer loop
vertex 1.190167 3.923455 4.325333
vertex 0.546253 2.746199 3.964968
vertex 0.812797 2.679433 3.964968
endloop
endfacet
facet normal -0.03924 -0.264535 0.963578
outer loop
vertex 0.799870 4.021220 4.325333
vertex 0.401870 4.080257 4.325333
vertex 0.274448 2.786517 3.964968
endloop
endfacet
facet normal -0.0392399 -0.264535 0.963578
outer loop
vertex 0.799870 4.021220 4.325333
vertex 0.274448 2.786517 3.964968
vertex 0.546253 2.746199 3.964968
endloop
endfacet
facet normal -0.013122 -0.267107 0.963578
outer loop
vertex 0.401870 4.080257 4.325333
vertex 0.000000 4.100000 4.325333
vertex 0.000000 2.800000 3.964968
endloop
endfacet
facet normal -0.0131222 -0.267107 0.963578
outer loop
vertex 0.401870 4.080257 4.325333
vertex 0.000000 2.800000 3.964968
vertex 0.274448 2.786517 3.964968
endloop
endfacet
facet normal 0.013122 -0.267107 0.963578
outer loop
vertex 0.000000 4.100000 4.325333
vertex -0.401870 4.080257 4.325333
vertex -0.274448 2.786517 3.964968
endloop
endfacet
facet normal 0.0131222 -0.267107 0.963578
outer loop
vertex 0.000000 4.100000 4.325333
vertex -0.274448 2.786517 3.964968
vertex 0.000000 2.800000 3.964968
endloop
endfacet
facet normal 0.03924 -0.264535 0.963578
outer loop
vertex -0.401870 4.080257 4.325333
vertex -0.799870 4.021220 4.325333
vertex -0.546253 2.746199 3.964968
endloop
endfacet
facet normal 0.0392399 -0.264535 0.963578
outer loop
vertex -0.401870 4.080257 4.325333
vertex -0.546253 2.746199 3.964968
vertex -0.274448 2.786517 3.964968
endloop
endfacet
facet normal 0.06498 -0.259415 0.963578
outer loop
vertex -0.799870 4.021220 4.325333
vertex -1.190167 3.923455 4.325333
vertex -0.812797 2.679433 3.964968
endloop
endfacet
facet normal 0.0649801 -0.259415 0.963578
outer loop
vertex -0.799870 4.021220 4.325333
vertex -0.812797 2.679433 3.964968
vertex -0.546253 2.746199 3.964968
endloop
endfacet
facet normal 0.0900942 -0.251796 0.963578
outer loop
vertex -1.190167 3.923455 4.325333
vertex -1.569002 3.787906 4.325333
vertex -1.071514 2.586863 3.964968
endloop
endfacet
facet normal 0.090094 -0.251796 0.963578
outer loop
vertex -1.190167 3.923455 4.325333
vertex -1.071514 2.586863 3.964968
vertex -0.812797 2.679433 3.964968
endloop
endfacet
facet normal 0.114341 -0.241753 0.963578
outer loop
vertex -1.569002 3.787906 4.325333
vertex -1.932727 3.615877 4.325333
vertex -1.319911 2.469379 3.964968
endloop
endfacet
facet normal 0.114341 -0.241753 0.963577
outer loop
vertex -1.569002 3.787906 4.325333
vertex -1.319911 2.469379 3.964968
vertex -1.071514 2.586863 3.964968
endloop
endfacet
facet normal 0.137486 -0.229382 0.963578
outer loop
vertex -1.932727 3.615877 4.325333
vertex -2.277838 3.409025 4.325333
vertex -1.555597 2.328115 3.964968
endloop
endfacet
facet normal 0.137486 -0.229382 0.963578
outer loop
vertex -1.932727 3.615877 4.325333
vertex -1.555597 2.328115 3.964968
vertex -1.319911 2.469379 3.964968
endloop
endfacet
facet normal 0.159308 -0.214801 0.963578
outer loop
vertex -2.277838 3.409025 4.325333
vertex -2.601012 3.169343 4.325333
vertex -1.776301 2.164429 3.964968
endloop
endfacet
facet normal 0.159308 -0.214801 0.963578
outer loop
vertex -2.277838 3.409025 4.325333
vertex -1.776301 2.164429 3.964968
vertex -1.555597 2.328115 3.964968
endloop
endfacet
facet normal 0.179595 -0.198152 0.963578
outer loop
vertex -2.601012 3.169343 4.325333
vertex -2.899138 2.899138 4.325333
vertex -1.979899 1.979899 3.964968
endloop
endfacet
facet normal 0.179595 -0.198152 0.963578
outer loop
vertex -2.601012 3.169343 4.325333
vertex -1.979899 1.979899 3.964968
vertex -1.776301 2.164429 3.964968
endloop
endfacet
facet normal 0.198152 -0.179595 0.963578
outer loop
vertex -2.899138 2.899138 4.325333
vertex -3.169343 2.601012 4.325333
vertex -2.164429 1.776301 3.964968
endloop
endfacet
facet normal 0.198152 -0.179595 0.963578
outer loop
vertex -2.899138 2.899138 4.325333
vertex -2.164429 1.776301 3.964968
vertex -1.979899 1.979899 3.964968
endloop
endfacet
facet normal 0.214801 -0.159308 0.963578
outer loop
vertex -3.169343 2.601012 4.325333
vertex -3.409025 2.277838 4.325333
vertex -2.328115 1.555597 3.964968
endloop
endfacet
facet normal 0.214801 -0.159308 0.963578
outer loop
vertex -3.169343 2.601012 4.325333
vertex -2.328115 1.555597 3.964968
vertex -2.164429 1.776301 3.964968
endloop
endfacet
facet normal 0.229382 -0.137486 0.963578
outer loop
vertex -3.409025 2.277838 4.325333
vertex -3.615877 1.932727 4.325333
vertex -2.469379 1.319911 3.964968
endloop
endfacet
facet normal 0.229382 -0.137486 0.963577
outer loop
vertex -3.409025 2.277838 4.325333
vertex -2.469379 1.319911 3.964968
vertex -2.328115 1.555597 3.964968
endloop
endfacet
facet normal 0.241753 -0.114341 0.963578
outer loop
vertex -3.615877 1.932727 4.325333
vertex -3.787906 1.569002 4.325333
vertex -2.586863 1.071514 3.964968
endloop
endfacet
facet normal 0.241753 -0.114341 0.963577
outer loop
vertex -3.615877 1.932727 4.325333
vertex -2.586863 1.071514 3.964968
vertex -2.469379 1.319911 3.964968
endloop
endfacet
facet normal 0.251796 -0.0900942 0.963578
outer loop
vertex -3.787906 1.569002 4.325333
vertex -3.923455 1.190167 4.325333
vertex -2.679433 0.812797 3.964968
endloop
endfacet
facet normal 0.251796 -0.0900941 0.963578
outer loop
vertex -3.787906 1.569002 4.325333
vertex -2.679433 0.812797 3.964968
vertex -2.586863 1.071514 3.964968
endloop
endfacet
facet normal 0.259415 -0.06498 0.963578
outer loop
vertex -3.923455 1.190167 4.325333
vertex -4.021220 0.799870 4.325333
vertex -2.746199 0.546253 3.964968
endloop
endfacet
facet normal 0.259415 -0.0649801 0.963577
outer loop
vertex -3.923455 1.190167 4.325333
vertex -2.746199 0.546253 3.964968
vertex -2.679433 0.812797 3.964968
endloop
endfacet
facet normal 0.264535 -0.03924 0.963578
outer loop
vertex -4.021220 0.799870 4.325333
vertex -4.080257 0.401870 4.325333
vertex -2.786517 0.274448 3.964968
endloop
endfacet
facet normal 0.264535 -0.0392399 0.963578
outer loop
vertex -4.021220 0.799870 4.325333
vertex -2.786517 0.274448 3.964968
vertex -2.746199 0.546253 3.964968
endloop
endfacet
facet normal 0.267107 -0.013122 0.963578
outer loop
vertex -4.080257 0.401870 4.325333
vertex -4.100000 0.000000 4.325333
vertex -2.800000 0.000000 3.964968
endloop
endfacet
facet normal 0.267107 -0.0131222 0.963578
outer loop
vertex -4.080257 0.401870 4.325333
vertex -2.800000 0.000000 3.964968
vertex -2.786517 0.274448 3.964968
endloop
endfacet
facet normal 0.267107 0.013122 0.963578
outer loop
vertex -4.100000 0.000000 4.325333
vertex -4.080257 -0.401870 4.325333
vertex -2.786517 -0.274448 3.964968
endloop
endfacet
facet normal 0.267107 0.0131222 0.963578
outer loop
vertex -4.100000 0.000000 4.325333
vertex -2.786517 -0.274448 3.964968
vertex -2.800000 0.000000 3.964968
endloop
endfacet
facet normal 0.264535 0.03924 0.963578
outer loop
vertex -4.080257 -0.401870 4.325333
vertex -4.021220 -0.799870 4.325333
vertex -2.746199 -0.546253 3.964968
endloop
endfacet
facet normal 0.264535 0.0392399 0.963578
outer loop
vertex -4.080257 -0.401870 4.325333
vertex -2.746199 -0.546253 3.964968
vertex -2.786517 -0.274448 3.964968
endloop
endfacet
facet normal 0.259415 0.06498 0.963578
outer loop
vertex -4.021220 -0.799870 4.325333
vertex -3.923455 -1.190167 4.325333
vertex -2.679433 -0.812797 3.964968
endloop
endfacet
facet normal 0.259415 0.0649801 0.963578
outer loop
vertex -4.021220 -0.799870 4.325333
vertex -2.679433 -0.812797 3.964968
vertex -2.746199 -0.546253 3.964968
endloop
endfacet
facet normal 0.251796 0.0900942 0.963578
outer loop
vertex -3.923455 -1.190167 4.325333
vertex -3.787906 -1.569002 4.325333
vertex -2.586863 -1.071514 3.964968
endloop
endfacet
facet normal 0.251796 0.090094 0.963578
outer loop
vertex -3.923455 -1.190167 4.325333
vertex -2.586863 -1.071514 3.964968
vertex -2.679433 -0.812797 3.964968
endloop
endfacet
facet normal 0.241751 0.114346 0.963577
outer loop
vertex -2.713426 -1.433349 4.039658
vertex -2.690558 -1.438134 4.034489
vertex -2.469379 -1.319911 3.964968
endloop
endfacet
facet normal 0.241753 0.114341 0.963577
outer loop
vertex -2.469379 -1.319911 3.964968
vertex -2.586863 -1.071514 3.964968
vertex -3.787906 -1.569002 4.325333
endloop
endfacet
facet normal 0.241753 0.114341 0.963577
outer loop
vertex -3.787906 -1.569002 4.325333
vertex -3.615877 -1.932727 4.325333
vertex -2.778928 -1.485368 4.062264
endloop
endfacet
facet normal 0.241748 0.114353 0.963577
outer loop
vertex -2.753806 -1.426190 4.048939
vertex -2.713426 -1.433349 4.039658
vertex -2.469379 -1.319911 3.964968
endloop
endfacet
facet normal 0.241753 0.114341 0.963577
outer loop
vertex -3.787906 -1.569002 4.325333
vertex -2.778928 -1.485368 4.062264
vertex -2.753806 -1.426190 4.048939
endloop
endfacet
facet normal 0.241754 0.114337 0.963578
outer loop
vertex -2.469379 -1.319911 3.964968
vertex -3.787906 -1.569002 4.325333
vertex -2.753806 -1.426190 4.048939
endloop
endfacet
facet normal 0.229402 0.137473 0.963575
outer loop
vertex -2.328115 -1.555597 3.964968
vertex -2.328583 -1.554816 3.964968
vertex -2.334945 -1.560160 3.967245
endloop
endfacet
facet normal 0.229382 0.137486 0.963577
outer loop
vertex -2.778928 -1.485368 4.062264
vertex -3.615877 -1.932727 4.325333
vertex -3.409025 -2.277838 4.325333
endloop
endfacet
facet normal 0.229436 0.137408 0.963576
outer loop
vertex -3.409025 -2.277838 4.325333
vertex -2.415628 -1.614071 3.994144
vertex -2.429612 -1.621687 3.998559
endloop
endfacet
facet normal 0.229372 0.1375 0.963578
outer loop
vertex -3.409025 -2.277838 4.325333
vertex -2.429612 -1.621687 3.998559
vertex -2.460893 -1.635966 4.008043
endloop
endfacet
facet normal 0.229382 0.137486 0.963578
outer loop
vertex -2.848026 -1.648137 4.101938
vertex -2.778928 -1.485368 4.062264
vertex -3.409025 -2.277838 4.325333
endloop
endfacet
facet normal 0.229366 0.1375 0.963579
outer loop
vertex -2.840202 -1.651438 4.100546
vertex -2.848026 -1.648137 4.101938
vertex -3.409025 -2.277838 4.325333
endloop
endfacet
facet normal 0.229385 0.137483 0.963577
outer loop
vertex -3.409025 -2.277838 4.325333
vertex -2.460893 -1.635966 4.008043
vertex -2.493047 -1.647998 4.017415
endloop
endfacet
facet normal 0.229383 0.137486 0.963577
outer loop
vertex -3.409025 -2.277838 4.325333
vertex -2.493047 -1.647998 4.017415
vertex -2.526125 -1.657842 4.026693
endloop
endfacet
facet normal 0.229403 0.137466 0.963575
outer loop
vertex -2.830932 -1.654660 4.098799
vertex -2.840202 -1.651438 4.100546
vertex -3.409025 -2.277838 4.325333
endloop
endfacet
facet normal 0.229365 0.137503 0.963579
outer loop
vertex -2.820218 -1.657802 4.096697
vertex -2.830932 -1.654660 4.098799
vertex -3.409025 -2.277838 4.325333
endloop
endfacet
facet normal 0.229383 0.137486 0.963577
outer loop
vertex -3.409025 -2.277838 4.325333
vertex -2.526125 -1.657842 4.026693
vertex -2.560125 -1.665499 4.035880
endloop
endfacet
facet normal 0.229377 0.137492 0.963578
outer loop
vertex -3.409025 -2.277838 4.325333
vertex -2.560125 -1.665499 4.035880
vertex -2.595048 -1.670968 4.044973
endloop
endfacet
facet normal 0.229396 0.137472 0.963576
outer loop
vertex -2.808060 -1.660865 4.094240
vertex -2.820218 -1.657802 4.096697
vertex -3.409025 -2.277838 4.325333
endloop
endfacet
facet normal 0.229368 0.1375 0.963579
outer loop
vertex -2.794456 -1.663848 4.091427
vertex -2.808060 -1.660865 4.094240
vertex -3.409025 -2.277838 4.325333
endloop
endfacet
facet normal 0.22938 0.137488 0.963578
outer loop
vertex -3.409025 -2.277838 4.325333
vertex -2.595048 -1.670968 4.044973
vertex -2.630893 -1.674250 4.053975
endloop
endfacet
facet normal 0.229392 0.137473 0.963577
outer loop
vertex -3.409025 -2.277838 4.325333
vertex -2.630893 -1.674250 4.053975
vertex -2.667662 -1.675343 4.062884
endloop
endfacet
facet normal 0.229391 0.137476 0.963577
outer loop
vertex -2.779408 -1.666752 4.088259
vertex -2.794456 -1.663848 4.091427
vertex -3.409025 -2.277838 4.325333
endloop
endfacet
facet normal 0.229386 0.137482 0.963577
outer loop
vertex -2.763163 -1.669377 4.084766
vertex -2.779408 -1.666752 4.088259
vertex -3.409025 -2.277838 4.325333
endloop
endfacet
facet normal 0.229361 0.137511 0.963579
outer loop
vertex -3.409025 -2.277838 4.325333
vertex -2.667662 -1.675343 4.062884
vertex -2.688665 -1.675105 4.067849
endloop
endfacet
facet normal 0.229399 0.137466 0.963576
outer loop
vertex -3.409025 -2.277838 4.325333
vertex -2.688665 -1.675105 4.067849
vertex -2.708716 -1.674389 4.072521
endloop
endfacet
facet normal 0.229364 0.137506 0.963579
outer loop
vertex -2.745965 -1.671525 4.080979
vertex -2.763163 -1.669377 4.084766
vertex -3.409025 -2.277838 4.325333
endloop
endfacet
facet normal 0.229371 0.137498 0.963578
outer loop
vertex -3.409025 -2.277838 4.325333
vertex -2.708716 -1.674389 4.072521
vertex -2.727817 -1.673195 4.076897
endloop
endfacet
facet normal 0.229393 0.137474 0.963577
outer loop
vertex -3.409025 -2.277838 4.325333
vertex -2.727817 -1.673195 4.076897
vertex -2.745965 -1.671525 4.080979
endloop
endfacet
facet normal 0.229341 0.137574 0.963575
outer loop
vertex -2.557481 -1.435060 4.002370
vertex -2.536845 -1.428020 3.996454
vertex -2.516516 -1.418672 3.990280
endloop
endfacet
facet normal 0.229391 0.137472 0.963577
outer loop
vertex -2.516516 -1.418672 3.990280
vertex -2.496494 -1.407018 3.983851
vertex -2.476778 -1.393057 3.977166
endloop
endfacet
facet normal 0.229392 0.137474 0.963577
outer loop
vertex -2.476778 -1.393057 3.977166
vertex -2.457370 -1.376789 3.970225
vertex -2.443527 -1.363043 3.964968
endloop
endfacet
facet normal 0.229383 0.137486 0.963577
outer loop
vertex -2.443527 -1.363043 3.964968
vertex -2.469379 -1.319911 3.964968
vertex -2.690558 -1.438134 4.034489
endloop
endfacet
facet normal 0.228666 0.131086 0.964639
outer loop
vertex -2.690558 -1.438134 4.034489
vertex -2.689756 -1.438301 4.034321
vertex -2.666554 -1.441702 4.029284
endloop
endfacet
facet normal 0.229383 0.137599 0.963561
outer loop
vertex -2.666554 -1.441702 4.029284
vertex -2.643820 -1.443552 4.024136
vertex -2.621554 -1.443850 4.018878
endloop
endfacet
facet normal 0.229407 0.137326 0.963594
outer loop
vertex -2.621554 -1.443850 4.018878
vertex -2.599755 -1.442597 4.013509
vertex -2.578425 -1.439793 4.008031
endloop
endfacet
facet normal 0.229393 0.137449 0.96358
outer loop
vertex -2.578425 -1.439793 4.008031
vertex -2.557481 -1.435060 4.002370
vertex -2.516516 -1.418672 3.990280
endloop
endfacet
facet normal 0.229381 0.137488 0.963578
outer loop
vertex -2.516516 -1.418672 3.990280
vertex -2.476778 -1.393057 3.977166
vertex -2.443527 -1.363043 3.964968
endloop
endfacet
facet normal 0.229386 0.137476 0.963578
outer loop
vertex -2.443527 -1.363043 3.964968
vertex -2.690558 -1.438134 4.034489
vertex -2.666554 -1.441702 4.029284
endloop
endfacet
facet normal 0.229382 0.137523 0.963572
outer loop
vertex -2.666554 -1.441702 4.029284
vertex -2.621554 -1.443850 4.018878
vertex -2.578425 -1.439793 4.008031
endloop
endfacet
facet normal 0.229377 0.137492 0.963578
outer loop
vertex -2.578425 -1.439793 4.008031
vertex -2.516516 -1.418672 3.990280
vertex -2.443527 -1.363043 3.964968
endloop
endfacet
facet normal 0.229385 0.137479 0.963578
outer loop
vertex -2.443527 -1.363043 3.964968
vertex -2.666554 -1.441702 4.029284
vertex -2.578425 -1.439793 4.008031
endloop
endfacet
facet normal 0.214765 0.159362 0.963577
outer loop
vertex -2.399155 -1.605100 3.988989
vertex -2.415628 -1.614071 3.994144
vertex -3.409025 -2.277838 4.325333
endloop
endfacet
facet normal 0.214801 0.159308 0.963578
outer loop
vertex -3.409025 -2.277838 4.325333
vertex -3.169343 -2.601012 4.325333
vertex -2.164429 -1.776301 3.964968
endloop
endfacet
facet normal 0.214809 0.159313 0.963575
outer loop
vertex -2.164429 -1.776301 3.964968
vertex -2.328115 -1.555597 3.964968
vertex -2.334945 -1.560160 3.967245
endloop
endfacet
facet normal 0.214793 0.1593 0.963581
outer loop
vertex -2.164429 -1.776301 3.964968
vertex -2.334945 -1.560160 3.967245
vertex -2.340714 -1.565006 3.969332
endloop
endfacet
facet normal 0.214801 0.159308 0.963577
outer loop
vertex -2.399155 -1.605100 3.988989
vertex -3.409025 -2.277838 4.325333
vertex -2.164429 -1.776301 3.964968
endloop
endfacet
facet normal 0.214801 0.159308 0.963577
outer loop
vertex -2.164429 -1.776301 3.964968
vertex -2.340714 -1.565006 3.969332
vertex -2.369522 -1.586207 3.979259
endloop
endfacet
facet normal 0.214801 0.159308 0.963578
outer loop
vertex -2.164429 -1.776301 3.964968
vertex -2.369522 -1.586207 3.979259
vertex -2.399155 -1.605100 3.988989
endloop
endfacet
facet normal 0.198152 0.179595 0.963578
outer loop
vertex -3.169343 -2.601012 4.325333
vertex -2.899138 -2.899138 4.325333
vertex -1.979899 -1.979899 3.964968
endloop
endfacet
facet normal 0.198152 0.179595 0.963578
outer loop
vertex -3.169343 -2.601012 4.325333
vertex -1.979899 -1.979899 3.964968
vertex -2.164429 -1.776301 3.964968
endloop
endfacet
facet normal 0.179595 0.198152 0.963578
outer loop
vertex -2.899138 -2.899138 4.325333
vertex -2.601012 -3.169343 4.325333
vertex -1.776301 -2.164429 3.964968
endloop
endfacet
facet normal 0.179595 0.198152 0.963578
outer loop
vertex -2.899138 -2.899138 4.325333
vertex -1.776301 -2.164429 3.964968
vertex -1.979899 -1.979899 3.964968
endloop
endfacet
facet normal 0.159308 0.214801 0.963578
outer loop
vertex -2.601012 -3.169343 4.325333
vertex -2.277838 -3.409025 4.325333
vertex -1.555597 -2.328115 3.964968
endloop
endfacet
facet normal 0.159308 0.214801 0.963578
outer loop
vertex -2.601012 -3.169343 4.325333
vertex -1.555597 -2.328115 3.964968
vertex -1.776301 -2.164429 3.964968
endloop
endfacet
facet normal 0.137486 0.229382 0.963578
outer loop
vertex -2.277838 -3.409025 4.325333
vertex -1.932727 -3.615877 4.325333
vertex -1.319911 -2.469379 3.964968
endloop
endfacet
facet normal 0.137486 0.229382 0.963577
outer loop
vertex -2.277838 -3.409025 4.325333
vertex -1.319911 -2.469379 3.964968
vertex -1.555597 -2.328115 3.964968
endloop
endfacet
facet normal 0.114341 0.241753 0.963578
outer loop
vertex -1.932727 -3.615877 4.325333
vertex -1.569002 -3.787906 4.325333
vertex -1.071514 -2.586863 3.964968
endloop
endfacet
facet normal 0.114341 0.241753 0.963577
outer loop
vertex -1.932727 -3.615877 4.325333
vertex -1.071514 -2.586863 3.964968
vertex -1.319911 -2.469379 3.964968
endloop
endfacet
facet normal 0.0900942 0.251796 0.963578
outer loop
vertex -1.569002 -3.787906 4.325333
vertex -1.190167 -3.923455 4.325333
vertex -0.812797 -2.679433 3.964968
endloop
endfacet
facet normal 0.0900941 0.251796 0.963578
outer loop
vertex -1.569002 -3.787906 4.325333
vertex -0.812797 -2.679433 3.964968
vertex -1.071514 -2.586863 3.964968
endloop
endfacet
facet normal 0.06498 0.259415 0.963578
outer loop
vertex -1.190167 -3.923455 4.325333
vertex -0.799870 -4.021220 4.325333
vertex -0.546253 -2.746199 3.964968
endloop
endfacet
facet normal 0.0649801 0.259415 0.963577
outer loop
vertex -1.190167 -3.923455 4.325333
vertex -0.546253 -2.746199 3.964968
vertex -0.812797 -2.679433 3.964968
endloop
endfacet
facet normal 0.03924 0.264535 0.963578
outer loop
vertex -0.799870 -4.021220 4.325333
vertex -0.401870 -4.080257 4.325333
vertex -0.274448 -2.786517 3.964968
endloop
endfacet
facet normal 0.0392399 0.264535 0.963578
outer loop
vertex -0.799870 -4.021220 4.325333
vertex -0.274448 -2.786517 3.964968
vertex -0.546253 -2.746199 3.964968
endloop
endfacet
facet normal 0.013122 0.267107 0.963578
outer loop
vertex -0.401870 -4.080257 4.325333
vertex -0.000000 -4.100000 4.325333
vertex -0.000000 -2.800000 3.964968
endloop
endfacet
facet normal 0.0131222 0.267107 0.963578
outer loop
vertex -0.401870 -4.080257 4.325333
vertex -0.000000 -2.800000 3.964968
vertex -0.274448 -2.786517 3.964968
endloop
endfacet
facet normal -0.013122 0.267107 0.963578
outer loop
vertex -0.000000 -4.100000 4.325333
vertex 0.401870 -4.080257 4.325333
vertex 0.274448 -2.786517 3.964968
endloop
endfacet
facet normal -0.0131222 0.267107 0.963578
outer loop
vertex -0.000000 -4.100000 4.325333
vertex 0.274448 -2.786517 3.964968
vertex -0.000000 -2.800000 3.964968
endloop
endfacet
facet normal -0.03924 0.264535 0.963578
outer loop
vertex 0.401870 -4.080257 4.325333
vertex 0.799870 -4.021220 4.325333
vertex 0.546253 -2.746199 3.964968
endloop
endfacet
facet normal -0.0392399 0.264535 0.963578
outer loop
vertex 0.401870 -4.080257 4.325333
vertex 0.546253 -2.746199 3.964968
vertex 0.274448 -2.786517 3.964968
endloop
endfacet
facet normal -0.06498 0.259415 0.963578
outer loop
vertex 0.799870 -4.021220 4.325333
vertex 1.190167 -3.923455 4.325333
vertex 0.812797 -2.679433 3.964968
endloop
endfacet
facet normal -0.0649801 0.259415 0.963578
outer loop
vertex 0.799870 -4.021220 4.325333
vertex 0.812797 -2.679433 3.964968
vertex 0.546253 -2.746199 3.964968
endloop
endfacet
facet normal -0.0900942 0.251796 0.963578
outer loop
vertex 1.190167 -3.923455 4.325333
vertex 1.569002 -3.787906 4.325333
vertex 1.071514 -2.586863 3.964968
endloop
endfacet
facet normal -0.090094 0.251796 0.963578
outer loop
vertex 1.190167 -3.923455 4.325333
vertex 1.071514 -2.586863 3.964968
vertex 0.812797 -2.679433 3.964968
endloop
endfacet
facet normal -0.114341 0.241753 0.963578
outer loop
vertex 1.569002 -3.787906 4.325333
vertex 1.932727 -3.615877 4.325333
vertex 1.319911 -2.469379 3.964968
endloop
endfacet
facet normal -0.114341 0.241753 0.963577
outer loop
vertex 1.569002 -3.787906 4.325333
vertex 1.319911 -2.469379 3.964968
vertex 1.071514 -2.586863 3.964968
endloop
endfacet
facet normal -0.137486 0.229382 0.963578
outer loop
vertex 1.932727 -3.615877 4.325333
vertex 2.277838 -3.409025 4.325333
vertex 1.555597 -2.328115 3.964968
endloop
endfacet
facet normal -0.137486 0.229382 0.963578
outer loop
vertex 1.932727 -3.615877 4.325333
vertex 1.555597 -2.328115 3.964968
vertex 1.319911 -2.469379 3.964968
endloop
endfacet
facet normal -0.159308 0.214801 0.963578
outer loop
vertex 2.277838 -3.409025 4.325333
vertex 2.601012 -3.169343 4.325333
vertex 1.776301 -2.164429 3.964968
endloop
endfacet
facet normal -0.159308 0.214801 0.963578
outer loop
vertex 2.277838 -3.409025 4.325333
vertex 1.776301 -2.164429 3.964968
vertex 1.555597 -2.328115 3.964968
endloop
endfacet
facet normal -0.179595 0.198152 0.963578
outer loop
vertex 2.601012 -3.169343 4.325333
vertex 2.899138 -2.899138 4.325333
vertex 1.979899 -1.979899 3.964968
endloop
endfacet
facet normal -0.179595 0.198152 0.963578
outer loop
vertex 2.601012 -3.169343 4.325333
vertex 1.979899 -1.979899 3.964968
vertex 1.776301 -2.164429 3.964968
endloop
endfacet
facet normal -0.198152 0.179595 0.963578
outer loop
vertex 2.899138 -2.899138 4.325333
vertex 3.169343 -2.601012 4.325333
vertex 2.164429 -1.776301 3.964968
endloop
endfacet
facet normal -0.198152 0.179595 0.963578
outer loop
vertex 2.899138 -2.899138 4.325333
vertex 2.164429 -1.776301 3.964968
vertex 1.979899 -1.979899 3.964968
endloop
endfacet
facet normal -0.214801 0.159308 0.963578
outer loop
vertex 3.169343 -2.601012 4.325333
vertex 3.409025 -2.277838 4.325333
vertex 2.328115 -1.555597 3.964968
endloop
endfacet
facet normal -0.214801 0.159308 0.963578
outer loop
vertex 3.169343 -2.601012 4.325333
vertex 2.328115 -1.555597 3.964968
vertex 2.164429 -1.776301 3.964968
endloop
endfacet
facet normal -0.229382 0.137486 0.963578
outer loop
vertex 3.409025 -2.277838 4.325333
vertex 3.615877 -1.932727 4.325333
vertex 2.469379 -1.319911 3.964968
endloop
endfacet
facet normal -0.229382 0.137486 0.963577
outer loop
vertex 3.409025 -2.277838 4.325333
vertex 2.469379 -1.319911 3.964968
vertex 2.328115 -1.555597 3.964968
endloop
endfacet
facet normal -0.241753 0.114341 0.963578
outer loop
vertex 3.615877 -1.932727 4.325333
vertex 3.787906 -1.569002 4.325333
vertex 2.586863 -1.071514 3.964968
endloop
endfacet
facet normal -0.241753 0.114341 0.963577
outer loop
vertex 3.615877 -1.932727 4.325333
vertex 2.586863 -1.071514 3.964968
vertex 2.469379 -1.319911 3.964968
endloop
endfacet
facet normal -0.251794 0.0900932 0.963578
outer loop
vertex 2.689990 -0.824307 3.968803
vertex 2.666670 -0.848468 3.964968
vertex 2.586863 -1.071514 3.964968
endloop
endfacet
facet normal -0.251796 0.0900942 0.963578
outer loop
vertex 2.586863 -1.071514 3.964968
vertex 3.787906 -1.569002 4.325333
vertex 3.923455 -1.190167 4.325333
endloop
endfacet
facet normal -0.251795 0.0900979 0.963578
outer loop
vertex 3.923455 -1.190167 4.325333
vertex 2.695469 -0.817662 3.969613
vertex 2.689990 -0.824307 3.968803
endloop
endfacet
facet normal -0.251796 0.0900941 0.963578
outer loop
vertex 2.586863 -1.071514 3.964968
vertex 3.923455 -1.190167 4.325333
vertex 2.689990 -0.824307 3.968803
endloop
endfacet
facet normal -0.259415 0.0649785 0.963578
outer loop
vertex 2.735148 -0.769536 3.977050
vertex 2.695469 -0.817662 3.969613
vertex 3.923455 -1.190167 4.325333
endloop
endfacet
facet normal -0.259415 0.06498 0.963577
outer loop
vertex 3.923455 -1.190167 4.325333
vertex 4.021220 -0.799870 4.325333
vertex 2.853545 -0.567605 3.995308
endloop
endfacet
facet normal -0.259412 0.0649859 0.963578
outer loop
vertex 3.923455 -1.190167 4.325333
vertex 2.853545 -0.567605 3.995308
vertex 2.848262 -0.580404 3.994748
endloop
endfacet
facet normal -0.259415 0.0649793 0.963577
outer loop
vertex 2.776974 -0.710231 3.984312
vertex 2.735148 -0.769536 3.977050
vertex 3.923455 -1.190167 4.325333
endloop
endfacet
facet normal -0.259415 0.0649797 0.963578
outer loop
vertex 3.923455 -1.190167 4.325333
vertex 2.848262 -0.580404 3.994748
vertex 2.814877 -0.646988 3.990251
endloop
endfacet
facet normal -0.259414 0.064982 0.963578
outer loop
vertex 3.923455 -1.190167 4.325333
vertex 2.814877 -0.646988 3.990251
vertex 2.776974 -0.710231 3.984312
endloop
endfacet
facet normal -0.264535 0.0392386 0.963577
outer loop
vertex 2.877130 -0.510479 3.999456
vertex 2.853545 -0.567605 3.995308
vertex 4.021220 -0.799870 4.325333
endloop
endfacet
facet normal -0.264535 0.03924 0.963578
outer loop
vertex 4.021220 -0.799870 4.325333
vertex 4.080257 -0.401870 4.325333
vertex 2.935020 -0.289074 4.006333
endloop
endfacet
facet normal -0.264536 0.0392362 0.963577
outer loop
vertex 4.021220 -0.799870 4.325333
vertex 2.935020 -0.289074 4.006333
vertex 2.921316 -0.360605 4.005483
endloop
endfacet
facet normal -0.264534 0.0392414 0.963578
outer loop
vertex 2.901481 -0.437212 4.003158
vertex 2.877130 -0.510479 3.999456
vertex 4.021220 -0.799870 4.325333
endloop
endfacet
facet normal -0.264535 0.0392399 0.963577
outer loop
vertex 4.021220 -0.799870 4.325333
vertex 2.921316 -0.360605 4.005483
vertex 2.901481 -0.437212 4.003158
endloop
endfacet
facet normal -0.267106 0.013134 0.963578
outer loop
vertex 2.936633 -0.280656 4.006665
vertex 2.935020 -0.289074 4.006333
vertex 4.080257 -0.401870 4.325333
endloop
endfacet
facet normal -0.267107 0.0131221 0.963577
outer loop
vertex 4.080257 -0.401870 4.325333
vertex 4.100000 -0.000000 4.325333
vertex 2.946938 -0.000000 4.005700
endloop
endfacet
facet normal -0.267105 0.0131293 0.963578
outer loop
vertex 4.080257 -0.401870 4.325333
vertex 2.946938 -0.000000 4.005700
vertex 2.951217 -0.047432 4.007532
endloop
endfacet
facet normal -0.267107 0.0131208 0.963577
outer loop
vertex 2.947113 -0.199375 4.008463
vertex 2.936633 -0.280656 4.006665
vertex 4.080257 -0.401870 4.325333
endloop
endfacet
facet normal -0.267108 0.0131174 0.963577
outer loop
vertex 4.080257 -0.401870 4.325333
vertex 2.951217 -0.047432 4.007532
vertex 2.951974 -0.121634 4.008752
endloop
endfacet
facet normal -0.267106 0.0131262 0.963578
outer loop
vertex 4.080257 -0.401870 4.325333
vertex 2.951974 -0.121634 4.008752
vertex 2.947113 -0.199375 4.008463
endloop
endfacet
facet normal -0.166375 -0.00817353 0.986029
outer loop
vertex 1.648973 0.162410 3.772098
vertex 1.393259 0.137224 3.728742
vertex 1.400000 0.000000 3.728742
endloop
endfacet
facet normal -0.166376 -0.00816739 0.986029
outer loop
vertex 1.400000 0.000000 3.728742
vertex 1.561582 0.000000 3.756006
vertex 1.571157 0.023229 3.757814
endloop
endfacet
facet normal -0.166375 -0.00817638 0.986029
outer loop
vertex 1.400000 0.000000 3.728742
vertex 1.571157 0.023229 3.757814
vertex 1.604807 0.090350 3.764049
endloop
endfacet
facet normal -0.166372 -0.00817972 0.986029
outer loop
vertex 1.642982 0.153931 3.771017
vertex 1.648973 0.162410 3.772098
vertex 1.400000 0.000000 3.728742
endloop
endfacet
facet normal -0.166377 -0.00817014 0.986028
outer loop
vertex 1.400000 0.000000 3.728742
vertex 1.604807 0.090350 3.764049
vertex 1.642982 0.153931 3.771017
endloop
endfacet
facet normal -0.166249 -0.0081398 0.98605
outer loop
vertex 2.676844 0.000000 3.944188
vertex 2.674048 0.015751 3.943846
vertex 2.662649 0.059603 3.942286
endloop
endfacet
facet normal -0.166456 -0.0082081 0.986015
outer loop
vertex 2.662649 0.059603 3.942286
vertex 2.647828 0.100473 3.940125
vertex 2.629587 0.138359 3.937361
endloop
endfacet
facet normal -0.166436 -0.00821799 0.986018
outer loop
vertex 2.629587 0.138359 3.937361
vertex 2.607925 0.173262 3.933995
vertex 2.582843 0.205182 3.930027
endloop
endfacet
facet normal -0.166361 -0.00815938 0.986031
outer loop
vertex 2.582843 0.205182 3.930027
vertex 2.554340 0.234118 3.925458
vertex 2.534519 0.249628 3.922242
endloop
endfacet
facet normal -0.166376 -0.00817153 0.986029
outer loop
vertex 2.534519 0.249628 3.922242
vertex 1.980868 0.195099 3.828371
vertex 1.956893 0.173341 3.824145
endloop
endfacet
facet normal -0.166456 -0.00810196 0.986016
outer loop
vertex 1.956893 0.173341 3.824145
vertex 1.924218 0.138538 3.818343
vertex 1.893975 0.100791 3.812927
endloop
endfacet
facet normal -0.166412 -0.00815097 0.986023
outer loop
vertex 1.893975 0.100791 3.812927
vertex 1.866164 0.060101 3.807897
vertex 1.840787 0.016467 3.803254
endloop
endfacet
facet normal -0.166376 -0.00817642 0.986029
outer loop
vertex 1.840787 0.016467 3.803254
vertex 1.832573 0.000000 3.801731
vertex 2.676844 0.000000 3.944188
endloop
endfacet
facet normal -0.166359 -0.0081665 0.986031
outer loop
vertex 2.676844 0.000000 3.944188
vertex 2.662649 0.059603 3.942286
vertex 2.629587 0.138359 3.937361
endloop
endfacet
facet normal -0.166372 -0.00817209 0.986029
outer loop
vertex 2.629587 0.138359 3.937361
vertex 2.582843 0.205182 3.930027
vertex 2.534519 0.249628 3.922242
endloop
endfacet
facet normal -0.166375 -0.00817401 0.986029
outer loop
vertex 2.534519 0.249628 3.922242
vertex 1.956893 0.173341 3.824145
vertex 1.893975 0.100791 3.812927
endloop
endfacet
facet normal -0.166376 -0.00817444 0.986029
outer loop
vertex 1.893975 0.100791 3.812927
vertex 1.840787 0.016467 3.803254
vertex 2.676844 0.000000 3.944188
endloop
endfacet
facet normal -0.16637 -0.00817034 0.98603
outer loop
vertex 2.676844 0.000000 3.944188
vertex 2.629587 0.138359 3.937361
vertex 2.534519 0.249628 3.922242
endloop
endfacet
facet normal -0.166375 -0.00817357 0.986029
outer loop
vertex 2.534519 0.249628 3.922242
vertex 1.893975 0.100791 3.812927
vertex 2.676844 0.000000 3.944188
endloop
endfacet
facet normal -0.164773 -0.0244418 0.986029
outer loop
vertex 1.778899 0.318780 3.797686
vertex 1.830064 0.364022 3.807357
vertex 1.373099 0.273126 3.728742
endloop
endfacet
facet normal -0.164773 -0.0244417 0.986029
outer loop
vertex 1.373099 0.273126 3.728742
vertex 1.393259 0.137224 3.728742
vertex 1.648973 0.162410 3.772098
endloop
endfacet
facet normal -0.164773 -0.0244419 0.986029
outer loop
vertex 1.373099 0.273126 3.728742
vertex 1.648973 0.162410 3.772098
vertex 1.685042 0.213455 3.779391
endloop
endfacet
facet normal -0.164773 -0.0244401 0.986029
outer loop
vertex 1.730348 0.268405 3.788324
vertex 1.778899 0.318780 3.797686
vertex 1.373099 0.273126 3.728742
endloop
endfacet
facet normal -0.164773 -0.0244417 0.986029
outer loop
vertex 1.373099 0.273126 3.728742
vertex 1.685042 0.213455 3.779391
vertex 1.730348 0.268405 3.788324
endloop
endfacet
facet normal -0.164754 -0.024403 0.986033
outer loop
vertex 2.522189 0.259276 3.920421
vertex 2.486165 0.279860 3.914911
vertex 2.446266 0.295870 3.908640
endloop
endfacet
facet normal -0.164774 -0.024437 0.986029
outer loop
vertex 2.446266 0.295870 3.908640
vertex 2.402493 0.307305 3.901609
vertex 2.354846 0.314166 3.893817
endloop
endfacet
facet normal -0.164773 -0.0244794 0.986028
outer loop
vertex 2.354846 0.314166 3.893817
vertex 2.303325 0.316454 3.885264
vertex 2.251967 0.314166 3.876625
endloop
endfacet
facet normal -0.164763 -0.0244968 0.986029
outer loop
vertex 2.251967 0.314166 3.876625
vertex 2.202900 0.307305 3.868255
vertex 2.156124 0.295870 3.860155
endloop
endfacet
facet normal -0.164786 -0.0244053 0.986027
outer loop
vertex 2.156124 0.295870 3.860155
vertex 2.111639 0.279860 3.852324
vertex 2.069445 0.259276 3.844764
endloop
endfacet
facet normal -0.164777 -0.0244382 0.986028
outer loop
vertex 2.069445 0.259276 3.844764
vertex 2.029542 0.234118 3.837472
vertex 1.992001 0.205202 3.830482
endloop
endfacet
facet normal -0.164775 -0.0244287 0.986029
outer loop
vertex 1.992001 0.205202 3.830482
vertex 1.980868 0.195099 3.828371
vertex 2.534519 0.249628 3.922242
endloop
endfacet
facet normal -0.164763 -0.0244221 0.986031
outer loop
vertex 2.534519 0.249628 3.922242
vertex 2.522189 0.259276 3.920421
vertex 2.446266 0.295870 3.908640
endloop
endfacet
facet normal -0.164773 -0.0244312 0.986029
outer loop
vertex 2.446266 0.295870 3.908640
vertex 2.354846 0.314166 3.893817
vertex 2.251967 0.314166 3.876625
endloop
endfacet
facet normal -0.164776 -0.0244302 0.986028
outer loop
vertex 2.251967 0.314166 3.876625
vertex 2.156124 0.295870 3.860155
vertex 2.069445 0.259276 3.844764
endloop
endfacet
facet normal -0.164773 -0.0244442 0.986029
outer loop
vertex 2.069445 0.259276 3.844764
vertex 1.992001 0.205202 3.830482
vertex 2.534519 0.249628 3.922242
endloop
endfacet
facet normal -0.164774 -0.0244437 0.986028
outer loop
vertex 2.534519 0.249628 3.922242
vertex 2.446266 0.295870 3.908640
vertex 2.251967 0.314166 3.876625
endloop
endfacet
facet normal -0.164773 -0.0244391 0.986029
outer loop
vertex 2.251967 0.314166 3.876625
vertex 2.069445 0.259276 3.844764
vertex 2.534519 0.249628 3.922242
endloop
endfacet
facet normal -0.164777 -0.0244423 0.986028
outer loop
vertex 2.753283 0.405809 3.962670
vertex 2.769377 0.390000 3.964968
vertex 2.746199 0.546253 3.964968
endloop
endfacet
facet normal -0.164775 -0.0244372 0.986028
outer loop
vertex 2.746199 0.546253 3.964968
vertex 2.567767 0.510761 3.934271
vertex 2.600260 0.499739 3.939427
endloop
endfacet
facet normal -0.164773 -0.0244425 0.986029
outer loop
vertex 2.746199 0.546253 3.964968
vertex 2.600260 0.499739 3.939427
vertex 2.655381 0.473964 3.948000
endloop
endfacet
facet normal -0.164772 -0.024442 0.986029
outer loop
vertex 2.706524 0.442462 3.955765
vertex 2.753283 0.405809 3.962670
vertex 2.746199 0.546253 3.964968
endloop
endfacet
facet normal -0.164774 -0.0244412 0.986028
outer loop
vertex 2.746199 0.546253 3.964968
vertex 2.655381 0.473964 3.948000
vertex 2.706524 0.442462 3.955765
endloop
endfacet
facet normal -0.161583 -0.040483 0.986028
outer loop
vertex 2.541159 0.519786 3.930281
vertex 2.567767 0.510761 3.934271
vertex 2.746199 0.546253 3.964968
endloop
endfacet
facet normal -0.161584 -0.0404748 0.986029
outer loop
vertex 2.679433 0.812797 3.964968
vertex 1.339716 0.406399 3.728742
vertex 1.373099 0.273126 3.728742
endloop
endfacet
facet normal -0.161501 -0.040889 0.986025
outer loop
vertex 1.373099 0.273126 3.728742
vertex 1.830064 0.364022 3.807357
vertex 1.830697 0.364582 3.807484
endloop
endfacet
facet normal -0.161584 -0.0404748 0.986028
outer loop
vertex 1.373099 0.273126 3.728742
vertex 1.830697 0.364582 3.807484
vertex 1.885739 0.405809 3.818197
endloop
endfacet
facet normal -0.161584 -0.0404748 0.986029
outer loop
vertex 2.541159 0.519786 3.930281
vertex 2.746199 0.546253 3.964968
vertex 2.679433 0.812797 3.964968
endloop
endfacet
facet normal -0.161585 -0.0404744 0.986028
outer loop
vertex 2.478079 0.534105 3.920532
vertex 2.541159 0.519786 3.930281
vertex 2.679433 0.812797 3.964968
endloop
endfacet
facet normal -0.161585 -0.0404704 0.986029
outer loop
vertex 1.373099 0.273126 3.728742
vertex 1.885739 0.405809 3.818197
vertex 1.944028 0.442462 3.829253
endloop
endfacet
facet normal -0.161587 -0.0404649 0.986029
outer loop
vertex 1.373099 0.273126 3.728742
vertex 1.944028 0.442462 3.829253
vertex 2.004953 0.473964 3.840530
endloop
endfacet
facet normal -0.161581 -0.0404771 0.986029
outer loop
vertex 2.411020 0.542696 3.909895
vertex 2.478079 0.534105 3.920532
vertex 2.679433 0.812797 3.964968
endloop
endfacet
facet normal -0.161586 -0.0404719 0.986028
outer loop
vertex 2.339982 0.545560 3.898371
vertex 2.411020 0.542696 3.909895
vertex 2.679433 0.812797 3.964968
endloop
endfacet
facet normal -0.161583 -0.0404766 0.986029
outer loop
vertex 2.679433 0.812797 3.964968
vertex 1.373099 0.273126 3.728742
vertex 2.004953 0.473964 3.840530
endloop
endfacet
facet normal -0.161591 -0.0404605 0.986028
outer loop
vertex 2.679433 0.812797 3.964968
vertex 2.004953 0.473964 3.840530
vertex 2.067905 0.499739 3.851904
endloop
endfacet
facet normal -0.161584 -0.0404747 0.986029
outer loop
vertex 2.268922 0.542696 3.886609
vertex 2.339982 0.545560 3.898371
vertex 2.679433 0.812797 3.964968
endloop
endfacet
facet normal -0.161581 -0.0404803 0.986029
outer loop
vertex 2.199889 0.534105 3.874944
vertex 2.268922 0.542696 3.886609
vertex 2.679433 0.812797 3.964968
endloop
endfacet
facet normal -0.161585 -0.040473 0.986028
outer loop
vertex 2.679433 0.812797 3.964968
vertex 2.067905 0.499739 3.851904
vertex 2.132884 0.519786 3.863375
endloop
endfacet
facet normal -0.161586 -0.040471 0.986028
outer loop
vertex 2.679433 0.812797 3.964968
vertex 2.132884 0.519786 3.863375
vertex 2.199889 0.534105 3.874944
endloop
endfacet
facet normal -0.156839 -0.0561177 0.986029
outer loop
vertex 2.679433 0.812797 3.964968
vertex 2.586863 1.071514 3.964968
vertex 1.293431 0.535757 3.728742
endloop
endfacet
facet normal -0.156839 -0.0561177 0.986029
outer loop
vertex 2.679433 0.812797 3.964968
vertex 1.293431 0.535757 3.728742
vertex 1.339716 0.406399 3.728742
endloop
endfacet
facet normal -0.150583 -0.0712206 0.986029
outer loop
vertex 2.586863 1.071514 3.964968
vertex 2.469379 1.319911 3.964968
vertex 1.234690 0.659955 3.728742
endloop
endfacet
facet normal -0.150583 -0.0712206 0.986029
outer loop
vertex 2.586863 1.071514 3.964968
vertex 1.234690 0.659955 3.728742
vertex 1.293431 0.535757 3.728742
endloop
endfacet
facet normal -0.142877 -0.0856372 0.986029
outer loop
vertex 1.185728 0.741644 3.728742
vertex 1.234690 0.659955 3.728742
vertex 2.469379 1.319911 3.964968
endloop
endfacet
facet normal -0.142877 -0.0856372 0.986029
outer loop
vertex 2.469379 1.319911 3.964968
vertex 2.328115 1.555597 3.964968
vertex 1.194799 0.798339 3.734980
endloop
endfacet
facet normal -0.142877 -0.0856366 0.986029
outer loop
vertex 2.469379 1.319911 3.964968
vertex 1.194799 0.798339 3.734980
vertex 1.185728 0.741644 3.728742
endloop
endfacet
facet normal -0.133795 -0.0992294 0.986029
outer loop
vertex 2.328115 1.555597 3.964968
vertex 2.164429 1.776301 3.964968
vertex 1.228359 1.008088 3.760642
endloop
endfacet
facet normal -0.133795 -0.0992294 0.986029
outer loop
vertex 2.328115 1.555597 3.964968
vertex 1.228359 1.008088 3.760642
vertex 1.194799 0.798339 3.734980
endloop
endfacet
facet normal -0.123423 -0.111868 0.986029
outer loop
vertex 1.237749 1.066778 3.768476
vertex 1.228359 1.008088 3.760642
vertex 2.164429 1.776301 3.964968
endloop
endfacet
facet normal -0.123425 -0.111866 0.986029
outer loop
vertex 2.164429 1.776301 3.964968
vertex 1.979899 1.979899 3.964968
vertex 1.066778 1.066778 3.747075
endloop
endfacet
facet normal -0.123425 -0.111865 0.986029
outer loop
vertex 1.237749 1.066778 3.768476
vertex 2.164429 1.776301 3.964968
vertex 1.066778 1.066778 3.747075
endloop
endfacet
facet normal -0.111866 -0.123424 0.986029
outer loop
vertex 0.981436 1.066778 3.737393
vertex 1.066778 1.066778 3.747075
vertex 1.979899 1.979899 3.964968
endloop
endfacet
facet normal -0.111866 -0.123425 0.986029
outer loop
vertex 1.979899 1.979899 3.964968
vertex 1.776301 2.164429 3.964968
vertex 0.888151 1.082215 3.728742
endloop
endfacet
facet normal -0.111865 -0.123424 0.986029
outer loop
vertex 0.888151 1.082215 3.728742
vertex 0.971778 1.006419 3.728742
vertex 0.981436 1.066778 3.737393
endloop
endfacet
facet normal -0.111865 -0.123425 0.986029
outer loop
vertex 1.979899 1.979899 3.964968
vertex 0.888151 1.082215 3.728742
vertex 0.981436 1.066778 3.737393
endloop
endfacet
facet normal -0.0992294 -0.133795 0.986029
outer loop
vertex 1.776301 2.164429 3.964968
vertex 1.555597 2.328115 3.964968
vertex 0.777798 1.164057 3.728742
endloop
endfacet
facet normal -0.0992294 -0.133795 0.986029
outer loop
vertex 1.776301 2.164429 3.964968
vertex 0.777798 1.164057 3.728742
vertex 0.888151 1.082215 3.728742
endloop
endfacet
facet normal -0.0856372 -0.142877 0.986029
outer loop
vertex 1.555597 2.328115 3.964968
vertex 1.319911 2.469379 3.964968
vertex 0.659955 1.234690 3.728742
endloop
endfacet
facet normal -0.0856372 -0.142877 0.986029
outer loop
vertex 1.555597 2.328115 3.964968
vertex 0.659955 1.234690 3.728742
vertex 0.777798 1.164057 3.728742
endloop
endfacet
facet normal -0.0712206 -0.150583 0.986029
outer loop
vertex 1.319911 2.469379 3.964968
vertex 1.071514 2.586863 3.964968
vertex 0.535757 1.293431 3.728742
endloop
endfacet
facet normal -0.0712206 -0.150583 0.986029
outer loop
vertex 1.319911 2.469379 3.964968
vertex 0.535757 1.293431 3.728742
vertex 0.659955 1.234690 3.728742
endloop
endfacet
facet normal -0.0561177 -0.156839 0.986029
outer loop
vertex 1.071514 2.586863 3.964968
vertex 0.812797 2.679433 3.964968
vertex 0.406399 1.339716 3.728742
endloop
endfacet
facet normal -0.0561177 -0.156839 0.986029
outer loop
vertex 1.071514 2.586863 3.964968
vertex 0.406399 1.339716 3.728742
vertex 0.535757 1.293431 3.728742
endloop
endfacet
facet normal -0.0404748 -0.161584 0.986029
outer loop
vertex 0.812797 2.679433 3.964968
vertex 0.546253 2.746199 3.964968
vertex 0.273126 1.373099 3.728742
endloop
endfacet
facet normal -0.0404748 -0.161584 0.986029
outer loop
vertex 0.812797 2.679433 3.964968
vertex 0.273126 1.373099 3.728742
vertex 0.406399 1.339716 3.728742
endloop
endfacet
facet normal -0.0244417 -0.164773 0.986029
outer loop
vertex 0.546253 2.746199 3.964968
vertex 0.274448 2.786517 3.964968
vertex 0.137224 1.393259 3.728742
endloop
endfacet
facet normal -0.0244417 -0.164773 0.986029
outer loop
vertex 0.546253 2.746199 3.964968
vertex 0.137224 1.393259 3.728742
vertex 0.273126 1.373099 3.728742
endloop
endfacet
facet normal -0.00817353 -0.166376 0.986029
outer loop
vertex 0.274448 2.786517 3.964968
vertex 0.000000 2.800000 3.964968
vertex 0.000000 1.400000 3.728742
endloop
endfacet
facet normal -0.00817349 -0.166376 0.986029
outer loop
vertex 0.274448 2.786517 3.964968
vertex 0.000000 1.400000 3.728742
vertex 0.137224 1.393259 3.728742
endloop
endfacet
facet normal 0.00817353 -0.166375 0.986029
outer loop
vertex 0.000000 2.800000 3.964968
vertex -0.274448 2.786517 3.964968
vertex -0.137224 1.393259 3.728742
endloop
endfacet
facet normal 0.00817349 -0.166375 0.986029
outer loop
vertex 0.000000 2.800000 3.964968
vertex -0.137224 1.393259 3.728742
vertex 0.000000 1.400000 3.728742
endloop
endfacet
facet normal 0.0244417 -0.164773 0.986029
outer loop
vertex -0.274448 2.786517 3.964968
vertex -0.546253 2.746199 3.964968
vertex -0.273126 1.373099 3.728742
endloop
endfacet
facet normal 0.0244417 -0.164773 0.986029
outer loop
vertex -0.274448 2.786517 3.964968
vertex -0.273126 1.373099 3.728742
vertex -0.137224 1.393259 3.728742
endloop
endfacet
facet normal 0.0404748 -0.161584 0.986029
outer loop
vertex -0.546253 2.746199 3.964968
vertex -0.812797 2.679433 3.964968
vertex -0.406399 1.339716 3.728742
endloop
endfacet
facet normal 0.0404749 -0.161584 0.986029
outer loop
vertex -0.546253 2.746199 3.964968
vertex -0.406399 1.339716 3.728742
vertex -0.273126 1.373099 3.728742
endloop
endfacet
facet normal 0.0561177 -0.156839 0.986029
outer loop
vertex -0.812797 2.679433 3.964968
vertex -1.071514 2.586863 3.964968
vertex -0.535757 1.293431 3.728742
endloop
endfacet
facet normal 0.0561177 -0.156839 0.986029
outer loop
vertex -0.812797 2.679433 3.964968
vertex -0.535757 1.293431 3.728742
vertex -0.406399 1.339716 3.728742
endloop
endfacet
facet normal 0.0712206 -0.150583 0.986029
outer loop
vertex -1.071514 2.586863 3.964968
vertex -1.319911 2.469379 3.964968
vertex -0.659955 1.234690 3.728742
endloop
endfacet
facet normal 0.0712206 -0.150583 0.986029
outer loop
vertex -1.071514 2.586863 3.964968
vertex -0.659955 1.234690 3.728742
vertex -0.535757 1.293431 3.728742
endloop
endfacet
facet normal 0.0856372 -0.142877 0.986029
outer loop
vertex -1.319911 2.469379 3.964968
vertex -1.555597 2.328115 3.964968
vertex -0.777798 1.164057 3.728742
endloop
endfacet
facet normal 0.0856372 -0.142877 0.986029
outer loop
vertex -1.319911 2.469379 3.964968
vertex -0.777798 1.164057 3.728742
vertex -0.659955 1.234690 3.728742
endloop
endfacet
facet normal 0.0992294 -0.133795 0.986029
outer loop
vertex -1.555597 2.328115 3.964968
vertex -1.776301 2.164429 3.964968
vertex -0.888151 1.082215 3.728742
endloop
endfacet
facet normal 0.0992293 -0.133795 0.986029
outer loop
vertex -1.555597 2.328115 3.964968
vertex -0.888151 1.082215 3.728742
vertex -0.777798 1.164057 3.728742
endloop
endfacet
facet normal 0.111866 -0.123425 0.986029
outer loop
vertex -1.776301 2.164429 3.964968
vertex -1.979899 1.979899 3.964968
vertex -0.989949 0.989949 3.728742
endloop
endfacet
facet normal 0.111866 -0.123425 0.986029
outer loop
vertex -1.776301 2.164429 3.964968
vertex -0.989949 0.989949 3.728742
vertex -0.888151 1.082215 3.728742
endloop
endfacet
facet normal 0.123425 -0.111866 0.986029
outer loop
vertex -1.979899 1.979899 3.964968
vertex -2.164429 1.776301 3.964968
vertex -1.082215 0.888151 3.728742
endloop
endfacet
facet normal 0.123425 -0.111866 0.986029
outer loop
vertex -1.979899 1.979899 3.964968
vertex -1.082215 0.888151 3.728742
vertex -0.989949 0.989949 3.728742
endloop
endfacet
facet normal 0.133795 -0.0992294 0.986029
outer loop
vertex -2.164429 1.776301 3.964968
vertex -2.328115 1.555597 3.964968
vertex -1.164057 0.777798 3.728742
endloop
endfacet
facet normal 0.133795 -0.0992294 0.986029
outer loop
vertex -2.164429 1.776301 3.964968
vertex -1.164057 0.777798 3.728742
vertex -1.082215 0.888151 3.728742
endloop
endfacet
facet normal 0.142877 -0.0856372 0.986029
outer loop
vertex -2.328115 1.555597 3.964968
vertex -2.469379 1.319911 3.964968
vertex -1.234690 0.659955 3.728742
endloop
endfacet
facet normal 0.142877 -0.0856372 0.986029
outer loop
vertex -2.328115 1.555597 3.964968
vertex -1.234690 0.659955 3.728742
vertex -1.164057 0.777798 3.728742
endloop
endfacet
facet normal 0.150583 -0.0712206 0.986029
outer loop
vertex -2.469379 1.319911 3.964968
vertex -2.586863 1.071514 3.964968
vertex -1.293431 0.535757 3.728742
endloop
endfacet
facet normal 0.150583 -0.0712206 0.986029
outer loop
vertex -2.469379 1.319911 3.964968
vertex -1.293431 0.535757 3.728742
vertex -1.234690 0.659955 3.728742
endloop
endfacet
facet normal 0.156838 -0.0561168 0.986029
outer loop
vertex -1.419374 0.524081 3.748110
vertex -1.297609 0.524081 3.728742
vertex -1.293431 0.535757 3.728742
endloop
endfacet
facet normal 0.156839 -0.0561177 0.986029
outer loop
vertex -1.293431 0.535757 3.728742
vertex -2.586863 1.071514 3.964968
vertex -2.679433 0.812797 3.964968
endloop
endfacet
facet normal 0.156839 -0.0561179 0.986029
outer loop
vertex -2.679433 0.812797 3.964968
vertex -1.461535 0.443352 3.750221
vertex -1.419374 0.524081 3.748110
endloop
endfacet
facet normal 0.156838 -0.0561199 0.986029
outer loop
vertex -1.293431 0.535757 3.728742
vertex -2.679433 0.812797 3.964968
vertex -1.419374 0.524081 3.748110
endloop
endfacet
facet normal 0.161584 -0.040475 0.986029
outer loop
vertex -2.333809 0.464223 3.894021
vertex -1.533747 0.305081 3.756379
vertex -1.461535 0.443352 3.750221
endloop
endfacet
facet normal 0.161606 -0.0403616 0.98603
outer loop
vertex -2.746199 0.546253 3.964968
vertex -2.626100 0.522364 3.944306
vertex -2.626480 0.524081 3.944439
endloop
endfacet
facet normal 0.161584 -0.0404736 0.986029
outer loop
vertex -2.345824 0.524081 3.898447
vertex -2.333809 0.464223 3.894021
vertex -1.461535 0.443352 3.750221
endloop
endfacet
facet normal 0.161583 -0.0404823 0.986028
outer loop
vertex -2.746199 0.546253 3.964968
vertex -2.626480 0.524081 3.944439
vertex -2.345824 0.524081 3.898447
endloop
endfacet
facet normal 0.161584 -0.0404745 0.986029
outer loop
vertex -2.345824 0.524081 3.898447
vertex -1.461535 0.443352 3.750221
vertex -2.679433 0.812797 3.964968
endloop
endfacet
facet normal 0.161584 -0.0404748 0.986029
outer loop
vertex -2.679433 0.812797 3.964968
vertex -2.746199 0.546253 3.964968
vertex -2.345824 0.524081 3.898447
endloop
endfacet
facet normal 0.164773 -0.0244415 0.986029
outer loop
vertex -1.610249 0.158596 3.765532
vertex -1.533747 0.305081 3.756379
vertex -2.333809 0.464223 3.894021
endloop
endfacet
facet normal 0.164773 -0.0244417 0.986029
outer loop
vertex -1.610249 0.158596 3.765532
vertex -2.333809 0.464223 3.894021
vertex -2.285816 0.225133 3.880075
endloop
endfacet
facet normal 0.164773 -0.0244416 0.986029
outer loop
vertex -2.626100 0.522364 3.944306
vertex -2.746199 0.546253 3.964968
vertex -2.786517 0.274448 3.964968
endloop
endfacet
facet normal 0.164773 -0.0244418 0.986029
outer loop
vertex -2.626100 0.522364 3.944306
vertex -2.786517 0.274448 3.964968
vertex -2.566476 0.252776 3.927660
endloop
endfacet
facet normal 0.166376 -0.00817363 0.986029
outer loop
vertex -1.425903 0.000000 3.733113
vertex -1.400000 0.000000 3.728742
vertex -1.397421 0.052500 3.728742
endloop
endfacet
facet normal 0.166375 -0.00817353 0.986029
outer loop
vertex -2.566476 0.252776 3.927660
vertex -2.786517 0.274448 3.964968
vertex -2.800000 0.000000 3.964968
endloop
endfacet
facet normal 0.166375 -0.00817382 0.986029
outer loop
vertex -2.566476 0.252776 3.927660
vertex -2.800000 0.000000 3.964968
vertex -2.510571 0.000000 3.916132
endloop
endfacet
facet normal 0.166376 -0.00817337 0.986029
outer loop
vertex -1.610249 0.158596 3.765532
vertex -2.285816 0.225133 3.880075
vertex -2.240625 0.000000 3.870583
endloop
endfacet
facet normal 0.166376 -0.00817384 0.986029
outer loop
vertex -1.610249 0.158596 3.765532
vertex -2.240625 0.000000 3.870583
vertex -1.693076 0.000000 3.778193
endloop
endfacet
facet normal 0.166375 0.0081735 0.986029
outer loop
vertex -1.506394 -0.148367 3.747924
vertex -1.393259 -0.137224 3.728742
vertex -1.400000 0.000000 3.728742
endloop
endfacet
facet normal 0.166376 0.00817294 0.986029
outer loop
vertex -1.506394 -0.148367 3.747924
vertex -1.400000 0.000000 3.728742
vertex -1.425903 0.000000 3.733113
endloop
endfacet
facet normal 0.166375 0.00817353 0.986029
outer loop
vertex -2.510571 0.000000 3.916132
vertex -2.800000 0.000000 3.964968
vertex -2.786517 -0.274448 3.964968
endloop
endfacet
facet normal 0.166375 0.00817383 0.986029
outer loop
vertex -2.510571 0.000000 3.916132
vertex -2.786517 -0.274448 3.964968
vertex -2.457049 -0.241998 3.909107
endloop
endfacet
facet normal 0.166376 0.0081731 0.986029
outer loop
vertex -1.693076 0.000000 3.778193
vertex -2.240625 0.000000 3.870583
vertex -2.197186 -0.216404 3.865047
endloop
endfacet
facet normal 0.166375 0.00817417 0.986029
outer loop
vertex -1.693076 0.000000 3.778193
vertex -2.197186 -0.216404 3.865047
vertex -1.784886 -0.175796 3.795142
endloop
endfacet
facet normal 0.164773 0.0244416 0.986029
outer loop
vertex -1.373099 -0.273126 3.728742
vertex -1.393259 -0.137224 3.728742
vertex -1.506394 -0.148367 3.747924
endloop
endfacet
facet normal 0.164773 0.024442 0.986029
outer loop
vertex -1.373099 -0.273126 3.728742
vertex -1.506394 -0.148367 3.747924
vertex -1.598389 -0.317939 3.767500
endloop
endfacet
facet normal 0.164773 0.0244416 0.986029
outer loop
vertex -2.457049 -0.241998 3.909107
vertex -2.786517 -0.274448 3.964968
vertex -2.746199 -0.546253 3.964968
endloop
endfacet
facet normal 0.164773 0.0244413 0.986029
outer loop
vertex -2.457049 -0.241998 3.909107
vertex -2.746199 -0.546253 3.964968
vertex -2.404778 -0.478340 3.906230
endloop
endfacet
facet normal 0.164773 0.0244419 0.986029
outer loop
vertex -1.889347 -0.375814 3.817556
vertex -1.784886 -0.175796 3.795142
vertex -2.197186 -0.216404 3.865047
endloop
endfacet
facet normal 0.164774 0.0244363 0.986029
outer loop
vertex -2.156983 -0.416688 3.863294
vertex -2.154629 -0.428582 3.863195
vertex -1.889347 -0.375814 3.817556
endloop
endfacet
facet normal 0.164773 0.0244419 0.986029
outer loop
vertex -2.197186 -0.216404 3.865047
vertex -2.156983 -0.416688 3.863294
vertex -1.889347 -0.375814 3.817556
endloop
endfacet
facet normal 0.161584 0.0404748 0.986029
outer loop
vertex -1.706789 -0.517749 3.793466
vertex -1.339716 -0.406399 3.728742
vertex -1.373099 -0.273126 3.728742
endloop
endfacet
facet normal 0.161584 0.0404754 0.986029
outer loop
vertex -1.706789 -0.517749 3.793466
vertex -1.373099 -0.273126 3.728742
vertex -1.598389 -0.317939 3.767500
endloop
endfacet
facet normal 0.161584 0.0404748 0.986029
outer loop
vertex -2.404778 -0.478340 3.906230
vertex -2.746199 -0.546253 3.964968
vertex -2.679433 -0.812797 3.964968
endloop
endfacet
facet normal 0.161584 0.0404746 0.986029
outer loop
vertex -2.404778 -0.478340 3.906230
vertex -2.679433 -0.812797 3.964968
vertex -2.352726 -0.713692 3.907361
endloop
endfacet
facet normal 0.161583 0.0404749 0.986029
outer loop
vertex -2.123991 -0.608247 3.865549
vertex -2.119517 -0.642948 3.866241
vertex -2.004548 -0.608073 3.845969
endloop
endfacet
facet normal 0.161583 0.0404904 0.986028
outer loop
vertex -2.123991 -0.608247 3.865549
vertex -2.004548 -0.608073 3.845969
vertex -2.004194 -0.607292 3.845879
endloop
endfacet
facet normal 0.161583 0.0404744 0.986029
outer loop
vertex -2.130965 -0.560596 3.864736
vertex -2.123991 -0.608247 3.865549
vertex -2.004194 -0.607292 3.845879
endloop
endfacet
facet normal 0.161584 0.040476 0.986029
outer loop
vertex -2.130965 -0.560596 3.864736
vertex -2.004194 -0.607292 3.845879
vertex -1.981902 -0.559701 3.840272
endloop
endfacet
facet normal 0.161584 0.0404736 0.986029
outer loop
vertex -2.138788 -0.512786 3.864056
vertex -2.130965 -0.560596 3.864736
vertex -1.981902 -0.559701 3.840272
endloop
endfacet
facet normal 0.161584 0.0404751 0.986029
outer loop
vertex -2.138788 -0.512786 3.864056
vertex -1.981902 -0.559701 3.840272
vertex -1.958888 -0.512070 3.834545
endloop
endfacet
facet normal 0.161584 0.0404756 0.986029
outer loop
vertex -1.889347 -0.375814 3.817556
vertex -2.154629 -0.428582 3.863195
vertex -2.147460 -0.464816 3.863508
endloop
endfacet
facet normal 0.161584 0.0404753 0.986028
outer loop
vertex -2.147460 -0.464816 3.863508
vertex -2.138788 -0.512786 3.864056
vertex -1.958888 -0.512070 3.834545
endloop
endfacet
facet normal 0.161584 0.0404731 0.986029
outer loop
vertex -2.147460 -0.464816 3.863508
vertex -1.958888 -0.512070 3.834545
vertex -1.935152 -0.464399 3.828699
endloop
endfacet
facet normal 0.161585 0.0404724 0.986029
outer loop
vertex -1.910693 -0.416688 3.822732
vertex -1.889347 -0.375814 3.817556
vertex -2.147460 -0.464816 3.863508
endloop
endfacet
facet normal 0.161584 0.0404769 0.986029
outer loop
vertex -1.935152 -0.464399 3.828699
vertex -1.910693 -0.416688 3.822732
vertex -2.147460 -0.464816 3.863508
endloop
endfacet
facet normal 0.156839 0.0561176 0.986029
outer loop
vertex -1.839202 -0.761822 3.828419
vertex -1.293431 -0.535757 3.728742
vertex -1.339716 -0.406399 3.728742
endloop
endfacet
facet normal 0.156839 0.0561171 0.986029
outer loop
vertex -1.839202 -0.761822 3.828419
vertex -1.339716 -0.406399 3.728742
vertex -1.706789 -0.517749 3.793466
endloop
endfacet
facet normal 0.156839 0.0561177 0.986029
outer loop
vertex -2.352726 -0.713692 3.907361
vertex -2.679433 -0.812797 3.964968
vertex -2.586863 -1.071514 3.964968
endloop
endfacet
facet normal 0.156838 0.0561182 0.986029
outer loop
vertex -2.352726 -0.713692 3.907361
vertex -2.586863 -1.071514 3.964968
vertex -2.299879 -0.952641 3.912555
endloop
endfacet
facet normal 0.156312 0.0560643 0.986115
outer loop
vertex -2.112593 -0.703072 3.868561
vertex -2.107593 -0.750126 3.870444
vertex -2.102290 -0.796783 3.872256
endloop
endfacet
facet normal 0.156835 0.0561183 0.986029
outer loop
vertex -2.102290 -0.796783 3.872256
vertex -2.099160 -0.822613 3.873228
vertex -2.087601 -0.796464 3.869901
endloop
endfacet
facet normal 0.156577 0.0562369 0.986063
outer loop
vertex -2.087601 -0.796464 3.869901
vertex -2.067101 -0.749629 3.863975
vertex -2.046611 -0.702356 3.858025
endloop
endfacet
facet normal 0.156838 0.0561159 0.986029
outer loop
vertex -2.025764 -0.654844 3.852005
vertex -2.004548 -0.608073 3.845969
vertex -2.119517 -0.642948 3.866241
endloop
endfacet
facet normal 0.156835 0.0561199 0.986029
outer loop
vertex -2.102290 -0.796783 3.872256
vertex -2.087601 -0.796464 3.869901
vertex -2.046611 -0.702356 3.858025
endloop
endfacet
facet normal 0.156839 0.0561192 0.986028
outer loop
vertex -2.046611 -0.702356 3.858025
vertex -2.025764 -0.654844 3.852005
vertex -2.119517 -0.642948 3.866241
endloop
endfacet
facet normal 0.156839 0.0561188 0.986029
outer loop
vertex -2.046611 -0.702356 3.858025
vertex -2.119517 -0.642948 3.866241
vertex -2.117868 -0.655739 3.866706
endloop
endfacet
facet normal 0.156837 0.0561186 0.986029
outer loop
vertex -2.112593 -0.703072 3.868561
vertex -2.102290 -0.796783 3.872256
vertex -2.046611 -0.702356 3.858025
endloop
endfacet
facet normal 0.156838 0.0561172 0.986029
outer loop
vertex -2.112593 -0.703072 3.868561
vertex -2.046611 -0.702356 3.858025
vertex -2.117868 -0.655739 3.866706
endloop
endfacet
facet normal 0.150583 0.0712206 0.986029
outer loop
vertex -2.008256 -1.073435 3.876744
vertex -1.234690 -0.659955 3.728742
vertex -1.293431 -0.535757 3.728742
endloop
endfacet
facet normal 0.150583 0.0712213 0.986029
outer loop
vertex -2.008256 -1.073435 3.876744
vertex -1.293431 -0.535757 3.728742
vertex -1.839202 -0.761822 3.828419
endloop
endfacet
facet normal 0.150583 0.071219 0.986029
outer loop
vertex -2.273369 -1.072506 3.917164
vertex -2.299879 -0.952641 3.912555
vertex -2.586863 -1.071514 3.964968
endloop
endfacet
facet normal 0.150584 0.071221 0.986028
outer loop
vertex -2.586863 -1.071514 3.964968
vertex -2.469379 -1.319911 3.964968
vertex -2.375291 -1.269619 3.946966
endloop
endfacet
facet normal 0.150478 0.071277 0.986041
outer loop
vertex -2.375291 -1.269619 3.946966
vertex -2.364260 -1.250402 3.943894
vertex -2.346397 -1.215698 3.938659
endloop
endfacet
facet normal 0.150583 0.071221 0.986028
outer loop
vertex -2.346397 -1.215698 3.938659
vertex -2.273369 -1.072506 3.917164
vertex -2.586863 -1.071514 3.964968
endloop
endfacet
facet normal 0.150582 0.0712195 0.986029
outer loop
vertex -2.586863 -1.071514 3.964968
vertex -2.375291 -1.269619 3.946966
vertex -2.346397 -1.215698 3.938659
endloop
endfacet
facet normal 0.142885 0.085626 0.986028
outer loop
vertex -2.328583 -1.554816 3.964968
vertex -2.328115 -1.555597 3.964968
vertex -1.164057 -0.777798 3.728742
endloop
endfacet
facet normal 0.142877 0.0856372 0.986029
outer loop
vertex -1.164057 -0.777798 3.728742
vertex -1.234690 -0.659955 3.728742
vertex -2.008256 -1.073435 3.876744
endloop
endfacet
facet normal 0.142877 0.0856372 0.986029
outer loop
vertex -1.164057 -0.777798 3.728742
vertex -2.008256 -1.073435 3.876744
vertex -2.136707 -1.310205 3.915920
endloop
endfacet
facet normal 0.14289 0.0856185 0.986028
outer loop
vertex -2.312729 -1.541499 3.961514
vertex -2.328583 -1.554816 3.964968
vertex -1.164057 -0.777798 3.728742
endloop
endfacet
facet normal 0.142871 0.0856471 0.986029
outer loop
vertex -2.285569 -1.515685 3.955337
vertex -2.312729 -1.541499 3.961514
vertex -1.164057 -0.777798 3.728742
endloop
endfacet
facet normal 0.142878 0.0856347 0.986029
outer loop
vertex -1.164057 -0.777798 3.728742
vertex -2.136707 -1.310205 3.915920
vertex -2.159902 -1.350517 3.922782
endloop
endfacet
facet normal 0.142877 0.0856371 0.986029
outer loop
vertex -1.164057 -0.777798 3.728742
vertex -2.159902 -1.350517 3.922782
vertex -2.183744 -1.388403 3.929528
endloop
endfacet
facet normal 0.142873 0.0856432 0.986029
outer loop
vertex -2.259144 -1.487504 3.949060
vertex -2.285569 -1.515685 3.955337
vertex -1.164057 -0.777798 3.728742
endloop
endfacet
facet normal 0.14288 0.0856328 0.986029
outer loop
vertex -2.233365 -1.456897 3.942666
vertex -2.259144 -1.487504 3.949060
vertex -1.164057 -0.777798 3.728742
endloop
endfacet
facet normal 0.142876 0.0856387 0.986029
outer loop
vertex -1.164057 -0.777798 3.728742
vertex -2.183744 -1.388403 3.929528
vertex -2.208231 -1.423863 3.936156
endloop
endfacet
facet normal 0.142882 0.0856303 0.986029
outer loop
vertex -1.164057 -0.777798 3.728742
vertex -2.208231 -1.423863 3.936156
vertex -2.233365 -1.456897 3.942666
endloop
endfacet
facet normal 0.142878 0.0856373 0.986028
outer loop
vertex -2.375291 -1.269619 3.946966
vertex -2.469379 -1.319911 3.964968
vertex -2.443527 -1.363043 3.964968
endloop
endfacet
facet normal 0.142751 0.0857491 0.986037
outer loop
vertex -2.443527 -1.363043 3.964968
vertex -2.438242 -1.357796 3.963747
vertex -2.419367 -1.335661 3.959089
endloop
endfacet
facet normal 0.142957 0.0855795 0.986022
outer loop
vertex -2.419367 -1.335661 3.959089
vertex -2.400745 -1.310384 3.954195
vertex -2.382376 -1.281964 3.949065
endloop
endfacet
facet normal 0.142775 0.085714 0.986037
outer loop
vertex -2.382376 -1.281964 3.949065
vertex -2.375291 -1.269619 3.946966
vertex -2.443527 -1.363043 3.964968
endloop
endfacet
facet normal 0.14288 0.0856338 0.986029
outer loop
vertex -2.443527 -1.363043 3.964968
vertex -2.419367 -1.335661 3.959089
vertex -2.382376 -1.281964 3.949065
endloop
endfacet
facet normal 0.133795 0.0992294 0.986029
outer loop
vertex -2.328115 -1.555597 3.964968
vertex -2.164429 -1.776301 3.964968
vertex -1.082215 -0.888151 3.728742
endloop
endfacet
facet normal 0.133795 0.0992293 0.986029
outer loop
vertex -2.328115 -1.555597 3.964968
vertex -1.082215 -0.888151 3.728742
vertex -1.164057 -0.777798 3.728742
endloop
endfacet
facet normal 0.123425 0.111866 0.986029
outer loop
vertex -2.164429 -1.776301 3.964968
vertex -1.979899 -1.979899 3.964968
vertex -0.989949 -0.989949 3.728742
endloop
endfacet
facet normal 0.123425 0.111866 0.986029
outer loop
vertex -2.164429 -1.776301 3.964968
vertex -0.989949 -0.989949 3.728742
vertex -1.082215 -0.888151 3.728742
endloop
endfacet
facet normal 0.111866 0.123425 0.986029
outer loop
vertex -1.979899 -1.979899 3.964968
vertex -1.776301 -2.164429 3.964968
vertex -0.888151 -1.082215 3.728742
endloop
endfacet
facet normal 0.111866 0.123425 0.986029
outer loop
vertex -1.979899 -1.979899 3.964968
vertex -0.888151 -1.082215 3.728742
vertex -0.989949 -0.989949 3.728742
endloop
endfacet
facet normal 0.0992294 0.133795 0.986029
outer loop
vertex -1.776301 -2.164429 3.964968
vertex -1.555597 -2.328115 3.964968
vertex -0.777798 -1.164057 3.728742
endloop
endfacet
facet normal 0.0992294 0.133795 0.986029
outer loop
vertex -1.776301 -2.164429 3.964968
vertex -0.777798 -1.164057 3.728742
vertex -0.888151 -1.082215 3.728742
endloop
endfacet
facet normal 0.0856372 0.142877 0.986029
outer loop
vertex -1.555597 -2.328115 3.964968
vertex -1.319911 -2.469379 3.964968
vertex -0.659955 -1.234690 3.728742
endloop
endfacet
facet normal 0.0856372 0.142877 0.986029
outer loop
vertex -1.555597 -2.328115 3.964968
vertex -0.659955 -1.234690 3.728742
vertex -0.777798 -1.164057 3.728742
endloop
endfacet
facet normal 0.0712206 0.150583 0.986029
outer loop
vertex -1.319911 -2.469379 3.964968
vertex -1.071514 -2.586863 3.964968
vertex -0.535757 -1.293431 3.728742
endloop
endfacet
facet normal 0.0712206 0.150583 0.986029
outer loop
vertex -1.319911 -2.469379 3.964968
vertex -0.535757 -1.293431 3.728742
vertex -0.659955 -1.234690 3.728742
endloop
endfacet
facet normal 0.0561177 0.156839 0.986029
outer loop
vertex -1.071514 -2.586863 3.964968
vertex -0.812797 -2.679433 3.964968
vertex -0.406399 -1.339716 3.728742
endloop
endfacet
facet normal 0.0561177 0.156839 0.986029
outer loop
vertex -1.071514 -2.586863 3.964968
vertex -0.406399 -1.339716 3.728742
vertex -0.535757 -1.293431 3.728742
endloop
endfacet
facet normal 0.0404748 0.161584 0.986029
outer loop
vertex -0.812797 -2.679433 3.964968
vertex -0.546253 -2.746199 3.964968
vertex -0.273126 -1.373099 3.728742
endloop
endfacet
facet normal 0.0404748 0.161584 0.986029
outer loop
vertex -0.812797 -2.679433 3.964968
vertex -0.273126 -1.373099 3.728742
vertex -0.406399 -1.339716 3.728742
endloop
endfacet
facet normal 0.0244417 0.164773 0.986029
outer loop
vertex -0.546253 -2.746199 3.964968
vertex -0.274448 -2.786517 3.964968
vertex -0.137224 -1.393259 3.728742
endloop
endfacet
facet normal 0.0244417 0.164773 0.986029
outer loop
vertex -0.546253 -2.746199 3.964968
vertex -0.137224 -1.393259 3.728742
vertex -0.273126 -1.373099 3.728742
endloop
endfacet
facet normal 0.00817353 0.166376 0.986029
outer loop
vertex -0.274448 -2.786517 3.964968
vertex -0.000000 -2.800000 3.964968
vertex -0.000000 -1.400000 3.728742
endloop
endfacet
facet normal 0.00817349 0.166376 0.986029
outer loop
vertex -0.274448 -2.786517 3.964968
vertex -0.000000 -1.400000 3.728742
vertex -0.137224 -1.393259 3.728742
endloop
endfacet
facet normal -0.00817353 0.166375 0.986029
outer loop
vertex -0.000000 -2.800000 3.964968
vertex 0.274448 -2.786517 3.964968
vertex 0.137224 -1.393259 3.728742
endloop
endfacet
facet normal -0.00817349 0.166375 0.986029
outer loop
vertex -0.000000 -2.800000 3.964968
vertex 0.137224 -1.393259 3.728742
vertex -0.000000 -1.400000 3.728742
endloop
endfacet
facet normal -0.0244417 0.164773 0.986029
outer loop
vertex 0.274448 -2.786517 3.964968
vertex 0.546253 -2.746199 3.964968
vertex 0.273126 -1.373099 3.728742
endloop
endfacet
facet normal -0.0244417 0.164773 0.986029
outer loop
vertex 0.274448 -2.786517 3.964968
vertex 0.273126 -1.373099 3.728742
vertex 0.137224 -1.393259 3.728742
endloop
endfacet
facet normal -0.0404748 0.161584 0.986029
outer loop
vertex 0.546253 -2.746199 3.964968
vertex 0.812797 -2.679433 3.964968
vertex 0.406399 -1.339716 3.728742
endloop
endfacet
facet normal -0.0404749 0.161584 0.986029
outer loop
vertex 0.546253 -2.746199 3.964968
vertex 0.406399 -1.339716 3.728742
vertex 0.273126 -1.373099 3.728742
endloop
endfacet
facet normal -0.0561177 0.156839 0.986029
outer loop
vertex 0.812797 -2.679433 3.964968
vertex 1.071514 -2.586863 3.964968
vertex 0.535757 -1.293431 3.728742
endloop
endfacet
facet normal -0.0561177 0.156839 0.986029
outer loop
vertex 0.812797 -2.679433 3.964968
vertex 0.535757 -1.293431 3.728742
vertex 0.406399 -1.339716 3.728742
endloop
endfacet
facet normal -0.0712206 0.150583 0.986029
outer loop
vertex 1.071514 -2.586863 3.964968
vertex 1.319911 -2.469379 3.964968
vertex 0.659955 -1.234690 3.728742
endloop
endfacet
facet normal -0.0712206 0.150583 0.986029
outer loop
vertex 1.071514 -2.586863 3.964968
vertex 0.659955 -1.234690 3.728742
vertex 0.535757 -1.293431 3.728742
endloop
endfacet
facet normal -0.0856372 0.142877 0.986029
outer loop
vertex 1.319911 -2.469379 3.964968
vertex 1.555597 -2.328115 3.964968
vertex 0.777798 -1.164057 3.728742
endloop
endfacet
facet normal -0.0856372 0.142877 0.986029
outer loop
vertex 1.319911 -2.469379 3.964968
vertex 0.777798 -1.164057 3.728742
vertex 0.659955 -1.234690 3.728742
endloop
endfacet
facet normal -0.0992294 0.133795 0.986029
outer loop
vertex 1.555597 -2.328115 3.964968
vertex 1.776301 -2.164429 3.964968
vertex 0.888151 -1.082215 3.728742
endloop
endfacet
facet normal -0.0992293 0.133795 0.986029
outer loop
vertex 1.555597 -2.328115 3.964968
vertex 0.888151 -1.082215 3.728742
vertex 0.777798 -1.164057 3.728742
endloop
endfacet
facet normal -0.111864 0.123422 0.986029
outer loop
vertex 0.943663 -1.074177 3.734034
vertex 0.903656 -1.068161 3.728742
vertex 0.888151 -1.082215 3.728742
endloop
endfacet
facet normal -0.111866 0.123425 0.986029
outer loop
vertex 0.888151 -1.082215 3.728742
vertex 1.776301 -2.164429 3.964968
vertex 1.979899 -1.979899 3.964968
endloop
endfacet
facet normal -0.111857 0.123435 0.986028
outer loop
vertex 1.979899 -1.979899 3.964968
vertex 1.073142 -1.073142 3.748594
vertex 1.065315 -1.073938 3.747805
endloop
endfacet
facet normal -0.111873 0.123416 0.986029
outer loop
vertex 1.979899 -1.979899 3.964968
vertex 1.065315 -1.073938 3.747805
vertex 1.049502 -1.075191 3.746168
endloop
endfacet
facet normal -0.111864 0.123426 0.986028
outer loop
vertex 0.943663 -1.074177 3.734034
vertex 0.888151 -1.082215 3.728742
vertex 1.979899 -1.979899 3.964968
endloop
endfacet
facet normal -0.111866 0.123424 0.986029
outer loop
vertex 1.002170 -1.076802 3.741000
vertex 0.943663 -1.074177 3.734034
vertex 1.979899 -1.979899 3.964968
endloop
endfacet
facet normal -0.111865 0.123427 0.986028
outer loop
vertex 1.979899 -1.979899 3.964968
vertex 1.049502 -1.075191 3.746168
vertex 1.033707 -1.076086 3.744488
endloop
endfacet
facet normal -0.111875 0.123415 0.986029
outer loop
vertex 1.017930 -1.076623 3.742766
vertex 1.002170 -1.076802 3.741000
vertex 1.979899 -1.979899 3.964968
endloop
endfacet
facet normal -0.111856 0.123434 0.986028
outer loop
vertex 1.979899 -1.979899 3.964968
vertex 1.033707 -1.076086 3.744488
vertex 1.017930 -1.076623 3.742766
endloop
endfacet
facet normal -0.123426 0.111865 0.986029
outer loop
vertex 1.081144 -1.072327 3.749503
vertex 1.073142 -1.073142 3.748594
vertex 1.979899 -1.979899 3.964968
endloop
endfacet
facet normal -0.123425 0.111866 0.986029
outer loop
vertex 1.979899 -1.979899 3.964968
vertex 2.164429 -1.776301 3.964968
vertex 1.174104 -0.963563 3.748800
endloop
endfacet
facet normal -0.123423 0.111868 0.986029
outer loop
vertex 1.979899 -1.979899 3.964968
vertex 1.174104 -0.963563 3.748800
vertex 1.178869 -1.055323 3.759806
endloop
endfacet
facet normal -0.123422 0.111869 0.986029
outer loop
vertex 1.096992 -1.070358 3.751263
vertex 1.081144 -1.072327 3.749503
vertex 1.979899 -1.979899 3.964968
endloop
endfacet
facet normal -0.123426 0.111864 0.986029
outer loop
vertex 1.112479 -1.068151 3.752951
vertex 1.096992 -1.070358 3.751263
vertex 1.979899 -1.979899 3.964968
endloop
endfacet
facet normal -0.123437 0.111855 0.986028
outer loop
vertex 1.979899 -1.979899 3.964968
vertex 1.178869 -1.055323 3.759806
vertex 1.167064 -1.058127 3.758647
endloop
endfacet
facet normal -0.123413 0.111877 0.986029
outer loop
vertex 1.979899 -1.979899 3.964968
vertex 1.167064 -1.058127 3.758647
vertex 1.154523 -1.060812 3.757382
endloop
endfacet
facet normal -0.123433 0.111858 0.986028
outer loop
vertex 1.127231 -1.065824 3.754534
vertex 1.112479 -1.068151 3.752951
vertex 1.979899 -1.979899 3.964968
endloop
endfacet
facet normal -0.123435 0.111855 0.986029
outer loop
vertex 1.979899 -1.979899 3.964968
vertex 1.154523 -1.060812 3.757382
vertex 1.141245 -1.063378 3.756011
endloop
endfacet
facet normal -0.123413 0.111877 0.986029
outer loop
vertex 1.979899 -1.979899 3.964968
vertex 1.141245 -1.063378 3.756011
vertex 1.127231 -1.065824 3.754534
endloop
endfacet
facet normal -0.133796 0.0992289 0.986029
outer loop
vertex 1.167642 -0.839104 3.735398
vertex 1.174104 -0.963563 3.748800
vertex 2.164429 -1.776301 3.964968
endloop
endfacet
facet normal -0.133795 0.0992294 0.986029
outer loop
vertex 2.164429 -1.776301 3.964968
vertex 2.328115 -1.555597 3.964968
vertex 1.164057 -0.777798 3.728742
endloop
endfacet
facet normal -0.133796 0.09923 0.986028
outer loop
vertex 1.164057 -0.777798 3.728742
vertex 1.112171 -0.847759 3.728742
vertex 1.119561 -0.847138 3.729682
endloop
endfacet
facet normal -0.133741 0.0987394 0.986085
outer loop
vertex 1.119561 -0.847138 3.729682
vertex 1.127119 -0.846263 3.730620
vertex 1.134140 -0.845269 3.731472
endloop
endfacet
facet normal -0.133365 0.0963073 0.986376
outer loop
vertex 1.134140 -0.845269 3.731472
vertex 1.141053 -0.844195 3.732302
vertex 1.147861 -0.843041 3.733110
endloop
endfacet
facet normal -0.134059 0.100786 0.985835
outer loop
vertex 1.147861 -0.843041 3.733110
vertex 1.154561 -0.841808 3.733895
vertex 1.161155 -0.840496 3.734658
endloop
endfacet
facet normal -0.133795 0.0992292 0.986029
outer loop
vertex 1.167642 -0.839104 3.735398
vertex 2.164429 -1.776301 3.964968
vertex 1.164057 -0.777798 3.728742
endloop
endfacet
facet normal -0.133602 0.0981996 0.986158
outer loop
vertex 1.147861 -0.843041 3.733110
vertex 1.161155 -0.840496 3.734658
vertex 1.167642 -0.839104 3.735398
endloop
endfacet
facet normal -0.133791 0.0991816 0.986034
outer loop
vertex 1.119561 -0.847138 3.729682
vertex 1.134140 -0.845269 3.731472
vertex 1.147861 -0.843041 3.733110
endloop
endfacet
facet normal -0.133795 0.0992292 0.986029
outer loop
vertex 1.167642 -0.839104 3.735398
vertex 1.164057 -0.777798 3.728742
vertex 1.119561 -0.847138 3.729682
endloop
endfacet
facet normal -0.133811 0.0993366 0.986016
outer loop
vertex 1.119561 -0.847138 3.729682
vertex 1.147861 -0.843041 3.733110
vertex 1.167642 -0.839104 3.735398
endloop
endfacet
facet normal -0.142878 0.085635 0.986029
outer loop
vertex 1.587968 -0.874544 3.798569
vertex 1.562552 -0.835201 3.791470
vertex 1.234690 -0.659955 3.728742
endloop
endfacet
facet normal -0.142877 0.0856372 0.986029
outer loop
vertex 1.234690 -0.659955 3.728742
vertex 1.164057 -0.777798 3.728742
vertex 2.328115 -1.555597 3.964968
endloop
endfacet
facet normal -0.142877 0.085637 0.986029
outer loop
vertex 2.328115 -1.555597 3.964968
vertex 2.469379 -1.319911 3.964968
vertex 2.058739 -1.100419 3.886403
endloop
endfacet
facet normal -0.14288 0.0856352 0.986028
outer loop
vertex 2.328115 -1.555597 3.964968
vertex 2.058739 -1.100419 3.886403
vertex 2.006366 -1.098281 3.878628
endloop
endfacet
facet normal -0.142875 0.0856411 0.986029
outer loop
vertex 1.625124 -0.920246 3.807923
vertex 1.587968 -0.874544 3.798569
vertex 1.234690 -0.659955 3.728742
endloop
endfacet
facet normal -0.142879 0.0856338 0.986029
outer loop
vertex 1.666984 -0.961413 3.817564
vertex 1.625124 -0.920246 3.807923
vertex 1.234690 -0.659955 3.728742
endloop
endfacet
facet normal -0.142876 0.0856382 0.986029
outer loop
vertex 2.328115 -1.555597 3.964968
vertex 2.006366 -1.098281 3.878628
vertex 1.940082 -1.089689 3.868277
endloop
endfacet
facet normal -0.142878 0.0856363 0.986029
outer loop
vertex 2.328115 -1.555597 3.964968
vertex 1.940082 -1.089689 3.868277
vertex 1.877659 -1.075370 3.857988
endloop
endfacet
facet normal -0.142876 0.0856381 0.986029
outer loop
vertex 1.666984 -0.961413 3.817564
vertex 1.234690 -0.659955 3.728742
vertex 2.328115 -1.555597 3.964968
endloop
endfacet
facet normal -0.14289 0.0856223 0.986028
outer loop
vertex 1.713547 -0.998047 3.827492
vertex 1.666984 -0.961413 3.817564
vertex 2.328115 -1.555597 3.964968
endloop
endfacet
facet normal -0.142874 0.0856396 0.986029
outer loop
vertex 2.328115 -1.555597 3.964968
vertex 1.877659 -1.075370 3.857988
vertex 1.819095 -1.055323 3.847761
endloop
endfacet
facet normal -0.142869 0.0856466 0.986029
outer loop
vertex 1.764391 -1.029549 3.837596
vertex 1.713547 -0.998047 3.827492
vertex 2.328115 -1.555597 3.964968
endloop
endfacet
facet normal -0.142885 0.085629 0.986028
outer loop
vertex 2.328115 -1.555597 3.964968
vertex 1.819095 -1.055323 3.847761
vertex 1.764391 -1.029549 3.837596
endloop
endfacet
facet normal -0.150584 0.0712181 0.986029
outer loop
vertex 1.486833 -0.646988 3.766312
vertex 1.480631 -0.613297 3.762931
vertex 1.293431 -0.535757 3.728742
endloop
endfacet
facet normal -0.150583 0.0712206 0.986029
outer loop
vertex 1.293431 -0.535757 3.728742
vertex 1.234690 -0.659955 3.728742
vertex 1.562552 -0.835201 3.791470
endloop
endfacet
facet normal -0.150615 0.071192 0.986026
outer loop
vertex 1.293431 -0.535757 3.728742
vertex 1.562552 -0.835201 3.791470
vertex 1.555514 -0.824307 3.789608
endloop
endfacet
facet normal -0.150581 0.0712229 0.986029
outer loop
vertex 1.504716 -0.710231 3.773611
vertex 1.486833 -0.646988 3.766312
vertex 1.293431 -0.535757 3.728742
endloop
endfacet
facet normal -0.150576 0.0712269 0.986029
outer loop
vertex 1.293431 -0.535757 3.728742
vertex 1.555514 -0.824307 3.789608
vertex 1.527763 -0.769536 3.781414
endloop
endfacet
facet normal -0.150586 0.0712169 0.986028
outer loop
vertex 1.293431 -0.535757 3.728742
vertex 1.527763 -0.769536 3.781414
vertex 1.504716 -0.710231 3.773611
endloop
endfacet
facet normal -0.151068 0.0707334 0.98599
outer loop
vertex 1.836458 -0.760686 3.827918
vertex 1.837290 -0.761740 3.828121
vertex 1.865616 -0.790419 3.834518
endloop
endfacet
facet normal -0.1506 0.071194 0.986028
outer loop
vertex 1.865616 -0.790419 3.834518
vertex 1.897503 -0.815358 3.841189
vertex 1.933139 -0.835763 3.848105
endloop
endfacet
facet normal -0.150593 0.0711935 0.986029
outer loop
vertex 1.933139 -0.835763 3.848105
vertex 1.972523 -0.851633 3.855266
vertex 2.015656 -0.862969 3.862672
endloop
endfacet
facet normal -0.150588 0.071171 0.986031
outer loop
vertex 2.015656 -0.862969 3.862672
vertex 2.062536 -0.869771 3.870323
vertex 2.104330 -0.871642 3.876841
endloop
endfacet
facet normal -0.150585 0.0712161 0.986029
outer loop
vertex 2.104330 -0.871642 3.876841
vertex 1.836458 -0.760686 3.827918
vertex 1.865616 -0.790419 3.834518
endloop
endfacet
facet normal -0.150587 0.071214 0.986028
outer loop
vertex 1.865616 -0.790419 3.834518
vertex 1.933139 -0.835763 3.848105
vertex 2.015656 -0.862969 3.862672
endloop
endfacet
facet normal -0.150582 0.0712226 0.986029
outer loop
vertex 1.865616 -0.790419 3.834518
vertex 2.015656 -0.862969 3.862672
vertex 2.104330 -0.871642 3.876841
endloop
endfacet
facet normal -0.150578 0.0712301 0.986029
outer loop
vertex 2.076509 -1.101145 3.889169
vertex 2.058739 -1.100419 3.886403
vertex 2.469379 -1.319911 3.964968
endloop
endfacet
facet normal -0.150583 0.0712208 0.986029
outer loop
vertex 2.469379 -1.319911 3.964968
vertex 2.586863 -1.071514 3.964968
vertex 2.446364 -1.013317 3.939308
endloop
endfacet
facet normal -0.150579 0.0712212 0.986029
outer loop
vertex 2.469379 -1.319911 3.964968
vertex 2.446364 -1.013317 3.939308
vertex 2.414819 -1.029549 3.935663
endloop
endfacet
facet normal -0.150583 0.0712211 0.986029
outer loop
vertex 2.148464 -1.098281 3.899951
vertex 2.076509 -1.101145 3.889169
vertex 2.469379 -1.319911 3.964968
endloop
endfacet
facet normal -0.150583 0.0712212 0.986029
outer loop
vertex 2.218272 -1.089689 3.909991
vertex 2.148464 -1.098281 3.899951
vertex 2.469379 -1.319911 3.964968
endloop
endfacet
facet normal -0.150582 0.0712206 0.986029
outer loop
vertex 2.469379 -1.319911 3.964968
vertex 2.414819 -1.029549 3.935663
vertex 2.351450 -1.055323 3.927847
endloop
endfacet
facet normal -0.150583 0.0712212 0.986029
outer loop
vertex 2.285934 -1.075370 3.919290
vertex 2.218272 -1.089689 3.909991
vertex 2.469379 -1.319911 3.964968
endloop
endfacet
facet normal -0.150585 0.0712191 0.986028
outer loop
vertex 2.469379 -1.319911 3.964968
vertex 2.351450 -1.055323 3.927847
vertex 2.285934 -1.075370 3.919290
endloop
endfacet
facet normal -0.156839 0.0561172 0.986029
outer loop
vertex 1.467944 -0.510479 3.755061
vertex 1.467046 -0.445023 3.751193
vertex 1.339716 -0.406399 3.728742
endloop
endfacet
facet normal -0.156839 0.0561177 0.986029
outer loop
vertex 1.339716 -0.406399 3.728742
vertex 1.293431 -0.535757 3.728742
vertex 1.480631 -0.613297 3.762931
endloop
endfacet
facet normal -0.156839 0.0561175 0.986029
outer loop
vertex 1.474576 -0.580404 3.760096
vertex 1.467944 -0.510479 3.755061
vertex 1.339716 -0.406399 3.728742
endloop
endfacet
facet normal -0.156835 0.0561203 0.986029
outer loop
vertex 1.339716 -0.406399 3.728742
vertex 1.480631 -0.613297 3.762931
vertex 1.474576 -0.580404 3.760096
endloop
endfacet
facet normal -0.15684 0.056118 0.986028
outer loop
vertex 2.586863 -1.071514 3.964968
vertex 2.666670 -0.848468 3.964968
vertex 2.641501 -0.874544 3.962449
endloop
endfacet
facet normal -0.15684 0.056118 0.986028
outer loop
vertex 2.586863 -1.071514 3.964968
vertex 2.641501 -0.874544 3.962449
vertex 2.589680 -0.920246 3.956807
endloop
endfacet
facet normal -0.156841 0.056114 0.986028
outer loop
vertex 2.476043 -0.998047 3.943160
vertex 2.446364 -1.013317 3.939308
vertex 2.586863 -1.071514 3.964968
endloop
endfacet
facet normal -0.156839 0.056118 0.986029
outer loop
vertex 2.586863 -1.071514 3.964968
vertex 2.589680 -0.920246 3.956807
vertex 2.534527 -0.961413 3.950377
endloop
endfacet
facet normal -0.156838 0.0561184 0.986029
outer loop
vertex 2.586863 -1.071514 3.964968
vertex 2.534527 -0.961413 3.950377
vertex 2.476043 -0.998047 3.943160
endloop
endfacet
facet normal -0.156835 0.0560603 0.986032
outer loop
vertex 2.104330 -0.871642 3.876841
vertex 2.113166 -0.872038 3.878268
vertex 2.165416 -0.869771 3.886450
endloop
endfacet
facet normal -0.156843 0.0561333 0.986027
outer loop
vertex 2.165416 -0.869771 3.886450
vertex 2.215249 -0.862969 3.893990
vertex 2.262666 -0.851633 3.900887
endloop
endfacet
facet normal -0.156841 0.0561261 0.986028
outer loop
vertex 2.262666 -0.851633 3.900887
vertex 2.307665 -0.835763 3.907141
vertex 2.350248 -0.815358 3.912753
endloop
endfacet
facet normal -0.156853 0.056138 0.986025
outer loop
vertex 2.350248 -0.815358 3.912753
vertex 2.390414 -0.790419 3.917723
vertex 2.428135 -0.761740 3.922091
endloop
endfacet
facet normal -0.15684 0.0561148 0.986029
outer loop
vertex 2.428135 -0.761740 3.922091
vertex 2.449106 -0.742928 3.924356
vertex 1.737871 -0.527177 3.798947
endloop
endfacet
facet normal -0.158075 0.0558803 0.985845
outer loop
vertex 1.737871 -0.527177 3.798947
vertex 1.738035 -0.528656 3.799057
vertex 1.746280 -0.574199 3.802960
endloop
endfacet
facet normal -0.1568 0.0561305 0.986034
outer loop
vertex 1.746280 -0.574199 3.802960
vertex 1.757733 -0.617594 3.807252
vertex 1.772561 -0.658046 3.811913
endloop
endfacet
facet normal -0.156851 0.0561107 0.986027
outer loop
vertex 1.772561 -0.658046 3.811913
vertex 1.790763 -0.695554 3.816942
vertex 1.812339 -0.730119 3.822342
endloop
endfacet
facet normal -0.156836 0.0561226 0.986029
outer loop
vertex 1.812339 -0.730119 3.822342
vertex 1.836458 -0.760686 3.827918
vertex 2.104330 -0.871642 3.876841
endloop
endfacet
facet normal -0.156836 0.056094 0.98603
outer loop
vertex 2.104330 -0.871642 3.876841
vertex 2.165416 -0.869771 3.886450
vertex 2.262666 -0.851633 3.900887
endloop
endfacet
facet normal -0.156835 0.0561111 0.98603
outer loop
vertex 2.262666 -0.851633 3.900887
vertex 2.350248 -0.815358 3.912753
vertex 2.428135 -0.761740 3.922091
endloop
endfacet
facet normal -0.156839 0.056117 0.986029
outer loop
vertex 2.428135 -0.761740 3.922091
vertex 1.737871 -0.527177 3.798947
vertex 1.746280 -0.574199 3.802960
endloop
endfacet
facet normal -0.156839 0.0561175 0.986029
outer loop
vertex 1.746280 -0.574199 3.802960
vertex 1.772561 -0.658046 3.811913
vertex 1.812339 -0.730119 3.822342
endloop
endfacet
facet normal -0.156839 0.056118 0.986029
outer loop
vertex 1.812339 -0.730119 3.822342
vertex 2.104330 -0.871642 3.876841
vertex 2.262666 -0.851633 3.900887
endloop
endfacet
facet normal -0.156839 0.0561179 0.986029
outer loop
vertex 2.262666 -0.851633 3.900887
vertex 2.428135 -0.761740 3.922091
vertex 1.746280 -0.574199 3.802960
endloop
endfacet
facet normal -0.156839 0.0561177 0.986029
outer loop
vertex 2.262666 -0.851633 3.900887
vertex 1.746280 -0.574199 3.802960
vertex 1.812339 -0.730119 3.822342
endloop
endfacet
facet normal -0.161584 0.0404747 0.986029
outer loop
vertex 1.480044 -0.294399 3.747140
vertex 1.373099 -0.273126 3.728742
vertex 1.339716 -0.406399 3.728742
endloop
endfacet
facet normal -0.16158 0.0404893 0.986029
outer loop
vertex 1.339716 -0.406399 3.728742
vertex 1.467046 -0.445023 3.751193
vertex 1.466939 -0.437212 3.750855
endloop
endfacet
facet normal -0.161585 0.0404762 0.986028
outer loop
vertex 1.471559 -0.360605 3.748468
vertex 1.480044 -0.294399 3.747140
vertex 1.339716 -0.406399 3.728742
endloop
endfacet
facet normal -0.161584 0.0404727 0.986029
outer loop
vertex 1.339716 -0.406399 3.728742
vertex 1.466939 -0.437212 3.750855
vertex 1.471559 -0.360605 3.748468
endloop
endfacet
facet normal -0.161583 0.0404777 0.986029
outer loop
vertex 2.606838 -0.518532 3.940993
vertex 1.734531 -0.345020 3.790922
vertex 1.731541 -0.383913 3.792029
endloop
endfacet
facet normal -0.161661 0.0404728 0.986016
outer loop
vertex 1.731541 -0.383913 3.792029
vertex 1.730665 -0.433513 3.793921
vertex 1.732830 -0.481761 3.796256
endloop
endfacet
facet normal -0.161584 0.0404748 0.986029
outer loop
vertex 1.732830 -0.481761 3.796256
vertex 1.737871 -0.527177 3.798947
vertex 2.449106 -0.742928 3.924356
endloop
endfacet
facet normal -0.161488 0.040378 0.986048
outer loop
vertex 2.449106 -0.742928 3.924356
vertex 2.463384 -0.730119 3.926169
vertex 2.496161 -0.695554 3.930122
endloop
endfacet
facet normal -0.16153 0.0404327 0.986039
outer loop
vertex 2.496161 -0.695554 3.930122
vertex 2.526465 -0.658046 3.933548
vertex 2.554297 -0.617594 3.936449
endloop
endfacet
facet normal -0.161592 0.04048 0.986027
outer loop
vertex 2.554297 -0.617594 3.936449
vertex 2.579656 -0.574199 3.938823
vertex 2.602475 -0.528656 3.940693
endloop
endfacet
facet normal -0.161584 0.040476 0.986029
outer loop
vertex 2.602475 -0.528656 3.940693
vertex 2.606838 -0.518532 3.940993
vertex 1.731541 -0.383913 3.792029
endloop
endfacet
facet normal -0.161584 0.0404744 0.986029
outer loop
vertex 1.731541 -0.383913 3.792029
vertex 1.732830 -0.481761 3.796256
vertex 2.449106 -0.742928 3.924356
endloop
endfacet
facet normal -0.161575 0.0404671 0.98603
outer loop
vertex 2.449106 -0.742928 3.924356
vertex 2.496161 -0.695554 3.930122
vertex 2.554297 -0.617594 3.936449
endloop
endfacet
facet normal -0.161584 0.0404757 0.986029
outer loop
vertex 2.554297 -0.617594 3.936449
vertex 2.602475 -0.528656 3.940693
vertex 1.731541 -0.383913 3.792029
endloop
endfacet
facet normal -0.161584 0.0404746 0.986029
outer loop
vertex 1.731541 -0.383913 3.792029
vertex 2.449106 -0.742928 3.924356
vertex 2.554297 -0.617594 3.936449
endloop
endfacet
facet normal -0.164773 0.0244416 0.986029
outer loop
vertex 1.510425 -0.148764 3.748607
vertex 1.393259 -0.137224 3.728742
vertex 1.373099 -0.273126 3.728742
endloop
endfacet
facet normal -0.164774 0.0244361 0.986029
outer loop
vertex 1.373099 -0.273126 3.728742
vertex 1.480044 -0.294399 3.747140
vertex 1.481805 -0.280656 3.747094
endloop
endfacet
facet normal -0.164776 0.0244447 0.986028
outer loop
vertex 1.497356 -0.199375 3.747678
vertex 1.510425 -0.148764 3.748607
vertex 1.373099 -0.273126 3.728742
endloop
endfacet
facet normal -0.164774 0.0244411 0.986028
outer loop
vertex 1.373099 -0.273126 3.728742
vertex 1.481805 -0.280656 3.747094
vertex 1.497356 -0.199375 3.747678
endloop
endfacet
facet normal -0.164038 0.0242619 0.986156
outer loop
vertex 1.765407 -0.173877 3.791839
vertex 1.764851 -0.175728 3.791792
vertex 1.752338 -0.227456 3.790984
endloop
endfacet
facet normal -0.164791 0.0244437 0.986026
outer loop
vertex 1.752338 -0.227456 3.790984
vertex 1.742414 -0.280656 3.790644
vertex 1.735457 -0.332961 3.790778
endloop
endfacet
facet normal -0.164774 0.0244397 0.986029
outer loop
vertex 1.735457 -0.332961 3.790778
vertex 1.734531 -0.345020 3.790922
vertex 2.606838 -0.518532 3.940993
endloop
endfacet
facet normal -0.164806 0.0244555 0.986023
outer loop
vertex 2.606838 -0.518532 3.940993
vertex 2.622687 -0.481761 3.942729
vertex 2.640290 -0.433513 3.944475
endloop
endfacet
facet normal -0.164728 0.0244282 0.986036
outer loop
vertex 2.640290 -0.433513 3.944475
vertex 2.655287 -0.383913 3.945752
vertex 2.667675 -0.332961 3.946559
endloop
endfacet
facet normal -0.16449 0.024391 0.986077
outer loop
vertex 2.667675 -0.332961 3.946559
vertex 2.677456 -0.280656 3.946897
vertex 2.679685 -0.263926 3.946855
endloop
endfacet
facet normal -0.164773 0.0244433 0.986029
outer loop
vertex 2.679685 -0.263926 3.946855
vertex 1.765407 -0.173877 3.791839
vertex 1.752338 -0.227456 3.790984
endloop
endfacet
facet normal -0.164773 0.0244408 0.986029
outer loop
vertex 1.752338 -0.227456 3.790984
vertex 1.735457 -0.332961 3.790778
vertex 2.606838 -0.518532 3.940993
endloop
endfacet
facet normal -0.164759 0.0244369 0.986031
outer loop
vertex 2.606838 -0.518532 3.940993
vertex 2.640290 -0.433513 3.944475
vertex 2.667675 -0.332961 3.946559
endloop
endfacet
facet normal -0.164773 0.0244404 0.986029
outer loop
vertex 2.667675 -0.332961 3.946559
vertex 2.679685 -0.263926 3.946855
vertex 1.752338 -0.227456 3.790984
endloop
endfacet
facet normal -0.164773 0.0244415 0.986029
outer loop
vertex 1.752338 -0.227456 3.790984
vertex 2.606838 -0.518532 3.940993
vertex 2.667675 -0.332961 3.946559
endloop
endfacet
facet normal -0.166376 0.00817354 0.986028
outer loop
vertex 1.561582 0.000000 3.756006
vertex 1.400000 0.000000 3.728742
vertex 1.393259 -0.137224 3.728742
endloop
endfacet
facet normal -0.166375 0.00817301 0.986029
outer loop
vertex 1.393259 -0.137224 3.728742
vertex 1.510425 -0.148764 3.748607
vertex 1.517431 -0.121634 3.749565
endloop
endfacet
facet normal -0.166373 0.00816924 0.986029
outer loop
vertex 1.542032 -0.047432 3.753100
vertex 1.561582 0.000000 3.756006
vertex 1.393259 -0.137224 3.728742
endloop
endfacet
facet normal -0.166375 0.00817416 0.986029
outer loop
vertex 1.393259 -0.137224 3.728742
vertex 1.517431 -0.121634 3.749565
vertex 1.542032 -0.047432 3.753100
endloop
endfacet
facet normal -0.166361 0.00816913 0.986031
outer loop
vertex 1.817920 -0.029374 3.799502
vertex 1.797642 -0.076687 3.796473
vertex 1.779952 -0.125472 3.793892
endloop
endfacet
facet normal -0.166376 0.00817283 0.986029
outer loop
vertex 1.779952 -0.125472 3.793892
vertex 1.765407 -0.173877 3.791839
vertex 2.679685 -0.263926 3.946855
endloop
endfacet
facet normal -0.166389 0.00817764 0.986026
outer loop
vertex 2.679685 -0.263926 3.946855
vertex 2.684489 -0.227874 3.947366
vertex 2.688482 -0.176444 3.947614
endloop
endfacet
facet normal -0.166388 0.00817295 0.986027
outer loop
vertex 2.688482 -0.176444 3.947614
vertex 2.689434 -0.126367 3.947359
vertex 2.687346 -0.077642 3.946603
endloop
endfacet
facet normal -0.166395 0.00816886 0.986025
outer loop
vertex 2.687346 -0.077642 3.946603
vertex 2.682218 -0.030269 3.945345
vertex 2.676844 0.000000 3.944188
endloop
endfacet
facet normal -0.166376 0.0081718 0.986029
outer loop
vertex 2.676844 0.000000 3.944188
vertex 1.832573 0.000000 3.801731
vertex 1.817920 -0.029374 3.799502
endloop
endfacet
facet normal -0.166375 0.00817475 0.986029
outer loop
vertex 1.817920 -0.029374 3.799502
vertex 1.779952 -0.125472 3.793892
vertex 2.679685 -0.263926 3.946855
endloop
endfacet
facet normal -0.166349 0.00817347 0.986033
outer loop
vertex 2.679685 -0.263926 3.946855
vertex 2.688482 -0.176444 3.947614
vertex 2.687346 -0.077642 3.946603
endloop
endfacet
facet normal -0.166376 0.00817159 0.986029
outer loop
vertex 2.687346 -0.077642 3.946603
vertex 2.676844 0.000000 3.944188
vertex 1.817920 -0.029374 3.799502
endloop
endfacet
facet normal -0.166375 0.00817457 0.986029
outer loop
vertex 2.679685 -0.263926 3.946855
vertex 2.687346 -0.077642 3.946603
vertex 1.817920 -0.029374 3.799502
endloop
endfacet
facet normal -0.0581545 -0.0028569 0.998304
outer loop
vertex 0.139905 0.013779 3.655377
vertex 0.049759 0.004901 3.650100
vertex 0.050000 0.000000 3.650100
endloop
endfacet
facet normal -0.0581539 -0.00286087 0.998304
outer loop
vertex 0.139905 0.013779 3.655377
vertex 0.050000 0.000000 3.650100
vertex 0.142351 0.000000 3.655480
endloop
endfacet
facet normal -0.0581539 -0.00285692 0.998304
outer loop
vertex 1.067065 0.000000 3.709347
vertex 1.400000 0.000000 3.728742
vertex 1.393259 0.137224 3.728742
endloop
endfacet
facet normal -0.0581539 -0.00285693 0.998304
outer loop
vertex 1.067065 0.000000 3.709347
vertex 1.393259 0.137224 3.728742
vertex 1.084149 0.106779 3.710648
endloop
endfacet
facet normal -0.0581544 -0.00285556 0.998304
outer loop
vertex 0.412445 0.000000 3.671214
vertex 0.810751 0.000000 3.694417
vertex 0.823732 0.081131 3.695405
endloop
endfacet
facet normal -0.058153 -0.00286492 0.998304
outer loop
vertex 0.823732 0.081131 3.695405
vertex 0.407332 0.040119 3.671031
vertex 0.410349 0.023229 3.671158
endloop
endfacet
facet normal -0.0581538 -0.00285865 0.998304
outer loop
vertex 0.823732 0.081131 3.695405
vertex 0.410349 0.023229 3.671158
vertex 0.412445 0.000000 3.671214
endloop
endfacet
facet normal -0.0575937 -0.0085513 0.998304
outer loop
vertex 0.139555 0.015751 3.655374
vertex 0.136587 0.027169 3.655300
vertex 0.049039 0.009755 3.650100
endloop
endfacet
facet normal -0.0575944 -0.00854332 0.998304
outer loop
vertex 0.049039 0.009755 3.650100
vertex 0.049759 0.004901 3.650100
vertex 0.139905 0.013779 3.655377
endloop
endfacet
facet normal -0.0575949 -0.00853362 0.998304
outer loop
vertex 0.049039 0.009755 3.650100
vertex 0.139905 0.013779 3.655377
vertex 0.139555 0.015751 3.655374
endloop
endfacet
facet normal -0.0575939 -0.00854321 0.998304
outer loop
vertex 1.084149 0.106779 3.710648
vertex 1.393259 0.137224 3.728742
vertex 1.373099 0.273126 3.728742
endloop
endfacet
facet normal -0.0575937 -0.00854344 0.998304
outer loop
vertex 1.084149 0.106779 3.710648
vertex 1.373099 0.273126 3.728742
vertex 1.102141 0.219230 3.712649
endloop
endfacet
facet normal -0.0575936 -0.00854432 0.998304
outer loop
vertex 0.407332 0.040119 3.671031
vertex 0.823732 0.081131 3.695405
vertex 0.837403 0.166570 3.696925
endloop
endfacet
facet normal -0.057594 -0.0085427 0.998304
outer loop
vertex 0.407332 0.040119 3.671031
vertex 0.837403 0.166570 3.696925
vertex 0.400274 0.079619 3.670962
endloop
endfacet
facet normal -0.0564797 -0.0141474 0.998303
outer loop
vertex 0.133150 0.040390 3.655293
vertex 0.047847 0.014514 3.650100
vertex 0.049039 0.009755 3.650100
endloop
endfacet
facet normal -0.0564815 -0.0141426 0.998304
outer loop
vertex 0.133150 0.040390 3.655293
vertex 0.049039 0.009755 3.650100
vertex 0.136587 0.027169 3.655300
endloop
endfacet
facet normal -0.0564791 -0.0141473 0.998304
outer loop
vertex 1.102141 0.219230 3.712649
vertex 1.373099 0.273126 3.728742
vertex 1.339716 0.406399 3.728742
endloop
endfacet
facet normal -0.0564799 -0.0141463 0.998303
outer loop
vertex 1.102141 0.219230 3.712649
vertex 1.339716 0.406399 3.728742
vertex 1.121497 0.340202 3.715458
endloop
endfacet
facet normal -0.0564829 -0.0141287 0.998304
outer loop
vertex 0.398357 0.090350 3.671005
vertex 0.400274 0.079619 3.670962
vertex 0.837403 0.166570 3.696925
endloop
endfacet
facet normal -0.0564793 -0.0141472 0.998304
outer loop
vertex 0.837403 0.166570 3.696925
vertex 0.852109 0.258484 3.699059
vertex 0.390567 0.118477 3.670963
endloop
endfacet
facet normal -0.0564786 -0.0141537 0.998303
outer loop
vertex 0.837403 0.166570 3.696925
vertex 0.390567 0.118477 3.670963
vertex 0.398357 0.090350 3.671005
endloop
endfacet
facet normal -0.0548201 -0.019615 0.998304
outer loop
vertex 0.129685 0.053717 3.655365
vertex 0.046194 0.019134 3.650100
vertex 0.047847 0.014514 3.650100
endloop
endfacet
facet normal -0.0548229 -0.0196094 0.998304
outer loop
vertex 0.129685 0.053717 3.655365
vertex 0.047847 0.014514 3.650100
vertex 0.133150 0.040390 3.655293
endloop
endfacet
facet normal -0.0548209 -0.0196152 0.998303
outer loop
vertex 1.121497 0.340202 3.715458
vertex 1.339716 0.406399 3.728742
vertex 1.293431 0.535757 3.728742
endloop
endfacet
facet normal -0.0548196 -0.0196163 0.998304
outer loop
vertex 1.121497 0.340202 3.715458
vertex 1.293431 0.535757 3.728742
vertex 1.142803 0.473365 3.719244
endloop
endfacet
facet normal -0.0548207 -0.0196146 0.998304
outer loop
vertex 0.380747 0.153931 3.671121
vertex 0.390567 0.118477 3.670963
vertex 0.852109 0.258484 3.699059
endloop
endfacet
facet normal -0.0548209 -0.0196136 0.998304
outer loop
vertex 0.852109 0.258484 3.699059
vertex 0.868297 0.359660 3.701936
vertex 0.379497 0.157193 3.671116
endloop
endfacet
facet normal -0.0548186 -0.0196237 0.998303
outer loop
vertex 0.852109 0.258484 3.699059
vertex 0.379497 0.157193 3.671116
vertex 0.380747 0.153931 3.671121
endloop
endfacet
facet normal -0.0524817 -0.0248441 0.998313
outer loop
vertex 0.129685 0.053717 3.655365
vertex 0.128155 0.059603 3.655431
vertex 0.125453 0.067056 3.655474
endloop
endfacet
facet normal -0.0526335 -0.0248937 0.998304
outer loop
vertex 0.125453 0.067056 3.655474
vertex 0.044096 0.023570 3.650100
vertex 0.046194 0.019134 3.650100
endloop
endfacet
facet normal -0.0526342 -0.0248924 0.998304
outer loop
vertex 0.125453 0.067056 3.655474
vertex 0.046194 0.019134 3.650100
vertex 0.129685 0.053717 3.655365
endloop
endfacet
facet normal -0.0526336 -0.0248939 0.998304
outer loop
vertex 1.142803 0.473365 3.719244
vertex 1.293431 0.535757 3.728742
vertex 1.234690 0.659955 3.728742
endloop
endfacet
facet normal -0.0526355 -0.0248929 0.998304
outer loop
vertex 1.142803 0.473365 3.719244
vertex 1.234690 0.659955 3.728742
vertex 1.166856 0.623698 3.724261
endloop
endfacet
facet normal -0.0526328 -0.0248962 0.998303
outer loop
vertex 0.379497 0.157193 3.671116
vertex 0.868297 0.359660 3.701936
vertex 0.886573 0.473883 3.705748
endloop
endfacet
facet normal -0.0526359 -0.0248912 0.998303
outer loop
vertex 0.379497 0.157193 3.671116
vertex 0.886573 0.473883 3.705748
vertex 0.364975 0.195083 3.671295
endloop
endfacet
facet normal -0.049941 -0.0299334 0.998303
outer loop
vertex 0.120558 0.080554 3.655634
vertex 0.041573 0.027779 3.650100
vertex 0.044096 0.023570 3.650100
endloop
endfacet
facet normal -0.0499362 -0.0299399 0.998304
outer loop
vertex 0.120558 0.080554 3.655634
vertex 0.044096 0.023570 3.650100
vertex 0.125453 0.067056 3.655474
endloop
endfacet
facet normal -0.0499412 -0.0299326 0.998304
outer loop
vertex 0.886573 0.473883 3.705748
vertex 0.907803 0.606575 3.710789
vertex 0.348264 0.232703 3.671587
endloop
endfacet
facet normal -0.0499412 -0.0299326 0.998303
outer loop
vertex 0.357933 0.213455 3.671494
vertex 0.364975 0.195083 3.671295
vertex 0.886573 0.473883 3.705748
endloop
endfacet
facet normal -0.0499407 -0.0299337 0.998303
outer loop
vertex 0.348264 0.232703 3.671587
vertex 0.357933 0.213455 3.671494
vertex 0.886573 0.473883 3.705748
endloop
endfacet
facet normal -0.0499412 -0.0299336 0.998303
outer loop
vertex 1.166856 0.623698 3.724261
vertex 1.234690 0.659955 3.728742
vertex 1.185728 0.741644 3.728742
endloop
endfacet
facet normal -0.0467662 -0.0346842 0.998304
outer loop
vertex 0.115420 0.094723 3.655886
vertex 0.038651 0.031720 3.650100
vertex 0.041573 0.027779 3.650100
endloop
endfacet
facet normal -0.046768 -0.0346822 0.998304
outer loop
vertex 0.115420 0.094723 3.655886
vertex 0.041573 0.027779 3.650100
vertex 0.120558 0.080554 3.655634
endloop
endfacet
facet normal -0.0467658 -0.0346849 0.998303
outer loop
vertex 0.330331 0.268405 3.671988
vertex 0.348264 0.232703 3.671587
vertex 0.907803 0.606575 3.710789
endloop
endfacet
facet normal -0.0467667 -0.0346834 0.998304
outer loop
vertex 0.907803 0.606575 3.710789
vertex 0.933302 0.765941 3.717520
vertex 0.329198 0.270166 3.671996
endloop
endfacet
facet normal -0.0467746 -0.0346695 0.998304
outer loop
vertex 0.907803 0.606575 3.710789
vertex 0.329198 0.270166 3.671996
vertex 0.330331 0.268405 3.671988
endloop
endfacet
facet normal -0.0433932 -0.0392054 0.998288
outer loop
vertex 0.115420 0.094723 3.655886
vertex 0.113335 0.100473 3.656021
vertex 0.109155 0.109155 3.656180
endloop
endfacet
facet normal -0.0431409 -0.0391006 0.998304
outer loop
vertex 0.109155 0.109155 3.656180
vertex 0.035355 0.035355 3.650100
vertex 0.038651 0.031720 3.650100
endloop
endfacet
facet normal -0.0431442 -0.0390976 0.998304
outer loop
vertex 0.109155 0.109155 3.656180
vertex 0.038651 0.031720 3.650100
vertex 0.115420 0.094723 3.655886
endloop
endfacet
facet normal -0.0431414 -0.0391009 0.998304
outer loop
vertex 0.306095 0.306095 3.672405
vertex 0.329198 0.270166 3.671996
vertex 0.933302 0.765941 3.717520
endloop
endfacet
facet normal -0.0431415 -0.0391008 0.998304
outer loop
vertex 0.306095 0.306095 3.672405
vertex 0.933302 0.765941 3.717520
vertex 0.965180 0.965180 3.726701
endloop
endfacet
facet normal -0.0391012 -0.0431415 0.998304
outer loop
vertex 0.101917 0.124186 3.656546
vertex 0.031720 0.038651 3.650100
vertex 0.035355 0.035355 3.650100
endloop
endfacet
facet normal -0.0390966 -0.0431448 0.998303
outer loop
vertex 0.101917 0.124186 3.656546
vertex 0.035355 0.035355 3.650100
vertex 0.109155 0.109155 3.656180
endloop
endfacet
facet normal -0.0391028 -0.0431433 0.998303
outer loop
vertex 0.965180 0.965180 3.726701
vertex 0.971778 1.006419 3.728742
vertex 0.888151 1.082215 3.728742
endloop
endfacet
facet normal -0.0391057 -0.0431375 0.998303
outer loop
vertex 0.888151 1.082215 3.728742
vertex 0.279877 0.341031 3.672887
vertex 0.297939 0.318780 3.672633
endloop
endfacet
facet normal -0.0390927 -0.0431496 0.998303
outer loop
vertex 0.297939 0.318780 3.672633
vertex 0.306095 0.306095 3.672405
vertex 0.965180 0.965180 3.726701
endloop
endfacet
facet normal -0.0391003 -0.0431417 0.998303
outer loop
vertex 0.888151 1.082215 3.728742
vertex 0.297939 0.318780 3.672633
vertex 0.965180 0.965180 3.726701
endloop
endfacet
facet normal -0.0343618 -0.0466066 0.998322
outer loop
vertex 0.101917 0.124186 3.656546
vertex 0.095094 0.138359 3.656973
vertex 0.093820 0.140411 3.657025
endloop
endfacet
facet normal -0.0346843 -0.0467665 0.998304
outer loop
vertex 0.093820 0.140411 3.657025
vertex 0.027779 0.041573 3.650100
vertex 0.031720 0.038651 3.650100
endloop
endfacet
facet normal -0.0346838 -0.0467667 0.998304
outer loop
vertex 0.093820 0.140411 3.657025
vertex 0.031720 0.038651 3.650100
vertex 0.101917 0.124186 3.656546
endloop
endfacet
facet normal -0.0346809 -0.0467689 0.998304
outer loop
vertex 0.260759 0.364582 3.673326
vertex 0.279877 0.341031 3.672887
vertex 0.888151 1.082215 3.728742
endloop
endfacet
facet normal -0.0346842 -0.0467662 0.998303
outer loop
vertex 0.888151 1.082215 3.728742
vertex 0.777798 1.164057 3.728742
vertex 0.250403 0.374754 3.673443
endloop
endfacet
facet normal -0.0346929 -0.0467584 0.998304
outer loop
vertex 0.888151 1.082215 3.728742
vertex 0.250403 0.374754 3.673443
vertex 0.260759 0.364582 3.673326
endloop
endfacet
facet normal -0.0299335 -0.0499408 0.998303
outer loop
vertex 0.083736 0.156659 3.657536
vertex 0.023570 0.044096 3.650100
vertex 0.027779 0.041573 3.650100
endloop
endfacet
facet normal -0.0299332 -0.049941 0.998304
outer loop
vertex 0.083736 0.156659 3.657536
vertex 0.027779 0.041573 3.650100
vertex 0.093820 0.140411 3.657025
endloop
endfacet
facet normal -0.0299294 -0.0499433 0.998304
outer loop
vertex 0.218789 0.405809 3.674049
vertex 0.250403 0.374754 3.673443
vertex 0.777798 1.164057 3.728742
endloop
endfacet
facet normal -0.0299332 -0.0499406 0.998303
outer loop
vertex 0.777798 1.164057 3.728742
vertex 0.659955 1.234690 3.728742
vertex 0.217465 0.406847 3.674061
endloop
endfacet
facet normal -0.0299655 -0.0499164 0.998304
outer loop
vertex 0.777798 1.164057 3.728742
vertex 0.217465 0.406847 3.674061
vertex 0.218789 0.405809 3.674049
endloop
endfacet
facet normal -0.02568 -0.0531234 0.998258
outer loop
vertex 0.083736 0.156659 3.657536
vertex 0.073432 0.173262 3.658154
vertex 0.072342 0.174649 3.658200
endloop
endfacet
facet normal -0.0248938 -0.0526336 0.998304
outer loop
vertex 0.072342 0.174649 3.658200
vertex 0.019134 0.046194 3.650100
vertex 0.023570 0.044096 3.650100
endloop
endfacet
facet normal -0.0249004 -0.0526311 0.998303
outer loop
vertex 0.072342 0.174649 3.658200
vertex 0.023570 0.044096 3.650100
vertex 0.083736 0.156659 3.657536
endloop
endfacet
facet normal -0.0248941 -0.052634 0.998304
outer loop
vertex 0.217465 0.406847 3.674061
vertex 0.659955 1.234690 3.728742
vertex 0.535757 1.293431 3.728742
endloop
endfacet
facet normal -0.0248954 -0.0526335 0.998304
outer loop
vertex 0.217465 0.406847 3.674061
vertex 0.535757 1.293431 3.728742
vertex 0.180518 0.435809 3.674667
endloop
endfacet
facet normal -0.0196152 -0.0548209 0.998304
outer loop
vertex 0.058372 0.192427 3.658902
vertex 0.014514 0.047847 3.650100
vertex 0.019134 0.046194 3.650100
endloop
endfacet
facet normal -0.0196085 -0.0548228 0.998304
outer loop
vertex 0.058372 0.192427 3.658902
vertex 0.019134 0.046194 3.650100
vertex 0.072342 0.174649 3.658200
endloop
endfacet
facet normal -0.0196134 -0.0548214 0.998304
outer loop
vertex 0.172031 0.442462 3.674865
vertex 0.180518 0.435809 3.674667
vertex 0.535757 1.293431 3.728742
endloop
endfacet
facet normal -0.0196151 -0.0548208 0.998304
outer loop
vertex 0.535757 1.293431 3.728742
vertex 0.406399 1.339716 3.728742
vertex 0.140172 0.462086 3.675317
endloop
endfacet
facet normal -0.0196172 -0.0548198 0.998304
outer loop
vertex 0.535757 1.293431 3.728742
vertex 0.140172 0.462086 3.675317
vertex 0.172031 0.442462 3.674865
endloop
endfacet
facet normal -0.0143119 -0.0566105 0.998294
outer loop
vertex 0.058372 0.192427 3.658902
vertex 0.048350 0.205182 3.659481
vertex 0.042079 0.211547 3.659752
endloop
endfacet
facet normal -0.0141471 -0.0564786 0.998304
outer loop
vertex 0.042079 0.211547 3.659752
vertex 0.009755 0.049039 3.650100
vertex 0.014514 0.047847 3.650100
endloop
endfacet
facet normal -0.0141551 -0.0564773 0.998304
outer loop
vertex 0.042079 0.211547 3.659752
vertex 0.014514 0.047847 3.650100
vertex 0.058372 0.192427 3.658902
endloop
endfacet
facet normal -0.0141416 -0.0564811 0.998303
outer loop
vertex 0.120888 0.473964 3.675716
vertex 0.140172 0.462086 3.675317
vertex 0.406399 1.339716 3.728742
endloop
endfacet
facet normal -0.0141474 -0.0564793 0.998303
outer loop
vertex 0.406399 1.339716 3.728742
vertex 0.273126 1.373099 3.728742
vertex 0.096542 0.485349 3.676015
endloop
endfacet
facet normal -0.0141497 -0.0564784 0.998304
outer loop
vertex 0.406399 1.339716 3.728742
vertex 0.096542 0.485349 3.676015
vertex 0.120888 0.473964 3.675716
endloop
endfacet
facet normal -0.00854334 -0.0575945 0.998303
outer loop
vertex 0.022767 0.231154 3.660718
vertex 0.004901 0.049759 3.650100
vertex 0.009755 0.049039 3.650100
endloop
endfacet
facet normal -0.0085337 -0.0575952 0.998304
outer loop
vertex 0.022767 0.231154 3.660718
vertex 0.009755 0.049039 3.650100
vertex 0.042079 0.211547 3.659752
endloop
endfacet
facet normal -0.00853966 -0.0575948 0.998304
outer loop
vertex 0.065766 0.499739 3.676582
vertex 0.096542 0.485349 3.676015
vertex 0.273126 1.373099 3.728742
endloop
endfacet
facet normal -0.00854323 -0.057594 0.998304
outer loop
vertex 0.273126 1.373099 3.728742
vertex 0.137224 1.393259 3.728742
vertex 0.049755 0.505170 3.676758
endloop
endfacet
facet normal -0.00854968 -0.0575924 0.998304
outer loop
vertex 0.273126 1.373099 3.728742
vertex 0.049755 0.505170 3.676758
vertex 0.065766 0.499739 3.676582
endloop
endfacet
facet normal -0.00285952 -0.0581539 0.998303
outer loop
vertex 0.019846 0.234118 3.660883
vertex 0.000000 0.249648 3.661731
vertex 0.000000 0.050000 3.650100
endloop
endfacet
facet normal -0.00285697 -0.0581546 0.998304
outer loop
vertex 0.000000 0.050000 3.650100
vertex 0.004901 0.049759 3.650100
vertex 0.022767 0.231154 3.660718
endloop
endfacet
facet normal -0.00287848 -0.0581518 0.998304
outer loop
vertex 0.000000 0.050000 3.650100
vertex 0.022767 0.231154 3.660718
vertex 0.019846 0.234118 3.660883
endloop
endfacet
facet normal -0.00285624 -0.0581542 0.998304
outer loop
vertex 0.006666 0.519786 3.677486
vertex 0.049755 0.505170 3.676758
vertex 0.137224 1.393259 3.728742
endloop
endfacet
facet normal -0.00285693 -0.058154 0.998303
outer loop
vertex 0.137224 1.393259 3.728742
vertex 0.000000 1.400000 3.728742
vertex 0.000000 0.521299 3.677555
endloop
endfacet
facet normal -0.00284615 -0.0581556 0.998303
outer loop
vertex 0.137224 1.393259 3.728742
vertex 0.000000 0.521299 3.677555
vertex 0.006666 0.519786 3.677486
endloop
endfacet
facet normal 0.00286073 -0.0581537 0.998304
outer loop
vertex -0.012304 0.259276 3.662327
vertex -0.026326 0.267288 3.662833
vertex -0.004901 0.049759 3.650100
endloop
endfacet
facet normal 0.00285694 -0.0581539 0.998304
outer loop
vertex -0.004901 0.049759 3.650100
vertex 0.000000 0.050000 3.650100
vertex 0.000000 0.249648 3.661731
endloop
endfacet
facet normal 0.0028552 -0.0581539 0.998304
outer loop
vertex -0.004901 0.049759 3.650100
vertex 0.000000 0.249648 3.661731
vertex -0.012304 0.259276 3.662327
endloop
endfacet
facet normal 0.00285692 -0.058154 0.998304
outer loop
vertex 0.000000 0.521299 3.677555
vertex 0.000000 1.400000 3.728742
vertex -0.137224 1.393259 3.728742
endloop
endfacet
facet normal 0.00285615 -0.0581541 0.998304
outer loop
vertex 0.000000 0.521299 3.677555
vertex -0.137224 1.393259 3.728742
vertex -0.052518 0.533220 3.678400
endloop
endfacet
facet normal 0.00857665 -0.0575366 0.998307
outer loop
vertex -0.026326 0.267288 3.662833
vertex -0.048329 0.279860 3.663747
vertex -0.056304 0.283060 3.664000
endloop
endfacet
facet normal 0.00854351 -0.0575943 0.998303
outer loop
vertex -0.056304 0.283060 3.664000
vertex -0.009755 0.049039 3.650100
vertex -0.004901 0.049759 3.650100
endloop
endfacet
facet normal 0.00854651 -0.0575937 0.998304
outer loop
vertex -0.056304 0.283060 3.664000
vertex -0.004901 0.049759 3.650100
vertex -0.026326 0.267288 3.662833
endloop
endfacet
facet normal 0.00854324 -0.057594 0.998304
outer loop
vertex -0.052518 0.533220 3.678400
vertex -0.137224 1.393259 3.728742
vertex -0.273126 1.373099 3.728742
endloop
endfacet
facet normal 0.00854193 -0.0575943 0.998303
outer loop
vertex -0.273126 1.373099 3.728742
vertex -0.107543 0.540655 3.679300
vertex -0.056414 0.534105 3.678484
endloop
endfacet
facet normal 0.00854948 -0.0575924 0.998304
outer loop
vertex -0.273126 1.373099 3.728742
vertex -0.056414 0.534105 3.678484
vertex -0.052518 0.533220 3.678400
endloop
endfacet
facet normal 0.0141475 -0.0564797 0.998304
outer loop
vertex -0.089882 0.296302 3.665225
vertex -0.014514 0.047847 3.650100
vertex -0.009755 0.049039 3.650100
endloop
endfacet
facet normal 0.0141466 -0.0564798 0.998304
outer loop
vertex -0.009755 0.049039 3.650100
vertex -0.056304 0.283060 3.664000
vertex -0.088227 0.295870 3.665177
endloop
endfacet
facet normal 0.0141556 -0.0564767 0.998304
outer loop
vertex -0.009755 0.049039 3.650100
vertex -0.088227 0.295870 3.665177
vertex -0.089882 0.296302 3.665225
endloop
endfacet
facet normal 0.0141474 -0.0564793 0.998304
outer loop
vertex -0.107543 0.540655 3.679300
vertex -0.273126 1.373099 3.728742
vertex -0.406399 1.339716 3.728742
endloop
endfacet
facet normal 0.0141481 -0.056479 0.998304
outer loop
vertex -0.406399 1.339716 3.728742
vertex -0.165135 0.544376 3.680326
vertex -0.123473 0.542696 3.679641
endloop
endfacet
facet normal 0.0141442 -0.0564804 0.998304
outer loop
vertex -0.406399 1.339716 3.728742
vertex -0.123473 0.542696 3.679641
vertex -0.107543 0.540655 3.679300
endloop
endfacet
facet normal 0.0196153 -0.0548209 0.998304
outer loop
vertex -0.019134 0.046194 3.650100
vertex -0.014514 0.047847 3.650100
vertex -0.089882 0.296302 3.665225
endloop
endfacet
facet normal 0.0196136 -0.0548214 0.998304
outer loop
vertex -0.019134 0.046194 3.650100
vertex -0.089882 0.296302 3.665225
vertex -0.126718 0.305925 3.666477
endloop
endfacet
facet normal 0.0196151 -0.0548207 0.998304
outer loop
vertex -0.165135 0.544376 3.680326
vertex -0.406399 1.339716 3.728742
vertex -0.535757 1.293431 3.728742
endloop
endfacet
facet normal 0.0196124 -0.0548219 0.998304
outer loop
vertex -0.535757 1.293431 3.728742
vertex -0.225462 0.544313 3.681508
vertex -0.194512 0.545560 3.680969
endloop
endfacet
facet normal 0.0196171 -0.0548197 0.998304
outer loop
vertex -0.535757 1.293431 3.728742
vertex -0.194512 0.545560 3.680969
vertex -0.165135 0.544376 3.680326
endloop
endfacet
facet normal 0.0249409 -0.0523552 0.998317
outer loop
vertex -0.126718 0.305925 3.666477
vertex -0.132000 0.307305 3.666682
vertex -0.166948 0.312338 3.667819
endloop
endfacet
facet normal 0.0248944 -0.0526342 0.998304
outer loop
vertex -0.166948 0.312338 3.667819
vertex -0.023570 0.044096 3.650100
vertex -0.019134 0.046194 3.650100
endloop
endfacet
facet normal 0.0248961 -0.0526333 0.998304
outer loop
vertex -0.166948 0.312338 3.667819
vertex -0.019134 0.046194 3.650100
vertex -0.126718 0.305925 3.666477
endloop
endfacet
facet normal 0.0248941 -0.0526341 0.998304
outer loop
vertex -0.225462 0.544313 3.681508
vertex -0.535757 1.293431 3.728742
vertex -0.659955 1.234690 3.728742
endloop
endfacet
facet normal 0.0248953 -0.0526332 0.998304
outer loop
vertex -0.659955 1.234690 3.728742
vertex -0.288549 0.539837 3.682845
vertex -0.265571 0.542696 3.682423
endloop
endfacet
facet normal 0.0248963 -0.0526328 0.998304
outer loop
vertex -0.659955 1.234690 3.728742
vertex -0.265571 0.542696 3.682423
vertex -0.225462 0.544313 3.681508
endloop
endfacet
facet normal 0.0299402 -0.0497875 0.998311
outer loop
vertex -0.166948 0.312338 3.667819
vertex -0.179647 0.314166 3.668291
vertex -0.210845 0.315551 3.669295
endloop
endfacet
facet normal 0.0299327 -0.0499403 0.998304
outer loop
vertex -0.210845 0.315551 3.669295
vertex -0.027779 0.041573 3.650100
vertex -0.023570 0.044096 3.650100
endloop
endfacet
facet normal 0.0299285 -0.0499435 0.998303
outer loop
vertex -0.210845 0.315551 3.669295
vertex -0.023570 0.044096 3.650100
vertex -0.166948 0.312338 3.667819
endloop
endfacet
facet normal 0.0299331 -0.0499405 0.998303
outer loop
vertex -0.288549 0.539837 3.682845
vertex -0.659955 1.234690 3.728742
vertex -0.777798 1.164057 3.728742
endloop
endfacet
facet normal 0.0299307 -0.0499423 0.998304
outer loop
vertex -0.777798 1.164057 3.728742
vertex -0.354095 0.529940 3.684315
vertex -0.334604 0.534105 3.683939
endloop
endfacet
facet normal 0.0299316 -0.0499417 0.998304
outer loop
vertex -0.777798 1.164057 3.728742
vertex -0.334604 0.534105 3.683939
vertex -0.288549 0.539837 3.682845
endloop
endfacet
facet normal 0.0346839 -0.0467873 0.998303
outer loop
vertex -0.210845 0.315551 3.669295
vertex -0.231169 0.316454 3.670044
vertex -0.258700 0.315227 3.670943
endloop
endfacet
facet normal 0.0346838 -0.046766 0.998304
outer loop
vertex -0.258700 0.315227 3.670943
vertex -0.031720 0.038651 3.650100
vertex -0.027779 0.041573 3.650100
endloop
endfacet
facet normal 0.0346838 -0.046766 0.998304
outer loop
vertex -0.258700 0.315227 3.670943
vertex -0.027779 0.041573 3.650100
vertex -0.210845 0.315551 3.669295
endloop
endfacet
facet normal 0.0346842 -0.0467661 0.998304
outer loop
vertex -0.354095 0.529940 3.684315
vertex -0.777798 1.164057 3.728742
vertex -0.888151 1.082215 3.728742
endloop
endfacet
facet normal 0.0346883 -0.0467627 0.998304
outer loop
vertex -0.888151 1.082215 3.728742
vertex -0.421533 0.513639 3.685895
vertex -0.401610 0.519786 3.685491
endloop
endfacet
facet normal 0.0346844 -0.0467661 0.998304
outer loop
vertex -0.888151 1.082215 3.728742
vertex -0.401610 0.519786 3.685491
vertex -0.354095 0.529940 3.684315
endloop
endfacet
facet normal 0.0391014 -0.0431174 0.998305
outer loop
vertex -0.258700 0.315227 3.670943
vertex -0.282527 0.314166 3.671830
vertex -0.310285 0.310285 3.672750
endloop
endfacet
facet normal 0.0391009 -0.0431412 0.998304
outer loop
vertex -0.310285 0.310285 3.672750
vertex -0.035355 0.035355 3.650100
vertex -0.031720 0.038651 3.650100
endloop
endfacet
facet normal 0.0391034 -0.0431389 0.998304
outer loop
vertex -0.310285 0.310285 3.672750
vertex -0.031720 0.038651 3.650100
vertex -0.258700 0.315227 3.670943
endloop
endfacet
facet normal 0.0391009 -0.0431412 0.998304
outer loop
vertex -0.421533 0.513639 3.685895
vertex -0.888151 1.082215 3.728742
vertex -0.989949 0.989949 3.728742
endloop
endfacet
facet normal 0.0390978 -0.0431447 0.998304
outer loop
vertex -0.989949 0.989949 3.728742
vertex -0.490109 0.490109 3.687564
vertex -0.466589 0.499739 3.687059
endloop
endfacet
facet normal 0.0391 -0.0431423 0.998304
outer loop
vertex -0.989949 0.989949 3.728742
vertex -0.466589 0.499739 3.687059
vertex -0.421533 0.513639 3.685895
endloop
endfacet
facet normal 0.0431472 -0.0391296 0.998302
outer loop
vertex -0.310285 0.310285 3.672750
vertex -0.331594 0.307305 3.673554
vertex -0.364616 0.299232 3.674665
endloop
endfacet
facet normal 0.0431412 -0.0391012 0.998304
outer loop
vertex -0.364616 0.299232 3.674665
vertex -0.038651 0.031720 3.650100
vertex -0.035355 0.035355 3.650100
endloop
endfacet
facet normal 0.0431414 -0.039101 0.998303
outer loop
vertex -0.364616 0.299232 3.674665
vertex -0.035355 0.035355 3.650100
vertex -0.310285 0.310285 3.672750
endloop
endfacet
facet normal 0.0431414 -0.0391011 0.998304
outer loop
vertex -0.490109 0.490109 3.687564
vertex -0.989949 0.989949 3.728742
vertex -1.082215 0.888151 3.728742
endloop
endfacet
facet normal 0.0431446 -0.0390967 0.998304
outer loop
vertex -1.082215 0.888151 3.728742
vertex -0.558979 0.458743 3.689312
vertex -0.529540 0.473964 3.688636
endloop
endfacet
facet normal 0.0431417 -0.0391008 0.998304
outer loop
vertex -1.082215 0.888151 3.728742
vertex -0.529540 0.473964 3.688636
vertex -0.490109 0.490109 3.687564
endloop
endfacet
facet normal 0.0467378 -0.0346021 0.998308
outer loop
vertex -0.364616 0.299232 3.674665
vertex -0.378370 0.295870 3.675192
vertex -0.420245 0.280799 3.676630
endloop
endfacet
facet normal 0.0467661 -0.0346845 0.998303
outer loop
vertex -0.420245 0.280799 3.676630
vertex -0.041573 0.027779 3.650100
vertex -0.038651 0.031720 3.650100
endloop
endfacet
facet normal 0.0467652 -0.0346853 0.998304
outer loop
vertex -0.420245 0.280799 3.676630
vertex -0.038651 0.031720 3.650100
vertex -0.364616 0.299232 3.674665
endloop
endfacet
facet normal 0.046766 -0.0346841 0.998304
outer loop
vertex -0.558979 0.458743 3.689312
vertex -1.082215 0.888151 3.728742
vertex -1.164057 0.777798 3.728742
endloop
endfacet
facet normal 0.0467649 -0.0346861 0.998304
outer loop
vertex -1.164057 0.777798 3.728742
vertex -0.627417 0.419226 3.691145
vertex -0.590465 0.442462 3.690221
endloop
endfacet
facet normal 0.0467657 -0.0346847 0.998304
outer loop
vertex -1.164057 0.777798 3.728742
vertex -0.590465 0.442462 3.690221
vertex -0.558979 0.458743 3.689312
endloop
endfacet
facet normal 0.0499406 -0.0299333 0.998304
outer loop
vertex -0.474235 0.253484 3.678512
vertex -0.044096 0.023570 3.650100
vertex -0.041573 0.027779 3.650100
endloop
endfacet
facet normal 0.0499782 -0.0298768 0.998303
outer loop
vertex -0.041573 0.027779 3.650100
vertex -0.420245 0.280799 3.676630
vertex -0.422855 0.279860 3.676733
endloop
endfacet
facet normal 0.0499428 -0.029944 0.998303
outer loop
vertex -0.422855 0.279860 3.676733
vertex -0.465048 0.259276 3.678226
vertex -0.474235 0.253484 3.678512
endloop
endfacet
facet normal 0.0499389 -0.0299362 0.998303
outer loop
vertex -0.041573 0.027779 3.650100
vertex -0.422855 0.279860 3.676733
vertex -0.474235 0.253484 3.678512
endloop
endfacet
facet normal 0.0499406 -0.0299332 0.998304
outer loop
vertex -0.627417 0.419226 3.691145
vertex -1.164057 0.777798 3.728742
vertex -1.234690 0.659955 3.728742
endloop
endfacet
facet normal 0.0499407 -0.0299327 0.998304
outer loop
vertex -1.234690 0.659955 3.728742
vertex -0.694755 0.371354 3.693078
vertex -0.648754 0.405809 3.691810
endloop
endfacet
facet normal 0.0499422 -0.0299293 0.998304
outer loop
vertex -1.234690 0.659955 3.728742
vertex -0.648754 0.405809 3.691810
vertex -0.627417 0.419226 3.691145
endloop
endfacet
facet normal 0.0526341 -0.0248944 0.998303
outer loop
vertex -0.526024 0.217886 3.680355
vertex -0.046194 0.019134 3.650100
vertex -0.044096 0.023570 3.650100
endloop
endfacet
facet normal 0.0526341 -0.0248939 0.998304
outer loop
vertex -0.044096 0.023570 3.650100
vertex -0.474235 0.253484 3.678512
vertex -0.504951 0.234118 3.679649
endloop
endfacet
facet normal 0.0526368 -0.0248878 0.998304
outer loop
vertex -0.044096 0.023570 3.650100
vertex -0.504951 0.234118 3.679649
vertex -0.526024 0.217886 3.680355
endloop
endfacet
facet normal 0.052632 -0.0248977 0.998304
outer loop
vertex -0.703797 0.364582 3.693386
vertex -0.694755 0.371354 3.693078
vertex -1.234690 0.659955 3.728742
endloop
endfacet
facet normal 0.0526318 -0.024893 0.998304
outer loop
vertex -1.234690 0.659955 3.728742
vertex -1.293431 0.535757 3.728742
vertex -1.265245 0.524081 3.726965
endloop
endfacet
facet normal 0.0526334 -0.0248952 0.998303
outer loop
vertex -1.141582 0.524081 3.720445
vertex -1.164272 0.482257 3.720598
vertex -0.759591 0.314633 3.695082
endloop
endfacet
facet normal 0.0526347 -0.0248937 0.998303
outer loop
vertex -1.234690 0.659955 3.728742
vertex -1.265245 0.524081 3.726965
vertex -1.141582 0.524081 3.720445
endloop
endfacet
facet normal 0.0526341 -0.0248938 0.998304
outer loop
vertex -0.755594 0.318780 3.694975
vertex -0.703797 0.364582 3.693386
vertex -1.234690 0.659955 3.728742
endloop
endfacet
facet normal 0.0526307 -0.0248997 0.998304
outer loop
vertex -1.141582 0.524081 3.720445
vertex -0.759591 0.314633 3.695082
vertex -0.755594 0.318780 3.694975
endloop
endfacet
facet normal 0.0526337 -0.0248944 0.998304
outer loop
vertex -1.234690 0.659955 3.728742
vertex -1.141582 0.524081 3.720445
vertex -0.755594 0.318780 3.694975
endloop
endfacet
facet normal 0.0548208 -0.0196156 0.998303
outer loop
vertex -1.224403 0.371419 3.721722
vertex -0.820284 0.248831 3.697122
vertex -0.804146 0.268405 3.696620
endloop
endfacet
facet normal 0.0548201 -0.0196159 0.998304
outer loop
vertex -0.804146 0.268405 3.696620
vertex -0.759591 0.314633 3.695082
vertex -1.164272 0.482257 3.720598
endloop
endfacet
facet normal 0.0548212 -0.0196141 0.998304
outer loop
vertex -0.804146 0.268405 3.696620
vertex -1.164272 0.482257 3.720598
vertex -1.224403 0.371419 3.721722
endloop
endfacet
facet normal 0.0548205 -0.0196159 0.998303
outer loop
vertex -0.576054 0.174744 3.682255
vertex -0.047847 0.014514 3.650100
vertex -0.046194 0.019134 3.650100
endloop
endfacet
facet normal 0.0548178 -0.0196228 0.998304
outer loop
vertex -0.046194 0.019134 3.650100
vertex -0.526024 0.217886 3.680355
vertex -0.542492 0.205202 3.681010
endloop
endfacet
facet normal 0.0548202 -0.0196163 0.998304
outer loop
vertex -0.046194 0.019134 3.650100
vertex -0.542492 0.205202 3.681010
vertex -0.576054 0.174744 3.682255
endloop
endfacet
facet normal 0.0548184 -0.0196141 0.998304
outer loop
vertex -1.293431 0.535757 3.728742
vertex -1.297609 0.524081 3.728742
vertex -1.265245 0.524081 3.726965
endloop
endfacet
facet normal 0.056559 -0.0142226 0.998298
outer loop
vertex -0.577600 0.173341 3.682322
vertex -0.610276 0.138538 3.683678
vertex -0.622125 0.123748 3.684138
endloop
endfacet
facet normal 0.0564791 -0.0141466 0.998304
outer loop
vertex -0.622125 0.123748 3.684138
vertex -0.049039 0.009755 3.650100
vertex -0.047847 0.014514 3.650100
endloop
endfacet
facet normal 0.0565007 -0.0140772 0.998303
outer loop
vertex -0.047847 0.014514 3.650100
vertex -0.576054 0.174744 3.682255
vertex -0.577600 0.173341 3.682322
endloop
endfacet
facet normal 0.0564786 -0.0141501 0.998304
outer loop
vertex -0.622125 0.123748 3.684138
vertex -0.047847 0.014514 3.650100
vertex -0.577600 0.173341 3.682322
endloop
endfacet
facet normal 0.0564791 -0.0141489 0.998303
outer loop
vertex -0.820284 0.248831 3.697122
vertex -1.224403 0.371419 3.721722
vertex -1.287017 0.256004 3.723629
endloop
endfacet
facet normal 0.056479 -0.0141459 0.998304
outer loop
vertex -1.287017 0.256004 3.723629
vertex -0.877013 0.174449 3.699277
vertex -0.849451 0.213455 3.698271
endloop
endfacet
facet normal 0.0564792 -0.0141438 0.998304
outer loop
vertex -1.287017 0.256004 3.723629
vertex -0.849451 0.213455 3.698271
vertex -0.820284 0.248831 3.697122
endloop
endfacet
facet normal 0.0575941 -0.00854292 0.998304
outer loop
vertex -0.664664 0.065464 3.686094
vertex -0.049759 0.004901 3.650100
vertex -0.049039 0.009755 3.650100
endloop
endfacet
facet normal 0.0575942 -0.00854126 0.998304
outer loop
vertex -0.049039 0.009755 3.650100
vertex -0.622125 0.123748 3.684138
vertex -0.640519 0.100791 3.685003
endloop
endfacet
facet normal 0.0575944 -0.00853989 0.998303
outer loop
vertex -0.049039 0.009755 3.650100
vertex -0.640519 0.100791 3.685003
vertex -0.664664 0.065464 3.686094
endloop
endfacet
facet normal 0.0575938 -0.00854158 0.998304
outer loop
vertex -0.877013 0.174449 3.699277
vertex -1.287017 0.256004 3.723629
vertex -1.353577 0.133316 3.726419
endloop
endfacet
facet normal 0.0575942 -0.00854214 0.998304
outer loop
vertex -1.353577 0.133316 3.726419
vertex -0.928997 0.091498 3.701566
vertex -0.891512 0.153931 3.699938
endloop
endfacet
facet normal 0.0575947 -0.0085525 0.998303
outer loop
vertex -1.353577 0.133316 3.726419
vertex -0.891512 0.153931 3.699938
vertex -0.877013 0.174449 3.699277
endloop
endfacet
facet normal 0.0581526 -0.0028569 0.998304
outer loop
vertex -1.353577 0.133316 3.726419
vertex -1.397421 0.052500 3.728742
vertex -1.400000 0.000000 3.728742
endloop
endfacet
facet normal 0.0581542 -0.00286213 0.998304
outer loop
vertex -1.400000 0.000000 3.728742
vertex -0.972911 0.000000 3.703863
vertex -0.963337 0.023229 3.703372
endloop
endfacet
facet normal 0.0581603 -0.00279488 0.998303
outer loop
vertex -0.929687 0.090350 3.701603
vertex -0.928997 0.091498 3.701566
vertex -1.353577 0.133316 3.726419
endloop
endfacet
facet normal 0.0581539 -0.00285708 0.998303
outer loop
vertex -1.400000 0.000000 3.728742
vertex -0.963337 0.023229 3.703372
vertex -0.929687 0.090350 3.701603
endloop
endfacet
facet normal 0.058154 -0.00285737 0.998304
outer loop
vertex -1.400000 0.000000 3.728742
vertex -0.929687 0.090350 3.701603
vertex -1.353577 0.133316 3.726419
endloop
endfacet
facet normal 0.0581541 -0.00286151 0.998303
outer loop
vertex -0.693707 0.016467 3.687645
vertex -0.701921 0.000000 3.688077
vertex -0.050000 0.000000 3.650100
endloop
endfacet
facet normal 0.0581542 -0.00285695 0.998304
outer loop
vertex -0.050000 0.000000 3.650100
vertex -0.049759 0.004901 3.650100
vertex -0.664664 0.065464 3.686094
endloop
endfacet
facet normal 0.0580521 -0.00279619 0.99831
outer loop
vertex -0.664664 0.065464 3.686094
vertex -0.668329 0.060101 3.686292
vertex -0.693707 0.016467 3.687645
endloop
endfacet
facet normal 0.0581542 -0.00285685 0.998304
outer loop
vertex -0.050000 0.000000 3.650100
vertex -0.664664 0.065464 3.686094
vertex -0.693707 0.016467 3.687645
endloop
endfacet
facet normal 0.0582036 0.00283465 0.998301
outer loop
vertex -0.701921 0.000000 3.688077
vertex -0.716573 -0.029374 3.689014
vertex -0.735011 -0.072392 3.690212
endloop
endfacet
facet normal 0.0581541 0.00285708 0.998304
outer loop
vertex -0.735011 -0.072392 3.690212
vertex -0.049759 -0.004901 3.650100
vertex -0.050000 0.000000 3.650100
endloop
endfacet
facet normal 0.0581541 0.00285735 0.998304
outer loop
vertex -0.735011 -0.072392 3.690212
vertex -0.050000 0.000000 3.650100
vertex -0.701921 0.000000 3.688077
endloop
endfacet
facet normal 0.0581542 0.00285694 0.998303
outer loop
vertex -0.972911 0.000000 3.703863
vertex -1.400000 0.000000 3.728742
vertex -1.393259 -0.137224 3.728742
endloop
endfacet
facet normal 0.0581541 0.00285802 0.998304
outer loop
vertex -1.393259 -0.137224 3.728742
vertex -1.009706 -0.099447 3.706291
vertex -0.992462 -0.047432 3.705137
endloop
endfacet
facet normal 0.0581545 0.00285583 0.998303
outer loop
vertex -1.393259 -0.137224 3.728742
vertex -0.992462 -0.047432 3.705137
vertex -0.972911 0.000000 3.703863
endloop
endfacet
facet normal 0.0575944 0.00854033 0.998303
outer loop
vertex -0.754542 -0.125472 3.691792
vertex -0.762408 -0.151652 3.692470
vertex -0.049039 -0.009755 3.650100
endloop
endfacet
facet normal 0.057594 0.00854327 0.998304
outer loop
vertex -0.049039 -0.009755 3.650100
vertex -0.049759 -0.004901 3.650100
vertex -0.735011 -0.072392 3.690212
endloop
endfacet
facet normal 0.0579558 0.00840859 0.998284
outer loop
vertex -0.735011 -0.072392 3.690212
vertex -0.736852 -0.076687 3.690355
vertex -0.754542 -0.125472 3.691792
endloop
endfacet
facet normal 0.0575942 0.00854222 0.998304
outer loop
vertex -0.049039 -0.009755 3.650100
vertex -0.735011 -0.072392 3.690212
vertex -0.754542 -0.125472 3.691792
endloop
endfacet
facet normal 0.0575941 0.00854324 0.998304
outer loop
vertex -1.009706 -0.099447 3.706291
vertex -1.393259 -0.137224 3.728742
vertex -1.373099 -0.273126 3.728742
endloop
endfacet
facet normal 0.0575986 0.00852118 0.998303
outer loop
vertex -1.373099 -0.273126 3.728742
vertex -1.038515 -0.206573 3.708869
vertex -1.037138 -0.199375 3.708729
endloop
endfacet
facet normal 0.0575955 0.00854028 0.998303
outer loop
vertex -1.017062 -0.121634 3.706905
vertex -1.009706 -0.099447 3.706291
vertex -1.373099 -0.273126 3.728742
endloop
endfacet
facet normal 0.0575932 0.00854581 0.998304
outer loop
vertex -1.373099 -0.273126 3.728742
vertex -1.037138 -0.199375 3.708729
vertex -1.017062 -0.121634 3.706905
endloop
endfacet
facet normal 0.0564803 0.014144 0.998303
outer loop
vertex -0.782155 -0.227456 3.694662
vertex -0.784095 -0.237852 3.694919
vertex -0.047847 -0.014514 3.650100
endloop
endfacet
facet normal 0.0564792 0.0141473 0.998304
outer loop
vertex -0.047847 -0.014514 3.650100
vertex -0.049039 -0.009755 3.650100
vertex -0.762408 -0.151652 3.692470
endloop
endfacet
facet normal 0.0565142 0.0141397 0.998302
outer loop
vertex -0.762408 -0.151652 3.692470
vertex -0.769643 -0.175728 3.693221
vertex -0.782155 -0.227456 3.694662
endloop
endfacet
facet normal 0.0564789 0.014149 0.998304
outer loop
vertex -0.047847 -0.014514 3.650100
vertex -0.762408 -0.151652 3.692470
vertex -0.782155 -0.227456 3.694662
endloop
endfacet
facet normal 0.0564795 0.0141474 0.998304
outer loop
vertex -1.038515 -0.206573 3.708869
vertex -1.373099 -0.273126 3.728742
vertex -1.339716 -0.406399 3.728742
endloop
endfacet
facet normal 0.0564803 0.0141449 0.998304
outer loop
vertex -1.339716 -0.406399 3.728742
vertex -1.057845 -0.320894 3.711583
vertex -1.052688 -0.280656 3.710721
endloop
endfacet
facet normal 0.0564788 0.0141485 0.998304
outer loop
vertex -1.339716 -0.406399 3.728742
vertex -1.052688 -0.280656 3.710721
vertex -1.038515 -0.206573 3.708869
endloop
endfacet
facet normal 0.0548206 0.0196155 0.998304
outer loop
vertex -0.798756 -0.330856 3.697551
vertex -0.046194 -0.019134 3.650100
vertex -0.047847 -0.014514 3.650100
endloop
endfacet
facet normal 0.0548199 0.0196176 0.998304
outer loop
vertex -0.047847 -0.014514 3.650100
vertex -0.784095 -0.237852 3.694919
vertex -0.792079 -0.280656 3.696198
endloop
endfacet
facet normal 0.0548205 0.019616 0.998304
outer loop
vertex -0.047847 -0.014514 3.650100
vertex -0.792079 -0.280656 3.696198
vertex -0.798756 -0.330856 3.697551
endloop
endfacet
facet normal 0.0548209 0.0196152 0.998304
outer loop
vertex -1.057845 -0.320894 3.711583
vertex -1.339716 -0.406399 3.728742
vertex -1.293431 -0.535757 3.728742
endloop
endfacet
facet normal 0.0548348 0.0195819 0.998303
outer loop
vertex -1.293431 -0.535757 3.728742
vertex -1.067487 -0.442168 3.714495
vertex -1.067555 -0.437212 3.714402
endloop
endfacet
facet normal 0.05482 0.0196162 0.998304
outer loop
vertex -1.062934 -0.360605 3.712643
vertex -1.057845 -0.320894 3.711583
vertex -1.293431 -0.535757 3.728742
endloop
endfacet
facet normal 0.0548197 0.0196166 0.998304
outer loop
vertex -1.293431 -0.535757 3.728742
vertex -1.067555 -0.437212 3.714402
vertex -1.062934 -0.360605 3.712643
endloop
endfacet
facet normal 0.0526337 0.024895 0.998304
outer loop
vertex -0.802952 -0.383913 3.699096
vertex -0.803759 -0.429618 3.700278
vertex -0.044096 -0.023570 3.650100
endloop
endfacet
facet normal 0.0526342 0.0248941 0.998304
outer loop
vertex -0.044096 -0.023570 3.650100
vertex -0.046194 -0.019134 3.650100
vertex -0.798756 -0.330856 3.697551
endloop
endfacet
facet normal 0.0524307 0.0249091 0.998314
outer loop
vertex -0.798756 -0.330856 3.697551
vertex -0.799036 -0.332961 3.697619
vertex -0.802952 -0.383913 3.699096
endloop
endfacet
facet normal 0.0526348 0.0248927 0.998304
outer loop
vertex -0.044096 -0.023570 3.650100
vertex -0.798756 -0.330856 3.697551
vertex -0.802952 -0.383913 3.699096
endloop
endfacet
facet normal 0.0526336 0.0248962 0.998304
outer loop
vertex -1.066549 -0.510479 3.716150
vertex -1.067487 -0.442168 3.714495
vertex -1.293431 -0.535757 3.728742
endloop
endfacet
facet normal 0.0526344 0.0248943 0.998304
outer loop
vertex -1.293431 -0.535757 3.728742
vertex -1.234690 -0.659955 3.728742
vertex -1.061169 -0.567207 3.717280
endloop
endfacet
facet normal 0.0526341 0.0248917 0.998304
outer loop
vertex -1.293431 -0.535757 3.728742
vertex -1.061169 -0.567207 3.717280
vertex -1.066549 -0.510479 3.716150
endloop
endfacet
facet normal 0.0499253 0.0299562 0.998304
outer loop
vertex -0.796459 -0.528656 3.702882
vertex -0.795890 -0.531797 3.702948
vertex -0.041573 -0.027779 3.650100
endloop
endfacet
facet normal 0.0499406 0.0299333 0.998303
outer loop
vertex -0.041573 -0.027779 3.650100
vertex -0.044096 -0.023570 3.650100
vertex -0.803759 -0.429618 3.700278
endloop
endfacet
facet normal 0.0497399 0.0299217 0.998314
outer loop
vertex -0.803759 -0.429618 3.700278
vertex -0.803828 -0.433513 3.700398
vertex -0.801664 -0.481761 3.701736
endloop
endfacet
facet normal 0.0499391 0.0299354 0.998303
outer loop
vertex -0.801664 -0.481761 3.701736
vertex -0.796459 -0.528656 3.702882
vertex -0.041573 -0.027779 3.650100
endloop
endfacet
facet normal 0.0499426 0.0299295 0.998304
outer loop
vertex -0.041573 -0.027779 3.650100
vertex -0.803759 -0.429618 3.700278
vertex -0.801664 -0.481761 3.701736
endloop
endfacet
facet normal 0.0499419 0.0299317 0.998304
outer loop
vertex -1.059918 -0.580404 3.717613
vertex -1.061169 -0.567207 3.717280
vertex -1.234690 -0.659955 3.728742
endloop
endfacet
facet normal 0.0499403 0.029933 0.998303
outer loop
vertex -1.234690 -0.659955 3.728742
vertex -1.164057 -0.777798 3.728742
vertex -1.035047 -0.691596 3.719703
endloop
endfacet
facet normal 0.049941 0.0299335 0.998304
outer loop
vertex -1.047661 -0.646988 3.718997
vertex -1.059918 -0.580404 3.717613
vertex -1.234690 -0.659955 3.728742
endloop
endfacet
facet normal 0.0499408 0.0299366 0.998303
outer loop
vertex -1.234690 -0.659955 3.728742
vertex -1.035047 -0.691596 3.719703
vertex -1.047661 -0.646988 3.718997
endloop
endfacet
facet normal 0.0466807 0.0346654 0.998308
outer loop
vertex -0.795890 -0.531797 3.702948
vertex -0.788213 -0.574199 3.704062
vertex -0.776760 -0.617594 3.705033
endloop
endfacet
facet normal 0.0467678 0.0346822 0.998303
outer loop
vertex -0.776760 -0.617594 3.705033
vertex -0.771159 -0.632874 3.705301
vertex -0.038651 -0.031720 3.650100
endloop
endfacet
facet normal 0.0467662 0.0346842 0.998304
outer loop
vertex -0.038651 -0.031720 3.650100
vertex -0.041573 -0.027779 3.650100
vertex -0.795890 -0.531797 3.702948
endloop
endfacet
facet normal 0.0467661 0.0346843 0.998304
outer loop
vertex -0.776760 -0.617594 3.705033
vertex -0.038651 -0.031720 3.650100
vertex -0.795890 -0.531797 3.702948
endloop
endfacet
facet normal 0.0467672 0.0346819 0.998303
outer loop
vertex -1.029778 -0.710231 3.720104
vertex -1.035047 -0.691596 3.719703
vertex -1.164057 -0.777798 3.728742
endloop
endfacet
facet normal 0.0467654 0.0346836 0.998304
outer loop
vertex -1.164057 -0.777798 3.728742
vertex -1.082215 -0.888151 3.728742
vertex -0.986451 -0.809560 3.721525
endloop
endfacet
facet normal 0.0467654 0.0346853 0.998304
outer loop
vertex -1.006730 -0.769536 3.721085
vertex -1.029778 -0.710231 3.720104
vertex -1.164057 -0.777798 3.728742
endloop
endfacet
facet normal 0.0467655 0.0346843 0.998304
outer loop
vertex -1.164057 -0.777798 3.728742
vertex -0.986451 -0.809560 3.721525
vertex -1.006730 -0.769536 3.721085
endloop
endfacet
facet normal 0.0431903 0.0391205 0.998301
outer loop
vertex -0.771159 -0.632874 3.705301
vertex -0.761933 -0.658046 3.705889
vertex -0.743731 -0.695554 3.706571
endloop
endfacet
facet normal 0.0431399 0.0391024 0.998304
outer loop
vertex -0.743731 -0.695554 3.706571
vertex -0.725215 -0.725215 3.706933
vertex -0.035355 -0.035355 3.650100
endloop
endfacet
facet normal 0.0431413 0.039101 0.998303
outer loop
vertex -0.035355 -0.035355 3.650100
vertex -0.038651 -0.031720 3.650100
vertex -0.771159 -0.632874 3.705301
endloop
endfacet
facet normal 0.0431425 0.0390996 0.998304
outer loop
vertex -0.743731 -0.695554 3.706571
vertex -0.035355 -0.035355 3.650100
vertex -0.771159 -0.632874 3.705301
endloop
endfacet
facet normal 0.0431439 0.0390964 0.998304
outer loop
vertex -0.978979 -0.824307 3.721780
vertex -0.986451 -0.809560 3.721525
vertex -1.082215 -0.888151 3.728742
endloop
endfacet
facet normal 0.0431413 0.039101 0.998304
outer loop
vertex -1.082215 -0.888151 3.728742
vertex -0.989949 -0.989949 3.728742
vertex -0.914247 -0.914247 3.722505
endloop
endfacet
facet normal 0.0431421 0.0390993 0.998304
outer loop
vertex -0.946526 -0.874544 3.722345
vertex -0.978979 -0.824307 3.721780
vertex -1.082215 -0.888151 3.728742
endloop
endfacet
facet normal 0.0431417 0.0391035 0.998303
outer loop
vertex -1.082215 -0.888151 3.728742
vertex -0.914247 -0.914247 3.722505
vertex -0.946526 -0.874544 3.722345
endloop
endfacet
facet normal 0.0391007 0.0431415 0.998304
outer loop
vertex -0.668877 -0.790419 3.707544
vertex -0.656576 -0.800040 3.707478
vertex -0.031720 -0.038651 3.650100
endloop
endfacet
facet normal 0.039101 0.0431413 0.998303
outer loop
vertex -0.031720 -0.038651 3.650100
vertex -0.035355 -0.035355 3.650100
vertex -0.725215 -0.725215 3.706933
endloop
endfacet
facet normal 0.0391401 0.0431677 0.998301
outer loop
vertex -0.725215 -0.725215 3.706933
vertex -0.722154 -0.730119 3.707025
vertex -0.697203 -0.761740 3.707414
endloop
endfacet
facet normal 0.0390997 0.0431424 0.998304
outer loop
vertex -0.697203 -0.761740 3.707414
vertex -0.668877 -0.790419 3.707544
vertex -0.031720 -0.038651 3.650100
endloop
endfacet
facet normal 0.039103 0.0431392 0.998304
outer loop
vertex -0.031720 -0.038651 3.650100
vertex -0.725215 -0.725215 3.706933
vertex -0.697203 -0.761740 3.707414
endloop
endfacet
facet normal 0.0391033 0.0431389 0.998304
outer loop
vertex -0.909369 -0.920246 3.722574
vertex -0.914247 -0.914247 3.722505
vertex -0.989949 -0.989949 3.728742
endloop
endfacet
facet normal 0.0391015 0.0431419 0.998304
outer loop
vertex -0.989949 -0.989949 3.728742
vertex -0.888151 -1.082215 3.728742
vertex -0.819706 -0.998815 3.722457
endloop
endfacet
facet normal 0.0390927 0.0429655 0.998312
outer loop
vertex -0.989949 -0.989949 3.728742
vertex -0.819706 -0.998815 3.722457
vertex -0.820947 -0.998047 3.722472
endloop
endfacet
facet normal 0.0391015 0.0431411 0.998303
outer loop
vertex -0.867509 -0.961413 3.722713
vertex -0.909369 -0.920246 3.722574
vertex -0.989949 -0.989949 3.728742
endloop
endfacet
facet normal 0.0391009 0.0431436 0.998303
outer loop
vertex -0.989949 -0.989949 3.728742
vertex -0.820947 -0.998047 3.722472
vertex -0.867509 -0.961413 3.722713
endloop
endfacet
facet normal 0.0347019 0.0467937 0.998302
outer loop
vertex -0.656576 -0.800040 3.707478
vertex -0.636990 -0.815358 3.707515
vertex -0.601354 -0.835763 3.707232
endloop
endfacet
facet normal 0.0346838 0.0467663 0.998304
outer loop
vertex -0.601354 -0.835763 3.707232
vertex -0.567543 -0.849388 3.706696
vertex -0.027779 -0.041573 3.650100
endloop
endfacet
facet normal 0.0346841 0.0467661 0.998304
outer loop
vertex -0.027779 -0.041573 3.650100
vertex -0.031720 -0.038651 3.650100
vertex -0.656576 -0.800040 3.707478
endloop
endfacet
facet normal 0.0346841 0.0467661 0.998304
outer loop
vertex -0.601354 -0.835763 3.707232
vertex -0.027779 -0.041573 3.650100
vertex -0.656576 -0.800040 3.707478
endloop
endfacet
facet normal 0.0346822 0.0467687 0.998303
outer loop
vertex -0.770103 -1.029549 3.722173
vertex -0.819706 -0.998815 3.722457
vertex -0.888151 -1.082215 3.728742
endloop
endfacet
facet normal 0.0346847 0.0467668 0.998304
outer loop
vertex -0.888151 -1.082215 3.728742
vertex -0.777798 -1.164057 3.728742
vertex -0.707053 -1.058180 3.721324
endloop
endfacet
facet normal 0.0346851 0.0467622 0.998304
outer loop
vertex -0.715399 -1.055323 3.721480
vertex -0.770103 -1.029549 3.722173
vertex -0.888151 -1.082215 3.728742
endloop
endfacet
facet normal 0.0346861 0.0467566 0.998304
outer loop
vertex -0.888151 -1.082215 3.728742
vertex -0.707053 -1.058180 3.721324
vertex -0.715399 -1.055323 3.721480
endloop
endfacet
facet normal 0.0299424 0.0499357 0.998304
outer loop
vertex -0.471957 -0.869771 3.704850
vertex -0.465067 -0.870079 3.704659
vertex -0.023570 -0.044096 3.650100
endloop
endfacet
facet normal 0.0299332 0.0499405 0.998304
outer loop
vertex -0.023570 -0.044096 3.650100
vertex -0.027779 -0.041573 3.650100
vertex -0.567543 -0.849388 3.706696
endloop
endfacet
facet normal 0.0298906 0.0497967 0.998312
outer loop
vertex -0.567543 -0.849388 3.706696
vertex -0.561970 -0.851633 3.706641
vertex -0.518838 -0.862969 3.705915
endloop
endfacet
facet normal 0.0299345 0.04994 0.998303
outer loop
vertex -0.518838 -0.862969 3.705915
vertex -0.471957 -0.869771 3.704850
vertex -0.023570 -0.044096 3.650100
endloop
endfacet
facet normal 0.029931 0.0499421 0.998304
outer loop
vertex -0.023570 -0.044096 3.650100
vertex -0.567543 -0.849388 3.706696
vertex -0.518838 -0.862969 3.705915
endloop
endfacet
facet normal 0.0299307 0.0499433 0.998303
outer loop
vertex -0.656835 -1.075370 3.720678
vertex -0.707053 -1.058180 3.721324
vertex -0.777798 -1.164057 3.728742
endloop
endfacet
facet normal 0.0299334 0.0499409 0.998304
outer loop
vertex -0.777798 -1.164057 3.728742
vertex -0.659955 -1.234690 3.728742
vertex -0.583226 -1.091139 3.719260
endloop
endfacet
facet normal 0.0299329 0.0499403 0.998304
outer loop
vertex -0.594411 -1.089689 3.719523
vertex -0.656835 -1.075370 3.720678
vertex -0.777798 -1.164057 3.728742
endloop
endfacet
facet normal 0.0299417 0.0499188 0.998304
outer loop
vertex -0.777798 -1.164057 3.728742
vertex -0.583226 -1.091139 3.719260
vertex -0.594411 -1.089689 3.719523
endloop
endfacet
facet normal 0.0248946 0.0526012 0.998305
outer loop
vertex -0.465067 -0.870079 3.704659
vertex -0.421327 -0.872038 3.703671
vertex -0.369077 -0.869771 3.702249
endloop
endfacet
facet normal 0.0248934 0.0526343 0.998304
outer loop
vertex -0.369077 -0.869771 3.702249
vertex -0.359743 -0.868497 3.701949
vertex -0.019134 -0.046194 3.650100
endloop
endfacet
facet normal 0.024894 0.0526341 0.998304
outer loop
vertex -0.019134 -0.046194 3.650100
vertex -0.023570 -0.044096 3.650100
vertex -0.465067 -0.870079 3.704659
endloop
endfacet
facet normal 0.0248944 0.0526338 0.998304
outer loop
vertex -0.369077 -0.869771 3.702249
vertex -0.019134 -0.046194 3.650100
vertex -0.465067 -0.870079 3.704659
endloop
endfacet
facet normal 0.0248922 0.0526354 0.998304
outer loop
vertex -0.528128 -1.098281 3.718263
vertex -0.583226 -1.091139 3.719260
vertex -0.659955 -1.234690 3.728742
endloop
endfacet
facet normal 0.0248939 0.0526335 0.998304
outer loop
vertex -0.659955 -1.234690 3.728742
vertex -0.535757 -1.293431 3.728742
vertex -0.456078 -1.101069 3.716613
endloop
endfacet
facet normal 0.024894 0.0526337 0.998304
outer loop
vertex -0.457984 -1.101145 3.716665
vertex -0.528128 -1.098281 3.718263
vertex -0.659955 -1.234690 3.728742
endloop
endfacet
facet normal 0.0248645 0.0526769 0.998302
outer loop
vertex -0.659955 -1.234690 3.728742
vertex -0.456078 -1.101069 3.716613
vertex -0.457984 -1.101145 3.716665
endloop
endfacet
facet normal 0.0196218 0.0548186 0.998304
outer loop
vertex -0.271828 -0.851633 3.699295
vertex -0.256724 -0.846306 3.698706
vertex -0.014514 -0.047847 3.650100
endloop
endfacet
facet normal 0.0196151 0.0548206 0.998304
outer loop
vertex -0.014514 -0.047847 3.650100
vertex -0.019134 -0.046194 3.650100
vertex -0.359743 -0.868497 3.701949
endloop
endfacet
facet normal 0.019603 0.0548788 0.998301
outer loop
vertex -0.359743 -0.868497 3.701949
vertex -0.319244 -0.862969 3.700850
vertex -0.271828 -0.851633 3.699295
endloop
endfacet
facet normal 0.0196141 0.054821 0.998304
outer loop
vertex -0.014514 -0.047847 3.650100
vertex -0.359743 -0.868497 3.701949
vertex -0.271828 -0.851633 3.699295
endloop
endfacet
facet normal 0.0196155 0.0548199 0.998304
outer loop
vertex -0.386030 -1.098281 3.715084
vertex -0.456078 -1.101069 3.716613
vertex -0.535757 -1.293431 3.728742
endloop
endfacet
facet normal 0.019615 0.0548204 0.998304
outer loop
vertex -0.535757 -1.293431 3.728742
vertex -0.406399 -1.339716 3.728742
vertex -0.331109 -1.091522 3.713633
endloop
endfacet
facet normal 0.0196158 0.0548197 0.998304
outer loop
vertex -0.535757 -1.293431 3.728742
vertex -0.331109 -1.091522 3.713633
vertex -0.386030 -1.098281 3.715084
endloop
endfacet
facet normal 0.0141429 0.0564802 0.998304
outer loop
vertex -0.184246 -0.815358 3.695928
vertex -0.159076 -0.799730 3.694687
vertex -0.009755 -0.049039 3.650100
endloop
endfacet
facet normal 0.0141473 0.0564792 0.998304
outer loop
vertex -0.009755 -0.049039 3.650100
vertex -0.014514 -0.047847 3.650100
vertex -0.256724 -0.846306 3.698706
endloop
endfacet
facet normal 0.0141505 0.0564725 0.998304
outer loop
vertex -0.256724 -0.846306 3.698706
vertex -0.226828 -0.835763 3.697686
vertex -0.184246 -0.815358 3.695928
endloop
endfacet
facet normal 0.0141476 0.0564791 0.998304
outer loop
vertex -0.009755 -0.049039 3.650100
vertex -0.256724 -0.846306 3.698706
vertex -0.184246 -0.815358 3.695928
endloop
endfacet
facet normal 0.0141517 0.0564777 0.998304
outer loop
vertex -0.316221 -1.089689 3.713319
vertex -0.331109 -1.091522 3.713633
vertex -0.406399 -1.339716 3.728742
endloop
endfacet
facet normal 0.0141473 0.0564791 0.998304
outer loop
vertex -0.406399 -1.339716 3.728742
vertex -0.273126 -1.373099 3.728742
vertex -0.211658 -1.064079 3.710388
endloop
endfacet
facet normal 0.0141488 0.0564788 0.998304
outer loop
vertex -0.248559 -1.075370 3.711550
vertex -0.316221 -1.089689 3.713319
vertex -0.406399 -1.339716 3.728742
endloop
endfacet
facet normal 0.0141419 0.0564829 0.998303
outer loop
vertex -0.406399 -1.339716 3.728742
vertex -0.211658 -1.064079 3.710388
vertex -0.248559 -1.075370 3.711550
endloop
endfacet
facet normal 0.00860184 0.0575136 0.998308
outer loop
vertex -0.159076 -0.799730 3.694687
vertex -0.144079 -0.790419 3.694021
vertex -0.106358 -0.761740 3.692044
endloop
endfacet
facet normal 0.00854699 0.0575935 0.998304
outer loop
vertex -0.106358 -0.761740 3.692044
vertex -0.071988 -0.730908 3.689971
vertex -0.004901 -0.049759 3.650100
endloop
endfacet
facet normal 0.00854327 0.057594 0.998304
outer loop
vertex -0.004901 -0.049759 3.650100
vertex -0.009755 -0.049039 3.650100
vertex -0.159076 -0.799730 3.694687
endloop
endfacet
facet normal 0.00854383 0.0575939 0.998304
outer loop
vertex -0.106358 -0.761740 3.692044
vertex -0.004901 -0.049759 3.650100
vertex -0.159076 -0.799730 3.694687
endloop
endfacet
facet normal 0.00854529 0.0575934 0.998304
outer loop
vertex -0.183043 -1.055323 3.709638
vertex -0.211658 -1.064079 3.710388
vertex -0.273126 -1.373099 3.728742
endloop
endfacet
facet normal 0.00854324 0.0575941 0.998304
outer loop
vertex -0.273126 -1.373099 3.728742
vertex -0.137224 -1.393259 3.728742
vertex -0.100426 -1.019645 3.706872
endloop
endfacet
facet normal 0.00854575 0.0575932 0.998304
outer loop
vertex -0.119674 -1.029549 3.707608
vertex -0.183043 -1.055323 3.709638
vertex -0.273126 -1.373099 3.728742
endloop
endfacet
facet normal 0.00853715 0.0575971 0.998303
outer loop
vertex -0.273126 -1.373099 3.728742
vertex -0.100426 -1.019645 3.706872
vertex -0.119674 -1.029549 3.707608
endloop
endfacet
facet normal 0.00278576 0.0582167 0.9983
outer loop
vertex -0.071109 -0.730119 3.689923
vertex -0.038332 -0.695554 3.687816
vertex -0.008028 -0.658046 3.685544
endloop
endfacet
facet normal 0.00284707 0.058154 0.998304
outer loop
vertex -0.008028 -0.658046 3.685544
vertex -0.000000 -0.646377 3.684841
vertex -0.000000 -0.050000 3.650100
endloop
endfacet
facet normal 0.00285694 0.0581539 0.998304
outer loop
vertex -0.000000 -0.050000 3.650100
vertex -0.004901 -0.049759 3.650100
vertex -0.071988 -0.730908 3.689971
endloop
endfacet
facet normal 0.0025545 0.0584184 0.998289
outer loop
vertex -0.071988 -0.730908 3.689971
vertex -0.071109 -0.730119 3.689923
vertex -0.008028 -0.658046 3.685544
endloop
endfacet
facet normal 0.00285678 0.0581539 0.998303
outer loop
vertex -0.008028 -0.658046 3.685544
vertex -0.000000 -0.050000 3.650100
vertex -0.071988 -0.730908 3.689971
endloop
endfacet
facet normal 0.00285706 0.0581542 0.998304
outer loop
vertex -0.058451 -0.998047 3.705494
vertex -0.100426 -1.019645 3.706872
vertex -0.137224 -1.393259 3.728742
endloop
endfacet
facet normal 0.00285694 0.0581541 0.998304
outer loop
vertex -0.137224 -1.393259 3.728742
vertex -0.000000 -1.400000 3.728742
vertex -0.000000 -0.961434 3.703194
endloop
endfacet
facet normal 0.00285655 0.0581543 0.998304
outer loop
vertex -0.137224 -1.393259 3.728742
vertex -0.000000 -0.961434 3.703194
vertex -0.058451 -0.998047 3.705494
endloop
endfacet
facet normal -0.00283047 0.0581369 0.998305
outer loop
vertex -0.000000 -0.646377 3.684841
vertex 0.019804 -0.617594 3.683221
vertex 0.045163 -0.574199 3.680766
endloop
endfacet
facet normal -0.0028541 0.0581544 0.998304
outer loop
vertex 0.045163 -0.574199 3.680766
vertex 0.054682 -0.555200 3.679686
vertex 0.004901 -0.049759 3.650100
endloop
endfacet
facet normal -0.00285695 0.0581541 0.998304
outer loop
vertex 0.004901 -0.049759 3.650100
vertex -0.000000 -0.050000 3.650100
vertex -0.000000 -0.646377 3.684841
endloop
endfacet
facet normal -0.00285809 0.0581541 0.998304
outer loop
vertex 0.045163 -0.574199 3.680766
vertex 0.004901 -0.049759 3.650100
vertex -0.000000 -0.646377 3.684841
endloop
endfacet
facet normal -0.000896691 0.0581543 0.998307
outer loop
vertex 0.000034 -0.961413 3.703193
vertex -0.000000 -0.961434 3.703194
vertex -0.000000 -1.400000 3.728742
endloop
endfacet
facet normal -0.00285694 0.0581541 0.998304
outer loop
vertex -0.000000 -1.400000 3.728742
vertex 0.137224 -1.393259 3.728742
vertex 0.087803 -0.891480 3.699370
endloop
endfacet
facet normal -0.00285919 0.0581543 0.998303
outer loop
vertex 0.055186 -0.920246 3.700953
vertex 0.000034 -0.961413 3.703193
vertex -0.000000 -1.400000 3.728742
endloop
endfacet
facet normal -0.00285522 0.0581538 0.998303
outer loop
vertex -0.000000 -1.400000 3.728742
vertex 0.087803 -0.891480 3.699370
vertex 0.055186 -0.920246 3.700953
endloop
endfacet
facet normal -0.0085429 0.0575942 0.998303
outer loop
vertex 0.093134 -0.468219 3.674997
vertex 0.009755 -0.049039 3.650100
vertex 0.004901 -0.049759 3.650100
endloop
endfacet
facet normal -0.00853661 0.0575947 0.998303
outer loop
vertex 0.004901 -0.049759 3.650100
vertex 0.054682 -0.555200 3.679686
vertex 0.067982 -0.528656 3.678269
endloop
endfacet
facet normal -0.00841017 0.0575361 0.998308
outer loop
vertex 0.067982 -0.528656 3.678269
vertex 0.088193 -0.481761 3.675736
vertex 0.093134 -0.468219 3.674997
endloop
endfacet
facet normal -0.00854771 0.0575932 0.998303
outer loop
vertex 0.004901 -0.049759 3.650100
vertex 0.067982 -0.528656 3.678269
vertex 0.093134 -0.468219 3.674997
endloop
endfacet
facet normal -0.00854324 0.0575941 0.998303
outer loop
vertex 0.087803 -0.891480 3.699370
vertex 0.137224 -1.393259 3.728742
vertex 0.273126 -1.373099 3.728742
endloop
endfacet
facet normal -0.00852614 0.0575976 0.998303
outer loop
vertex 0.273126 -1.373099 3.728742
vertex 0.162319 -0.816033 3.695655
vertex 0.155497 -0.824307 3.696074
endloop
endfacet
facet normal -0.00854267 0.0575943 0.998304
outer loop
vertex 0.107007 -0.874544 3.698558
vertex 0.087803 -0.891480 3.699370
vertex 0.273126 -1.373099 3.728742
endloop
endfacet
facet normal -0.00854552 0.0575933 0.998304
outer loop
vertex 0.273126 -1.373099 3.728742
vertex 0.155497 -0.824307 3.696074
vertex 0.107007 -0.874544 3.698558
endloop
endfacet
facet normal -0.0141349 0.0564766 0.998304
outer loop
vertex 0.093134 -0.468219 3.674997
vertex 0.105797 -0.433513 3.673213
vertex 0.118630 -0.391070 3.670994
endloop
endfacet
facet normal -0.0141474 0.0564793 0.998304
outer loop
vertex 0.118630 -0.391070 3.670994
vertex 0.014514 -0.047847 3.650100
vertex 0.009755 -0.049039 3.650100
endloop
endfacet
facet normal -0.0141451 0.0564799 0.998303
outer loop
vertex 0.118630 -0.391070 3.670994
vertex 0.009755 -0.049039 3.650100
vertex 0.093134 -0.468219 3.674997
endloop
endfacet
facet normal -0.0141474 0.0564793 0.998304
outer loop
vertex 0.162319 -0.816033 3.695655
vertex 0.273126 -1.373099 3.728742
vertex 0.406399 -1.339716 3.728742
endloop
endfacet
facet normal -0.0141469 0.0564793 0.998304
outer loop
vertex 0.406399 -1.339716 3.728742
vertex 0.223577 -0.737035 3.692054
vertex 0.200655 -0.769536 3.693568
endloop
endfacet
facet normal -0.0141499 0.0564782 0.998304
outer loop
vertex 0.406399 -1.339716 3.728742
vertex 0.200655 -0.769536 3.693568
vertex 0.162319 -0.816033 3.695655
endloop
endfacet
facet normal -0.0192617 0.054737 0.998315
outer loop
vertex 0.120793 -0.383913 3.670643
vertex 0.133182 -0.332961 3.668089
vertex 0.134655 -0.325085 3.667685
endloop
endfacet
facet normal -0.0196152 0.0548205 0.998304
outer loop
vertex 0.134655 -0.325085 3.667685
vertex 0.019134 -0.046194 3.650100
vertex 0.014514 -0.047847 3.650100
endloop
endfacet
facet normal -0.0196161 0.0548204 0.998304
outer loop
vertex 0.014514 -0.047847 3.650100
vertex 0.118630 -0.391070 3.670994
vertex 0.120793 -0.383913 3.670643
endloop
endfacet
facet normal -0.0196169 0.05482 0.998304
outer loop
vertex 0.134655 -0.325085 3.667685
vertex 0.014514 -0.047847 3.650100
vertex 0.120793 -0.383913 3.670643
endloop
endfacet
facet normal -0.019615 0.0548205 0.998304
outer loop
vertex 0.223577 -0.737035 3.692054
vertex 0.406399 -1.339716 3.728742
vertex 0.535757 -1.293431 3.728742
endloop
endfacet
facet normal -0.0196137 0.0548213 0.998304
outer loop
vertex 0.535757 -1.293431 3.728742
vertex 0.273056 -0.659215 3.688753
vertex 0.242481 -0.710231 3.690954
endloop
endfacet
facet normal -0.0196126 0.0548219 0.998304
outer loop
vertex 0.535757 -1.293431 3.728742
vertex 0.242481 -0.710231 3.690954
vertex 0.223577 -0.737035 3.692054
endloop
endfacet
facet normal -0.0248914 0.0526356 0.998304
outer loop
vertex 0.142963 -0.280656 3.665550
vertex 0.144370 -0.270097 3.665028
vertex 0.023570 -0.044096 3.650100
endloop
endfacet
facet normal -0.0248941 0.0526341 0.998304
outer loop
vertex 0.023570 -0.044096 3.650100
vertex 0.019134 -0.046194 3.650100
vertex 0.134655 -0.325085 3.667685
endloop
endfacet
facet normal -0.0248944 0.052634 0.998304
outer loop
vertex 0.023570 -0.044096 3.650100
vertex 0.134655 -0.325085 3.667685
vertex 0.142963 -0.280656 3.665550
endloop
endfacet
facet normal -0.0248941 0.0526341 0.998304
outer loop
vertex 0.273056 -0.659215 3.688753
vertex 0.535757 -1.293431 3.728742
vertex 0.659955 -1.234690 3.728742
endloop
endfacet
facet normal -0.0248932 0.0526346 0.998304
outer loop
vertex 0.659955 -1.234690 3.728742
vertex 0.312057 -0.583817 3.685750
vertex 0.280383 -0.646988 3.688291
endloop
endfacet
facet normal -0.0248992 0.0526305 0.998304
outer loop
vertex 0.659955 -1.234690 3.728742
vertex 0.280383 -0.646988 3.688291
vertex 0.273056 -0.659215 3.688753
endloop
endfacet
facet normal -0.0291998 0.0498458 0.99833
outer loop
vertex 0.144370 -0.270097 3.665028
vertex 0.149996 -0.227874 3.663085
vertex 0.150232 -0.224837 3.662940
endloop
endfacet
facet normal -0.0299336 0.0499408 0.998304
outer loop
vertex 0.150232 -0.224837 3.662940
vertex 0.027779 -0.041573 3.650100
vertex 0.023570 -0.044096 3.650100
endloop
endfacet
facet normal -0.0299349 0.0499397 0.998304
outer loop
vertex 0.150232 -0.224837 3.662940
vertex 0.023570 -0.044096 3.650100
vertex 0.144370 -0.270097 3.665028
endloop
endfacet
facet normal -0.0299332 0.0499406 0.998304
outer loop
vertex 0.312057 -0.583817 3.685750
vertex 0.659955 -1.234690 3.728742
vertex 0.777798 -1.164057 3.728742
endloop
endfacet
facet normal -0.029935 0.0499392 0.998304
outer loop
vertex 0.777798 -1.164057 3.728742
vertex 0.342046 -0.511908 3.683052
vertex 0.313768 -0.580404 3.685631
endloop
endfacet
facet normal -0.0299294 0.0499438 0.998303
outer loop
vertex 0.777798 -1.164057 3.728742
vertex 0.313768 -0.580404 3.685631
vertex 0.312057 -0.583817 3.685750
endloop
endfacet
facet normal -0.0346843 0.0467664 0.998304
outer loop
vertex 0.031720 -0.038651 3.650100
vertex 0.027779 -0.041573 3.650100
vertex 0.150232 -0.224837 3.662940
endloop
endfacet
facet normal -0.034683 0.0467671 0.998304
outer loop
vertex 0.031720 -0.038651 3.650100
vertex 0.150232 -0.224837 3.662940
vertex 0.153195 -0.186668 3.661255
endloop
endfacet
facet normal -0.034682 0.0467681 0.998304
outer loop
vertex 0.691698 -0.842836 3.710703
vertex 0.364631 -0.444304 3.680670
vertex 0.342636 -0.510479 3.683006
endloop
endfacet
facet normal -0.0346661 0.046778 0.998304
outer loop
vertex 0.342636 -0.510479 3.683006
vertex 0.342046 -0.511908 3.683052
vertex 0.777798 -1.164057 3.728742
endloop
endfacet
facet normal -0.034685 0.0467673 0.998303
outer loop
vertex 0.777798 -1.164057 3.728742
vertex 0.888151 -1.082215 3.728742
vertex 0.870173 -1.060309 3.727091
endloop
endfacet
facet normal -0.0346815 0.0467642 0.998304
outer loop
vertex 0.777798 -1.164057 3.728742
vertex 0.870173 -1.060309 3.727091
vertex 0.845039 -1.053175 3.725884
endloop
endfacet
facet normal -0.0346821 0.0467679 0.998304
outer loop
vertex 0.694286 -0.867742 3.711959
vertex 0.691698 -0.842836 3.710703
vertex 0.342636 -0.510479 3.683006
endloop
endfacet
facet normal -0.0346813 0.0467688 0.998303
outer loop
vertex 0.704866 -0.910381 3.714324
vertex 0.694286 -0.867742 3.711959
vertex 0.342636 -0.510479 3.683006
endloop
endfacet
facet normal -0.0346861 0.0467669 0.998303
outer loop
vertex 0.777798 -1.164057 3.728742
vertex 0.845039 -1.053175 3.725884
vertex 0.804922 -1.034799 3.723629
endloop
endfacet
facet normal -0.0346845 0.0467666 0.998303
outer loop
vertex 0.777798 -1.164057 3.728742
vertex 0.804922 -1.034799 3.723629
vertex 0.770935 -1.011172 3.721341
endloop
endfacet
facet normal -0.0346848 0.0467656 0.998304
outer loop
vertex 0.704866 -0.910381 3.714324
vertex 0.342636 -0.510479 3.683006
vertex 0.777798 -1.164057 3.728742
endloop
endfacet
facet normal -0.034654 0.0467744 0.998304
outer loop
vertex 0.721130 -0.948566 3.716678
vertex 0.704866 -0.910381 3.714324
vertex 0.777798 -1.164057 3.728742
endloop
endfacet
facet normal -0.0346821 0.0467667 0.998304
outer loop
vertex 0.777798 -1.164057 3.728742
vertex 0.770935 -1.011172 3.721341
vertex 0.743079 -0.982295 3.719021
endloop
endfacet
facet normal -0.0346865 0.0467659 0.998303
outer loop
vertex 0.777798 -1.164057 3.728742
vertex 0.743079 -0.982295 3.719021
vertex 0.721130 -0.948566 3.716678
endloop
endfacet
facet normal -0.0389279 0.0431335 0.998311
outer loop
vertex 0.153195 -0.186668 3.661255
vertex 0.153988 -0.176444 3.660844
vertex 0.154407 -0.154407 3.659908
endloop
endfacet
facet normal -0.0391012 0.0431417 0.998303
outer loop
vertex 0.154407 -0.154407 3.659908
vertex 0.035355 -0.035355 3.650100
vertex 0.031720 -0.038651 3.650100
endloop
endfacet
facet normal -0.0391029 0.0431398 0.998304
outer loop
vertex 0.154407 -0.154407 3.659908
vertex 0.031720 -0.038651 3.650100
vertex 0.153195 -0.186668 3.661255
endloop
endfacet
facet normal -0.0391015 0.0431407 0.998304
outer loop
vertex 0.698924 -0.698924 3.704767
vertex 0.381430 -0.381430 3.678611
vertex 0.366988 -0.437212 3.680456
endloop
endfacet
facet normal -0.0391061 0.0431372 0.998303
outer loop
vertex 0.366988 -0.437212 3.680456
vertex 0.364631 -0.444304 3.680670
vertex 0.691698 -0.842836 3.710703
endloop
endfacet
facet normal -0.0391104 0.0431339 0.998303
outer loop
vertex 0.366988 -0.437212 3.680456
vertex 0.691698 -0.842836 3.710703
vertex 0.689392 -0.820648 3.709654
endloop
endfacet
facet normal -0.0391025 0.0431394 0.998304
outer loop
vertex 0.696656 -0.713095 3.705290
vertex 0.698924 -0.698924 3.704767
vertex 0.366988 -0.437212 3.680456
endloop
endfacet
facet normal -0.0391002 0.0431424 0.998304
outer loop
vertex 0.366988 -0.437212 3.680456
vertex 0.689392 -0.820648 3.709654
vertex 0.690182 -0.769099 3.707457
endloop
endfacet
facet normal -0.0390987 0.0431439 0.998304
outer loop
vertex 0.366988 -0.437212 3.680456
vertex 0.690182 -0.769099 3.707457
vertex 0.696656 -0.713095 3.705290
endloop
endfacet
facet normal -0.039108 0.0431375 0.998303
outer loop
vertex 0.870173 -1.060309 3.727091
vertex 0.888151 -1.082215 3.728742
vertex 0.891286 -1.066301 3.728177
endloop
endfacet
facet normal -0.0390954 0.043135 0.998304
outer loop
vertex 0.888151 -1.082215 3.728742
vertex 0.903656 -1.068161 3.728742
vertex 0.891286 -1.066301 3.728177
endloop
endfacet
facet normal -0.0431416 0.0391013 0.998303
outer loop
vertex 0.038651 -0.031720 3.650100
vertex 0.035355 -0.035355 3.650100
vertex 0.154407 -0.154407 3.659908
endloop
endfacet
facet normal -0.0431402 0.0391025 0.998303
outer loop
vertex 0.038651 -0.031720 3.650100
vertex 0.154407 -0.154407 3.659908
vertex 0.154926 -0.127144 3.658863
endloop
endfacet
facet normal -0.0431407 0.0391011 0.998304
outer loop
vertex 0.698924 -0.698924 3.704767
vertex 0.716649 -0.588139 3.701193
vertex 0.393966 -0.323319 3.676877
endloop
endfacet
facet normal -0.0431403 0.0391018 0.998304
outer loop
vertex 0.386822 -0.360605 3.678028
vertex 0.381430 -0.381430 3.678611
vertex 0.698924 -0.698924 3.704767
endloop
endfacet
facet normal -0.0431437 0.0390987 0.998304
outer loop
vertex 0.393966 -0.323319 3.676877
vertex 0.386822 -0.360605 3.678028
vertex 0.698924 -0.698924 3.704767
endloop
endfacet
facet normal -0.0431561 0.0390919 0.998303
outer loop
vertex 0.965399 -0.805454 3.720455
vertex 0.973844 -0.818798 3.721342
vertex 0.985700 -0.829717 3.722282
endloop
endfacet
facet normal -0.0431468 0.0390809 0.998304
outer loop
vertex 0.985700 -0.829717 3.722282
vertex 1.000967 -0.838209 3.723275
vertex 1.019646 -0.844275 3.724319
endloop
endfacet
facet normal -0.0431328 0.0391076 0.998304
outer loop
vertex 1.019646 -0.844275 3.724319
vertex 1.031039 -0.846152 3.724885
vertex 0.959392 -0.787352 3.719486
endloop
endfacet
facet normal -0.0435196 0.038969 0.998292
outer loop
vertex 0.959392 -0.787352 3.719486
vertex 0.959704 -0.789086 3.719568
vertex 0.965399 -0.805454 3.720455
endloop
endfacet
facet normal -0.0431342 0.0391102 0.998303
outer loop
vertex 0.965399 -0.805454 3.720455
vertex 0.985700 -0.829717 3.722282
vertex 1.019646 -0.844275 3.724319
endloop
endfacet
facet normal -0.0431461 0.0390936 0.998304
outer loop
vertex 1.019646 -0.844275 3.724319
vertex 0.959392 -0.787352 3.719486
vertex 0.965399 -0.805454 3.720455
endloop
endfacet
facet normal -0.0467604 0.0346919 0.998304
outer loop
vertex 0.154941 -0.126367 3.658837
vertex 0.153933 -0.102855 3.657972
vertex 0.041573 -0.027779 3.650100
endloop
endfacet
facet normal -0.0467663 0.0346842 0.998304
outer loop
vertex 0.041573 -0.027779 3.650100
vertex 0.038651 -0.031720 3.650100
vertex 0.154926 -0.127144 3.658863
endloop
endfacet
facet normal -0.0468694 0.0345656 0.998303
outer loop
vertex 0.041573 -0.027779 3.650100
vertex 0.154926 -0.127144 3.658863
vertex 0.154941 -0.126367 3.658837
endloop
endfacet
facet normal -0.0467676 0.034682 0.998304
outer loop
vertex 0.732447 -0.489405 3.698503
vertex 0.403559 -0.269649 3.675461
vertex 0.402140 -0.280656 3.675777
endloop
endfacet
facet normal -0.0467656 0.0346842 0.998303
outer loop
vertex 0.402140 -0.280656 3.675777
vertex 0.393966 -0.323319 3.676877
vertex 0.716649 -0.588139 3.701193
endloop
endfacet
facet normal -0.0467674 0.0346824 0.998304
outer loop
vertex 0.402140 -0.280656 3.675777
vertex 0.716649 -0.588139 3.701193
vertex 0.732447 -0.489405 3.698503
endloop
endfacet
facet normal -0.0470236 0.0390683 0.99813
outer loop
vertex 1.101538 -0.848411 3.728266
vertex 1.111034 -0.847854 3.728692
vertex 1.112171 -0.847759 3.728742
endloop
endfacet
facet normal -0.0467658 0.0346839 0.998304
outer loop
vertex 1.112171 -0.847759 3.728742
vertex 1.164057 -0.777798 3.728742
vertex 0.964004 -0.644127 3.714726
endloop
endfacet
facet normal -0.0479915 0.0348558 0.998239
outer loop
vertex 0.964004 -0.644127 3.714726
vertex 0.962592 -0.652955 3.714967
vertex 0.957833 -0.687420 3.715941
endloop
endfacet
facet normal -0.0467303 0.0346833 0.998305
outer loop
vertex 0.957833 -0.687420 3.715941
vertex 0.955165 -0.718266 3.716888
vertex 0.954588 -0.745492 3.717807
endloop
endfacet
facet normal -0.0468394 0.0346759 0.9983
outer loop
vertex 0.954588 -0.745492 3.717807
vertex 0.956101 -0.769099 3.718698
vertex 0.959392 -0.787352 3.719486
endloop
endfacet
facet normal -0.0467775 0.0346666 0.998304
outer loop
vertex 0.959392 -0.787352 3.719486
vertex 1.031039 -0.846152 3.724885
vertex 1.041736 -0.847914 3.725448
endloop
endfacet
facet normal -0.0467767 0.0344131 0.998312
outer loop
vertex 1.041736 -0.847914 3.725448
vertex 1.067236 -0.849127 3.726684
vertex 1.079639 -0.849048 3.727263
endloop
endfacet
facet normal -0.0467816 0.0352719 0.998282
outer loop
vertex 1.079639 -0.849048 3.727263
vertex 1.091073 -0.848809 3.727790
vertex 1.101538 -0.848411 3.728266
endloop
endfacet
facet normal -0.0467626 0.0346863 0.998304
outer loop
vertex 1.101538 -0.848411 3.728266
vertex 1.112171 -0.847759 3.728742
vertex 0.964004 -0.644127 3.714726
endloop
endfacet
facet normal -0.0467925 0.0346867 0.998302
outer loop
vertex 0.964004 -0.644127 3.714726
vertex 0.957833 -0.687420 3.715941
vertex 0.954588 -0.745492 3.717807
endloop
endfacet
facet normal -0.0467643 0.0346846 0.998304
outer loop
vertex 0.954588 -0.745492 3.717807
vertex 0.959392 -0.787352 3.719486
vertex 1.041736 -0.847914 3.725448
endloop
endfacet
facet normal -0.0467667 0.0347276 0.998302
outer loop
vertex 1.041736 -0.847914 3.725448
vertex 1.079639 -0.849048 3.727263
vertex 1.101538 -0.848411 3.728266
endloop
endfacet
facet normal -0.0467657 0.0346842 0.998304
outer loop
vertex 1.101538 -0.848411 3.728266
vertex 0.964004 -0.644127 3.714726
vertex 0.954588 -0.745492 3.717807
endloop
endfacet
facet normal -0.0467672 0.0346821 0.998304
outer loop
vertex 0.954588 -0.745492 3.717807
vertex 1.041736 -0.847914 3.725448
vertex 1.101538 -0.848411 3.728266
endloop
endfacet
facet normal -0.0499413 0.0299337 0.998303
outer loop
vertex 0.153031 -0.081797 3.657296
vertex 0.044096 -0.023570 3.650100
vertex 0.041573 -0.027779 3.650100
endloop
endfacet
facet normal -0.0499454 0.0299252 0.998304
outer loop
vertex 0.153031 -0.081797 3.657296
vertex 0.041573 -0.027779 3.650100
vertex 0.153933 -0.102855 3.657972
endloop
endfacet
facet normal -0.049939 0.0299356 0.998303
outer loop
vertex 0.410065 -0.219184 3.674273
vertex 0.403559 -0.269649 3.675461
vertex 0.732447 -0.489405 3.698503
endloop
endfacet
facet normal -0.0499406 0.0299337 0.998304
outer loop
vertex 0.410065 -0.219184 3.674273
vertex 0.732447 -0.489405 3.698503
vertex 0.746877 -0.399214 3.696521
endloop
endfacet
facet normal -0.0499403 0.029933 0.998304
outer loop
vertex 0.964004 -0.644127 3.714726
vertex 1.164057 -0.777798 3.728742
vertex 1.234690 -0.659955 3.728742
endloop
endfacet
facet normal -0.0499402 0.0299343 0.998303
outer loop
vertex 0.964004 -0.644127 3.714726
vertex 1.234690 -0.659955 3.728742
vertex 0.982997 -0.525423 3.712117
endloop
endfacet
facet normal -0.0526359 0.0248921 0.998304
outer loop
vertex 0.152852 -0.077642 3.657183
vertex 0.151228 -0.062641 3.656723
vertex 0.046194 -0.019134 3.650100
endloop
endfacet
facet normal -0.0526348 0.0248944 0.998303
outer loop
vertex 0.046194 -0.019134 3.650100
vertex 0.044096 -0.023570 3.650100
vertex 0.153031 -0.081797 3.657296
endloop
endfacet
facet normal -0.0526318 0.0248997 0.998304
outer loop
vertex 0.046194 -0.019134 3.650100
vertex 0.153031 -0.081797 3.657296
vertex 0.152852 -0.077642 3.657183
endloop
endfacet
facet normal -0.0526337 0.0248948 0.998304
outer loop
vertex 0.746877 -0.399214 3.696521
vertex 0.760359 -0.314951 3.695130
vertex 0.414354 -0.171631 3.673314
endloop
endfacet
facet normal -0.052635 0.0248928 0.998304
outer loop
vertex 0.412619 -0.199375 3.673914
vertex 0.410065 -0.219184 3.674273
vertex 0.746877 -0.399214 3.696521
endloop
endfacet
facet normal -0.0526347 0.0248933 0.998304
outer loop
vertex 0.414354 -0.171631 3.673314
vertex 0.412619 -0.199375 3.673914
vertex 0.746877 -0.399214 3.696521
endloop
endfacet
facet normal -0.0526342 0.0248942 0.998303
outer loop
vertex 0.982997 -0.525423 3.712117
vertex 1.234690 -0.659955 3.728742
vertex 1.293431 -0.535757 3.728742
endloop
endfacet
facet normal -0.0526342 0.0248933 0.998304
outer loop
vertex 0.982997 -0.525423 3.712117
vertex 1.293431 -0.535757 3.728742
vertex 1.000741 -0.414521 3.710287
endloop
endfacet
facet normal -0.0548214 0.0196155 0.998303
outer loop
vertex 0.149352 -0.045305 3.656280
vertex 0.047847 -0.014514 3.650100
vertex 0.046194 -0.019134 3.650100
endloop
endfacet
facet normal -0.0548213 0.0196162 0.998303
outer loop
vertex 0.149352 -0.045305 3.656280
vertex 0.046194 -0.019134 3.650100
vertex 0.151228 -0.062641 3.656723
endloop
endfacet
facet normal -0.0548207 0.0196149 0.998304
outer loop
vertex 0.417173 -0.126548 3.672583
vertex 0.414354 -0.171631 3.673314
vertex 0.760359 -0.314951 3.695130
endloop
endfacet
facet normal -0.0548204 0.0196156 0.998304
outer loop
vertex 0.417173 -0.126548 3.672583
vertex 0.760359 -0.314951 3.695130
vertex 0.773223 -0.234555 3.694257
endloop
endfacet
facet normal -0.0548205 0.0196151 0.998304
outer loop
vertex 1.000741 -0.414521 3.710287
vertex 1.293431 -0.535757 3.728742
vertex 1.339716 -0.406399 3.728742
endloop
endfacet
facet normal -0.0548206 0.0196155 0.998304
outer loop
vertex 1.000741 -0.414521 3.710287
vertex 1.339716 -0.406399 3.728742
vertex 1.017671 -0.308707 3.709138
endloop
endfacet
facet normal -0.0564352 0.0143639 0.998303
outer loop
vertex 0.147724 -0.030269 3.655974
vertex 0.147561 -0.029352 3.655952
vertex 0.049039 -0.009755 3.650100
endloop
endfacet
facet normal -0.0564801 0.0141475 0.998304
outer loop
vertex 0.049039 -0.009755 3.650100
vertex 0.047847 -0.014514 3.650100
vertex 0.149352 -0.045305 3.656280
endloop
endfacet
facet normal -0.0564802 0.0141473 0.998303
outer loop
vertex 0.049039 -0.009755 3.650100
vertex 0.149352 -0.045305 3.656280
vertex 0.147724 -0.030269 3.655974
endloop
endfacet
facet normal -0.0564793 0.0141474 0.998304
outer loop
vertex 1.017671 -0.308707 3.709138
vertex 1.339716 -0.406399 3.728742
vertex 1.373099 -0.273126 3.728742
endloop
endfacet
facet normal -0.0564794 0.0141482 0.998303
outer loop
vertex 1.017671 -0.308707 3.709138
vertex 1.373099 -0.273126 3.728742
vertex 1.034152 -0.205706 3.708610
endloop
endfacet
facet normal -0.0564795 0.0141461 0.998303
outer loop
vertex 0.773223 -0.234555 3.694257
vertex 0.785744 -0.156294 3.693856
vertex 0.417086 -0.082964 3.671960
endloop
endfacet
facet normal -0.0564818 0.0141387 0.998303
outer loop
vertex 0.417480 -0.121634 3.672531
vertex 0.417173 -0.126548 3.672583
vertex 0.773223 -0.234555 3.694257
endloop
endfacet
facet normal -0.0564791 0.0141469 0.998304
outer loop
vertex 0.417086 -0.082964 3.671960
vertex 0.417480 -0.121634 3.672531
vertex 0.773223 -0.234555 3.694257
endloop
endfacet
facet normal -0.0575934 0.00854316 0.998304
outer loop
vertex 0.144884 -0.014270 3.655668
vertex 0.049759 -0.004901 3.650100
vertex 0.049039 -0.009755 3.650100
endloop
endfacet
facet normal -0.0575935 0.00854066 0.998304
outer loop
vertex 0.144884 -0.014270 3.655668
vertex 0.049039 -0.009755 3.650100
vertex 0.147561 -0.029352 3.655952
endloop
endfacet
facet normal -0.057594 0.0085401 0.998303
outer loop
vertex 0.798173 -0.078613 3.693909
vertex 0.416142 -0.040986 3.671547
vertex 0.416724 -0.047432 3.671635
endloop
endfacet
facet normal -0.057594 0.00854318 0.998304
outer loop
vertex 0.416724 -0.047432 3.671635
vertex 0.417086 -0.082964 3.671960
vertex 0.785744 -0.156294 3.693856
endloop
endfacet
facet normal -0.0575937 0.00854402 0.998304
outer loop
vertex 0.416724 -0.047432 3.671635
vertex 0.785744 -0.156294 3.693856
vertex 0.798173 -0.078613 3.693909
endloop
endfacet
facet normal -0.0575943 0.00854326 0.998303
outer loop
vertex 1.034152 -0.205706 3.708610
vertex 1.373099 -0.273126 3.728742
vertex 1.393259 -0.137224 3.728742
endloop
endfacet
facet normal -0.0575941 0.00854223 0.998304
outer loop
vertex 1.034152 -0.205706 3.708610
vertex 1.393259 -0.137224 3.728742
vertex 1.050510 -0.103466 3.708679
endloop
endfacet
facet normal -0.0581539 0.0028568 0.998303
outer loop
vertex 0.142351 0.000000 3.655480
vertex 0.050000 0.000000 3.650100
vertex 0.049759 -0.004901 3.650100
endloop
endfacet
facet normal -0.0581537 0.00285393 0.998304
outer loop
vertex 0.142351 0.000000 3.655480
vertex 0.049759 -0.004901 3.650100
vertex 0.144884 -0.014270 3.655668
endloop
endfacet
facet normal -0.0581544 0.00286062 0.998304
outer loop
vertex 0.810751 0.000000 3.694417
vertex 0.412445 0.000000 3.671214
vertex 0.416142 -0.040986 3.671547
endloop
endfacet
facet normal -0.0581539 0.00285572 0.998304
outer loop
vertex 0.810751 0.000000 3.694417
vertex 0.416142 -0.040986 3.671547
vertex 0.798173 -0.078613 3.693909
endloop
endfacet
facet normal -0.058154 0.00285694 0.998304
outer loop
vertex 1.050510 -0.103466 3.708679
vertex 1.393259 -0.137224 3.728742
vertex 1.400000 0.000000 3.728742
endloop
endfacet
facet normal -0.0581539 0.00285659 0.998304
outer loop
vertex 1.050510 -0.103466 3.708679
vertex 1.400000 0.000000 3.728742
vertex 1.067065 0.000000 3.709347
endloop
endfacet
facet normal 0 0 -1
outer loop
vertex -6.783769 -8.583739 0.000000
vertex -7.033245 -8.494474 0.000000
vertex -7.272771 -8.381187 0.000000
endloop
endfacet
facet normal 0 0 -1
outer loop
vertex -7.272771 -8.381187 0.000000
vertex -7.500040 -8.244968 0.000000
vertex -7.712862 -8.087129 0.000000
endloop
endfacet
facet normal 0 0 -1
outer loop
vertex -7.712862 -8.087129 0.000000
vertex -7.909188 -7.909188 0.000000
vertex -8.087129 -7.712862 0.000000
endloop
endfacet
facet normal 0 0 -1
outer loop
vertex -8.087129 -7.712862 0.000000
vertex -8.244968 -7.500040 0.000000
vertex -8.381187 -7.272771 0.000000
endloop
endfacet
facet normal 0 0 -1
outer loop
vertex -8.381187 -7.272771 0.000000
vertex -8.494474 -7.033245 0.000000
vertex -8.583739 -6.783769 0.000000
endloop
endfacet
facet normal 0 0 -1
outer loop
vertex -8.583739 -6.783769 0.000000
vertex -8.648120 -6.526744 0.000000
vertex -8.686998 -6.264646 0.000000
endloop
endfacet
facet normal 0 0 -1
outer loop
vertex -8.686998 -6.264646 0.000000
vertex -8.700000 -6.000000 0.000000
vertex -8.700000 6.000000 0.000000
endloop
endfacet
facet normal 0 0 -1
outer loop
vertex -8.700000 6.000000 0.000000
vertex -8.686998 6.264646 0.000000
vertex -8.648120 6.526744 0.000000
endloop
endfacet
facet normal 0 0 -1
outer loop
vertex -8.648120 6.526744 0.000000
vertex -8.583739 6.783769 0.000000
vertex -8.494474 7.033245 0.000000
endloop
endfacet
facet normal 0 0 -1
outer loop
vertex -8.494474 7.033245 0.000000
vertex -8.381187 7.272771 0.000000
vertex -8.244968 7.500040 0.000000
endloop
endfacet
facet normal 0 0 -1
outer loop
vertex -8.244968 7.500040 0.000000
vertex -8.087129 7.712862 0.000000
vertex -7.909188 7.909188 0.000000
endloop
endfacet
facet normal 0 0 -1
outer loop
vertex -7.909188 7.909188 0.000000
vertex -7.712862 8.087129 0.000000
vertex -7.500040 8.244968 0.000000
endloop
endfacet
facet normal 0 0 -1
outer loop
vertex -7.500040 8.244968 0.000000
vertex -7.272771 8.381187 0.000000
vertex -7.033245 8.494474 0.000000
endloop
endfacet
facet normal 0 0 -1
outer loop
vertex -7.033245 8.494474 0.000000
vertex -6.783769 8.583739 0.000000
vertex -6.526744 8.648120 0.000000
endloop
endfacet
facet normal 0 0 -1
outer loop
vertex -6.526744 8.648120 0.000000
vertex -6.264646 8.686998 0.000000
vertex -6.000000 8.700000 0.000000
endloop
endfacet
facet normal 0 0 -1
outer loop
vertex -6.000000 8.700000 0.000000
vertex 6.000000 8.700000 0.000000
vertex 6.264646 8.686998 0.000000
endloop
endfacet
facet normal 0 0 -1
outer loop
vertex 6.264646 8.686998 0.000000
vertex 6.526744 8.648120 0.000000
vertex 6.783769 8.583739 0.000000
endloop
endfacet
facet normal 0 -0 -1
outer loop
vertex 6.783769 8.583739 0.000000
vertex 7.033245 8.494474 0.000000
vertex 6.278492 7.304803 0.000000
endloop
endfacet
facet normal 0 0 -1
outer loop
vertex 6.783769 8.583739 0.000000
vertex 6.278492 7.304803 0.000000
vertex 6.056709 7.409699 0.000000
endloop
endfacet
facet normal 0 0 -1
outer loop
vertex -6.000000 8.700000 0.000000
vertex 6.264646 8.686998 0.000000
vertex 6.783769 8.583739 0.000000
endloop
endfacet
facet normal 0 0 -1
outer loop
vertex -7.033245 8.494474 0.000000
vertex -6.526744 8.648120 0.000000
vertex -6.000000 8.700000 0.000000
endloop
endfacet
facet normal 0 0 -1
outer loop
vertex -7.909188 7.909188 0.000000
vertex -7.500040 8.244968 0.000000
vertex -7.033245 8.494474 0.000000
endloop
endfacet
facet normal 0 0 -1
outer loop
vertex -8.494474 7.033245 0.000000
vertex -8.244968 7.500040 0.000000
vertex -7.909188 7.909188 0.000000
endloop
endfacet
facet normal 0 0 -1
outer loop
vertex -8.700000 6.000000 0.000000
vertex -8.648120 6.526744 0.000000
vertex -8.494474 7.033245 0.000000
endloop
endfacet
facet normal 0 0 -1
outer loop
vertex -8.583739 -6.783769 0.000000
vertex -8.686998 -6.264646 0.000000
vertex -8.700000 6.000000 0.000000
endloop
endfacet
facet normal 0 0 -1
outer loop
vertex -8.087129 -7.712862 0.000000
vertex -8.381187 -7.272771 0.000000
vertex -8.583739 -6.783769 0.000000
endloop
endfacet
facet normal 0 0 -1
outer loop
vertex -7.272771 -8.381187 0.000000
vertex -7.712862 -8.087129 0.000000
vertex -8.087129 -7.712862 0.000000
endloop
endfacet
facet normal 0 0 -1
outer loop
vertex -6.526744 -8.648120 0.000000
vertex -6.783769 -8.583739 0.000000
vertex -7.272771 -8.381187 0.000000
endloop
endfacet
facet normal 0 0 -1
outer loop
vertex -6.000000 -8.700000 0.000000
vertex -6.264646 -8.686998 0.000000
vertex -6.526744 -8.648120 0.000000
endloop
endfacet
facet normal 0 0 -1
outer loop
vertex 6.264646 -8.686998 0.000000
vertex 6.000000 -8.700000 0.000000
vertex -6.000000 -8.700000 0.000000
endloop
endfacet
facet normal 0 0 -1
outer loop
vertex 6.783769 -8.583739 0.000000
vertex 6.526744 -8.648120 0.000000
vertex 6.264646 -8.686998 0.000000
endloop
endfacet
facet normal 0 0 -1
outer loop
vertex 7.272771 -8.381187 0.000000
vertex 7.033245 -8.494474 0.000000
vertex 6.783769 -8.583739 0.000000
endloop
endfacet
facet normal 0 0 -1
outer loop
vertex 7.712862 -8.087129 0.000000
vertex 7.500040 -8.244968 0.000000
vertex 7.272771 -8.381187 0.000000
endloop
endfacet
facet normal 0 0 -1
outer loop
vertex 8.087129 -7.712862 0.000000
vertex 7.909188 -7.909188 0.000000
vertex 7.712862 -8.087129 0.000000
endloop
endfacet
facet normal 0 0 -1
outer loop
vertex 8.381187 -7.272771 0.000000
vertex 8.244968 -7.500040 0.000000
vertex 8.087129 -7.712862 0.000000
endloop
endfacet
facet normal 0 0 -1
outer loop
vertex 8.583739 -6.783769 0.000000
vertex 8.494474 -7.033245 0.000000
vertex 8.381187 -7.272771 0.000000
endloop
endfacet
facet normal 0 0 -1
outer loop
vertex 8.686998 -6.264646 0.000000
vertex 8.648120 -6.526744 0.000000
vertex 8.583739 -6.783769 0.000000
endloop
endfacet
facet normal 0 -0 -1
outer loop
vertex 8.700000 6.000000 0.000000
vertex 8.700000 -6.000000 0.000000
vertex 8.686998 -6.264646 0.000000
endloop
endfacet
facet normal 0 0 -1
outer loop
vertex 8.648120 6.526744 0.000000
vertex 8.686998 6.264646 0.000000
vertex 8.700000 6.000000 0.000000
endloop
endfacet
facet normal 0 0 -1
outer loop
vertex 8.494474 7.033245 0.000000
vertex 8.583739 6.783769 0.000000
vertex 8.648120 6.526744 0.000000
endloop
endfacet
facet normal 0 0 -1
outer loop
vertex 7.304803 6.278492 0.000000
vertex 7.275242 6.327812 0.000000
vertex 8.494474 7.033245 0.000000
endloop
endfacet
facet normal 0 0 -1
outer loop
vertex 7.409699 6.056709 0.000000
vertex 7.304803 6.278492 0.000000
vertex 8.494474 7.033245 0.000000
endloop
endfacet
facet normal 0 0 -1
outer loop
vertex 8.494474 7.033245 0.000000
vertex 8.648120 6.526744 0.000000
vertex 8.700000 6.000000 0.000000
endloop
endfacet
facet normal 0 0 -1
outer loop
vertex 8.700000 6.000000 0.000000
vertex 8.686998 -6.264646 0.000000
vertex 8.583739 -6.783769 0.000000
endloop
endfacet
facet normal 0 0 -1
outer loop
vertex 8.583739 -6.783769 0.000000
vertex 8.381187 -7.272771 0.000000
vertex 8.087129 -7.712862 0.000000
endloop
endfacet
facet normal 0 0 -1
outer loop
vertex 8.087129 -7.712862 0.000000
vertex 7.712862 -8.087129 0.000000
vertex 7.272771 -8.381187 0.000000
endloop
endfacet
facet normal 0 0 -1
outer loop
vertex 7.272771 -8.381187 0.000000
vertex 6.783769 -8.583739 0.000000
vertex 6.264646 -8.686998 0.000000
endloop
endfacet
facet normal -0 0 -1
outer loop
vertex 6.264646 -8.686998 0.000000
vertex -6.000000 -8.700000 0.000000
vertex -6.526744 -8.648120 0.000000
endloop
endfacet
facet normal 0 0 -1
outer loop
vertex -6.526744 -8.648120 0.000000
vertex -7.272771 -8.381187 0.000000
vertex -8.087129 -7.712862 0.000000
endloop
endfacet
facet normal 0 0 -1
outer loop
vertex -8.087129 -7.712862 0.000000
vertex -8.583739 -6.783769 0.000000
vertex -8.700000 6.000000 0.000000
endloop
endfacet
facet normal 0 0 -1
outer loop
vertex -8.700000 6.000000 0.000000
vertex -8.494474 7.033245 0.000000
vertex -7.909188 7.909188 0.000000
endloop
endfacet
facet normal 0 0 -1
outer loop
vertex -7.909188 7.909188 0.000000
vertex -7.033245 8.494474 0.000000
vertex -6.000000 8.700000 0.000000
endloop
endfacet
facet normal 0 0 -1
outer loop
vertex 6.783769 8.583739 0.000000
vertex 6.056709 7.409699 0.000000
vertex 5.825712 7.492351 0.000000
endloop
endfacet
facet normal 0 0 -1
outer loop
vertex 6.783769 8.583739 0.000000
vertex 5.825712 7.492351 0.000000
vertex 5.587726 7.551963 0.000000
endloop
endfacet
facet normal 0 0 -1
outer loop
vertex -7.909188 7.909188 0.000000
vertex -6.000000 8.700000 0.000000
vertex 6.783769 8.583739 0.000000
endloop
endfacet
facet normal 0 0 -1
outer loop
vertex -8.087129 -7.712862 0.000000
vertex -8.700000 6.000000 0.000000
vertex -7.909188 7.909188 0.000000
endloop
endfacet
facet normal 0 0 -1
outer loop
vertex 6.264646 -8.686998 0.000000
vertex -6.526744 -8.648120 0.000000
vertex -8.087129 -7.712862 0.000000
endloop
endfacet
facet normal 0 0 -1
outer loop
vertex 8.087129 -7.712862 0.000000
vertex 7.272771 -8.381187 0.000000
vertex 6.264646 -8.686998 0.000000
endloop
endfacet
facet normal 0 0 -1
outer loop
vertex 8.700000 6.000000 0.000000
vertex 8.583739 -6.783769 0.000000
vertex 8.087129 -7.712862 0.000000
endloop
endfacet
facet normal 0 0 -1
outer loop
vertex 7.409699 6.056709 0.000000
vertex 8.494474 7.033245 0.000000
vertex 8.700000 6.000000 0.000000
endloop
endfacet
facet normal 0 0 -1
outer loop
vertex 7.492351 5.825712 0.000000
vertex 7.409699 6.056709 0.000000
vertex 8.700000 6.000000 0.000000
endloop
endfacet
facet normal -0 0 -1
outer loop
vertex 8.087129 -7.712862 0.000000
vertex 6.264646 -8.686998 0.000000
vertex -8.087129 -7.712862 0.000000
endloop
endfacet
facet normal 0 0 -1
outer loop
vertex 6.783769 8.583739 0.000000
vertex 5.587726 7.551963 0.000000
vertex 5.345043 7.587962 0.000000
endloop
endfacet
facet normal 0 0 -1
outer loop
vertex 6.783769 8.583739 0.000000
vertex 5.345043 7.587962 0.000000
vertex 5.100000 7.600000 0.000000
endloop
endfacet
facet normal 0 0 -1
outer loop
vertex 7.551963 5.587726 0.000000
vertex 7.492351 5.825712 0.000000
vertex 8.700000 6.000000 0.000000
endloop
endfacet
facet normal 0 0 -1
outer loop
vertex 7.587962 5.345043 0.000000
vertex 7.551963 5.587726 0.000000
vertex 8.700000 6.000000 0.000000
endloop
endfacet
facet normal 0 0 -1
outer loop
vertex -7.909188 7.909188 0.000000
vertex 6.783769 8.583739 0.000000
vertex 5.100000 7.600000 0.000000
endloop
endfacet
facet normal 0 0 -1
outer loop
vertex -7.909188 7.909188 0.000000
vertex 5.100000 7.600000 0.000000
vertex -5.100000 7.600000 0.000000
endloop
endfacet
facet normal 0 0 -1
outer loop
vertex 7.600000 5.100000 0.000000
vertex 7.587962 5.345043 0.000000
vertex 8.700000 6.000000 0.000000
endloop
endfacet
facet normal 0 0 -1
outer loop
vertex 7.600000 -5.100000 0.000000
vertex 7.600000 5.100000 0.000000
vertex 8.700000 6.000000 0.000000
endloop
endfacet
facet normal 0 0 -1
outer loop
vertex -7.909188 7.909188 0.000000
vertex -5.100000 7.600000 0.000000
vertex -5.345043 7.587962 0.000000
endloop
endfacet
facet normal 0 0 -1
outer loop
vertex -7.909188 7.909188 0.000000
vertex -5.345043 7.587962 0.000000
vertex -5.587726 7.551963 0.000000
endloop
endfacet
facet normal 0 0 -1
outer loop
vertex 7.600000 -5.100000 0.000000
vertex 8.700000 6.000000 0.000000
vertex 8.087129 -7.712862 0.000000
endloop
endfacet
facet normal 0 0 -1
outer loop
vertex 7.587962 -5.345043 0.000000
vertex 7.600000 -5.100000 0.000000
vertex 8.087129 -7.712862 0.000000
endloop
endfacet
facet normal 0 0 -1
outer loop
vertex -7.909188 7.909188 0.000000
vertex -5.587726 7.551963 0.000000
vertex -5.825712 7.492351 0.000000
endloop
endfacet
facet normal 0 0 -1
outer loop
vertex -7.909188 7.909188 0.000000
vertex -5.825712 7.492351 0.000000
vertex -6.056709 7.409699 0.000000
endloop
endfacet
facet normal 0 0 -1
outer loop
vertex 7.551963 -5.587726 0.000000
vertex 7.587962 -5.345043 0.000000
vertex 8.087129 -7.712862 0.000000
endloop
endfacet
facet normal 0 0 -1
outer loop
vertex 7.492351 -5.825712 0.000000
vertex 7.551963 -5.587726 0.000000
vertex 8.087129 -7.712862 0.000000
endloop
endfacet
facet normal 0 0 -1
outer loop
vertex -7.909188 7.909188 0.000000
vertex -6.056709 7.409699 0.000000
vertex -6.278492 7.304803 0.000000
endloop
endfacet
facet normal 0 0 -1
outer loop
vertex -7.909188 7.909188 0.000000
vertex -6.278492 7.304803 0.000000
vertex -6.488925 7.178674 0.000000
endloop
endfacet
facet normal 0 0 -1
outer loop
vertex 7.409699 -6.056709 0.000000
vertex 7.492351 -5.825712 0.000000
vertex 8.087129 -7.712862 0.000000
endloop
endfacet
facet normal 0 0 -1
outer loop
vertex 7.304803 -6.278492 0.000000
vertex 7.409699 -6.056709 0.000000
vertex 8.087129 -7.712862 0.000000
endloop
endfacet
facet normal 0 0 -1
outer loop
vertex -7.909188 7.909188 0.000000
vertex -6.488925 7.178674 0.000000
vertex -6.685983 7.032526 0.000000
endloop
endfacet
facet normal 0 0 -1
outer loop
vertex -7.909188 7.909188 0.000000
vertex -6.685983 7.032526 0.000000
vertex -6.867767 6.867767 0.000000
endloop
endfacet
facet normal 0 0 -1
outer loop
vertex 7.178674 -6.488925 0.000000
vertex 7.304803 -6.278492 0.000000
vertex 8.087129 -7.712862 0.000000
endloop
endfacet
facet normal 0 0 -1
outer loop
vertex 7.032526 -6.685983 0.000000
vertex 7.178674 -6.488925 0.000000
vertex 8.087129 -7.712862 0.000000
endloop
endfacet
facet normal 0 0 -1
outer loop
vertex -7.909188 7.909188 0.000000
vertex -6.867767 6.867767 0.000000
vertex -7.032526 6.685983 0.000000
endloop
endfacet
facet normal 0 0 -1
outer loop
vertex -7.909188 7.909188 0.000000
vertex -7.032526 6.685983 0.000000
vertex -7.178674 6.488925 0.000000
endloop
endfacet
facet normal 0 0 -1
outer loop
vertex 6.867767 -6.867767 0.000000
vertex 7.032526 -6.685983 0.000000
vertex 8.087129 -7.712862 0.000000
endloop
endfacet
facet normal 0 0 -1
outer loop
vertex 6.685983 -7.032526 0.000000
vertex 6.867767 -6.867767 0.000000
vertex 8.087129 -7.712862 0.000000
endloop
endfacet
facet normal 0 0 -1
outer loop
vertex -7.909188 7.909188 0.000000
vertex -7.178674 6.488925 0.000000
vertex -7.304803 6.278492 0.000000
endloop
endfacet
facet normal 0 0 -1
outer loop
vertex -7.909188 7.909188 0.000000
vertex -7.304803 6.278492 0.000000
vertex -7.409699 6.056709 0.000000
endloop
endfacet
facet normal 0 0 -1
outer loop
vertex 6.488925 -7.178674 0.000000
vertex 6.685983 -7.032526 0.000000
vertex 8.087129 -7.712862 0.000000
endloop
endfacet
facet normal 0 0 -1
outer loop
vertex 6.278492 -7.304803 0.000000
vertex 6.488925 -7.178674 0.000000
vertex 8.087129 -7.712862 0.000000
endloop
endfacet
facet normal 0 0 -1
outer loop
vertex -7.909188 7.909188 0.000000
vertex -7.409699 6.056709 0.000000
vertex -7.492351 5.825712 0.000000
endloop
endfacet
facet normal 0 0 -1
outer loop
vertex -7.909188 7.909188 0.000000
vertex -7.492351 5.825712 0.000000
vertex -7.551963 5.587726 0.000000
endloop
endfacet
facet normal 0 0 -1
outer loop
vertex 6.056709 -7.409699 0.000000
vertex 6.278492 -7.304803 0.000000
vertex 8.087129 -7.712862 0.000000
endloop
endfacet
facet normal 0 0 -1
outer loop
vertex 5.825712 -7.492351 0.000000
vertex 6.056709 -7.409699 0.000000
vertex 8.087129 -7.712862 0.000000
endloop
endfacet
facet normal 0 0 -1
outer loop
vertex -7.909188 7.909188 0.000000
vertex -7.551963 5.587726 0.000000
vertex -7.587962 5.345043 0.000000
endloop
endfacet
facet normal 0 0 -1
outer loop
vertex -7.909188 7.909188 0.000000
vertex -7.587962 5.345043 0.000000
vertex -7.600000 5.100000 0.000000
endloop
endfacet
facet normal 0 0 -1
outer loop
vertex 5.587726 -7.551963 0.000000
vertex 5.825712 -7.492351 0.000000
vertex 8.087129 -7.712862 0.000000
endloop
endfacet
facet normal 0 0 -1
outer loop
vertex 5.345043 -7.587962 0.000000
vertex 5.587726 -7.551963 0.000000
vertex 8.087129 -7.712862 0.000000
endloop
endfacet
facet normal 0 0 -1
outer loop
vertex -8.087129 -7.712862 0.000000
vertex -7.909188 7.909188 0.000000
vertex -7.600000 5.100000 0.000000
endloop
endfacet
facet normal 0 0 -1
outer loop
vertex -8.087129 -7.712862 0.000000
vertex -7.600000 5.100000 0.000000
vertex -7.600000 -5.100000 0.000000
endloop
endfacet
facet normal 0 0 -1
outer loop
vertex 5.100000 -7.600000 0.000000
vertex 5.345043 -7.587962 0.000000
vertex 8.087129 -7.712862 0.000000
endloop
endfacet
facet normal 0 0 -1
outer loop
vertex -5.100000 -7.600000 0.000000
vertex 5.100000 -7.600000 0.000000
vertex 8.087129 -7.712862 0.000000
endloop
endfacet
facet normal 0 0 -1
outer loop
vertex -8.087129 -7.712862 0.000000
vertex -7.600000 -5.100000 0.000000
vertex -7.587962 -5.345043 0.000000
endloop
endfacet
facet normal 0 0 -1
outer loop
vertex -8.087129 -7.712862 0.000000
vertex -7.587962 -5.345043 0.000000
vertex -7.551963 -5.587726 0.000000
endloop
endfacet
facet normal 0 -0 -1
outer loop
vertex -5.100000 -7.600000 0.000000
vertex 8.087129 -7.712862 0.000000
vertex -8.087129 -7.712862 0.000000
endloop
endfacet
facet normal 0 -0 -1
outer loop
vertex -5.345043 -7.587962 0.000000
vertex -5.100000 -7.600000 0.000000
vertex -8.087129 -7.712862 0.000000
endloop
endfacet
facet normal 0 0 -1
outer loop
vertex -8.087129 -7.712862 0.000000
vertex -7.551963 -5.587726 0.000000
vertex -7.492351 -5.825712 0.000000
endloop
endfacet
facet normal 0 0 -1
outer loop
vertex -8.087129 -7.712862 0.000000
vertex -7.492351 -5.825712 0.000000
vertex -7.409699 -6.056709 0.000000
endloop
endfacet
facet normal 0 -0 -1
outer loop
vertex -5.587726 -7.551963 0.000000
vertex -5.345043 -7.587962 0.000000
vertex -8.087129 -7.712862 0.000000
endloop
endfacet
facet normal 0 -0 -1
outer loop
vertex -5.825712 -7.492351 0.000000
vertex -5.587726 -7.551963 0.000000
vertex -8.087129 -7.712862 0.000000
endloop
endfacet
facet normal 0 0 -1
outer loop
vertex -8.087129 -7.712862 0.000000
vertex -7.409699 -6.056709 0.000000
vertex -7.304803 -6.278492 0.000000
endloop
endfacet
facet normal 0 0 -1
outer loop
vertex -8.087129 -7.712862 0.000000
vertex -7.304803 -6.278492 0.000000
vertex -7.178674 -6.488925 0.000000
endloop
endfacet
facet normal 0 -0 -1
outer loop
vertex -6.056709 -7.409699 0.000000
vertex -5.825712 -7.492351 0.000000
vertex -8.087129 -7.712862 0.000000
endloop
endfacet
facet normal 0 -0 -1
outer loop
vertex -6.278492 -7.304803 0.000000
vertex -6.056709 -7.409699 0.000000
vertex -8.087129 -7.712862 0.000000
endloop
endfacet
facet normal 0 0 -1
outer loop
vertex -8.087129 -7.712862 0.000000
vertex -7.178674 -6.488925 0.000000
vertex -7.032526 -6.685983 0.000000
endloop
endfacet
facet normal 0 0 -1
outer loop
vertex -8.087129 -7.712862 0.000000
vertex -7.032526 -6.685983 0.000000
vertex -6.867767 -6.867767 0.000000
endloop
endfacet
facet normal 0 -0 -1
outer loop
vertex -6.488925 -7.178674 0.000000
vertex -6.278492 -7.304803 0.000000
vertex -8.087129 -7.712862 0.000000
endloop
endfacet
facet normal 0 0 -1
outer loop
vertex -8.087129 -7.712862 0.000000
vertex -6.867767 -6.867767 0.000000
vertex -6.685983 -7.032526 0.000000
endloop
endfacet
facet normal 0 0 -1
outer loop
vertex -8.087129 -7.712862 0.000000
vertex -6.685983 -7.032526 0.000000
vertex -6.488925 -7.178674 0.000000
endloop
endfacet
facet normal 0 0 -1
outer loop
vertex 7.909188 7.909188 0.000000
vertex 8.087129 7.712862 0.000000
vertex 8.244968 7.500040 0.000000
endloop
endfacet
facet normal 0 0 -1
outer loop
vertex 8.244968 7.500040 0.000000
vertex 8.381187 7.272771 0.000000
vertex 8.494474 7.033245 0.000000
endloop
endfacet
facet normal 0 0 -1
outer loop
vertex 8.494474 7.033245 0.000000
vertex 7.275242 6.327812 0.000000
vertex 7.178674 6.488925 0.000000
endloop
endfacet
facet normal 0 0 -1
outer loop
vertex 8.494474 7.033245 0.000000
vertex 7.178674 6.488925 0.000000
vertex 7.032526 6.685983 0.000000
endloop
endfacet
facet normal 0 0 -1
outer loop
vertex 7.909188 7.909188 0.000000
vertex 8.244968 7.500040 0.000000
vertex 8.494474 7.033245 0.000000
endloop
endfacet
facet normal 0 0 -1
outer loop
vertex 7.500040 8.244968 0.000000
vertex 7.712862 8.087129 0.000000
vertex 7.909188 7.909188 0.000000
endloop
endfacet
facet normal 0 0 -1
outer loop
vertex 7.033245 8.494474 0.000000
vertex 7.272771 8.381187 0.000000
vertex 7.500040 8.244968 0.000000
endloop
endfacet
facet normal 0 0 -1
outer loop
vertex 6.488925 7.178674 0.000000
vertex 6.278492 7.304803 0.000000
vertex 7.033245 8.494474 0.000000
endloop
endfacet
facet normal 0 0 -1
outer loop
vertex 6.685983 7.032526 0.000000
vertex 6.488925 7.178674 0.000000
vertex 7.033245 8.494474 0.000000
endloop
endfacet
facet normal 0 0 -1
outer loop
vertex 7.033245 8.494474 0.000000
vertex 7.500040 8.244968 0.000000
vertex 7.909188 7.909188 0.000000
endloop
endfacet
facet normal 0 -0 -1
outer loop
vertex 7.909188 7.909188 0.000000
vertex 8.494474 7.033245 0.000000
vertex 7.032526 6.685983 0.000000
endloop
endfacet
facet normal 0 0 -1
outer loop
vertex 6.867767 6.867767 0.000000
vertex 6.685983 7.032526 0.000000
vertex 7.033245 8.494474 0.000000
endloop
endfacet
facet normal 0 0 -1
outer loop
vertex 7.909188 7.909188 0.000000
vertex 7.032526 6.685983 0.000000
vertex 6.867767 6.867767 0.000000
endloop
endfacet
facet normal 0 0 -1
outer loop
vertex 6.867767 6.867767 0.000000
vertex 7.033245 8.494474 0.000000
vertex 7.909188 7.909188 0.000000
endloop
endfacet
facet normal 0 0 1
outer loop
vertex 0.047847 -0.014514 3.650100
vertex 0.049039 -0.009755 3.650100
vertex 0.049759 -0.004901 3.650100
endloop
endfacet
facet normal 0 0 1
outer loop
vertex 0.049759 -0.004901 3.650100
vertex 0.050000 0.000000 3.650100
vertex 0.049759 0.004901 3.650100
endloop
endfacet
facet normal 0 0 1
outer loop
vertex 0.049759 0.004901 3.650100
vertex 0.049039 0.009755 3.650100
vertex 0.047847 0.014514 3.650100
endloop
endfacet
facet normal 0 0 1
outer loop
vertex 0.047847 0.014514 3.650100
vertex 0.046194 0.019134 3.650100
vertex 0.044096 0.023570 3.650100
endloop
endfacet
facet normal 0 0 1
outer loop
vertex 0.044096 0.023570 3.650100
vertex 0.041573 0.027779 3.650100
vertex 0.038651 0.031720 3.650100
endloop
endfacet
facet normal 0 0 1
outer loop
vertex 0.038651 0.031720 3.650100
vertex 0.035355 0.035355 3.650100
vertex 0.031720 0.038651 3.650100
endloop
endfacet
facet normal 0 0 1
outer loop
vertex 0.031720 0.038651 3.650100
vertex 0.027779 0.041573 3.650100
vertex 0.023570 0.044096 3.650100
endloop
endfacet
facet normal 0 0 1
outer loop
vertex 0.023570 0.044096 3.650100
vertex 0.019134 0.046194 3.650100
vertex 0.014514 0.047847 3.650100
endloop
endfacet
facet normal 0 0 1
outer loop
vertex 0.014514 0.047847 3.650100
vertex 0.009755 0.049039 3.650100
vertex 0.004901 0.049759 3.650100
endloop
endfacet
facet normal 0 0 1
outer loop
vertex 0.004901 0.049759 3.650100
vertex 0.000000 0.050000 3.650100
vertex -0.004901 0.049759 3.650100
endloop
endfacet
facet normal 0 0 1
outer loop
vertex -0.004901 0.049759 3.650100
vertex -0.009755 0.049039 3.650100
vertex -0.014514 0.047847 3.650100
endloop
endfacet
facet normal 0 0 1
outer loop
vertex -0.014514 0.047847 3.650100
vertex -0.019134 0.046194 3.650100
vertex -0.023570 0.044096 3.650100
endloop
endfacet
facet normal 0 0 1
outer loop
vertex -0.023570 0.044096 3.650100
vertex -0.027779 0.041573 3.650100
vertex -0.031720 0.038651 3.650100
endloop
endfacet
facet normal 0 0 1
outer loop
vertex -0.031720 0.038651 3.650100
vertex -0.035355 0.035355 3.650100
vertex -0.038651 0.031720 3.650100
endloop
endfacet
facet normal 0 0 1
outer loop
vertex -0.038651 0.031720 3.650100
vertex -0.041573 0.027779 3.650100
vertex -0.044096 0.023570 3.650100
endloop
endfacet
facet normal 0 0 1
outer loop
vertex -0.044096 0.023570 3.650100
vertex -0.046194 0.019134 3.650100
vertex -0.047847 0.014514 3.650100
endloop
endfacet
facet normal 0 0 1
outer loop
vertex -0.047847 0.014514 3.650100
vertex -0.049039 0.009755 3.650100
vertex -0.049759 0.004901 3.650100
endloop
endfacet
facet normal 0 0 1
outer loop
vertex -0.049759 0.004901 3.650100
vertex -0.050000 0.000000 3.650100
vertex -0.049759 -0.004901 3.650100
endloop
endfacet
facet normal 0 0 1
outer loop
vertex -0.049759 -0.004901 3.650100
vertex -0.049039 -0.009755 3.650100
vertex -0.047847 -0.014514 3.650100
endloop
endfacet
facet normal 0 0 1
outer loop
vertex -0.047847 -0.014514 3.650100
vertex -0.046194 -0.019134 3.650100
vertex -0.044096 -0.023570 3.650100
endloop
endfacet
facet normal 0 0 1
outer loop
vertex -0.044096 -0.023570 3.650100
vertex -0.041573 -0.027779 3.650100
vertex -0.038651 -0.031720 3.650100
endloop
endfacet
facet normal 0 0 1
outer loop
vertex -0.038651 -0.031720 3.650100
vertex -0.035355 -0.035355 3.650100
vertex -0.031720 -0.038651 3.650100
endloop
endfacet
facet normal 0 0 1
outer loop
vertex -0.031720 -0.038651 3.650100
vertex -0.027779 -0.041573 3.650100
vertex -0.023570 -0.044096 3.650100
endloop
endfacet
facet normal 0 0 1
outer loop
vertex -0.023570 -0.044096 3.650100
vertex -0.019134 -0.046194 3.650100
vertex -0.014514 -0.047847 3.650100
endloop
endfacet
facet normal 0 0 1
outer loop
vertex -0.014514 -0.047847 3.650100
vertex -0.009755 -0.049039 3.650100
vertex -0.004901 -0.049759 3.650100
endloop
endfacet
facet normal -0 0 1
outer loop
vertex -0.004901 -0.049759 3.650100
vertex -0.000000 -0.050000 3.650100
vertex 0.004901 -0.049759 3.650100
endloop
endfacet
facet normal 0 0 1
outer loop
vertex 0.004901 -0.049759 3.650100
vertex 0.009755 -0.049039 3.650100
vertex 0.014514 -0.047847 3.650100
endloop
endfacet
facet normal 0 0 1
outer loop
vertex 0.014514 -0.047847 3.650100
vertex 0.019134 -0.046194 3.650100
vertex 0.023570 -0.044096 3.650100
endloop
endfacet
facet normal 0 0 1
outer loop
vertex 0.023570 -0.044096 3.650100
vertex 0.027779 -0.041573 3.650100
vertex 0.031720 -0.038651 3.650100
endloop
endfacet
facet normal 0 0 1
outer loop
vertex 0.031720 -0.038651 3.650100
vertex 0.035355 -0.035355 3.650100
vertex 0.038651 -0.031720 3.650100
endloop
endfacet
facet normal 0 0 1
outer loop
vertex 0.038651 -0.031720 3.650100
vertex 0.041573 -0.027779 3.650100
vertex 0.044096 -0.023570 3.650100
endloop
endfacet
facet normal 0 0 1
outer loop
vertex 0.044096 -0.023570 3.650100
vertex 0.046194 -0.019134 3.650100
vertex 0.047847 -0.014514 3.650100
endloop
endfacet
facet normal 0 0 1
outer loop
vertex 0.047847 -0.014514 3.650100
vertex 0.049759 -0.004901 3.650100
vertex 0.049759 0.004901 3.650100
endloop
endfacet
facet normal 0 0 1
outer loop
vertex 0.049759 0.004901 3.650100
vertex 0.047847 0.014514 3.650100
vertex 0.044096 0.023570 3.650100
endloop
endfacet
facet normal 0 0 1
outer loop
vertex 0.044096 0.023570 3.650100
vertex 0.038651 0.031720 3.650100
vertex 0.031720 0.038651 3.650100
endloop
endfacet
facet normal 0 0 1
outer loop
vertex 0.031720 0.038651 3.650100
vertex 0.023570 0.044096 3.650100
vertex 0.014514 0.047847 3.650100
endloop
endfacet
facet normal 0 0 1
outer loop
vertex 0.014514 0.047847 3.650100
vertex 0.004901 0.049759 3.650100
vertex -0.004901 0.049759 3.650100
endloop
endfacet
facet normal 0 0 1
outer loop
vertex -0.004901 0.049759 3.650100
vertex -0.014514 0.047847 3.650100
vertex -0.023570 0.044096 3.650100
endloop
endfacet
facet normal 0 0 1
outer loop
vertex -0.023570 0.044096 3.650100
vertex -0.031720 0.038651 3.650100
vertex -0.038651 0.031720 3.650100
endloop
endfacet
facet normal 0 0 1
outer loop
vertex -0.038651 0.031720 3.650100
vertex -0.044096 0.023570 3.650100
vertex -0.047847 0.014514 3.650100
endloop
endfacet
facet normal 0 0 1
outer loop
vertex -0.047847 0.014514 3.650100
vertex -0.049759 0.004901 3.650100
vertex -0.049759 -0.004901 3.650100
endloop
endfacet
facet normal 0 0 1
outer loop
vertex -0.049759 -0.004901 3.650100
vertex -0.047847 -0.014514 3.650100
vertex -0.044096 -0.023570 3.650100
endloop
endfacet
facet normal 0 0 1
outer loop
vertex -0.044096 -0.023570 3.650100
vertex -0.038651 -0.031720 3.650100
vertex -0.031720 -0.038651 3.650100
endloop
endfacet
facet normal 0 0 1
outer loop
vertex -0.031720 -0.038651 3.650100
vertex -0.023570 -0.044096 3.650100
vertex -0.014514 -0.047847 3.650100
endloop
endfacet
facet normal 0 0 1
outer loop
vertex -0.014514 -0.047847 3.650100
vertex -0.004901 -0.049759 3.650100
vertex 0.004901 -0.049759 3.650100
endloop
endfacet
facet normal 0 0 1
outer loop
vertex 0.004901 -0.049759 3.650100
vertex 0.014514 -0.047847 3.650100
vertex 0.023570 -0.044096 3.650100
endloop
endfacet
facet normal 0 0 1
outer loop
vertex 0.023570 -0.044096 3.650100
vertex 0.031720 -0.038651 3.650100
vertex 0.038651 -0.031720 3.650100
endloop
endfacet
facet normal 0 0 1
outer loop
vertex 0.038651 -0.031720 3.650100
vertex 0.044096 -0.023570 3.650100
vertex 0.047847 -0.014514 3.650100
endloop
endfacet
facet normal 0 -0 1
outer loop
vertex 0.047847 -0.014514 3.650100
vertex 0.049759 0.004901 3.650100
vertex 0.044096 0.023570 3.650100
endloop
endfacet
facet normal 0 0 1
outer loop
vertex 0.044096 0.023570 3.650100
vertex 0.031720 0.038651 3.650100
vertex 0.014514 0.047847 3.650100
endloop
endfacet
facet normal 0 0 1
outer loop
vertex 0.014514 0.047847 3.650100
vertex -0.004901 0.049759 3.650100
vertex -0.023570 0.044096 3.650100
endloop
endfacet
facet normal 0 0 1
outer loop
vertex -0.023570 0.044096 3.650100
vertex -0.038651 0.031720 3.650100
vertex -0.047847 0.014514 3.650100
endloop
endfacet
facet normal 0 0 1
outer loop
vertex -0.047847 0.014514 3.650100
vertex -0.049759 -0.004901 3.650100
vertex -0.044096 -0.023570 3.650100
endloop
endfacet
facet normal 0 0 1
outer loop
vertex -0.044096 -0.023570 3.650100
vertex -0.031720 -0.038651 3.650100
vertex -0.014514 -0.047847 3.650100
endloop
endfacet
facet normal -0 0 1
outer loop
vertex -0.014514 -0.047847 3.650100
vertex 0.004901 -0.049759 3.650100
vertex 0.023570 -0.044096 3.650100
endloop
endfacet
facet normal 0 0 1
outer loop
vertex 0.023570 -0.044096 3.650100
vertex 0.038651 -0.031720 3.650100
vertex 0.047847 -0.014514 3.650100
endloop
endfacet
facet normal 0 0 1
outer loop
vertex 0.047847 -0.014514 3.650100
vertex 0.044096 0.023570 3.650100
vertex 0.014514 0.047847 3.650100
endloop
endfacet
facet normal 0 0 1
outer loop
vertex 0.014514 0.047847 3.650100
vertex -0.023570 0.044096 3.650100
vertex -0.047847 0.014514 3.650100
endloop
endfacet
facet normal 0 0 1
outer loop
vertex -0.047847 0.014514 3.650100
vertex -0.044096 -0.023570 3.650100
vertex -0.014514 -0.047847 3.650100
endloop
endfacet
facet normal 0 0 1
outer loop
vertex -0.014514 -0.047847 3.650100
vertex 0.023570 -0.044096 3.650100
vertex 0.047847 -0.014514 3.650100
endloop
endfacet
facet normal 0 0 1
outer loop
vertex 0.047847 -0.014514 3.650100
vertex 0.014514 0.047847 3.650100
vertex -0.047847 0.014514 3.650100
endloop
endfacet
facet normal 0 0 1
outer loop
vertex -0.047847 0.014514 3.650100
vertex -0.014514 -0.047847 3.650100
vertex 0.047847 -0.014514 3.650100
endloop
endfacet
facet normal -0.998795 -0.0490679 0
outer loop
vertex 7.600000 5.100000 0.000000
vertex 7.600000 5.100000 2.450000
vertex 7.587962 5.345043 2.450000
endloop
endfacet
facet normal -0.998795 -0.0490679 0
outer loop
vertex 7.600000 5.100000 0.000000
vertex 7.587962 5.345043 2.450000
vertex 7.587962 5.345043 0.000000
endloop
endfacet
facet normal -0.989177 -0.146729 0
outer loop
vertex 7.587962 5.345043 0.000000
vertex 7.587962 5.345043 2.450000
vertex 7.551963 5.587726 2.450000
endloop
endfacet
facet normal -0.989177 -0.146729 0
outer loop
vertex 7.587962 5.345043 0.000000
vertex 7.551963 5.587726 2.450000
vertex 7.551963 5.587726 0.000000
endloop
endfacet
facet normal -0.970031 -0.24298 0
outer loop
vertex 7.551963 5.587726 0.000000
vertex 7.551963 5.587726 2.450000
vertex 7.492351 5.825712 2.450000
endloop
endfacet
facet normal -0.970031 -0.24298 0
outer loop
vertex 7.551963 5.587726 0.000000
vertex 7.492351 5.825712 2.450000
vertex 7.492351 5.825712 0.000000
endloop
endfacet
facet normal -0.941544 -0.33689 0
outer loop
vertex 7.492351 5.825712 0.000000
vertex 7.492351 5.825712 2.450000
vertex 7.409699 6.056709 2.450000
endloop
endfacet
facet normal -0.941544 -0.33689 0
outer loop
vertex 7.492351 5.825712 0.000000
vertex 7.409699 6.056709 2.450000
vertex 7.409699 6.056709 0.000000
endloop
endfacet
facet normal -0.903989 -0.427555 0
outer loop
vertex 7.409699 6.056709 0.000000
vertex 7.409699 6.056709 2.450000
vertex 7.304803 6.278492 2.450000
endloop
endfacet
facet normal -0.903989 -0.427555 0
outer loop
vertex 7.409699 6.056709 0.000000
vertex 7.304803 6.278492 2.450000
vertex 7.304803 6.278492 0.000000
endloop
endfacet
facet normal 0 0 1
outer loop
vertex 7.178674 6.488925 0.000000
vertex 7.275242 6.327812 0.000000
vertex 7.304803 6.278492 0.000000
endloop
endfacet
facet normal -0.857728 -0.514103 0
outer loop
vertex 7.304803 6.278492 0.000000
vertex 7.304803 6.278492 2.450000
vertex 7.178674 6.488925 2.450000
endloop
endfacet
facet normal -0.857728 -0.514103 0
outer loop
vertex 7.304803 6.278492 0.000000
vertex 7.178674 6.488925 2.450000
vertex 7.178674 6.488925 0.000000
endloop
endfacet
facet normal -0.803207 -0.5957 0
outer loop
vertex 7.178674 6.488925 2.450000
vertex 7.032526 6.685983 2.450000
vertex 7.032526 6.685983 0.000000
endloop
endfacet
facet normal -0.803207 -0.5957 -0
outer loop
vertex 7.178674 6.488925 2.450000
vertex 7.032526 6.685983 0.000000
vertex 7.178674 6.488925 0.000000
endloop
endfacet
facet normal -0.740951 -0.671559 0
outer loop
vertex 7.032526 6.685983 0.000000
vertex 7.032526 6.685983 2.450000
vertex 6.867767 6.867767 2.450000
endloop
endfacet
facet normal -0.740951 -0.671559 0
outer loop
vertex 7.032526 6.685983 0.000000
vertex 6.867767 6.867767 2.450000
vertex 6.867767 6.867767 0.000000
endloop
endfacet
facet normal -0.671559 -0.740951 0
outer loop
vertex 6.867767 6.867767 0.000000
vertex 6.867767 6.867767 2.450000
vertex 6.685983 7.032526 2.450000
endloop
endfacet
facet normal -0.671559 -0.740951 0
outer loop
vertex 6.867767 6.867767 0.000000
vertex 6.685983 7.032526 2.450000
vertex 6.685983 7.032526 0.000000
endloop
endfacet
facet normal -0.5957 -0.803207 0
outer loop
vertex 6.685983 7.032526 0.000000
vertex 6.685983 7.032526 2.450000
vertex 6.488925 7.178674 2.450000
endloop
endfacet
facet normal -0.5957 -0.803207 0
outer loop
vertex 6.685983 7.032526 0.000000
vertex 6.488925 7.178674 2.450000
vertex 6.488925 7.178674 0.000000
endloop
endfacet
facet normal -0.514103 -0.857728 0
outer loop
vertex 6.488925 7.178674 0.000000
vertex 6.488925 7.178674 2.450000
vertex 6.278492 7.304803 2.450000
endloop
endfacet
facet normal -0.514103 -0.857728 0
outer loop
vertex 6.488925 7.178674 0.000000
vertex 6.278492 7.304803 2.450000
vertex 6.278492 7.304803 0.000000
endloop
endfacet
facet normal -0.427555 -0.903989 0
outer loop
vertex 6.278492 7.304803 0.000000
vertex 6.278492 7.304803 2.450000
vertex 6.056709 7.409699 2.450000
endloop
endfacet
facet normal -0.427555 -0.903989 0
outer loop
vertex 6.278492 7.304803 0.000000
vertex 6.056709 7.409699 2.450000
vertex 6.056709 7.409699 0.000000
endloop
endfacet
facet normal -0.33689 -0.941544 0
outer loop
vertex 6.056709 7.409699 0.000000
vertex 6.056709 7.409699 2.450000
vertex 5.825712 7.492351 2.450000
endloop
endfacet
facet normal -0.33689 -0.941544 0
outer loop
vertex 6.056709 7.409699 0.000000
vertex 5.825712 7.492351 2.450000
vertex 5.825712 7.492351 0.000000
endloop
endfacet
facet normal -0.24298 -0.970031 0
outer loop
vertex 5.825712 7.492351 0.000000
vertex 5.825712 7.492351 2.450000
vertex 5.587726 7.551963 2.450000
endloop
endfacet
facet normal -0.24298 -0.970031 0
outer loop
vertex 5.825712 7.492351 0.000000
vertex 5.587726 7.551963 2.450000
vertex 5.587726 7.551963 0.000000
endloop
endfacet
facet normal -0.146729 -0.989177 0
outer loop
vertex 5.587726 7.551963 0.000000
vertex 5.587726 7.551963 2.450000
vertex 5.345043 7.587962 2.450000
endloop
endfacet
facet normal -0.146729 -0.989177 0
outer loop
vertex 5.587726 7.551963 0.000000
vertex 5.345043 7.587962 2.450000
vertex 5.345043 7.587962 0.000000
endloop
endfacet
facet normal -0.0490679 -0.998795 0
outer loop
vertex 5.345043 7.587962 0.000000
vertex 5.345043 7.587962 2.450000
vertex 5.100000 7.600000 2.450000
endloop
endfacet
facet normal -0.0490679 -0.998795 0
outer loop
vertex 5.345043 7.587962 0.000000
vertex 5.100000 7.600000 2.450000
vertex 5.100000 7.600000 0.000000
endloop
endfacet
facet normal 0 -1 0
outer loop
vertex 5.100000 7.600000 0.000000
vertex 5.100000 7.600000 2.450000
vertex -5.100000 7.600000 2.450000
endloop
endfacet
facet normal 0 -1 0
outer loop
vertex 5.100000 7.600000 0.000000
vertex -5.100000 7.600000 2.450000
vertex -5.100000 7.600000 0.000000
endloop
endfacet
facet normal 0.0490679 -0.998795 0
outer loop
vertex -5.100000 7.600000 0.000000
vertex -5.100000 7.600000 2.450000
vertex -5.345043 7.587962 2.450000
endloop
endfacet
facet normal 0.0490679 -0.998795 0
outer loop
vertex -5.100000 7.600000 0.000000
vertex -5.345043 7.587962 2.450000
vertex -5.345043 7.587962 0.000000
endloop
endfacet
facet normal 0.146729 -0.989177 0
outer loop
vertex -5.345043 7.587962 0.000000
vertex -5.345043 7.587962 2.450000
vertex -5.587726 7.551963 2.450000
endloop
endfacet
facet normal 0.146729 -0.989177 0
outer loop
vertex -5.345043 7.587962 0.000000
vertex -5.587726 7.551963 2.450000
vertex -5.587726 7.551963 0.000000
endloop
endfacet
facet normal 0.24298 -0.970031 0
outer loop
vertex -5.587726 7.551963 0.000000
vertex -5.587726 7.551963 2.450000
vertex -5.825712 7.492351 2.450000
endloop
endfacet
facet normal 0.24298 -0.970031 0
outer loop
vertex -5.587726 7.551963 0.000000
vertex -5.825712 7.492351 2.450000
vertex -5.825712 7.492351 0.000000
endloop
endfacet
facet normal 0.33689 -0.941544 0
outer loop
vertex -5.825712 7.492351 0.000000
vertex -5.825712 7.492351 2.450000
vertex -6.056709 7.409699 2.450000
endloop
endfacet
facet normal 0.33689 -0.941544 0
outer loop
vertex -5.825712 7.492351 0.000000
vertex -6.056709 7.409699 2.450000
vertex -6.056709 7.409699 0.000000
endloop
endfacet
facet normal 0.427555 -0.903989 0
outer loop
vertex -6.056709 7.409699 0.000000
vertex -6.056709 7.409699 2.450000
vertex -6.278492 7.304803 2.450000
endloop
endfacet
facet normal 0.427555 -0.903989 0
outer loop
vertex -6.056709 7.409699 0.000000
vertex -6.278492 7.304803 2.450000
vertex -6.278492 7.304803 0.000000
endloop
endfacet
facet normal 0.514103 -0.857728 0
outer loop
vertex -6.278492 7.304803 0.000000
vertex -6.278492 7.304803 2.450000
vertex -6.488925 7.178674 2.450000
endloop
endfacet
facet normal 0.514103 -0.857728 0
outer loop
vertex -6.278492 7.304803 0.000000
vertex -6.488925 7.178674 2.450000
vertex -6.488925 7.178674 0.000000
endloop
endfacet
facet normal 0.5957 -0.803207 0
outer loop
vertex -6.488925 7.178674 0.000000
vertex -6.488925 7.178674 2.450000
vertex -6.685983 7.032526 2.450000
endloop
endfacet
facet normal 0.5957 -0.803207 0
outer loop
vertex -6.488925 7.178674 0.000000
vertex -6.685983 7.032526 2.450000
vertex -6.685983 7.032526 0.000000
endloop
endfacet
facet normal 0.671559 -0.740951 0
outer loop
vertex -6.685983 7.032526 0.000000
vertex -6.685983 7.032526 2.450000
vertex -6.867767 6.867767 2.450000
endloop
endfacet
facet normal 0.671559 -0.740951 0
outer loop
vertex -6.685983 7.032526 0.000000
vertex -6.867767 6.867767 2.450000
vertex -6.867767 6.867767 0.000000
endloop
endfacet
facet normal 0.740951 -0.671559 0
outer loop
vertex -6.867767 6.867767 0.000000
vertex -6.867767 6.867767 2.450000
vertex -7.032526 6.685983 2.450000
endloop
endfacet
facet normal 0.740951 -0.671559 0
outer loop
vertex -6.867767 6.867767 0.000000
vertex -7.032526 6.685983 2.450000
vertex -7.032526 6.685983 0.000000
endloop
endfacet
facet normal 0.803207 -0.5957 0
outer loop
vertex -7.032526 6.685983 0.000000
vertex -7.032526 6.685983 2.450000
vertex -7.178674 6.488925 2.450000
endloop
endfacet
facet normal 0.803207 -0.5957 0
outer loop
vertex -7.032526 6.685983 0.000000
vertex -7.178674 6.488925 2.450000
vertex -7.178674 6.488925 0.000000
endloop
endfacet
facet normal 0.857728 -0.514103 0
outer loop
vertex -7.178674 6.488925 0.000000
vertex -7.178674 6.488925 2.450000
vertex -7.304803 6.278492 2.450000
endloop
endfacet
facet normal 0.857728 -0.514103 0
outer loop
vertex -7.178674 6.488925 0.000000
vertex -7.304803 6.278492 2.450000
vertex -7.304803 6.278492 0.000000
endloop
endfacet
facet normal 0.903989 -0.427555 0
outer loop
vertex -7.304803 6.278492 0.000000
vertex -7.304803 6.278492 2.450000
vertex -7.409699 6.056709 2.450000
endloop
endfacet
facet normal 0.903989 -0.427555 0
outer loop
vertex -7.304803 6.278492 0.000000
vertex -7.409699 6.056709 2.450000
vertex -7.409699 6.056709 0.000000
endloop
endfacet
facet normal 0.941544 -0.33689 0
outer loop
vertex -7.409699 6.056709 0.000000
vertex -7.409699 6.056709 2.450000
vertex -7.492351 5.825712 2.450000
endloop
endfacet
facet normal 0.941544 -0.33689 0
outer loop
vertex -7.409699 6.056709 0.000000
vertex -7.492351 5.825712 2.450000
vertex -7.492351 5.825712 0.000000
endloop
endfacet
facet normal 0.970031 -0.24298 0
outer loop
vertex -7.492351 5.825712 0.000000
vertex -7.492351 5.825712 2.450000
vertex -7.551963 5.587726 2.450000
endloop
endfacet
facet normal 0.970031 -0.24298 0
outer loop
vertex -7.492351 5.825712 0.000000
vertex -7.551963 5.587726 2.450000
vertex -7.551963 5.587726 0.000000
endloop
endfacet
facet normal 0.989177 -0.146729 0
outer loop
vertex -7.551963 5.587726 0.000000
vertex -7.551963 5.587726 2.450000
vertex -7.587962 5.345043 2.450000
endloop
endfacet
facet normal 0.989177 -0.146729 0
outer loop
vertex -7.551963 5.587726 0.000000
vertex -7.587962 5.345043 2.450000
vertex -7.587962 5.345043 0.000000
endloop
endfacet
facet normal 0.998795 -0.0490679 0
outer loop
vertex -7.587962 5.345043 0.000000
vertex -7.587962 5.345043 2.450000
vertex -7.600000 5.100000 2.450000
endloop
endfacet
facet normal 0.998795 -0.0490679 0
outer loop
vertex -7.587962 5.345043 0.000000
vertex -7.600000 5.100000 2.450000
vertex -7.600000 5.100000 0.000000
endloop
endfacet
facet normal 1 0 -0
outer loop
vertex -7.600000 5.100000 0.000000
vertex -7.600000 5.100000 2.450000
vertex -7.600000 -5.100000 2.450000
endloop
endfacet
facet normal 1 0 0
outer loop
vertex -7.600000 5.100000 0.000000
vertex -7.600000 -5.100000 2.450000
vertex -7.600000 -5.100000 0.000000
endloop
endfacet
facet normal 0.998795 0.0490679 -0
outer loop
vertex -7.600000 -5.100000 0.000000
vertex -7.600000 -5.100000 2.450000
vertex -7.587962 -5.345043 2.450000
endloop
endfacet
facet normal 0.998795 0.0490679 0
outer loop
vertex -7.600000 -5.100000 0.000000
vertex -7.587962 -5.345043 2.450000
vertex -7.587962 -5.345043 0.000000
endloop
endfacet
facet normal 0.989177 0.146729 -0
outer loop
vertex -7.587962 -5.345043 0.000000
vertex -7.587962 -5.345043 2.450000
vertex -7.551963 -5.587726 2.450000
endloop
endfacet
facet normal 0.989177 0.146729 0
outer loop
vertex -7.587962 -5.345043 0.000000
vertex -7.551963 -5.587726 2.450000
vertex -7.551963 -5.587726 0.000000
endloop
endfacet
facet normal 0.970031 0.24298 -0
outer loop
vertex -7.551963 -5.587726 0.000000
vertex -7.551963 -5.587726 2.450000
vertex -7.492351 -5.825712 2.450000
endloop
endfacet
facet normal 0.970031 0.24298 0
outer loop
vertex -7.551963 -5.587726 0.000000
vertex -7.492351 -5.825712 2.450000
vertex -7.492351 -5.825712 0.000000
endloop
endfacet
facet normal 0.941544 0.33689 -0
outer loop
vertex -7.492351 -5.825712 0.000000
vertex -7.492351 -5.825712 2.450000
vertex -7.409699 -6.056709 2.450000
endloop
endfacet
facet normal 0.941544 0.33689 0
outer loop
vertex -7.492351 -5.825712 0.000000
vertex -7.409699 -6.056709 2.450000
vertex -7.409699 -6.056709 0.000000
endloop
endfacet
facet normal 0.903989 0.427555 -0
outer loop
vertex -7.409699 -6.056709 0.000000
vertex -7.409699 -6.056709 2.450000
vertex -7.304803 -6.278492 2.450000
endloop
endfacet
facet normal 0.903989 0.427555 0
outer loop
vertex -7.409699 -6.056709 0.000000
vertex -7.304803 -6.278492 2.450000
vertex -7.304803 -6.278492 0.000000
endloop
endfacet
facet normal 0.857728 0.514103 -0
outer loop
vertex -7.304803 -6.278492 0.000000
vertex -7.304803 -6.278492 2.450000
vertex -7.178674 -6.488925 2.450000
endloop
endfacet
facet normal 0.857728 0.514103 0
outer loop
vertex -7.304803 -6.278492 0.000000
vertex -7.178674 -6.488925 2.450000
vertex -7.178674 -6.488925 0.000000
endloop
endfacet
facet normal 0.803207 0.5957 -0
outer loop
vertex -7.178674 -6.488925 0.000000
vertex -7.178674 -6.488925 2.450000
vertex -7.032526 -6.685983 2.450000
endloop
endfacet
facet normal 0.803207 0.5957 0
outer loop
vertex -7.178674 -6.488925 0.000000
vertex -7.032526 -6.685983 2.450000
vertex -7.032526 -6.685983 0.000000
endloop
endfacet
facet normal 0.740951 0.671559 -0
outer loop
vertex -7.032526 -6.685983 0.000000
vertex -7.032526 -6.685983 2.450000
vertex -6.867767 -6.867767 2.450000
endloop
endfacet
facet normal 0.740951 0.671559 0
outer loop
vertex -7.032526 -6.685983 0.000000
vertex -6.867767 -6.867767 2.450000
vertex -6.867767 -6.867767 0.000000
endloop
endfacet
facet normal 0.671559 0.740951 -0
outer loop
vertex -6.867767 -6.867767 0.000000
vertex -6.867767 -6.867767 2.450000
vertex -6.685983 -7.032526 2.450000
endloop
endfacet
facet normal 0.671559 0.740951 0
outer loop
vertex -6.867767 -6.867767 0.000000
vertex -6.685983 -7.032526 2.450000
vertex -6.685983 -7.032526 0.000000
endloop
endfacet
facet normal 0.5957 0.803207 -0
outer loop
vertex -6.685983 -7.032526 0.000000
vertex -6.685983 -7.032526 2.450000
vertex -6.488925 -7.178674 2.450000
endloop
endfacet
facet normal 0.5957 0.803207 0
outer loop
vertex -6.685983 -7.032526 0.000000
vertex -6.488925 -7.178674 2.450000
vertex -6.488925 -7.178674 0.000000
endloop
endfacet
facet normal 0.514103 0.857728 -0
outer loop
vertex -6.488925 -7.178674 0.000000
vertex -6.488925 -7.178674 2.450000
vertex -6.278492 -7.304803 2.450000
endloop
endfacet
facet normal 0.514103 0.857728 0
outer loop
vertex -6.488925 -7.178674 0.000000
vertex -6.278492 -7.304803 2.450000
vertex -6.278492 -7.304803 0.000000
endloop
endfacet
facet normal 0.427555 0.903989 -0
outer loop
vertex -6.278492 -7.304803 0.000000
vertex -6.278492 -7.304803 2.450000
vertex -6.056709 -7.409699 2.450000
endloop
endfacet
facet normal 0.427555 0.903989 0
outer loop
vertex -6.278492 -7.304803 0.000000
vertex -6.056709 -7.409699 2.450000
vertex -6.056709 -7.409699 0.000000
endloop
endfacet
facet normal 0.33689 0.941544 -0
outer loop
vertex -6.056709 -7.409699 0.000000
vertex -6.056709 -7.409699 2.450000
vertex -5.825712 -7.492351 2.450000
endloop
endfacet
facet normal 0.33689 0.941544 0
outer loop
vertex -6.056709 -7.409699 0.000000
vertex -5.825712 -7.492351 2.450000
vertex -5.825712 -7.492351 0.000000
endloop
endfacet
facet normal 0.24298 0.970031 -0
outer loop
vertex -5.825712 -7.492351 0.000000
vertex -5.825712 -7.492351 2.450000
vertex -5.587726 -7.551963 2.450000
endloop
endfacet
facet normal 0.24298 0.970031 0
outer loop
vertex -5.825712 -7.492351 0.000000
vertex -5.587726 -7.551963 2.450000
vertex -5.587726 -7.551963 0.000000
endloop
endfacet
facet normal 0.146729 0.989177 -0
outer loop
vertex -5.587726 -7.551963 0.000000
vertex -5.587726 -7.551963 2.450000
vertex -5.345043 -7.587962 2.450000
endloop
endfacet
facet normal 0.146729 0.989177 0
outer loop
vertex -5.587726 -7.551963 0.000000
vertex -5.345043 -7.587962 2.450000
vertex -5.345043 -7.587962 0.000000
endloop
endfacet
facet normal 0.0490679 0.998795 -0
outer loop
vertex -5.345043 -7.587962 0.000000
vertex -5.345043 -7.587962 2.450000
vertex -5.100000 -7.600000 2.450000
endloop
endfacet
facet normal 0.0490679 0.998795 0
outer loop
vertex -5.345043 -7.587962 0.000000
vertex -5.100000 -7.600000 2.450000
vertex -5.100000 -7.600000 0.000000
endloop
endfacet
facet normal 0 1 0
outer loop
vertex -5.100000 -7.600000 0.000000
vertex -5.100000 -7.600000 2.450000
vertex 5.100000 -7.600000 2.450000
endloop
endfacet
facet normal 0 1 0
outer loop
vertex -5.100000 -7.600000 0.000000
vertex 5.100000 -7.600000 2.450000
vertex 5.100000 -7.600000 0.000000
endloop
endfacet
facet normal -0.0490679 0.998795 0
outer loop
vertex 5.100000 -7.600000 0.000000
vertex 5.100000 -7.600000 2.450000
vertex 5.345043 -7.587962 2.450000
endloop
endfacet
facet normal -0.0490679 0.998795 0
outer loop
vertex 5.100000 -7.600000 0.000000
vertex 5.345043 -7.587962 2.450000
vertex 5.345043 -7.587962 0.000000
endloop
endfacet
facet normal -0.146729 0.989177 0
outer loop
vertex 5.345043 -7.587962 0.000000
vertex 5.345043 -7.587962 2.450000
vertex 5.587726 -7.551963 2.450000
endloop
endfacet
facet normal -0.146729 0.989177 0
outer loop
vertex 5.345043 -7.587962 0.000000
vertex 5.587726 -7.551963 2.450000
vertex 5.587726 -7.551963 0.000000
endloop
endfacet
facet normal -0.24298 0.970031 0
outer loop
vertex 5.587726 -7.551963 0.000000
vertex 5.587726 -7.551963 2.450000
vertex 5.825712 -7.492351 2.450000
endloop
endfacet
facet normal -0.24298 0.970031 0
outer loop
vertex 5.587726 -7.551963 0.000000
vertex 5.825712 -7.492351 2.450000
vertex 5.825712 -7.492351 0.000000
endloop
endfacet
facet normal -0.33689 0.941544 0
outer loop
vertex 5.825712 -7.492351 0.000000
vertex 5.825712 -7.492351 2.450000
vertex 6.056709 -7.409699 2.450000
endloop
endfacet
facet normal -0.33689 0.941544 0
outer loop
vertex 5.825712 -7.492351 0.000000
vertex 6.056709 -7.409699 2.450000
vertex 6.056709 -7.409699 0.000000
endloop
endfacet
facet normal -0.427555 0.903989 0
outer loop
vertex 6.056709 -7.409699 0.000000
vertex 6.056709 -7.409699 2.450000
vertex 6.278492 -7.304803 2.450000
endloop
endfacet
facet normal -0.427555 0.903989 0
outer loop
vertex 6.056709 -7.409699 0.000000
vertex 6.278492 -7.304803 2.450000
vertex 6.278492 -7.304803 0.000000
endloop
endfacet
facet normal -0.514103 0.857728 0
outer loop
vertex 6.278492 -7.304803 0.000000
vertex 6.278492 -7.304803 2.450000
vertex 6.488925 -7.178674 2.450000
endloop
endfacet
facet normal -0.514103 0.857728 0
outer loop
vertex 6.278492 -7.304803 0.000000
vertex 6.488925 -7.178674 2.450000
vertex 6.488925 -7.178674 0.000000
endloop
endfacet
facet normal -0.5957 0.803207 0
outer loop
vertex 6.488925 -7.178674 0.000000
vertex 6.488925 -7.178674 2.450000
vertex 6.685983 -7.032526 2.450000
endloop
endfacet
facet normal -0.5957 0.803207 0
outer loop
vertex 6.488925 -7.178674 0.000000
vertex 6.685983 -7.032526 2.450000
vertex 6.685983 -7.032526 0.000000
endloop
endfacet
facet normal -0.671559 0.740951 0
outer loop
vertex 6.685983 -7.032526 0.000000
vertex 6.685983 -7.032526 2.450000
vertex 6.867767 -6.867767 2.450000
endloop
endfacet
facet normal -0.671559 0.740951 0
outer loop
vertex 6.685983 -7.032526 0.000000
vertex 6.867767 -6.867767 2.450000
vertex 6.867767 -6.867767 0.000000
endloop
endfacet
facet normal -0.740951 0.671559 0
outer loop
vertex 6.867767 -6.867767 0.000000
vertex 6.867767 -6.867767 2.450000
vertex 7.032526 -6.685983 2.450000
endloop
endfacet
facet normal -0.740951 0.671559 0
outer loop
vertex 6.867767 -6.867767 0.000000
vertex 7.032526 -6.685983 2.450000
vertex 7.032526 -6.685983 0.000000
endloop
endfacet
facet normal -0.803207 0.5957 0
outer loop
vertex 7.032526 -6.685983 0.000000
vertex 7.032526 -6.685983 2.450000
vertex 7.178674 -6.488925 2.450000
endloop
endfacet
facet normal -0.803207 0.5957 0
outer loop
vertex 7.032526 -6.685983 0.000000
vertex 7.178674 -6.488925 2.450000
vertex 7.178674 -6.488925 0.000000
endloop
endfacet
facet normal -0.857728 0.514103 0
outer loop
vertex 7.178674 -6.488925 0.000000
vertex 7.178674 -6.488925 2.450000
vertex 7.304803 -6.278492 2.450000
endloop
endfacet
facet normal -0.857728 0.514103 0
outer loop
vertex 7.178674 -6.488925 0.000000
vertex 7.304803 -6.278492 2.450000
vertex 7.304803 -6.278492 0.000000
endloop
endfacet
facet normal -0.903989 0.427555 0
outer loop
vertex 7.304803 -6.278492 0.000000
vertex 7.304803 -6.278492 2.450000
vertex 7.409699 -6.056709 2.450000
endloop
endfacet
facet normal -0.903989 0.427555 0
outer loop
vertex 7.304803 -6.278492 0.000000
vertex 7.409699 -6.056709 2.450000
vertex 7.409699 -6.056709 0.000000
endloop
endfacet
facet normal -0.941544 0.33689 0
outer loop
vertex 7.409699 -6.056709 0.000000
vertex 7.409699 -6.056709 2.450000
vertex 7.492351 -5.825712 2.450000
endloop
endfacet
facet normal -0.941544 0.33689 0
outer loop
vertex 7.409699 -6.056709 0.000000
vertex 7.492351 -5.825712 2.450000
vertex 7.492351 -5.825712 0.000000
endloop
endfacet
facet normal -0.970031 0.24298 0
outer loop
vertex 7.492351 -5.825712 0.000000
vertex 7.492351 -5.825712 2.450000
vertex 7.551963 -5.587726 2.450000
endloop
endfacet
facet normal -0.970031 0.24298 0
outer loop
vertex 7.492351 -5.825712 0.000000
vertex 7.551963 -5.587726 2.450000
vertex 7.551963 -5.587726 0.000000
endloop
endfacet
facet normal -0.989177 0.146729 0
outer loop
vertex 7.551963 -5.587726 0.000000
vertex 7.551963 -5.587726 2.450000
vertex 7.587962 -5.345043 2.450000
endloop
endfacet
facet normal -0.989177 0.146729 0
outer loop
vertex 7.551963 -5.587726 0.000000
vertex 7.587962 -5.345043 2.450000
vertex 7.587962 -5.345043 0.000000
endloop
endfacet
facet normal -0.998795 0.0490679 0
outer loop
vertex 7.587962 -5.345043 0.000000
vertex 7.587962 -5.345043 2.450000
vertex 7.600000 -5.100000 2.450000
endloop
endfacet
facet normal -0.998795 0.0490679 0
outer loop
vertex 7.587962 -5.345043 0.000000
vertex 7.600000 -5.100000 2.450000
vertex 7.600000 -5.100000 0.000000
endloop
endfacet
facet normal -1 0 0
outer loop
vertex 7.600000 -5.100000 0.000000
vertex 7.600000 -5.100000 2.450000
vertex 7.600000 5.100000 2.450000
endloop
endfacet
facet normal -1 0 0
outer loop
vertex 7.600000 -5.100000 0.000000
vertex 7.600000 5.100000 2.450000
vertex 7.600000 5.100000 0.000000
endloop
endfacet
facet normal -0.706681 -0.0347165 -0.706681
outer loop
vertex 7.600000 5.100000 2.450000
vertex 7.350000 5.100000 2.700000
vertex 7.339166 5.320539 2.700000
endloop
endfacet
facet normal -0.706681 -0.0347171 -0.70668
outer loop
vertex 7.600000 5.100000 2.450000
vertex 7.339166 5.320539 2.700000
vertex 7.587962 5.345043 2.450000
endloop
endfacet
facet normal -0.699875 -0.103816 -0.70668
outer loop
vertex 7.587962 5.345043 2.450000
vertex 7.339166 5.320539 2.700000
vertex 7.306767 5.538953 2.700000
endloop
endfacet
facet normal -0.699875 -0.103816 -0.70668
outer loop
vertex 7.587962 5.345043 2.450000
vertex 7.306767 5.538953 2.700000
vertex 7.551963 5.587726 2.450000
endloop
endfacet
facet normal -0.686329 -0.171917 -0.70668
outer loop
vertex 7.551963 5.587726 2.450000
vertex 7.306767 5.538953 2.700000
vertex 7.253116 5.753140 2.700000
endloop
endfacet
facet normal -0.686329 -0.171916 -0.706681
outer loop
vertex 7.551963 5.587726 2.450000
vertex 7.253116 5.753140 2.700000
vertex 7.492351 5.825712 2.450000
endloop
endfacet
facet normal -0.666173 -0.23836 -0.706681
outer loop
vertex 7.492351 5.825712 2.450000
vertex 7.253116 5.753140 2.700000
vertex 7.178729 5.961038 2.700000
endloop
endfacet
facet normal -0.666173 -0.238361 -0.706681
outer loop
vertex 7.492351 5.825712 2.450000
vertex 7.178729 5.961038 2.700000
vertex 7.409699 6.056709 2.450000
endloop
endfacet
facet normal -0.639602 -0.302509 -0.706681
outer loop
vertex 7.409699 6.056709 2.450000
vertex 7.178729 5.961038 2.700000
vertex 7.084323 6.160643 2.700000
endloop
endfacet
facet normal -0.639602 -0.302509 -0.706681
outer loop
vertex 7.409699 6.056709 2.450000
vertex 7.084323 6.160643 2.700000
vertex 7.304803 6.278492 2.450000
endloop
endfacet
facet normal -0.606871 -0.363745 -0.706681
outer loop
vertex 7.304803 6.278492 2.450000
vertex 7.084323 6.160643 2.700000
vertex 6.970807 6.350033 2.700000
endloop
endfacet
facet normal -0.606871 -0.363745 -0.706681
outer loop
vertex 7.304803 6.278492 2.450000
vertex 6.970807 6.350033 2.700000
vertex 7.178674 6.488925 2.450000
endloop
endfacet
facet normal -0.568295 -0.421477 -0.706681
outer loop
vertex 7.178674 6.488925 2.450000
vertex 6.970807 6.350033 2.700000
vertex 6.839273 6.527385 2.700000
endloop
endfacet
facet normal -0.568295 -0.421477 -0.706681
outer loop
vertex 7.178674 6.488925 2.450000
vertex 6.839273 6.527385 2.700000
vertex 7.032526 6.685983 2.450000
endloop
endfacet
facet normal -0.524248 -0.475149 -0.706681
outer loop
vertex 7.032526 6.685983 2.450000
vertex 6.839273 6.527385 2.700000
vertex 6.690990 6.690990 2.700000
endloop
endfacet
facet normal -0.524248 -0.47515 -0.70668
outer loop
vertex 7.032526 6.685983 2.450000
vertex 6.690990 6.690990 2.700000
vertex 6.867767 6.867767 2.450000
endloop
endfacet
facet normal -0.475149 -0.524248 -0.70668
outer loop
vertex 6.867767 6.867767 2.450000
vertex 6.690990 6.690990 2.700000
vertex 6.527385 6.839273 2.700000
endloop
endfacet
facet normal -0.47515 -0.524247 -0.706681
outer loop
vertex 6.867767 6.867767 2.450000
vertex 6.527385 6.839273 2.700000
vertex 6.685983 7.032526 2.450000
endloop
endfacet
facet normal -0.421477 -0.568296 -0.706681
outer loop
vertex 6.685983 7.032526 2.450000
vertex 6.527385 6.839273 2.700000
vertex 6.350033 6.970807 2.700000
endloop
endfacet
facet normal -0.421477 -0.568295 -0.706681
outer loop
vertex 6.685983 7.032526 2.450000
vertex 6.350033 6.970807 2.700000
vertex 6.488925 7.178674 2.450000
endloop
endfacet
facet normal -0.363745 -0.60687 -0.706681
outer loop
vertex 6.488925 7.178674 2.450000
vertex 6.350033 6.970807 2.700000
vertex 6.160643 7.084323 2.700000
endloop
endfacet
facet normal -0.363745 -0.606871 -0.706681
outer loop
vertex 6.488925 7.178674 2.450000
vertex 6.160643 7.084323 2.700000
vertex 6.278492 7.304803 2.450000
endloop
endfacet
facet normal -0.302509 -0.639602 -0.706681
outer loop
vertex 6.278492 7.304803 2.450000
vertex 6.160643 7.084323 2.700000
vertex 5.961038 7.178729 2.700000
endloop
endfacet
facet normal -0.302509 -0.639602 -0.706681
outer loop
vertex 6.278492 7.304803 2.450000
vertex 5.961038 7.178729 2.700000
vertex 6.056709 7.409699 2.450000
endloop
endfacet
facet normal -0.23836 -0.666173 -0.706681
outer loop
vertex 6.056709 7.409699 2.450000
vertex 5.961038 7.178729 2.700000
vertex 5.753140 7.253116 2.700000
endloop
endfacet
facet normal -0.23836 -0.666173 -0.706681
outer loop
vertex 6.056709 7.409699 2.450000
vertex 5.753140 7.253116 2.700000
vertex 5.825712 7.492351 2.450000
endloop
endfacet
facet normal -0.171917 -0.686328 -0.706681
outer loop
vertex 5.825712 7.492351 2.450000
vertex 5.753140 7.253116 2.700000
vertex 5.538953 7.306767 2.700000
endloop
endfacet
facet normal -0.171916 -0.686329 -0.706681
outer loop
vertex 5.825712 7.492351 2.450000
vertex 5.538953 7.306767 2.700000
vertex 5.587726 7.551963 2.450000
endloop
endfacet
facet normal -0.103816 -0.699875 -0.70668
outer loop
vertex 5.587726 7.551963 2.450000
vertex 5.538953 7.306767 2.700000
vertex 5.320539 7.339166 2.700000
endloop
endfacet
facet normal -0.103816 -0.699875 -0.70668
outer loop
vertex 5.587726 7.551963 2.450000
vertex 5.320539 7.339166 2.700000
vertex 5.345043 7.587962 2.450000
endloop
endfacet
facet normal -0.0347165 -0.706681 -0.70668
outer loop
vertex 5.345043 7.587962 2.450000
vertex 5.320539 7.339166 2.700000
vertex 5.100000 7.350000 2.700000
endloop
endfacet
facet normal -0.0347171 -0.706681 -0.706681
outer loop
vertex 5.345043 7.587962 2.450000
vertex 5.100000 7.350000 2.700000
vertex 5.100000 7.600000 2.450000
endloop
endfacet
facet normal 0 -0.707107 -0.707107
outer loop
vertex 5.100000 7.600000 2.450000
vertex 5.100000 7.350000 2.700000
vertex -5.100000 7.350000 2.700000
endloop
endfacet
facet normal -0 -0.707107 -0.707107
outer loop
vertex 5.100000 7.600000 2.450000
vertex -5.100000 7.350000 2.700000
vertex -5.100000 7.600000 2.450000
endloop
endfacet
facet normal 0.0347165 -0.706681 -0.706681
outer loop
vertex -5.100000 7.600000 2.450000
vertex -5.100000 7.350000 2.700000
vertex -5.320539 7.339166 2.700000
endloop
endfacet
facet normal 0.0347171 -0.706681 -0.70668
outer loop
vertex -5.100000 7.600000 2.450000
vertex -5.320539 7.339166 2.700000
vertex -5.345043 7.587962 2.450000
endloop
endfacet
facet normal 0.103816 -0.699875 -0.70668
outer loop
vertex -5.345043 7.587962 2.450000
vertex -5.320539 7.339166 2.700000
vertex -5.538953 7.306767 2.700000
endloop
endfacet
facet normal 0.103816 -0.699875 -0.70668
outer loop
vertex -5.345043 7.587962 2.450000
vertex -5.538953 7.306767 2.700000
vertex -5.587726 7.551963 2.450000
endloop
endfacet
facet normal 0.171917 -0.686329 -0.70668
outer loop
vertex -5.587726 7.551963 2.450000
vertex -5.538953 7.306767 2.700000
vertex -5.753140 7.253116 2.700000
endloop
endfacet
facet normal 0.171916 -0.686329 -0.706681
outer loop
vertex -5.587726 7.551963 2.450000
vertex -5.753140 7.253116 2.700000
vertex -5.825712 7.492351 2.450000
endloop
endfacet
facet normal 0.23836 -0.666173 -0.706681
outer loop
vertex -5.825712 7.492351 2.450000
vertex -5.753140 7.253116 2.700000
vertex -5.961038 7.178729 2.700000
endloop
endfacet
facet normal 0.238361 -0.666173 -0.706681
outer loop
vertex -5.825712 7.492351 2.450000
vertex -5.961038 7.178729 2.700000
vertex -6.056709 7.409699 2.450000
endloop
endfacet
facet normal 0.302509 -0.639602 -0.706681
outer loop
vertex -6.056709 7.409699 2.450000
vertex -5.961038 7.178729 2.700000
vertex -6.160643 7.084323 2.700000
endloop
endfacet
facet normal 0.302509 -0.639602 -0.706681
outer loop
vertex -6.056709 7.409699 2.450000
vertex -6.160643 7.084323 2.700000
vertex -6.278492 7.304803 2.450000
endloop
endfacet
facet normal 0.363745 -0.606871 -0.706681
outer loop
vertex -6.278492 7.304803 2.450000
vertex -6.160643 7.084323 2.700000
vertex -6.350033 6.970807 2.700000
endloop
endfacet
facet normal 0.363745 -0.606871 -0.706681
outer loop
vertex -6.278492 7.304803 2.450000
vertex -6.350033 6.970807 2.700000
vertex -6.488925 7.178674 2.450000
endloop
endfacet
facet normal 0.421477 -0.568295 -0.706681
outer loop
vertex -6.488925 7.178674 2.450000
vertex -6.350033 6.970807 2.700000
vertex -6.527385 6.839273 2.700000
endloop
endfacet
facet normal 0.421477 -0.568295 -0.706681
outer loop
vertex -6.488925 7.178674 2.450000
vertex -6.527385 6.839273 2.700000
vertex -6.685983 7.032526 2.450000
endloop
endfacet
facet normal 0.475149 -0.524248 -0.706681
outer loop
vertex -6.685983 7.032526 2.450000
vertex -6.527385 6.839273 2.700000
vertex -6.690990 6.690990 2.700000
endloop
endfacet
facet normal 0.47515 -0.524248 -0.70668
outer loop
vertex -6.685983 7.032526 2.450000
vertex -6.690990 6.690990 2.700000
vertex -6.867767 6.867767 2.450000
endloop
endfacet
facet normal 0.524248 -0.475149 -0.70668
outer loop
vertex -6.867767 6.867767 2.450000
vertex -6.690990 6.690990 2.700000
vertex -6.839273 6.527385 2.700000
endloop
endfacet
facet normal 0.524247 -0.47515 -0.706681
outer loop
vertex -6.867767 6.867767 2.450000
vertex -6.839273 6.527385 2.700000
vertex -7.032526 6.685983 2.450000
endloop
endfacet
facet normal 0.568296 -0.421477 -0.706681
outer loop
vertex -7.032526 6.685983 2.450000
vertex -6.839273 6.527385 2.700000
vertex -6.970807 6.350033 2.700000
endloop
endfacet
facet normal 0.568295 -0.421477 -0.706681
outer loop
vertex -7.032526 6.685983 2.450000
vertex -6.970807 6.350033 2.700000
vertex -7.178674 6.488925 2.450000
endloop
endfacet
facet normal 0.60687 -0.363745 -0.706681
outer loop
vertex -7.178674 6.488925 2.450000
vertex -6.970807 6.350033 2.700000
vertex -7.084323 6.160643 2.700000
endloop
endfacet
facet normal 0.606871 -0.363745 -0.706681
outer loop
vertex -7.178674 6.488925 2.450000
vertex -7.084323 6.160643 2.700000
vertex -7.304803 6.278492 2.450000
endloop
endfacet
facet normal 0.639602 -0.302509 -0.706681
outer loop
vertex -7.304803 6.278492 2.450000
vertex -7.084323 6.160643 2.700000
vertex -7.178729 5.961038 2.700000
endloop
endfacet
facet normal 0.639602 -0.302509 -0.706681
outer loop
vertex -7.304803 6.278492 2.450000
vertex -7.178729 5.961038 2.700000
vertex -7.409699 6.056709 2.450000
endloop
endfacet
facet normal 0.666173 -0.23836 -0.706681
outer loop
vertex -7.409699 6.056709 2.450000
vertex -7.178729 5.961038 2.700000
vertex -7.253116 5.753140 2.700000
endloop
endfacet
facet normal 0.666173 -0.23836 -0.706681
outer loop
vertex -7.409699 6.056709 2.450000
vertex -7.253116 5.753140 2.700000
vertex -7.492351 5.825712 2.450000
endloop
endfacet
facet normal 0.686328 -0.171917 -0.706681
outer loop
vertex -7.492351 5.825712 2.450000
vertex -7.253116 5.753140 2.700000
vertex -7.306767 5.538953 2.700000
endloop
endfacet
facet normal 0.686329 -0.171916 -0.706681
outer loop
vertex -7.492351 5.825712 2.450000
vertex -7.306767 5.538953 2.700000
vertex -7.551963 5.587726 2.450000
endloop
endfacet
facet normal 0.699875 -0.103816 -0.70668
outer loop
vertex -7.551963 5.587726 2.450000
vertex -7.306767 5.538953 2.700000
vertex -7.339166 5.320539 2.700000
endloop
endfacet
facet normal 0.699875 -0.103816 -0.70668
outer loop
vertex -7.551963 5.587726 2.450000
vertex -7.339166 5.320539 2.700000
vertex -7.587962 5.345043 2.450000
endloop
endfacet
facet normal 0.706681 -0.0347165 -0.70668
outer loop
vertex -7.587962 5.345043 2.450000
vertex -7.339166 5.320539 2.700000
vertex -7.350000 5.100000 2.700000
endloop
endfacet
facet normal 0.706681 -0.0347171 -0.706681
outer loop
vertex -7.587962 5.345043 2.450000
vertex -7.350000 5.100000 2.700000
vertex -7.600000 5.100000 2.450000
endloop
endfacet
facet normal 0.707107 0 -0.707107
outer loop
vertex -7.600000 5.100000 2.450000
vertex -7.350000 5.100000 2.700000
vertex -7.350000 -5.100000 2.700000
endloop
endfacet
facet normal 0.707107 0 -0.707107
outer loop
vertex -7.600000 5.100000 2.450000
vertex -7.350000 -5.100000 2.700000
vertex -7.600000 -5.100000 2.450000
endloop
endfacet
facet normal 0.706681 0.0347165 -0.706681
outer loop
vertex -7.600000 -5.100000 2.450000
vertex -7.350000 -5.100000 2.700000
vertex -7.339166 -5.320539 2.700000
endloop
endfacet
facet normal 0.706681 0.0347171 -0.70668
outer loop
vertex -7.600000 -5.100000 2.450000
vertex -7.339166 -5.320539 2.700000
vertex -7.587962 -5.345043 2.450000
endloop
endfacet
facet normal 0.699875 0.103816 -0.70668
outer loop
vertex -7.587962 -5.345043 2.450000
vertex -7.339166 -5.320539 2.700000
vertex -7.306767 -5.538953 2.700000
endloop
endfacet
facet normal 0.699875 0.103816 -0.70668
outer loop
vertex -7.587962 -5.345043 2.450000
vertex -7.306767 -5.538953 2.700000
vertex -7.551963 -5.587726 2.450000
endloop
endfacet
facet normal 0.686329 0.171917 -0.70668
outer loop
vertex -7.551963 -5.587726 2.450000
vertex -7.306767 -5.538953 2.700000
vertex -7.253116 -5.753140 2.700000
endloop
endfacet
facet normal 0.686329 0.171916 -0.706681
outer loop
vertex -7.551963 -5.587726 2.450000
vertex -7.253116 -5.753140 2.700000
vertex -7.492351 -5.825712 2.450000
endloop
endfacet
facet normal 0.666173 0.23836 -0.706681
outer loop
vertex -7.492351 -5.825712 2.450000
vertex -7.253116 -5.753140 2.700000
vertex -7.178729 -5.961038 2.700000
endloop
endfacet
facet normal 0.666173 0.238361 -0.706681
outer loop
vertex -7.492351 -5.825712 2.450000
vertex -7.178729 -5.961038 2.700000
vertex -7.409699 -6.056709 2.450000
endloop
endfacet
facet normal 0.639602 0.302509 -0.706681
outer loop
vertex -7.409699 -6.056709 2.450000
vertex -7.178729 -5.961038 2.700000
vertex -7.084323 -6.160643 2.700000
endloop
endfacet
facet normal 0.639602 0.302509 -0.706681
outer loop
vertex -7.409699 -6.056709 2.450000
vertex -7.084323 -6.160643 2.700000
vertex -7.304803 -6.278492 2.450000
endloop
endfacet
facet normal 0.606871 0.363745 -0.706681
outer loop
vertex -7.304803 -6.278492 2.450000
vertex -7.084323 -6.160643 2.700000
vertex -6.970807 -6.350033 2.700000
endloop
endfacet
facet normal 0.606871 0.363745 -0.706681
outer loop
vertex -7.304803 -6.278492 2.450000
vertex -6.970807 -6.350033 2.700000
vertex -7.178674 -6.488925 2.450000
endloop
endfacet
facet normal 0.568295 0.421477 -0.706681
outer loop
vertex -7.178674 -6.488925 2.450000
vertex -6.970807 -6.350033 2.700000
vertex -6.839273 -6.527385 2.700000
endloop
endfacet
facet normal 0.568295 0.421477 -0.706681
outer loop
vertex -7.178674 -6.488925 2.450000
vertex -6.839273 -6.527385 2.700000
vertex -7.032526 -6.685983 2.450000
endloop
endfacet
facet normal 0.524248 0.475149 -0.706681
outer loop
vertex -7.032526 -6.685983 2.450000
vertex -6.839273 -6.527385 2.700000
vertex -6.690990 -6.690990 2.700000
endloop
endfacet
facet normal 0.524248 0.47515 -0.70668
outer loop
vertex -7.032526 -6.685983 2.450000
vertex -6.690990 -6.690990 2.700000
vertex -6.867767 -6.867767 2.450000
endloop
endfacet
facet normal 0.475149 0.524248 -0.70668
outer loop
vertex -6.867767 -6.867767 2.450000
vertex -6.690990 -6.690990 2.700000
vertex -6.527385 -6.839273 2.700000
endloop
endfacet
facet normal 0.47515 0.524247 -0.706681
outer loop
vertex -6.867767 -6.867767 2.450000
vertex -6.527385 -6.839273 2.700000
vertex -6.685983 -7.032526 2.450000
endloop
endfacet
facet normal 0.421477 0.568296 -0.706681
outer loop
vertex -6.685983 -7.032526 2.450000
vertex -6.527385 -6.839273 2.700000
vertex -6.350033 -6.970807 2.700000
endloop
endfacet
facet normal 0.421477 0.568295 -0.706681
outer loop
vertex -6.685983 -7.032526 2.450000
vertex -6.350033 -6.970807 2.700000
vertex -6.488925 -7.178674 2.450000
endloop
endfacet
facet normal 0.363745 0.60687 -0.706681
outer loop
vertex -6.488925 -7.178674 2.450000
vertex -6.350033 -6.970807 2.700000
vertex -6.160643 -7.084323 2.700000
endloop
endfacet
facet normal 0.363745 0.606871 -0.706681
outer loop
vertex -6.488925 -7.178674 2.450000
vertex -6.160643 -7.084323 2.700000
vertex -6.278492 -7.304803 2.450000
endloop
endfacet
facet normal 0.302509 0.639602 -0.706681
outer loop
vertex -6.278492 -7.304803 2.450000
vertex -6.160643 -7.084323 2.700000
vertex -5.961038 -7.178729 2.700000
endloop
endfacet
facet normal 0.302509 0.639602 -0.706681
outer loop
vertex -6.278492 -7.304803 2.450000
vertex -5.961038 -7.178729 2.700000
vertex -6.056709 -7.409699 2.450000
endloop
endfacet
facet normal 0.23836 0.666173 -0.706681
outer loop
vertex -6.056709 -7.409699 2.450000
vertex -5.961038 -7.178729 2.700000
vertex -5.753140 -7.253116 2.700000
endloop
endfacet
facet normal 0.23836 0.666173 -0.706681
outer loop
vertex -6.056709 -7.409699 2.450000
vertex -5.753140 -7.253116 2.700000
vertex -5.825712 -7.492351 2.450000
endloop
endfacet
facet normal 0.171917 0.686328 -0.706681
outer loop
vertex -5.825712 -7.492351 2.450000
vertex -5.753140 -7.253116 2.700000
vertex -5.538953 -7.306767 2.700000
endloop
endfacet
facet normal 0.171916 0.686329 -0.706681
outer loop
vertex -5.825712 -7.492351 2.450000
vertex -5.538953 -7.306767 2.700000
vertex -5.587726 -7.551963 2.450000
endloop
endfacet
facet normal 0.103816 0.699875 -0.70668
outer loop
vertex -5.587726 -7.551963 2.450000
vertex -5.538953 -7.306767 2.700000
vertex -5.320539 -7.339166 2.700000
endloop
endfacet
facet normal 0.103816 0.699875 -0.70668
outer loop
vertex -5.587726 -7.551963 2.450000
vertex -5.320539 -7.339166 2.700000
vertex -5.345043 -7.587962 2.450000
endloop
endfacet
facet normal 0.0347165 0.706681 -0.70668
outer loop
vertex -5.345043 -7.587962 2.450000
vertex -5.320539 -7.339166 2.700000
vertex -5.100000 -7.350000 2.700000
endloop
endfacet
facet normal 0.0347171 0.706681 -0.706681
outer loop
vertex -5.345043 -7.587962 2.450000
vertex -5.100000 -7.350000 2.700000
vertex -5.100000 -7.600000 2.450000
endloop
endfacet
facet normal 0 0.707107 -0.707107
outer loop
vertex -5.100000 -7.600000 2.450000
vertex -5.100000 -7.350000 2.700000
vertex 5.100000 -7.350000 2.700000
endloop
endfacet
facet normal 0 0.707107 -0.707107
outer loop
vertex -5.100000 -7.600000 2.450000
vertex 5.100000 -7.350000 2.700000
vertex 5.100000 -7.600000 2.450000
endloop
endfacet
facet normal -0.0347165 0.706681 -0.706681
outer loop
vertex 5.100000 -7.600000 2.450000
vertex 5.100000 -7.350000 2.700000
vertex 5.320539 -7.339166 2.700000
endloop
endfacet
facet normal -0.0347171 0.706681 -0.70668
outer loop
vertex 5.100000 -7.600000 2.450000
vertex 5.320539 -7.339166 2.700000
vertex 5.345043 -7.587962 2.450000
endloop
endfacet
facet normal -0.103816 0.699875 -0.70668
outer loop
vertex 5.345043 -7.587962 2.450000
vertex 5.320539 -7.339166 2.700000
vertex 5.538953 -7.306767 2.700000
endloop
endfacet
facet normal -0.103816 0.699875 -0.70668
outer loop
vertex 5.345043 -7.587962 2.450000
vertex 5.538953 -7.306767 2.700000
vertex 5.587726 -7.551963 2.450000
endloop
endfacet
facet normal -0.171917 0.686329 -0.70668
outer loop
vertex 5.587726 -7.551963 2.450000
vertex 5.538953 -7.306767 2.700000
vertex 5.753140 -7.253116 2.700000
endloop
endfacet
facet normal -0.171916 0.686329 -0.706681
outer loop
vertex 5.587726 -7.551963 2.450000
vertex 5.753140 -7.253116 2.700000
vertex 5.825712 -7.492351 2.450000
endloop
endfacet
facet normal -0.23836 0.666173 -0.706681
outer loop
vertex 5.825712 -7.492351 2.450000
vertex 5.753140 -7.253116 2.700000
vertex 5.961038 -7.178729 2.700000
endloop
endfacet
facet normal -0.238361 0.666173 -0.706681
outer loop
vertex 5.825712 -7.492351 2.450000
vertex 5.961038 -7.178729 2.700000
vertex 6.056709 -7.409699 2.450000
endloop
endfacet
facet normal -0.302509 0.639602 -0.706681
outer loop
vertex 6.056709 -7.409699 2.450000
vertex 5.961038 -7.178729 2.700000
vertex 6.160643 -7.084323 2.700000
endloop
endfacet
facet normal -0.302509 0.639602 -0.706681
outer loop
vertex 6.056709 -7.409699 2.450000
vertex 6.160643 -7.084323 2.700000
vertex 6.278492 -7.304803 2.450000
endloop
endfacet
facet normal -0.363745 0.606871 -0.706681
outer loop
vertex 6.278492 -7.304803 2.450000
vertex 6.160643 -7.084323 2.700000
vertex 6.350033 -6.970807 2.700000
endloop
endfacet
facet normal -0.363745 0.606871 -0.706681
outer loop
vertex 6.278492 -7.304803 2.450000
vertex 6.350033 -6.970807 2.700000
vertex 6.488925 -7.178674 2.450000
endloop
endfacet
facet normal -0.421477 0.568295 -0.706681
outer loop
vertex 6.488925 -7.178674 2.450000
vertex 6.350033 -6.970807 2.700000
vertex 6.527385 -6.839273 2.700000
endloop
endfacet
facet normal -0.421477 0.568295 -0.706681
outer loop
vertex 6.488925 -7.178674 2.450000
vertex 6.527385 -6.839273 2.700000
vertex 6.685983 -7.032526 2.450000
endloop
endfacet
facet normal -0.475149 0.524248 -0.706681
outer loop
vertex 6.685983 -7.032526 2.450000
vertex 6.527385 -6.839273 2.700000
vertex 6.690990 -6.690990 2.700000
endloop
endfacet
facet normal -0.47515 0.524248 -0.70668
outer loop
vertex 6.685983 -7.032526 2.450000
vertex 6.690990 -6.690990 2.700000
vertex 6.867767 -6.867767 2.450000
endloop
endfacet
facet normal -0.524248 0.475149 -0.70668
outer loop
vertex 6.867767 -6.867767 2.450000
vertex 6.690990 -6.690990 2.700000
vertex 6.839273 -6.527385 2.700000
endloop
endfacet
facet normal -0.524247 0.47515 -0.706681
outer loop
vertex 6.867767 -6.867767 2.450000
vertex 6.839273 -6.527385 2.700000
vertex 7.032526 -6.685983 2.450000
endloop
endfacet
facet normal -0.568296 0.421477 -0.706681
outer loop
vertex 7.032526 -6.685983 2.450000
vertex 6.839273 -6.527385 2.700000
vertex 6.970807 -6.350033 2.700000
endloop
endfacet
facet normal -0.568295 0.421477 -0.706681
outer loop
vertex 7.032526 -6.685983 2.450000
vertex 6.970807 -6.350033 2.700000
vertex 7.178674 -6.488925 2.450000
endloop
endfacet
facet normal -0.60687 0.363745 -0.706681
outer loop
vertex 7.178674 -6.488925 2.450000
vertex 6.970807 -6.350033 2.700000
vertex 7.084323 -6.160643 2.700000
endloop
endfacet
facet normal -0.606871 0.363745 -0.706681
outer loop
vertex 7.178674 -6.488925 2.450000
vertex 7.084323 -6.160643 2.700000
vertex 7.304803 -6.278492 2.450000
endloop
endfacet
facet normal -0.639602 0.302509 -0.706681
outer loop
vertex 7.304803 -6.278492 2.450000
vertex 7.084323 -6.160643 2.700000
vertex 7.178729 -5.961038 2.700000
endloop
endfacet
facet normal -0.639602 0.302509 -0.706681
outer loop
vertex 7.304803 -6.278492 2.450000
vertex 7.178729 -5.961038 2.700000
vertex 7.409699 -6.056709 2.450000
endloop
endfacet
facet normal -0.666173 0.23836 -0.706681
outer loop
vertex 7.409699 -6.056709 2.450000
vertex 7.178729 -5.961038 2.700000
vertex 7.253116 -5.753140 2.700000
endloop
endfacet
facet normal -0.666173 0.23836 -0.706681
outer loop
vertex 7.409699 -6.056709 2.450000
vertex 7.253116 -5.753140 2.700000
vertex 7.492351 -5.825712 2.450000
endloop
endfacet
facet normal -0.686328 0.171917 -0.706681
outer loop
vertex 7.492351 -5.825712 2.450000
vertex 7.253116 -5.753140 2.700000
vertex 7.306767 -5.538953 2.700000
endloop
endfacet
facet normal -0.686329 0.171916 -0.706681
outer loop
vertex 7.492351 -5.825712 2.450000
vertex 7.306767 -5.538953 2.700000
vertex 7.551963 -5.587726 2.450000
endloop
endfacet
facet normal -0.699875 0.103816 -0.70668
outer loop
vertex 7.551963 -5.587726 2.450000
vertex 7.306767 -5.538953 2.700000
vertex 7.339166 -5.320539 2.700000
endloop
endfacet
facet normal -0.699875 0.103816 -0.70668
outer loop
vertex 7.551963 -5.587726 2.450000
vertex 7.339166 -5.320539 2.700000
vertex 7.587962 -5.345043 2.450000
endloop
endfacet
facet normal -0.706681 0.0347165 -0.70668
outer loop
vertex 7.587962 -5.345043 2.450000
vertex 7.339166 -5.320539 2.700000
vertex 7.350000 -5.100000 2.700000
endloop
endfacet
facet normal -0.706681 0.0347171 -0.706681
outer loop
vertex 7.587962 -5.345043 2.450000
vertex 7.350000 -5.100000 2.700000
vertex 7.600000 -5.100000 2.450000
endloop
endfacet
facet normal -0.707107 0 -0.707107
outer loop
vertex 7.600000 -5.100000 2.450000
vertex 7.350000 -5.100000 2.700000
vertex 7.350000 5.100000 2.700000
endloop
endfacet
facet normal -0.707107 0 -0.707107
outer loop
vertex 7.600000 -5.100000 2.450000
vertex 7.350000 5.100000 2.700000
vertex 7.600000 5.100000 2.450000
endloop
endfacet
facet normal 0 0 -1
outer loop
vertex -5.320539 -7.339166 2.700000
vertex -5.538953 -7.306767 2.700000
vertex -5.753140 -7.253116 2.700000
endloop
endfacet
facet normal 0 0 -1
outer loop
vertex -5.753140 -7.253116 2.700000
vertex -5.961038 -7.178729 2.700000
vertex -6.160643 -7.084323 2.700000
endloop
endfacet
facet normal 0 0 -1
outer loop
vertex -6.160643 -7.084323 2.700000
vertex -6.350033 -6.970807 2.700000
vertex -6.527385 -6.839273 2.700000
endloop
endfacet
facet normal 0 0 -1
outer loop
vertex -6.527385 -6.839273 2.700000
vertex -6.690990 -6.690990 2.700000
vertex -6.839273 -6.527385 2.700000
endloop
endfacet
facet normal 0 0 -1
outer loop
vertex -6.839273 -6.527385 2.700000
vertex -6.970807 -6.350033 2.700000
vertex -1.909188 -1.909188 2.700000
endloop
endfacet
facet normal 0 0 -1
outer loop
vertex -6.839273 -6.527385 2.700000
vertex -1.909188 -1.909188 2.700000
vertex -1.643656 -2.142054 2.700000
endloop
endfacet
facet normal 0 0 -1
outer loop
vertex -6.160643 -7.084323 2.700000
vertex -6.527385 -6.839273 2.700000
vertex -6.839273 -6.527385 2.700000
endloop
endfacet
facet normal 0 0 -1
outer loop
vertex -5.320539 -7.339166 2.700000
vertex -5.753140 -7.253116 2.700000
vertex -6.160643 -7.084323 2.700000
endloop
endfacet
facet normal 0 0 -1
outer loop
vertex 5.100000 -7.350000 2.700000
vertex -5.100000 -7.350000 2.700000
vertex -5.320539 -7.339166 2.700000
endloop
endfacet
facet normal 0 0 -1
outer loop
vertex 5.538953 -7.306767 2.700000
vertex 5.320539 -7.339166 2.700000
vertex 5.100000 -7.350000 2.700000
endloop
endfacet
facet normal 0 0 -1
outer loop
vertex 5.961038 -7.178729 2.700000
vertex 5.753140 -7.253116 2.700000
vertex 5.538953 -7.306767 2.700000
endloop
endfacet
facet normal 0 0 -1
outer loop
vertex 1.651043 -2.135576 2.700000
vertex 6.160643 -7.084323 2.700000
vertex 5.961038 -7.178729 2.700000
endloop
endfacet
facet normal 0 0 -1
outer loop
vertex 1.643656 -2.142054 2.700000
vertex 1.651043 -2.135576 2.700000
vertex 5.961038 -7.178729 2.700000
endloop
endfacet
facet normal 0 0 -1
outer loop
vertex 5.961038 -7.178729 2.700000
vertex 5.538953 -7.306767 2.700000
vertex 5.100000 -7.350000 2.700000
endloop
endfacet
facet normal 0 0 -1
outer loop
vertex 5.100000 -7.350000 2.700000
vertex -5.320539 -7.339166 2.700000
vertex -6.160643 -7.084323 2.700000
endloop
endfacet
facet normal 0 0 -1
outer loop
vertex -6.160643 -7.084323 2.700000
vertex -6.839273 -6.527385 2.700000
vertex -1.643656 -2.142054 2.700000
endloop
endfacet
facet normal 0 0 -1
outer loop
vertex -6.160643 -7.084323 2.700000
vertex -1.643656 -2.142054 2.700000
vertex -1.350000 -2.338269 2.700000
endloop
endfacet
facet normal -0 0 -1
outer loop
vertex 5.961038 -7.178729 2.700000
vertex 5.100000 -7.350000 2.700000
vertex -6.160643 -7.084323 2.700000
endloop
endfacet
facet normal 0 0 -1
outer loop
vertex 1.350000 -2.338269 2.700000
vertex 1.643656 -2.142054 2.700000
vertex 5.961038 -7.178729 2.700000
endloop
endfacet
facet normal 0 0 -1
outer loop
vertex 1.033245 -2.494475 2.700000
vertex 1.350000 -2.338269 2.700000
vertex 5.961038 -7.178729 2.700000
endloop
endfacet
facet normal 0 0 -1
outer loop
vertex 5.961038 -7.178729 2.700000
vertex -6.160643 -7.084323 2.700000
vertex -1.350000 -2.338269 2.700000
endloop
endfacet
facet normal 0 0 -1
outer loop
vertex 5.961038 -7.178729 2.700000
vertex -1.350000 -2.338269 2.700000
vertex -1.033245 -2.494475 2.700000
endloop
endfacet
facet normal 0 0 -1
outer loop
vertex 0.698811 -2.608000 2.700000
vertex 1.033245 -2.494475 2.700000
vertex 5.961038 -7.178729 2.700000
endloop
endfacet
facet normal 0 0 -1
outer loop
vertex 0.352421 -2.676901 2.700000
vertex 0.698811 -2.608000 2.700000
vertex 5.961038 -7.178729 2.700000
endloop
endfacet
facet normal 0 0 -1
outer loop
vertex 5.961038 -7.178729 2.700000
vertex -1.033245 -2.494475 2.700000
vertex -0.698811 -2.608000 2.700000
endloop
endfacet
facet normal 0 0 -1
outer loop
vertex 5.961038 -7.178729 2.700000
vertex -0.698811 -2.608000 2.700000
vertex -0.352421 -2.676901 2.700000
endloop
endfacet
facet normal 0 0 -1
outer loop
vertex -0.000000 -2.700000 2.700000
vertex 0.352421 -2.676901 2.700000
vertex 5.961038 -7.178729 2.700000
endloop
endfacet
facet normal 0 0 -1
outer loop
vertex -0.352421 -2.676901 2.700000
vertex -0.000000 -2.700000 2.700000
vertex 5.961038 -7.178729 2.700000
endloop
endfacet
facet normal 0 0 -1
outer loop
vertex -7.339166 5.320539 2.700000
vertex -7.306767 5.538953 2.700000
vertex -7.253116 5.753140 2.700000
endloop
endfacet
facet normal 0 0 -1
outer loop
vertex -7.253116 5.753140 2.700000
vertex -7.178729 5.961038 2.700000
vertex -7.084323 6.160643 2.700000
endloop
endfacet
facet normal 0 0 -1
outer loop
vertex -7.084323 6.160643 2.700000
vertex -6.970807 6.350033 2.700000
vertex -6.839273 6.527385 2.700000
endloop
endfacet
facet normal 0 0 -1
outer loop
vertex -6.839273 6.527385 2.700000
vertex -6.690990 6.690990 2.700000
vertex -6.527385 6.839273 2.700000
endloop
endfacet
facet normal 0 0 -1
outer loop
vertex -6.527385 6.839273 2.700000
vertex -6.350033 6.970807 2.700000
vertex -6.160643 7.084323 2.700000
endloop
endfacet
facet normal 0 0 -1
outer loop
vertex -6.160643 7.084323 2.700000
vertex -5.961038 7.178729 2.700000
vertex -5.753140 7.253116 2.700000
endloop
endfacet
facet normal 0 0 -1
outer loop
vertex -5.753140 7.253116 2.700000
vertex -5.538953 7.306767 2.700000
vertex -5.320539 7.339166 2.700000
endloop
endfacet
facet normal 0 0 -1
outer loop
vertex -5.320539 7.339166 2.700000
vertex -5.100000 7.350000 2.700000
vertex 5.100000 7.350000 2.700000
endloop
endfacet
facet normal 0 0 -1
outer loop
vertex 5.100000 7.350000 2.700000
vertex 5.320539 7.339166 2.700000
vertex 5.538953 7.306767 2.700000
endloop
endfacet
facet normal 0 0 -1
outer loop
vertex 5.538953 7.306767 2.700000
vertex 5.753140 7.253116 2.700000
vertex 5.961038 7.178729 2.700000
endloop
endfacet
facet normal 0 0 -1
outer loop
vertex 5.961038 7.178729 2.700000
vertex 6.160643 7.084323 2.700000
vertex 6.350033 6.970807 2.700000
endloop
endfacet
facet normal 0 0 -1
outer loop
vertex 6.350033 6.970807 2.700000
vertex 6.527385 6.839273 2.700000
vertex 6.690990 6.690990 2.700000
endloop
endfacet
facet normal 0 0 -1
outer loop
vertex 6.690990 6.690990 2.700000
vertex 6.839273 6.527385 2.700000
vertex 6.970807 6.350033 2.700000
endloop
endfacet
facet normal 0 0 -1
outer loop
vertex 6.970807 6.350033 2.700000
vertex 7.084323 6.160643 2.700000
vertex 7.178729 5.961038 2.700000
endloop
endfacet
facet normal 0 0 -1
outer loop
vertex 7.178729 5.961038 2.700000
vertex 7.253116 5.753140 2.700000
vertex 7.306767 5.538953 2.700000
endloop
endfacet
facet normal 0 0 -1
outer loop
vertex 7.306767 5.538953 2.700000
vertex 7.339166 5.320539 2.700000
vertex 7.350000 5.100000 2.700000
endloop
endfacet
facet normal 0 -0 -1
outer loop
vertex 7.350000 5.100000 2.700000
vertex 7.350000 -5.100000 2.700000
vertex 7.339166 -5.320539 2.700000
endloop
endfacet
facet normal 0 0 -1
outer loop
vertex 7.339166 -5.320539 2.700000
vertex 7.306767 -5.538953 2.700000
vertex 7.253116 -5.753140 2.700000
endloop
endfacet
facet normal 0 0 -1
outer loop
vertex 7.253116 -5.753140 2.700000
vertex 7.178729 -5.961038 2.700000
vertex 7.084323 -6.160643 2.700000
endloop
endfacet
facet normal 0 0 -1
outer loop
vertex 7.084323 -6.160643 2.700000
vertex 6.970807 -6.350033 2.700000
vertex 6.839273 -6.527385 2.700000
endloop
endfacet
facet normal 0 0 -1
outer loop
vertex 6.839273 -6.527385 2.700000
vertex 6.690990 -6.690990 2.700000
vertex 6.527385 -6.839273 2.700000
endloop
endfacet
facet normal 0 0 -1
outer loop
vertex 6.527385 -6.839273 2.700000
vertex 6.350033 -6.970807 2.700000
vertex 6.160643 -7.084323 2.700000
endloop
endfacet
facet normal 0 0 -1
outer loop
vertex 6.160643 -7.084323 2.700000
vertex 1.651043 -2.135576 2.700000
vertex 1.909188 -1.909188 2.700000
endloop
endfacet
facet normal 0 0 -1
outer loop
vertex 6.160643 -7.084323 2.700000
vertex 1.909188 -1.909188 2.700000
vertex 2.142054 -1.643656 2.700000
endloop
endfacet
facet normal 0 0 -1
outer loop
vertex 6.839273 -6.527385 2.700000
vertex 6.527385 -6.839273 2.700000
vertex 6.160643 -7.084323 2.700000
endloop
endfacet
facet normal 0 0 -1
outer loop
vertex 7.253116 -5.753140 2.700000
vertex 7.084323 -6.160643 2.700000
vertex 6.839273 -6.527385 2.700000
endloop
endfacet
facet normal 0 0 -1
outer loop
vertex 7.350000 5.100000 2.700000
vertex 7.339166 -5.320539 2.700000
vertex 7.253116 -5.753140 2.700000
endloop
endfacet
facet normal 0 0 -1
outer loop
vertex 7.178729 5.961038 2.700000
vertex 7.306767 5.538953 2.700000
vertex 7.350000 5.100000 2.700000
endloop
endfacet
facet normal 0 0 -1
outer loop
vertex 6.690990 6.690990 2.700000
vertex 6.970807 6.350033 2.700000
vertex 7.178729 5.961038 2.700000
endloop
endfacet
facet normal 0 0 -1
outer loop
vertex 5.961038 7.178729 2.700000
vertex 6.350033 6.970807 2.700000
vertex 6.690990 6.690990 2.700000
endloop
endfacet
facet normal 0 0 -1
outer loop
vertex 5.100000 7.350000 2.700000
vertex 5.538953 7.306767 2.700000
vertex 5.961038 7.178729 2.700000
endloop
endfacet
facet normal 0 0 -1
outer loop
vertex -5.753140 7.253116 2.700000
vertex -5.320539 7.339166 2.700000
vertex 5.100000 7.350000 2.700000
endloop
endfacet
facet normal 0 0 -1
outer loop
vertex -6.527385 6.839273 2.700000
vertex -6.160643 7.084323 2.700000
vertex -5.753140 7.253116 2.700000
endloop
endfacet
facet normal 0 0 -1
outer loop
vertex -7.084323 6.160643 2.700000
vertex -6.839273 6.527385 2.700000
vertex -6.527385 6.839273 2.700000
endloop
endfacet
facet normal 0 0 -1
outer loop
vertex -7.339166 5.320539 2.700000
vertex -7.253116 5.753140 2.700000
vertex -7.084323 6.160643 2.700000
endloop
endfacet
facet normal 0 0 -1
outer loop
vertex -7.350000 -5.100000 2.700000
vertex -7.350000 5.100000 2.700000
vertex -7.339166 5.320539 2.700000
endloop
endfacet
facet normal 0 0 -1
outer loop
vertex -7.306767 -5.538953 2.700000
vertex -7.339166 -5.320539 2.700000
vertex -7.350000 -5.100000 2.700000
endloop
endfacet
facet normal 0 0 -1
outer loop
vertex -7.178729 -5.961038 2.700000
vertex -7.253116 -5.753140 2.700000
vertex -7.306767 -5.538953 2.700000
endloop
endfacet
facet normal 0 0 -1
outer loop
vertex -6.970807 -6.350033 2.700000
vertex -7.084323 -6.160643 2.700000
vertex -7.178729 -5.961038 2.700000
endloop
endfacet
facet normal 0 -0 -1
outer loop
vertex -2.142054 -1.643656 2.700000
vertex -1.909188 -1.909188 2.700000
vertex -6.970807 -6.350033 2.700000
endloop
endfacet
facet normal 0 -0 -1
outer loop
vertex -2.338269 -1.350000 2.700000
vertex -2.142054 -1.643656 2.700000
vertex -6.970807 -6.350033 2.700000
endloop
endfacet
facet normal 0 0 -1
outer loop
vertex -6.970807 -6.350033 2.700000
vertex -7.178729 -5.961038 2.700000
vertex -7.306767 -5.538953 2.700000
endloop
endfacet
facet normal 0 0 -1
outer loop
vertex -7.306767 -5.538953 2.700000
vertex -7.350000 -5.100000 2.700000
vertex -7.339166 5.320539 2.700000
endloop
endfacet
facet normal 0 0 -1
outer loop
vertex -7.339166 5.320539 2.700000
vertex -7.084323 6.160643 2.700000
vertex -6.527385 6.839273 2.700000
endloop
endfacet
facet normal 0 0 -1
outer loop
vertex -6.527385 6.839273 2.700000
vertex -5.753140 7.253116 2.700000
vertex 5.100000 7.350000 2.700000
endloop
endfacet
facet normal 0 0 -1
outer loop
vertex 5.100000 7.350000 2.700000
vertex 5.961038 7.178729 2.700000
vertex 6.690990 6.690990 2.700000
endloop
endfacet
facet normal 0 0 -1
outer loop
vertex 6.690990 6.690990 2.700000
vertex 7.178729 5.961038 2.700000
vertex 7.350000 5.100000 2.700000
endloop
endfacet
facet normal 0 0 -1
outer loop
vertex 7.350000 5.100000 2.700000
vertex 7.253116 -5.753140 2.700000
vertex 6.839273 -6.527385 2.700000
endloop
endfacet
facet normal -0 0 -1
outer loop
vertex 6.839273 -6.527385 2.700000
vertex 6.160643 -7.084323 2.700000
vertex 2.142054 -1.643656 2.700000
endloop
endfacet
facet normal 0 0 -1
outer loop
vertex 6.839273 -6.527385 2.700000
vertex 2.142054 -1.643656 2.700000
vertex 2.338269 -1.350000 2.700000
endloop
endfacet
facet normal 0 0 -1
outer loop
vertex 6.690990 6.690990 2.700000
vertex 7.350000 5.100000 2.700000
vertex 6.839273 -6.527385 2.700000
endloop
endfacet
facet normal 0 0 -1
outer loop
vertex -6.527385 6.839273 2.700000
vertex 5.100000 7.350000 2.700000
vertex 6.690990 6.690990 2.700000
endloop
endfacet
facet normal 0 0 -1
outer loop
vertex -7.306767 -5.538953 2.700000
vertex -7.339166 5.320539 2.700000
vertex -6.527385 6.839273 2.700000
endloop
endfacet
facet normal 0 0 -1
outer loop
vertex -2.338269 -1.350000 2.700000
vertex -6.970807 -6.350033 2.700000
vertex -7.306767 -5.538953 2.700000
endloop
endfacet
facet normal 0 -0 -1
outer loop
vertex -2.494475 -1.033245 2.700000
vertex -2.338269 -1.350000 2.700000
vertex -7.306767 -5.538953 2.700000
endloop
endfacet
facet normal 0 -0 -1
outer loop
vertex 6.690990 6.690990 2.700000
vertex 6.839273 -6.527385 2.700000
vertex 2.338269 -1.350000 2.700000
endloop
endfacet
facet normal 0 0 -1
outer loop
vertex 6.690990 6.690990 2.700000
vertex 2.338269 -1.350000 2.700000
vertex 2.494475 -1.033245 2.700000
endloop
endfacet
facet normal -0 0 -1
outer loop
vertex -2.494475 -1.033245 2.700000
vertex -7.306767 -5.538953 2.700000
vertex -6.527385 6.839273 2.700000
endloop
endfacet
facet normal -0 -0 -1
outer loop
vertex -2.608000 -0.698811 2.700000
vertex -2.494475 -1.033245 2.700000
vertex -6.527385 6.839273 2.700000
endloop
endfacet
facet normal 0 0 -1
outer loop
vertex 6.690990 6.690990 2.700000
vertex 2.494475 -1.033245 2.700000
vertex 2.608000 -0.698811 2.700000
endloop
endfacet
facet normal 0 0 -1
outer loop
vertex 6.690990 6.690990 2.700000
vertex 2.608000 -0.698811 2.700000
vertex 2.676901 -0.352421 2.700000
endloop
endfacet
facet normal -0 -0 -1
outer loop
vertex -2.676901 -0.352421 2.700000
vertex -2.608000 -0.698811 2.700000
vertex -6.527385 6.839273 2.700000
endloop
endfacet
facet normal -0 -0 -1
outer loop
vertex -2.700000 0.000000 2.700000
vertex -2.676901 -0.352421 2.700000
vertex -6.527385 6.839273 2.700000
endloop
endfacet
facet normal 0 0 -1
outer loop
vertex 6.690990 6.690990 2.700000
vertex 2.676901 -0.352421 2.700000
vertex 2.700000 0.000000 2.700000
endloop
endfacet
facet normal 0 0 -1
outer loop
vertex 6.690990 6.690990 2.700000
vertex 2.700000 0.000000 2.700000
vertex 2.676901 0.352421 2.700000
endloop
endfacet
facet normal -0 0 -1
outer loop
vertex -2.676901 0.352421 2.700000
vertex -2.700000 0.000000 2.700000
vertex -6.527385 6.839273 2.700000
endloop
endfacet
facet normal -0 0 -1
outer loop
vertex -2.608000 0.698811 2.700000
vertex -2.676901 0.352421 2.700000
vertex -6.527385 6.839273 2.700000
endloop
endfacet
facet normal 0 0 -1
outer loop
vertex 6.690990 6.690990 2.700000
vertex 2.676901 0.352421 2.700000
vertex 2.608000 0.698811 2.700000
endloop
endfacet
facet normal 0 0 -1
outer loop
vertex 6.690990 6.690990 2.700000
vertex 2.608000 0.698811 2.700000
vertex 2.494475 1.033245 2.700000
endloop
endfacet
facet normal -0 0 -1
outer loop
vertex -2.494475 1.033245 2.700000
vertex -2.608000 0.698811 2.700000
vertex -6.527385 6.839273 2.700000
endloop
endfacet
facet normal -0 0 -1
outer loop
vertex -2.338269 1.350000 2.700000
vertex -2.494475 1.033245 2.700000
vertex -6.527385 6.839273 2.700000
endloop
endfacet
facet normal 0 0 -1
outer loop
vertex 6.690990 6.690990 2.700000
vertex 2.494475 1.033245 2.700000
vertex 2.338269 1.350000 2.700000
endloop
endfacet
facet normal 0 0 -1
outer loop
vertex 6.690990 6.690990 2.700000
vertex 2.338269 1.350000 2.700000
vertex 2.142054 1.643656 2.700000
endloop
endfacet
facet normal -0 0 -1
outer loop
vertex -2.142054 1.643656 2.700000
vertex -2.338269 1.350000 2.700000
vertex -6.527385 6.839273 2.700000
endloop
endfacet
facet normal -0 0 -1
outer loop
vertex -1.909188 1.909188 2.700000
vertex -2.142054 1.643656 2.700000
vertex -6.527385 6.839273 2.700000
endloop
endfacet
facet normal 0 0 -1
outer loop
vertex 6.690990 6.690990 2.700000
vertex 2.142054 1.643656 2.700000
vertex 1.909188 1.909188 2.700000
endloop
endfacet
facet normal 0 0 -1
outer loop
vertex 6.690990 6.690990 2.700000
vertex 1.909188 1.909188 2.700000
vertex 1.643656 2.142054 2.700000
endloop
endfacet
facet normal -0 0 -1
outer loop
vertex -1.643656 2.142054 2.700000
vertex -1.909188 1.909188 2.700000
vertex -6.527385 6.839273 2.700000
endloop
endfacet
facet normal -0 0 -1
outer loop
vertex -1.350000 2.338269 2.700000
vertex -1.643656 2.142054 2.700000
vertex -6.527385 6.839273 2.700000
endloop
endfacet
facet normal 0 0 -1
outer loop
vertex 6.690990 6.690990 2.700000
vertex 1.643656 2.142054 2.700000
vertex 1.350000 2.338269 2.700000
endloop
endfacet
facet normal 0 0 -1
outer loop
vertex 6.690990 6.690990 2.700000
vertex 1.350000 2.338269 2.700000
vertex 1.033245 2.494475 2.700000
endloop
endfacet
facet normal 0 0 -1
outer loop
vertex -1.350000 2.338269 2.700000
vertex -6.527385 6.839273 2.700000
vertex 6.690990 6.690990 2.700000
endloop
endfacet
facet normal -0 0 -1
outer loop
vertex -1.033245 2.494475 2.700000
vertex -1.350000 2.338269 2.700000
vertex 6.690990 6.690990 2.700000
endloop
endfacet
facet normal 0 0 -1
outer loop
vertex 6.690990 6.690990 2.700000
vertex 1.033245 2.494475 2.700000
vertex 0.698811 2.608000 2.700000
endloop
endfacet
facet normal 0 0 -1
outer loop
vertex 6.690990 6.690990 2.700000
vertex 0.698811 2.608000 2.700000
vertex 0.352421 2.676901 2.700000
endloop
endfacet
facet normal -0 0 -1
outer loop
vertex -0.698811 2.608000 2.700000
vertex -1.033245 2.494475 2.700000
vertex 6.690990 6.690990 2.700000
endloop
endfacet
facet normal -0 0 -1
outer loop
vertex -0.352421 2.676901 2.700000
vertex -0.698811 2.608000 2.700000
vertex 6.690990 6.690990 2.700000
endloop
endfacet
facet normal 0 0 -1
outer loop
vertex 6.690990 6.690990 2.700000
vertex 0.352421 2.676901 2.700000
vertex 0.000000 2.700000 2.700000
endloop
endfacet
facet normal 0 0 -1
outer loop
vertex 6.690990 6.690990 2.700000
vertex 0.000000 2.700000 2.700000
vertex -0.352421 2.676901 2.700000
endloop
endfacet
facet normal 0.997859 0.0654033 0
outer loop
vertex 2.700000 0.000000 2.700000
vertex 2.700000 0.000000 0.250000
vertex 2.676901 0.352421 0.250000
endloop
endfacet
facet normal 0.997859 0.0654033 0
outer loop
vertex 2.700000 0.000000 2.700000
vertex 2.676901 0.352421 0.250000
vertex 2.676901 0.352421 2.700000
endloop
endfacet
facet normal 0.980785 0.19509 0
outer loop
vertex 2.676901 0.352421 2.700000
vertex 2.676901 0.352421 0.250000
vertex 2.608000 0.698811 0.250000
endloop
endfacet
facet normal 0.980785 0.19509 0
outer loop
vertex 2.676901 0.352421 2.700000
vertex 2.608000 0.698811 0.250000
vertex 2.608000 0.698811 2.700000
endloop
endfacet
facet normal 0.94693 0.32144 0
outer loop
vertex 2.608000 0.698811 2.700000
vertex 2.608000 0.698811 0.250000
vertex 2.494475 1.033245 0.250000
endloop
endfacet
facet normal 0.94693 0.32144 0
outer loop
vertex 2.608000 0.698811 2.700000
vertex 2.494475 1.033245 0.250000
vertex 2.494475 1.033245 2.700000
endloop
endfacet
facet normal 0.896873 0.442289 0
outer loop
vertex 2.494475 1.033245 2.700000
vertex 2.494475 1.033245 0.250000
vertex 2.338269 1.350000 0.250000
endloop
endfacet
facet normal 0.896873 0.442289 0
outer loop
vertex 2.494475 1.033245 2.700000
vertex 2.338269 1.350000 0.250000
vertex 2.338269 1.350000 2.700000
endloop
endfacet
facet normal 0.83147 0.55557 0
outer loop
vertex 2.338269 1.350000 2.700000
vertex 2.338269 1.350000 0.250000
vertex 2.142054 1.643656 0.250000
endloop
endfacet
facet normal 0.83147 0.55557 0
outer loop
vertex 2.338269 1.350000 2.700000
vertex 2.142054 1.643656 0.250000
vertex 2.142054 1.643656 2.700000
endloop
endfacet
facet normal 0.75184 0.659346 0
outer loop
vertex 2.142054 1.643656 2.700000
vertex 2.142054 1.643656 0.250000
vertex 1.909188 1.909188 0.250000
endloop
endfacet
facet normal 0.75184 0.659346 0
outer loop
vertex 2.142054 1.643656 2.700000
vertex 1.909188 1.909188 0.250000
vertex 1.909188 1.909188 2.700000
endloop
endfacet
facet normal 0.659346 0.75184 0
outer loop
vertex 1.909188 1.909188 0.250000
vertex 1.643656 2.142054 0.250000
vertex 1.643656 2.142054 2.700000
endloop
endfacet
facet normal 0.659346 0.75184 -0
outer loop
vertex 1.909188 1.909188 0.250000
vertex 1.643656 2.142054 2.700000
vertex 1.909188 1.909188 2.700000
endloop
endfacet
facet normal 0.55557 0.83147 0
outer loop
vertex 1.643656 2.142054 0.250000
vertex 1.350000 2.338269 0.250000
vertex 1.350000 2.338269 2.700000
endloop
endfacet
facet normal 0.55557 0.83147 -0
outer loop
vertex 1.643656 2.142054 0.250000
vertex 1.350000 2.338269 2.700000
vertex 1.643656 2.142054 2.700000
endloop
endfacet
facet normal 0.442289 0.896873 0
outer loop
vertex 1.350000 2.338269 0.250000
vertex 1.033245 2.494475 0.250000
vertex 1.033245 2.494475 2.700000
endloop
endfacet
facet normal 0.442289 0.896873 -0
outer loop
vertex 1.350000 2.338269 0.250000
vertex 1.033245 2.494475 2.700000
vertex 1.350000 2.338269 2.700000
endloop
endfacet
facet normal 0.32144 0.94693 0
outer loop
vertex 1.033245 2.494475 0.250000
vertex 0.698811 2.608000 0.250000
vertex 0.698811 2.608000 2.700000
endloop
endfacet
facet normal 0.32144 0.94693 -0
outer loop
vertex 1.033245 2.494475 0.250000
vertex 0.698811 2.608000 2.700000
vertex 1.033245 2.494475 2.700000
endloop
endfacet
facet normal 0.19509 0.980785 0
outer loop
vertex 0.698811 2.608000 0.250000
vertex 0.352421 2.676901 0.250000
vertex 0.352421 2.676901 2.700000
endloop
endfacet
facet normal 0.19509 0.980785 -0
outer loop
vertex 0.698811 2.608000 0.250000
vertex 0.352421 2.676901 2.700000
vertex 0.698811 2.608000 2.700000
endloop
endfacet
facet normal 0.0654033 0.997859 0
outer loop
vertex 0.352421 2.676901 0.250000
vertex 0.000000 2.700000 0.250000
vertex 0.000000 2.700000 2.700000
endloop
endfacet
facet normal 0.0654033 0.997859 -0
outer loop
vertex 0.352421 2.676901 0.250000
vertex 0.000000 2.700000 2.700000
vertex 0.352421 2.676901 2.700000
endloop
endfacet
facet normal -0.0654033 0.997859 0
outer loop
vertex 0.000000 2.700000 0.250000
vertex -0.352421 2.676901 0.250000
vertex -0.352421 2.676901 2.700000
endloop
endfacet
facet normal -0.0654033 0.997859 0
outer loop
vertex 0.000000 2.700000 0.250000
vertex -0.352421 2.676901 2.700000
vertex 0.000000 2.700000 2.700000
endloop
endfacet
facet normal -0.19509 0.980785 0
outer loop
vertex -0.352421 2.676901 0.250000
vertex -0.698811 2.608000 0.250000
vertex -0.698811 2.608000 2.700000
endloop
endfacet
facet normal -0.19509 0.980785 0
outer loop
vertex -0.352421 2.676901 0.250000
vertex -0.698811 2.608000 2.700000
vertex -0.352421 2.676901 2.700000
endloop
endfacet
facet normal -0.32144 0.94693 0
outer loop
vertex -0.698811 2.608000 0.250000
vertex -1.033245 2.494475 0.250000
vertex -1.033245 2.494475 2.700000
endloop
endfacet
facet normal -0.32144 0.94693 0
outer loop
vertex -0.698811 2.608000 0.250000
vertex -1.033245 2.494475 2.700000
vertex -0.698811 2.608000 2.700000
endloop
endfacet
facet normal -0.442289 0.896873 0
outer loop
vertex -1.033245 2.494475 0.250000
vertex -1.350000 2.338269 0.250000
vertex -1.350000 2.338269 2.700000
endloop
endfacet
facet normal -0.442289 0.896873 0
outer loop
vertex -1.033245 2.494475 0.250000
vertex -1.350000 2.338269 2.700000
vertex -1.033245 2.494475 2.700000
endloop
endfacet
facet normal -0.55557 0.83147 0
outer loop
vertex -1.350000 2.338269 0.250000
vertex -1.643656 2.142054 0.250000
vertex -1.643656 2.142054 2.700000
endloop
endfacet
facet normal -0.55557 0.83147 0
outer loop
vertex -1.350000 2.338269 0.250000
vertex -1.643656 2.142054 2.700000
vertex -1.350000 2.338269 2.700000
endloop
endfacet
facet normal -0.659346 0.75184 0
outer loop
vertex -1.643656 2.142054 0.250000
vertex -1.909188 1.909188 0.250000
vertex -1.909188 1.909188 2.700000
endloop
endfacet
facet normal -0.659346 0.75184 0
outer loop
vertex -1.643656 2.142054 0.250000
vertex -1.909188 1.909188 2.700000
vertex -1.643656 2.142054 2.700000
endloop
endfacet
facet normal -0.75184 0.659346 0
outer loop
vertex -1.909188 1.909188 0.250000
vertex -2.142054 1.643656 0.250000
vertex -2.142054 1.643656 2.700000
endloop
endfacet
facet normal -0.75184 0.659346 0
outer loop
vertex -1.909188 1.909188 0.250000
vertex -2.142054 1.643656 2.700000
vertex -1.909188 1.909188 2.700000
endloop
endfacet
facet normal -0.83147 0.55557 0
outer loop
vertex -2.142054 1.643656 0.250000
vertex -2.338269 1.350000 0.250000
vertex -2.338269 1.350000 2.700000
endloop
endfacet
facet normal -0.83147 0.55557 0
outer loop
vertex -2.142054 1.643656 0.250000
vertex -2.338269 1.350000 2.700000
vertex -2.142054 1.643656 2.700000
endloop
endfacet
facet normal -0.896873 0.442289 0
outer loop
vertex -2.338269 1.350000 0.250000
vertex -2.494475 1.033245 0.250000
vertex -2.494475 1.033245 2.700000
endloop
endfacet
facet normal -0.896873 0.442289 0
outer loop
vertex -2.338269 1.350000 0.250000
vertex -2.494475 1.033245 2.700000
vertex -2.338269 1.350000 2.700000
endloop
endfacet
facet normal -0.94693 0.32144 0
outer loop
vertex -2.494475 1.033245 0.250000
vertex -2.608000 0.698811 0.250000
vertex -2.608000 0.698811 2.700000
endloop
endfacet
facet normal -0.94693 0.32144 0
outer loop
vertex -2.494475 1.033245 0.250000
vertex -2.608000 0.698811 2.700000
vertex -2.494475 1.033245 2.700000
endloop
endfacet
facet normal -0.980785 0.19509 0
outer loop
vertex -2.608000 0.698811 0.250000
vertex -2.676901 0.352421 0.250000
vertex -2.676901 0.352421 2.700000
endloop
endfacet
facet normal -0.980785 0.19509 0
outer loop
vertex -2.608000 0.698811 0.250000
vertex -2.676901 0.352421 2.700000
vertex -2.608000 0.698811 2.700000
endloop
endfacet
facet normal -0.997859 0.0654033 0
outer loop
vertex -2.676901 0.352421 0.250000
vertex -2.700000 0.000000 0.250000
vertex -2.700000 0.000000 2.700000
endloop
endfacet
facet normal -0.997859 0.0654033 0
outer loop
vertex -2.676901 0.352421 0.250000
vertex -2.700000 0.000000 2.700000
vertex -2.676901 0.352421 2.700000
endloop
endfacet
facet normal -0.997859 -0.0654033 0
outer loop
vertex -2.700000 0.000000 0.250000
vertex -2.676901 -0.352421 0.250000
vertex -2.676901 -0.352421 2.700000
endloop
endfacet
facet normal -0.997859 -0.0654033 0
outer loop
vertex -2.700000 0.000000 0.250000
vertex -2.676901 -0.352421 2.700000
vertex -2.700000 0.000000 2.700000
endloop
endfacet
facet normal -0.980785 -0.19509 0
outer loop
vertex -2.676901 -0.352421 0.250000
vertex -2.608000 -0.698811 0.250000
vertex -2.608000 -0.698811 2.700000
endloop
endfacet
facet normal -0.980785 -0.19509 0
outer loop
vertex -2.676901 -0.352421 0.250000
vertex -2.608000 -0.698811 2.700000
vertex -2.676901 -0.352421 2.700000
endloop
endfacet
facet normal -0.94693 -0.32144 0
outer loop
vertex -2.608000 -0.698811 0.250000
vertex -2.494475 -1.033245 0.250000
vertex -2.494475 -1.033245 2.700000
endloop
endfacet
facet normal -0.94693 -0.32144 0
outer loop
vertex -2.608000 -0.698811 0.250000
vertex -2.494475 -1.033245 2.700000
vertex -2.608000 -0.698811 2.700000
endloop
endfacet
facet normal -0.896873 -0.442289 0
outer loop
vertex -2.494475 -1.033245 0.250000
vertex -2.338269 -1.350000 0.250000
vertex -2.338269 -1.350000 2.700000
endloop
endfacet
facet normal -0.896873 -0.442289 0
outer loop
vertex -2.494475 -1.033245 0.250000
vertex -2.338269 -1.350000 2.700000
vertex -2.494475 -1.033245 2.700000
endloop
endfacet
facet normal -0.83147 -0.55557 0
outer loop
vertex -2.338269 -1.350000 0.250000
vertex -2.142054 -1.643656 0.250000
vertex -2.142054 -1.643656 2.700000
endloop
endfacet
facet normal -0.83147 -0.55557 0
outer loop
vertex -2.338269 -1.350000 0.250000
vertex -2.142054 -1.643656 2.700000
vertex -2.338269 -1.350000 2.700000
endloop
endfacet
facet normal -0.75184 -0.659346 0
outer loop
vertex -2.142054 -1.643656 0.250000
vertex -1.909188 -1.909188 0.250000
vertex -1.909188 -1.909188 2.700000
endloop
endfacet
facet normal -0.75184 -0.659346 0
outer loop
vertex -2.142054 -1.643656 0.250000
vertex -1.909188 -1.909188 2.700000
vertex -2.142054 -1.643656 2.700000
endloop
endfacet
facet normal -0.659346 -0.75184 -0
outer loop
vertex -1.909188 -1.909188 2.700000
vertex -1.909188 -1.909188 0.250000
vertex -1.643656 -2.142054 0.250000
endloop
endfacet
facet normal -0.659346 -0.75184 0
outer loop
vertex -1.909188 -1.909188 2.700000
vertex -1.643656 -2.142054 0.250000
vertex -1.643656 -2.142054 2.700000
endloop
endfacet
facet normal -0.55557 -0.83147 -0
outer loop
vertex -1.643656 -2.142054 2.700000
vertex -1.643656 -2.142054 0.250000
vertex -1.350000 -2.338269 0.250000
endloop
endfacet
facet normal -0.55557 -0.83147 0
outer loop
vertex -1.643656 -2.142054 2.700000
vertex -1.350000 -2.338269 0.250000
vertex -1.350000 -2.338269 2.700000
endloop
endfacet
facet normal -0.442289 -0.896873 -0
outer loop
vertex -1.350000 -2.338269 2.700000
vertex -1.350000 -2.338269 0.250000
vertex -1.033245 -2.494475 0.250000
endloop
endfacet
facet normal -0.442289 -0.896873 0
outer loop
vertex -1.350000 -2.338269 2.700000
vertex -1.033245 -2.494475 0.250000
vertex -1.033245 -2.494475 2.700000
endloop
endfacet
facet normal -0.32144 -0.94693 -0
outer loop
vertex -1.033245 -2.494475 2.700000
vertex -1.033245 -2.494475 0.250000
vertex -0.698811 -2.608000 0.250000
endloop
endfacet
facet normal -0.32144 -0.94693 0
outer loop
vertex -1.033245 -2.494475 2.700000
vertex -0.698811 -2.608000 0.250000
vertex -0.698811 -2.608000 2.700000
endloop
endfacet
facet normal -0.19509 -0.980785 -0
outer loop
vertex -0.698811 -2.608000 2.700000
vertex -0.698811 -2.608000 0.250000
vertex -0.352421 -2.676901 0.250000
endloop
endfacet
facet normal -0.19509 -0.980785 0
outer loop
vertex -0.698811 -2.608000 2.700000
vertex -0.352421 -2.676901 0.250000
vertex -0.352421 -2.676901 2.700000
endloop
endfacet
facet normal -0.0654033 -0.997859 -0
outer loop
vertex -0.352421 -2.676901 2.700000
vertex -0.352421 -2.676901 0.250000
vertex -0.000000 -2.700000 0.250000
endloop
endfacet
facet normal -0.0654033 -0.997859 0
outer loop
vertex -0.352421 -2.676901 2.700000
vertex -0.000000 -2.700000 0.250000
vertex -0.000000 -2.700000 2.700000
endloop
endfacet
facet normal 0.0654033 -0.997859 0
outer loop
vertex -0.000000 -2.700000 2.700000
vertex -0.000000 -2.700000 0.250000
vertex 0.352421 -2.676901 0.250000
endloop
endfacet
facet normal 0.0654033 -0.997859 0
outer loop
vertex -0.000000 -2.700000 2.700000
vertex 0.352421 -2.676901 0.250000
vertex 0.352421 -2.676901 2.700000
endloop
endfacet
facet normal 0.19509 -0.980785 0
outer loop
vertex 0.352421 -2.676901 2.700000
vertex 0.352421 -2.676901 0.250000
vertex 0.698811 -2.608000 0.250000
endloop
endfacet
facet normal 0.19509 -0.980785 0
outer loop
vertex 0.352421 -2.676901 2.700000
vertex 0.698811 -2.608000 0.250000
vertex 0.698811 -2.608000 2.700000
endloop
endfacet
facet normal 0.32144 -0.94693 0
outer loop
vertex 0.698811 -2.608000 2.700000
vertex 0.698811 -2.608000 0.250000
vertex 1.033245 -2.494475 0.250000
endloop
endfacet
facet normal 0.32144 -0.94693 0
outer loop
vertex 0.698811 -2.608000 2.700000
vertex 1.033245 -2.494475 0.250000
vertex 1.033245 -2.494475 2.700000
endloop
endfacet
facet normal 0.442289 -0.896873 0
outer loop
vertex 1.033245 -2.494475 2.700000
vertex 1.033245 -2.494475 0.250000
vertex 1.350000 -2.338269 0.250000
endloop
endfacet
facet normal 0.442289 -0.896873 0
outer loop
vertex 1.033245 -2.494475 2.700000
vertex 1.350000 -2.338269 0.250000
vertex 1.350000 -2.338269 2.700000
endloop
endfacet
facet normal 0.55557 -0.83147 0
outer loop
vertex 1.350000 -2.338269 2.700000
vertex 1.350000 -2.338269 0.250000
vertex 1.643656 -2.142054 0.250000
endloop
endfacet
facet normal 0.55557 -0.83147 0
outer loop
vertex 1.350000 -2.338269 2.700000
vertex 1.643656 -2.142054 0.250000
vertex 1.643656 -2.142054 2.700000
endloop
endfacet
facet normal 0.65935 -0.751836 0
outer loop
vertex 1.651043 -2.135576 2.700000
vertex 1.643656 -2.142054 2.700000
vertex 1.643656 -2.142054 0.250000
endloop
endfacet
facet normal 0.659346 -0.75184 0
outer loop
vertex 1.643656 -2.142054 0.250000
vertex 1.909188 -1.909188 0.250000
vertex 1.909188 -1.909188 2.700000
endloop
endfacet
facet normal 0.659346 -0.75184 2.28344e-08
outer loop
vertex 1.651043 -2.135576 2.700000
vertex 1.643656 -2.142054 0.250000
vertex 1.909188 -1.909188 2.700000
endloop
endfacet
facet normal 0.75184 -0.659346 0
outer loop
vertex 1.909188 -1.909188 2.700000
vertex 1.909188 -1.909188 0.250000
vertex 2.142054 -1.643656 0.250000
endloop
endfacet
facet normal 0.75184 -0.659346 0
outer loop
vertex 1.909188 -1.909188 2.700000
vertex 2.142054 -1.643656 0.250000
vertex 2.142054 -1.643656 2.700000
endloop
endfacet
facet normal 0.83147 -0.55557 0
outer loop
vertex 2.142054 -1.643656 2.700000
vertex 2.142054 -1.643656 0.250000
vertex 2.338269 -1.350000 0.250000
endloop
endfacet
facet normal 0.83147 -0.55557 0
outer loop
vertex 2.142054 -1.643656 2.700000
vertex 2.338269 -1.350000 0.250000
vertex 2.338269 -1.350000 2.700000
endloop
endfacet
facet normal 0.896873 -0.442289 0
outer loop
vertex 2.338269 -1.350000 2.700000
vertex 2.338269 -1.350000 0.250000
vertex 2.494475 -1.033245 0.250000
endloop
endfacet
facet normal 0.896873 -0.442289 0
outer loop
vertex 2.338269 -1.350000 2.700000
vertex 2.494475 -1.033245 0.250000
vertex 2.494475 -1.033245 2.700000
endloop
endfacet
facet normal 0.94693 -0.32144 0
outer loop
vertex 2.494475 -1.033245 2.700000
vertex 2.494475 -1.033245 0.250000
vertex 2.608000 -0.698811 0.250000
endloop
endfacet
facet normal 0.94693 -0.32144 0
outer loop
vertex 2.494475 -1.033245 2.700000
vertex 2.608000 -0.698811 0.250000
vertex 2.608000 -0.698811 2.700000
endloop
endfacet
facet normal 0.980785 -0.19509 0
outer loop
vertex 2.608000 -0.698811 2.700000
vertex 2.608000 -0.698811 0.250000
vertex 2.676901 -0.352421 0.250000
endloop
endfacet
facet normal 0.980785 -0.19509 0
outer loop
vertex 2.608000 -0.698811 2.700000
vertex 2.676901 -0.352421 0.250000
vertex 2.676901 -0.352421 2.700000
endloop
endfacet
facet normal 0.997859 -0.0654033 0
outer loop
vertex 2.676901 -0.352421 2.700000
vertex 2.676901 -0.352421 0.250000
vertex 2.700000 0.000000 0.250000
endloop
endfacet
facet normal 0.997859 -0.0654033 0
outer loop
vertex 2.676901 -0.352421 2.700000
vertex 2.700000 0.000000 0.250000
vertex 2.700000 0.000000 2.700000
endloop
endfacet
facet normal 0 0 -1
outer loop
vertex 2.142054 -1.643656 0.250000
vertex 1.909188 -1.909188 0.250000
vertex 1.643656 -2.142054 0.250000
endloop
endfacet
facet normal 0 0 -1
outer loop
vertex 1.643656 -2.142054 0.250000
vertex 1.350000 -2.338269 0.250000
vertex 1.033245 -2.494475 0.250000
endloop
endfacet
facet normal 0 0 -1
outer loop
vertex 1.033245 -2.494475 0.250000
vertex 0.698811 -2.608000 0.250000
vertex 0.352421 -2.676901 0.250000
endloop
endfacet
facet normal -0 0 -1
outer loop
vertex 0.352421 -2.676901 0.250000
vertex -0.000000 -2.700000 0.250000
vertex -0.352421 -2.676901 0.250000
endloop
endfacet
facet normal 0 0 -1
outer loop
vertex -0.352421 -2.676901 0.250000
vertex -0.698811 -2.608000 0.250000
vertex -1.033245 -2.494475 0.250000
endloop
endfacet
facet normal 0 0 -1
outer loop
vertex -1.033245 -2.494475 0.250000
vertex -1.350000 -2.338269 0.250000
vertex -1.643656 -2.142054 0.250000
endloop
endfacet
facet normal 0 0 -1
outer loop
vertex -1.643656 -2.142054 0.250000
vertex -1.909188 -1.909188 0.250000
vertex -2.142054 -1.643656 0.250000
endloop
endfacet
facet normal 0 0 -1
outer loop
vertex -2.142054 -1.643656 0.250000
vertex -2.338269 -1.350000 0.250000
vertex -2.494475 -1.033245 0.250000
endloop
endfacet
facet normal 0 0 -1
outer loop
vertex -2.494475 -1.033245 0.250000
vertex -2.608000 -0.698811 0.250000
vertex -2.676901 -0.352421 0.250000
endloop
endfacet
facet normal 0 0 -1
outer loop
vertex -2.676901 -0.352421 0.250000
vertex -2.700000 0.000000 0.250000
vertex -2.676901 0.352421 0.250000
endloop
endfacet
facet normal 0 0 -1
outer loop
vertex -2.676901 0.352421 0.250000
vertex -2.608000 0.698811 0.250000
vertex -2.494475 1.033245 0.250000
endloop
endfacet
facet normal 0 0 -1
outer loop
vertex -2.494475 1.033245 0.250000
vertex -2.075000 0.625000 0.250000
vertex -2.075000 -0.625000 0.250000
endloop
endfacet
facet normal 0 0 -1
outer loop
vertex -2.075000 -0.625000 0.250000
vertex -0.625000 -0.625000 0.250000
vertex -0.625000 -2.075000 0.250000
endloop
endfacet
facet normal 0 0 -1
outer loop
vertex 0.625000 -2.075000 0.250000
vertex 0.625000 -0.625000 0.250000
vertex 2.075000 -0.625000 0.250000
endloop
endfacet
facet normal 0 0 -1
outer loop
vertex 0.625000 -2.075000 0.250000
vertex 2.075000 -0.625000 0.250000
vertex 2.494475 -1.033245 0.250000
endloop
endfacet
facet normal 0 0 -1
outer loop
vertex 2.494475 -1.033245 0.250000
vertex 2.338269 -1.350000 0.250000
vertex 2.142054 -1.643656 0.250000
endloop
endfacet
facet normal 0 0 -1
outer loop
vertex 2.142054 -1.643656 0.250000
vertex 1.643656 -2.142054 0.250000
vertex 1.033245 -2.494475 0.250000
endloop
endfacet
facet normal 0 0 -1
outer loop
vertex 1.033245 -2.494475 0.250000
vertex 0.352421 -2.676901 0.250000
vertex -0.352421 -2.676901 0.250000
endloop
endfacet
facet normal 0 0 -1
outer loop
vertex -0.352421 -2.676901 0.250000
vertex -1.033245 -2.494475 0.250000
vertex -1.643656 -2.142054 0.250000
endloop
endfacet
facet normal 0 0 -1
outer loop
vertex -1.643656 -2.142054 0.250000
vertex -2.142054 -1.643656 0.250000
vertex -2.494475 -1.033245 0.250000
endloop
endfacet
facet normal 0 0 -1
outer loop
vertex -2.494475 -1.033245 0.250000
vertex -2.676901 -0.352421 0.250000
vertex -2.676901 0.352421 0.250000
endloop
endfacet
facet normal 0 0 -1
outer loop
vertex -2.676901 0.352421 0.250000
vertex -2.494475 1.033245 0.250000
vertex -2.075000 -0.625000 0.250000
endloop
endfacet
facet normal 0 0 -1
outer loop
vertex -2.494475 -1.033245 0.250000
vertex -2.676901 0.352421 0.250000
vertex -2.075000 -0.625000 0.250000
endloop
endfacet
facet normal 0 0 -1
outer loop
vertex -0.352421 -2.676901 0.250000
vertex -1.643656 -2.142054 0.250000
vertex -2.494475 -1.033245 0.250000
endloop
endfacet
facet normal 0 0 -1
outer loop
vertex 2.142054 -1.643656 0.250000
vertex 1.033245 -2.494475 0.250000
vertex -0.352421 -2.676901 0.250000
endloop
endfacet
facet normal 0 0 -1
outer loop
vertex 0.625000 -2.075000 0.250000
vertex 2.494475 -1.033245 0.250000
vertex 2.142054 -1.643656 0.250000
endloop
endfacet
facet normal 0 0 -1
outer loop
vertex -2.494475 -1.033245 0.250000
vertex -2.075000 -0.625000 0.250000
vertex -0.625000 -2.075000 0.250000
endloop
endfacet
facet normal 0 -0 -1
outer loop
vertex 0.625000 -2.075000 0.250000
vertex 2.142054 -1.643656 0.250000
vertex -0.352421 -2.676901 0.250000
endloop
endfacet
facet normal 0 0 -1
outer loop
vertex -0.352421 -2.676901 0.250000
vertex -2.494475 -1.033245 0.250000
vertex -0.625000 -2.075000 0.250000
endloop
endfacet
facet normal 0 0 -1
outer loop
vertex -0.352421 -2.676901 0.250000
vertex -0.625000 -2.075000 0.250000
vertex 0.625000 -2.075000 0.250000
endloop
endfacet
facet normal 0 0 -1
outer loop
vertex -2.494475 1.033245 0.250000
vertex -2.338269 1.350000 0.250000
vertex -2.142054 1.643656 0.250000
endloop
endfacet
facet normal 0 0 -1
outer loop
vertex -2.142054 1.643656 0.250000
vertex -1.909188 1.909188 0.250000
vertex -1.643656 2.142054 0.250000
endloop
endfacet
facet normal 0 0 -1
outer loop
vertex -1.643656 2.142054 0.250000
vertex -1.350000 2.338269 0.250000
vertex -1.033245 2.494475 0.250000
endloop
endfacet
facet normal 0 0 -1
outer loop
vertex -1.033245 2.494475 0.250000
vertex -0.698811 2.608000 0.250000
vertex -0.352421 2.676901 0.250000
endloop
endfacet
facet normal 0 0 -1
outer loop
vertex -0.352421 2.676901 0.250000
vertex 0.000000 2.700000 0.250000
vertex 0.352421 2.676901 0.250000
endloop
endfacet
facet normal 0 0 -1
outer loop
vertex 0.352421 2.676901 0.250000
vertex 0.698811 2.608000 0.250000
vertex 1.033245 2.494475 0.250000
endloop
endfacet
facet normal 0 0 -1
outer loop
vertex 1.033245 2.494475 0.250000
vertex 1.350000 2.338269 0.250000
vertex 1.643656 2.142054 0.250000
endloop
endfacet
facet normal 0 0 -1
outer loop
vertex 1.643656 2.142054 0.250000
vertex 1.909188 1.909188 0.250000
vertex 2.142054 1.643656 0.250000
endloop
endfacet
facet normal 0 0 -1
outer loop
vertex 2.142054 1.643656 0.250000
vertex 2.338269 1.350000 0.250000
vertex 2.494475 1.033245 0.250000
endloop
endfacet
facet normal 0 0 -1
outer loop
vertex 2.494475 1.033245 0.250000
vertex 2.608000 0.698811 0.250000
vertex 2.676901 0.352421 0.250000
endloop
endfacet
facet normal 0 0 -1
outer loop
vertex 2.676901 0.352421 0.250000
vertex 2.700000 0.000000 0.250000
vertex 2.676901 -0.352421 0.250000
endloop
endfacet
facet normal 0 0 -1
outer loop
vertex 2.676901 -0.352421 0.250000
vertex 2.608000 -0.698811 0.250000
vertex 2.494475 -1.033245 0.250000
endloop
endfacet
facet normal 0 0 -1
outer loop
vertex 2.494475 -1.033245 0.250000
vertex 2.075000 -0.625000 0.250000
vertex 2.075000 0.625000 0.250000
endloop
endfacet
facet normal 0 0 -1
outer loop
vertex 2.075000 0.625000 0.250000
vertex 0.625000 0.625000 0.250000
vertex 0.625000 2.075000 0.250000
endloop
endfacet
facet normal 0 -0 -1
outer loop
vertex -0.625000 2.075000 0.250000
vertex -0.625000 0.625000 0.250000
vertex -2.075000 0.625000 0.250000
endloop
endfacet
facet normal 0 0 -1
outer loop
vertex -0.625000 2.075000 0.250000
vertex -2.075000 0.625000 0.250000
vertex -2.494475 1.033245 0.250000
endloop
endfacet
facet normal 0 0 -1
outer loop
vertex -2.494475 1.033245 0.250000
vertex -2.142054 1.643656 0.250000
vertex -1.643656 2.142054 0.250000
endloop
endfacet
facet normal 0 0 -1
outer loop
vertex -1.643656 2.142054 0.250000
vertex -1.033245 2.494475 0.250000
vertex -0.352421 2.676901 0.250000
endloop
endfacet
facet normal 0 0 -1
outer loop
vertex -0.352421 2.676901 0.250000
vertex 0.352421 2.676901 0.250000
vertex 1.033245 2.494475 0.250000
endloop
endfacet
facet normal 0 0 -1
outer loop
vertex 1.033245 2.494475 0.250000
vertex 1.643656 2.142054 0.250000
vertex 2.142054 1.643656 0.250000
endloop
endfacet
facet normal 0 0 -1
outer loop
vertex 2.142054 1.643656 0.250000
vertex 2.494475 1.033245 0.250000
vertex 2.676901 0.352421 0.250000
endloop
endfacet
facet normal 0 -0 -1
outer loop
vertex 2.676901 0.352421 0.250000
vertex 2.676901 -0.352421 0.250000
vertex 2.494475 -1.033245 0.250000
endloop
endfacet
facet normal -0 0 -1
outer loop
vertex 2.676901 0.352421 0.250000
vertex 2.494475 -1.033245 0.250000
vertex 2.075000 0.625000 0.250000
endloop
endfacet
facet normal 0 0 -1
outer loop
vertex 1.033245 2.494475 0.250000
vertex 2.142054 1.643656 0.250000
vertex 2.676901 0.352421 0.250000
endloop
endfacet
facet normal 0 0 -1
outer loop
vertex -1.643656 2.142054 0.250000
vertex -0.352421 2.676901 0.250000
vertex 1.033245 2.494475 0.250000
endloop
endfacet
facet normal -0 0 -1
outer loop
vertex -0.625000 2.075000 0.250000
vertex -2.494475 1.033245 0.250000
vertex -1.643656 2.142054 0.250000
endloop
endfacet
facet normal 0 0 -1
outer loop
vertex 2.676901 0.352421 0.250000
vertex 2.075000 0.625000 0.250000
vertex 0.625000 2.075000 0.250000
endloop
endfacet
facet normal 0 0 -1
outer loop
vertex 0.625000 2.075000 0.250000
vertex -0.625000 2.075000 0.250000
vertex -1.643656 2.142054 0.250000
endloop
endfacet
facet normal 0 -0 -1
outer loop
vertex 1.033245 2.494475 0.250000
vertex 2.676901 0.352421 0.250000
vertex 0.625000 2.075000 0.250000
endloop
endfacet
facet normal 0 0 -1
outer loop
vertex -1.643656 2.142054 0.250000
vertex 1.033245 2.494475 0.250000
vertex 0.625000 2.075000 0.250000
endloop
endfacet
facet normal 0 1 0
outer loop
vertex -0.625000 -2.075000 0.250000
vertex -0.625000 -2.075000 2.550000
vertex 0.625000 -2.075000 2.550000
endloop
endfacet
facet normal 0 1 0
outer loop
vertex -0.625000 -2.075000 0.250000
vertex 0.625000 -2.075000 2.550000
vertex 0.625000 -2.075000 0.250000
endloop
endfacet
facet normal -1 0 0
outer loop
vertex 0.625000 -2.075000 0.250000
vertex 0.625000 -2.075000 2.550000
vertex 0.625000 -0.625000 2.550000
endloop
endfacet
facet normal -1 0 0
outer loop
vertex 0.625000 -2.075000 0.250000
vertex 0.625000 -0.625000 2.550000
vertex 0.625000 -0.625000 0.250000
endloop
endfacet
facet normal 0 1 0
outer loop
vertex 0.625000 -0.625000 0.250000
vertex 0.625000 -0.625000 2.550000
vertex 2.075000 -0.625000 2.550000
endloop
endfacet
facet normal 0 1 0
outer loop
vertex 0.625000 -0.625000 0.250000
vertex 2.075000 -0.625000 2.550000
vertex 2.075000 -0.625000 0.250000
endloop
endfacet
facet normal -1 0 0
outer loop
vertex 2.075000 -0.625000 2.550000
vertex 2.075000 0.625000 2.550000
vertex 2.075000 0.625000 0.250000
endloop
endfacet
facet normal -1 0 0
outer loop
vertex 2.075000 -0.625000 2.550000
vertex 2.075000 0.625000 0.250000
vertex 2.075000 -0.625000 0.250000
endloop
endfacet
facet normal 0 -1 0
outer loop
vertex 2.075000 0.625000 0.250000
vertex 2.075000 0.625000 2.550000
vertex 0.625000 0.625000 2.550000
endloop
endfacet
facet normal 0 -1 0
outer loop
vertex 2.075000 0.625000 0.250000
vertex 0.625000 0.625000 2.550000
vertex 0.625000 0.625000 0.250000
endloop
endfacet
facet normal -1 0 0
outer loop
vertex 0.625000 0.625000 0.250000
vertex 0.625000 0.625000 2.550000
vertex 0.625000 2.075000 2.550000
endloop
endfacet
facet normal -1 0 0
outer loop
vertex 0.625000 0.625000 0.250000
vertex 0.625000 2.075000 2.550000
vertex 0.625000 2.075000 0.250000
endloop
endfacet
facet normal 0 -1 0
outer loop
vertex 0.625000 2.075000 0.250000
vertex 0.625000 2.075000 2.550000
vertex -0.625000 2.075000 2.550000
endloop
endfacet
facet normal 0 -1 0
outer loop
vertex 0.625000 2.075000 0.250000
vertex -0.625000 2.075000 2.550000
vertex -0.625000 2.075000 0.250000
endloop
endfacet
facet normal 1 0 -0
outer loop
vertex -0.625000 2.075000 0.250000
vertex -0.625000 2.075000 2.550000
vertex -0.625000 0.625000 2.550000
endloop
endfacet
facet normal 1 0 0
outer loop
vertex -0.625000 2.075000 0.250000
vertex -0.625000 0.625000 2.550000
vertex -0.625000 0.625000 0.250000
endloop
endfacet
facet normal 0 -1 0
outer loop
vertex -0.625000 0.625000 0.250000
vertex -0.625000 0.625000 2.550000
vertex -2.075000 0.625000 2.550000
endloop
endfacet
facet normal 0 -1 0
outer loop
vertex -0.625000 0.625000 0.250000
vertex -2.075000 0.625000 2.550000
vertex -2.075000 0.625000 0.250000
endloop
endfacet
facet normal 1 0 -0
outer loop
vertex -2.075000 0.625000 0.250000
vertex -2.075000 0.625000 2.550000
vertex -2.075000 -0.625000 2.550000
endloop
endfacet
facet normal 1 0 0
outer loop
vertex -2.075000 0.625000 0.250000
vertex -2.075000 -0.625000 2.550000
vertex -2.075000 -0.625000 0.250000
endloop
endfacet
facet normal 0 1 0
outer loop
vertex -2.075000 -0.625000 0.250000
vertex -2.075000 -0.625000 2.550000
vertex -0.625000 -0.625000 2.550000
endloop
endfacet
facet normal 0 1 0
outer loop
vertex -2.075000 -0.625000 0.250000
vertex -0.625000 -0.625000 2.550000
vertex -0.625000 -0.625000 0.250000
endloop
endfacet
facet normal 1 0 -0
outer loop
vertex -0.625000 -0.625000 0.250000
vertex -0.625000 -0.625000 2.550000
vertex -0.625000 -2.075000 2.550000
endloop
endfacet
facet normal 1 0 0
outer loop
vertex -0.625000 -0.625000 0.250000
vertex -0.625000 -2.075000 2.550000
vertex -0.625000 -2.075000 0.250000
endloop
endfacet
facet normal 0 0 -1
outer loop
vertex -0.625000 -0.625000 2.550000
vertex -2.075000 -0.625000 2.550000
vertex -2.075000 0.625000 2.550000
endloop
endfacet
facet normal 0 0 -1
outer loop
vertex -0.625000 0.625000 2.550000
vertex -0.625000 2.075000 2.550000
vertex 0.625000 2.075000 2.550000
endloop
endfacet
facet normal 0 0 -1
outer loop
vertex -0.625000 -0.625000 2.550000
vertex -2.075000 0.625000 2.550000
vertex -0.625000 0.625000 2.550000
endloop
endfacet
facet normal 0 0 -1
outer loop
vertex 0.625000 -2.075000 2.550000
vertex -0.625000 -2.075000 2.550000
vertex -0.625000 -0.625000 2.550000
endloop
endfacet
facet normal 0 -0 -1
outer loop
vertex 2.075000 0.625000 2.550000
vertex 2.075000 -0.625000 2.550000
vertex 0.625000 -0.625000 2.550000
endloop
endfacet
facet normal -0 -0 -1
outer loop
vertex 0.625000 -0.625000 2.550000
vertex 0.625000 -2.075000 2.550000
vertex -0.625000 -0.625000 2.550000
endloop
endfacet
facet normal 0 0 -1
outer loop
vertex -0.625000 -0.625000 2.550000
vertex -0.625000 0.625000 2.550000
vertex 0.625000 2.075000 2.550000
endloop
endfacet
facet normal 0 0 -1
outer loop
vertex 0.625000 0.625000 2.550000
vertex 2.075000 0.625000 2.550000
vertex 0.625000 -0.625000 2.550000
endloop
endfacet
facet normal 0 0 -1
outer loop
vertex -0.625000 -0.625000 2.550000
vertex 0.625000 2.075000 2.550000
vertex 0.625000 0.625000 2.550000
endloop
endfacet
facet normal 0 -0 -1
outer loop
vertex 0.625000 0.625000 2.550000
vertex 0.625000 -0.625000 2.550000
vertex -0.625000 -0.625000 2.550000
endloop
endfacet
facet normal -0.133741 0.0618047 0.989087
outer loop
vertex 1.790763 -0.695554 3.598269
vertex 1.555514 -0.824307 3.574505
vertex 1.587968 -0.874544 3.582032
endloop
endfacet
facet normal -0.132016 0.0585734 0.989515
outer loop
vertex 1.790763 -0.695554 3.598269
vertex 1.527763 -0.769536 3.567560
vertex 1.555514 -0.824307 3.574505
endloop
endfacet
facet normal -0.131995 0.0584964 0.989523
outer loop
vertex 1.527763 -0.769536 3.567560
vertex 1.790763 -0.695554 3.598269
vertex 1.772561 -0.658046 3.593624
endloop
endfacet
facet normal -0.130454 0.0550189 0.989927
outer loop
vertex 1.772561 -0.658046 3.593624
vertex 1.504716 -0.710231 3.561227
vertex 1.527763 -0.769536 3.567560
endloop
endfacet
facet normal -0.130344 0.0544254 0.989974
outer loop
vertex 1.504716 -0.710231 3.561227
vertex 1.772561 -0.658046 3.593624
vertex 1.757733 -0.617594 3.589447
endloop
endfacet
facet normal -0.129174 0.0511286 0.990303
outer loop
vertex 1.757733 -0.617594 3.589447
vertex 1.486833 -0.646988 3.555629
vertex 1.504716 -0.710231 3.561227
endloop
endfacet
facet normal -0.129075 0.0501479 0.990366
outer loop
vertex 1.486833 -0.646988 3.555629
vertex 1.757733 -0.617594 3.589447
vertex 1.746280 -0.574199 3.585757
endloop
endfacet
facet normal -0.128207 0.0469417 0.990636
outer loop
vertex 1.746280 -0.574199 3.585757
vertex 1.474576 -0.580404 3.550888
vertex 1.486833 -0.646988 3.555629
endloop
endfacet
facet normal -0.128188 0.0457901 0.990692
outer loop
vertex 1.474576 -0.580404 3.550888
vertex 1.746280 -0.574199 3.585757
vertex 1.738035 -0.528656 3.582586
endloop
endfacet
facet normal -0.127558 0.0424413 0.990923
outer loop
vertex 1.738035 -0.528656 3.582586
vertex 1.467944 -0.510479 3.547039
vertex 1.474576 -0.580404 3.550888
endloop
endfacet
facet normal -0.127632 0.0413991 0.990957
outer loop
vertex 1.467944 -0.510479 3.547039
vertex 1.738035 -0.528656 3.582586
vertex 1.732830 -0.481761 3.579956
endloop
endfacet
facet normal -0.127245 0.0375934 0.991159
outer loop
vertex 1.732830 -0.481761 3.579956
vertex 1.466939 -0.437212 3.544131
vertex 1.467944 -0.510479 3.547039
endloop
endfacet
facet normal -0.12736 0.0369176 0.991169
outer loop
vertex 1.466939 -0.437212 3.544131
vertex 1.732830 -0.481761 3.579956
vertex 1.730665 -0.433513 3.577881
endloop
endfacet
facet normal -0.127317 0.0323947 0.991333
outer loop
vertex 1.730665 -0.433513 3.577881
vertex 1.471559 -0.360605 3.542221
vertex 1.466939 -0.437212 3.544131
endloop
endfacet
facet normal -0.127324 0.0323688 0.991333
outer loop
vertex 1.471559 -0.360605 3.542221
vertex 1.730665 -0.433513 3.577881
vertex 1.731541 -0.383913 3.576374
endloop
endfacet
facet normal -0.127749 0.0277586 0.991418
outer loop
vertex 1.471559 -0.360605 3.542221
vertex 1.731541 -0.383913 3.576374
vertex 1.735457 -0.332961 3.575452
endloop
endfacet
facet normal -0.127656 0.0268269 0.991456
outer loop
vertex 1.735457 -0.332961 3.575452
vertex 1.481805 -0.280656 3.541377
vertex 1.471559 -0.360605 3.542221
endloop
endfacet
facet normal -0.128425 0.0230961 0.99145
outer loop
vertex 1.481805 -0.280656 3.541377
vertex 1.735457 -0.332961 3.575452
vertex 1.742414 -0.280656 3.575135
endloop
endfacet
facet normal -0.128431 0.0209881 0.991496
outer loop
vertex 1.742414 -0.280656 3.575135
vertex 1.497356 -0.199375 3.541671
vertex 1.481805 -0.280656 3.541377
endloop
endfacet
facet normal -0.129284 0.0183899 0.991437
outer loop
vertex 1.497356 -0.199375 3.541671
vertex 1.742414 -0.280656 3.575135
vertex 1.752338 -0.227456 3.575442
endloop
endfacet
facet normal -0.129631 0.0152499 0.991445
outer loop
vertex 1.752338 -0.227456 3.575442
vertex 1.517431 -0.121634 3.543100
vertex 1.497356 -0.199375 3.541671
endloop
endfacet
facet normal -0.130321 0.0136985 0.991377
outer loop
vertex 1.517431 -0.121634 3.543100
vertex 1.752338 -0.227456 3.575442
vertex 1.764851 -0.175728 3.576372
endloop
endfacet
facet normal -0.131159 0.00982247 0.991313
outer loop
vertex 1.764851 -0.175728 3.576372
vertex 1.542032 -0.047432 3.545620
vertex 1.517431 -0.121634 3.543100
endloop
endfacet
facet normal -0.131565 0.00910714 0.991266
outer loop
vertex 1.542032 -0.047432 3.545620
vertex 1.764851 -0.175728 3.576372
vertex 1.779952 -0.125472 3.577914
endloop
endfacet
facet normal -0.132992 0.00468911 0.991106
outer loop
vertex 1.779952 -0.125472 3.577914
vertex 1.571157 0.023229 3.549194
vertex 1.542032 -0.047432 3.545620
endloop
endfacet
facet normal -0.149509 0.0753649 0.985884
outer loop
vertex 1.819095 -1.055323 3.627684
vertex 1.877659 -1.075370 3.638098
vertex 1.933139 -0.835763 3.628195
endloop
endfacet
facet normal -0.146889 0.0740028 0.986381
outer loop
vertex 1.819095 -1.055323 3.627684
vertex 1.933139 -0.835763 3.628195
vertex 1.897503 -0.815358 3.621357
endloop
endfacet
facet normal -0.159915 0.0775731 0.984078
outer loop
vertex 2.006366 -1.098281 3.660182
vertex 2.062536 -0.869771 3.651297
vertex 2.015656 -0.862969 3.643142
endloop
endfacet
facet normal -0.16649 0.0780869 0.982946
outer loop
vertex 2.148464 -1.098281 3.683900
vertex 2.113166 -0.872038 3.659949
vertex 2.076509 -1.101145 3.671940
endloop
endfacet
facet normal -0.16927 0.077607 0.98251
outer loop
vertex 2.113166 -0.872038 3.659949
vertex 2.148464 -1.098281 3.683900
vertex 2.165416 -0.869771 3.668771
endloop
endfacet
facet normal -0.170395 -0.0323448 0.984845
outer loop
vertex 2.132884 0.519786 3.643616
vertex 2.156124 0.295870 3.640283
vertex 2.202900 0.307305 3.648751
endloop
endfacet
facet normal -0.173139 -0.0332612 0.984336
outer loop
vertex 2.132884 0.519786 3.643616
vertex 2.202900 0.307305 3.648751
vertex 2.199889 0.534105 3.655885
endloop
endfacet
facet normal -0.161727 0.0780055 0.983748
outer loop
vertex 2.076509 -1.101145 3.671940
vertex 2.062536 -0.869771 3.651297
vertex 2.006366 -1.098281 3.660182
endloop
endfacet
facet normal -0.164549 0.0777947 0.983296
outer loop
vertex 2.062536 -0.869771 3.651297
vertex 2.076509 -1.101145 3.671940
vertex 2.113166 -0.872038 3.659949
endloop
endfacet
facet normal -0.161873 -0.0291807 0.98638
outer loop
vertex 2.111639 0.279860 3.632285
vertex 2.004953 0.473964 3.620520
vertex 2.069445 0.259276 3.624752
endloop
endfacet
facet normal -0.164545 -0.0306788 0.985892
outer loop
vertex 2.111639 0.279860 3.632285
vertex 2.067905 0.499739 3.631828
vertex 2.004953 0.473964 3.620520
endloop
endfacet
facet normal -0.166044 -0.0309775 0.985632
outer loop
vertex 2.067905 0.499739 3.631828
vertex 2.111639 0.279860 3.632285
vertex 2.156124 0.295870 3.640283
endloop
endfacet
facet normal -0.168777 -0.0321812 0.985129
outer loop
vertex 2.067905 0.499739 3.631828
vertex 2.156124 0.295870 3.640283
vertex 2.132884 0.519786 3.643616
endloop
endfacet
facet normal -0.157264 0.0774997 0.984511
outer loop
vertex 1.940082 -1.089689 3.648917
vertex 2.006366 -1.098281 3.660182
vertex 2.015656 -0.862969 3.643142
endloop
endfacet
facet normal -0.15542 0.0768939 0.984851
outer loop
vertex 1.940082 -1.089689 3.648917
vertex 2.015656 -0.862969 3.643142
vertex 1.972523 -0.851633 3.635450
endloop
endfacet
facet normal -0.153192 0.0766112 0.985222
outer loop
vertex 1.972523 -0.851633 3.635450
vertex 1.877659 -1.075370 3.638098
vertex 1.940082 -1.089689 3.648917
endloop
endfacet
facet normal -0.151066 0.0757145 0.98562
outer loop
vertex 1.972523 -0.851633 3.635450
vertex 1.933139 -0.835763 3.628195
vertex 1.877659 -1.075370 3.638098
endloop
endfacet
facet normal -0.150801 -0.0216308 0.988328
outer loop
vertex 1.992001 0.205202 3.611107
vertex 1.830697 0.364582 3.589983
vertex 1.956893 0.173341 3.605052
endloop
endfacet
facet normal -0.152721 -0.02362 0.987987
outer loop
vertex 1.992001 0.205202 3.611107
vertex 1.885739 0.405809 3.599477
vertex 1.830697 0.364582 3.589983
endloop
endfacet
facet normal -0.154202 -0.0244186 0.987738
outer loop
vertex 1.885739 0.405809 3.599477
vertex 1.992001 0.205202 3.611107
vertex 2.029542 0.234118 3.617682
endloop
endfacet
facet normal -0.156485 -0.026374 0.987328
outer loop
vertex 2.029542 0.234118 3.617682
vertex 1.944028 0.442462 3.609694
vertex 1.885739 0.405809 3.599477
endloop
endfacet
facet normal -0.15789 -0.0269601 0.987089
outer loop
vertex 1.944028 0.442462 3.609694
vertex 2.029542 0.234118 3.617682
vertex 2.069445 0.259276 3.624752
endloop
endfacet
facet normal -0.160444 -0.0287466 0.986626
outer loop
vertex 1.944028 0.442462 3.609694
vertex 2.069445 0.259276 3.624752
vertex 2.004953 0.473964 3.620520
endloop
endfacet
facet normal -0.146192 0.0737782 0.986501
outer loop
vertex 1.764391 -1.029549 3.617650
vertex 1.819095 -1.055323 3.627684
vertex 1.897503 -0.815358 3.621357
endloop
endfacet
facet normal -0.143188 0.0719016 0.98708
outer loop
vertex 1.897503 -0.815358 3.621357
vertex 1.713547 -0.998047 3.607980
vertex 1.764391 -1.029549 3.617650
endloop
endfacet
facet normal -0.142972 0.0716809 0.987128
outer loop
vertex 1.713547 -0.998047 3.607980
vertex 1.897503 -0.815358 3.621357
vertex 1.865616 -0.790419 3.614928
endloop
endfacet
facet normal -0.140399 0.0697795 0.987633
outer loop
vertex 1.865616 -0.790419 3.614928
vertex 1.666984 -0.961413 3.598772
vertex 1.713547 -0.998047 3.607980
endloop
endfacet
facet normal -0.139611 0.0688475 0.98781
outer loop
vertex 1.666984 -0.961413 3.598772
vertex 1.865616 -0.790419 3.614928
vertex 1.837290 -0.761740 3.608926
endloop
endfacet
facet normal -0.137897 0.0673677 0.988153
outer loop
vertex 1.837290 -0.761740 3.608926
vertex 1.625124 -0.920246 3.590124
vertex 1.666984 -0.961413 3.598772
endloop
endfacet
facet normal -0.136698 0.0657299 0.98843
outer loop
vertex 1.625124 -0.920246 3.590124
vertex 1.837290 -0.761740 3.608926
vertex 1.812339 -0.730119 3.603372
endloop
endfacet
facet normal -0.135689 0.0647226 0.988635
outer loop
vertex 1.812339 -0.730119 3.603372
vertex 1.587968 -0.874544 3.582032
vertex 1.625124 -0.920246 3.590124
endloop
endfacet
facet normal -0.134149 0.0622745 0.989003
outer loop
vertex 1.812339 -0.730119 3.603372
vertex 1.790763 -0.695554 3.598269
vertex 1.587968 -0.874544 3.582032
endloop
endfacet
facet normal -0.13303 0.00463505 0.991101
outer loop
vertex 1.797642 -0.076687 3.580061
vertex 1.571157 0.023229 3.549194
vertex 1.779952 -0.125472 3.577914
endloop
endfacet
facet normal -0.134889 0.00034749 0.990861
outer loop
vertex 1.571157 0.023229 3.549194
vertex 1.797642 -0.076687 3.580061
vertex 1.817920 -0.029374 3.582805
endloop
endfacet
facet normal -0.135007 -0.000219083 0.990845
outer loop
vertex 1.817920 -0.029374 3.582805
vertex 1.604807 0.090350 3.553793
vertex 1.571157 0.023229 3.549194
endloop
endfacet
facet normal -0.136975 -0.00378903 0.990567
outer loop
vertex 1.604807 0.090350 3.553793
vertex 1.817920 -0.029374 3.582805
vertex 1.840787 0.016467 3.586142
endloop
endfacet
facet normal -0.137309 -0.00487691 0.990516
outer loop
vertex 1.840787 0.016467 3.586142
vertex 1.642982 0.153931 3.559398
vertex 1.604807 0.090350 3.553793
endloop
endfacet
facet normal -0.139297 -0.00779503 0.99022
outer loop
vertex 1.642982 0.153931 3.559398
vertex 1.840787 0.016467 3.586142
vertex 1.866164 0.060101 3.590055
endloop
endfacet
facet normal -0.139913 -0.00929284 0.99012
outer loop
vertex 1.866164 0.060101 3.590055
vertex 1.685042 0.213455 3.565901
vertex 1.642982 0.153931 3.559398
endloop
endfacet
facet normal -0.141859 -0.0116386 0.989818
outer loop
vertex 1.685042 0.213455 3.565901
vertex 1.866164 0.060101 3.590055
vertex 1.893975 0.100791 3.594520
endloop
endfacet
facet normal -0.142783 -0.0133929 0.989663
outer loop
vertex 1.893975 0.100791 3.594520
vertex 1.730348 0.268405 3.573181
vertex 1.685042 0.213455 3.565901
endloop
endfacet
facet normal -0.144627 -0.0152303 0.989369
outer loop
vertex 1.730348 0.268405 3.573181
vertex 1.893975 0.100791 3.594520
vertex 1.924218 0.138538 3.599522
endloop
endfacet
facet normal -0.145878 -0.0171417 0.989154
outer loop
vertex 1.924218 0.138538 3.599522
vertex 1.778899 0.318780 3.581214
vertex 1.730348 0.268405 3.573181
endloop
endfacet
facet normal -0.147608 -0.0185648 0.988872
outer loop
vertex 1.778899 0.318780 3.581214
vertex 1.924218 0.138538 3.599522
vertex 1.956893 0.173341 3.605052
endloop
endfacet
facet normal -0.149191 -0.0205475 0.988595
outer loop
vertex 1.778899 0.318780 3.581214
vertex 1.956893 0.173341 3.605052
vertex 1.830697 0.364582 3.589983
endloop
endfacet
facet normal -0.182303 -0.034191 0.982648
outer loop
vertex 2.268922 0.542696 3.668651
vertex 2.303325 0.316454 3.667161
vertex 2.339982 0.545560 3.681933
endloop
endfacet
facet normal -0.175815 0.076975 0.981409
outer loop
vertex 2.285934 -1.075370 3.706390
vertex 2.215249 -0.862969 3.677068
vertex 2.218272 -1.089689 3.695392
endloop
endfacet
facet normal -0.178497 0.076026 0.980999
outer loop
vertex 2.285934 -1.075370 3.706390
vertex 2.262666 -0.851633 3.684817
vertex 2.215249 -0.862969 3.677068
endloop
endfacet
facet normal -0.179534 -0.0337734 0.983172
outer loop
vertex 2.251967 0.314166 3.657704
vertex 2.303325 0.316454 3.667161
vertex 2.268922 0.542696 3.668651
endloop
endfacet
facet normal -0.188876 -0.033547 0.981428
outer loop
vertex 2.354846 0.314166 3.676745
vertex 2.402493 0.307305 3.685680
vertex 2.411020 0.542696 3.695367
endloop
endfacet
facet normal -0.180219 0.075818 0.9807
outer loop
vertex 2.351450 -1.055323 3.716880
vertex 2.262666 -0.851633 3.684817
vertex 2.285934 -1.075370 3.706390
endloop
endfacet
facet normal -0.182869 0.0746003 0.980303
outer loop
vertex 2.351450 -1.055323 3.716880
vertex 2.307665 -0.835763 3.692004
vertex 2.262666 -0.851633 3.684817
endloop
endfacet
facet normal -0.184473 0.0742494 0.980029
outer loop
vertex 2.307665 -0.835763 3.692004
vertex 2.351450 -1.055323 3.716880
vertex 2.414819 -1.029549 3.726855
endloop
endfacet
facet normal -0.187047 0.0727587 0.979653
outer loop
vertex 2.307665 -0.835763 3.692004
vertex 2.414819 -1.029549 3.726855
vertex 2.350248 -0.815358 3.698619
endloop
endfacet
facet normal -0.184226 -0.0338609 0.9823
outer loop
vertex 2.354846 0.314166 3.676745
vertex 2.339982 0.545560 3.681933
vertex 2.303325 0.316454 3.667161
endloop
endfacet
facet normal -0.187028 -0.0340289 0.981765
outer loop
vertex 2.339982 0.545560 3.681933
vertex 2.354846 0.314166 3.676745
vertex 2.411020 0.542696 3.695367
endloop
endfacet
facet normal -0.201845 -0.0297275 0.978966
outer loop
vertex 2.486165 0.279860 3.701466
vertex 2.522189 0.259276 3.708268
vertex 2.600260 0.499739 3.731667
endloop
endfacet
facet normal -0.199263 -0.031134 0.979451
outer loop
vertex 2.541159 0.519786 3.720280
vertex 2.486165 0.279860 3.701466
vertex 2.600260 0.499739 3.731667
endloop
endfacet
facet normal -0.188573 0.0722647 0.979397
outer loop
vertex 2.350248 -0.815358 3.698619
vertex 2.414819 -1.029549 3.726855
vertex 2.476043 -0.998047 3.736319
endloop
endfacet
facet normal -0.191023 0.0705066 0.97905
outer loop
vertex 2.390414 -0.790419 3.704659
vertex 2.350248 -0.815358 3.698619
vertex 2.476043 -0.998047 3.736319
endloop
endfacet
facet normal -0.19252 0.0698515 0.978804
outer loop
vertex 2.390414 -0.790419 3.704659
vertex 2.476043 -0.998047 3.736319
vertex 2.534527 -0.961413 3.745208
endloop
endfacet
facet normal -0.194696 0.0679468 0.978507
outer loop
vertex 2.428135 -0.761740 3.710174
vertex 2.390414 -0.790419 3.704659
vertex 2.534527 -0.961413 3.745208
endloop
endfacet
facet normal -0.196254 0.0670729 0.978256
outer loop
vertex 2.428135 -0.761740 3.710174
vertex 2.534527 -0.961413 3.745208
vertex 2.589680 -0.920246 3.753450
endloop
endfacet
facet normal -0.198065 0.0651627 0.978021
outer loop
vertex 2.463384 -0.730119 3.715205
vertex 2.428135 -0.761740 3.710174
vertex 2.589680 -0.920246 3.753450
endloop
endfacet
facet normal -0.197698 -0.0315165 0.979756
outer loop
vertex 2.446266 0.295870 3.693930
vertex 2.486165 0.279860 3.701466
vertex 2.541159 0.519786 3.720280
endloop
endfacet
facet normal -0.195588 -0.0324573 0.980149
outer loop
vertex 2.446266 0.295870 3.693930
vertex 2.541159 0.519786 3.720280
vertex 2.478079 0.534105 3.708167
endloop
endfacet
facet normal -0.19337 -0.0327791 0.980578
outer loop
vertex 2.478079 0.534105 3.708167
vertex 2.402493 0.307305 3.685680
vertex 2.446266 0.295870 3.693930
endloop
endfacet
facet normal -0.191517 -0.0334304 0.98092
outer loop
vertex 2.478079 0.534105 3.708167
vertex 2.411020 0.542696 3.695367
vertex 2.402493 0.307305 3.685680
endloop
endfacet
facet normal -0.215588 0.0391131 0.975701
outer loop
vertex 2.640290 -0.433513 3.737612
vertex 2.848262 -0.580404 3.789453
vertex 2.877130 -0.510479 3.793028
endloop
endfacet
facet normal -0.216933 0.0348732 0.975563
outer loop
vertex 2.655287 -0.383913 3.739173
vertex 2.640290 -0.433513 3.737612
vertex 2.877130 -0.510479 3.793028
endloop
endfacet
facet normal -0.217351 0.0341121 0.975497
outer loop
vertex 2.655287 -0.383913 3.739173
vertex 2.877130 -0.510479 3.793028
vertex 2.901481 -0.437212 3.795892
endloop
endfacet
facet normal -0.218139 0.0304161 0.975443
outer loop
vertex 2.667675 -0.332961 3.740355
vertex 2.655287 -0.383913 3.739173
vertex 2.901481 -0.437212 3.795892
endloop
endfacet
facet normal -0.218816 0.0288429 0.97534
outer loop
vertex 2.667675 -0.332961 3.740355
vertex 2.901481 -0.437212 3.795892
vertex 2.921316 -0.360605 3.798076
endloop
endfacet
facet normal -0.219144 0.0258555 0.97535
outer loop
vertex 2.677456 -0.280656 3.741166
vertex 2.667675 -0.332961 3.740355
vertex 2.921316 -0.360605 3.798076
endloop
endfacet
facet normal -0.219956 0.0232931 0.975232
outer loop
vertex 2.677456 -0.280656 3.741166
vertex 2.921316 -0.360605 3.798076
vertex 2.936633 -0.280656 3.799622
endloop
endfacet
facet normal -0.219966 0.0212439 0.975276
outer loop
vertex 2.684489 -0.227874 3.741603
vertex 2.677456 -0.280656 3.741166
vertex 2.936633 -0.280656 3.799622
endloop
endfacet
facet normal -0.220719 0.0175443 0.97518
outer loop
vertex 2.684489 -0.227874 3.741603
vertex 2.936633 -0.280656 3.799622
vertex 2.947113 -0.199375 3.800531
endloop
endfacet
facet normal -0.220627 0.0166268 0.975217
outer loop
vertex 2.688482 -0.176444 3.741629
vertex 2.684489 -0.227874 3.741603
vertex 2.947113 -0.199375 3.800531
endloop
endfacet
facet normal -0.221027 0.0120587 0.975193
outer loop
vertex 2.689434 -0.126367 3.741226
vertex 2.688482 -0.176444 3.741629
vertex 2.947113 -0.199375 3.800531
endloop
endfacet
facet normal -0.221057 0.0119474 0.975188
outer loop
vertex 2.689434 -0.126367 3.741226
vertex 2.947113 -0.199375 3.800531
vertex 2.951974 -0.121634 3.800681
endloop
endfacet
facet normal -0.220991 0.00755033 0.975246
outer loop
vertex 2.687346 -0.077642 3.740375
vertex 2.689434 -0.126367 3.741226
vertex 2.951974 -0.121634 3.800681
endloop
endfacet
facet normal -0.221123 0.00672698 0.975223
outer loop
vertex 2.951217 -0.047432 3.799997
vertex 2.687346 -0.077642 3.740375
vertex 2.951974 -0.121634 3.800681
endloop
endfacet
facet normal -0.220732 0.00310693 0.975329
outer loop
vertex 2.682218 -0.030269 3.739064
vertex 2.687346 -0.077642 3.740375
vertex 2.951217 -0.047432 3.799997
endloop
endfacet
facet normal -0.220808 0.00186862 0.975315
outer loop
vertex 2.944843 0.023229 3.798419
vertex 2.682218 -0.030269 3.739064
vertex 2.951217 -0.047432 3.799997
endloop
endfacet
facet normal -0.220202 -0.00125888 0.975453
outer loop
vertex 2.674048 0.015751 3.737279
vertex 2.682218 -0.030269 3.739064
vertex 2.944843 0.023229 3.798419
endloop
endfacet
facet normal -0.220166 -0.00263237 0.975459
outer loop
vertex 2.932851 0.090350 3.795893
vertex 2.674048 0.015751 3.737279
vertex 2.944843 0.023229 3.798419
endloop
endfacet
facet normal -0.219349 -0.00559985 0.97563
outer loop
vertex 2.662649 0.059603 3.734968
vertex 2.674048 0.015751 3.737279
vertex 2.932851 0.090350 3.795893
endloop
endfacet
facet normal -0.219217 -0.0068017 0.975652
outer loop
vertex 2.915240 0.153931 3.792380
vertex 2.662649 0.059603 3.734968
vertex 2.932851 0.090350 3.795893
endloop
endfacet
facet normal -0.218121 -0.00987189 0.975872
outer loop
vertex 2.647828 0.100473 3.732069
vertex 2.662649 0.059603 3.734968
vertex 2.915240 0.153931 3.792380
endloop
endfacet
facet normal -0.217966 -0.0106766 0.975898
outer loop
vertex 2.892427 0.213455 3.787935
vertex 2.647828 0.100473 3.732069
vertex 2.915240 0.153931 3.792380
endloop
endfacet
facet normal -0.216512 -0.0139639 0.97618
outer loop
vertex 2.629587 0.138359 3.728565
vertex 2.647828 0.100473 3.732069
vertex 2.892427 0.213455 3.787935
endloop
endfacet
facet normal -0.216445 -0.0142056 0.976191
outer loop
vertex 2.864824 0.268405 3.782615
vertex 2.629587 0.138359 3.728565
vertex 2.892427 0.213455 3.787935
endloop
endfacet
facet normal -0.214751 -0.0174042 0.976514
outer loop
vertex 2.832433 0.318780 3.776389
vertex 2.629587 0.138359 3.728565
vertex 2.864824 0.268405 3.782615
endloop
endfacet
facet normal -0.199745 0.0639935 0.977756
outer loop
vertex 2.463384 -0.730119 3.715205
vertex 2.589680 -0.920246 3.753450
vertex 2.641501 -0.874544 3.761045
endloop
endfacet
facet normal -0.201228 0.0621064 0.977574
outer loop
vertex 2.496161 -0.695554 3.719756
vertex 2.463384 -0.730119 3.715205
vertex 2.641501 -0.874544 3.761045
endloop
endfacet
facet normal -0.203006 0.0605997 0.977301
outer loop
vertex 2.496161 -0.695554 3.719756
vertex 2.641501 -0.874544 3.761045
vertex 2.689990 -0.824307 3.768002
endloop
endfacet
facet normal -0.204172 0.0587942 0.977168
outer loop
vertex 2.526465 -0.658046 3.723831
vertex 2.496161 -0.695554 3.719756
vertex 2.689990 -0.824307 3.768002
endloop
endfacet
facet normal -0.206039 0.0568845 0.976889
outer loop
vertex 2.526465 -0.658046 3.723831
vertex 2.689990 -0.824307 3.768002
vertex 2.735148 -0.769536 3.774337
endloop
endfacet
facet normal -0.206901 0.0552301 0.976802
outer loop
vertex 2.554297 -0.617594 3.727439
vertex 2.526465 -0.658046 3.723831
vertex 2.735148 -0.769536 3.774337
endloop
endfacet
facet normal -0.208845 0.0528303 0.976521
outer loop
vertex 2.554297 -0.617594 3.727439
vertex 2.735148 -0.769536 3.774337
vertex 2.776974 -0.710231 3.780074
endloop
endfacet
facet normal -0.209413 0.0514378 0.976473
outer loop
vertex 2.579656 -0.574199 3.730592
vertex 2.554297 -0.617594 3.727439
vertex 2.776974 -0.710231 3.780074
endloop
endfacet
facet normal -0.211383 0.0484806 0.9762
outer loop
vertex 2.579656 -0.574199 3.730592
vertex 2.776974 -0.710231 3.780074
vertex 2.814877 -0.646988 3.785141
endloop
endfacet
facet normal -0.211686 0.0474893 0.976183
outer loop
vertex 2.602475 -0.528656 3.733325
vertex 2.579656 -0.574199 3.730592
vertex 2.814877 -0.646988 3.785141
endloop
endfacet
facet normal -0.213622 0.0439037 0.975929
outer loop
vertex 2.602475 -0.528656 3.733325
vertex 2.814877 -0.646988 3.785141
vertex 2.848262 -0.580404 3.789453
endloop
endfacet
facet normal -0.213721 0.0434327 0.975929
outer loop
vertex 2.622687 -0.481761 3.735664
vertex 2.602475 -0.528656 3.733325
vertex 2.848262 -0.580404 3.789453
endloop
endfacet
facet normal -0.215506 0.0392336 0.975714
outer loop
vertex 2.640290 -0.433513 3.737612
vertex 2.622687 -0.481761 3.735664
vertex 2.848262 -0.580404 3.789453
endloop
endfacet
facet normal -0.214434 -0.0177773 0.976577
outer loop
vertex 2.607925 0.173262 3.724444
vertex 2.629587 0.138359 3.728565
vertex 2.832433 0.318780 3.776389
endloop
endfacet
facet normal -0.212855 -0.0203196 0.976873
outer loop
vertex 2.795252 0.364582 3.769241
vertex 2.607925 0.173262 3.724444
vertex 2.832433 0.318780 3.776389
endloop
endfacet
facet normal -0.211922 -0.021276 0.977055
outer loop
vertex 2.582843 0.205182 3.719698
vertex 2.607925 0.173262 3.724444
vertex 2.795252 0.364582 3.769241
endloop
endfacet
facet normal -0.210701 -0.022972 0.97728
outer loop
vertex 2.753283 0.405809 3.761161
vertex 2.582843 0.205182 3.719698
vertex 2.795252 0.364582 3.769241
endloop
endfacet
facet normal -0.209056 -0.0244351 0.977598
outer loop
vertex 2.554340 0.234118 3.714326
vertex 2.582843 0.205182 3.719698
vertex 2.753283 0.405809 3.761161
endloop
endfacet
facet normal -0.208255 -0.025404 0.977745
outer loop
vertex 2.706524 0.442462 3.752154
vertex 2.554340 0.234118 3.714326
vertex 2.753283 0.405809 3.761161
endloop
endfacet
facet normal -0.205724 -0.0273401 0.978228
outer loop
vertex 2.522189 0.259276 3.708268
vertex 2.554340 0.234118 3.714326
vertex 2.706524 0.442462 3.752154
endloop
endfacet
facet normal -0.205519 -0.027556 0.978265
outer loop
vertex 2.655381 0.473964 3.742297
vertex 2.522189 0.259276 3.708268
vertex 2.706524 0.442462 3.752154
endloop
endfacet
facet normal -0.202556 -0.0294832 0.978827
outer loop
vertex 2.600260 0.499739 3.731667
vertex 2.522189 0.259276 3.708268
vertex 2.655381 0.473964 3.742297
endloop
endfacet
facet normal -0.171245 0.0777303 0.982157
outer loop
vertex 2.218272 -1.089689 3.695392
vertex 2.165416 -0.869771 3.668771
vertex 2.148464 -1.098281 3.683900
endloop
endfacet
facet normal -0.173963 0.077026 0.981735
outer loop
vertex 2.165416 -0.869771 3.668771
vertex 2.218272 -1.089689 3.695392
vertex 2.215249 -0.862969 3.677068
endloop
endfacet
facet normal -0.174894 -0.0332748 0.984025
outer loop
vertex 2.251967 0.314166 3.657704
vertex 2.199889 0.534105 3.655885
vertex 2.202900 0.307305 3.648751
endloop
endfacet
facet normal -0.177643 -0.0339299 0.98351
outer loop
vertex 2.199889 0.534105 3.655885
vertex 2.251967 0.314166 3.657704
vertex 2.268922 0.542696 3.668651
endloop
endfacet
facet normal -0.0658035 0.0604991 0.995997
outer loop
vertex 0.954588 -0.745492 3.508936
vertex 0.696656 -0.713095 3.489927
vertex 0.690182 -0.769099 3.492901
endloop
endfacet
facet normal -0.0805374 0.0766862 0.993797
outer loop
vertex 1.002170 -1.076802 3.536932
vertex 1.017930 -1.076623 3.538195
vertex 1.019646 -0.844275 3.520405
endloop
endfacet
facet normal -0.0781249 0.0765194 0.994003
outer loop
vertex 0.943663 -1.074177 3.532131
vertex 1.002170 -1.076802 3.536932
vertex 1.019646 -0.844275 3.520405
endloop
endfacet
facet normal -0.0777037 0.0763824 0.994046
outer loop
vertex 0.943663 -1.074177 3.532131
vertex 1.019646 -0.844275 3.520405
vertex 1.000967 -0.838209 3.518479
endloop
endfacet
facet normal -0.0747785 0.0756881 0.994324
outer loop
vertex 1.000967 -0.838209 3.518479
vertex 0.891286 -1.066301 3.527592
vertex 0.943663 -1.074177 3.532131
endloop
endfacet
facet normal -0.0744247 0.0755195 0.994363
outer loop
vertex 0.891286 -1.066301 3.527592
vertex 1.000967 -0.838209 3.518479
vertex 0.985700 -0.829717 3.516691
endloop
endfacet
facet normal -0.0722241 0.0746518 0.994591
outer loop
vertex 0.985700 -0.829717 3.516691
vertex 0.845039 -1.053175 3.523249
vertex 0.891286 -1.066301 3.527592
endloop
endfacet
facet normal -0.0709633 0.0738626 0.99474
outer loop
vertex 0.845039 -1.053175 3.523249
vertex 0.985700 -0.829717 3.516691
vertex 0.973844 -0.818798 3.515034
endloop
endfacet
facet normal -0.0704587 0.0735873 0.994797
outer loop
vertex 0.973844 -0.818798 3.515034
vertex 0.804922 -1.034799 3.519048
vertex 0.845039 -1.053175 3.523249
endloop
endfacet
facet normal -0.0693076 0.0726898 0.994943
outer loop
vertex 0.973844 -0.818798 3.515034
vertex 0.770935 -1.011172 3.514955
vertex 0.804922 -1.034799 3.519048
endloop
endfacet
facet normal -0.0685798 0.071922 0.99505
outer loop
vertex 0.973844 -0.818798 3.515034
vertex 0.743079 -0.982295 3.510947
vertex 0.770935 -1.011172 3.514955
endloop
endfacet
facet normal -0.0679679 0.0710558 0.995154
outer loop
vertex 0.973844 -0.818798 3.515034
vertex 0.721130 -0.948566 3.507040
vertex 0.743079 -0.982295 3.510947
endloop
endfacet
facet normal -0.0679426 0.0710063 0.995159
outer loop
vertex 0.721130 -0.948566 3.507040
vertex 0.973844 -0.818798 3.515034
vertex 0.965399 -0.805454 3.513506
endloop
endfacet
facet normal -0.0673217 0.0699411 0.995277
outer loop
vertex 0.965399 -0.805454 3.513506
vertex 0.704866 -0.910381 3.503257
vertex 0.721130 -0.948566 3.507040
endloop
endfacet
facet normal -0.0667215 0.0684369 0.995422
outer loop
vertex 0.965399 -0.805454 3.513506
vertex 0.694286 -0.867742 3.499616
vertex 0.704866 -0.910381 3.503257
endloop
endfacet
facet normal -0.0664906 0.0674128 0.995507
outer loop
vertex 0.694286 -0.867742 3.499616
vertex 0.965399 -0.805454 3.513506
vertex 0.959704 -0.789086 3.512017
endloop
endfacet
facet normal -0.0661963 0.0664057 0.995595
outer loop
vertex 0.959704 -0.789086 3.512017
vertex 0.689392 -0.820648 3.496149
vertex 0.694286 -0.867742 3.499616
endloop
endfacet
facet normal -0.065956 0.0642692 0.995751
outer loop
vertex 0.689392 -0.820648 3.496149
vertex 0.959704 -0.789086 3.512017
vertex 0.956101 -0.769099 3.510488
endloop
endfacet
facet normal -0.0658598 0.0637607 0.99579
outer loop
vertex 0.956101 -0.769099 3.510488
vertex 0.690182 -0.769099 3.492901
vertex 0.689392 -0.820648 3.496149
endloop
endfacet
facet normal -0.0658701 0.0612799 0.995945
outer loop
vertex 0.956101 -0.769099 3.510488
vertex 0.954588 -0.745492 3.508936
vertex 0.690182 -0.769099 3.492901
endloop
endfacet
facet normal -0.0660811 0.0583531 0.996107
outer loop
vertex 0.955165 -0.718266 3.507379
vertex 0.696656 -0.713095 3.489927
vertex 0.954588 -0.745492 3.508936
endloop
endfacet
facet normal -0.0661522 0.0553597 0.996273
outer loop
vertex 0.696656 -0.713095 3.489927
vertex 0.955165 -0.718266 3.507379
vertex 0.957833 -0.687420 3.505842
endloop
endfacet
facet normal -0.0658475 0.0521397 0.996467
outer loop
vertex 0.696656 -0.713095 3.489927
vertex 0.957833 -0.687420 3.505842
vertex 0.962592 -0.652955 3.504353
endloop
endfacet
facet normal -0.0503485 -0.0169047 0.998589
outer loop
vertex 0.696656 -0.713095 3.489927
vertex 0.962592 -0.652955 3.504353
vertex 0.981436 1.066778 3.534416
endloop
endfacet
facet normal -0.0826422 0.0767949 0.993616
outer loop
vertex 1.049502 -1.075191 3.540694
vertex 1.041736 -0.847914 3.522482
vertex 1.033707 -1.076086 3.539449
endloop
endfacet
facet normal -0.0836956 0.0767521 0.993531
outer loop
vertex 1.065315 -1.073938 3.541929
vertex 1.041736 -0.847914 3.522482
vertex 1.049502 -1.075191 3.540694
endloop
endfacet
facet normal -0.0837485 0.0767462 0.993527
outer loop
vertex 1.041736 -0.847914 3.522482
vertex 1.065315 -1.073938 3.541929
vertex 1.067236 -0.849127 3.524725
endloop
endfacet
facet normal -0.086925 0.0765923 0.993266
outer loop
vertex 1.112479 -1.068151 3.545557
vertex 1.091073 -0.848809 3.526770
vertex 1.096992 -1.070358 3.544372
endloop
endfacet
facet normal -0.0878279 0.076498 0.993194
outer loop
vertex 1.091073 -0.848809 3.526770
vertex 1.112479 -1.068151 3.545557
vertex 1.101538 -0.848411 3.527665
endloop
endfacet
facet normal -0.0847632 0.0767483 0.993441
outer loop
vertex 1.081144 -1.072327 3.543155
vertex 1.067236 -0.849127 3.524725
vertex 1.065315 -1.073938 3.541929
endloop
endfacet
facet normal -0.085733 0.0766814 0.993363
outer loop
vertex 1.081144 -1.072327 3.543155
vertex 1.079639 -0.849048 3.525789
vertex 1.067236 -0.849127 3.524725
endloop
endfacet
facet normal -0.0858197 0.0766803 0.993356
outer loop
vertex 1.079639 -0.849048 3.525789
vertex 1.081144 -1.072327 3.543155
vertex 1.096992 -1.070358 3.544372
endloop
endfacet
facet normal -0.0868072 0.0765962 0.993276
outer loop
vertex 1.079639 -0.849048 3.525789
vertex 1.096992 -1.070358 3.544372
vertex 1.091073 -0.848809 3.526770
endloop
endfacet
facet normal -0.0940423 0.0755481 0.992698
outer loop
vertex 1.178869 -1.055323 3.550574
vertex 1.161155 -0.840496 3.532547
vertex 1.154561 -0.841808 3.532022
endloop
endfacet
facet normal -0.0947025 0.0754888 0.992639
outer loop
vertex 1.161155 -0.840496 3.532547
vertex 1.178869 -1.055323 3.550574
vertex 1.167642 -0.839104 3.533060
endloop
endfacet
facet normal -0.0907997 0.076104 0.992957
outer loop
vertex 1.127119 -0.846263 3.529809
vertex 1.154523 -1.060812 3.548759
vertex 1.167064 -1.058127 3.549700
endloop
endfacet
facet normal -0.0913887 0.0759887 0.992912
outer loop
vertex 1.167064 -1.058127 3.549700
vertex 1.134140 -0.845269 3.530379
vertex 1.127119 -0.846263 3.529809
endloop
endfacet
facet normal -0.0915996 0.0759546 0.992895
outer loop
vertex 1.134140 -0.845269 3.530379
vertex 1.167064 -1.058127 3.549700
vertex 1.178869 -1.055323 3.550574
endloop
endfacet
facet normal -0.0920711 0.0758508 0.992859
outer loop
vertex 1.178869 -1.055323 3.550574
vertex 1.141053 -0.844195 3.530938
vertex 1.134140 -0.845269 3.530379
endloop
endfacet
facet normal -0.0927388 0.0757263 0.992807
outer loop
vertex 1.178869 -1.055323 3.550574
vertex 1.147861 -0.843041 3.531486
vertex 1.141053 -0.844195 3.530938
endloop
endfacet
facet normal -0.0933621 0.0756306 0.992755
outer loop
vertex 1.147861 -0.843041 3.531486
vertex 1.178869 -1.055323 3.550574
vertex 1.154561 -0.841808 3.532022
endloop
endfacet
facet normal -0.0879933 0.0764886 0.99318
outer loop
vertex 1.127231 -1.065824 3.546685
vertex 1.101538 -0.848411 3.527665
vertex 1.112479 -1.068151 3.545557
endloop
endfacet
facet normal -0.088783 0.0763898 0.993117
outer loop
vertex 1.127231 -1.065824 3.546685
vertex 1.111034 -0.847854 3.528471
vertex 1.101538 -0.848411 3.527665
endloop
endfacet
facet normal -0.0890191 0.0763706 0.993098
outer loop
vertex 1.111034 -0.847854 3.528471
vertex 1.127231 -1.065824 3.546685
vertex 1.141245 -1.063378 3.547753
endloop
endfacet
facet normal -0.0897015 0.0762702 0.993044
outer loop
vertex 1.141245 -1.063378 3.547753
vertex 1.119561 -0.847138 3.529186
vertex 1.111034 -0.847854 3.528471
endloop
endfacet
facet normal -0.0899428 0.0762442 0.993024
outer loop
vertex 1.119561 -0.847138 3.529186
vertex 1.141245 -1.063378 3.547753
vertex 1.154523 -1.060812 3.548759
endloop
endfacet
facet normal -0.0906301 0.0761269 0.992971
outer loop
vertex 1.119561 -0.847138 3.529186
vertex 1.154523 -1.060812 3.548759
vertex 1.127119 -0.846263 3.529809
endloop
endfacet
facet normal -0.0815994 0.0767648 0.993705
outer loop
vertex 1.017930 -1.076623 3.538195
vertex 1.033707 -1.076086 3.539449
vertex 1.041736 -0.847914 3.522482
endloop
endfacet
facet normal -0.0807996 0.0766865 0.993776
outer loop
vertex 1.041736 -0.847914 3.522482
vertex 1.019646 -0.844275 3.520405
vertex 1.017930 -1.076623 3.538195
endloop
endfacet
facet normal -0.0887902 -0.0164367 0.995915
outer loop
vertex 1.237749 1.066778 3.557267
vertex 0.981436 1.066778 3.534416
vertex 0.962592 -0.652955 3.504353
endloop
endfacet
facet normal 0.0681379 0.0622169 0.995734
outer loop
vertex -0.743731 -0.695554 3.491658
vertex -0.978979 -0.824307 3.515801
vertex -0.946526 -0.874544 3.516719
endloop
endfacet
facet normal 0.0699339 0.0589492 0.995808
outer loop
vertex -0.743731 -0.695554 3.491658
vertex -1.006730 -0.769536 3.514508
vertex -0.978979 -0.824307 3.515801
endloop
endfacet
facet normal 0.0699568 0.058869 0.995811
outer loop
vertex -1.006730 -0.769536 3.514508
vertex -0.743731 -0.695554 3.491658
vertex -0.761933 -0.658046 3.490720
endloop
endfacet
facet normal 0.0715677 0.0553506 0.995899
outer loop
vertex -0.761933 -0.658046 3.490720
vertex -1.029778 -0.710231 3.512868
vertex -1.006730 -0.769536 3.514508
endloop
endfacet
facet normal 0.0716865 0.0547514 0.995923
outer loop
vertex -1.029778 -0.710231 3.512868
vertex -0.761933 -0.658046 3.490720
vertex -0.776760 -0.617594 3.489563
endloop
endfacet
facet normal 0.0729135 0.0514223 0.996012
outer loop
vertex -0.776760 -0.617594 3.489563
vertex -1.047661 -0.646988 3.510912
vertex -1.029778 -0.710231 3.512868
endloop
endfacet
facet normal 0.0730236 0.0504383 0.996054
outer loop
vertex -1.047661 -0.646988 3.510912
vertex -0.776760 -0.617594 3.489563
vertex -0.788213 -0.574199 3.488205
endloop
endfacet
facet normal 0.0739389 0.0472043 0.996145
outer loop
vertex -0.788213 -0.574199 3.488205
vertex -1.059918 -0.580404 3.508667
vertex -1.047661 -0.646988 3.510912
endloop
endfacet
facet normal 0.0739693 0.046044 0.996197
outer loop
vertex -1.059918 -0.580404 3.508667
vertex -0.788213 -0.574199 3.488205
vertex -0.796459 -0.528656 3.486712
endloop
endfacet
facet normal 0.0746406 0.0426688 0.996297
outer loop
vertex -0.796459 -0.528656 3.486712
vertex -1.066549 -0.510479 3.506169
vertex -1.059918 -0.580404 3.508667
endloop
endfacet
facet normal 0.0745737 0.0416232 0.996346
outer loop
vertex -1.066549 -0.510479 3.506169
vertex -0.796459 -0.528656 3.486712
vertex -0.801664 -0.481761 3.485143
endloop
endfacet
facet normal 0.0749984 0.0377944 0.996467
outer loop
vertex -0.801664 -0.481761 3.485143
vertex -1.067555 -0.437212 3.503465
vertex -1.066549 -0.510479 3.506169
endloop
endfacet
facet normal 0.0748878 0.0371204 0.996501
outer loop
vertex -1.067555 -0.437212 3.503465
vertex -0.801664 -0.481761 3.485143
vertex -0.803828 -0.433513 3.483508
endloop
endfacet
facet normal 0.0749633 0.03257 0.996654
outer loop
vertex -0.803828 -0.433513 3.483508
vertex -1.062934 -0.360605 3.500614
vertex -1.067555 -0.437212 3.503465
endloop
endfacet
facet normal 0.0749555 0.0325422 0.996656
outer loop
vertex -1.062934 -0.360605 3.500614
vertex -0.803828 -0.433513 3.483508
vertex -0.802952 -0.383913 3.481823
endloop
endfacet
facet normal 0.0745525 0.0279094 0.996826
outer loop
vertex -1.062934 -0.360605 3.500614
vertex -0.802952 -0.383913 3.481823
vertex -0.799036 -0.332961 3.480103
endloop
endfacet
facet normal 0.0746523 0.0269705 0.996845
outer loop
vertex -0.799036 -0.332961 3.480103
vertex -1.052688 -0.280656 3.497684
vertex -1.062934 -0.360605 3.500614
endloop
endfacet
facet normal 0.0738904 0.023225 0.996996
outer loop
vertex -1.052688 -0.280656 3.497684
vertex -0.799036 -0.332961 3.480103
vertex -0.792079 -0.280656 3.478369
endloop
endfacet
facet normal 0.0738939 0.0211067 0.997043
outer loop
vertex -0.792079 -0.280656 3.478369
vertex -1.037138 -0.199375 3.494811
vertex -1.052688 -0.280656 3.497684
endloop
endfacet
facet normal 0.0730348 0.0184935 0.997158
outer loop
vertex -1.037138 -0.199375 3.494811
vertex -0.792079 -0.280656 3.478369
vertex -0.782155 -0.227456 3.476656
endloop
endfacet
facet normal 0.0726932 0.0153409 0.997236
outer loop
vertex -0.782155 -0.227456 3.476656
vertex -1.017062 -0.121634 3.492151
vertex -1.037138 -0.199375 3.494811
endloop
endfacet
facet normal 0.0719941 0.0137783 0.99731
outer loop
vertex -1.017062 -0.121634 3.492151
vertex -0.782155 -0.227456 3.476656
vertex -0.769643 -0.175728 3.475038
endloop
endfacet
facet normal 0.0711498 0.00988265 0.997417
outer loop
vertex -0.769643 -0.175728 3.475038
vertex -0.992462 -0.047432 3.489661
vertex -1.017062 -0.121634 3.492151
endloop
endfacet
facet normal 0.0707418 0.00916991 0.997453
outer loop
vertex -0.992462 -0.047432 3.489661
vertex -0.769643 -0.175728 3.475038
vertex -0.754542 -0.125472 3.473505
endloop
endfacet
facet normal 0.0692908 0.00471895 0.997585
outer loop
vertex -0.754542 -0.125472 3.473505
vertex -0.963337 0.023229 3.487304
vertex -0.992462 -0.047432 3.489661
endloop
endfacet
facet normal 0.0517735 0.0761191 0.995754
outer loop
vertex -0.715399 -1.055323 3.515304
vertex -0.656835 -1.075370 3.513791
vertex -0.601354 -0.835763 3.492590
endloop
endfacet
facet normal 0.0544926 0.0747028 0.995716
outer loop
vertex -0.715399 -1.055323 3.515304
vertex -0.601354 -0.835763 3.492590
vertex -0.636990 -0.815358 3.493009
endloop
endfacet
facet normal 0.0409801 0.0785194 0.99607
outer loop
vertex -0.528128 -1.098281 3.509665
vertex -0.471957 -0.869771 3.489341
vertex -0.518838 -0.862969 3.490733
endloop
endfacet
facet normal 0.0341361 0.079146 0.996278
outer loop
vertex -0.386030 -1.098281 3.504446
vertex -0.421327 -0.872038 3.487682
vertex -0.457984 -1.101145 3.507139
endloop
endfacet
facet normal 0.0312531 0.0787058 0.996408
outer loop
vertex -0.421327 -0.872038 3.487682
vertex -0.386030 -1.098281 3.504446
vertex -0.369077 -0.869771 3.485864
endloop
endfacet
facet normal 0.0305984 -0.032809 0.998993
outer loop
vertex -0.401610 0.519786 3.467334
vertex -0.378370 0.295870 3.459268
vertex -0.331594 0.307305 3.458211
endloop
endfacet
facet normal 0.0277252 -0.033758 0.999045
outer loop
vertex -0.401610 0.519786 3.467334
vertex -0.331594 0.307305 3.458211
vertex -0.334604 0.534105 3.465958
endloop
endfacet
facet normal 0.0390941 0.0789864 0.996109
outer loop
vertex -0.457984 -1.101145 3.507139
vertex -0.471957 -0.869771 3.489341
vertex -0.528128 -1.098281 3.509665
endloop
endfacet
facet normal 0.0361578 0.0788187 0.996233
outer loop
vertex -0.471957 -0.869771 3.489341
vertex -0.457984 -1.101145 3.507139
vertex -0.421327 -0.872038 3.487682
endloop
endfacet
facet normal 0.0394894 -0.0295477 0.998783
outer loop
vertex -0.422855 0.279860 3.460330
vertex -0.529540 0.473964 3.470290
vertex -0.465048 0.259276 3.461389
endloop
endfacet
facet normal 0.0367024 -0.0310826 0.998843
outer loop
vertex -0.422855 0.279860 3.460330
vertex -0.466589 0.499739 3.468779
vertex -0.529540 0.473964 3.470290
endloop
endfacet
facet normal 0.0351384 -0.0313954 0.998889
outer loop
vertex -0.466589 0.499739 3.468779
vertex -0.422855 0.279860 3.460330
vertex -0.378370 0.295870 3.459268
endloop
endfacet
facet normal 0.0322865 -0.0326321 0.998946
outer loop
vertex -0.466589 0.499739 3.468779
vertex -0.378370 0.295870 3.459268
vertex -0.401610 0.519786 3.467334
endloop
endfacet
facet normal 0.0437297 0.0784022 0.995962
outer loop
vertex -0.594411 -1.089689 3.511899
vertex -0.528128 -1.098281 3.509665
vertex -0.518838 -0.862969 3.490733
endloop
endfacet
facet normal 0.0456496 0.0777588 0.995927
outer loop
vertex -0.594411 -1.089689 3.511899
vertex -0.518838 -0.862969 3.490733
vertex -0.561970 -0.851633 3.491825
endloop
endfacet
facet normal 0.0479516 0.0774381 0.995843
outer loop
vertex -0.561970 -0.851633 3.491825
vertex -0.656835 -1.075370 3.513791
vertex -0.594411 -1.089689 3.511899
endloop
endfacet
facet normal 0.0501642 0.0764965 0.995807
outer loop
vertex -0.561970 -0.851633 3.491825
vertex -0.601354 -0.835763 3.492590
vertex -0.656835 -1.075370 3.513791
endloop
endfacet
facet normal 0.0509852 -0.0218503 0.99846
outer loop
vertex -0.542492 0.205202 3.463515
vertex -0.703797 0.364582 3.475240
vertex -0.577600 0.173341 3.464610
endloop
endfacet
facet normal 0.0489909 -0.0238726 0.998514
outer loop
vertex -0.542492 0.205202 3.463515
vertex -0.648754 0.405809 3.473525
vertex -0.703797 0.364582 3.475240
endloop
endfacet
facet normal 0.0474587 -0.0246869 0.998568
outer loop
vertex -0.648754 0.405809 3.473525
vertex -0.542492 0.205202 3.463515
vertex -0.504951 0.234118 3.462445
endloop
endfacet
facet normal 0.0450892 -0.0266754 0.998627
outer loop
vertex -0.504951 0.234118 3.462445
vertex -0.590465 0.442462 3.471872
vertex -0.648754 0.405809 3.473525
endloop
endfacet
facet normal 0.0436311 -0.027276 0.998675
outer loop
vertex -0.590465 0.442462 3.471872
vertex -0.504951 0.234118 3.462445
vertex -0.465048 0.259276 3.461389
endloop
endfacet
facet normal 0.0409712 -0.0291006 0.998736
outer loop
vertex -0.590465 0.442462 3.471872
vertex -0.465048 0.259276 3.461389
vertex -0.529540 0.473964 3.470290
endloop
endfacet
facet normal 0.0552161 0.0744644 0.995694
outer loop
vertex -0.770103 -1.029549 3.516410
vertex -0.715399 -1.055323 3.515304
vertex -0.636990 -0.815358 3.493009
endloop
endfacet
facet normal 0.0583269 0.0725274 0.995659
outer loop
vertex -0.636990 -0.815358 3.493009
vertex -0.820947 -0.998047 3.517093
vertex -0.770103 -1.029549 3.516410
endloop
endfacet
facet normal 0.0585508 0.0723023 0.995663
outer loop
vertex -0.820947 -0.998047 3.517093
vertex -0.636990 -0.815358 3.493009
vertex -0.668877 -0.790419 3.493073
endloop
endfacet
facet normal 0.061218 0.0703465 0.995642
outer loop
vertex -0.668877 -0.790419 3.493073
vertex -0.867509 -0.961413 3.517368
vertex -0.820947 -0.998047 3.517093
endloop
endfacet
facet normal 0.0620382 0.069396 0.995658
outer loop
vertex -0.867509 -0.961413 3.517368
vertex -0.668877 -0.790419 3.493073
vertex -0.697203 -0.761740 3.492840
endloop
endfacet
facet normal 0.0638114 0.0678826 0.995651
outer loop
vertex -0.697203 -0.761740 3.492840
vertex -0.909369 -0.920246 3.517244
vertex -0.867509 -0.961413 3.517368
endloop
endfacet
facet normal 0.0650639 0.0662108 0.995682
outer loop
vertex -0.909369 -0.920246 3.517244
vertex -0.697203 -0.761740 3.492840
vertex -0.722154 -0.730119 3.492367
endloop
endfacet
facet normal 0.0661097 0.065181 0.995681
outer loop
vertex -0.722154 -0.730119 3.492367
vertex -0.946526 -0.874544 3.516719
vertex -0.909369 -0.920246 3.517244
endloop
endfacet
facet normal 0.0677148 0.0626961 0.995733
outer loop
vertex -0.722154 -0.730119 3.492367
vertex -0.743731 -0.695554 3.491658
vertex -0.946526 -0.874544 3.516719
endloop
endfacet
facet normal 0.0692511 0.00466285 0.997588
outer loop
vertex -0.736852 -0.076687 3.472049
vertex -0.963337 0.023229 3.487304
vertex -0.754542 -0.125472 3.473505
endloop
endfacet
facet normal 0.0673585 0.000351357 0.997729
outer loop
vertex -0.963337 0.023229 3.487304
vertex -0.736852 -0.076687 3.472049
vertex -0.716573 -0.029374 3.470663
endloop
endfacet
facet normal 0.0672371 -0.00022067 0.997737
outer loop
vertex -0.716573 -0.029374 3.470663
vertex -0.929687 0.090350 3.485051
vertex -0.963337 0.023229 3.487304
endloop
endfacet
facet normal 0.0652259 -0.00381589 0.997863
outer loop
vertex -0.929687 0.090350 3.485051
vertex -0.716573 -0.029374 3.470663
vertex -0.693707 0.016467 3.469344
endloop
endfacet
facet normal 0.0648835 -0.00491321 0.997881
outer loop
vertex -0.693707 0.016467 3.469344
vertex -0.891512 0.153931 3.482882
vertex -0.929687 0.090350 3.485051
endloop
endfacet
facet normal 0.0628427 -0.00786076 0.997992
outer loop
vertex -0.891512 0.153931 3.482882
vertex -0.693707 0.016467 3.469344
vertex -0.668329 0.060101 3.468090
endloop
endfacet
facet normal 0.062212 -0.00936526 0.998019
outer loop
vertex -0.668329 0.060101 3.468090
vertex -0.849451 0.213455 3.480819
vertex -0.891512 0.153931 3.482882
endloop
endfacet
facet normal 0.060212 -0.0117355 0.998117
outer loop
vertex -0.849451 0.213455 3.480819
vertex -0.668329 0.060101 3.468090
vertex -0.640519 0.100791 3.466890
endloop
endfacet
facet normal 0.0592577 -0.0135095 0.998151
outer loop
vertex -0.640519 0.100791 3.466890
vertex -0.804146 0.268405 3.478873
vertex -0.849451 0.213455 3.480819
endloop
endfacet
facet normal 0.057362 -0.0153661 0.998235
outer loop
vertex -0.804146 0.268405 3.478873
vertex -0.640519 0.100791 3.466890
vertex -0.610276 0.138538 3.465734
endloop
endfacet
facet normal 0.0560693 -0.0173001 0.998277
outer loop
vertex -0.610276 0.138538 3.465734
vertex -0.755594 0.318780 3.477019
vertex -0.804146 0.268405 3.478873
endloop
endfacet
facet normal 0.0542829 -0.0187449 0.99835
outer loop
vertex -0.755594 0.318780 3.477019
vertex -0.610276 0.138538 3.465734
vertex -0.577600 0.173341 3.464610
endloop
endfacet
facet normal 0.0526486 -0.0207492 0.998398
outer loop
vertex -0.755594 0.318780 3.477019
vertex -0.577600 0.173341 3.464610
vertex -0.703797 0.364582 3.475240
endloop
endfacet
facet normal 0.0181106 -0.0347679 0.999231
outer loop
vertex -0.265571 0.542696 3.464666
vertex -0.231169 0.316454 3.456170
vertex -0.194512 0.545560 3.463477
endloop
endfacet
facet normal 0.0244156 0.0781696 0.996641
outer loop
vertex -0.248559 -1.075370 3.498941
vertex -0.319244 -0.862969 3.484013
vertex -0.316221 -1.089689 3.501721
endloop
endfacet
facet normal 0.0216178 0.0772482 0.996778
outer loop
vertex -0.248559 -1.075370 3.498941
vertex -0.271828 -0.851633 3.482106
vertex -0.319244 -0.862969 3.484013
endloop
endfacet
facet normal 0.0210196 -0.034324 0.99919
outer loop
vertex -0.282527 0.314166 3.457172
vertex -0.231169 0.316454 3.456170
vertex -0.265571 0.542696 3.464666
endloop
endfacet
facet normal 0.011183 -0.0341591 0.999354
outer loop
vertex -0.179647 0.314166 3.455262
vertex -0.132000 0.307305 3.454494
vertex -0.123473 0.542696 3.462445
endloop
endfacet
facet normal 0.0198124 0.0770643 0.996829
outer loop
vertex -0.183043 -1.055323 3.496089
vertex -0.271828 -0.851633 3.482106
vertex -0.248559 -1.075370 3.498941
endloop
endfacet
facet normal 0.0170524 0.0758711 0.996972
outer loop
vertex -0.183043 -1.055323 3.496089
vertex -0.226828 -0.835763 3.480129
vertex -0.271828 -0.851633 3.482106
endloop
endfacet
facet normal 0.0153699 0.0755393 0.997024
outer loop
vertex -0.226828 -0.835763 3.480129
vertex -0.183043 -1.055323 3.496089
vertex -0.119674 -1.029549 3.493159
endloop
endfacet
facet normal 0.0126728 0.074058 0.997173
outer loop
vertex -0.226828 -0.835763 3.480129
vertex -0.119674 -1.029549 3.493159
vertex -0.184246 -0.815358 3.478072
endloop
endfacet
facet normal 0.0160893 -0.0344459 0.999277
outer loop
vertex -0.179647 0.314166 3.455262
vertex -0.194512 0.545560 3.463477
vertex -0.231169 0.316454 3.456170
endloop
endfacet
facet normal 0.0131327 -0.0346371 0.999314
outer loop
vertex -0.194512 0.545560 3.463477
vertex -0.179647 0.314166 3.455262
vertex -0.123473 0.542696 3.462445
endloop
endfacet
facet normal -0.00253796 -0.0303521 0.999536
outer loop
vertex 0.065766 0.499739 3.460207
vertex -0.048329 0.279860 3.453240
vertex -0.012304 0.259276 3.452707
endloop
endfacet
facet normal 0.00019867 -0.0317709 0.999495
outer loop
vertex 0.065766 0.499739 3.460207
vertex 0.006666 0.519786 3.460856
vertex -0.048329 0.279860 3.453240
endloop
endfacet
facet normal 0.0110717 0.0735792 0.997228
outer loop
vertex -0.058451 -0.998047 3.490155
vertex -0.184246 -0.815358 3.478072
vertex -0.119674 -1.029549 3.493159
endloop
endfacet
facet normal 0.00850879 0.0718245 0.997381
outer loop
vertex -0.058451 -0.998047 3.490155
vertex -0.144079 -0.790419 3.475934
vertex -0.184246 -0.815358 3.478072
endloop
endfacet
facet normal 0.00693698 0.0711803 0.997439
outer loop
vertex -0.144079 -0.790419 3.475934
vertex -0.058451 -0.998047 3.490155
vertex 0.000034 -0.961413 3.487134
endloop
endfacet
facet normal 0.00466591 0.0692759 0.997587
outer loop
vertex 0.000034 -0.961413 3.487134
vertex -0.106358 -0.761740 3.473766
vertex -0.144079 -0.790419 3.475934
endloop
endfacet
facet normal 0.00302244 0.0684047 0.997653
outer loop
vertex -0.106358 -0.761740 3.473766
vertex 0.000034 -0.961413 3.487134
vertex 0.055186 -0.920246 3.484144
endloop
endfacet
facet normal 0.00112338 0.066478 0.997787
outer loop
vertex -0.106358 -0.761740 3.473766
vertex 0.055186 -0.920246 3.484144
vertex -0.071109 -0.730119 3.471619
endloop
endfacet
facet normal 0.00185738 -0.0321506 0.999481
outer loop
vertex -0.088227 0.295870 3.453830
vertex -0.048329 0.279860 3.453240
vertex 0.006666 0.519786 3.460856
endloop
endfacet
facet normal 0.00409167 -0.0330963 0.999444
outer loop
vertex -0.088227 0.295870 3.453830
vertex 0.006666 0.519786 3.460856
vertex -0.056414 0.534105 3.461588
endloop
endfacet
facet normal 0.00644313 -0.0334096 0.999421
outer loop
vertex -0.056414 0.534105 3.461588
vertex -0.132000 0.307305 3.454494
vertex -0.088227 0.295870 3.453830
endloop
endfacet
facet normal 0.00839582 -0.0340592 0.999385
outer loop
vertex -0.056414 0.534105 3.461588
vertex -0.123473 0.542696 3.462445
vertex -0.132000 0.307305 3.454494
endloop
endfacet
facet normal -0.0172962 0.0400496 0.999048
outer loop
vertex 0.105797 -0.433513 3.458000
vertex 0.313768 -0.580404 3.467489
vertex 0.342636 -0.510479 3.465185
endloop
endfacet
facet normal -0.0187081 0.0357177 0.999187
outer loop
vertex 0.342636 -0.510479 3.465185
vertex 0.120793 -0.383913 3.456507
vertex 0.105797 -0.433513 3.458000
endloop
endfacet
facet normal -0.0191525 0.0349402 0.999206
outer loop
vertex 0.120793 -0.383913 3.456507
vertex 0.342636 -0.510479 3.465185
vertex 0.366988 -0.437212 3.463090
endloop
endfacet
facet normal -0.0199739 0.0311591 0.999315
outer loop
vertex 0.366988 -0.437212 3.463090
vertex 0.133182 -0.332961 3.455166
vertex 0.120793 -0.383913 3.456507
endloop
endfacet
facet normal -0.020692 0.0295514 0.999349
outer loop
vertex 0.133182 -0.332961 3.455166
vertex 0.366988 -0.437212 3.463090
vertex 0.386822 -0.360605 3.461236
endloop
endfacet
facet normal -0.0210268 0.0264961 0.999428
outer loop
vertex 0.386822 -0.360605 3.461236
vertex 0.142963 -0.280656 3.453985
vertex 0.133182 -0.332961 3.455166
endloop
endfacet
facet normal -0.0218878 0.0238743 0.999475
outer loop
vertex 0.142963 -0.280656 3.453985
vertex 0.386822 -0.360605 3.461236
vertex 0.402140 -0.280656 3.459661
endloop
endfacet
facet normal -0.0218889 0.0217663 0.999524
outer loop
vertex 0.402140 -0.280656 3.459661
vertex 0.149996 -0.227874 3.452990
vertex 0.142963 -0.280656 3.453985
endloop
endfacet
facet normal -0.0226823 0.0179832 0.999581
outer loop
vertex 0.149996 -0.227874 3.452990
vertex 0.402140 -0.280656 3.459661
vertex 0.412619 -0.199375 3.458437
endloop
endfacet
facet normal -0.0225809 0.0170451 0.9996
outer loop
vertex 0.412619 -0.199375 3.458437
vertex 0.153988 -0.176444 3.452203
vertex 0.149996 -0.227874 3.452990
endloop
endfacet
facet normal -0.0229977 0.0123596 0.999659
outer loop
vertex 0.412619 -0.199375 3.458437
vertex 0.154941 -0.126367 3.451606
vertex 0.153988 -0.176444 3.452203
endloop
endfacet
facet normal -0.0230297 0.012247 0.99966
outer loop
vertex 0.154941 -0.126367 3.451606
vertex 0.412619 -0.199375 3.458437
vertex 0.417480 -0.121634 3.457596
endloop
endfacet
facet normal -0.0229495 0.00774328 0.999707
outer loop
vertex 0.417480 -0.121634 3.457596
vertex 0.152852 -0.077642 3.451181
vertex 0.154941 -0.126367 3.451606
endloop
endfacet
facet normal -0.0230905 0.00689568 0.99971
outer loop
vertex 0.152852 -0.077642 3.451181
vertex 0.417480 -0.121634 3.457596
vertex 0.416724 -0.047432 3.457067
endloop
endfacet
facet normal -0.0226665 0.00318643 0.999738
outer loop
vertex 0.416724 -0.047432 3.457067
vertex 0.147724 -0.030269 3.450913
vertex 0.152852 -0.077642 3.451181
endloop
endfacet
facet normal -0.0227476 0.00191483 0.999739
outer loop
vertex 0.147724 -0.030269 3.450913
vertex 0.416724 -0.047432 3.457067
vertex 0.410349 0.023229 3.456787
endloop
endfacet
facet normal -0.022095 -0.00129093 0.999755
outer loop
vertex 0.410349 0.023229 3.456787
vertex 0.139555 0.015751 3.450792
vertex 0.147724 -0.030269 3.450913
endloop
endfacet
facet normal -0.0220561 -0.00269777 0.999753
outer loop
vertex 0.139555 0.015751 3.450792
vertex 0.410349 0.023229 3.456787
vertex 0.398357 0.090350 3.456703
endloop
endfacet
facet normal -0.0211795 -0.00573945 0.999759
outer loop
vertex 0.398357 0.090350 3.456703
vertex 0.128155 0.059603 3.450803
vertex 0.139555 0.015751 3.450792
endloop
endfacet
facet normal -0.0210393 -0.00697073 0.999754
outer loop
vertex 0.128155 0.059603 3.450803
vertex 0.398357 0.090350 3.456703
vertex 0.380747 0.153931 3.456776
endloop
endfacet
facet normal -0.0198654 -0.010114 0.999752
outer loop
vertex 0.380747 0.153931 3.456776
vertex 0.113335 0.100473 3.450922
vertex 0.128155 0.059603 3.450803
endloop
endfacet
facet normal -0.0197012 -0.0109346 0.999746
outer loop
vertex 0.113335 0.100473 3.450922
vertex 0.380747 0.153931 3.456776
vertex 0.357933 0.213455 3.456977
endloop
endfacet
facet normal -0.0181469 -0.0142988 0.999733
outer loop
vertex 0.357933 0.213455 3.456977
vertex 0.095094 0.138359 3.451132
vertex 0.113335 0.100473 3.450922
endloop
endfacet
facet normal -0.0180753 -0.0145494 0.999731
outer loop
vertex 0.095094 0.138359 3.451132
vertex 0.357933 0.213455 3.456977
vertex 0.330331 0.268405 3.457278
endloop
endfacet
facet normal -0.0162679 -0.0178177 0.999709
outer loop
vertex 0.095094 0.138359 3.451132
vertex 0.330331 0.268405 3.457278
vertex 0.297939 0.318780 3.457649
endloop
endfacet
facet normal -0.000645433 0.0653081 0.997865
outer loop
vertex 0.107007 -0.874544 3.481187
vertex -0.071109 -0.730119 3.471619
vertex 0.055186 -0.920246 3.484144
endloop
endfacet
facet normal -0.00219622 0.0634036 0.997986
outer loop
vertex 0.107007 -0.874544 3.481187
vertex -0.038332 -0.695554 3.469495
vertex -0.071109 -0.730119 3.471619
endloop
endfacet
facet normal -0.00407003 0.0618879 0.998075
outer loop
vertex -0.038332 -0.695554 3.469495
vertex 0.107007 -0.874544 3.481187
vertex 0.155497 -0.824307 3.478269
endloop
endfacet
facet normal -0.00529024 0.0600581 0.998181
outer loop
vertex 0.155497 -0.824307 3.478269
vertex -0.008028 -0.658046 3.467399
vertex -0.038332 -0.695554 3.469495
endloop
endfacet
facet normal -0.00725731 0.0581301 0.998283
outer loop
vertex -0.008028 -0.658046 3.467399
vertex 0.155497 -0.824307 3.478269
vertex 0.200655 -0.769536 3.475408
endloop
endfacet
facet normal -0.00815692 0.0564527 0.998372
outer loop
vertex 0.200655 -0.769536 3.475408
vertex 0.019804 -0.617594 3.465339
vertex -0.008028 -0.658046 3.467399
endloop
endfacet
facet normal -0.0102054 0.0540222 0.998488
outer loop
vertex 0.019804 -0.617594 3.465339
vertex 0.200655 -0.769536 3.475408
vertex 0.242481 -0.710231 3.472627
endloop
endfacet
facet normal -0.0107999 0.0525985 0.998557
outer loop
vertex 0.242481 -0.710231 3.472627
vertex 0.045163 -0.574199 3.463328
vertex 0.019804 -0.617594 3.465339
endloop
endfacet
facet normal -0.0128751 0.0495973 0.998686
outer loop
vertex 0.045163 -0.574199 3.463328
vertex 0.242481 -0.710231 3.472627
vertex 0.280383 -0.646988 3.469975
endloop
endfacet
facet normal -0.0131903 0.0485825 0.998732
outer loop
vertex 0.280383 -0.646988 3.469975
vertex 0.067982 -0.528656 3.461414
vertex 0.045163 -0.574199 3.463328
endloop
endfacet
facet normal -0.0152291 0.0449334 0.998874
outer loop
vertex 0.067982 -0.528656 3.461414
vertex 0.280383 -0.646988 3.469975
vertex 0.313768 -0.580404 3.467489
endloop
endfacet
facet normal -0.0153299 0.0444567 0.998894
outer loop
vertex 0.313768 -0.580404 3.467489
vertex 0.088193 -0.481761 3.459637
vertex 0.067982 -0.528656 3.461414
endloop
endfacet
facet normal -0.0172076 0.0401748 0.999044
outer loop
vertex 0.088193 -0.481761 3.459637
vertex 0.313768 -0.580404 3.467489
vertex 0.105797 -0.433513 3.458000
endloop
endfacet
facet normal -0.0159262 -0.0182018 0.999708
outer loop
vertex 0.073432 0.173262 3.451423
vertex 0.095094 0.138359 3.451132
vertex 0.297939 0.318780 3.457649
endloop
endfacet
facet normal -0.0142446 -0.020795 0.999682
outer loop
vertex 0.073432 0.173262 3.451423
vertex 0.297939 0.318780 3.457649
vertex 0.260759 0.364582 3.458072
endloop
endfacet
facet normal -0.0132499 -0.0217688 0.999675
outer loop
vertex 0.260759 0.364582 3.458072
vertex 0.048350 0.205182 3.451785
vertex 0.073432 0.173262 3.451423
endloop
endfacet
facet normal -0.0119517 -0.0234977 0.999652
outer loop
vertex 0.048350 0.205182 3.451785
vertex 0.260759 0.364582 3.458072
vertex 0.218789 0.405809 3.458539
endloop
endfacet
facet normal -0.0101986 -0.0249865 0.999636
outer loop
vertex 0.218789 0.405809 3.458539
vertex 0.019846 0.234118 3.452218
vertex 0.048350 0.205182 3.451785
endloop
endfacet
facet normal -0.00934855 -0.0259709 0.999619
outer loop
vertex 0.019846 0.234118 3.452218
vertex 0.218789 0.405809 3.458539
vertex 0.172031 0.442462 3.459054
endloop
endfacet
facet normal -0.0066568 -0.027936 0.999588
outer loop
vertex 0.172031 0.442462 3.459054
vertex -0.012304 0.259276 3.452707
vertex 0.019846 0.234118 3.452218
endloop
endfacet
facet normal -0.00643864 -0.0281554 0.999583
outer loop
vertex -0.012304 0.259276 3.452707
vertex 0.172031 0.442462 3.459054
vertex 0.120888 0.473964 3.459612
endloop
endfacet
facet normal -0.00328767 -0.0301089 0.999541
outer loop
vertex 0.120888 0.473964 3.459612
vertex 0.065766 0.499739 3.460207
vertex -0.012304 0.259276 3.452707
endloop
endfacet
facet normal 0.0291862 0.0788632 0.996458
outer loop
vertex -0.316221 -1.089689 3.501721
vertex -0.369077 -0.869771 3.485864
vertex -0.386030 -1.098281 3.504446
endloop
endfacet
facet normal 0.0263516 0.0781915 0.99659
outer loop
vertex -0.369077 -0.869771 3.485864
vertex -0.316221 -1.089689 3.501721
vertex -0.319244 -0.862969 3.484013
endloop
endfacet
facet normal 0.0258856 -0.0337841 0.999094
outer loop
vertex -0.282527 0.314166 3.457172
vertex -0.334604 0.534105 3.465958
vertex -0.331594 0.307305 3.458211
endloop
endfacet
facet normal 0.0229998 -0.0344693 0.999141
outer loop
vertex -0.334604 0.534105 3.465958
vertex -0.282527 0.314166 3.457172
vertex -0.265571 0.542696 3.464666
endloop
endfacet
facet normal 0.215231 0.12044 0.969108
outer loop
vertex -2.753806 -1.426190 3.836376
vertex -2.794456 -1.663848 3.874941
vertex -2.779408 -1.666752 3.871959
endloop
endfacet
facet normal 0.216084 0.120267 0.96894
outer loop
vertex -2.808060 -1.660865 3.877604
vertex -2.794456 -1.663848 3.874941
vertex -2.753806 -1.426190 3.836376
endloop
endfacet
facet normal 0.216766 0.120086 0.96881
outer loop
vertex -2.753806 -1.426190 3.836376
vertex -2.820218 -1.657802 3.879945
vertex -2.808060 -1.660865 3.877604
endloop
endfacet
facet normal 0.217283 0.11992 0.968714
outer loop
vertex -2.753806 -1.426190 3.836376
vertex -2.830932 -1.654660 3.881959
vertex -2.820218 -1.657802 3.879945
endloop
endfacet
facet normal 0.217616 0.119796 0.968655
outer loop
vertex -2.753806 -1.426190 3.836376
vertex -2.840202 -1.651438 3.883643
vertex -2.830932 -1.654660 3.881959
endloop
endfacet
facet normal 0.217704 0.119759 0.96864
outer loop
vertex -2.753806 -1.426190 3.836376
vertex -2.848026 -1.648137 3.884993
vertex -2.840202 -1.651438 3.883643
endloop
endfacet
facet normal 0.211252 0.121213 0.969887
outer loop
vertex -2.727817 -1.673195 3.861409
vertex -2.708716 -1.674389 3.857398
vertex -2.689756 -1.438301 3.823763
endloop
endfacet
facet normal 0.206909 0.121661 0.970766
outer loop
vertex -2.667662 -1.675343 3.848659
vertex -2.630893 -1.674250 3.840685
vertex -2.643820 -1.443552 3.814528
endloop
endfacet
facet normal 0.207805 0.121543 0.97059
outer loop
vertex -2.643820 -1.443552 3.814528
vertex -2.666554 -1.441702 3.819164
vertex -2.667662 -1.675343 3.848659
endloop
endfacet
facet normal 0.208716 0.121514 0.970398
outer loop
vertex -2.688665 -1.675105 3.853147
vertex -2.667662 -1.675343 3.848659
vertex -2.666554 -1.441702 3.819164
endloop
endfacet
facet normal 0.210038 0.121351 0.970133
outer loop
vertex -2.666554 -1.441702 3.819164
vertex -2.708716 -1.674389 3.857398
vertex -2.688665 -1.675105 3.853147
endloop
endfacet
facet normal 0.210086 0.121341 0.970124
outer loop
vertex -2.666554 -1.441702 3.819164
vertex -2.689756 -1.438301 3.823763
vertex -2.708716 -1.674389 3.857398
endloop
endfacet
facet normal 0.21238 0.120995 0.969667
outer loop
vertex -2.745965 -1.671525 3.865176
vertex -2.727817 -1.673195 3.861409
vertex -2.689756 -1.438301 3.823763
endloop
endfacet
facet normal 0.212396 0.120991 0.969665
outer loop
vertex -2.745965 -1.671525 3.865176
vertex -2.689756 -1.438301 3.823763
vertex -2.713426 -1.433349 3.828330
endloop
endfacet
facet normal 0.213402 0.120822 0.969464
outer loop
vertex -2.713426 -1.433349 3.828330
vertex -2.763163 -1.669377 3.868694
vertex -2.745965 -1.671525 3.865176
endloop
endfacet
facet normal 0.214329 0.120597 0.969288
outer loop
vertex -2.713426 -1.433349 3.828330
vertex -2.779408 -1.666752 3.871959
vertex -2.763163 -1.669377 3.868694
endloop
endfacet
facet normal 0.214516 0.120538 0.969254
outer loop
vertex -2.713426 -1.433349 3.828330
vertex -2.753806 -1.426190 3.836376
vertex -2.779408 -1.666752 3.871959
endloop
endfacet
facet normal 0.203284 0.121538 0.971547
outer loop
vertex -2.595048 -1.670968 3.832718
vertex -2.599755 -1.442597 3.805135
vertex -2.621554 -1.443850 3.809853
endloop
endfacet
facet normal 0.202604 0.121541 0.971689
outer loop
vertex -2.599755 -1.442597 3.805135
vertex -2.595048 -1.670968 3.832718
vertex -2.560125 -1.665499 3.824753
endloop
endfacet
facet normal 0.201056 0.121297 0.972041
outer loop
vertex -2.599755 -1.442597 3.805135
vertex -2.560125 -1.665499 3.824753
vertex -2.578425 -1.439793 3.800373
endloop
endfacet
facet normal 0.200569 0.121269 0.972145
outer loop
vertex -2.526125 -1.657842 3.816783
vertex -2.578425 -1.439793 3.800373
vertex -2.560125 -1.665499 3.824753
endloop
endfacet
facet normal 0.198747 0.120863 0.97257
outer loop
vertex -2.578425 -1.439793 3.800373
vertex -2.526125 -1.657842 3.816783
vertex -2.557481 -1.435060 3.795505
endloop
endfacet
facet normal 0.198597 0.120846 0.972603
outer loop
vertex -2.493047 -1.647998 3.808805
vertex -2.557481 -1.435060 3.795505
vertex -2.526125 -1.657842 3.816783
endloop
endfacet
facet normal 0.196682 0.120295 0.97306
outer loop
vertex -2.557481 -1.435060 3.795505
vertex -2.493047 -1.647998 3.808805
vertex -2.460893 -1.635966 3.800819
endloop
endfacet
facet normal 0.196364 0.120144 0.973143
outer loop
vertex -2.536845 -1.428020 3.790472
vertex -2.557481 -1.435060 3.795505
vertex -2.460893 -1.635966 3.800819
endloop
endfacet
facet normal 0.194834 0.119604 0.973517
outer loop
vertex -2.536845 -1.428020 3.790472
vertex -2.460893 -1.635966 3.800819
vertex -2.429612 -1.621687 3.792804
endloop
endfacet
facet normal 0.194078 0.119188 0.973719
outer loop
vertex -2.516516 -1.418672 3.785275
vertex -2.536845 -1.428020 3.790472
vertex -2.429612 -1.621687 3.792804
endloop
endfacet
facet normal 0.193035 0.118751 0.973979
outer loop
vertex -2.516516 -1.418672 3.785275
vertex -2.429612 -1.621687 3.792804
vertex -2.399155 -1.605100 3.784745
endloop
endfacet
facet normal 0.191893 0.118031 0.974292
outer loop
vertex -2.496494 -1.407018 3.779920
vertex -2.516516 -1.418672 3.785275
vertex -2.399155 -1.605100 3.784745
endloop
endfacet
facet normal 0.191276 0.117732 0.97445
outer loop
vertex -2.496494 -1.407018 3.779920
vertex -2.399155 -1.605100 3.784745
vertex -2.369522 -1.586207 3.776646
endloop
endfacet
facet normal 0.189807 0.116683 0.974863
outer loop
vertex -2.476778 -1.393057 3.774410
vertex -2.496494 -1.407018 3.779920
vertex -2.369522 -1.586207 3.776646
endloop
endfacet
facet normal 0.20472 0.121673 0.971229
outer loop
vertex -2.630893 -1.674250 3.840685
vertex -2.595048 -1.670968 3.832718
vertex -2.621554 -1.443850 3.809853
endloop
endfacet
facet normal 0.205539 0.121618 0.971063
outer loop
vertex -2.621554 -1.443850 3.809853
vertex -2.643820 -1.443552 3.814528
vertex -2.630893 -1.674250 3.840685
endloop
endfacet
facet normal 0.178225 0.10299 0.978585
outer loop
vertex -2.364260 -1.250402 3.737377
vertex -2.183744 -1.388403 3.719024
vertex -2.159902 -1.350517 3.710695
endloop
endfacet
facet normal 0.177334 0.101074 0.978947
outer loop
vertex -2.346397 -1.215698 3.730558
vertex -2.364260 -1.250402 3.737377
vertex -2.159902 -1.350517 3.710695
endloop
endfacet
facet normal 0.176737 0.100219 0.979143
outer loop
vertex -2.346397 -1.215698 3.730558
vertex -2.159902 -1.350517 3.710695
vertex -2.136707 -1.310205 3.702382
endloop
endfacet
facet normal 0.174119 0.0940901 0.980219
outer loop
vertex -2.273369 -1.072506 3.703841
vertex -2.346397 -1.215698 3.730558
vertex -2.136707 -1.310205 3.702382
endloop
endfacet
facet normal 0.18659 0.0678227 0.980094
outer loop
vertex -2.273369 -1.072506 3.703841
vertex -2.169698 -0.979432 3.677664
vertex -2.149160 -0.934346 3.670634
endloop
endfacet
facet normal 0.220013 0.0506626 0.97418
outer loop
vertex -2.273369 -1.072506 3.703841
vertex -2.130965 -0.560596 3.645058
vertex -2.138788 -0.512786 3.644339
endloop
endfacet
facet normal 0.226681 0.0489063 0.972741
outer loop
vertex -2.273369 -1.072506 3.703841
vertex -2.138788 -0.512786 3.644339
vertex -2.147460 -0.464816 3.643948
endloop
endfacet
facet normal 0.154465 0.0671181 0.985716
outer loop
vertex -2.096684 -0.843041 3.655163
vertex -2.090777 -0.888903 3.657360
vertex -2.087601 -0.796464 3.650568
endloop
endfacet
facet normal 0.162397 0.0654563 0.984552
outer loop
vertex -2.087601 -0.796464 3.650568
vertex -2.099160 -0.822613 3.654213
vertex -2.096684 -0.843041 3.655163
endloop
endfacet
facet normal 0.166198 0.0685333 0.983708
outer loop
vertex -2.108111 -0.842863 3.657081
vertex -2.090777 -0.888903 3.657360
vertex -2.096684 -0.843041 3.655163
endloop
endfacet
facet normal 0.166187 0.0658848 0.983891
outer loop
vertex -2.108111 -0.842863 3.657081
vertex -2.096684 -0.843041 3.655163
vertex -2.099160 -0.822613 3.654213
endloop
endfacet
facet normal 0.108211 0.0739881 0.991371
outer loop
vertex -2.078056 -0.979432 3.662025
vertex -2.004194 -0.607292 3.626189
vertex -2.025764 -0.654844 3.632092
endloop
endfacet
facet normal 0.121571 0.0717083 0.989989
outer loop
vertex -2.078056 -0.979432 3.662025
vertex -2.025764 -0.654844 3.632092
vertex -2.046611 -0.702356 3.638094
endloop
endfacet
facet normal 0.102338 0.0117594 0.99468
outer loop
vertex -1.141582 0.524081 3.513390
vertex -1.419374 0.524081 3.541971
vertex -1.910693 -0.416688 3.603642
endloop
endfacet
facet normal -0.0149301 0.107573 0.994085
outer loop
vertex -1.910693 -0.416688 3.603642
vertex -2.078056 -0.979432 3.662025
vertex -1.141582 0.524081 3.513390
endloop
endfacet
facet normal 0.0501887 0.0882834 0.99483
outer loop
vertex -2.078056 -0.979432 3.662025
vertex -1.910693 -0.416688 3.603642
vertex -1.935152 -0.464399 3.609110
endloop
endfacet
facet normal 0.0648868 0.0841547 0.994338
outer loop
vertex -2.078056 -0.979432 3.662025
vertex -1.935152 -0.464399 3.609110
vertex -1.958888 -0.512070 3.614694
endloop
endfacet
facet normal 0.0795895 0.0803296 0.993586
outer loop
vertex -2.078056 -0.979432 3.662025
vertex -1.958888 -0.512070 3.614694
vertex -1.981902 -0.559701 3.620388
endloop
endfacet
facet normal 0.0941181 0.0769022 0.992586
outer loop
vertex -1.981902 -0.559701 3.620388
vertex -2.004194 -0.607292 3.626189
vertex -2.078056 -0.979432 3.662025
endloop
endfacet
facet normal 0.129014 0.070788 0.989113
outer loop
vertex -2.084568 -0.934366 3.659649
vertex -2.078056 -0.979432 3.662025
vertex -2.046611 -0.702356 3.638094
endloop
endfacet
facet normal 0.135722 0.0696148 0.988298
outer loop
vertex -2.084568 -0.934366 3.659649
vertex -2.046611 -0.702356 3.638094
vertex -2.067101 -0.749629 3.644238
endloop
endfacet
facet normal 0.141357 0.0690195 0.98755
outer loop
vertex -2.067101 -0.749629 3.644238
vertex -2.090777 -0.888903 3.657360
vertex -2.084568 -0.934366 3.659649
endloop
endfacet
facet normal 0.150865 0.0672819 0.986262
outer loop
vertex -2.067101 -0.749629 3.644238
vertex -2.087601 -0.796464 3.650568
vertex -2.090777 -0.888903 3.657360
endloop
endfacet
facet normal -0.0514516 0.129935 0.990187
outer loop
vertex -2.078056 -0.979432 3.662025
vertex -2.136707 -1.310205 3.702382
vertex -1.141582 0.524081 3.513390
endloop
endfacet
facet normal 0.16725 0.090131 0.981786
outer loop
vertex -2.078056 -0.979432 3.662025
vertex -2.273369 -1.072506 3.703841
vertex -2.136707 -1.310205 3.702382
endloop
endfacet
facet normal 0.167546 0.0895124 0.981792
outer loop
vertex -2.078056 -0.979432 3.662025
vertex -2.169698 -0.979432 3.677664
vertex -2.273369 -1.072506 3.703841
endloop
endfacet
facet normal 0.167724 0.0768443 0.982835
outer loop
vertex -2.078056 -0.979432 3.662025
vertex -2.149160 -0.934346 3.670634
vertex -2.169698 -0.979432 3.677664
endloop
endfacet
facet normal 0.167196 0.0759826 0.982991
outer loop
vertex -2.149160 -0.934346 3.670634
vertex -2.078056 -0.979432 3.662025
vertex -2.084568 -0.934366 3.659649
endloop
endfacet
facet normal 0.167235 0.0728008 0.983225
outer loop
vertex -2.084568 -0.934366 3.659649
vertex -2.128631 -0.888823 3.663771
vertex -2.149160 -0.934346 3.670634
endloop
endfacet
facet normal 0.166698 0.0722696 0.983356
outer loop
vertex -2.128631 -0.888823 3.663771
vertex -2.084568 -0.934366 3.659649
vertex -2.090777 -0.888903 3.657360
endloop
endfacet
facet normal 0.166733 0.0687341 0.983603
outer loop
vertex -2.128631 -0.888823 3.663771
vertex -2.090777 -0.888903 3.657360
vertex -2.108111 -0.842863 3.657081
endloop
endfacet
facet normal 0.17886 0.0630648 0.981851
outer loop
vertex -2.128631 -0.888823 3.663771
vertex -2.108111 -0.842863 3.657081
vertex -2.102290 -0.796783 3.653061
endloop
endfacet
facet normal 0.180303 0.0626243 0.981615
outer loop
vertex -2.128631 -0.888823 3.663771
vertex -2.102290 -0.796783 3.653061
vertex -2.107593 -0.750126 3.651059
endloop
endfacet
facet normal 0.193341 0.0604316 0.979269
outer loop
vertex -2.107593 -0.750126 3.651059
vertex -2.149160 -0.934346 3.670634
vertex -2.128631 -0.888823 3.663771
endloop
endfacet
facet normal 0.194384 0.060176 0.979078
outer loop
vertex -2.149160 -0.934346 3.670634
vertex -2.107593 -0.750126 3.651059
vertex -2.112593 -0.703072 3.649159
endloop
endfacet
facet normal 0.194898 0.0600857 0.978981
outer loop
vertex -2.112593 -0.703072 3.649159
vertex -2.273369 -1.072506 3.703841
vertex -2.149160 -0.934346 3.670634
endloop
endfacet
facet normal 0.201018 0.0572643 0.977912
outer loop
vertex -2.273369 -1.072506 3.703841
vertex -2.112593 -0.703072 3.649159
vertex -2.117868 -0.655739 3.647472
endloop
endfacet
facet normal 0.207101 0.0548414 0.976781
outer loop
vertex -2.273369 -1.072506 3.703841
vertex -2.117868 -0.655739 3.647472
vertex -2.123991 -0.608247 3.646104
endloop
endfacet
facet normal 0.213448 0.0526443 0.975535
outer loop
vertex -2.123991 -0.608247 3.646104
vertex -2.130965 -0.560596 3.645058
vertex -2.273369 -1.072506 3.703841
endloop
endfacet
facet normal 0.18955 0.116542 0.97493
outer loop
vertex -2.476778 -1.393057 3.774410
vertex -2.369522 -1.586207 3.776646
vertex -2.340714 -1.565006 3.768511
endloop
endfacet
facet normal 0.187859 0.115186 0.975418
outer loop
vertex -2.476778 -1.393057 3.774410
vertex -2.340714 -1.565006 3.768511
vertex -2.312729 -1.541499 3.760345
endloop
endfacet
facet normal 0.187822 0.115145 0.975431
outer loop
vertex -2.457370 -1.376789 3.768753
vertex -2.476778 -1.393057 3.774410
vertex -2.312729 -1.541499 3.760345
endloop
endfacet
facet normal 0.186172 0.11367 0.97592
outer loop
vertex -2.457370 -1.376789 3.768753
vertex -2.312729 -1.541499 3.760345
vertex -2.285569 -1.515685 3.752157
endloop
endfacet
facet normal 0.185902 0.113326 0.976011
outer loop
vertex -2.438242 -1.357796 3.762904
vertex -2.457370 -1.376789 3.768753
vertex -2.285569 -1.515685 3.752157
endloop
endfacet
facet normal 0.184516 0.111957 0.976432
outer loop
vertex -2.438242 -1.357796 3.762904
vertex -2.285569 -1.515685 3.752157
vertex -2.259144 -1.487504 3.743932
endloop
endfacet
facet normal 0.184033 0.111266 0.976602
outer loop
vertex -2.419367 -1.335661 3.756826
vertex -2.438242 -1.357796 3.762904
vertex -2.259144 -1.487504 3.743932
endloop
endfacet
facet normal 0.182894 0.110033 0.976956
outer loop
vertex -2.419367 -1.335661 3.756826
vertex -2.259144 -1.487504 3.743932
vertex -2.233365 -1.456897 3.735659
endloop
endfacet
facet normal 0.182259 0.109018 0.977188
outer loop
vertex -2.400745 -1.310384 3.750532
vertex -2.419367 -1.335661 3.756826
vertex -2.233365 -1.456897 3.735659
endloop
endfacet
facet normal 0.181299 0.107891 0.977492
outer loop
vertex -2.400745 -1.310384 3.750532
vertex -2.233365 -1.456897 3.735659
vertex -2.208231 -1.423863 3.727351
endloop
endfacet
facet normal 0.180554 0.10657 0.977775
outer loop
vertex -2.382376 -1.281964 3.744043
vertex -2.400745 -1.310384 3.750532
vertex -2.208231 -1.423863 3.727351
endloop
endfacet
facet normal 0.179744 0.105545 0.978035
outer loop
vertex -2.382376 -1.281964 3.744043
vertex -2.208231 -1.423863 3.727351
vertex -2.183744 -1.388403 3.719024
endloop
endfacet
facet normal 0.178916 0.103923 0.97836
outer loop
vertex -2.364260 -1.250402 3.737377
vertex -2.382376 -1.281964 3.744043
vertex -2.183744 -1.388403 3.719024
endloop
endfacet
facet normal 0.233452 0.0473529 0.971214
outer loop
vertex -2.273369 -1.072506 3.703841
vertex -2.147460 -0.464816 3.643948
vertex -2.156983 -0.416688 3.643890
endloop
endfacet
facet normal 0.195889 -0.000518119 0.980626
outer loop
vertex -2.345824 0.524081 3.682110
vertex -2.626480 0.524081 3.738174
vertex -2.156983 -0.416688 3.643890
endloop
endfacet
facet normal 0.272327 0.039556 0.961391
outer loop
vertex -2.626480 0.524081 3.738174
vertex -2.273369 -1.072506 3.703841
vertex -2.156983 -0.416688 3.643890
endloop
endfacet
facet normal 0.169407 0.0643976 0.98344
outer loop
vertex -2.099160 -0.822613 3.654213
vertex -2.102290 -0.796783 3.653061
vertex -2.108111 -0.842863 3.657081
endloop
endfacet
facet normal 0.839969 0.542634 0
outer loop
vertex 1.562552 -0.835201 3.791470
vertex 1.587968 -0.874544 3.798569
vertex 1.587968 -0.874544 3.582032
endloop
endfacet
facet normal 0.83997 0.542633 0
outer loop
vertex 1.587968 -0.874544 3.582032
vertex 1.555514 -0.824307 3.574505
vertex 1.555514 -0.824307 3.789608
endloop
endfacet
facet normal 0.839971 0.542631 9.13538e-07
outer loop
vertex 1.587968 -0.874544 3.582032
vertex 1.555514 -0.824307 3.789608
vertex 1.562552 -0.835201 3.791470
endloop
endfacet
facet normal 0.892036 0.451964 0
outer loop
vertex 1.555514 -0.824307 3.789608
vertex 1.555514 -0.824307 3.574505
vertex 1.527763 -0.769536 3.567560
endloop
endfacet
facet normal 0.892036 0.451964 0
outer loop
vertex 1.555514 -0.824307 3.789608
vertex 1.527763 -0.769536 3.567560
vertex 1.527763 -0.769536 3.781414
endloop
endfacet
facet normal -0.899661 -0.436588 0
outer loop
vertex 1.772561 -0.658046 3.593624
vertex 1.790763 -0.695554 3.598269
vertex 1.790763 -0.695554 3.816942
endloop
endfacet
facet normal -0.899661 -0.436588 0
outer loop
vertex 1.772561 -0.658046 3.593624
vertex 1.790763 -0.695554 3.816942
vertex 1.772561 -0.658046 3.811913
endloop
endfacet
facet normal 0.932087 0.362233 0
outer loop
vertex 1.527763 -0.769536 3.781414
vertex 1.527763 -0.769536 3.567560
vertex 1.504716 -0.710231 3.561227
endloop
endfacet
facet normal 0.932087 0.362233 0
outer loop
vertex 1.527763 -0.769536 3.781414
vertex 1.504716 -0.710231 3.561227
vertex 1.504716 -0.710231 3.773611
endloop
endfacet
facet normal -0.938912 -0.344157 0
outer loop
vertex 1.757733 -0.617594 3.589447
vertex 1.772561 -0.658046 3.593624
vertex 1.772561 -0.658046 3.811913
endloop
endfacet
facet normal -0.938912 -0.344157 0
outer loop
vertex 1.757733 -0.617594 3.589447
vertex 1.772561 -0.658046 3.811913
vertex 1.757733 -0.617594 3.807252
endloop
endfacet
facet normal 0.962269 0.272098 0
outer loop
vertex 1.504716 -0.710231 3.773611
vertex 1.504716 -0.710231 3.561227
vertex 1.486833 -0.646988 3.555629
endloop
endfacet
facet normal 0.962269 0.272098 0
outer loop
vertex 1.504716 -0.710231 3.773611
vertex 1.486833 -0.646988 3.555629
vertex 1.486833 -0.646988 3.766312
endloop
endfacet
facet normal -0.966892 -0.255184 0
outer loop
vertex 1.746280 -0.574199 3.585757
vertex 1.757733 -0.617594 3.589447
vertex 1.757733 -0.617594 3.807252
endloop
endfacet
facet normal -0.966892 -0.255184 0
outer loop
vertex 1.746280 -0.574199 3.585757
vertex 1.757733 -0.617594 3.807252
vertex 1.746280 -0.574199 3.802960
endloop
endfacet
facet normal 0.983475 0.181044 0
outer loop
vertex 1.480631 -0.613297 3.762931
vertex 1.486833 -0.646988 3.766312
vertex 1.486833 -0.646988 3.555629
endloop
endfacet
facet normal 0.983475 0.181044 0
outer loop
vertex 1.486833 -0.646988 3.555629
vertex 1.474576 -0.580404 3.550888
vertex 1.474576 -0.580404 3.760096
endloop
endfacet
facet normal 0.983475 0.181044 -9.52111e-08
outer loop
vertex 1.486833 -0.646988 3.555629
vertex 1.474576 -0.580404 3.760096
vertex 1.480631 -0.613297 3.762931
endloop
endfacet
facet normal -0.984003 -0.178155 0
outer loop
vertex 1.738035 -0.528656 3.582586
vertex 1.746280 -0.574199 3.585757
vertex 1.746280 -0.574199 3.802960
endloop
endfacet
facet normal -0.984003 -0.178155 0
outer loop
vertex 1.738035 -0.528656 3.582586
vertex 1.746280 -0.574199 3.802960
vertex 1.738035 -0.528656 3.799057
endloop
endfacet
facet normal 0.995533 0.0944132 0
outer loop
vertex 1.474576 -0.580404 3.760096
vertex 1.474576 -0.580404 3.550888
vertex 1.467944 -0.510479 3.547039
endloop
endfacet
facet normal 0.995533 0.0944132 0
outer loop
vertex 1.474576 -0.580404 3.760096
vertex 1.467944 -0.510479 3.547039
vertex 1.467944 -0.510479 3.755061
endloop
endfacet
facet normal -0.993897 -0.110313 -0
outer loop
vertex 1.732830 -0.481761 3.796256
vertex 1.732830 -0.481761 3.579956
vertex 1.738035 -0.528656 3.582586
endloop
endfacet
facet normal -0.993896 -0.110317 0
outer loop
vertex 1.738035 -0.528656 3.582586
vertex 1.738035 -0.528656 3.799057
vertex 1.737871 -0.527177 3.798947
endloop
endfacet
facet normal -0.993897 -0.110313 -3.21841e-08
outer loop
vertex 1.738035 -0.528656 3.582586
vertex 1.737871 -0.527177 3.798947
vertex 1.732830 -0.481761 3.796256
endloop
endfacet
facet normal 0.999906 0.0137235 0
outer loop
vertex 1.467046 -0.445023 3.751193
vertex 1.467944 -0.510479 3.755061
vertex 1.467944 -0.510479 3.547039
endloop
endfacet
facet normal 0.999906 0.013723 0
outer loop
vertex 1.467944 -0.510479 3.547039
vertex 1.466939 -0.437212 3.544131
vertex 1.466939 -0.437212 3.750855
endloop
endfacet
facet normal 0.999906 0.0137186 1.57039e-06
outer loop
vertex 1.467944 -0.510479 3.547039
vertex 1.466939 -0.437212 3.750855
vertex 1.467046 -0.445023 3.751193
endloop
endfacet
facet normal -0.998995 -0.0448193 0
outer loop
vertex 1.730665 -0.433513 3.577881
vertex 1.732830 -0.481761 3.579956
vertex 1.732830 -0.481761 3.796256
endloop
endfacet
facet normal -0.998995 -0.0448193 0
outer loop
vertex 1.730665 -0.433513 3.577881
vertex 1.732830 -0.481761 3.796256
vertex 1.730665 -0.433513 3.793921
endloop
endfacet
facet normal 0.998186 -0.0602036 0
outer loop
vertex 1.466939 -0.437212 3.750855
vertex 1.466939 -0.437212 3.544131
vertex 1.471559 -0.360605 3.542221
endloop
endfacet
facet normal 0.998186 -0.0602036 0
outer loop
vertex 1.466939 -0.437212 3.750855
vertex 1.471559 -0.360605 3.542221
vertex 1.471559 -0.360605 3.748468
endloop
endfacet
facet normal -0.999844 0.0176551 0
outer loop
vertex 1.731541 -0.383913 3.576374
vertex 1.730665 -0.433513 3.577881
vertex 1.730665 -0.433513 3.793921
endloop
endfacet
facet normal -0.999844 0.0176551 0
outer loop
vertex 1.731541 -0.383913 3.576374
vertex 1.730665 -0.433513 3.793921
vertex 1.731541 -0.383913 3.792029
endloop
endfacet
facet normal -0.997059 0.0766375 0
outer loop
vertex 1.735457 -0.332961 3.790778
vertex 1.735457 -0.332961 3.575452
vertex 1.731541 -0.383913 3.576374
endloop
endfacet
facet normal -0.997059 0.0766384 0
outer loop
vertex 1.731541 -0.383913 3.576374
vertex 1.731541 -0.383913 3.792029
vertex 1.734531 -0.345020 3.790922
endloop
endfacet
facet normal -0.997059 0.0766349 6.37936e-07
outer loop
vertex 1.731541 -0.383913 3.576374
vertex 1.734531 -0.345020 3.790922
vertex 1.735457 -0.332961 3.790778
endloop
endfacet
facet normal 0.991888 -0.127119 0
outer loop
vertex 1.480044 -0.294399 3.747140
vertex 1.471559 -0.360605 3.748468
vertex 1.471559 -0.360605 3.542221
endloop
endfacet
facet normal 0.991887 -0.12712 0
outer loop
vertex 1.471559 -0.360605 3.542221
vertex 1.481805 -0.280656 3.541377
vertex 1.481805 -0.280656 3.747094
endloop
endfacet
facet normal 0.991887 -0.127121 6.55324e-07
outer loop
vertex 1.471559 -0.360605 3.542221
vertex 1.481805 -0.280656 3.747094
vertex 1.480044 -0.294399 3.747140
endloop
endfacet
facet normal -0.991271 0.131842 0
outer loop
vertex 1.742414 -0.280656 3.575135
vertex 1.735457 -0.332961 3.575452
vertex 1.735457 -0.332961 3.790778
endloop
endfacet
facet normal -0.991271 0.131842 0
outer loop
vertex 1.742414 -0.280656 3.575135
vertex 1.735457 -0.332961 3.790778
vertex 1.742414 -0.280656 3.790644
endloop
endfacet
facet normal 0.982186 -0.187911 0
outer loop
vertex 1.481805 -0.280656 3.747094
vertex 1.481805 -0.280656 3.541377
vertex 1.497356 -0.199375 3.541671
endloop
endfacet
facet normal 0.982186 -0.187911 0
outer loop
vertex 1.481805 -0.280656 3.747094
vertex 1.497356 -0.199375 3.541671
vertex 1.497356 -0.199375 3.747678
endloop
endfacet
facet normal -0.983042 0.18338 0
outer loop
vertex 1.752338 -0.227456 3.575442
vertex 1.742414 -0.280656 3.575135
vertex 1.742414 -0.280656 3.790644
endloop
endfacet
facet normal -0.983042 0.18338 0
outer loop
vertex 1.752338 -0.227456 3.575442
vertex 1.742414 -0.280656 3.790644
vertex 1.752338 -0.227456 3.790984
endloop
endfacet
facet normal 0.968237 -0.250033 0
outer loop
vertex 1.510425 -0.148764 3.748607
vertex 1.497356 -0.199375 3.747678
vertex 1.497356 -0.199375 3.541671
endloop
endfacet
facet normal 0.968238 -0.250032 0
outer loop
vertex 1.497356 -0.199375 3.541671
vertex 1.517431 -0.121634 3.543100
vertex 1.517431 -0.121634 3.749565
endloop
endfacet
facet normal 0.968238 -0.250031 -5.87304e-07
outer loop
vertex 1.497356 -0.199375 3.541671
vertex 1.517431 -0.121634 3.749565
vertex 1.510425 -0.148764 3.748607
endloop
endfacet
facet normal -0.971969 0.235111 0
outer loop
vertex 1.764851 -0.175728 3.576372
vertex 1.752338 -0.227456 3.575442
vertex 1.752338 -0.227456 3.790984
endloop
endfacet
facet normal -0.971969 0.235111 0
outer loop
vertex 1.764851 -0.175728 3.576372
vertex 1.752338 -0.227456 3.790984
vertex 1.764851 -0.175728 3.791792
endloop
endfacet
facet normal 0.949194 -0.314691 0
outer loop
vertex 1.517431 -0.121634 3.749565
vertex 1.517431 -0.121634 3.543100
vertex 1.542032 -0.047432 3.545620
endloop
endfacet
facet normal 0.949194 -0.314691 0
outer loop
vertex 1.517431 -0.121634 3.749565
vertex 1.542032 -0.047432 3.545620
vertex 1.542032 -0.047432 3.753100
endloop
endfacet
facet normal -0.957699 0.287773 0
outer loop
vertex 1.779952 -0.125472 3.793892
vertex 1.779952 -0.125472 3.577914
vertex 1.764851 -0.175728 3.576372
endloop
endfacet
facet normal -0.957705 0.287753 0
outer loop
vertex 1.764851 -0.175728 3.576372
vertex 1.764851 -0.175728 3.791792
vertex 1.765407 -0.173877 3.791839
endloop
endfacet
facet normal -0.957699 0.287773 -1.88975e-07
outer loop
vertex 1.764851 -0.175728 3.576372
vertex 1.765407 -0.173877 3.791839
vertex 1.779952 -0.125472 3.793892
endloop
endfacet
facet normal 0.924541 -0.381081 0
outer loop
vertex 1.561582 0.000000 3.756006
vertex 1.542032 -0.047432 3.753100
vertex 1.542032 -0.047432 3.545620
endloop
endfacet
facet normal 0.924542 -0.381081 0
outer loop
vertex 1.542032 -0.047432 3.545620
vertex 1.571157 0.023229 3.549194
vertex 1.571157 0.023229 3.757814
endloop
endfacet
facet normal 0.924543 -0.381079 -7.39771e-07
outer loop
vertex 1.542032 -0.047432 3.545620
vertex 1.571157 0.023229 3.757814
vertex 1.561582 0.000000 3.756006
endloop
endfacet
facet normal 0.323859 0.946105 0
outer loop
vertex 1.877659 -1.075370 3.638098
vertex 1.819095 -1.055323 3.627684
vertex 1.819095 -1.055323 3.847761
endloop
endfacet
facet normal 0.323859 0.946105 -0
outer loop
vertex 1.877659 -1.075370 3.638098
vertex 1.819095 -1.055323 3.847761
vertex 1.877659 -1.075370 3.857988
endloop
endfacet
facet normal -0.496903 -0.867806 -0
outer loop
vertex 1.897503 -0.815358 3.841189
vertex 1.897503 -0.815358 3.621357
vertex 1.933139 -0.835763 3.628195
endloop
endfacet
facet normal -0.496903 -0.867806 0
outer loop
vertex 1.897503 -0.815358 3.841189
vertex 1.933139 -0.835763 3.628195
vertex 1.933139 -0.835763 3.848105
endloop
endfacet
facet normal -0.14358 -0.989639 -0
outer loop
vertex 2.015656 -0.862969 3.862672
vertex 2.015656 -0.862969 3.643142
vertex 2.062536 -0.869771 3.651297
endloop
endfacet
facet normal -0.14358 -0.989639 0
outer loop
vertex 2.015656 -0.862969 3.862672
vertex 2.062536 -0.869771 3.651297
vertex 2.062536 -0.869771 3.870323
endloop
endfacet
facet normal -0.0397698 0.999209 0
outer loop
vertex 2.148464 -1.098281 3.683900
vertex 2.076509 -1.101145 3.671940
vertex 2.076509 -1.101145 3.889169
endloop
endfacet
facet normal -0.0397698 0.999209 0
outer loop
vertex 2.148464 -1.098281 3.683900
vertex 2.076509 -1.101145 3.889169
vertex 2.148464 -1.098281 3.899951
endloop
endfacet
facet normal 0.0433503 -0.99906 0
outer loop
vertex 2.113166 -0.872038 3.878268
vertex 2.113166 -0.872038 3.659949
vertex 2.165416 -0.869771 3.668771
endloop
endfacet
facet normal 0.0433503 -0.99906 0
outer loop
vertex 2.113166 -0.872038 3.878268
vertex 2.165416 -0.869771 3.668771
vertex 2.165416 -0.869771 3.886450
endloop
endfacet
facet normal -0.237479 0.971393 0
outer loop
vertex 2.202900 0.307305 3.648751
vertex 2.156124 0.295870 3.640283
vertex 2.156124 0.295870 3.860155
endloop
endfacet
facet normal -0.237479 0.971393 0
outer loop
vertex 2.202900 0.307305 3.648751
vertex 2.156124 0.295870 3.860155
vertex 2.202900 0.307305 3.868255
endloop
endfacet
facet normal 0.208982 -0.977919 0
outer loop
vertex 2.132884 0.519786 3.863375
vertex 2.132884 0.519786 3.643616
vertex 2.199889 0.534105 3.655885
endloop
endfacet
facet normal 0.208982 -0.977919 0
outer loop
vertex 2.132884 0.519786 3.863375
vertex 2.199889 0.534105 3.655885
vertex 2.199889 0.534105 3.874944
endloop
endfacet
facet normal 0.040795 0.999168 0
outer loop
vertex 2.076509 -1.101145 3.889169
vertex 2.076509 -1.101145 3.671940
vertex 2.006366 -1.098281 3.660182
endloop
endfacet
facet normal 0.0407956 0.999168 -0
outer loop
vertex 2.006366 -1.098281 3.660182
vertex 2.006366 -1.098281 3.878628
vertex 2.058739 -1.100419 3.886403
endloop
endfacet
facet normal 0.0407929 0.999168 6.26596e-07
outer loop
vertex 2.006366 -1.098281 3.660182
vertex 2.058739 -1.100419 3.886403
vertex 2.076509 -1.101145 3.889169
endloop
endfacet
facet normal -0.0447351 -0.998999 0
outer loop
vertex 2.104330 -0.871642 3.876841
vertex 2.062536 -0.869771 3.870323
vertex 2.062536 -0.869771 3.651297
endloop
endfacet
facet normal -0.0447349 -0.998999 0
outer loop
vertex 2.062536 -0.869771 3.651297
vertex 2.113166 -0.872038 3.659949
vertex 2.113166 -0.872038 3.878268
endloop
endfacet
facet normal -0.0447339 -0.998999 -2.36877e-07
outer loop
vertex 2.062536 -0.869771 3.651297
vertex 2.113166 -0.872038 3.878268
vertex 2.104330 -0.871642 3.876841
endloop
endfacet
facet normal -0.438448 0.898757 0
outer loop
vertex 2.111639 0.279860 3.632285
vertex 2.069445 0.259276 3.624752
vertex 2.069445 0.259276 3.844764
endloop
endfacet
facet normal -0.438448 0.898757 0
outer loop
vertex 2.111639 0.279860 3.632285
vertex 2.069445 0.259276 3.844764
vertex 2.111639 0.279860 3.852324
endloop
endfacet
facet normal 0.378904 -0.925436 0
outer loop
vertex 2.004953 0.473964 3.840530
vertex 2.004953 0.473964 3.620520
vertex 2.067905 0.499739 3.631828
endloop
endfacet
facet normal 0.378904 -0.925436 0
outer loop
vertex 2.004953 0.473964 3.840530
vertex 2.067905 0.499739 3.631828
vertex 2.067905 0.499739 3.851904
endloop
endfacet
facet normal -0.338627 0.940921 0
outer loop
vertex 2.156124 0.295870 3.640283
vertex 2.111639 0.279860 3.632285
vertex 2.111639 0.279860 3.852324
endloop
endfacet
facet normal -0.338627 0.940921 0
outer loop
vertex 2.156124 0.295870 3.640283
vertex 2.111639 0.279860 3.852324
vertex 2.156124 0.295870 3.860155
endloop
endfacet
facet normal 0.294802 -0.955558 0
outer loop
vertex 2.067905 0.499739 3.851904
vertex 2.067905 0.499739 3.631828
vertex 2.132884 0.519786 3.643616
endloop
endfacet
facet normal 0.294802 -0.955558 0
outer loop
vertex 2.067905 0.499739 3.851904
vertex 2.132884 0.519786 3.643616
vertex 2.132884 0.519786 3.863375
endloop
endfacet
facet normal 0.128542 0.991704 0
outer loop
vertex 2.006366 -1.098281 3.660182
vertex 1.940082 -1.089689 3.648917
vertex 1.940082 -1.089689 3.868277
endloop
endfacet
facet normal 0.128542 0.991704 -0
outer loop
vertex 2.006366 -1.098281 3.660182
vertex 1.940082 -1.089689 3.868277
vertex 2.006366 -1.098281 3.878628
endloop
endfacet
facet normal -0.254186 -0.967155 -0
outer loop
vertex 1.972523 -0.851633 3.855266
vertex 1.972523 -0.851633 3.635450
vertex 2.015656 -0.862969 3.643142
endloop
endfacet
facet normal -0.254186 -0.967155 0
outer loop
vertex 1.972523 -0.851633 3.855266
vertex 2.015656 -0.862969 3.643142
vertex 2.015656 -0.862969 3.862672
endloop
endfacet
facet normal 0.223581 0.974685 0
outer loop
vertex 1.940082 -1.089689 3.648917
vertex 1.877659 -1.075370 3.638098
vertex 1.877659 -1.075370 3.857988
endloop
endfacet
facet normal 0.223581 0.974685 -0
outer loop
vertex 1.940082 -1.089689 3.648917
vertex 1.877659 -1.075370 3.857988
vertex 1.940082 -1.089689 3.868277
endloop
endfacet
facet normal -0.37376 -0.927526 -0
outer loop
vertex 1.933139 -0.835763 3.848105
vertex 1.933139 -0.835763 3.628195
vertex 1.972523 -0.851633 3.635450
endloop
endfacet
facet normal -0.37376 -0.927526 0
outer loop
vertex 1.933139 -0.835763 3.848105
vertex 1.972523 -0.851633 3.635450
vertex 1.972523 -0.851633 3.855266
endloop
endfacet
facet normal -0.672021 0.740532 0
outer loop
vertex 1.992001 0.205202 3.830482
vertex 1.992001 0.205202 3.611107
vertex 1.956893 0.173341 3.605052
endloop
endfacet
facet normal -0.672021 0.740532 0
outer loop
vertex 1.956893 0.173341 3.605052
vertex 1.956893 0.173341 3.824145
vertex 1.980868 0.195099 3.828371
endloop
endfacet
facet normal -0.672021 0.740532 -3.53957e-08
outer loop
vertex 1.956893 0.173341 3.605052
vertex 1.980868 0.195099 3.828371
vertex 1.992001 0.205202 3.830482
endloop
endfacet
facet normal 0.59949 -0.800383 0
outer loop
vertex 1.830697 0.364582 3.807484
vertex 1.830697 0.364582 3.589983
vertex 1.885739 0.405809 3.599477
endloop
endfacet
facet normal 0.59949 -0.800383 0
outer loop
vertex 1.830697 0.364582 3.807484
vertex 1.885739 0.405809 3.599477
vertex 1.885739 0.405809 3.818197
endloop
endfacet
facet normal -0.610232 0.792222 0
outer loop
vertex 2.029542 0.234118 3.617682
vertex 1.992001 0.205202 3.611107
vertex 1.992001 0.205202 3.830482
endloop
endfacet
facet normal -0.610233 0.792222 0
outer loop
vertex 2.029542 0.234118 3.617682
vertex 1.992001 0.205202 3.830482
vertex 2.029542 0.234118 3.837472
endloop
endfacet
facet normal 0.532323 -0.846542 0
outer loop
vertex 1.885739 0.405809 3.818197
vertex 1.885739 0.405809 3.599477
vertex 1.944028 0.442462 3.609694
endloop
endfacet
facet normal 0.532323 -0.846542 0
outer loop
vertex 1.885739 0.405809 3.818197
vertex 1.944028 0.442462 3.609694
vertex 1.944028 0.442462 3.829253
endloop
endfacet
facet normal -0.533328 0.845909 0
outer loop
vertex 2.069445 0.259276 3.624752
vertex 2.029542 0.234118 3.617682
vertex 2.029542 0.234118 3.837472
endloop
endfacet
facet normal -0.533328 0.845909 0
outer loop
vertex 2.069445 0.259276 3.624752
vertex 2.029542 0.234118 3.837472
vertex 2.069445 0.259276 3.844764
endloop
endfacet
facet normal 0.4593 -0.888281 0
outer loop
vertex 1.944028 0.442462 3.829253
vertex 1.944028 0.442462 3.609694
vertex 2.004953 0.473964 3.620520
endloop
endfacet
facet normal 0.4593 -0.888281 0
outer loop
vertex 1.944028 0.442462 3.829253
vertex 2.004953 0.473964 3.620520
vertex 2.004953 0.473964 3.840530
endloop
endfacet
facet normal 0.426222 0.904619 0
outer loop
vertex 1.819095 -1.055323 3.627684
vertex 1.764391 -1.029549 3.617650
vertex 1.764391 -1.029549 3.837596
endloop
endfacet
facet normal 0.426222 0.904619 -0
outer loop
vertex 1.819095 -1.055323 3.627684
vertex 1.764391 -1.029549 3.837596
vertex 1.819095 -1.055323 3.847761
endloop
endfacet
facet normal 0.526684 0.850061 0
outer loop
vertex 1.764391 -1.029549 3.617650
vertex 1.713547 -0.998047 3.607980
vertex 1.713547 -0.998047 3.827492
endloop
endfacet
facet normal 0.526684 0.850061 -0
outer loop
vertex 1.764391 -1.029549 3.617650
vertex 1.713547 -0.998047 3.827492
vertex 1.764391 -1.029549 3.837596
endloop
endfacet
facet normal -0.616063 -0.787697 -0
outer loop
vertex 1.865616 -0.790419 3.834518
vertex 1.865616 -0.790419 3.614928
vertex 1.897503 -0.815358 3.621357
endloop
endfacet
facet normal -0.616063 -0.787697 0
outer loop
vertex 1.865616 -0.790419 3.834518
vertex 1.897503 -0.815358 3.621357
vertex 1.897503 -0.815358 3.841189
endloop
endfacet
facet normal 0.618325 0.785923 0
outer loop
vertex 1.713547 -0.998047 3.607980
vertex 1.666984 -0.961413 3.598772
vertex 1.666984 -0.961413 3.817564
endloop
endfacet
facet normal 0.618325 0.785923 -0
outer loop
vertex 1.713547 -0.998047 3.607980
vertex 1.666984 -0.961413 3.817564
vertex 1.713547 -0.998047 3.827492
endloop
endfacet
facet normal -0.711464 -0.702723 0
outer loop
vertex 1.837290 -0.761740 3.608926
vertex 1.865616 -0.790419 3.614928
vertex 1.865616 -0.790419 3.834518
endloop
endfacet
facet normal -0.711464 -0.702723 0
outer loop
vertex 1.837290 -0.761740 3.608926
vertex 1.865616 -0.790419 3.834518
vertex 1.837290 -0.761740 3.828121
endloop
endfacet
facet normal 0.701188 0.712977 0
outer loop
vertex 1.666984 -0.961413 3.598772
vertex 1.625124 -0.920246 3.590124
vertex 1.625124 -0.920246 3.807923
endloop
endfacet
facet normal 0.701188 0.712977 -0
outer loop
vertex 1.666984 -0.961413 3.598772
vertex 1.625124 -0.920246 3.807923
vertex 1.666984 -0.961413 3.817564
endloop
endfacet
facet normal -0.785044 -0.61944 -0
outer loop
vertex 1.812339 -0.730119 3.822342
vertex 1.812339 -0.730119 3.603372
vertex 1.837290 -0.761740 3.608926
endloop
endfacet
facet normal -0.785025 -0.619464 0
outer loop
vertex 1.837290 -0.761740 3.608926
vertex 1.837290 -0.761740 3.828121
vertex 1.836458 -0.760686 3.827918
endloop
endfacet
facet normal -0.785045 -0.619439 -1.99497e-07
outer loop
vertex 1.837290 -0.761740 3.608926
vertex 1.836458 -0.760686 3.827918
vertex 1.812339 -0.730119 3.822342
endloop
endfacet
facet normal 0.775916 0.630836 0
outer loop
vertex 1.625124 -0.920246 3.807923
vertex 1.625124 -0.920246 3.590124
vertex 1.587968 -0.874544 3.582032
endloop
endfacet
facet normal 0.775916 0.630836 0
outer loop
vertex 1.625124 -0.920246 3.807923
vertex 1.587968 -0.874544 3.582032
vertex 1.587968 -0.874544 3.798569
endloop
endfacet
facet normal -0.84829 -0.529532 0
outer loop
vertex 1.790763 -0.695554 3.598269
vertex 1.812339 -0.730119 3.603372
vertex 1.812339 -0.730119 3.822342
endloop
endfacet
facet normal -0.84829 -0.529532 0
outer loop
vertex 1.790763 -0.695554 3.598269
vertex 1.812339 -0.730119 3.822342
vertex 1.790763 -0.695554 3.816942
endloop
endfacet
facet normal -0.940103 0.340889 0
outer loop
vertex 1.797642 -0.076687 3.580061
vertex 1.779952 -0.125472 3.577914
vertex 1.779952 -0.125472 3.793892
endloop
endfacet
facet normal -0.940103 0.340889 0
outer loop
vertex 1.797642 -0.076687 3.580061
vertex 1.779952 -0.125472 3.793892
vertex 1.797642 -0.076687 3.796473
endloop
endfacet
facet normal -0.919136 0.393942 0
outer loop
vertex 1.817920 -0.029374 3.582805
vertex 1.797642 -0.076687 3.580061
vertex 1.797642 -0.076687 3.796473
endloop
endfacet
facet normal -0.919135 0.393942 0
outer loop
vertex 1.817920 -0.029374 3.582805
vertex 1.797642 -0.076687 3.796473
vertex 1.817920 -0.029374 3.799502
endloop
endfacet
facet normal 0.893951 -0.448165 0
outer loop
vertex 1.571157 0.023229 3.757814
vertex 1.571157 0.023229 3.549194
vertex 1.604807 0.090350 3.553793
endloop
endfacet
facet normal 0.893951 -0.448165 0
outer loop
vertex 1.571157 0.023229 3.757814
vertex 1.604807 0.090350 3.553793
vertex 1.604807 0.090350 3.764049
endloop
endfacet
facet normal -0.894846 0.446375 0
outer loop
vertex 1.840787 0.016467 3.803254
vertex 1.840787 0.016467 3.586142
vertex 1.817920 -0.029374 3.582805
endloop
endfacet
facet normal -0.894845 0.446377 0
outer loop
vertex 1.817920 -0.029374 3.582805
vertex 1.817920 -0.029374 3.799502
vertex 1.832573 0.000000 3.801731
endloop
endfacet
facet normal -0.894847 0.446373 5.99825e-07
outer loop
vertex 1.817920 -0.029374 3.582805
vertex 1.832573 0.000000 3.801731
vertex 1.840787 0.016467 3.803254
endloop
endfacet
facet normal 0.857337 -0.514756 0
outer loop
vertex 1.604807 0.090350 3.764049
vertex 1.604807 0.090350 3.553793
vertex 1.642982 0.153931 3.559398
endloop
endfacet
facet normal 0.857337 -0.514756 0
outer loop
vertex 1.604807 0.090350 3.764049
vertex 1.642982 0.153931 3.559398
vertex 1.642982 0.153931 3.771017
endloop
endfacet
facet normal -0.864429 0.502755 0
outer loop
vertex 1.866164 0.060101 3.590055
vertex 1.840787 0.016467 3.586142
vertex 1.840787 0.016467 3.803254
endloop
endfacet
facet normal -0.864429 0.502755 0
outer loop
vertex 1.866164 0.060101 3.590055
vertex 1.840787 0.016467 3.803254
vertex 1.866164 0.060101 3.807897
endloop
endfacet
facet normal 0.816687 -0.57708 0
outer loop
vertex 1.648973 0.162410 3.772098
vertex 1.642982 0.153931 3.771017
vertex 1.642982 0.153931 3.559398
endloop
endfacet
facet normal 0.816688 -0.57708 0
outer loop
vertex 1.642982 0.153931 3.559398
vertex 1.685042 0.213455 3.565901
vertex 1.685042 0.213455 3.779391
endloop
endfacet
facet normal 0.816688 -0.57708 -5.72451e-08
outer loop
vertex 1.642982 0.153931 3.559398
vertex 1.685042 0.213455 3.779391
vertex 1.648973 0.162410 3.772098
endloop
endfacet
facet normal -0.825596 0.564262 0
outer loop
vertex 1.893975 0.100791 3.594520
vertex 1.866164 0.060101 3.590055
vertex 1.866164 0.060101 3.807897
endloop
endfacet
facet normal -0.825596 0.564262 0
outer loop
vertex 1.893975 0.100791 3.594520
vertex 1.866164 0.060101 3.807897
vertex 1.893975 0.100791 3.812927
endloop
endfacet
facet normal 0.771565 -0.636151 0
outer loop
vertex 1.685042 0.213455 3.779391
vertex 1.685042 0.213455 3.565901
vertex 1.730348 0.268405 3.573181
endloop
endfacet
facet normal 0.771565 -0.636151 0
outer loop
vertex 1.685042 0.213455 3.779391
vertex 1.730348 0.268405 3.573181
vertex 1.730348 0.268405 3.788324
endloop
endfacet
facet normal -0.780411 0.625267 0
outer loop
vertex 1.924218 0.138538 3.599522
vertex 1.893975 0.100791 3.594520
vertex 1.893975 0.100791 3.812927
endloop
endfacet
facet normal -0.780411 0.625267 0
outer loop
vertex 1.924218 0.138538 3.599522
vertex 1.893975 0.100791 3.812927
vertex 1.924218 0.138538 3.818343
endloop
endfacet
facet normal 0.720022 -0.693951 0
outer loop
vertex 1.730348 0.268405 3.788324
vertex 1.730348 0.268405 3.573181
vertex 1.778899 0.318780 3.581214
endloop
endfacet
facet normal 0.720022 -0.693951 0
outer loop
vertex 1.730348 0.268405 3.788324
vertex 1.778899 0.318780 3.581214
vertex 1.778899 0.318780 3.797686
endloop
endfacet
facet normal -0.729044 0.684467 0
outer loop
vertex 1.956893 0.173341 3.605052
vertex 1.924218 0.138538 3.599522
vertex 1.924218 0.138538 3.818343
endloop
endfacet
facet normal -0.729044 0.684467 0
outer loop
vertex 1.956893 0.173341 3.605052
vertex 1.924218 0.138538 3.818343
vertex 1.956893 0.173341 3.824145
endloop
endfacet
facet normal 0.662418 -0.749134 0
outer loop
vertex 1.830064 0.364022 3.807357
vertex 1.778899 0.318780 3.797686
vertex 1.778899 0.318780 3.581214
endloop
endfacet
facet normal 0.662418 -0.749134 0
outer loop
vertex 1.778899 0.318780 3.581214
vertex 1.830697 0.364582 3.589983
vertex 1.830697 0.364582 3.807484
endloop
endfacet
facet normal 0.662432 -0.749122 -5.10722e-06
outer loop
vertex 1.778899 0.318780 3.581214
vertex 1.830697 0.364582 3.807484
vertex 1.830064 0.364022 3.807357
endloop
endfacet
facet normal 0.0402681 -0.999189 0
outer loop
vertex 2.268922 0.542696 3.886609
vertex 2.268922 0.542696 3.668651
vertex 2.339982 0.545560 3.681933
endloop
endfacet
facet normal 0.0402681 -0.999189 0
outer loop
vertex 2.268922 0.542696 3.886609
vertex 2.339982 0.545560 3.681933
vertex 2.339982 0.545560 3.898371
endloop
endfacet
facet normal -0.207043 0.978332 0
outer loop
vertex 2.285934 -1.075370 3.706390
vertex 2.218272 -1.089689 3.695392
vertex 2.218272 -1.089689 3.909991
endloop
endfacet
facet normal -0.207043 0.978332 0
outer loop
vertex 2.285934 -1.075370 3.706390
vertex 2.218272 -1.089689 3.909991
vertex 2.285934 -1.075370 3.919290
endloop
endfacet
facet normal 0.232521 -0.972591 0
outer loop
vertex 2.215249 -0.862969 3.893990
vertex 2.215249 -0.862969 3.677068
vertex 2.262666 -0.851633 3.684817
endloop
endfacet
facet normal 0.232521 -0.972591 0
outer loop
vertex 2.215249 -0.862969 3.893990
vertex 2.262666 -0.851633 3.684817
vertex 2.262666 -0.851633 3.900887
endloop
endfacet
facet normal -0.0444882 0.99901 0
outer loop
vertex 2.303325 0.316454 3.667161
vertex 2.251967 0.314166 3.657704
vertex 2.251967 0.314166 3.876625
endloop
endfacet
facet normal -0.0444882 0.99901 0
outer loop
vertex 2.303325 0.316454 3.667161
vertex 2.251967 0.314166 3.876625
vertex 2.303325 0.316454 3.885264
endloop
endfacet
facet normal 0.142531 0.98979 0
outer loop
vertex 2.402493 0.307305 3.685680
vertex 2.354846 0.314166 3.676745
vertex 2.354846 0.314166 3.893817
endloop
endfacet
facet normal 0.142531 0.98979 -0
outer loop
vertex 2.402493 0.307305 3.685680
vertex 2.354846 0.314166 3.893817
vertex 2.402493 0.307305 3.901609
endloop
endfacet
facet normal -0.292594 0.956237 0
outer loop
vertex 2.351450 -1.055323 3.716880
vertex 2.285934 -1.075370 3.706390
vertex 2.285934 -1.075370 3.919290
endloop
endfacet
facet normal -0.292594 0.956237 0
outer loop
vertex 2.351450 -1.055323 3.716880
vertex 2.285934 -1.075370 3.919290
vertex 2.351450 -1.055323 3.927847
endloop
endfacet
facet normal 0.3326 -0.943068 0
outer loop
vertex 2.262666 -0.851633 3.900887
vertex 2.262666 -0.851633 3.684817
vertex 2.307665 -0.835763 3.692004
endloop
endfacet
facet normal 0.3326 -0.943068 0
outer loop
vertex 2.262666 -0.851633 3.900887
vertex 2.307665 -0.835763 3.692004
vertex 2.307665 -0.835763 3.907141
endloop
endfacet
facet normal -0.376761 0.92631 0
outer loop
vertex 2.414819 -1.029549 3.726855
vertex 2.351450 -1.055323 3.716880
vertex 2.351450 -1.055323 3.927847
endloop
endfacet
facet normal -0.376761 0.92631 0
outer loop
vertex 2.414819 -1.029549 3.726855
vertex 2.351450 -1.055323 3.927847
vertex 2.414819 -1.029549 3.935663
endloop
endfacet
facet normal 0.43213 -0.901811 0
outer loop
vertex 2.307665 -0.835763 3.907141
vertex 2.307665 -0.835763 3.692004
vertex 2.350248 -0.815358 3.698619
endloop
endfacet
facet normal 0.43213 -0.901811 0
outer loop
vertex 2.307665 -0.835763 3.907141
vertex 2.350248 -0.815358 3.698619
vertex 2.350248 -0.815358 3.912753
endloop
endfacet
facet normal 0.0443471 0.999016 0
outer loop
vertex 2.354846 0.314166 3.676745
vertex 2.303325 0.316454 3.667161
vertex 2.303325 0.316454 3.885264
endloop
endfacet
facet normal 0.0443471 0.999016 -0
outer loop
vertex 2.354846 0.314166 3.676745
vertex 2.303325 0.316454 3.885264
vertex 2.354846 0.314166 3.893817
endloop
endfacet
facet normal -0.040281 -0.999188 -0
outer loop
vertex 2.339982 0.545560 3.898371
vertex 2.339982 0.545560 3.681933
vertex 2.411020 0.542696 3.695367
endloop
endfacet
facet normal -0.040281 -0.999188 0
outer loop
vertex 2.339982 0.545560 3.898371
vertex 2.411020 0.542696 3.695367
vertex 2.411020 0.542696 3.909895
endloop
endfacet
facet normal 0.496109 0.86826 0
outer loop
vertex 2.522189 0.259276 3.708268
vertex 2.486165 0.279860 3.701466
vertex 2.486165 0.279860 3.914911
endloop
endfacet
facet normal 0.496109 0.86826 -0
outer loop
vertex 2.522189 0.259276 3.708268
vertex 2.486165 0.279860 3.914911
vertex 2.522189 0.259276 3.920421
endloop
endfacet
facet normal -0.321222 -0.947004 0
outer loop
vertex 2.567767 0.510761 3.934271
vertex 2.541159 0.519786 3.930281
vertex 2.541159 0.519786 3.720280
endloop
endfacet
facet normal -0.321223 -0.947004 0
outer loop
vertex 2.541159 0.519786 3.720280
vertex 2.600260 0.499739 3.731667
vertex 2.600260 0.499739 3.939427
endloop
endfacet
facet normal -0.321223 -0.947004 1.61746e-07
outer loop
vertex 2.541159 0.519786 3.720280
vertex 2.600260 0.499739 3.939427
vertex 2.567767 0.510761 3.934271
endloop
endfacet
facet normal -0.45753 0.889194 0
outer loop
vertex 2.476043 -0.998047 3.943160
vertex 2.476043 -0.998047 3.736319
vertex 2.414819 -1.029549 3.726855
endloop
endfacet
facet normal -0.457531 0.889194 0
outer loop
vertex 2.414819 -1.029549 3.726855
vertex 2.414819 -1.029549 3.935663
vertex 2.446364 -1.013317 3.939308
endloop
endfacet
facet normal -0.45753 0.889194 -1.00441e-07
outer loop
vertex 2.414819 -1.029549 3.726855
vertex 2.446364 -1.013317 3.939308
vertex 2.476043 -0.998047 3.943160
endloop
endfacet
facet normal 0.527493 -0.849559 0
outer loop
vertex 2.350248 -0.815358 3.912753
vertex 2.350248 -0.815358 3.698619
vertex 2.390414 -0.790419 3.704659
endloop
endfacet
facet normal 0.527493 -0.849559 0
outer loop
vertex 2.350248 -0.815358 3.912753
vertex 2.390414 -0.790419 3.704659
vertex 2.390414 -0.790419 3.917723
endloop
endfacet
facet normal -0.530836 0.847475 0
outer loop
vertex 2.534527 -0.961413 3.745208
vertex 2.476043 -0.998047 3.736319
vertex 2.476043 -0.998047 3.943160
endloop
endfacet
facet normal -0.530836 0.847475 0
outer loop
vertex 2.534527 -0.961413 3.745208
vertex 2.476043 -0.998047 3.943160
vertex 2.534527 -0.961413 3.950377
endloop
endfacet
facet normal 0.605215 -0.796062 0
outer loop
vertex 2.390414 -0.790419 3.917723
vertex 2.390414 -0.790419 3.704659
vertex 2.428135 -0.761740 3.710174
endloop
endfacet
facet normal 0.605215 -0.796062 0
outer loop
vertex 2.390414 -0.790419 3.917723
vertex 2.428135 -0.761740 3.710174
vertex 2.428135 -0.761740 3.922091
endloop
endfacet
facet normal -0.598168 0.801371 0
outer loop
vertex 2.589680 -0.920246 3.753450
vertex 2.534527 -0.961413 3.745208
vertex 2.534527 -0.961413 3.950377
endloop
endfacet
facet normal -0.598168 0.801371 0
outer loop
vertex 2.589680 -0.920246 3.753450
vertex 2.534527 -0.961413 3.950377
vertex 2.589680 -0.920246 3.956807
endloop
endfacet
facet normal 0.667768 -0.744369 0
outer loop
vertex 2.449106 -0.742928 3.924356
vertex 2.428135 -0.761740 3.922091
vertex 2.428135 -0.761740 3.710174
endloop
endfacet
facet normal 0.66777 -0.744368 0
outer loop
vertex 2.428135 -0.761740 3.710174
vertex 2.463384 -0.730119 3.715205
vertex 2.463384 -0.730119 3.926169
endloop
endfacet
facet normal 0.667771 -0.744367 -4.44735e-07
outer loop
vertex 2.428135 -0.761740 3.710174
vertex 2.463384 -0.730119 3.926169
vertex 2.449106 -0.742928 3.924356
endloop
endfacet
facet normal 0.372395 0.928074 0
outer loop
vertex 2.486165 0.279860 3.701466
vertex 2.446266 0.295870 3.693930
vertex 2.446266 0.295870 3.908640
endloop
endfacet
facet normal 0.372395 0.928074 -0
outer loop
vertex 2.486165 0.279860 3.701466
vertex 2.446266 0.295870 3.908640
vertex 2.486165 0.279860 3.914911
endloop
endfacet
facet normal -0.221369 -0.97519 -0
outer loop
vertex 2.478079 0.534105 3.920532
vertex 2.478079 0.534105 3.708167
vertex 2.541159 0.519786 3.720280
endloop
endfacet
facet normal -0.221369 -0.97519 0
outer loop
vertex 2.478079 0.534105 3.920532
vertex 2.541159 0.519786 3.720280
vertex 2.541159 0.519786 3.930281
endloop
endfacet
facet normal 0.252762 0.967529 0
outer loop
vertex 2.446266 0.295870 3.693930
vertex 2.402493 0.307305 3.685680
vertex 2.402493 0.307305 3.901609
endloop
endfacet
facet normal 0.252762 0.967529 -0
outer loop
vertex 2.446266 0.295870 3.693930
vertex 2.402493 0.307305 3.901609
vertex 2.446266 0.295870 3.908640
endloop
endfacet
facet normal -0.127079 -0.991892 -0
outer loop
vertex 2.411020 0.542696 3.909895
vertex 2.411020 0.542696 3.695367
vertex 2.478079 0.534105 3.708167
endloop
endfacet
facet normal -0.127079 -0.991893 0
outer loop
vertex 2.411020 0.542696 3.909895
vertex 2.478079 0.534105 3.708167
vertex 2.478079 0.534105 3.920532
endloop
endfacet
facet normal -0.924326 0.381605 0
outer loop
vertex 2.877130 -0.510479 3.999456
vertex 2.877130 -0.510479 3.793028
vertex 2.848262 -0.580404 3.789453
endloop
endfacet
facet normal -0.924326 0.381603 0
outer loop
vertex 2.848262 -0.580404 3.789453
vertex 2.848262 -0.580404 3.994748
vertex 2.853545 -0.567605 3.995308
endloop
endfacet
facet normal -0.924325 0.381605 -1.70048e-07
outer loop
vertex 2.848262 -0.580404 3.789453
vertex 2.853545 -0.567605 3.995308
vertex 2.877130 -0.510479 3.999456
endloop
endfacet
facet normal 0.957206 -0.289406 0
outer loop
vertex 2.640290 -0.433513 3.944475
vertex 2.640290 -0.433513 3.737612
vertex 2.655287 -0.383913 3.739173
endloop
endfacet
facet normal 0.957206 -0.289406 0
outer loop
vertex 2.640290 -0.433513 3.944475
vertex 2.655287 -0.383913 3.739173
vertex 2.655287 -0.383913 3.945752
endloop
endfacet
facet normal -0.948959 0.3154 0
outer loop
vertex 2.901481 -0.437212 3.795892
vertex 2.877130 -0.510479 3.793028
vertex 2.877130 -0.510479 3.999456
endloop
endfacet
facet normal -0.948959 0.3154 0
outer loop
vertex 2.901481 -0.437212 3.795892
vertex 2.877130 -0.510479 3.999456
vertex 2.901481 -0.437212 4.003158
endloop
endfacet
facet normal 0.971692 -0.236251 0
outer loop
vertex 2.655287 -0.383913 3.945752
vertex 2.655287 -0.383913 3.739173
vertex 2.667675 -0.332961 3.740355
endloop
endfacet
facet normal 0.971692 -0.236251 0
outer loop
vertex 2.655287 -0.383913 3.945752
vertex 2.667675 -0.332961 3.740355
vertex 2.667675 -0.332961 3.946559
endloop
endfacet
facet normal -0.968079 0.250646 0
outer loop
vertex 2.921316 -0.360605 3.798076
vertex 2.901481 -0.437212 3.795892
vertex 2.901481 -0.437212 4.003158
endloop
endfacet
facet normal -0.968079 0.250646 0
outer loop
vertex 2.921316 -0.360605 3.798076
vertex 2.901481 -0.437212 4.003158
vertex 2.921316 -0.360605 4.005483
endloop
endfacet
facet normal 0.982961 -0.183816 0
outer loop
vertex 2.667675 -0.332961 3.946559
vertex 2.667675 -0.332961 3.740355
vertex 2.677456 -0.280656 3.741166
endloop
endfacet
facet normal 0.982961 -0.183816 0
outer loop
vertex 2.667675 -0.332961 3.946559
vertex 2.677456 -0.280656 3.741166
vertex 2.677456 -0.280656 3.946897
endloop
endfacet
facet normal -0.982137 0.188168 0
outer loop
vertex 2.936633 -0.280656 4.006665
vertex 2.936633 -0.280656 3.799622
vertex 2.921316 -0.360605 3.798076
endloop
endfacet
facet normal -0.982137 0.188168 0
outer loop
vertex 2.921316 -0.360605 3.798076
vertex 2.921316 -0.360605 4.005483
vertex 2.935020 -0.289074 4.006333
endloop
endfacet
facet normal -0.982136 0.188173 -1.78506e-06
outer loop
vertex 2.921316 -0.360605 3.798076
vertex 2.935020 -0.289074 4.006333
vertex 2.936633 -0.280656 4.006665
endloop
endfacet
facet normal 0.991239 -0.132079 0
outer loop
vertex 2.679685 -0.263926 3.946855
vertex 2.677456 -0.280656 3.946897
vertex 2.677456 -0.280656 3.741166
endloop
endfacet
facet normal 0.991239 -0.132081 0
outer loop
vertex 2.677456 -0.280656 3.741166
vertex 2.684489 -0.227874 3.741603
vertex 2.684489 -0.227874 3.947366
endloop
endfacet
facet normal 0.991239 -0.132081 2.02532e-07
outer loop
vertex 2.677456 -0.280656 3.741166
vertex 2.684489 -0.227874 3.947366
vertex 2.679685 -0.263926 3.946855
endloop
endfacet
facet normal -0.991791 0.12787 0
outer loop
vertex 2.947113 -0.199375 3.800531
vertex 2.936633 -0.280656 3.799622
vertex 2.936633 -0.280656 4.006665
endloop
endfacet
facet normal -0.991791 0.12787 0
outer loop
vertex 2.947113 -0.199375 3.800531
vertex 2.936633 -0.280656 4.006665
vertex 2.947113 -0.199375 4.008463
endloop
endfacet
facet normal 0.997 -0.0774031 0
outer loop
vertex 2.684489 -0.227874 3.947366
vertex 2.684489 -0.227874 3.741603
vertex 2.688482 -0.176444 3.741629
endloop
endfacet
facet normal 0.997 -0.0774031 0
outer loop
vertex 2.684489 -0.227874 3.947366
vertex 2.688482 -0.176444 3.741629
vertex 2.688482 -0.176444 3.947614
endloop
endfacet
facet normal 0.999819 -0.019012 0
outer loop
vertex 2.688482 -0.176444 3.947614
vertex 2.688482 -0.176444 3.741629
vertex 2.689434 -0.126367 3.741226
endloop
endfacet
facet normal 0.999819 -0.019012 0
outer loop
vertex 2.688482 -0.176444 3.947614
vertex 2.689434 -0.126367 3.741226
vertex 2.689434 -0.126367 3.947359
endloop
endfacet
facet normal -0.998051 0.0624076 0
outer loop
vertex 2.951974 -0.121634 3.800681
vertex 2.947113 -0.199375 3.800531
vertex 2.947113 -0.199375 4.008463
endloop
endfacet
facet normal -0.998051 0.0624076 0
outer loop
vertex 2.951974 -0.121634 3.800681
vertex 2.947113 -0.199375 4.008463
vertex 2.951974 -0.121634 4.008752
endloop
endfacet
facet normal 0.999083 0.0428198 0
outer loop
vertex 2.689434 -0.126367 3.947359
vertex 2.689434 -0.126367 3.741226
vertex 2.687346 -0.077642 3.740375
endloop
endfacet
facet normal 0.999083 0.0428198 0
outer loop
vertex 2.689434 -0.126367 3.947359
vertex 2.687346 -0.077642 3.740375
vertex 2.687346 -0.077642 3.946603
endloop
endfacet
facet normal -0.999948 -0.0101915 0
outer loop
vertex 2.951217 -0.047432 3.799997
vertex 2.951974 -0.121634 3.800681
vertex 2.951974 -0.121634 4.008752
endloop
endfacet
facet normal -0.999948 -0.0101915 0
outer loop
vertex 2.951217 -0.047432 3.799997
vertex 2.951974 -0.121634 4.008752
vertex 2.951217 -0.047432 4.007532
endloop
endfacet
facet normal 0.994191 0.107627 0
outer loop
vertex 2.687346 -0.077642 3.946603
vertex 2.687346 -0.077642 3.740375
vertex 2.682218 -0.030269 3.739064
endloop
endfacet
facet normal 0.994191 0.107627 0
outer loop
vertex 2.687346 -0.077642 3.946603
vertex 2.682218 -0.030269 3.739064
vertex 2.682218 -0.030269 3.945345
endloop
endfacet
facet normal -0.995955 -0.0898488 -0
outer loop
vertex 2.944843 0.023229 4.005435
vertex 2.944843 0.023229 3.798419
vertex 2.951217 -0.047432 3.799997
endloop
endfacet
facet normal -0.995955 -0.0898504 0
outer loop
vertex 2.951217 -0.047432 3.799997
vertex 2.951217 -0.047432 4.007532
vertex 2.946938 -0.000000 4.005700
endloop
endfacet
facet normal -0.995956 -0.0898454 -1.17379e-06
outer loop
vertex 2.951217 -0.047432 3.799997
vertex 2.946938 -0.000000 4.005700
vertex 2.944843 0.023229 4.005435
endloop
endfacet
facet normal 0.984607 0.174782 0
outer loop
vertex 2.676844 0.000000 3.944188
vertex 2.682218 -0.030269 3.945345
vertex 2.682218 -0.030269 3.739064
endloop
endfacet
facet normal 0.984607 0.174785 0
outer loop
vertex 2.682218 -0.030269 3.739064
vertex 2.674048 0.015751 3.737279
vertex 2.674048 0.015751 3.943846
endloop
endfacet
facet normal 0.984605 0.174791 -1.44993e-06
outer loop
vertex 2.682218 -0.030269 3.739064
vertex 2.674048 0.015751 3.943846
vertex 2.676844 0.000000 3.944188
endloop
endfacet
facet normal -0.984412 -0.17588 0
outer loop
vertex 2.932851 0.090350 3.795893
vertex 2.944843 0.023229 3.798419
vertex 2.944843 0.023229 4.005435
endloop
endfacet
facet normal -0.984412 -0.17588 0
outer loop
vertex 2.932851 0.090350 3.795893
vertex 2.944843 0.023229 4.005435
vertex 2.932851 0.090350 4.003025
endloop
endfacet
facet normal 0.967834 0.25159 0
outer loop
vertex 2.674048 0.015751 3.943846
vertex 2.674048 0.015751 3.737279
vertex 2.662649 0.059603 3.734968
endloop
endfacet
facet normal 0.967834 0.25159 0
outer loop
vertex 2.674048 0.015751 3.943846
vertex 2.662649 0.059603 3.734968
vertex 2.662649 0.059603 3.942286
endloop
endfacet
facet normal -0.963717 -0.266925 0
outer loop
vertex 2.915240 0.153931 3.792380
vertex 2.932851 0.090350 3.795893
vertex 2.932851 0.090350 4.003025
endloop
endfacet
facet normal -0.963717 -0.266925 0
outer loop
vertex 2.915240 0.153931 3.792380
vertex 2.932851 0.090350 4.003025
vertex 2.915240 0.153931 3.999009
endloop
endfacet
facet normal 0.940096 0.34091 0
outer loop
vertex 2.662649 0.059603 3.942286
vertex 2.662649 0.059603 3.734968
vertex 2.647828 0.100473 3.732069
endloop
endfacet
facet normal 0.940096 0.34091 0
outer loop
vertex 2.662649 0.059603 3.942286
vertex 2.647828 0.100473 3.732069
vertex 2.647828 0.100473 3.940125
endloop
endfacet
facet normal -0.933768 -0.357878 0
outer loop
vertex 2.892427 0.213455 3.787935
vertex 2.915240 0.153931 3.792380
vertex 2.915240 0.153931 3.999009
endloop
endfacet
facet normal -0.933768 -0.357878 0
outer loop
vertex 2.892427 0.213455 3.787935
vertex 2.915240 0.153931 3.999009
vertex 2.892427 0.213455 3.993496
endloop
endfacet
facet normal 0.901007 0.433805 0
outer loop
vertex 2.647828 0.100473 3.940125
vertex 2.647828 0.100473 3.732069
vertex 2.629587 0.138359 3.728565
endloop
endfacet
facet normal 0.901007 0.433805 0
outer loop
vertex 2.647828 0.100473 3.940125
vertex 2.629587 0.138359 3.728565
vertex 2.629587 0.138359 3.937361
endloop
endfacet
facet normal -0.893595 -0.448875 0
outer loop
vertex 2.864824 0.268405 3.782615
vertex 2.892427 0.213455 3.787935
vertex 2.892427 0.213455 3.993496
endloop
endfacet
facet normal -0.893595 -0.448875 0
outer loop
vertex 2.864824 0.268405 3.782615
vertex 2.892427 0.213455 3.993496
vertex 2.864824 0.268405 3.986593
endloop
endfacet
facet normal -0.841124 -0.540843 -0
outer loop
vertex 2.832433 0.318780 3.979379
vertex 2.832433 0.318780 3.776389
vertex 2.864824 0.268405 3.782615
endloop
endfacet
facet normal -0.841125 -0.540841 0
outer loop
vertex 2.864824 0.268405 3.782615
vertex 2.864824 0.268405 3.986593
vertex 2.856506 0.281341 3.984463
endloop
endfacet
facet normal -0.841123 -0.540843 2.56913e-07
outer loop
vertex 2.864824 0.268405 3.782615
vertex 2.856506 0.281341 3.984463
vertex 2.832433 0.318780 3.979379
endloop
endfacet
facet normal -0.66144 0.749998 0
outer loop
vertex 2.641501 -0.874544 3.761045
vertex 2.589680 -0.920246 3.753450
vertex 2.589680 -0.920246 3.956807
endloop
endfacet
facet normal -0.66144 0.749998 0
outer loop
vertex 2.641501 -0.874544 3.761045
vertex 2.589680 -0.920246 3.956807
vertex 2.641501 -0.874544 3.962449
endloop
endfacet
facet normal 0.725629 -0.688086 0
outer loop
vertex 2.463384 -0.730119 3.926169
vertex 2.463384 -0.730119 3.715205
vertex 2.496161 -0.695554 3.719756
endloop
endfacet
facet normal 0.725629 -0.688086 0
outer loop
vertex 2.463384 -0.730119 3.926169
vertex 2.496161 -0.695554 3.719756
vertex 2.496161 -0.695554 3.930122
endloop
endfacet
facet normal -0.719506 0.694486 0
outer loop
vertex 2.689990 -0.824307 3.968803
vertex 2.689990 -0.824307 3.768002
vertex 2.641501 -0.874544 3.761045
endloop
endfacet
facet normal -0.719506 0.694486 0
outer loop
vertex 2.641501 -0.874544 3.761045
vertex 2.641501 -0.874544 3.962449
vertex 2.666670 -0.848468 3.964968
endloop
endfacet
facet normal -0.719506 0.694487 -1.90882e-07
outer loop
vertex 2.641501 -0.874544 3.761045
vertex 2.666670 -0.848468 3.964968
vertex 2.689990 -0.824307 3.968803
endloop
endfacet
facet normal 0.77785 -0.62845 0
outer loop
vertex 2.496161 -0.695554 3.930122
vertex 2.496161 -0.695554 3.719756
vertex 2.526465 -0.658046 3.723831
endloop
endfacet
facet normal 0.77785 -0.62845 0
outer loop
vertex 2.496161 -0.695554 3.930122
vertex 2.526465 -0.658046 3.723831
vertex 2.526465 -0.658046 3.933548
endloop
endfacet
facet normal -0.771569 0.636146 0
outer loop
vertex 2.735148 -0.769536 3.977050
vertex 2.735148 -0.769536 3.774337
vertex 2.689990 -0.824307 3.768002
endloop
endfacet
facet normal -0.771569 0.636145 0
outer loop
vertex 2.689990 -0.824307 3.768002
vertex 2.689990 -0.824307 3.968803
vertex 2.695469 -0.817662 3.969613
endloop
endfacet
facet normal -0.771569 0.636146 -5.11773e-08
outer loop
vertex 2.689990 -0.824307 3.768002
vertex 2.695469 -0.817662 3.969613
vertex 2.735148 -0.769536 3.977050
endloop
endfacet
facet normal 0.823839 -0.566823 0
outer loop
vertex 2.526465 -0.658046 3.933548
vertex 2.526465 -0.658046 3.723831
vertex 2.554297 -0.617594 3.727439
endloop
endfacet
facet normal 0.823839 -0.566823 0
outer loop
vertex 2.526465 -0.658046 3.933548
vertex 2.554297 -0.617594 3.727439
vertex 2.554297 -0.617594 3.936449
endloop
endfacet
facet normal -0.817202 0.576352 0
outer loop
vertex 2.776974 -0.710231 3.780074
vertex 2.735148 -0.769536 3.774337
vertex 2.735148 -0.769536 3.977050
endloop
endfacet
facet normal -0.817202 0.576352 0
outer loop
vertex 2.776974 -0.710231 3.780074
vertex 2.735148 -0.769536 3.977050
vertex 2.776974 -0.710231 3.984312
endloop
endfacet
facet normal 0.863384 -0.504548 0
outer loop
vertex 2.554297 -0.617594 3.936449
vertex 2.554297 -0.617594 3.727439
vertex 2.579656 -0.574199 3.730592
endloop
endfacet
facet normal 0.863384 -0.504548 0
outer loop
vertex 2.554297 -0.617594 3.936449
vertex 2.579656 -0.574199 3.730592
vertex 2.579656 -0.574199 3.938823
endloop
endfacet
facet normal -0.857754 0.514061 0
outer loop
vertex 2.814877 -0.646988 3.785141
vertex 2.776974 -0.710231 3.780074
vertex 2.776974 -0.710231 3.984312
endloop
endfacet
facet normal -0.857754 0.514061 0
outer loop
vertex 2.814877 -0.646988 3.785141
vertex 2.776974 -0.710231 3.984312
vertex 2.814877 -0.646988 3.990251
endloop
endfacet
facet normal 0.894053 -0.447961 0
outer loop
vertex 2.579656 -0.574199 3.938823
vertex 2.579656 -0.574199 3.730592
vertex 2.602475 -0.528656 3.733325
endloop
endfacet
facet normal 0.894053 -0.447961 0
outer loop
vertex 2.579656 -0.574199 3.938823
vertex 2.602475 -0.528656 3.733325
vertex 2.602475 -0.528656 3.940693
endloop
endfacet
facet normal -0.893927 0.448212 0
outer loop
vertex 2.848262 -0.580404 3.789453
vertex 2.814877 -0.646988 3.785141
vertex 2.814877 -0.646988 3.990251
endloop
endfacet
facet normal -0.893927 0.448212 0
outer loop
vertex 2.848262 -0.580404 3.789453
vertex 2.814877 -0.646988 3.990251
vertex 2.848262 -0.580404 3.994748
endloop
endfacet
facet normal 0.918337 -0.3958 0
outer loop
vertex 2.606838 -0.518532 3.940993
vertex 2.602475 -0.528656 3.940693
vertex 2.602475 -0.528656 3.733325
endloop
endfacet
facet normal 0.918339 -0.395796 0
outer loop
vertex 2.602475 -0.528656 3.733325
vertex 2.622687 -0.481761 3.735664
vertex 2.622687 -0.481761 3.942729
endloop
endfacet
facet normal 0.918339 -0.395794 -3.40286e-07
outer loop
vertex 2.602475 -0.528656 3.733325
vertex 2.622687 -0.481761 3.942729
vertex 2.606838 -0.518532 3.940993
endloop
endfacet
facet normal 0.939422 -0.342762 0
outer loop
vertex 2.622687 -0.481761 3.942729
vertex 2.622687 -0.481761 3.735664
vertex 2.640290 -0.433513 3.737612
endloop
endfacet
facet normal 0.939422 -0.342762 0
outer loop
vertex 2.622687 -0.481761 3.942729
vertex 2.640290 -0.433513 3.737612
vertex 2.640290 -0.433513 3.944475
endloop
endfacet
facet normal 0.849664 0.527325 0
outer loop
vertex 2.629587 0.138359 3.937361
vertex 2.629587 0.138359 3.728565
vertex 2.607925 0.173262 3.724444
endloop
endfacet
facet normal 0.849664 0.527325 0
outer loop
vertex 2.629587 0.138359 3.937361
vertex 2.607925 0.173262 3.724444
vertex 2.607925 0.173262 3.933995
endloop
endfacet
facet normal -0.776388 -0.630255 0
outer loop
vertex 2.795252 0.364582 3.769241
vertex 2.832433 0.318780 3.776389
vertex 2.832433 0.318780 3.979379
endloop
endfacet
facet normal -0.776388 -0.630255 0
outer loop
vertex 2.795252 0.364582 3.769241
vertex 2.832433 0.318780 3.979379
vertex 2.795252 0.364582 3.971036
endloop
endfacet
facet normal 0.786289 0.617859 0
outer loop
vertex 2.607925 0.173262 3.933995
vertex 2.607925 0.173262 3.724444
vertex 2.582843 0.205182 3.719698
endloop
endfacet
facet normal 0.786289 0.617859 0
outer loop
vertex 2.607925 0.173262 3.933995
vertex 2.582843 0.205182 3.719698
vertex 2.582843 0.205182 3.930027
endloop
endfacet
facet normal -0.700771 -0.713386 0
outer loop
vertex 2.769377 0.390000 3.964968
vertex 2.753283 0.405809 3.962670
vertex 2.753283 0.405809 3.761161
endloop
endfacet
facet normal -0.700771 -0.713387 0
outer loop
vertex 2.753283 0.405809 3.761161
vertex 2.795252 0.364582 3.769241
vertex 2.795252 0.364582 3.971036
endloop
endfacet
facet normal -0.70077 -0.713387 -7.22041e-08
outer loop
vertex 2.753283 0.405809 3.761161
vertex 2.795252 0.364582 3.971036
vertex 2.769377 0.390000 3.964968
endloop
endfacet
facet normal 0.712423 0.70175 0
outer loop
vertex 2.582843 0.205182 3.930027
vertex 2.582843 0.205182 3.719698
vertex 2.554340 0.234118 3.714326
endloop
endfacet
facet normal 0.712423 0.70175 0
outer loop
vertex 2.582843 0.205182 3.930027
vertex 2.554340 0.234118 3.714326
vertex 2.554340 0.234118 3.925458
endloop
endfacet
facet normal -0.616929 -0.787019 -0
outer loop
vertex 2.706524 0.442462 3.955765
vertex 2.706524 0.442462 3.752154
vertex 2.753283 0.405809 3.761161
endloop
endfacet
facet normal -0.616929 -0.787019 0
outer loop
vertex 2.706524 0.442462 3.955765
vertex 2.753283 0.405809 3.761161
vertex 2.753283 0.405809 3.962670
endloop
endfacet
facet normal 0.616258 0.787544 0
outer loop
vertex 2.554340 0.234118 3.925458
vertex 2.554340 0.234118 3.714326
vertex 2.522189 0.259276 3.708268
endloop
endfacet
facet normal 0.616257 0.787545 -0
outer loop
vertex 2.522189 0.259276 3.708268
vertex 2.522189 0.259276 3.920421
vertex 2.534519 0.249628 3.922242
endloop
endfacet
facet normal 0.616259 0.787543 -1.63659e-07
outer loop
vertex 2.522189 0.259276 3.708268
vertex 2.534519 0.249628 3.922242
vertex 2.554340 0.234118 3.925458
endloop
endfacet
facet normal -0.524457 -0.851437 -0
outer loop
vertex 2.655381 0.473964 3.948000
vertex 2.655381 0.473964 3.742297
vertex 2.706524 0.442462 3.752154
endloop
endfacet
facet normal -0.524457 -0.851437 0
outer loop
vertex 2.655381 0.473964 3.948000
vertex 2.706524 0.442462 3.752154
vertex 2.706524 0.442462 3.955765
endloop
endfacet
facet normal -0.423574 -0.905861 -0
outer loop
vertex 2.600260 0.499739 3.939427
vertex 2.600260 0.499739 3.731667
vertex 2.655381 0.473964 3.742297
endloop
endfacet
facet normal -0.423575 -0.905861 0
outer loop
vertex 2.600260 0.499739 3.939427
vertex 2.655381 0.473964 3.742297
vertex 2.655381 0.473964 3.948000
endloop
endfacet
facet normal -0.122152 0.992511 0
outer loop
vertex 2.218272 -1.089689 3.695392
vertex 2.148464 -1.098281 3.683900
vertex 2.148464 -1.098281 3.899951
endloop
endfacet
facet normal -0.122152 0.992511 0
outer loop
vertex 2.218272 -1.089689 3.695392
vertex 2.148464 -1.098281 3.899951
vertex 2.218272 -1.089689 3.909991
endloop
endfacet
facet normal 0.135234 -0.990814 0
outer loop
vertex 2.165416 -0.869771 3.886450
vertex 2.165416 -0.869771 3.668771
vertex 2.215249 -0.862969 3.677068
endloop
endfacet
facet normal 0.135234 -0.990814 0
outer loop
vertex 2.165416 -0.869771 3.886450
vertex 2.215249 -0.862969 3.677068
vertex 2.215249 -0.862969 3.893990
endloop
endfacet
facet normal -0.138487 0.990364 0
outer loop
vertex 2.251967 0.314166 3.657704
vertex 2.202900 0.307305 3.648751
vertex 2.202900 0.307305 3.868255
endloop
endfacet
facet normal -0.138487 0.990364 0
outer loop
vertex 2.251967 0.314166 3.657704
vertex 2.202900 0.307305 3.868255
vertex 2.251967 0.314166 3.876625
endloop
endfacet
facet normal 0.123502 -0.992344 0
outer loop
vertex 2.199889 0.534105 3.874944
vertex 2.199889 0.534105 3.655885
vertex 2.268922 0.542696 3.668651
endloop
endfacet
facet normal 0.123502 -0.992344 0
outer loop
vertex 2.199889 0.534105 3.874944
vertex 2.268922 0.542696 3.668651
vertex 2.268922 0.542696 3.886609
endloop
endfacet
facet normal 0.993383 -0.114846 0
outer loop
vertex 0.690182 -0.769099 3.707457
vertex 0.690182 -0.769099 3.492901
vertex 0.696656 -0.713095 3.489927
endloop
endfacet
facet normal 0.993383 -0.114846 0
outer loop
vertex 0.690182 -0.769099 3.707457
vertex 0.696656 -0.713095 3.489927
vertex 0.696656 -0.713095 3.705290
endloop
endfacet
facet normal -0.0113529 0.999936 0
outer loop
vertex 1.017930 -1.076623 3.538195
vertex 1.002170 -1.076802 3.536932
vertex 1.002170 -1.076802 3.741000
endloop
endfacet
facet normal -0.0113529 0.999936 0
outer loop
vertex 1.017930 -1.076623 3.538195
vertex 1.002170 -1.076802 3.741000
vertex 1.017930 -1.076623 3.742766
endloop
endfacet
facet normal 0.0448249 0.998995 0
outer loop
vertex 1.002170 -1.076802 3.536932
vertex 0.943663 -1.074177 3.532131
vertex 0.943663 -1.074177 3.734034
endloop
endfacet
facet normal 0.0448249 0.998995 -0
outer loop
vertex 1.002170 -1.076802 3.536932
vertex 0.943663 -1.074177 3.734034
vertex 1.002170 -1.076802 3.741000
endloop
endfacet
facet normal -0.308863 -0.951106 -0
outer loop
vertex 1.000967 -0.838209 3.723275
vertex 1.000967 -0.838209 3.518479
vertex 1.019646 -0.844275 3.520405
endloop
endfacet
facet normal -0.308863 -0.951106 0
outer loop
vertex 1.000967 -0.838209 3.723275
vertex 1.019646 -0.844275 3.520405
vertex 1.019646 -0.844275 3.724319
endloop
endfacet
facet normal 0.148691 0.988884 0
outer loop
vertex 0.943663 -1.074177 3.734034
vertex 0.943663 -1.074177 3.532131
vertex 0.891286 -1.066301 3.527592
endloop
endfacet
facet normal 0.14869 0.988884 -0
outer loop
vertex 0.891286 -1.066301 3.527592
vertex 0.891286 -1.066301 3.728177
vertex 0.903656 -1.068161 3.728742
endloop
endfacet
facet normal 0.148691 0.988884 -9.01425e-08
outer loop
vertex 0.891286 -1.066301 3.527592
vertex 0.903656 -1.068161 3.728742
vertex 0.943663 -1.074177 3.734034
endloop
endfacet
facet normal -0.486088 -0.87391 -0
outer loop
vertex 0.985700 -0.829717 3.722282
vertex 0.985700 -0.829717 3.516691
vertex 1.000967 -0.838209 3.518479
endloop
endfacet
facet normal -0.486088 -0.87391 0
outer loop
vertex 0.985700 -0.829717 3.722282
vertex 1.000967 -0.838209 3.518479
vertex 1.000967 -0.838209 3.723275
endloop
endfacet
facet normal 0.273038 0.962003 0
outer loop
vertex 0.891286 -1.066301 3.728177
vertex 0.891286 -1.066301 3.527592
vertex 0.845039 -1.053175 3.523249
endloop
endfacet
facet normal 0.273038 0.962003 -0
outer loop
vertex 0.845039 -1.053175 3.523249
vertex 0.845039 -1.053175 3.725884
vertex 0.870173 -1.060309 3.727091
endloop
endfacet
facet normal 0.273037 0.962004 1.70228e-07
outer loop
vertex 0.845039 -1.053175 3.523249
vertex 0.870173 -1.060309 3.727091
vertex 0.891286 -1.066301 3.728177
endloop
endfacet
facet normal -0.677413 -0.735602 -0
outer loop
vertex 0.973844 -0.818798 3.721342
vertex 0.973844 -0.818798 3.515034
vertex 0.985700 -0.829717 3.516691
endloop
endfacet
facet normal -0.677413 -0.735603 0
outer loop
vertex 0.973844 -0.818798 3.721342
vertex 0.985700 -0.829717 3.516691
vertex 0.985700 -0.829717 3.722282
endloop
endfacet
facet normal 0.416458 0.909155 0
outer loop
vertex 0.845039 -1.053175 3.523249
vertex 0.804922 -1.034799 3.519048
vertex 0.804922 -1.034799 3.723629
endloop
endfacet
facet normal 0.416458 0.909155 -0
outer loop
vertex 0.845039 -1.053175 3.523249
vertex 0.804922 -1.034799 3.723629
vertex 0.845039 -1.053175 3.725884
endloop
endfacet
facet normal 0.570802 0.821088 0
outer loop
vertex 0.804922 -1.034799 3.519048
vertex 0.770935 -1.011172 3.514955
vertex 0.770935 -1.011172 3.721341
endloop
endfacet
facet normal 0.570802 0.821088 -0
outer loop
vertex 0.804922 -1.034799 3.519048
vertex 0.770935 -1.011172 3.721341
vertex 0.804922 -1.034799 3.723629
endloop
endfacet
facet normal 0.719709 0.694275 0
outer loop
vertex 0.770935 -1.011172 3.721341
vertex 0.770935 -1.011172 3.514955
vertex 0.743079 -0.982295 3.510947
endloop
endfacet
facet normal 0.719709 0.694275 0
outer loop
vertex 0.770935 -1.011172 3.721341
vertex 0.743079 -0.982295 3.510947
vertex 0.743079 -0.982295 3.719021
endloop
endfacet
facet normal 0.838163 0.54542 0
outer loop
vertex 0.743079 -0.982295 3.719021
vertex 0.743079 -0.982295 3.510947
vertex 0.721130 -0.948566 3.507040
endloop
endfacet
facet normal 0.838163 0.54542 0
outer loop
vertex 0.743079 -0.982295 3.719021
vertex 0.721130 -0.948566 3.507040
vertex 0.721130 -0.948566 3.716678
endloop
endfacet
facet normal -0.845007 -0.534755 0
outer loop
vertex 0.965399 -0.805454 3.513506
vertex 0.973844 -0.818798 3.515034
vertex 0.973844 -0.818798 3.721342
endloop
endfacet
facet normal -0.845007 -0.534755 0
outer loop
vertex 0.965399 -0.805454 3.513506
vertex 0.973844 -0.818798 3.721342
vertex 0.965399 -0.805454 3.720455
endloop
endfacet
facet normal 0.92002 0.391871 0
outer loop
vertex 0.721130 -0.948566 3.716678
vertex 0.721130 -0.948566 3.507040
vertex 0.704866 -0.910381 3.503257
endloop
endfacet
facet normal 0.92002 0.391871 0
outer loop
vertex 0.721130 -0.948566 3.716678
vertex 0.704866 -0.910381 3.503257
vertex 0.704866 -0.910381 3.714324
endloop
endfacet
facet normal 0.970571 0.240815 0
outer loop
vertex 0.704866 -0.910381 3.714324
vertex 0.704866 -0.910381 3.503257
vertex 0.694286 -0.867742 3.499616
endloop
endfacet
facet normal 0.970571 0.240815 0
outer loop
vertex 0.704866 -0.910381 3.714324
vertex 0.694286 -0.867742 3.499616
vertex 0.694286 -0.867742 3.711959
endloop
endfacet
facet normal -0.944475 -0.328583 0
outer loop
vertex 0.959704 -0.789086 3.512017
vertex 0.965399 -0.805454 3.513506
vertex 0.965399 -0.805454 3.720455
endloop
endfacet
facet normal -0.944475 -0.328583 0
outer loop
vertex 0.959704 -0.789086 3.512017
vertex 0.965399 -0.805454 3.720455
vertex 0.959704 -0.789086 3.719568
endloop
endfacet
facet normal 0.994642 0.103377 0
outer loop
vertex 0.691698 -0.842836 3.710703
vertex 0.694286 -0.867742 3.711959
vertex 0.694286 -0.867742 3.499616
endloop
endfacet
facet normal 0.994642 0.103378 0
outer loop
vertex 0.694286 -0.867742 3.499616
vertex 0.689392 -0.820648 3.496149
vertex 0.689392 -0.820648 3.709654
endloop
endfacet
facet normal 0.994642 0.103379 -2.10512e-07
outer loop
vertex 0.694286 -0.867742 3.499616
vertex 0.689392 -0.820648 3.709654
vertex 0.691698 -0.842836 3.710703
endloop
endfacet
facet normal -0.984132 -0.177439 -0
outer loop
vertex 0.956101 -0.769099 3.718698
vertex 0.956101 -0.769099 3.510488
vertex 0.959704 -0.789086 3.512017
endloop
endfacet
facet normal -0.984133 -0.177432 0
outer loop
vertex 0.959704 -0.789086 3.512017
vertex 0.959704 -0.789086 3.719568
vertex 0.959392 -0.787352 3.719486
endloop
endfacet
facet normal -0.984132 -0.17744 6.85164e-08
outer loop
vertex 0.959704 -0.789086 3.512017
vertex 0.959392 -0.787352 3.719486
vertex 0.956101 -0.769099 3.718698
endloop
endfacet
facet normal 0.999883 -0.0153223 0
outer loop
vertex 0.689392 -0.820648 3.709654
vertex 0.689392 -0.820648 3.496149
vertex 0.690182 -0.769099 3.492901
endloop
endfacet
facet normal 0.999883 -0.0153223 0
outer loop
vertex 0.689392 -0.820648 3.709654
vertex 0.690182 -0.769099 3.492901
vertex 0.690182 -0.769099 3.707457
endloop
endfacet
facet normal -0.997952 -0.0639632 0
outer loop
vertex 0.954588 -0.745492 3.508936
vertex 0.956101 -0.769099 3.510488
vertex 0.956101 -0.769099 3.718698
endloop
endfacet
facet normal -0.997952 -0.0639632 0
outer loop
vertex 0.954588 -0.745492 3.508936
vertex 0.956101 -0.769099 3.718698
vertex 0.954588 -0.745492 3.717807
endloop
endfacet
facet normal -0.999775 0.0212088 0
outer loop
vertex 0.955165 -0.718266 3.507379
vertex 0.954588 -0.745492 3.508936
vertex 0.954588 -0.745492 3.717807
endloop
endfacet
facet normal -0.999775 0.0212089 0
outer loop
vertex 0.955165 -0.718266 3.507379
vertex 0.954588 -0.745492 3.717807
vertex 0.955165 -0.718266 3.716888
endloop
endfacet
facet normal -0.99628 0.0861754 0
outer loop
vertex 0.957833 -0.687420 3.505842
vertex 0.955165 -0.718266 3.507379
vertex 0.955165 -0.718266 3.716888
endloop
endfacet
facet normal -0.99628 0.0861754 0
outer loop
vertex 0.957833 -0.687420 3.505842
vertex 0.955165 -0.718266 3.716888
vertex 0.957833 -0.687420 3.715941
endloop
endfacet
facet normal -0.990602 0.136776 0
outer loop
vertex 0.962592 -0.652955 3.504353
vertex 0.957833 -0.687420 3.505842
vertex 0.957833 -0.687420 3.715941
endloop
endfacet
facet normal -0.990602 0.136776 0
outer loop
vertex 0.962592 -0.652955 3.504353
vertex 0.957833 -0.687420 3.715941
vertex 0.962592 -0.652955 3.714967
endloop
endfacet
facet normal 0.98744 -0.157991 0
outer loop
vertex 0.698924 -0.698924 3.704767
vertex 0.696656 -0.713095 3.705290
vertex 0.696656 -0.713095 3.489927
endloop
endfacet
facet normal 0.987441 -0.157991 0
outer loop
vertex 0.981436 1.066778 3.534416
vertex 0.981436 1.066778 3.737393
vertex 0.971778 1.006419 3.728742
endloop
endfacet
facet normal 0.987441 -0.15799 1.97785e-07
outer loop
vertex 0.981436 1.066778 3.534416
vertex 0.971778 1.006419 3.728742
vertex 0.965180 0.965180 3.726701
endloop
endfacet
facet normal 0.987441 -0.157991 -5.54054e-08
outer loop
vertex 0.698924 -0.698924 3.704767
vertex 0.696656 -0.713095 3.489927
vertex 0.981436 1.066778 3.534416
endloop
endfacet
facet normal 0.987441 -0.157991 -2.48882e-06
outer loop
vertex 0.716649 -0.588139 3.701193
vertex 0.698924 -0.698924 3.704767
vertex 0.981436 1.066778 3.534416
endloop
endfacet
facet normal 0.987441 -0.157991 -1.75754e-07
outer loop
vertex 0.981436 1.066778 3.534416
vertex 0.965180 0.965180 3.726701
vertex 0.933302 0.765941 3.717520
endloop
endfacet
facet normal 0.987441 -0.15799 4.12578e-07
outer loop
vertex 0.981436 1.066778 3.534416
vertex 0.933302 0.765941 3.717520
vertex 0.907803 0.606575 3.710789
endloop
endfacet
facet normal 0.987441 -0.15799 9.18502e-07
outer loop
vertex 0.732447 -0.489405 3.698503
vertex 0.716649 -0.588139 3.701193
vertex 0.981436 1.066778 3.534416
endloop
endfacet
facet normal 0.987441 -0.15799 4.71034e-06
outer loop
vertex 0.746877 -0.399214 3.696521
vertex 0.732447 -0.489405 3.698503
vertex 0.981436 1.066778 3.534416
endloop
endfacet
facet normal 0.987441 -0.15799 -1.43005e-07
outer loop
vertex 0.981436 1.066778 3.534416
vertex 0.907803 0.606575 3.710789
vertex 0.886573 0.473883 3.705748
endloop
endfacet
facet normal 0.987441 -0.157991 -3.37011e-07
outer loop
vertex 0.981436 1.066778 3.534416
vertex 0.886573 0.473883 3.705748
vertex 0.868297 0.359660 3.701936
endloop
endfacet
facet normal 0.987441 -0.15799 1.58269e-07
outer loop
vertex 0.760359 -0.314951 3.695130
vertex 0.746877 -0.399214 3.696521
vertex 0.981436 1.066778 3.534416
endloop
endfacet
facet normal 0.987441 -0.157991 -7.85053e-07
outer loop
vertex 0.773223 -0.234555 3.694257
vertex 0.760359 -0.314951 3.695130
vertex 0.981436 1.066778 3.534416
endloop
endfacet
facet normal 0.987441 -0.157991 -1.93777e-06
outer loop
vertex 0.981436 1.066778 3.534416
vertex 0.868297 0.359660 3.701936
vertex 0.852109 0.258484 3.699059
endloop
endfacet
facet normal 0.987441 -0.15799 2.18199e-06
outer loop
vertex 0.981436 1.066778 3.534416
vertex 0.852109 0.258484 3.699059
vertex 0.837403 0.166570 3.696925
endloop
endfacet
facet normal 0.987441 -0.15799 2.30137e-06
outer loop
vertex 0.785744 -0.156294 3.693856
vertex 0.773223 -0.234555 3.694257
vertex 0.981436 1.066778 3.534416
endloop
endfacet
facet normal 0.987441 -0.157991 -2.8809e-06
outer loop
vertex 0.798173 -0.078613 3.693909
vertex 0.785744 -0.156294 3.693856
vertex 0.981436 1.066778 3.534416
endloop
endfacet
facet normal 0.987441 -0.15799 0
outer loop
vertex 0.981436 1.066778 3.534416
vertex 0.837403 0.166570 3.696925
vertex 0.823732 0.081131 3.695405
endloop
endfacet
facet normal 0.987441 -0.157991 -1.33178e-06
outer loop
vertex 0.810751 0.000000 3.694417
vertex 0.798173 -0.078613 3.693909
vertex 0.981436 1.066778 3.534416
endloop
endfacet
facet normal 0.987441 -0.15799 1.04837e-06
outer loop
vertex 0.981436 1.066778 3.534416
vertex 0.823732 0.081131 3.695405
vertex 0.810751 0.000000 3.694417
endloop
endfacet
facet normal -0.0565672 0.998399 0
outer loop
vertex 1.049502 -1.075191 3.540694
vertex 1.033707 -1.076086 3.539449
vertex 1.033707 -1.076086 3.744488
endloop
endfacet
facet normal -0.0565672 0.998399 0
outer loop
vertex 1.049502 -1.075191 3.540694
vertex 1.033707 -1.076086 3.744488
vertex 1.049502 -1.075191 3.746168
endloop
endfacet
facet normal -0.0789877 0.996876 0
outer loop
vertex 1.065315 -1.073938 3.541929
vertex 1.049502 -1.075191 3.540694
vertex 1.049502 -1.075191 3.746168
endloop
endfacet
facet normal -0.0789877 0.996876 0
outer loop
vertex 1.065315 -1.073938 3.541929
vertex 1.049502 -1.075191 3.746168
vertex 1.065315 -1.073938 3.747805
endloop
endfacet
facet normal -0.047521 -0.99887 -0
outer loop
vertex 1.041736 -0.847914 3.725448
vertex 1.041736 -0.847914 3.522482
vertex 1.067236 -0.849127 3.524725
endloop
endfacet
facet normal -0.047521 -0.99887 0
outer loop
vertex 1.041736 -0.847914 3.725448
vertex 1.067236 -0.849127 3.524725
vertex 1.067236 -0.849127 3.726684
endloop
endfacet
facet normal -0.141107 0.989994 0
outer loop
vertex 1.112479 -1.068151 3.545557
vertex 1.096992 -1.070358 3.544372
vertex 1.096992 -1.070358 3.751263
endloop
endfacet
facet normal -0.141107 0.989994 0
outer loop
vertex 1.112479 -1.068151 3.545557
vertex 1.096992 -1.070358 3.751263
vertex 1.112479 -1.068151 3.752951
endloop
endfacet
facet normal 0.0379793 -0.999279 0
outer loop
vertex 1.091073 -0.848809 3.727790
vertex 1.091073 -0.848809 3.526770
vertex 1.101538 -0.848411 3.527665
endloop
endfacet
facet normal 0.0379793 -0.999278 0
outer loop
vertex 1.091073 -0.848809 3.727790
vertex 1.101538 -0.848411 3.527665
vertex 1.101538 -0.848411 3.728266
endloop
endfacet
facet normal -0.101247 0.994861 0
outer loop
vertex 1.081144 -1.072327 3.749503
vertex 1.081144 -1.072327 3.543155
vertex 1.065315 -1.073938 3.541929
endloop
endfacet
facet normal -0.101245 0.994861 0
outer loop
vertex 1.065315 -1.073938 3.541929
vertex 1.065315 -1.073938 3.747805
vertex 1.073142 -1.073142 3.748594
endloop
endfacet
facet normal -0.101248 0.994861 1.10991e-07
outer loop
vertex 1.065315 -1.073938 3.541929
vertex 1.073142 -1.073142 3.748594
vertex 1.081144 -1.072327 3.749503
endloop
endfacet
facet normal 0.00641548 -0.999979 0
outer loop
vertex 1.067236 -0.849127 3.726684
vertex 1.067236 -0.849127 3.524725
vertex 1.079639 -0.849048 3.525789
endloop
endfacet
facet normal 0.00641548 -0.999979 0
outer loop
vertex 1.067236 -0.849127 3.726684
vertex 1.079639 -0.849048 3.525789
vertex 1.079639 -0.849048 3.727263
endloop
endfacet
facet normal -0.123291 0.99237 0
outer loop
vertex 1.096992 -1.070358 3.544372
vertex 1.081144 -1.072327 3.543155
vertex 1.081144 -1.072327 3.749503
endloop
endfacet
facet normal -0.123291 0.99237 0
outer loop
vertex 1.096992 -1.070358 3.544372
vertex 1.081144 -1.072327 3.749503
vertex 1.096992 -1.070358 3.751263
endloop
endfacet
facet normal 0.0208683 -0.999782 0
outer loop
vertex 1.079639 -0.849048 3.727263
vertex 1.079639 -0.849048 3.525789
vertex 1.091073 -0.848809 3.526770
endloop
endfacet
facet normal 0.0208683 -0.999782 0
outer loop
vertex 1.079639 -0.849048 3.727263
vertex 1.091073 -0.848809 3.526770
vertex 1.091073 -0.848809 3.727790
endloop
endfacet
facet normal 0.195245 -0.980755 0
outer loop
vertex 1.154561 -0.841808 3.733895
vertex 1.154561 -0.841808 3.532022
vertex 1.161155 -0.840496 3.532547
endloop
endfacet
facet normal 0.195245 -0.980754 0
outer loop
vertex 1.154561 -0.841808 3.733895
vertex 1.161155 -0.840496 3.532547
vertex 1.161155 -0.840496 3.734658
endloop
endfacet
facet normal -0.998655 -0.051851 -0
outer loop
vertex 1.167642 -0.839104 3.735398
vertex 1.167642 -0.839104 3.533060
vertex 1.178869 -1.055323 3.550574
endloop
endfacet
facet normal -0.998655 -0.0518513 0
outer loop
vertex 1.178869 -1.055323 3.550574
vertex 1.178869 -1.055323 3.759806
vertex 1.174104 -0.963563 3.748800
endloop
endfacet
facet normal -0.998655 -0.0518508 -2.69318e-07
outer loop
vertex 1.178869 -1.055323 3.550574
vertex 1.174104 -0.963563 3.748800
vertex 1.167642 -0.839104 3.735398
endloop
endfacet
facet normal 0.209793 -0.977746 0
outer loop
vertex 1.161155 -0.840496 3.734658
vertex 1.161155 -0.840496 3.532547
vertex 1.167642 -0.839104 3.533060
endloop
endfacet
facet normal 0.209793 -0.977746 0
outer loop
vertex 1.161155 -0.840496 3.734658
vertex 1.167642 -0.839104 3.533060
vertex 1.167642 -0.839104 3.735398
endloop
endfacet
facet normal -0.209338 0.977843 0
outer loop
vertex 1.167064 -1.058127 3.549700
vertex 1.154523 -1.060812 3.548759
vertex 1.154523 -1.060812 3.757382
endloop
endfacet
facet normal -0.209338 0.977843 0
outer loop
vertex 1.167064 -1.058127 3.549700
vertex 1.154523 -1.060812 3.757382
vertex 1.167064 -1.058127 3.758647
endloop
endfacet
facet normal 0.140243 -0.990117 0
outer loop
vertex 1.127119 -0.846263 3.730620
vertex 1.127119 -0.846263 3.529809
vertex 1.134140 -0.845269 3.530379
endloop
endfacet
facet normal 0.140243 -0.990117 0
outer loop
vertex 1.127119 -0.846263 3.730620
vertex 1.134140 -0.845269 3.530379
vertex 1.134140 -0.845269 3.731472
endloop
endfacet
facet normal -0.231117 0.972926 0
outer loop
vertex 1.178869 -1.055323 3.550574
vertex 1.167064 -1.058127 3.549700
vertex 1.167064 -1.058127 3.758647
endloop
endfacet
facet normal -0.231117 0.972926 0
outer loop
vertex 1.178869 -1.055323 3.550574
vertex 1.167064 -1.058127 3.758647
vertex 1.178869 -1.055323 3.759806
endloop
endfacet
facet normal 0.153495 -0.988149 0
outer loop
vertex 1.134140 -0.845269 3.731472
vertex 1.134140 -0.845269 3.530379
vertex 1.141053 -0.844195 3.530938
endloop
endfacet
facet normal 0.153495 -0.988149 0
outer loop
vertex 1.134140 -0.845269 3.731472
vertex 1.141053 -0.844195 3.530938
vertex 1.141053 -0.844195 3.732302
endloop
endfacet
facet normal 0.167067 -0.985946 0
outer loop
vertex 1.141053 -0.844195 3.732302
vertex 1.141053 -0.844195 3.530938
vertex 1.147861 -0.843041 3.531486
endloop
endfacet
facet normal 0.167067 -0.985946 0
outer loop
vertex 1.141053 -0.844195 3.732302
vertex 1.147861 -0.843041 3.531486
vertex 1.147861 -0.843041 3.733110
endloop
endfacet
facet normal 0.180983 -0.983486 0
outer loop
vertex 1.147861 -0.843041 3.733110
vertex 1.147861 -0.843041 3.531486
vertex 1.154561 -0.841808 3.532022
endloop
endfacet
facet normal 0.180983 -0.983486 0
outer loop
vertex 1.147861 -0.843041 3.733110
vertex 1.154561 -0.841808 3.532022
vertex 1.154561 -0.841808 3.733895
endloop
endfacet
facet normal -0.155813 0.987787 0
outer loop
vertex 1.127231 -1.065824 3.546685
vertex 1.112479 -1.068151 3.545557
vertex 1.112479 -1.068151 3.752951
endloop
endfacet
facet normal -0.155813 0.987787 0
outer loop
vertex 1.127231 -1.065824 3.546685
vertex 1.112479 -1.068151 3.752951
vertex 1.127231 -1.065824 3.754534
endloop
endfacet
facet normal 0.0585376 -0.998285 0
outer loop
vertex 1.101538 -0.848411 3.728266
vertex 1.101538 -0.848411 3.527665
vertex 1.111034 -0.847854 3.528471
endloop
endfacet
facet normal 0.0585376 -0.998285 0
outer loop
vertex 1.101538 -0.848411 3.728266
vertex 1.111034 -0.847854 3.528471
vertex 1.111034 -0.847854 3.728692
endloop
endfacet
facet normal -0.171953 0.985105 0
outer loop
vertex 1.141245 -1.063378 3.547753
vertex 1.127231 -1.065824 3.546685
vertex 1.127231 -1.065824 3.754534
endloop
endfacet
facet normal -0.171953 0.985105 0
outer loop
vertex 1.141245 -1.063378 3.547753
vertex 1.127231 -1.065824 3.754534
vertex 1.141245 -1.063378 3.756011
endloop
endfacet
facet normal 0.0836853 -0.996492 0
outer loop
vertex 1.112171 -0.847759 3.728742
vertex 1.111034 -0.847854 3.728692
vertex 1.111034 -0.847854 3.528471
endloop
endfacet
facet normal 0.0836704 -0.996493 0
outer loop
vertex 1.111034 -0.847854 3.528471
vertex 1.119561 -0.847138 3.529186
vertex 1.119561 -0.847138 3.729682
endloop
endfacet
facet normal 0.083668 -0.996494 9.86239e-08
outer loop
vertex 1.111034 -0.847854 3.528471
vertex 1.119561 -0.847138 3.729682
vertex 1.112171 -0.847759 3.728742
endloop
endfacet
facet normal -0.189709 0.98184 0
outer loop
vertex 1.154523 -1.060812 3.548759
vertex 1.141245 -1.063378 3.547753
vertex 1.141245 -1.063378 3.756011
endloop
endfacet
facet normal -0.189709 0.98184 0
outer loop
vertex 1.154523 -1.060812 3.548759
vertex 1.141245 -1.063378 3.756011
vertex 1.154523 -1.060812 3.757382
endloop
endfacet
facet normal 0.115017 -0.993364 0
outer loop
vertex 1.119561 -0.847138 3.729682
vertex 1.119561 -0.847138 3.529186
vertex 1.127119 -0.846263 3.529809
endloop
endfacet
facet normal 0.115017 -0.993364 0
outer loop
vertex 1.119561 -0.847138 3.729682
vertex 1.127119 -0.846263 3.529809
vertex 1.127119 -0.846263 3.730620
endloop
endfacet
facet normal -0.0340191 0.999421 0
outer loop
vertex 1.033707 -1.076086 3.539449
vertex 1.017930 -1.076623 3.538195
vertex 1.017930 -1.076623 3.742766
endloop
endfacet
facet normal -0.0340191 0.999421 0
outer loop
vertex 1.033707 -1.076086 3.539449
vertex 1.017930 -1.076623 3.742766
vertex 1.033707 -1.076086 3.744488
endloop
endfacet
facet normal -0.162569 -0.986697 0
outer loop
vertex 1.031039 -0.846152 3.724885
vertex 1.019646 -0.844275 3.724319
vertex 1.019646 -0.844275 3.520405
endloop
endfacet
facet normal -0.162566 -0.986698 0
outer loop
vertex 1.019646 -0.844275 3.520405
vertex 1.041736 -0.847914 3.522482
vertex 1.041736 -0.847914 3.725448
endloop
endfacet
facet normal -0.162564 -0.986698 -2.8145e-07
outer loop
vertex 1.019646 -0.844275 3.520405
vertex 1.041736 -0.847914 3.725448
vertex 1.031039 -0.846152 3.724885
endloop
endfacet
facet normal 0 -1 0
outer loop
vertex 1.066778 1.066778 3.747075
vertex 0.981436 1.066778 3.737393
vertex 0.981436 1.066778 3.534416
endloop
endfacet
facet normal 0 -1 0
outer loop
vertex 0.981436 1.066778 3.534416
vertex 1.237749 1.066778 3.557267
vertex 1.237749 1.066778 3.768476
endloop
endfacet
facet normal 0 -1 0
outer loop
vertex 0.981436 1.066778 3.534416
vertex 1.237749 1.066778 3.768476
vertex 1.066778 1.066778 3.747075
endloop
endfacet
facet normal -0.987441 0.15799 0
outer loop
vertex 1.228359 1.008088 3.760642
vertex 1.237749 1.066778 3.768476
vertex 1.237749 1.066778 3.557267
endloop
endfacet
facet normal -0.987441 0.157991 0
outer loop
vertex 1.237749 1.066778 3.557267
vertex 0.962592 -0.652955 3.504353
vertex 0.962592 -0.652955 3.714967
endloop
endfacet
facet normal -0.98744 0.157995 3.00664e-05
outer loop
vertex 1.237749 1.066778 3.557267
vertex 0.962592 -0.652955 3.714967
vertex 0.964004 -0.644127 3.714726
endloop
endfacet
facet normal -0.987441 0.157991 4.16462e-07
outer loop
vertex 1.194799 0.798339 3.734980
vertex 1.228359 1.008088 3.760642
vertex 1.237749 1.066778 3.557267
endloop
endfacet
facet normal -0.987441 0.15799 -1.21311e-06
outer loop
vertex 1.185728 0.741644 3.728742
vertex 1.194799 0.798339 3.734980
vertex 1.237749 1.066778 3.557267
endloop
endfacet
facet normal -0.987441 0.15799 -2.06848e-06
outer loop
vertex 1.237749 1.066778 3.557267
vertex 0.964004 -0.644127 3.714726
vertex 0.982997 -0.525423 3.712117
endloop
endfacet
facet normal -0.987441 0.157991 -2.06372e-06
outer loop
vertex 1.237749 1.066778 3.557267
vertex 0.982997 -0.525423 3.712117
vertex 1.000741 -0.414521 3.710287
endloop
endfacet
facet normal -0.987441 0.15799 -7.63474e-07
outer loop
vertex 1.166856 0.623698 3.724261
vertex 1.185728 0.741644 3.728742
vertex 1.237749 1.066778 3.557267
endloop
endfacet
facet normal -0.987441 0.157991 4.71127e-07
outer loop
vertex 1.142803 0.473365 3.719244
vertex 1.166856 0.623698 3.724261
vertex 1.237749 1.066778 3.557267
endloop
endfacet
facet normal -0.987441 0.15799 -6.09323e-06
outer loop
vertex 1.237749 1.066778 3.557267
vertex 1.000741 -0.414521 3.710287
vertex 1.017671 -0.308707 3.709138
endloop
endfacet
facet normal -0.987441 0.157991 3.94544e-06
outer loop
vertex 1.237749 1.066778 3.557267
vertex 1.017671 -0.308707 3.709138
vertex 1.034152 -0.205706 3.708610
endloop
endfacet
facet normal -0.987441 0.157991 2.70294e-06
outer loop
vertex 1.121497 0.340202 3.715458
vertex 1.142803 0.473365 3.719244
vertex 1.237749 1.066778 3.557267
endloop
endfacet
facet normal -0.987441 0.15799 -6.07933e-07
outer loop
vertex 1.102141 0.219230 3.712649
vertex 1.121497 0.340202 3.715458
vertex 1.237749 1.066778 3.557267
endloop
endfacet
facet normal -0.987441 0.15799 -1.89116e-06
outer loop
vertex 1.237749 1.066778 3.557267
vertex 1.034152 -0.205706 3.708610
vertex 1.050510 -0.103466 3.708679
endloop
endfacet
facet normal -0.987441 0.15799 -8.94574e-07
outer loop
vertex 1.237749 1.066778 3.557267
vertex 1.050510 -0.103466 3.708679
vertex 1.067065 0.000000 3.709347
endloop
endfacet
facet normal -0.987441 0.15799 -6.71679e-07
outer loop
vertex 1.084149 0.106779 3.710648
vertex 1.102141 0.219230 3.712649
vertex 1.237749 1.066778 3.557267
endloop
endfacet
facet normal -0.987441 0.157991 8.34758e-07
outer loop
vertex 1.237749 1.066778 3.557267
vertex 1.067065 0.000000 3.709347
vertex 1.084149 0.106779 3.710648
endloop
endfacet
facet normal 0.839969 0.542635 0
outer loop
vertex -0.946526 -0.874544 3.722345
vertex -0.946526 -0.874544 3.516719
vertex -0.978979 -0.824307 3.515801
endloop
endfacet
facet normal 0.839969 0.542635 0
outer loop
vertex -0.946526 -0.874544 3.722345
vertex -0.978979 -0.824307 3.515801
vertex -0.978979 -0.824307 3.721780
endloop
endfacet
facet normal 0.892036 0.451963 0
outer loop
vertex -0.986451 -0.809560 3.721525
vertex -0.978979 -0.824307 3.721780
vertex -0.978979 -0.824307 3.515801
endloop
endfacet
facet normal 0.892036 0.451964 0
outer loop
vertex -0.978979 -0.824307 3.515801
vertex -1.006730 -0.769536 3.514508
vertex -1.006730 -0.769536 3.721085
endloop
endfacet
facet normal 0.892036 0.451964 -6.93127e-08
outer loop
vertex -0.978979 -0.824307 3.515801
vertex -1.006730 -0.769536 3.721085
vertex -0.986451 -0.809560 3.721525
endloop
endfacet
facet normal -0.899662 -0.436587 0
outer loop
vertex -0.761933 -0.658046 3.490720
vertex -0.743731 -0.695554 3.491658
vertex -0.743731 -0.695554 3.706571
endloop
endfacet
facet normal -0.899662 -0.436587 0
outer loop
vertex -0.761933 -0.658046 3.490720
vertex -0.743731 -0.695554 3.706571
vertex -0.761933 -0.658046 3.705889
endloop
endfacet
facet normal 0.932087 0.362233 0
outer loop
vertex -1.006730 -0.769536 3.721085
vertex -1.006730 -0.769536 3.514508
vertex -1.029778 -0.710231 3.512868
endloop
endfacet
facet normal 0.932087 0.362233 0
outer loop
vertex -1.006730 -0.769536 3.721085
vertex -1.029778 -0.710231 3.512868
vertex -1.029778 -0.710231 3.720104
endloop
endfacet
facet normal -0.938912 -0.344157 -0
outer loop
vertex -0.776760 -0.617594 3.705033
vertex -0.776760 -0.617594 3.489563
vertex -0.761933 -0.658046 3.490720
endloop
endfacet
facet normal -0.938912 -0.344157 0
outer loop
vertex -0.761933 -0.658046 3.490720
vertex -0.761933 -0.658046 3.705889
vertex -0.771159 -0.632874 3.705301
endloop
endfacet
facet normal -0.938912 -0.344157 6.65357e-08
outer loop
vertex -0.761933 -0.658046 3.490720
vertex -0.771159 -0.632874 3.705301
vertex -0.776760 -0.617594 3.705033
endloop
endfacet
facet normal 0.96227 0.272096 0
outer loop
vertex -1.035047 -0.691596 3.719703
vertex -1.029778 -0.710231 3.720104
vertex -1.029778 -0.710231 3.512868
endloop
endfacet
facet normal 0.962269 0.272098 0
outer loop
vertex -1.029778 -0.710231 3.512868
vertex -1.047661 -0.646988 3.510912
vertex -1.047661 -0.646988 3.718997
endloop
endfacet
facet normal 0.962269 0.272099 -3.69784e-07
outer loop
vertex -1.029778 -0.710231 3.512868
vertex -1.047661 -0.646988 3.718997
vertex -1.035047 -0.691596 3.719703
endloop
endfacet
facet normal -0.966892 -0.255186 0
outer loop
vertex -0.788213 -0.574199 3.488205
vertex -0.776760 -0.617594 3.489563
vertex -0.776760 -0.617594 3.705033
endloop
endfacet
facet normal -0.966892 -0.255186 0
outer loop
vertex -0.788213 -0.574199 3.488205
vertex -0.776760 -0.617594 3.705033
vertex -0.788213 -0.574199 3.704062
endloop
endfacet
facet normal 0.983475 0.181044 0
outer loop
vertex -1.047661 -0.646988 3.718997
vertex -1.047661 -0.646988 3.510912
vertex -1.059918 -0.580404 3.508667
endloop
endfacet
facet normal 0.983475 0.181044 0
outer loop
vertex -1.047661 -0.646988 3.718997
vertex -1.059918 -0.580404 3.508667
vertex -1.059918 -0.580404 3.717613
endloop
endfacet
facet normal -0.984004 -0.178147 0
outer loop
vertex -0.795890 -0.531797 3.702948
vertex -0.796459 -0.528656 3.702882
vertex -0.796459 -0.528656 3.486712
endloop
endfacet
facet normal -0.984003 -0.178152 0
outer loop
vertex -0.796459 -0.528656 3.486712
vertex -0.788213 -0.574199 3.488205
vertex -0.788213 -0.574199 3.704062
endloop
endfacet
facet normal -0.984003 -0.178153 -7.90916e-08
outer loop
vertex -0.795890 -0.531797 3.702948
vertex -0.796459 -0.528656 3.486712
vertex -0.788213 -0.574199 3.704062
endloop
endfacet
facet normal 0.995533 0.0944136 0
outer loop
vertex -1.061169 -0.567207 3.717280
vertex -1.059918 -0.580404 3.717613
vertex -1.059918 -0.580404 3.508667
endloop
endfacet
facet normal 0.995533 0.0944115 0
outer loop
vertex -1.059918 -0.580404 3.508667
vertex -1.066549 -0.510479 3.506169
vertex -1.066549 -0.510479 3.716150
endloop
endfacet
facet normal 0.995533 0.094411 1.61995e-07
outer loop
vertex -1.059918 -0.580404 3.508667
vertex -1.066549 -0.510479 3.716150
vertex -1.061169 -0.567207 3.717280
endloop
endfacet
facet normal -0.993897 -0.110315 0
outer loop
vertex -0.801664 -0.481761 3.485143
vertex -0.796459 -0.528656 3.486712
vertex -0.796459 -0.528656 3.702882
endloop
endfacet
facet normal -0.993897 -0.110315 0
outer loop
vertex -0.801664 -0.481761 3.485143
vertex -0.796459 -0.528656 3.702882
vertex -0.801664 -0.481761 3.701736
endloop
endfacet
facet normal 0.999906 0.0137239 0
outer loop
vertex -1.067487 -0.442168 3.714495
vertex -1.066549 -0.510479 3.716150
vertex -1.066549 -0.510479 3.506169
endloop
endfacet
facet normal 0.999906 0.0137246 0
outer loop
vertex -1.066549 -0.510479 3.506169
vertex -1.067555 -0.437212 3.503465
vertex -1.067555 -0.437212 3.714402
endloop
endfacet
facet normal 0.999906 0.0137352 -3.70521e-06
outer loop
vertex -1.066549 -0.510479 3.506169
vertex -1.067555 -0.437212 3.714402
vertex -1.067487 -0.442168 3.714495
endloop
endfacet
facet normal -0.998995 -0.0448181 0
outer loop
vertex -0.803828 -0.433513 3.483508
vertex -0.801664 -0.481761 3.485143
vertex -0.801664 -0.481761 3.701736
endloop
endfacet
facet normal -0.998995 -0.044818 0
outer loop
vertex -0.803828 -0.433513 3.483508
vertex -0.801664 -0.481761 3.701736
vertex -0.803828 -0.433513 3.700398
endloop
endfacet
facet normal 0.998186 -0.0602036 0
outer loop
vertex -1.067555 -0.437212 3.714402
vertex -1.067555 -0.437212 3.503465
vertex -1.062934 -0.360605 3.500614
endloop
endfacet
facet normal 0.998186 -0.0602036 0
outer loop
vertex -1.067555 -0.437212 3.714402
vertex -1.062934 -0.360605 3.500614
vertex -1.062934 -0.360605 3.712643
endloop
endfacet
facet normal -0.999844 0.0176563 0
outer loop
vertex -0.802952 -0.383913 3.699096
vertex -0.802952 -0.383913 3.481823
vertex -0.803828 -0.433513 3.483508
endloop
endfacet
facet normal -0.999844 0.0176576 0
outer loop
vertex -0.803828 -0.433513 3.483508
vertex -0.803828 -0.433513 3.700398
vertex -0.803759 -0.429618 3.700278
endloop
endfacet
facet normal -0.999844 0.0176562 2.56647e-08
outer loop
vertex -0.803828 -0.433513 3.483508
vertex -0.803759 -0.429618 3.700278
vertex -0.802952 -0.383913 3.699096
endloop
endfacet
facet normal -0.997059 0.0766352 0
outer loop
vertex -0.799036 -0.332961 3.480103
vertex -0.802952 -0.383913 3.481823
vertex -0.802952 -0.383913 3.699096
endloop
endfacet
facet normal -0.997059 0.0766352 0
outer loop
vertex -0.799036 -0.332961 3.480103
vertex -0.802952 -0.383913 3.699096
vertex -0.799036 -0.332961 3.697619
endloop
endfacet
facet normal 0.991887 -0.127119 0
outer loop
vertex -1.057845 -0.320894 3.711583
vertex -1.062934 -0.360605 3.712643
vertex -1.062934 -0.360605 3.500614
endloop
endfacet
facet normal 0.991887 -0.12712 0
outer loop
vertex -1.062934 -0.360605 3.500614
vertex -1.052688 -0.280656 3.497684
vertex -1.052688 -0.280656 3.710721
endloop
endfacet
facet normal 0.991887 -0.12712 2.94667e-07
outer loop
vertex -1.062934 -0.360605 3.500614
vertex -1.052688 -0.280656 3.710721
vertex -1.057845 -0.320894 3.711583
endloop
endfacet
facet normal -0.991271 0.131842 0
outer loop
vertex -0.792079 -0.280656 3.696198
vertex -0.792079 -0.280656 3.478369
vertex -0.799036 -0.332961 3.480103
endloop
endfacet
facet normal -0.991269 0.131853 0
outer loop
vertex -0.799036 -0.332961 3.480103
vertex -0.799036 -0.332961 3.697619
vertex -0.798756 -0.330856 3.697551
endloop
endfacet
facet normal -0.991271 0.131842 1.11718e-07
outer loop
vertex -0.799036 -0.332961 3.480103
vertex -0.798756 -0.330856 3.697551
vertex -0.792079 -0.280656 3.696198
endloop
endfacet
facet normal 0.982186 -0.187912 0
outer loop
vertex -1.038515 -0.206573 3.708869
vertex -1.052688 -0.280656 3.710721
vertex -1.052688 -0.280656 3.497684
endloop
endfacet
facet normal 0.982186 -0.187912 0
outer loop
vertex -1.052688 -0.280656 3.497684
vertex -1.037138 -0.199375 3.494811
vertex -1.037138 -0.199375 3.708729
endloop
endfacet
facet normal 0.982186 -0.18791 -8.21697e-07
outer loop
vertex -1.052688 -0.280656 3.497684
vertex -1.037138 -0.199375 3.708729
vertex -1.038515 -0.206573 3.708869
endloop
endfacet
facet normal -0.983042 0.183379 0
outer loop
vertex -0.782155 -0.227456 3.694662
vertex -0.782155 -0.227456 3.476656
vertex -0.792079 -0.280656 3.478369
endloop
endfacet
facet normal -0.983042 0.183378 0
outer loop
vertex -0.792079 -0.280656 3.478369
vertex -0.792079 -0.280656 3.696198
vertex -0.784095 -0.237852 3.694919
endloop
endfacet
facet normal -0.983042 0.183381 -5.56449e-07
outer loop
vertex -0.792079 -0.280656 3.478369
vertex -0.784095 -0.237852 3.694919
vertex -0.782155 -0.227456 3.694662
endloop
endfacet
facet normal 0.968238 -0.250032 0
outer loop
vertex -1.037138 -0.199375 3.708729
vertex -1.037138 -0.199375 3.494811
vertex -1.017062 -0.121634 3.492151
endloop
endfacet
facet normal 0.968238 -0.250032 0
outer loop
vertex -1.037138 -0.199375 3.708729
vertex -1.017062 -0.121634 3.492151
vertex -1.017062 -0.121634 3.706905
endloop
endfacet
facet normal -0.971969 0.235111 0
outer loop
vertex -0.769643 -0.175728 3.475038
vertex -0.782155 -0.227456 3.476656
vertex -0.782155 -0.227456 3.694662
endloop
endfacet
facet normal -0.971969 0.235111 0
outer loop
vertex -0.769643 -0.175728 3.475038
vertex -0.782155 -0.227456 3.694662
vertex -0.769643 -0.175728 3.693221
endloop
endfacet
facet normal 0.949193 -0.314694 0
outer loop
vertex -1.009706 -0.099447 3.706291
vertex -1.017062 -0.121634 3.706905
vertex -1.017062 -0.121634 3.492151
endloop
endfacet
facet normal 0.949194 -0.314692 0
outer loop
vertex -1.017062 -0.121634 3.492151
vertex -0.992462 -0.047432 3.489661
vertex -0.992462 -0.047432 3.705137
endloop
endfacet
facet normal 0.949194 -0.314691 -3.36529e-07
outer loop
vertex -1.017062 -0.121634 3.492151
vertex -0.992462 -0.047432 3.705137
vertex -1.009706 -0.099447 3.706291
endloop
endfacet
facet normal -0.957699 0.287772 0
outer loop
vertex -0.754542 -0.125472 3.691792
vertex -0.754542 -0.125472 3.473505
vertex -0.769643 -0.175728 3.475038
endloop
endfacet
facet normal -0.957699 0.287771 0
outer loop
vertex -0.769643 -0.175728 3.475038
vertex -0.769643 -0.175728 3.693221
vertex -0.762408 -0.151652 3.692470
endloop
endfacet
facet normal -0.957699 0.287772 -2.24591e-07
outer loop
vertex -0.769643 -0.175728 3.475038
vertex -0.762408 -0.151652 3.692470
vertex -0.754542 -0.125472 3.691792
endloop
endfacet
facet normal 0.924543 -0.381079 0
outer loop
vertex -0.972911 0.000000 3.703863
vertex -0.992462 -0.047432 3.705137
vertex -0.992462 -0.047432 3.489661
endloop
endfacet
facet normal 0.924543 -0.381079 0
outer loop
vertex -0.992462 -0.047432 3.489661
vertex -0.963337 0.023229 3.487304
vertex -0.963337 0.023229 3.703372
endloop
endfacet
facet normal 0.924543 -0.381079 4.30618e-08
outer loop
vertex -0.992462 -0.047432 3.489661
vertex -0.963337 0.023229 3.703372
vertex -0.972911 0.000000 3.703863
endloop
endfacet
facet normal 0.323859 0.946105 0
outer loop
vertex -0.656835 -1.075370 3.720678
vertex -0.656835 -1.075370 3.513791
vertex -0.715399 -1.055323 3.515304
endloop
endfacet
facet normal 0.323862 0.946104 -0
outer loop
vertex -0.715399 -1.055323 3.515304
vertex -0.715399 -1.055323 3.721480
vertex -0.707053 -1.058180 3.721324
endloop
endfacet
facet normal 0.323858 0.946106 1.64923e-07
outer loop
vertex -0.715399 -1.055323 3.515304
vertex -0.707053 -1.058180 3.721324
vertex -0.656835 -1.075370 3.720678
endloop
endfacet
facet normal -0.496902 -0.867807 -0
outer loop
vertex -0.636990 -0.815358 3.707515
vertex -0.636990 -0.815358 3.493009
vertex -0.601354 -0.835763 3.492590
endloop
endfacet
facet normal -0.496902 -0.867807 0
outer loop
vertex -0.636990 -0.815358 3.707515
vertex -0.601354 -0.835763 3.492590
vertex -0.601354 -0.835763 3.707232
endloop
endfacet
facet normal -0.143579 -0.989639 -0
outer loop
vertex -0.518838 -0.862969 3.705915
vertex -0.518838 -0.862969 3.490733
vertex -0.471957 -0.869771 3.489341
endloop
endfacet
facet normal -0.143579 -0.989639 0
outer loop
vertex -0.518838 -0.862969 3.705915
vertex -0.471957 -0.869771 3.489341
vertex -0.471957 -0.869771 3.704850
endloop
endfacet
facet normal -0.0397698 0.999209 0
outer loop
vertex -0.386030 -1.098281 3.715084
vertex -0.386030 -1.098281 3.504446
vertex -0.457984 -1.101145 3.507139
endloop
endfacet
facet normal -0.0397934 0.999208 0
outer loop
vertex -0.457984 -1.101145 3.507139
vertex -0.457984 -1.101145 3.716665
vertex -0.456078 -1.101069 3.716613
endloop
endfacet
facet normal -0.0397691 0.999209 -2.21278e-07
outer loop
vertex -0.457984 -1.101145 3.507139
vertex -0.456078 -1.101069 3.716613
vertex -0.386030 -1.098281 3.715084
endloop
endfacet
facet normal 0.0433504 -0.99906 0
outer loop
vertex -0.421327 -0.872038 3.703671
vertex -0.421327 -0.872038 3.487682
vertex -0.369077 -0.869771 3.485864
endloop
endfacet
facet normal 0.0433504 -0.99906 0
outer loop
vertex -0.421327 -0.872038 3.703671
vertex -0.369077 -0.869771 3.485864
vertex -0.369077 -0.869771 3.702249
endloop
endfacet
facet normal -0.237479 0.971393 0
outer loop
vertex -0.331594 0.307305 3.673554
vertex -0.331594 0.307305 3.458211
vertex -0.378370 0.295870 3.459268
endloop
endfacet
facet normal -0.237478 0.971393 0
outer loop
vertex -0.378370 0.295870 3.459268
vertex -0.378370 0.295870 3.675192
vertex -0.364616 0.299232 3.674665
endloop
endfacet
facet normal -0.237479 0.971393 6.74253e-08
outer loop
vertex -0.378370 0.295870 3.459268
vertex -0.364616 0.299232 3.674665
vertex -0.331594 0.307305 3.673554
endloop
endfacet
facet normal 0.208982 -0.97792 0
outer loop
vertex -0.354095 0.529940 3.684315
vertex -0.401610 0.519786 3.685491
vertex -0.401610 0.519786 3.467334
endloop
endfacet
facet normal 0.208982 -0.97792 0
outer loop
vertex -0.401610 0.519786 3.467334
vertex -0.334604 0.534105 3.465958
vertex -0.334604 0.534105 3.683939
endloop
endfacet
facet normal 0.208983 -0.977919 -3.08271e-07
outer loop
vertex -0.401610 0.519786 3.467334
vertex -0.334604 0.534105 3.683939
vertex -0.354095 0.529940 3.684315
endloop
endfacet
facet normal 0.0407951 0.999168 0
outer loop
vertex -0.457984 -1.101145 3.507139
vertex -0.528128 -1.098281 3.509665
vertex -0.528128 -1.098281 3.718263
endloop
endfacet
facet normal 0.0407951 0.999168 -0
outer loop
vertex -0.457984 -1.101145 3.507139
vertex -0.528128 -1.098281 3.718263
vertex -0.457984 -1.101145 3.716665
endloop
endfacet
facet normal -0.0447343 -0.998999 0
outer loop
vertex -0.465067 -0.870079 3.704659
vertex -0.471957 -0.869771 3.704850
vertex -0.471957 -0.869771 3.489341
endloop
endfacet
facet normal -0.0447351 -0.998999 0
outer loop
vertex -0.471957 -0.869771 3.489341
vertex -0.421327 -0.872038 3.487682
vertex -0.421327 -0.872038 3.703671
endloop
endfacet
facet normal -0.0447352 -0.998999 2.71859e-08
outer loop
vertex -0.471957 -0.869771 3.489341
vertex -0.421327 -0.872038 3.703671
vertex -0.465067 -0.870079 3.704659
endloop
endfacet
facet normal -0.438448 0.898756 0
outer loop
vertex -0.422855 0.279860 3.460330
vertex -0.465048 0.259276 3.461389
vertex -0.465048 0.259276 3.678226
endloop
endfacet
facet normal -0.438448 0.898756 0
outer loop
vertex -0.422855 0.279860 3.460330
vertex -0.465048 0.259276 3.678226
vertex -0.422855 0.279860 3.676733
endloop
endfacet
facet normal 0.378903 -0.925436 0
outer loop
vertex -0.490109 0.490109 3.687564
vertex -0.529540 0.473964 3.688636
vertex -0.529540 0.473964 3.470290
endloop
endfacet
facet normal 0.378903 -0.925436 0
outer loop
vertex -0.529540 0.473964 3.470290
vertex -0.466589 0.499739 3.468779
vertex -0.466589 0.499739 3.687059
endloop
endfacet
facet normal 0.378903 -0.925436 2.09999e-08
outer loop
vertex -0.529540 0.473964 3.470290
vertex -0.466589 0.499739 3.687059
vertex -0.490109 0.490109 3.687564
endloop
endfacet
facet normal -0.338627 0.940921 0
outer loop
vertex -0.378370 0.295870 3.675192
vertex -0.378370 0.295870 3.459268
vertex -0.422855 0.279860 3.460330
endloop
endfacet
facet normal -0.338625 0.940921 0
outer loop
vertex -0.422855 0.279860 3.460330
vertex -0.422855 0.279860 3.676733
vertex -0.420245 0.280799 3.676630
endloop
endfacet
facet normal -0.338627 0.940921 2.71985e-08
outer loop
vertex -0.422855 0.279860 3.460330
vertex -0.420245 0.280799 3.676630
vertex -0.378370 0.295870 3.675192
endloop
endfacet
facet normal 0.294803 -0.955558 0
outer loop
vertex -0.421533 0.513639 3.685895
vertex -0.466589 0.499739 3.687059
vertex -0.466589 0.499739 3.468779
endloop
endfacet
facet normal 0.294803 -0.955558 0
outer loop
vertex -0.466589 0.499739 3.468779
vertex -0.401610 0.519786 3.467334
vertex -0.401610 0.519786 3.685491
endloop
endfacet
facet normal 0.294803 -0.955558 1.92068e-07
outer loop
vertex -0.466589 0.499739 3.468779
vertex -0.401610 0.519786 3.685491
vertex -0.421533 0.513639 3.685895
endloop
endfacet
facet normal 0.128543 0.991704 0
outer loop
vertex -0.528128 -1.098281 3.718263
vertex -0.528128 -1.098281 3.509665
vertex -0.594411 -1.089689 3.511899
endloop
endfacet
facet normal 0.128545 0.991704 -0
outer loop
vertex -0.594411 -1.089689 3.511899
vertex -0.594411 -1.089689 3.719523
vertex -0.583226 -1.091139 3.719260
endloop
endfacet
facet normal 0.128542 0.991704 1.43221e-07
outer loop
vertex -0.594411 -1.089689 3.511899
vertex -0.583226 -1.091139 3.719260
vertex -0.528128 -1.098281 3.718263
endloop
endfacet
facet normal -0.254186 -0.967155 -0
outer loop
vertex -0.561970 -0.851633 3.706641
vertex -0.561970 -0.851633 3.491825
vertex -0.518838 -0.862969 3.490733
endloop
endfacet
facet normal -0.254186 -0.967155 0
outer loop
vertex -0.561970 -0.851633 3.706641
vertex -0.518838 -0.862969 3.490733
vertex -0.518838 -0.862969 3.705915
endloop
endfacet
facet normal 0.223581 0.974685 0
outer loop
vertex -0.594411 -1.089689 3.511899
vertex -0.656835 -1.075370 3.513791
vertex -0.656835 -1.075370 3.720678
endloop
endfacet
facet normal 0.22358 0.974685 -0
outer loop
vertex -0.594411 -1.089689 3.511899
vertex -0.656835 -1.075370 3.720678
vertex -0.594411 -1.089689 3.719523
endloop
endfacet
facet normal -0.37376 -0.927526 0
outer loop
vertex -0.567543 -0.849388 3.706696
vertex -0.601354 -0.835763 3.707232
vertex -0.601354 -0.835763 3.492590
endloop
endfacet
facet normal -0.37376 -0.927525 0
outer loop
vertex -0.601354 -0.835763 3.492590
vertex -0.561970 -0.851633 3.491825
vertex -0.561970 -0.851633 3.706641
endloop
endfacet
facet normal -0.373762 -0.927525 4.06634e-07
outer loop
vertex -0.601354 -0.835763 3.492590
vertex -0.561970 -0.851633 3.706641
vertex -0.567543 -0.849388 3.706696
endloop
endfacet
facet normal -0.672021 0.740532 0
outer loop
vertex -0.542492 0.205202 3.681010
vertex -0.542492 0.205202 3.463515
vertex -0.577600 0.173341 3.464610
endloop
endfacet
facet normal -0.672017 0.740536 0
outer loop
vertex -0.577600 0.173341 3.464610
vertex -0.577600 0.173341 3.682322
vertex -0.576054 0.174744 3.682255
endloop
endfacet
facet normal -0.672022 0.740532 5.97318e-08
outer loop
vertex -0.577600 0.173341 3.464610
vertex -0.576054 0.174744 3.682255
vertex -0.542492 0.205202 3.681010
endloop
endfacet
facet normal 0.599488 -0.800384 0
outer loop
vertex -0.694755 0.371354 3.693078
vertex -0.703797 0.364582 3.693386
vertex -0.703797 0.364582 3.475240
endloop
endfacet
facet normal 0.599489 -0.800383 0
outer loop
vertex -0.703797 0.364582 3.475240
vertex -0.648754 0.405809 3.473525
vertex -0.648754 0.405809 3.691810
endloop
endfacet
facet normal 0.599489 -0.800383 -6.5014e-08
outer loop
vertex -0.703797 0.364582 3.475240
vertex -0.648754 0.405809 3.691810
vertex -0.694755 0.371354 3.693078
endloop
endfacet
facet normal -0.61023 0.792224 0
outer loop
vertex -0.504951 0.234118 3.679649
vertex -0.504951 0.234118 3.462445
vertex -0.542492 0.205202 3.463515
endloop
endfacet
facet normal -0.610231 0.792224 0
outer loop
vertex -0.542492 0.205202 3.463515
vertex -0.542492 0.205202 3.681010
vertex -0.526024 0.217886 3.680355
endloop
endfacet
facet normal -0.610229 0.792225 -1.76156e-07
outer loop
vertex -0.542492 0.205202 3.463515
vertex -0.526024 0.217886 3.680355
vertex -0.504951 0.234118 3.679649
endloop
endfacet
facet normal 0.532323 -0.846542 0
outer loop
vertex -0.627417 0.419226 3.691145
vertex -0.648754 0.405809 3.691810
vertex -0.648754 0.405809 3.473525
endloop
endfacet
facet normal 0.532323 -0.846541 0
outer loop
vertex -0.648754 0.405809 3.473525
vertex -0.590465 0.442462 3.471872
vertex -0.590465 0.442462 3.690221
endloop
endfacet
facet normal 0.532323 -0.846541 -7.94657e-08
outer loop
vertex -0.648754 0.405809 3.473525
vertex -0.590465 0.442462 3.690221
vertex -0.627417 0.419226 3.691145
endloop
endfacet
facet normal -0.533329 0.845908 0
outer loop
vertex -0.465048 0.259276 3.678226
vertex -0.465048 0.259276 3.461389
vertex -0.504951 0.234118 3.462445
endloop
endfacet
facet normal -0.533329 0.845908 0
outer loop
vertex -0.504951 0.234118 3.462445
vertex -0.504951 0.234118 3.679649
vertex -0.474235 0.253484 3.678512
endloop
endfacet
facet normal -0.53333 0.845908 9.87847e-08
outer loop
vertex -0.504951 0.234118 3.462445
vertex -0.474235 0.253484 3.678512
vertex -0.465048 0.259276 3.678226
endloop
endfacet
facet normal 0.4593 -0.888281 0
outer loop
vertex -0.558979 0.458743 3.689312
vertex -0.590465 0.442462 3.690221
vertex -0.590465 0.442462 3.471872
endloop
endfacet
facet normal 0.4593 -0.888281 0
outer loop
vertex -0.590465 0.442462 3.471872
vertex -0.529540 0.473964 3.470290
vertex -0.529540 0.473964 3.688636
endloop
endfacet
facet normal 0.4593 -0.888281 -1.61011e-08
outer loop
vertex -0.590465 0.442462 3.471872
vertex -0.529540 0.473964 3.688636
vertex -0.558979 0.458743 3.689312
endloop
endfacet
facet normal 0.426222 0.904618 0
outer loop
vertex -0.715399 -1.055323 3.515304
vertex -0.770103 -1.029549 3.516410
vertex -0.770103 -1.029549 3.722173
endloop
endfacet
facet normal 0.426222 0.904618 -0
outer loop
vertex -0.715399 -1.055323 3.515304
vertex -0.770103 -1.029549 3.722173
vertex -0.715399 -1.055323 3.721480
endloop
endfacet
facet normal 0.526683 0.850062 0
outer loop
vertex -0.770103 -1.029549 3.722173
vertex -0.770103 -1.029549 3.516410
vertex -0.820947 -0.998047 3.517093
endloop
endfacet
facet normal 0.526679 0.850064 -0
outer loop
vertex -0.820947 -0.998047 3.517093
vertex -0.820947 -0.998047 3.722472
vertex -0.819706 -0.998815 3.722457
endloop
endfacet
facet normal 0.526683 0.850062 -2.85355e-08
outer loop
vertex -0.820947 -0.998047 3.517093
vertex -0.819706 -0.998815 3.722457
vertex -0.770103 -1.029549 3.722173
endloop
endfacet
facet normal -0.616063 -0.787697 0
outer loop
vertex -0.656576 -0.800040 3.707478
vertex -0.668877 -0.790419 3.707544
vertex -0.668877 -0.790419 3.493073
endloop
endfacet
facet normal -0.616063 -0.787697 0
outer loop
vertex -0.668877 -0.790419 3.493073
vertex -0.636990 -0.815358 3.493009
vertex -0.636990 -0.815358 3.707515
endloop
endfacet
facet normal -0.616063 -0.787697 0
outer loop
vertex -0.668877 -0.790419 3.493073
vertex -0.636990 -0.815358 3.707515
vertex -0.656576 -0.800040 3.707478
endloop
endfacet
facet normal 0.618324 0.785923 0
outer loop
vertex -0.820947 -0.998047 3.517093
vertex -0.867509 -0.961413 3.517368
vertex -0.867509 -0.961413 3.722713
endloop
endfacet
facet normal 0.618324 0.785923 -0
outer loop
vertex -0.820947 -0.998047 3.517093
vertex -0.867509 -0.961413 3.722713
vertex -0.820947 -0.998047 3.722472
endloop
endfacet
facet normal -0.711465 -0.702721 0
outer loop
vertex -0.697203 -0.761740 3.492840
vertex -0.668877 -0.790419 3.493073
vertex -0.668877 -0.790419 3.707544
endloop
endfacet
facet normal -0.711465 -0.702721 0
outer loop
vertex -0.697203 -0.761740 3.492840
vertex -0.668877 -0.790419 3.707544
vertex -0.697203 -0.761740 3.707414
endloop
endfacet
facet normal 0.701188 0.712977 0
outer loop
vertex -0.867509 -0.961413 3.517368
vertex -0.909369 -0.920246 3.517244
vertex -0.909369 -0.920246 3.722574
endloop
endfacet
facet normal 0.701188 0.712977 -0
outer loop
vertex -0.867509 -0.961413 3.517368
vertex -0.909369 -0.920246 3.722574
vertex -0.867509 -0.961413 3.722713
endloop
endfacet
facet normal -0.785042 -0.619442 0
outer loop
vertex -0.722154 -0.730119 3.492367
vertex -0.697203 -0.761740 3.492840
vertex -0.697203 -0.761740 3.707414
endloop
endfacet
facet normal -0.785042 -0.619442 0
outer loop
vertex -0.722154 -0.730119 3.492367
vertex -0.697203 -0.761740 3.707414
vertex -0.722154 -0.730119 3.707025
endloop
endfacet
facet normal 0.775916 0.630836 0
outer loop
vertex -0.914247 -0.914247 3.722505
vertex -0.909369 -0.920246 3.722574
vertex -0.909369 -0.920246 3.517244
endloop
endfacet
facet normal 0.775917 0.630835 0
outer loop
vertex -0.909369 -0.920246 3.517244
vertex -0.946526 -0.874544 3.516719
vertex -0.946526 -0.874544 3.722345
endloop
endfacet
facet normal 0.775917 0.630834 9.42028e-08
outer loop
vertex -0.909369 -0.920246 3.517244
vertex -0.946526 -0.874544 3.722345
vertex -0.914247 -0.914247 3.722505
endloop
endfacet
facet normal -0.84829 -0.529531 -0
outer loop
vertex -0.743731 -0.695554 3.706571
vertex -0.743731 -0.695554 3.491658
vertex -0.722154 -0.730119 3.492367
endloop
endfacet
facet normal -0.84829 -0.529532 0
outer loop
vertex -0.722154 -0.730119 3.492367
vertex -0.722154 -0.730119 3.707025
vertex -0.725215 -0.725215 3.706933
endloop
endfacet
facet normal -0.84829 -0.529531 -1.16345e-08
outer loop
vertex -0.722154 -0.730119 3.492367
vertex -0.725215 -0.725215 3.706933
vertex -0.743731 -0.695554 3.706571
endloop
endfacet
facet normal -0.940103 0.34089 0
outer loop
vertex -0.736852 -0.076687 3.472049
vertex -0.754542 -0.125472 3.473505
vertex -0.754542 -0.125472 3.691792
endloop
endfacet
facet normal -0.940103 0.34089 0
outer loop
vertex -0.736852 -0.076687 3.472049
vertex -0.754542 -0.125472 3.691792
vertex -0.736852 -0.076687 3.690355
endloop
endfacet
facet normal -0.919135 0.393942 0
outer loop
vertex -0.716573 -0.029374 3.689014
vertex -0.716573 -0.029374 3.470663
vertex -0.736852 -0.076687 3.472049
endloop
endfacet
facet normal -0.919133 0.393946 0
outer loop
vertex -0.736852 -0.076687 3.472049
vertex -0.736852 -0.076687 3.690355
vertex -0.735011 -0.072392 3.690212
endloop
endfacet
facet normal -0.919136 0.393941 1.23923e-07
outer loop
vertex -0.736852 -0.076687 3.472049
vertex -0.735011 -0.072392 3.690212
vertex -0.716573 -0.029374 3.689014
endloop
endfacet
facet normal 0.89395 -0.448167 0
outer loop
vertex -0.963337 0.023229 3.703372
vertex -0.963337 0.023229 3.487304
vertex -0.929687 0.090350 3.485051
endloop
endfacet
facet normal 0.89395 -0.448167 0
outer loop
vertex -0.963337 0.023229 3.703372
vertex -0.929687 0.090350 3.485051
vertex -0.929687 0.090350 3.701603
endloop
endfacet
facet normal -0.894846 0.446374 0
outer loop
vertex -0.693707 0.016467 3.687645
vertex -0.693707 0.016467 3.469344
vertex -0.716573 -0.029374 3.470663
endloop
endfacet
facet normal -0.894847 0.446374 0
outer loop
vertex -0.716573 -0.029374 3.470663
vertex -0.716573 -0.029374 3.689014
vertex -0.701921 0.000000 3.688077
endloop
endfacet
facet normal -0.894846 0.446376 -3.33445e-07
outer loop
vertex -0.716573 -0.029374 3.470663
vertex -0.701921 0.000000 3.688077
vertex -0.693707 0.016467 3.687645
endloop
endfacet
facet normal 0.857346 -0.514741 0
outer loop
vertex -0.928997 0.091498 3.701566
vertex -0.929687 0.090350 3.701603
vertex -0.929687 0.090350 3.485051
endloop
endfacet
facet normal 0.857337 -0.514756 0
outer loop
vertex -0.929687 0.090350 3.485051
vertex -0.891512 0.153931 3.482882
vertex -0.891512 0.153931 3.699938
endloop
endfacet
facet normal 0.857336 -0.514757 1.12121e-07
outer loop
vertex -0.929687 0.090350 3.485051
vertex -0.891512 0.153931 3.699938
vertex -0.928997 0.091498 3.701566
endloop
endfacet
facet normal -0.864428 0.502756 0
outer loop
vertex -0.668329 0.060101 3.468090
vertex -0.693707 0.016467 3.469344
vertex -0.693707 0.016467 3.687645
endloop
endfacet
facet normal -0.864428 0.502756 0
outer loop
vertex -0.668329 0.060101 3.468090
vertex -0.693707 0.016467 3.687645
vertex -0.668329 0.060101 3.686292
endloop
endfacet
facet normal 0.816688 -0.577079 0
outer loop
vertex -0.877013 0.174449 3.699277
vertex -0.891512 0.153931 3.699938
vertex -0.891512 0.153931 3.482882
endloop
endfacet
facet normal 0.816689 -0.577079 0
outer loop
vertex -0.891512 0.153931 3.482882
vertex -0.849451 0.213455 3.480819
vertex -0.849451 0.213455 3.698271
endloop
endfacet
facet normal 0.816689 -0.577078 -1.236e-07
outer loop
vertex -0.891512 0.153931 3.482882
vertex -0.849451 0.213455 3.698271
vertex -0.877013 0.174449 3.699277
endloop
endfacet
facet normal -0.825596 0.564262 0
outer loop
vertex -0.640519 0.100791 3.685003
vertex -0.640519 0.100791 3.466890
vertex -0.668329 0.060101 3.468090
endloop
endfacet
facet normal -0.825595 0.564263 0
outer loop
vertex -0.668329 0.060101 3.468090
vertex -0.668329 0.060101 3.686292
vertex -0.664664 0.065464 3.686094
endloop
endfacet
facet normal -0.825596 0.564262 2.49404e-08
outer loop
vertex -0.668329 0.060101 3.468090
vertex -0.664664 0.065464 3.686094
vertex -0.640519 0.100791 3.685003
endloop
endfacet
facet normal 0.771564 -0.636152 0
outer loop
vertex -0.820284 0.248831 3.697122
vertex -0.849451 0.213455 3.698271
vertex -0.849451 0.213455 3.480819
endloop
endfacet
facet normal 0.771564 -0.636151 0
outer loop
vertex -0.849451 0.213455 3.480819
vertex -0.804146 0.268405 3.478873
vertex -0.804146 0.268405 3.696620
endloop
endfacet
facet normal 0.771565 -0.636151 -3.16892e-07
outer loop
vertex -0.849451 0.213455 3.480819
vertex -0.804146 0.268405 3.696620
vertex -0.820284 0.248831 3.697122
endloop
endfacet
facet normal -0.780411 0.625266 0
outer loop
vertex -0.610276 0.138538 3.683678
vertex -0.610276 0.138538 3.465734
vertex -0.640519 0.100791 3.466890
endloop
endfacet
facet normal -0.780411 0.625267 0
outer loop
vertex -0.640519 0.100791 3.466890
vertex -0.640519 0.100791 3.685003
vertex -0.622125 0.123748 3.684138
endloop
endfacet
facet normal -0.780411 0.625266 2.81839e-08
outer loop
vertex -0.640519 0.100791 3.466890
vertex -0.622125 0.123748 3.684138
vertex -0.610276 0.138538 3.683678
endloop
endfacet
facet normal 0.720022 -0.693951 0
outer loop
vertex -0.759591 0.314633 3.695082
vertex -0.804146 0.268405 3.696620
vertex -0.804146 0.268405 3.478873
endloop
endfacet
facet normal 0.720022 -0.693951 0
outer loop
vertex -0.804146 0.268405 3.478873
vertex -0.755594 0.318780 3.477019
vertex -0.755594 0.318780 3.694975
endloop
endfacet
facet normal 0.720022 -0.693951 0
outer loop
vertex -0.804146 0.268405 3.478873
vertex -0.755594 0.318780 3.694975
vertex -0.759591 0.314633 3.695082
endloop
endfacet
facet normal -0.729043 0.684468 0
outer loop
vertex -0.577600 0.173341 3.464610
vertex -0.610276 0.138538 3.465734
vertex -0.610276 0.138538 3.683678
endloop
endfacet
facet normal -0.729043 0.684468 0
outer loop
vertex -0.577600 0.173341 3.464610
vertex -0.610276 0.138538 3.683678
vertex -0.577600 0.173341 3.682322
endloop
endfacet
facet normal 0.662419 -0.749134 0
outer loop
vertex -0.755594 0.318780 3.694975
vertex -0.755594 0.318780 3.477019
vertex -0.703797 0.364582 3.475240
endloop
endfacet
facet normal 0.662419 -0.749134 0
outer loop
vertex -0.755594 0.318780 3.694975
vertex -0.703797 0.364582 3.475240
vertex -0.703797 0.364582 3.693386
endloop
endfacet
facet normal 0.0402676 -0.999189 0
outer loop
vertex -0.225462 0.544313 3.681508
vertex -0.265571 0.542696 3.682423
vertex -0.265571 0.542696 3.464666
endloop
endfacet
facet normal 0.0402681 -0.999189 0
outer loop
vertex -0.265571 0.542696 3.464666
vertex -0.194512 0.545560 3.463477
vertex -0.194512 0.545560 3.680969
endloop
endfacet
facet normal 0.0402689 -0.999189 -2.48347e-07
outer loop
vertex -0.265571 0.542696 3.464666
vertex -0.194512 0.545560 3.680969
vertex -0.225462 0.544313 3.681508
endloop
endfacet
facet normal -0.207042 0.978332 0
outer loop
vertex -0.248559 -1.075370 3.498941
vertex -0.316221 -1.089689 3.501721
vertex -0.316221 -1.089689 3.713319
endloop
endfacet
facet normal -0.207042 0.978332 0
outer loop
vertex -0.248559 -1.075370 3.498941
vertex -0.316221 -1.089689 3.713319
vertex -0.248559 -1.075370 3.711550
endloop
endfacet
facet normal 0.232521 -0.972591 0
outer loop
vertex -0.319244 -0.862969 3.700850
vertex -0.319244 -0.862969 3.484013
vertex -0.271828 -0.851633 3.482106
endloop
endfacet
facet normal 0.232521 -0.972591 0
outer loop
vertex -0.319244 -0.862969 3.700850
vertex -0.271828 -0.851633 3.482106
vertex -0.271828 -0.851633 3.699295
endloop
endfacet
facet normal -0.0444881 0.99901 0
outer loop
vertex -0.231169 0.316454 3.670044
vertex -0.231169 0.316454 3.456170
vertex -0.282527 0.314166 3.457172
endloop
endfacet
facet normal -0.0444876 0.99901 0
outer loop
vertex -0.282527 0.314166 3.457172
vertex -0.282527 0.314166 3.671830
vertex -0.258700 0.315227 3.670943
endloop
endfacet
facet normal -0.0444885 0.99901 9.78283e-08
outer loop
vertex -0.282527 0.314166 3.457172
vertex -0.258700 0.315227 3.670943
vertex -0.231169 0.316454 3.670044
endloop
endfacet
facet normal 0.142532 0.98979 0
outer loop
vertex -0.132000 0.307305 3.666682
vertex -0.132000 0.307305 3.454494
vertex -0.179647 0.314166 3.455262
endloop
endfacet
facet normal 0.142531 0.98979 -0
outer loop
vertex -0.179647 0.314166 3.455262
vertex -0.179647 0.314166 3.668291
vertex -0.166948 0.312338 3.667819
endloop
endfacet
facet normal 0.142532 0.98979 -8.90195e-08
outer loop
vertex -0.179647 0.314166 3.455262
vertex -0.166948 0.312338 3.667819
vertex -0.132000 0.307305 3.666682
endloop
endfacet
facet normal -0.292594 0.956237 0
outer loop
vertex -0.183043 -1.055323 3.709638
vertex -0.183043 -1.055323 3.496089
vertex -0.248559 -1.075370 3.498941
endloop
endfacet
facet normal -0.292595 0.956236 0
outer loop
vertex -0.248559 -1.075370 3.498941
vertex -0.248559 -1.075370 3.711550
vertex -0.211658 -1.064079 3.710388
endloop
endfacet
facet normal -0.292592 0.956237 -5.21968e-07
outer loop
vertex -0.248559 -1.075370 3.498941
vertex -0.211658 -1.064079 3.710388
vertex -0.183043 -1.055323 3.709638
endloop
endfacet
facet normal 0.332601 -0.943068 0
outer loop
vertex -0.256724 -0.846306 3.698706
vertex -0.271828 -0.851633 3.699295
vertex -0.271828 -0.851633 3.482106
endloop
endfacet
facet normal 0.3326 -0.943068 0
outer loop
vertex -0.271828 -0.851633 3.482106
vertex -0.226828 -0.835763 3.480129
vertex -0.226828 -0.835763 3.697686
endloop
endfacet
facet normal 0.332599 -0.943068 1.58571e-07
outer loop
vertex -0.271828 -0.851633 3.482106
vertex -0.226828 -0.835763 3.697686
vertex -0.256724 -0.846306 3.698706
endloop
endfacet
facet normal -0.376761 0.92631 0
outer loop
vertex -0.119674 -1.029549 3.493159
vertex -0.183043 -1.055323 3.496089
vertex -0.183043 -1.055323 3.709638
endloop
endfacet
facet normal -0.376761 0.926311 0
outer loop
vertex -0.119674 -1.029549 3.493159
vertex -0.183043 -1.055323 3.709638
vertex -0.119674 -1.029549 3.707608
endloop
endfacet
facet normal 0.43213 -0.901812 0
outer loop
vertex -0.226828 -0.835763 3.697686
vertex -0.226828 -0.835763 3.480129
vertex -0.184246 -0.815358 3.478072
endloop
endfacet
facet normal 0.43213 -0.901812 0
outer loop
vertex -0.226828 -0.835763 3.697686
vertex -0.184246 -0.815358 3.478072
vertex -0.184246 -0.815358 3.695928
endloop
endfacet
facet normal 0.044347 0.999016 0
outer loop
vertex -0.179647 0.314166 3.668291
vertex -0.179647 0.314166 3.455262
vertex -0.231169 0.316454 3.456170
endloop
endfacet
facet normal 0.0443476 0.999016 -0
outer loop
vertex -0.231169 0.316454 3.456170
vertex -0.231169 0.316454 3.670044
vertex -0.210845 0.315551 3.669295
endloop
endfacet
facet normal 0.0443466 0.999016 9.373e-08
outer loop
vertex -0.231169 0.316454 3.456170
vertex -0.210845 0.315551 3.669295
vertex -0.179647 0.314166 3.668291
endloop
endfacet
facet normal -0.0402808 -0.999188 0
outer loop
vertex -0.165135 0.544376 3.680326
vertex -0.194512 0.545560 3.680969
vertex -0.194512 0.545560 3.463477
endloop
endfacet
facet normal -0.0402811 -0.999188 0
outer loop
vertex -0.194512 0.545560 3.463477
vertex -0.123473 0.542696 3.462445
vertex -0.123473 0.542696 3.679641
endloop
endfacet
facet normal -0.0402814 -0.999188 8.10964e-08
outer loop
vertex -0.194512 0.545560 3.463477
vertex -0.123473 0.542696 3.679641
vertex -0.165135 0.544376 3.680326
endloop
endfacet
facet normal 0.496108 0.868261 0
outer loop
vertex -0.012304 0.259276 3.662327
vertex -0.012304 0.259276 3.452707
vertex -0.048329 0.279860 3.453240
endloop
endfacet
facet normal 0.496108 0.868261 -0
outer loop
vertex -0.048329 0.279860 3.453240
vertex -0.048329 0.279860 3.663747
vertex -0.026326 0.267288 3.662833
endloop
endfacet
facet normal 0.496108 0.868261 1.71322e-08
outer loop
vertex -0.048329 0.279860 3.453240
vertex -0.026326 0.267288 3.662833
vertex -0.012304 0.259276 3.662327
endloop
endfacet
facet normal -0.321222 -0.947004 0
outer loop
vertex 0.049755 0.505170 3.676758
vertex 0.006666 0.519786 3.677486
vertex 0.006666 0.519786 3.460856
endloop
endfacet
facet normal -0.321222 -0.947004 0
outer loop
vertex 0.006666 0.519786 3.460856
vertex 0.065766 0.499739 3.460207
vertex 0.065766 0.499739 3.676582
endloop
endfacet
facet normal -0.321222 -0.947004 1.43197e-07
outer loop
vertex 0.006666 0.519786 3.460856
vertex 0.065766 0.499739 3.676582
vertex 0.049755 0.505170 3.676758
endloop
endfacet
facet normal -0.45753 0.889194 0
outer loop
vertex -0.058451 -0.998047 3.705494
vertex -0.058451 -0.998047 3.490155
vertex -0.119674 -1.029549 3.493159
endloop
endfacet
facet normal -0.45753 0.889194 0
outer loop
vertex -0.119674 -1.029549 3.493159
vertex -0.119674 -1.029549 3.707608
vertex -0.100426 -1.019645 3.706872
endloop
endfacet
facet normal -0.457531 0.889194 1.26558e-07
outer loop
vertex -0.119674 -1.029549 3.493159
vertex -0.100426 -1.019645 3.706872
vertex -0.058451 -0.998047 3.705494
endloop
endfacet
facet normal 0.527494 -0.849559 0
outer loop
vertex -0.159076 -0.799730 3.694687
vertex -0.184246 -0.815358 3.695928
vertex -0.184246 -0.815358 3.478072
endloop
endfacet
facet normal 0.527494 -0.849559 0
outer loop
vertex -0.184246 -0.815358 3.478072
vertex -0.144079 -0.790419 3.475934
vertex -0.144079 -0.790419 3.694021
endloop
endfacet
facet normal 0.527494 -0.849559 7.57225e-08
outer loop
vertex -0.184246 -0.815358 3.478072
vertex -0.144079 -0.790419 3.694021
vertex -0.159076 -0.799730 3.694687
endloop
endfacet
facet normal -0.530838 0.847473 0
outer loop
vertex 0.000034 -0.961413 3.703193
vertex 0.000034 -0.961413 3.487134
vertex -0.058451 -0.998047 3.490155
endloop
endfacet
facet normal -0.530838 0.847473 0
outer loop
vertex -0.058451 -0.998047 3.490155
vertex -0.058451 -0.998047 3.705494
vertex -0.000000 -0.961434 3.703194
endloop
endfacet
facet normal -0.530658 0.847586 -5.47465e-05
outer loop
vertex -0.058451 -0.998047 3.490155
vertex -0.000000 -0.961434 3.703194
vertex 0.000034 -0.961413 3.703193
endloop
endfacet
facet normal 0.605215 -0.796062 0
outer loop
vertex -0.144079 -0.790419 3.694021
vertex -0.144079 -0.790419 3.475934
vertex -0.106358 -0.761740 3.473766
endloop
endfacet
facet normal 0.605215 -0.796062 0
outer loop
vertex -0.144079 -0.790419 3.694021
vertex -0.106358 -0.761740 3.473766
vertex -0.106358 -0.761740 3.692044
endloop
endfacet
facet normal -0.598168 0.801371 0
outer loop
vertex 0.055186 -0.920246 3.484144
vertex 0.000034 -0.961413 3.487134
vertex 0.000034 -0.961413 3.703193
endloop
endfacet
facet normal -0.598168 0.801371 0
outer loop
vertex 0.055186 -0.920246 3.484144
vertex 0.000034 -0.961413 3.703193
vertex 0.055186 -0.920246 3.700953
endloop
endfacet
facet normal 0.667767 -0.744371 0
outer loop
vertex -0.071988 -0.730908 3.689971
vertex -0.106358 -0.761740 3.692044
vertex -0.106358 -0.761740 3.473766
endloop
endfacet
facet normal 0.667767 -0.744371 0
outer loop
vertex -0.106358 -0.761740 3.473766
vertex -0.071109 -0.730119 3.471619
vertex -0.071109 -0.730119 3.689923
endloop
endfacet
facet normal 0.667756 -0.74438 3.16374e-06
outer loop
vertex -0.106358 -0.761740 3.473766
vertex -0.071109 -0.730119 3.689923
vertex -0.071988 -0.730908 3.689971
endloop
endfacet
facet normal 0.372395 0.928074 0
outer loop
vertex -0.048329 0.279860 3.663747
vertex -0.048329 0.279860 3.453240
vertex -0.088227 0.295870 3.453830
endloop
endfacet
facet normal 0.372395 0.928074 -0
outer loop
vertex -0.088227 0.295870 3.453830
vertex -0.088227 0.295870 3.665177
vertex -0.056304 0.283060 3.664000
endloop
endfacet
facet normal 0.372396 0.928074 -1.60367e-07
outer loop
vertex -0.088227 0.295870 3.453830
vertex -0.056304 0.283060 3.664000
vertex -0.048329 0.279860 3.663747
endloop
endfacet
facet normal -0.221367 -0.975191 0
outer loop
vertex -0.052518 0.533220 3.678400
vertex -0.056414 0.534105 3.678484
vertex -0.056414 0.534105 3.461588
endloop
endfacet
facet normal -0.221369 -0.97519 0
outer loop
vertex -0.056414 0.534105 3.461588
vertex 0.006666 0.519786 3.460856
vertex 0.006666 0.519786 3.677486
endloop
endfacet
facet normal -0.221369 -0.97519 1.9935e-08
outer loop
vertex 0.000000 0.521299 3.677555
vertex -0.052518 0.533220 3.678400
vertex -0.056414 0.534105 3.461588
endloop
endfacet
facet normal -0.221371 -0.97519 7.07844e-07
outer loop
vertex -0.056414 0.534105 3.461588
vertex 0.006666 0.519786 3.677486
vertex 0.000000 0.521299 3.677555
endloop
endfacet
facet normal 0.252768 0.967527 0
outer loop
vertex -0.089882 0.296302 3.665225
vertex -0.088227 0.295870 3.665177
vertex -0.088227 0.295870 3.453830
endloop
endfacet
facet normal 0.252762 0.967528 0
outer loop
vertex -0.088227 0.295870 3.453830
vertex -0.132000 0.307305 3.454494
vertex -0.132000 0.307305 3.666682
endloop
endfacet
facet normal 0.252762 0.967529 -5.06393e-08
outer loop
vertex -0.126718 0.305925 3.666477
vertex -0.089882 0.296302 3.665225
vertex -0.088227 0.295870 3.453830
endloop
endfacet
facet normal 0.25276 0.967529 -3.78704e-07
outer loop
vertex -0.088227 0.295870 3.453830
vertex -0.132000 0.307305 3.666682
vertex -0.126718 0.305925 3.666477
endloop
endfacet
facet normal -0.127081 -0.991892 0
outer loop
vertex -0.107543 0.540655 3.679300
vertex -0.123473 0.542696 3.679641
vertex -0.123473 0.542696 3.462445
endloop
endfacet
facet normal -0.127079 -0.991893 0
outer loop
vertex -0.123473 0.542696 3.462445
vertex -0.056414 0.534105 3.461588
vertex -0.056414 0.534105 3.678484
endloop
endfacet
facet normal -0.127079 -0.991893 -1.7814e-07
outer loop
vertex -0.123473 0.542696 3.462445
vertex -0.056414 0.534105 3.678484
vertex -0.107543 0.540655 3.679300
endloop
endfacet
facet normal -0.924326 0.381603 0
outer loop
vertex 0.342636 -0.510479 3.683006
vertex 0.342636 -0.510479 3.465185
vertex 0.313768 -0.580404 3.467489
endloop
endfacet
facet normal -0.924326 0.381603 0
outer loop
vertex 0.313768 -0.580404 3.467489
vertex 0.313768 -0.580404 3.685631
vertex 0.342046 -0.511908 3.683052
endloop
endfacet
facet normal -0.924328 0.381598 2.0737e-06
outer loop
vertex 0.313768 -0.580404 3.467489
vertex 0.342046 -0.511908 3.683052
vertex 0.342636 -0.510479 3.683006
endloop
endfacet
facet normal 0.957207 -0.289404 0
outer loop
vertex 0.118630 -0.391070 3.670994
vertex 0.105797 -0.433513 3.673213
vertex 0.105797 -0.433513 3.458000
endloop
endfacet
facet normal 0.957207 -0.289404 0
outer loop
vertex 0.105797 -0.433513 3.458000
vertex 0.120793 -0.383913 3.456507
vertex 0.120793 -0.383913 3.670643
endloop
endfacet
facet normal 0.957207 -0.289403 -1.08597e-07
outer loop
vertex 0.105797 -0.433513 3.458000
vertex 0.120793 -0.383913 3.670643
vertex 0.118630 -0.391070 3.670994
endloop
endfacet
facet normal -0.948958 0.315403 0
outer loop
vertex 0.364631 -0.444304 3.680670
vertex 0.366988 -0.437212 3.680456
vertex 0.366988 -0.437212 3.463090
endloop
endfacet
facet normal -0.948958 0.315402 0
outer loop
vertex 0.366988 -0.437212 3.463090
vertex 0.342636 -0.510479 3.465185
vertex 0.342636 -0.510479 3.683006
endloop
endfacet
facet normal -0.948958 0.315402 -3.45667e-08
outer loop
vertex 0.366988 -0.437212 3.463090
vertex 0.342636 -0.510479 3.683006
vertex 0.364631 -0.444304 3.680670
endloop
endfacet
facet normal 0.971691 -0.236255 0
outer loop
vertex 0.120793 -0.383913 3.670643
vertex 0.120793 -0.383913 3.456507
vertex 0.133182 -0.332961 3.455166
endloop
endfacet
facet normal 0.971691 -0.236255 0
outer loop
vertex 0.120793 -0.383913 3.670643
vertex 0.133182 -0.332961 3.455166
vertex 0.133182 -0.332961 3.668089
endloop
endfacet
facet normal -0.968079 0.250645 0
outer loop
vertex 0.386822 -0.360605 3.678028
vertex 0.386822 -0.360605 3.461236
vertex 0.366988 -0.437212 3.463090
endloop
endfacet
facet normal -0.968079 0.250645 0
outer loop
vertex 0.366988 -0.437212 3.463090
vertex 0.366988 -0.437212 3.680456
vertex 0.381430 -0.381430 3.678611
endloop
endfacet
facet normal -0.968079 0.250645 -4.98578e-08
outer loop
vertex 0.366988 -0.437212 3.463090
vertex 0.381430 -0.381430 3.678611
vertex 0.386822 -0.360605 3.678028
endloop
endfacet
facet normal 0.982962 -0.18381 0
outer loop
vertex 0.134655 -0.325085 3.667685
vertex 0.133182 -0.332961 3.668089
vertex 0.133182 -0.332961 3.455166
endloop
endfacet
facet normal 0.982962 -0.18381 0
outer loop
vertex 0.133182 -0.332961 3.455166
vertex 0.142963 -0.280656 3.453985
vertex 0.142963 -0.280656 3.665550
endloop
endfacet
facet normal 0.982962 -0.18381 7.56118e-10
outer loop
vertex 0.133182 -0.332961 3.455166
vertex 0.142963 -0.280656 3.665550
vertex 0.134655 -0.325085 3.667685
endloop
endfacet
facet normal -0.982137 0.188169 0
outer loop
vertex 0.402140 -0.280656 3.675777
vertex 0.402140 -0.280656 3.459661
vertex 0.386822 -0.360605 3.461236
endloop
endfacet
facet normal -0.982136 0.18817 0
outer loop
vertex 0.386822 -0.360605 3.461236
vertex 0.386822 -0.360605 3.678028
vertex 0.393966 -0.323319 3.676877
endloop
endfacet
facet normal -0.982137 0.188169 6.805e-08
outer loop
vertex 0.386822 -0.360605 3.461236
vertex 0.393966 -0.323319 3.676877
vertex 0.402140 -0.280656 3.675777
endloop
endfacet
facet normal 0.991239 -0.132081 0
outer loop
vertex 0.144370 -0.270097 3.665028
vertex 0.142963 -0.280656 3.665550
vertex 0.142963 -0.280656 3.453985
endloop
endfacet
facet normal 0.991239 -0.13208 0
outer loop
vertex 0.142963 -0.280656 3.453985
vertex 0.149996 -0.227874 3.452990
vertex 0.149996 -0.227874 3.663085
endloop
endfacet
facet normal 0.991239 -0.13208 -1.04977e-08
outer loop
vertex 0.142963 -0.280656 3.453985
vertex 0.149996 -0.227874 3.663085
vertex 0.144370 -0.270097 3.665028
endloop
endfacet
facet normal -0.991791 0.127867 0
outer loop
vertex 0.412619 -0.199375 3.673914
vertex 0.412619 -0.199375 3.458437
vertex 0.402140 -0.280656 3.459661
endloop
endfacet
facet normal -0.991791 0.127867 0
outer loop
vertex 0.402140 -0.280656 3.459661
vertex 0.402140 -0.280656 3.675777
vertex 0.403559 -0.269649 3.675461
endloop
endfacet
facet normal -0.991791 0.127867 1.11449e-07
outer loop
vertex 0.410065 -0.219184 3.674273
vertex 0.412619 -0.199375 3.673914
vertex 0.402140 -0.280656 3.459661
endloop
endfacet
facet normal -0.991791 0.127867 -2.51496e-08
outer loop
vertex 0.402140 -0.280656 3.459661
vertex 0.403559 -0.269649 3.675461
vertex 0.410065 -0.219184 3.674273
endloop
endfacet
facet normal 0.997 -0.0773987 0
outer loop
vertex 0.150232 -0.224837 3.662940
vertex 0.149996 -0.227874 3.663085
vertex 0.149996 -0.227874 3.452990
endloop
endfacet
facet normal 0.997 -0.0774005 0
outer loop
vertex 0.149996 -0.227874 3.452990
vertex 0.153988 -0.176444 3.452203
vertex 0.153988 -0.176444 3.660844
endloop
endfacet
facet normal 0.997 -0.0774007 2.89488e-08
outer loop
vertex 0.153195 -0.186668 3.661255
vertex 0.150232 -0.224837 3.662940
vertex 0.149996 -0.227874 3.452990
endloop
endfacet
facet normal 0.997 -0.0774003 -4.7319e-08
outer loop
vertex 0.149996 -0.227874 3.452990
vertex 0.153988 -0.176444 3.660844
vertex 0.153195 -0.186668 3.661255
endloop
endfacet
facet normal 0.999819 -0.0190118 0
outer loop
vertex 0.154407 -0.154407 3.659908
vertex 0.153988 -0.176444 3.660844
vertex 0.153988 -0.176444 3.452203
endloop
endfacet
facet normal 0.999819 -0.0190117 0
outer loop
vertex 0.153988 -0.176444 3.452203
vertex 0.154941 -0.126367 3.451606
vertex 0.154941 -0.126367 3.658837
endloop
endfacet
facet normal 0.999819 -0.0190117 -1.56734e-08
outer loop
vertex 0.154926 -0.127144 3.658863
vertex 0.154407 -0.154407 3.659908
vertex 0.153988 -0.176444 3.452203
endloop
endfacet
facet normal 0.999819 -0.0190095 -5.38981e-07
outer loop
vertex 0.153988 -0.176444 3.452203
vertex 0.154941 -0.126367 3.658837
vertex 0.154926 -0.127144 3.658863
endloop
endfacet
facet normal -0.99805 0.0624129 0
outer loop
vertex 0.417173 -0.126548 3.672583
vertex 0.417480 -0.121634 3.672531
vertex 0.417480 -0.121634 3.457596
endloop
endfacet
facet normal -0.998051 0.062411 0
outer loop
vertex 0.417480 -0.121634 3.457596
vertex 0.412619 -0.199375 3.458437
vertex 0.412619 -0.199375 3.673914
endloop
endfacet
facet normal -0.998051 0.0624107 -5.2466e-08
outer loop
vertex 0.414354 -0.171631 3.673314
vertex 0.417173 -0.126548 3.672583
vertex 0.417480 -0.121634 3.457596
endloop
endfacet
facet normal -0.998051 0.0624113 1.02436e-07
outer loop
vertex 0.417480 -0.121634 3.457596
vertex 0.412619 -0.199375 3.673914
vertex 0.414354 -0.171631 3.673314
endloop
endfacet
facet normal 0.999083 0.0428177 0
outer loop
vertex 0.153933 -0.102855 3.657972
vertex 0.154941 -0.126367 3.658837
vertex 0.154941 -0.126367 3.451606
endloop
endfacet
facet normal 0.999083 0.0428177 0
outer loop
vertex 0.154941 -0.126367 3.451606
vertex 0.152852 -0.077642 3.451181
vertex 0.152852 -0.077642 3.657183
endloop
endfacet
facet normal 0.999083 0.0428175 1.91665e-08
outer loop
vertex 0.153031 -0.081797 3.657296
vertex 0.153933 -0.102855 3.657972
vertex 0.154941 -0.126367 3.451606
endloop
endfacet
facet normal 0.999083 0.042818 -1.0148e-07
outer loop
vertex 0.154941 -0.126367 3.451606
vertex 0.152852 -0.077642 3.657183
vertex 0.153031 -0.081797 3.657296
endloop
endfacet
facet normal -0.999948 -0.0101952 -0
outer loop
vertex 0.416724 -0.047432 3.671635
vertex 0.416724 -0.047432 3.457067
vertex 0.417480 -0.121634 3.457596
endloop
endfacet
facet normal -0.999948 -0.0101948 0
outer loop
vertex 0.417480 -0.121634 3.457596
vertex 0.417480 -0.121634 3.672531
vertex 0.417086 -0.082964 3.671960
endloop
endfacet
facet normal -0.999948 -0.0101955 1.27551e-07
outer loop
vertex 0.417480 -0.121634 3.457596
vertex 0.417086 -0.082964 3.671960
vertex 0.416724 -0.047432 3.671635
endloop
endfacet
facet normal 0.994191 0.107633 0
outer loop
vertex 0.151228 -0.062641 3.656723
vertex 0.152852 -0.077642 3.657183
vertex 0.152852 -0.077642 3.451181
endloop
endfacet
facet normal 0.994191 0.107633 0
outer loop
vertex 0.152852 -0.077642 3.451181
vertex 0.147724 -0.030269 3.450913
vertex 0.147724 -0.030269 3.655974
endloop
endfacet
facet normal 0.994191 0.107633 3.34345e-08
outer loop
vertex 0.149352 -0.045305 3.656280
vertex 0.151228 -0.062641 3.656723
vertex 0.152852 -0.077642 3.451181
endloop
endfacet
facet normal 0.994191 0.107633 4.67635e-08
outer loop
vertex 0.152852 -0.077642 3.451181
vertex 0.147724 -0.030269 3.655974
vertex 0.149352 -0.045305 3.656280
endloop
endfacet
facet normal -0.995956 -0.0898463 -0
outer loop
vertex 0.410349 0.023229 3.671158
vertex 0.410349 0.023229 3.456787
vertex 0.416724 -0.047432 3.457067
endloop
endfacet
facet normal -0.995956 -0.089846 0
outer loop
vertex 0.416724 -0.047432 3.457067
vertex 0.416724 -0.047432 3.671635
vertex 0.416142 -0.040986 3.671547
endloop
endfacet
facet normal -0.995956 -0.0898466 1.20849e-07
outer loop
vertex 0.412445 0.000000 3.671214
vertex 0.410349 0.023229 3.671158
vertex 0.416724 -0.047432 3.457067
endloop
endfacet
facet normal -0.995956 -0.0898461 4.12067e-09
outer loop
vertex 0.416724 -0.047432 3.457067
vertex 0.416142 -0.040986 3.671547
vertex 0.412445 0.000000 3.671214
endloop
endfacet
facet normal 0.984609 0.174771 0
outer loop
vertex 0.147561 -0.029352 3.655952
vertex 0.147724 -0.030269 3.655974
vertex 0.147724 -0.030269 3.450913
endloop
endfacet
facet normal 0.984608 0.174778 0
outer loop
vertex 0.147724 -0.030269 3.450913
vertex 0.139555 0.015751 3.450792
vertex 0.139555 0.015751 3.655374
endloop
endfacet
facet normal 0.984608 0.17478 -2.84248e-07
outer loop
vertex 0.147724 -0.030269 3.450913
vertex 0.139555 0.015751 3.655374
vertex 0.139905 0.013779 3.655377
endloop
endfacet
facet normal 0.984608 0.174779 -3.35887e-08
outer loop
vertex 0.144884 -0.014270 3.655668
vertex 0.147561 -0.029352 3.655952
vertex 0.147724 -0.030269 3.450913
endloop
endfacet
facet normal 0.984608 0.174778 1.47243e-07
outer loop
vertex 0.147724 -0.030269 3.450913
vertex 0.139905 0.013779 3.655377
vertex 0.142351 0.000000 3.655480
endloop
endfacet
facet normal 0.984608 0.174779 -3.67404e-08
outer loop
vertex 0.147724 -0.030269 3.450913
vertex 0.142351 0.000000 3.655480
vertex 0.144884 -0.014270 3.655668
endloop
endfacet
facet normal -0.984411 -0.175881 -0
outer loop
vertex 0.398357 0.090350 3.671005
vertex 0.398357 0.090350 3.456703
vertex 0.410349 0.023229 3.456787
endloop
endfacet
facet normal -0.984411 -0.175882 0
outer loop
vertex 0.410349 0.023229 3.456787
vertex 0.410349 0.023229 3.671158
vertex 0.407332 0.040119 3.671031
endloop
endfacet
facet normal -0.984411 -0.175882 2.87036e-07
outer loop
vertex 0.400274 0.079619 3.670962
vertex 0.398357 0.090350 3.671005
vertex 0.410349 0.023229 3.456787
endloop
endfacet
facet normal -0.984411 -0.175881 -8.80085e-08
outer loop
vertex 0.410349 0.023229 3.456787
vertex 0.407332 0.040119 3.671031
vertex 0.400274 0.079619 3.670962
endloop
endfacet
facet normal 0.967833 0.251594 0
outer loop
vertex 0.136587 0.027169 3.655300
vertex 0.139555 0.015751 3.655374
vertex 0.139555 0.015751 3.450792
endloop
endfacet
facet normal 0.967833 0.251593 0
outer loop
vertex 0.139555 0.015751 3.450792
vertex 0.128155 0.059603 3.450803
vertex 0.128155 0.059603 3.655431
endloop
endfacet
facet normal 0.967833 0.251593 9.37666e-08
outer loop
vertex 0.139555 0.015751 3.450792
vertex 0.128155 0.059603 3.655431
vertex 0.129685 0.053717 3.655365
endloop
endfacet
facet normal 0.967833 0.251593 7.29185e-08
outer loop
vertex 0.133150 0.040390 3.655293
vertex 0.136587 0.027169 3.655300
vertex 0.139555 0.015751 3.450792
endloop
endfacet
facet normal 0.967833 0.251594 -9.82497e-08
outer loop
vertex 0.139555 0.015751 3.450792
vertex 0.129685 0.053717 3.655365
vertex 0.133150 0.040390 3.655293
endloop
endfacet
facet normal -0.963718 -0.266923 -0
outer loop
vertex 0.380747 0.153931 3.671121
vertex 0.380747 0.153931 3.456776
vertex 0.398357 0.090350 3.456703
endloop
endfacet
facet normal -0.963718 -0.266924 0
outer loop
vertex 0.398357 0.090350 3.456703
vertex 0.398357 0.090350 3.671005
vertex 0.390567 0.118477 3.670963
endloop
endfacet
facet normal -0.963718 -0.266923 -1.18222e-07
outer loop
vertex 0.398357 0.090350 3.456703
vertex 0.390567 0.118477 3.670963
vertex 0.380747 0.153931 3.671121
endloop
endfacet
facet normal 0.940097 0.340906 0
outer loop
vertex 0.125453 0.067056 3.655474
vertex 0.128155 0.059603 3.655431
vertex 0.128155 0.059603 3.450803
endloop
endfacet
facet normal 0.940097 0.340906 0
outer loop
vertex 0.128155 0.059603 3.450803
vertex 0.113335 0.100473 3.450922
vertex 0.113335 0.100473 3.656021
endloop
endfacet
facet normal 0.940097 0.340906 0
outer loop
vertex 0.128155 0.059603 3.450803
vertex 0.113335 0.100473 3.656021
vertex 0.115420 0.094723 3.655886
endloop
endfacet
facet normal 0.940097 0.340906 2.97232e-08
outer loop
vertex 0.120558 0.080554 3.655634
vertex 0.125453 0.067056 3.655474
vertex 0.128155 0.059603 3.450803
endloop
endfacet
facet normal 0.940097 0.340906 -2.83343e-08
outer loop
vertex 0.128155 0.059603 3.450803
vertex 0.115420 0.094723 3.655886
vertex 0.120558 0.080554 3.655634
endloop
endfacet
facet normal -0.933767 -0.357882 -0
outer loop
vertex 0.357933 0.213455 3.671494
vertex 0.357933 0.213455 3.456977
vertex 0.380747 0.153931 3.456776
endloop
endfacet
facet normal -0.933766 -0.357883 0
outer loop
vertex 0.380747 0.153931 3.456776
vertex 0.380747 0.153931 3.671121
vertex 0.379497 0.157193 3.671116
endloop
endfacet
facet normal -0.933767 -0.357882 -2.28026e-07
outer loop
vertex 0.364975 0.195083 3.671295
vertex 0.357933 0.213455 3.671494
vertex 0.380747 0.153931 3.456776
endloop
endfacet
facet normal -0.933766 -0.357883 -1.25493e-08
outer loop
vertex 0.380747 0.153931 3.456776
vertex 0.379497 0.157193 3.671116
vertex 0.364975 0.195083 3.671295
endloop
endfacet
facet normal 0.901006 0.433808 0
outer loop
vertex 0.109155 0.109155 3.656180
vertex 0.113335 0.100473 3.656021
vertex 0.113335 0.100473 3.450922
endloop
endfacet
facet normal 0.901006 0.433807 0
outer loop
vertex 0.113335 0.100473 3.450922
vertex 0.095094 0.138359 3.451132
vertex 0.095094 0.138359 3.656973
endloop
endfacet
facet normal 0.901006 0.433807 4.25384e-09
outer loop
vertex 0.101917 0.124186 3.656546
vertex 0.109155 0.109155 3.656180
vertex 0.113335 0.100473 3.450922
endloop
endfacet
facet normal 0.901006 0.433807 -1.80593e-08
outer loop
vertex 0.113335 0.100473 3.450922
vertex 0.095094 0.138359 3.656973
vertex 0.101917 0.124186 3.656546
endloop
endfacet
facet normal -0.893595 -0.448873 -0
outer loop
vertex 0.330331 0.268405 3.671988
vertex 0.330331 0.268405 3.457278
vertex 0.357933 0.213455 3.456977
endloop
endfacet
facet normal -0.893595 -0.448874 0
outer loop
vertex 0.357933 0.213455 3.456977
vertex 0.357933 0.213455 3.671494
vertex 0.348264 0.232703 3.671587
endloop
endfacet
facet normal -0.893595 -0.448873 -7.47499e-08
outer loop
vertex 0.357933 0.213455 3.456977
vertex 0.348264 0.232703 3.671587
vertex 0.330331 0.268405 3.671988
endloop
endfacet
facet normal -0.841124 -0.540843 -0
outer loop
vertex 0.297939 0.318780 3.672633
vertex 0.297939 0.318780 3.457649
vertex 0.330331 0.268405 3.457278
endloop
endfacet
facet normal -0.841126 -0.540839 0
outer loop
vertex 0.330331 0.268405 3.457278
vertex 0.330331 0.268405 3.671988
vertex 0.329198 0.270166 3.671996
endloop
endfacet
facet normal -0.841124 -0.540842 -1.88983e-07
outer loop
vertex 0.306095 0.306095 3.672405
vertex 0.297939 0.318780 3.672633
vertex 0.330331 0.268405 3.457278
endloop
endfacet
facet normal -0.841123 -0.540843 4.95851e-08
outer loop
vertex 0.330331 0.268405 3.457278
vertex 0.329198 0.270166 3.671996
vertex 0.306095 0.306095 3.672405
endloop
endfacet
facet normal -0.661439 0.749999 0
outer loop
vertex 0.107007 -0.874544 3.698558
vertex 0.107007 -0.874544 3.481187
vertex 0.055186 -0.920246 3.484144
endloop
endfacet
facet normal -0.661439 0.749999 0
outer loop
vertex 0.055186 -0.920246 3.484144
vertex 0.055186 -0.920246 3.700953
vertex 0.087803 -0.891480 3.699370
endloop
endfacet
facet normal -0.661439 0.749999 6.2969e-08
outer loop
vertex 0.055186 -0.920246 3.484144
vertex 0.087803 -0.891480 3.699370
vertex 0.107007 -0.874544 3.698558
endloop
endfacet
facet normal 0.725629 -0.688086 0
outer loop
vertex -0.071109 -0.730119 3.689923
vertex -0.071109 -0.730119 3.471619
vertex -0.038332 -0.695554 3.469495
endloop
endfacet
facet normal 0.725629 -0.688086 0
outer loop
vertex -0.071109 -0.730119 3.689923
vertex -0.038332 -0.695554 3.469495
vertex -0.038332 -0.695554 3.687816
endloop
endfacet
facet normal -0.719507 0.694486 0
outer loop
vertex 0.155497 -0.824307 3.478269
vertex 0.107007 -0.874544 3.481187
vertex 0.107007 -0.874544 3.698558
endloop
endfacet
facet normal -0.719507 0.694486 0
outer loop
vertex 0.155497 -0.824307 3.478269
vertex 0.107007 -0.874544 3.698558
vertex 0.155497 -0.824307 3.696074
endloop
endfacet
facet normal 0.77785 -0.62845 0
outer loop
vertex -0.038332 -0.695554 3.687816
vertex -0.038332 -0.695554 3.469495
vertex -0.008028 -0.658046 3.467399
endloop
endfacet
facet normal 0.77785 -0.62845 0
outer loop
vertex -0.038332 -0.695554 3.687816
vertex -0.008028 -0.658046 3.467399
vertex -0.008028 -0.658046 3.685544
endloop
endfacet
facet normal -0.771567 0.636148 0
outer loop
vertex 0.200655 -0.769536 3.693568
vertex 0.200655 -0.769536 3.475408
vertex 0.155497 -0.824307 3.478269
endloop
endfacet
facet normal -0.771568 0.636147 0
outer loop
vertex 0.155497 -0.824307 3.478269
vertex 0.155497 -0.824307 3.696074
vertex 0.162319 -0.816033 3.695655
endloop
endfacet
facet normal -0.771567 0.636148 -4.87928e-08
outer loop
vertex 0.155497 -0.824307 3.478269
vertex 0.162319 -0.816033 3.695655
vertex 0.200655 -0.769536 3.693568
endloop
endfacet
facet normal 0.82384 -0.566822 0
outer loop
vertex -0.000000 -0.646377 3.684841
vertex -0.008028 -0.658046 3.685544
vertex -0.008028 -0.658046 3.467399
endloop
endfacet
facet normal 0.82384 -0.566822 0
outer loop
vertex -0.008028 -0.658046 3.467399
vertex 0.019804 -0.617594 3.465339
vertex 0.019804 -0.617594 3.683221
endloop
endfacet
facet normal 0.82384 -0.566823 2.67362e-08
outer loop
vertex -0.008028 -0.658046 3.467399
vertex 0.019804 -0.617594 3.683221
vertex -0.000000 -0.646377 3.684841
endloop
endfacet
facet normal -0.817203 0.57635 0
outer loop
vertex 0.242481 -0.710231 3.690954
vertex 0.242481 -0.710231 3.472627
vertex 0.200655 -0.769536 3.475408
endloop
endfacet
facet normal -0.817203 0.57635 0
outer loop
vertex 0.200655 -0.769536 3.475408
vertex 0.200655 -0.769536 3.693568
vertex 0.223577 -0.737035 3.692054
endloop
endfacet
facet normal -0.817203 0.57635 -8.1414e-08
outer loop
vertex 0.200655 -0.769536 3.475408
vertex 0.223577 -0.737035 3.692054
vertex 0.242481 -0.710231 3.690954
endloop
endfacet
facet normal 0.863385 -0.504546 0
outer loop
vertex 0.019804 -0.617594 3.683221
vertex 0.019804 -0.617594 3.465339
vertex 0.045163 -0.574199 3.463328
endloop
endfacet
facet normal 0.863385 -0.504546 0
outer loop
vertex 0.019804 -0.617594 3.683221
vertex 0.045163 -0.574199 3.463328
vertex 0.045163 -0.574199 3.680766
endloop
endfacet
facet normal -0.857754 0.51406 0
outer loop
vertex 0.280383 -0.646988 3.688291
vertex 0.280383 -0.646988 3.469975
vertex 0.242481 -0.710231 3.472627
endloop
endfacet
facet normal -0.857754 0.51406 0
outer loop
vertex 0.242481 -0.710231 3.472627
vertex 0.242481 -0.710231 3.690954
vertex 0.273056 -0.659215 3.688753
endloop
endfacet
facet normal -0.857755 0.514059 3.74554e-07
outer loop
vertex 0.242481 -0.710231 3.472627
vertex 0.273056 -0.659215 3.688753
vertex 0.280383 -0.646988 3.688291
endloop
endfacet
facet normal 0.894052 -0.447963 0
outer loop
vertex 0.054682 -0.555200 3.679686
vertex 0.045163 -0.574199 3.680766
vertex 0.045163 -0.574199 3.463328
endloop
endfacet
facet normal 0.894052 -0.447963 0
outer loop
vertex 0.045163 -0.574199 3.463328
vertex 0.067982 -0.528656 3.461414
vertex 0.067982 -0.528656 3.678269
endloop
endfacet
facet normal 0.894052 -0.447962 -9.92136e-08
outer loop
vertex 0.045163 -0.574199 3.463328
vertex 0.067982 -0.528656 3.678269
vertex 0.054682 -0.555200 3.679686
endloop
endfacet
facet normal -0.893927 0.448212 0
outer loop
vertex 0.312057 -0.583817 3.685750
vertex 0.313768 -0.580404 3.685631
vertex 0.313768 -0.580404 3.467489
endloop
endfacet
facet normal -0.893927 0.448213 0
outer loop
vertex 0.313768 -0.580404 3.467489
vertex 0.280383 -0.646988 3.469975
vertex 0.280383 -0.646988 3.688291
endloop
endfacet
facet normal -0.893927 0.448213 1.08567e-08
outer loop
vertex 0.313768 -0.580404 3.467489
vertex 0.280383 -0.646988 3.688291
vertex 0.312057 -0.583817 3.685750
endloop
endfacet
facet normal 0.918338 -0.395797 0
outer loop
vertex 0.067982 -0.528656 3.678269
vertex 0.067982 -0.528656 3.461414
vertex 0.088193 -0.481761 3.459637
endloop
endfacet
facet normal 0.918338 -0.395797 0
outer loop
vertex 0.067982 -0.528656 3.678269
vertex 0.088193 -0.481761 3.459637
vertex 0.088193 -0.481761 3.675736
endloop
endfacet
facet normal 0.939422 -0.342762 0
outer loop
vertex 0.093134 -0.468219 3.674997
vertex 0.088193 -0.481761 3.675736
vertex 0.088193 -0.481761 3.459637
endloop
endfacet
facet normal 0.939422 -0.342761 0
outer loop
vertex 0.088193 -0.481761 3.459637
vertex 0.105797 -0.433513 3.458000
vertex 0.105797 -0.433513 3.673213
endloop
endfacet
facet normal 0.939423 -0.342761 -4.01086e-08
outer loop
vertex 0.088193 -0.481761 3.459637
vertex 0.105797 -0.433513 3.673213
vertex 0.093134 -0.468219 3.674997
endloop
endfacet
facet normal 0.849663 0.527326 0
outer loop
vertex 0.093820 0.140411 3.657025
vertex 0.095094 0.138359 3.656973
vertex 0.095094 0.138359 3.451132
endloop
endfacet
facet normal 0.849664 0.527325 0
outer loop
vertex 0.095094 0.138359 3.451132
vertex 0.073432 0.173262 3.451423
vertex 0.073432 0.173262 3.658154
endloop
endfacet
facet normal 0.849664 0.527324 2.2183e-08
outer loop
vertex 0.083736 0.156659 3.657536
vertex 0.093820 0.140411 3.657025
vertex 0.095094 0.138359 3.451132
endloop
endfacet
facet normal 0.849664 0.527325 2.172e-08
outer loop
vertex 0.095094 0.138359 3.451132
vertex 0.073432 0.173262 3.658154
vertex 0.083736 0.156659 3.657536
endloop
endfacet
facet normal -0.776389 -0.630254 -0
outer loop
vertex 0.260759 0.364582 3.673326
vertex 0.260759 0.364582 3.458072
vertex 0.297939 0.318780 3.457649
endloop
endfacet
facet normal -0.77639 -0.630253 0
outer loop
vertex 0.297939 0.318780 3.457649
vertex 0.297939 0.318780 3.672633
vertex 0.279877 0.341031 3.672887
endloop
endfacet
facet normal -0.776389 -0.630254 7.1459e-08
outer loop
vertex 0.297939 0.318780 3.457649
vertex 0.279877 0.341031 3.672887
vertex 0.260759 0.364582 3.673326
endloop
endfacet
facet normal 0.786287 0.617862 0
outer loop
vertex 0.072342 0.174649 3.658200
vertex 0.073432 0.173262 3.658154
vertex 0.073432 0.173262 3.451423
endloop
endfacet
facet normal 0.786288 0.61786 0
outer loop
vertex 0.073432 0.173262 3.451423
vertex 0.048350 0.205182 3.451785
vertex 0.048350 0.205182 3.659481
endloop
endfacet
facet normal 0.786288 0.61786 1.86802e-08
outer loop
vertex 0.058372 0.192427 3.658902
vertex 0.072342 0.174649 3.658200
vertex 0.073432 0.173262 3.451423
endloop
endfacet
facet normal 0.786288 0.61786 2.60517e-08
outer loop
vertex 0.073432 0.173262 3.451423
vertex 0.048350 0.205182 3.659481
vertex 0.058372 0.192427 3.658902
endloop
endfacet
facet normal -0.700771 -0.713386 0
outer loop
vertex 0.250403 0.374754 3.673443
vertex 0.218789 0.405809 3.674049
vertex 0.218789 0.405809 3.458539
endloop
endfacet
facet normal -0.700771 -0.713386 0
outer loop
vertex 0.218789 0.405809 3.458539
vertex 0.260759 0.364582 3.458072
vertex 0.260759 0.364582 3.673326
endloop
endfacet
facet normal -0.700772 -0.713386 2.60791e-07
outer loop
vertex 0.218789 0.405809 3.458539
vertex 0.260759 0.364582 3.673326
vertex 0.250403 0.374754 3.673443
endloop
endfacet
facet normal 0.712425 0.701748 0
outer loop
vertex 0.042079 0.211547 3.659752
vertex 0.048350 0.205182 3.659481
vertex 0.048350 0.205182 3.451785
endloop
endfacet
facet normal 0.712425 0.701748 0
outer loop
vertex 0.048350 0.205182 3.451785
vertex 0.019846 0.234118 3.452218
vertex 0.019846 0.234118 3.660883
endloop
endfacet
facet normal 0.712425 0.701748 -1.01854e-08
outer loop
vertex 0.022767 0.231154 3.660718
vertex 0.042079 0.211547 3.659752
vertex 0.048350 0.205182 3.451785
endloop
endfacet
facet normal 0.712425 0.701748 0
outer loop
vertex 0.048350 0.205182 3.451785
vertex 0.019846 0.234118 3.660883
vertex 0.022767 0.231154 3.660718
endloop
endfacet
facet normal -0.61693 -0.787018 0
outer loop
vertex 0.180518 0.435809 3.674667
vertex 0.172031 0.442462 3.674865
vertex 0.172031 0.442462 3.459054
endloop
endfacet
facet normal -0.616929 -0.787019 0
outer loop
vertex 0.172031 0.442462 3.459054
vertex 0.218789 0.405809 3.458539
vertex 0.218789 0.405809 3.674049
endloop
endfacet
facet normal -0.616929 -0.787018 0
outer loop
vertex 0.217465 0.406847 3.674061
vertex 0.180518 0.435809 3.674667
vertex 0.172031 0.442462 3.459054
endloop
endfacet
facet normal -0.616921 -0.787025 -2.24765e-06
outer loop
vertex 0.172031 0.442462 3.459054
vertex 0.218789 0.405809 3.674049
vertex 0.217465 0.406847 3.674061
endloop
endfacet
facet normal 0.616258 0.787544 0
outer loop
vertex 0.019846 0.234118 3.660883
vertex 0.019846 0.234118 3.452218
vertex -0.012304 0.259276 3.452707
endloop
endfacet
facet normal 0.616259 0.787544 -0
outer loop
vertex -0.012304 0.259276 3.452707
vertex -0.012304 0.259276 3.662327
vertex 0.000000 0.249648 3.661731
endloop
endfacet
facet normal 0.616258 0.787544 3.85792e-08
outer loop
vertex -0.012304 0.259276 3.452707
vertex 0.000000 0.249648 3.661731
vertex 0.019846 0.234118 3.660883
endloop
endfacet
facet normal -0.524457 -0.851437 0
outer loop
vertex 0.140172 0.462086 3.675317
vertex 0.120888 0.473964 3.675716
vertex 0.120888 0.473964 3.459612
endloop
endfacet
facet normal -0.524458 -0.851436 0
outer loop
vertex 0.120888 0.473964 3.459612
vertex 0.172031 0.442462 3.459054
vertex 0.172031 0.442462 3.674865
endloop
endfacet
facet normal -0.524458 -0.851436 6.48247e-08
outer loop
vertex 0.120888 0.473964 3.459612
vertex 0.172031 0.442462 3.674865
vertex 0.140172 0.462086 3.675317
endloop
endfacet
facet normal -0.423574 -0.905861 0
outer loop
vertex 0.096542 0.485349 3.676015
vertex 0.065766 0.499739 3.676582
vertex 0.065766 0.499739 3.460207
endloop
endfacet
facet normal -0.423574 -0.905861 0
outer loop
vertex 0.065766 0.499739 3.460207
vertex 0.120888 0.473964 3.459612
vertex 0.120888 0.473964 3.675716
endloop
endfacet
facet normal -0.423575 -0.905861 7.01262e-08
outer loop
vertex 0.065766 0.499739 3.460207
vertex 0.120888 0.473964 3.675716
vertex 0.096542 0.485349 3.676015
endloop
endfacet
facet normal -0.122152 0.992511 0
outer loop
vertex -0.316221 -1.089689 3.713319
vertex -0.316221 -1.089689 3.501721
vertex -0.386030 -1.098281 3.504446
endloop
endfacet
facet normal -0.122151 0.992512 0
outer loop
vertex -0.386030 -1.098281 3.504446
vertex -0.386030 -1.098281 3.715084
vertex -0.331109 -1.091522 3.713633
endloop
endfacet
facet normal -0.122155 0.992511 1.11608e-06
outer loop
vertex -0.386030 -1.098281 3.504446
vertex -0.331109 -1.091522 3.713633
vertex -0.316221 -1.089689 3.713319
endloop
endfacet
facet normal 0.135237 -0.990813 0
outer loop
vertex -0.359743 -0.868497 3.701949
vertex -0.369077 -0.869771 3.702249
vertex -0.369077 -0.869771 3.485864
endloop
endfacet
facet normal 0.135234 -0.990814 0
outer loop
vertex -0.369077 -0.869771 3.485864
vertex -0.319244 -0.862969 3.484013
vertex -0.319244 -0.862969 3.700850
endloop
endfacet
facet normal 0.135233 -0.990814 1.59628e-07
outer loop
vertex -0.369077 -0.869771 3.485864
vertex -0.319244 -0.862969 3.700850
vertex -0.359743 -0.868497 3.701949
endloop
endfacet
facet normal -0.138487 0.990364 0
outer loop
vertex -0.282527 0.314166 3.671830
vertex -0.282527 0.314166 3.457172
vertex -0.331594 0.307305 3.458211
endloop
endfacet
facet normal -0.138488 0.990364 0
outer loop
vertex -0.331594 0.307305 3.458211
vertex -0.331594 0.307305 3.673554
vertex -0.310285 0.310285 3.672750
endloop
endfacet
facet normal -0.138487 0.990364 -9.40712e-08
outer loop
vertex -0.331594 0.307305 3.458211
vertex -0.310285 0.310285 3.672750
vertex -0.282527 0.314166 3.671830
endloop
endfacet
facet normal 0.123503 -0.992344 0
outer loop
vertex -0.288549 0.539837 3.682845
vertex -0.334604 0.534105 3.683939
vertex -0.334604 0.534105 3.465958
endloop
endfacet
facet normal 0.123502 -0.992344 0
outer loop
vertex -0.334604 0.534105 3.465958
vertex -0.265571 0.542696 3.464666
vertex -0.265571 0.542696 3.682423
endloop
endfacet
facet normal 0.123501 -0.992344 4.04092e-07
outer loop
vertex -0.334604 0.534105 3.465958
vertex -0.265571 0.542696 3.682423
vertex -0.288549 0.539837 3.682845
endloop
endfacet
facet normal 0.18946 0.981889 0
outer loop
vertex -2.779408 -1.666752 3.871959
vertex -2.794456 -1.663848 3.874941
vertex -2.794456 -1.663848 4.091427
endloop
endfacet
facet normal 0.18946 0.981889 -0
outer loop
vertex -2.779408 -1.666752 3.871959
vertex -2.794456 -1.663848 4.091427
vertex -2.779408 -1.666752 4.088259
endloop
endfacet
facet normal 0.214211 0.976787 0
outer loop
vertex -2.794456 -1.663848 3.874941
vertex -2.808060 -1.660865 3.877604
vertex -2.808060 -1.660865 4.094240
endloop
endfacet
facet normal 0.214212 0.976787 -0
outer loop
vertex -2.794456 -1.663848 3.874941
vertex -2.808060 -1.660865 4.094240
vertex -2.794456 -1.663848 4.091427
endloop
endfacet
facet normal 0.244267 0.969708 0
outer loop
vertex -2.808060 -1.660865 3.877604
vertex -2.820218 -1.657802 3.879945
vertex -2.820218 -1.657802 4.096697
endloop
endfacet
facet normal 0.244267 0.969708 -0
outer loop
vertex -2.808060 -1.660865 3.877604
vertex -2.820218 -1.657802 4.096697
vertex -2.808060 -1.660865 4.094240
endloop
endfacet
facet normal 0.281438 0.959579 0
outer loop
vertex -2.820218 -1.657802 3.879945
vertex -2.830932 -1.654660 3.881959
vertex -2.830932 -1.654660 4.098799
endloop
endfacet
facet normal 0.281438 0.959579 -0
outer loop
vertex -2.820218 -1.657802 3.879945
vertex -2.830932 -1.654660 4.098799
vertex -2.820218 -1.657802 4.096697
endloop
endfacet
facet normal 0.328319 0.944567 0
outer loop
vertex -2.830932 -1.654660 3.881959
vertex -2.840202 -1.651438 3.883643
vertex -2.840202 -1.651438 4.100546
endloop
endfacet
facet normal 0.328319 0.944567 -0
outer loop
vertex -2.830932 -1.654660 3.881959
vertex -2.840202 -1.651438 4.100546
vertex -2.830932 -1.654660 4.098799
endloop
endfacet
facet normal 0.920491 -0.390763 0
outer loop
vertex -2.778928 -1.485368 4.062264
vertex -2.848026 -1.648137 4.101938
vertex -2.848026 -1.648137 3.884993
endloop
endfacet
facet normal 0.920491 -0.390763 0
outer loop
vertex -2.848026 -1.648137 3.884993
vertex -2.753806 -1.426190 3.836376
vertex -2.753806 -1.426190 4.048939
endloop
endfacet
facet normal 0.920491 -0.390764 8.12613e-07
outer loop
vertex -2.848026 -1.648137 3.884993
vertex -2.753806 -1.426190 4.048939
vertex -2.778928 -1.485368 4.062264
endloop
endfacet
facet normal 0.388734 0.92135 0
outer loop
vertex -2.840202 -1.651438 3.883643
vertex -2.848026 -1.648137 3.884993
vertex -2.848026 -1.648137 4.101938
endloop
endfacet
facet normal 0.388734 0.92135 -0
outer loop
vertex -2.840202 -1.651438 3.883643
vertex -2.848026 -1.648137 4.101938
vertex -2.840202 -1.651438 4.100546
endloop
endfacet
facet normal 0.0623527 0.998054 0
outer loop
vertex -2.708716 -1.674389 3.857398
vertex -2.727817 -1.673195 3.861409
vertex -2.727817 -1.673195 4.076897
endloop
endfacet
facet normal 0.0623527 0.998054 -0
outer loop
vertex -2.708716 -1.674389 3.857398
vertex -2.727817 -1.673195 4.076897
vertex -2.708716 -1.674389 4.072521
endloop
endfacet
facet normal -0.0297337 0.999558 0
outer loop
vertex -2.630893 -1.674250 3.840685
vertex -2.667662 -1.675343 3.848659
vertex -2.667662 -1.675343 4.062884
endloop
endfacet
facet normal -0.0297337 0.999558 0
outer loop
vertex -2.630893 -1.674250 3.840685
vertex -2.667662 -1.675343 4.062884
vertex -2.630893 -1.674250 4.053975
endloop
endfacet
facet normal -0.0810868 -0.996707 -0
outer loop
vertex -2.666554 -1.441702 4.029284
vertex -2.666554 -1.441702 3.819164
vertex -2.643820 -1.443552 3.814528
endloop
endfacet
facet normal -0.0810869 -0.996707 0
outer loop
vertex -2.666554 -1.441702 4.029284
vertex -2.643820 -1.443552 3.814528
vertex -2.643820 -1.443552 4.024136
endloop
endfacet
facet normal 0.0113623 0.999936 0
outer loop
vertex -2.667662 -1.675343 3.848659
vertex -2.688665 -1.675105 3.853147
vertex -2.688665 -1.675105 4.067849
endloop
endfacet
facet normal 0.0113623 0.999935 -0
outer loop
vertex -2.667662 -1.675343 3.848659
vertex -2.688665 -1.675105 4.067849
vertex -2.667662 -1.675343 4.062884
endloop
endfacet
facet normal 0.0356835 0.999363 0
outer loop
vertex -2.688665 -1.675105 3.853147
vertex -2.708716 -1.674389 3.857398
vertex -2.708716 -1.674389 4.072521
endloop
endfacet
facet normal 0.0356835 0.999363 -0
outer loop
vertex -2.688665 -1.675105 3.853147
vertex -2.708716 -1.674389 4.072521
vertex -2.688665 -1.675105 4.067849
endloop
endfacet
facet normal -0.145026 -0.989428 -0
outer loop
vertex -2.689756 -1.438301 4.034321
vertex -2.689756 -1.438301 3.823763
vertex -2.666554 -1.441702 3.819164
endloop
endfacet
facet normal -0.145026 -0.989428 0
outer loop
vertex -2.689756 -1.438301 4.034321
vertex -2.666554 -1.441702 3.819164
vertex -2.666554 -1.441702 4.029284
endloop
endfacet
facet normal 0.0916568 0.995791 0
outer loop
vertex -2.727817 -1.673195 3.861409
vertex -2.745965 -1.671525 3.865176
vertex -2.745965 -1.671525 4.080979
endloop
endfacet
facet normal 0.0916568 0.995791 -0
outer loop
vertex -2.727817 -1.673195 3.861409
vertex -2.745965 -1.671525 4.080979
vertex -2.727817 -1.673195 4.076897
endloop
endfacet
facet normal -0.204784 -0.978807 0
outer loop
vertex -2.690558 -1.438134 4.034489
vertex -2.713426 -1.433349 4.039658
vertex -2.713426 -1.433349 3.828330
endloop
endfacet
facet normal -0.204784 -0.978807 0
outer loop
vertex -2.713426 -1.433349 3.828330
vertex -2.689756 -1.438301 3.823763
vertex -2.689756 -1.438301 4.034321
endloop
endfacet
facet normal -0.204779 -0.978808 -5.89188e-07
outer loop
vertex -2.713426 -1.433349 3.828330
vertex -2.689756 -1.438301 4.034321
vertex -2.690558 -1.438134 4.034489
endloop
endfacet
facet normal 0.123935 0.99229 0
outer loop
vertex -2.745965 -1.671525 3.865176
vertex -2.763163 -1.669377 3.868694
vertex -2.763163 -1.669377 4.084766
endloop
endfacet
facet normal 0.123935 0.99229 -0
outer loop
vertex -2.745965 -1.671525 3.865176
vertex -2.763163 -1.669377 4.084766
vertex -2.745965 -1.671525 4.080979
endloop
endfacet
facet normal 0.15952 0.987195 0
outer loop
vertex -2.763163 -1.669377 3.868694
vertex -2.779408 -1.666752 3.871959
vertex -2.779408 -1.666752 4.088259
endloop
endfacet
facet normal 0.15952 0.987195 -0
outer loop
vertex -2.763163 -1.669377 3.868694
vertex -2.779408 -1.666752 4.088259
vertex -2.763163 -1.669377 4.084766
endloop
endfacet
facet normal -0.174581 -0.984643 -0
outer loop
vertex -2.753806 -1.426190 4.048939
vertex -2.753806 -1.426190 3.836376
vertex -2.713426 -1.433349 3.828330
endloop
endfacet
facet normal -0.174581 -0.984643 0
outer loop
vertex -2.753806 -1.426190 4.048939
vertex -2.713426 -1.433349 3.828330
vertex -2.713426 -1.433349 4.039658
endloop
endfacet
facet normal 0.057381 -0.998352 0
outer loop
vertex -2.621554 -1.443850 4.018878
vertex -2.621554 -1.443850 3.809853
vertex -2.599755 -1.442597 3.805135
endloop
endfacet
facet normal 0.057381 -0.998352 0
outer loop
vertex -2.621554 -1.443850 4.018878
vertex -2.599755 -1.442597 3.805135
vertex -2.599755 -1.442597 4.013509
endloop
endfacet
facet normal -0.154721 0.987958 0
outer loop
vertex -2.560125 -1.665499 3.824753
vertex -2.595048 -1.670968 3.832718
vertex -2.595048 -1.670968 4.044973
endloop
endfacet
facet normal -0.154721 0.987958 0
outer loop
vertex -2.560125 -1.665499 3.824753
vertex -2.595048 -1.670968 4.044973
vertex -2.560125 -1.665499 4.035880
endloop
endfacet
facet normal 0.130346 -0.991469 0
outer loop
vertex -2.599755 -1.442597 4.013509
vertex -2.599755 -1.442597 3.805135
vertex -2.578425 -1.439793 3.800373
endloop
endfacet
facet normal 0.130346 -0.991469 0
outer loop
vertex -2.599755 -1.442597 4.013509
vertex -2.578425 -1.439793 3.800373
vertex -2.578425 -1.439793 4.008031
endloop
endfacet
facet normal -0.219699 0.975568 0
outer loop
vertex -2.526125 -1.657842 3.816783
vertex -2.560125 -1.665499 3.824753
vertex -2.560125 -1.665499 4.035880
endloop
endfacet
facet normal -0.219699 0.975568 0
outer loop
vertex -2.526125 -1.657842 3.816783
vertex -2.560125 -1.665499 4.035880
vertex -2.526125 -1.657842 4.026693
endloop
endfacet
facet normal 0.22044 -0.975401 0
outer loop
vertex -2.578425 -1.439793 4.008031
vertex -2.578425 -1.439793 3.800373
vertex -2.557481 -1.435060 3.795505
endloop
endfacet
facet normal 0.22044 -0.9754 0
outer loop
vertex -2.578425 -1.439793 4.008031
vertex -2.557481 -1.435060 3.795505
vertex -2.557481 -1.435060 4.002370
endloop
endfacet
facet normal -0.285254 0.958452 0
outer loop
vertex -2.493047 -1.647998 3.808805
vertex -2.526125 -1.657842 3.816783
vertex -2.526125 -1.657842 4.026693
endloop
endfacet
facet normal -0.285254 0.958452 0
outer loop
vertex -2.493047 -1.647998 3.808805
vertex -2.526125 -1.657842 4.026693
vertex -2.493047 -1.647998 4.017415
endloop
endfacet
facet normal -0.350464 0.936576 0
outer loop
vertex -2.460893 -1.635966 3.800819
vertex -2.493047 -1.647998 3.808805
vertex -2.493047 -1.647998 4.017415
endloop
endfacet
facet normal -0.350464 0.936576 0
outer loop
vertex -2.460893 -1.635966 3.800819
vertex -2.493047 -1.647998 4.017415
vertex -2.460893 -1.635966 4.008043
endloop
endfacet
facet normal 0.322886 -0.946438 0
outer loop
vertex -2.557481 -1.435060 4.002370
vertex -2.557481 -1.435060 3.795505
vertex -2.536845 -1.428020 3.790472
endloop
endfacet
facet normal 0.322886 -0.946438 0
outer loop
vertex -2.557481 -1.435060 4.002370
vertex -2.536845 -1.428020 3.790472
vertex -2.536845 -1.428020 3.996454
endloop
endfacet
facet normal -0.41526 0.909703 0
outer loop
vertex -2.429612 -1.621687 3.792804
vertex -2.460893 -1.635966 3.800819
vertex -2.460893 -1.635966 4.008043
endloop
endfacet
facet normal -0.41526 0.909703 0
outer loop
vertex -2.429612 -1.621687 3.792804
vertex -2.460893 -1.635966 4.008043
vertex -2.429612 -1.621687 3.998559
endloop
endfacet
facet normal 0.417753 -0.908561 0
outer loop
vertex -2.536845 -1.428020 3.996454
vertex -2.536845 -1.428020 3.790472
vertex -2.516516 -1.418672 3.785275
endloop
endfacet
facet normal 0.417753 -0.908561 0
outer loop
vertex -2.536845 -1.428020 3.996454
vertex -2.516516 -1.418672 3.785275
vertex -2.516516 -1.418672 3.990280
endloop
endfacet
facet normal -0.478266 0.878215 0
outer loop
vertex -2.399155 -1.605100 3.988989
vertex -2.399155 -1.605100 3.784745
vertex -2.429612 -1.621687 3.792804
endloop
endfacet
facet normal -0.478264 0.878216 0
outer loop
vertex -2.429612 -1.621687 3.792804
vertex -2.429612 -1.621687 3.998559
vertex -2.415628 -1.614071 3.994144
endloop
endfacet
facet normal -0.478268 0.878214 3.39402e-07
outer loop
vertex -2.429612 -1.621687 3.792804
vertex -2.415628 -1.614071 3.994144
vertex -2.399155 -1.605100 3.988989
endloop
endfacet
facet normal 0.503055 -0.864254 0
outer loop
vertex -2.516516 -1.418672 3.990280
vertex -2.516516 -1.418672 3.785275
vertex -2.496494 -1.407018 3.779920
endloop
endfacet
facet normal 0.503055 -0.864254 0
outer loop
vertex -2.516516 -1.418672 3.990280
vertex -2.496494 -1.407018 3.779920
vertex -2.496494 -1.407018 3.983851
endloop
endfacet
facet normal -0.537607 0.843196 0
outer loop
vertex -2.369522 -1.586207 3.776646
vertex -2.399155 -1.605100 3.784745
vertex -2.399155 -1.605100 3.988989
endloop
endfacet
facet normal -0.537607 0.843196 0
outer loop
vertex -2.369522 -1.586207 3.776646
vertex -2.399155 -1.605100 3.988989
vertex -2.369522 -1.586207 3.979259
endloop
endfacet
facet normal 0.577909 -0.816101 0
outer loop
vertex -2.496494 -1.407018 3.983851
vertex -2.496494 -1.407018 3.779920
vertex -2.476778 -1.393057 3.774410
endloop
endfacet
facet normal 0.577909 -0.816101 0
outer loop
vertex -2.496494 -1.407018 3.983851
vertex -2.476778 -1.393057 3.774410
vertex -2.476778 -1.393057 3.977166
endloop
endfacet
facet normal -0.0911604 0.995836 0
outer loop
vertex -2.595048 -1.670968 3.832718
vertex -2.630893 -1.674250 3.840685
vertex -2.630893 -1.674250 4.053975
endloop
endfacet
facet normal -0.0911604 0.995836 0
outer loop
vertex -2.595048 -1.670968 3.832718
vertex -2.630893 -1.674250 4.053975
vertex -2.595048 -1.670968 4.044973
endloop
endfacet
facet normal -0.0133993 -0.99991 -0
outer loop
vertex -2.643820 -1.443552 4.024136
vertex -2.643820 -1.443552 3.814528
vertex -2.621554 -1.443850 3.809853
endloop
endfacet
facet normal -0.0133993 -0.99991 0
outer loop
vertex -2.643820 -1.443552 4.024136
vertex -2.621554 -1.443850 3.809853
vertex -2.621554 -1.443850 4.018878
endloop
endfacet
facet normal -0.846362 0.532608 0
outer loop
vertex -2.159902 -1.350517 3.710695
vertex -2.183744 -1.388403 3.719024
vertex -2.183744 -1.388403 3.929528
endloop
endfacet
facet normal -0.846362 0.532608 0
outer loop
vertex -2.159902 -1.350517 3.710695
vertex -2.183744 -1.388403 3.929528
vertex -2.159902 -1.350517 3.922782
endloop
endfacet
facet normal 0.889127 -0.457661 0
outer loop
vertex -2.364260 -1.250402 3.943894
vertex -2.364260 -1.250402 3.737377
vertex -2.346397 -1.215698 3.730558
endloop
endfacet
facet normal 0.889127 -0.457661 0
outer loop
vertex -2.364260 -1.250402 3.943894
vertex -2.346397 -1.215698 3.730558
vertex -2.346397 -1.215698 3.938659
endloop
endfacet
facet normal -0.866759 0.498728 0
outer loop
vertex -2.136707 -1.310205 3.702382
vertex -2.159902 -1.350517 3.710695
vertex -2.159902 -1.350517 3.922782
endloop
endfacet
facet normal -0.866759 0.498728 0
outer loop
vertex -2.136707 -1.310205 3.702382
vertex -2.159902 -1.350517 3.922782
vertex -2.136707 -1.310205 3.915920
endloop
endfacet
facet normal 0.890835 -0.454327 0
outer loop
vertex -2.346397 -1.215698 3.938659
vertex -2.346397 -1.215698 3.730558
vertex -2.273369 -1.072506 3.703841
endloop
endfacet
facet normal 0.890835 -0.454327 0
outer loop
vertex -2.346397 -1.215698 3.938659
vertex -2.273369 -1.072506 3.703841
vertex -2.273369 -1.072506 3.917164
endloop
endfacet
facet normal -0.986875 -0.161484 0
outer loop
vertex -2.138788 -0.512786 3.644339
vertex -2.130965 -0.560596 3.645058
vertex -2.130965 -0.560596 3.864736
endloop
endfacet
facet normal -0.986875 -0.161484 0
outer loop
vertex -2.138788 -0.512786 3.644339
vertex -2.130965 -0.560596 3.864736
vertex -2.138788 -0.512786 3.864056
endloop
endfacet
facet normal -0.984047 -0.177908 0
outer loop
vertex -2.147460 -0.464816 3.643948
vertex -2.138788 -0.512786 3.644339
vertex -2.138788 -0.512786 3.864056
endloop
endfacet
facet normal -0.984047 -0.177908 0
outer loop
vertex -2.147460 -0.464816 3.643948
vertex -2.138788 -0.512786 3.864056
vertex -2.147460 -0.464816 3.863508
endloop
endfacet
facet normal 0.914626 -0.404301 0
outer loop
vertex -2.099160 -0.822613 3.873228
vertex -2.099160 -0.822613 3.654213
vertex -2.087601 -0.796464 3.650568
endloop
endfacet
facet normal 0.914626 -0.404301 0
outer loop
vertex -2.099160 -0.822613 3.873228
vertex -2.087601 -0.796464 3.650568
vertex -2.087601 -0.796464 3.869901
endloop
endfacet
facet normal 0.910691 -0.413089 0
outer loop
vertex -2.004548 -0.608073 3.845969
vertex -2.025764 -0.654844 3.852005
vertex -2.025764 -0.654844 3.632092
endloop
endfacet
facet normal 0.91069 -0.41309 0
outer loop
vertex -2.025764 -0.654844 3.632092
vertex -2.004194 -0.607292 3.626189
vertex -2.004194 -0.607292 3.845879
endloop
endfacet
facet normal 0.910644 -0.413193 2.78632e-05
outer loop
vertex -2.025764 -0.654844 3.632092
vertex -2.004194 -0.607292 3.845879
vertex -2.004548 -0.608073 3.845969
endloop
endfacet
facet normal 0.915727 -0.4018 0
outer loop
vertex -2.046611 -0.702356 3.858025
vertex -2.046611 -0.702356 3.638094
vertex -2.025764 -0.654844 3.632092
endloop
endfacet
facet normal 0.915727 -0.4018 0
outer loop
vertex -2.046611 -0.702356 3.858025
vertex -2.025764 -0.654844 3.632092
vertex -2.025764 -0.654844 3.852005
endloop
endfacet
facet normal -0 -1 0
outer loop
vertex -1.297609 0.524081 3.728742
vertex -1.419374 0.524081 3.748110
vertex -1.419374 0.524081 3.541971
endloop
endfacet
facet normal 0 -1 0
outer loop
vertex -1.419374 0.524081 3.541971
vertex -1.141582 0.524081 3.513390
vertex -1.141582 0.524081 3.720445
endloop
endfacet
facet normal -0 -1 0
outer loop
vertex -1.265245 0.524081 3.726965
vertex -1.297609 0.524081 3.728742
vertex -1.419374 0.524081 3.541971
endloop
endfacet
facet normal 0 -1 0
outer loop
vertex -1.419374 0.524081 3.541971
vertex -1.141582 0.524081 3.720445
vertex -1.265245 0.524081 3.726965
endloop
endfacet
facet normal 0.886398 -0.462925 0
outer loop
vertex -1.889347 -0.375814 3.817556
vertex -1.910693 -0.416688 3.822732
vertex -1.910693 -0.416688 3.603642
endloop
endfacet
facet normal 0.886398 -0.462924 0
outer loop
vertex -1.910693 -0.416688 3.603642
vertex -1.419374 0.524081 3.541971
vertex -1.419374 0.524081 3.748110
endloop
endfacet
facet normal 0.886398 -0.462924 1.93537e-06
outer loop
vertex -1.910693 -0.416688 3.603642
vertex -1.419374 0.524081 3.748110
vertex -1.461535 0.443352 3.750221
endloop
endfacet
facet normal 0.886398 -0.462924 -2.26673e-07
outer loop
vertex -1.784886 -0.175796 3.795142
vertex -1.889347 -0.375814 3.817556
vertex -1.910693 -0.416688 3.603642
endloop
endfacet
facet normal 0.886398 -0.462924 3.49911e-07
outer loop
vertex -1.693076 0.000000 3.778193
vertex -1.784886 -0.175796 3.795142
vertex -1.910693 -0.416688 3.603642
endloop
endfacet
facet normal 0.886398 -0.462924 -1.03337e-06
outer loop
vertex -1.910693 -0.416688 3.603642
vertex -1.461535 0.443352 3.750221
vertex -1.533747 0.305081 3.756379
endloop
endfacet
facet normal 0.886398 -0.462924 2.00377e-07
outer loop
vertex -1.610249 0.158596 3.765532
vertex -1.693076 0.000000 3.778193
vertex -1.910693 -0.416688 3.603642
endloop
endfacet
facet normal 0.886398 -0.462924 0
outer loop
vertex -1.910693 -0.416688 3.603642
vertex -1.533747 0.305081 3.756379
vertex -1.610249 0.158596 3.765532
endloop
endfacet
facet normal 0.889881 -0.456193 0
outer loop
vertex -1.935152 -0.464399 3.828699
vertex -1.935152 -0.464399 3.609110
vertex -1.910693 -0.416688 3.603642
endloop
endfacet
facet normal 0.889881 -0.456193 0
outer loop
vertex -1.935152 -0.464399 3.828699
vertex -1.910693 -0.416688 3.603642
vertex -1.910693 -0.416688 3.822732
endloop
endfacet
facet normal 0.895169 -0.445726 0
outer loop
vertex -1.958888 -0.512070 3.834545
vertex -1.958888 -0.512070 3.614694
vertex -1.935152 -0.464399 3.609110
endloop
endfacet
facet normal 0.895169 -0.445726 0
outer loop
vertex -1.958888 -0.512070 3.834545
vertex -1.935152 -0.464399 3.609110
vertex -1.935152 -0.464399 3.828699
endloop
endfacet
facet normal 0.900407 -0.43505 0
outer loop
vertex -1.981902 -0.559701 3.840272
vertex -1.981902 -0.559701 3.620388
vertex -1.958888 -0.512070 3.614694
endloop
endfacet
facet normal 0.900406 -0.43505 0
outer loop
vertex -1.981902 -0.559701 3.840272
vertex -1.958888 -0.512070 3.614694
vertex -1.958888 -0.512070 3.834545
endloop
endfacet
facet normal 0.90558 -0.424175 0
outer loop
vertex -2.004194 -0.607292 3.845879
vertex -2.004194 -0.607292 3.626189
vertex -1.981902 -0.559701 3.620388
endloop
endfacet
facet normal 0.90558 -0.424175 0
outer loop
vertex -2.004194 -0.607292 3.845879
vertex -1.981902 -0.559701 3.620388
vertex -1.981902 -0.559701 3.840272
endloop
endfacet
facet normal 0.917518 -0.397695 0
outer loop
vertex -2.067101 -0.749629 3.863975
vertex -2.067101 -0.749629 3.644238
vertex -2.046611 -0.702356 3.638094
endloop
endfacet
facet normal 0.917518 -0.397695 0
outer loop
vertex -2.067101 -0.749629 3.863975
vertex -2.046611 -0.702356 3.638094
vertex -2.046611 -0.702356 3.858025
endloop
endfacet
facet normal 0.916087 -0.400981 0
outer loop
vertex -2.087601 -0.796464 3.869901
vertex -2.087601 -0.796464 3.650568
vertex -2.067101 -0.749629 3.644238
endloop
endfacet
facet normal 0.916087 -0.40098 0
outer loop
vertex -2.087601 -0.796464 3.869901
vertex -2.067101 -0.749629 3.644238
vertex -2.067101 -0.749629 3.863975
endloop
endfacet
facet normal -0.87898 0.476859 0
outer loop
vertex -1.141582 0.524081 3.720445
vertex -1.141582 0.524081 3.513390
vertex -2.136707 -1.310205 3.702382
endloop
endfacet
facet normal -0.87898 0.476858 0
outer loop
vertex -2.136707 -1.310205 3.702382
vertex -2.136707 -1.310205 3.915920
vertex -2.008256 -1.073435 3.876744
endloop
endfacet
facet normal -0.87898 0.476859 -4.97824e-07
outer loop
vertex -2.136707 -1.310205 3.702382
vertex -2.008256 -1.073435 3.876744
vertex -1.839202 -0.761822 3.828419
endloop
endfacet
facet normal -0.87898 0.476859 -5.36973e-05
outer loop
vertex -1.164272 0.482257 3.720598
vertex -1.141582 0.524081 3.720445
vertex -2.136707 -1.310205 3.702382
endloop
endfacet
facet normal -0.87898 0.476859 -9.73952e-06
outer loop
vertex -1.224403 0.371419 3.721722
vertex -1.164272 0.482257 3.720598
vertex -2.136707 -1.310205 3.702382
endloop
endfacet
facet normal -0.87898 0.476859 -5.24651e-07
outer loop
vertex -2.136707 -1.310205 3.702382
vertex -1.839202 -0.761822 3.828419
vertex -1.706789 -0.517749 3.793466
endloop
endfacet
facet normal -0.87898 0.476859 0
outer loop
vertex -2.136707 -1.310205 3.702382
vertex -1.706789 -0.517749 3.793466
vertex -1.598389 -0.317939 3.767500
endloop
endfacet
facet normal -0.87898 0.476859 1.2042e-06
outer loop
vertex -1.287017 0.256004 3.723629
vertex -1.224403 0.371419 3.721722
vertex -2.136707 -1.310205 3.702382
endloop
endfacet
facet normal -0.87898 0.476858 1.78347e-05
outer loop
vertex -1.353577 0.133316 3.726419
vertex -1.287017 0.256004 3.723629
vertex -2.136707 -1.310205 3.702382
endloop
endfacet
facet normal -0.87898 0.476859 1.71959e-06
outer loop
vertex -2.136707 -1.310205 3.702382
vertex -1.598389 -0.317939 3.767500
vertex -1.506394 -0.148367 3.747924
endloop
endfacet
facet normal -0.87898 0.476859 2.18614e-06
outer loop
vertex -2.136707 -1.310205 3.702382
vertex -1.506394 -0.148367 3.747924
vertex -1.425903 0.000000 3.733113
endloop
endfacet
facet normal -0.87898 0.476859 -2.47343e-06
outer loop
vertex -1.397421 0.052500 3.728742
vertex -1.353577 0.133316 3.726419
vertex -2.136707 -1.310205 3.702382
endloop
endfacet
facet normal -0.87898 0.476859 -1.42758e-05
outer loop
vertex -2.136707 -1.310205 3.702382
vertex -1.425903 0.000000 3.733113
vertex -1.397421 0.052500 3.728742
endloop
endfacet
facet normal -0.993602 -0.112936 0
outer loop
vertex -2.107593 -0.750126 3.651059
vertex -2.102290 -0.796783 3.653061
vertex -2.102290 -0.796783 3.872256
endloop
endfacet
facet normal -0.993602 -0.112936 0
outer loop
vertex -2.107593 -0.750126 3.651059
vertex -2.102290 -0.796783 3.872256
vertex -2.107593 -0.750126 3.870444
endloop
endfacet
facet normal -0.9944 -0.105678 0
outer loop
vertex -2.112593 -0.703072 3.649159
vertex -2.107593 -0.750126 3.651059
vertex -2.107593 -0.750126 3.870444
endloop
endfacet
facet normal -0.9944 -0.105678 0
outer loop
vertex -2.112593 -0.703072 3.649159
vertex -2.107593 -0.750126 3.870444
vertex -2.112593 -0.703072 3.868561
endloop
endfacet
facet normal -0.993849 -0.110744 0
outer loop
vertex -2.117868 -0.655739 3.647472
vertex -2.112593 -0.703072 3.649159
vertex -2.112593 -0.703072 3.868561
endloop
endfacet
facet normal -0.993849 -0.110744 0
outer loop
vertex -2.117868 -0.655739 3.647472
vertex -2.112593 -0.703072 3.868561
vertex -2.117868 -0.655739 3.866706
endloop
endfacet
facet normal -0.991789 -0.127885 -0
outer loop
vertex -2.123991 -0.608247 3.865549
vertex -2.123991 -0.608247 3.646104
vertex -2.117868 -0.655739 3.647472
endloop
endfacet
facet normal -0.99179 -0.127879 0
outer loop
vertex -2.117868 -0.655739 3.647472
vertex -2.117868 -0.655739 3.866706
vertex -2.119517 -0.642948 3.866241
endloop
endfacet
facet normal -0.991789 -0.127887 5.08901e-07
outer loop
vertex -2.117868 -0.655739 3.647472
vertex -2.119517 -0.642948 3.866241
vertex -2.123991 -0.608247 3.865549
endloop
endfacet
facet normal -0.989461 -0.144798 0
outer loop
vertex -2.130965 -0.560596 3.645058
vertex -2.123991 -0.608247 3.646104
vertex -2.123991 -0.608247 3.865549
endloop
endfacet
facet normal -0.989461 -0.144798 0
outer loop
vertex -2.130965 -0.560596 3.645058
vertex -2.123991 -0.608247 3.865549
vertex -2.130965 -0.560596 3.864736
endloop
endfacet
facet normal -0.592713 0.805413 0
outer loop
vertex -2.340714 -1.565006 3.768511
vertex -2.369522 -1.586207 3.776646
vertex -2.369522 -1.586207 3.979259
endloop
endfacet
facet normal -0.592713 0.805413 0
outer loop
vertex -2.340714 -1.565006 3.768511
vertex -2.369522 -1.586207 3.979259
vertex -2.340714 -1.565006 3.969332
endloop
endfacet
facet normal -0.643196 0.765701 0
outer loop
vertex -2.312729 -1.541499 3.961514
vertex -2.312729 -1.541499 3.760345
vertex -2.340714 -1.565006 3.768511
endloop
endfacet
facet normal -0.643192 0.765705 0
outer loop
vertex -2.340714 -1.565006 3.768511
vertex -2.340714 -1.565006 3.969332
vertex -2.334945 -1.560160 3.967245
endloop
endfacet
facet normal -0.643199 0.765699 6.17764e-07
outer loop
vertex -2.328583 -1.554816 3.964968
vertex -2.312729 -1.541499 3.961514
vertex -2.340714 -1.565006 3.768511
endloop
endfacet
facet normal -0.643194 0.765703 6.32339e-08
outer loop
vertex -2.340714 -1.565006 3.768511
vertex -2.334945 -1.560160 3.967245
vertex -2.328583 -1.554816 3.964968
endloop
endfacet
facet normal 0.642391 -0.766377 0
outer loop
vertex -2.476778 -1.393057 3.977166
vertex -2.476778 -1.393057 3.774410
vertex -2.457370 -1.376789 3.768753
endloop
endfacet
facet normal 0.642391 -0.766377 0
outer loop
vertex -2.476778 -1.393057 3.977166
vertex -2.457370 -1.376789 3.768753
vertex -2.457370 -1.376789 3.970225
endloop
endfacet
facet normal -0.688918 0.724839 0
outer loop
vertex -2.285569 -1.515685 3.752157
vertex -2.312729 -1.541499 3.760345
vertex -2.312729 -1.541499 3.961514
endloop
endfacet
facet normal -0.688918 0.724839 0
outer loop
vertex -2.285569 -1.515685 3.752157
vertex -2.312729 -1.541499 3.961514
vertex -2.285569 -1.515685 3.955337
endloop
endfacet
facet normal 0.704594 -0.709611 0
outer loop
vertex -2.443527 -1.363043 3.964968
vertex -2.457370 -1.376789 3.970225
vertex -2.457370 -1.376789 3.768753
endloop
endfacet
facet normal 0.704593 -0.709612 0
outer loop
vertex -2.457370 -1.376789 3.768753
vertex -2.438242 -1.357796 3.762904
vertex -2.438242 -1.357796 3.963747
endloop
endfacet
facet normal 0.704589 -0.709615 6.467e-07
outer loop
vertex -2.457370 -1.376789 3.768753
vertex -2.438242 -1.357796 3.963747
vertex -2.443527 -1.363043 3.964968
endloop
endfacet
facet normal -0.72947 0.684013 0
outer loop
vertex -2.259144 -1.487504 3.743932
vertex -2.285569 -1.515685 3.752157
vertex -2.285569 -1.515685 3.955337
endloop
endfacet
facet normal -0.729469 0.684013 0
outer loop
vertex -2.259144 -1.487504 3.743932
vertex -2.285569 -1.515685 3.955337
vertex -2.259144 -1.487504 3.949060
endloop
endfacet
facet normal 0.76092 -0.648845 0
outer loop
vertex -2.438242 -1.357796 3.963747
vertex -2.438242 -1.357796 3.762904
vertex -2.419367 -1.335661 3.756826
endloop
endfacet
facet normal 0.76092 -0.648845 0
outer loop
vertex -2.438242 -1.357796 3.963747
vertex -2.419367 -1.335661 3.756826
vertex -2.419367 -1.335661 3.959089
endloop
endfacet
facet normal -0.764849 0.64421 0
outer loop
vertex -2.233365 -1.456897 3.735659
vertex -2.259144 -1.487504 3.743932
vertex -2.259144 -1.487504 3.949060
endloop
endfacet
facet normal -0.764849 0.64421 0
outer loop
vertex -2.233365 -1.456897 3.735659
vertex -2.259144 -1.487504 3.949060
vertex -2.233365 -1.456897 3.942666
endloop
endfacet
facet normal 0.805104 -0.593133 0
outer loop
vertex -2.419367 -1.335661 3.959089
vertex -2.419367 -1.335661 3.756826
vertex -2.400745 -1.310384 3.750532
endloop
endfacet
facet normal 0.805104 -0.593133 0
outer loop
vertex -2.419367 -1.335661 3.959089
vertex -2.400745 -1.310384 3.750532
vertex -2.400745 -1.310384 3.954195
endloop
endfacet
facet normal -0.795839 0.605508 0
outer loop
vertex -2.208231 -1.423863 3.727351
vertex -2.233365 -1.456897 3.735659
vertex -2.233365 -1.456897 3.942666
endloop
endfacet
facet normal -0.795839 0.605508 0
outer loop
vertex -2.208231 -1.423863 3.727351
vertex -2.233365 -1.456897 3.942666
vertex -2.208231 -1.423863 3.936156
endloop
endfacet
facet normal 0.839843 -0.542829 0
outer loop
vertex -2.400745 -1.310384 3.954195
vertex -2.400745 -1.310384 3.750532
vertex -2.382376 -1.281964 3.744043
endloop
endfacet
facet normal 0.839843 -0.542829 0
outer loop
vertex -2.400745 -1.310384 3.954195
vertex -2.382376 -1.281964 3.744043
vertex -2.382376 -1.281964 3.949065
endloop
endfacet
facet normal -0.822861 0.568243 0
outer loop
vertex -2.183744 -1.388403 3.719024
vertex -2.208231 -1.423863 3.727351
vertex -2.208231 -1.423863 3.936156
endloop
endfacet
facet normal -0.822861 0.568242 0
outer loop
vertex -2.183744 -1.388403 3.719024
vertex -2.208231 -1.423863 3.936156
vertex -2.183744 -1.388403 3.929528
endloop
endfacet
facet normal 0.867284 -0.497814 0
outer loop
vertex -2.375291 -1.269619 3.946966
vertex -2.382376 -1.281964 3.949065
vertex -2.382376 -1.281964 3.744043
endloop
endfacet
facet normal 0.867287 -0.497809 0
outer loop
vertex -2.382376 -1.281964 3.744043
vertex -2.364260 -1.250402 3.737377
vertex -2.364260 -1.250402 3.943894
endloop
endfacet
facet normal 0.867289 -0.497806 -6.73086e-07
outer loop
vertex -2.382376 -1.281964 3.744043
vertex -2.364260 -1.250402 3.943894
vertex -2.375291 -1.269619 3.946966
endloop
endfacet
facet normal -0.980984 -0.194088 -0
outer loop
vertex -2.156983 -0.416688 3.863294
vertex -2.156983 -0.416688 3.643890
vertex -2.147460 -0.464816 3.643948
endloop
endfacet
facet normal -0.980984 -0.194091 0
outer loop
vertex -2.147460 -0.464816 3.643948
vertex -2.147460 -0.464816 3.863508
vertex -2.154629 -0.428582 3.863195
endloop
endfacet
facet normal -0.980986 -0.19408 -1.83084e-06
outer loop
vertex -2.147460 -0.464816 3.643948
vertex -2.154629 -0.428582 3.863195
vertex -2.156983 -0.416688 3.863294
endloop
endfacet
facet normal -0.980443 -0.196805 0
outer loop
vertex -2.333809 0.464223 3.894021
vertex -2.345824 0.524081 3.898447
vertex -2.345824 0.524081 3.682110
endloop
endfacet
facet normal -0.980443 -0.196805 0
outer loop
vertex -2.345824 0.524081 3.682110
vertex -2.156983 -0.416688 3.643890
vertex -2.156983 -0.416688 3.863294
endloop
endfacet
facet normal -0.980443 -0.196805 1.92548e-06
outer loop
vertex -2.345824 0.524081 3.682110
vertex -2.156983 -0.416688 3.863294
vertex -2.197186 -0.216404 3.865047
endloop
endfacet
facet normal -0.980443 -0.196805 -1.773e-08
outer loop
vertex -2.285816 0.225133 3.880075
vertex -2.333809 0.464223 3.894021
vertex -2.345824 0.524081 3.682110
endloop
endfacet
facet normal -0.980443 -0.196805 5.01621e-07
outer loop
vertex -2.345824 0.524081 3.682110
vertex -2.197186 -0.216404 3.865047
vertex -2.240625 0.000000 3.870583
endloop
endfacet
facet normal -0.980443 -0.196805 -1.0016e-06
outer loop
vertex -2.345824 0.524081 3.682110
vertex -2.240625 0.000000 3.870583
vertex -2.285816 0.225133 3.880075
endloop
endfacet
facet normal 0 -1 0
outer loop
vertex -2.626480 0.524081 3.944439
vertex -2.626480 0.524081 3.738174
vertex -2.345824 0.524081 3.682110
endloop
endfacet
facet normal 0 -1 0
outer loop
vertex -2.626480 0.524081 3.944439
vertex -2.345824 0.524081 3.682110
vertex -2.345824 0.524081 3.898447
endloop
endfacet
facet normal 0.976405 0.215947 0
outer loop
vertex -2.299879 -0.952641 3.912555
vertex -2.273369 -1.072506 3.917164
vertex -2.273369 -1.072506 3.703841
endloop
endfacet
facet normal 0.976405 0.215947 0
outer loop
vertex -2.273369 -1.072506 3.703841
vertex -2.626480 0.524081 3.738174
vertex -2.626480 0.524081 3.944439
endloop
endfacet
facet normal 0.976418 0.215887 0.000577335
outer loop
vertex -2.273369 -1.072506 3.703841
vertex -2.626480 0.524081 3.944439
vertex -2.626100 0.522364 3.944306
endloop
endfacet
facet normal 0.976405 0.215947 -2.52124e-07
outer loop
vertex -2.352726 -0.713692 3.907361
vertex -2.299879 -0.952641 3.912555
vertex -2.273369 -1.072506 3.703841
endloop
endfacet
facet normal 0.976405 0.215948 -8.65965e-07
outer loop
vertex -2.404778 -0.478340 3.906230
vertex -2.352726 -0.713692 3.907361
vertex -2.273369 -1.072506 3.703841
endloop
endfacet
facet normal 0.976405 0.215948 -3.04082e-06
outer loop
vertex -2.273369 -1.072506 3.703841
vertex -2.626100 0.522364 3.944306
vertex -2.566476 0.252776 3.927660
endloop
endfacet
facet normal 0.976405 0.215947 7.04623e-07
outer loop
vertex -2.273369 -1.072506 3.703841
vertex -2.566476 0.252776 3.927660
vertex -2.510571 0.000000 3.916132
endloop
endfacet
facet normal 0.976405 0.215948 -2.20812e-06
outer loop
vertex -2.457049 -0.241998 3.909107
vertex -2.404778 -0.478340 3.906230
vertex -2.273369 -1.072506 3.703841
endloop
endfacet
facet normal 0.976405 0.215947 1.99128e-06
outer loop
vertex -2.273369 -1.072506 3.703841
vertex -2.510571 0.000000 3.916132
vertex -2.457049 -0.241998 3.909107
endloop
endfacet
facet normal -0.992739 -0.120286 0
outer loop
vertex -2.102290 -0.796783 3.653061
vertex -2.099160 -0.822613 3.654213
vertex -2.099160 -0.822613 3.873228
endloop
endfacet
facet normal -0.992739 -0.120286 0
outer loop
vertex -2.102290 -0.796783 3.653061
vertex -2.099160 -0.822613 3.873228
vertex -2.102290 -0.796783 3.872256
endloop
endfacet
endsolid
