solid joystick-cap
facet normal 0.393845 0.0193486 -0.918973
outer loop
vertex 5.300000 0.000000 0.000000
vertex 5.274479 0.519491 0.000000
vertex 5.971108 0.588103 0.300000
endloop
endfacet
facet normal 0.393846 0.0193483 -0.918973
outer loop
vertex 5.300000 0.000000 0.000000
vertex 5.971108 0.588103 0.300000
vertex 6.000000 0.000000 0.300000
endloop
endfacet
facet normal 0.390053 0.0578587 -0.918973
outer loop
vertex 5.274479 0.519491 0.000000
vertex 5.198162 1.033979 0.000000
vertex 5.884712 1.170542 0.300000
endloop
endfacet
facet normal 0.390052 0.0578588 -0.918973
outer loop
vertex 5.274479 0.519491 0.000000
vertex 5.884712 1.170542 0.300000
vertex 5.971108 0.588103 0.300000
endloop
endfacet
facet normal 0.382503 0.0958123 -0.918973
outer loop
vertex 5.198162 1.033979 0.000000
vertex 5.071784 1.538509 0.000000
vertex 5.741642 1.741708 0.300000
endloop
endfacet
facet normal 0.382503 0.0958121 -0.918973
outer loop
vertex 5.198162 1.033979 0.000000
vertex 5.741642 1.741708 0.300000
vertex 5.884712 1.170542 0.300000
endloop
endfacet
facet normal 0.37127 0.132842 -0.918973
outer loop
vertex 5.071784 1.538509 0.000000
vertex 4.896562 2.028222 0.000000
vertex 5.543277 2.296101 0.300000
endloop
endfacet
facet normal 0.37127 0.132843 -0.918973
outer loop
vertex 5.071784 1.538509 0.000000
vertex 5.543277 2.296101 0.300000
vertex 5.741642 1.741708 0.300000
endloop
endfacet
facet normal 0.356462 0.168594 -0.918973
outer loop
vertex 4.896562 2.028222 0.000000
vertex 4.674183 2.498403 0.000000
vertex 5.291528 2.828380 0.300000
endloop
endfacet
facet normal 0.356461 0.168594 -0.918973
outer loop
vertex 4.896562 2.028222 0.000000
vertex 5.291528 2.828380 0.300000
vertex 5.543277 2.296101 0.300000
endloop
endfacet
facet normal 0.33822 0.202721 -0.918973
outer loop
vertex 4.674183 2.498403 0.000000
vertex 4.406789 2.944522 0.000000
vertex 4.988818 3.333421 0.300000
endloop
endfacet
facet normal 0.33822 0.202721 -0.918973
outer loop
vertex 4.674183 2.498403 0.000000
vertex 4.988818 3.333421 0.300000
vertex 5.291528 2.828380 0.300000
endloop
endfacet
facet normal 0.316721 0.234896 -0.918973
outer loop
vertex 4.406789 2.944522 0.000000
vertex 4.096955 3.362284 0.000000
vertex 4.638063 3.806360 0.300000
endloop
endfacet
facet normal 0.316721 0.234896 -0.918973
outer loop
vertex 4.406789 2.944522 0.000000
vertex 4.638063 3.806360 0.300000
vertex 4.988818 3.333421 0.300000
endloop
endfacet
facet normal 0.292172 0.26481 -0.918973
outer loop
vertex 4.096955 3.362284 0.000000
vertex 3.747666 3.747666 0.000000
vertex 4.242640 4.242640 0.300000
endloop
endfacet
facet normal 0.292172 0.26481 -0.918973
outer loop
vertex 4.096955 3.362284 0.000000
vertex 4.242640 4.242640 0.300000
vertex 4.638063 3.806360 0.300000
endloop
endfacet
facet normal 0.264809 0.292172 -0.918973
outer loop
vertex 3.747666 3.747666 0.000000
vertex 3.362284 4.096955 0.000000
vertex 3.806360 4.638063 0.300000
endloop
endfacet
facet normal 0.26481 0.292172 -0.918973
outer loop
vertex 3.747666 3.747666 0.000000
vertex 3.806360 4.638063 0.300000
vertex 4.242640 4.242640 0.300000
endloop
endfacet
facet normal 0.234896 0.316721 -0.918973
outer loop
vertex 3.362284 4.096955 0.000000
vertex 2.944522 4.406789 0.000000
vertex 3.333421 4.988818 0.300000
endloop
endfacet
facet normal 0.234896 0.316721 -0.918973
outer loop
vertex 3.362284 4.096955 0.000000
vertex 3.333421 4.988818 0.300000
vertex 3.806360 4.638063 0.300000
endloop
endfacet
facet normal 0.202721 0.33822 -0.918973
outer loop
vertex 2.944522 4.406789 0.000000
vertex 2.498403 4.674183 0.000000
vertex 2.828380 5.291528 0.300000
endloop
endfacet
facet normal 0.202721 0.33822 -0.918973
outer loop
vertex 2.944522 4.406789 0.000000
vertex 2.828380 5.291528 0.300000
vertex 3.333421 4.988818 0.300000
endloop
endfacet
facet normal 0.168594 0.356462 -0.918973
outer loop
vertex 2.498403 4.674183 0.000000
vertex 2.028222 4.896562 0.000000
vertex 2.296101 5.543277 0.300000
endloop
endfacet
facet normal 0.168594 0.356462 -0.918973
outer loop
vertex 2.498403 4.674183 0.000000
vertex 2.296101 5.543277 0.300000
vertex 2.828380 5.291528 0.300000
endloop
endfacet
facet normal 0.132842 0.37127 -0.918973
outer loop
vertex 2.028222 4.896562 0.000000
vertex 1.538509 5.071784 0.000000
vertex 1.741708 5.741642 0.300000
endloop
endfacet
facet normal 0.132843 0.37127 -0.918973
outer loop
vertex 2.028222 4.896562 0.000000
vertex 1.741708 5.741642 0.300000
vertex 2.296101 5.543277 0.300000
endloop
endfacet
facet normal 0.0958123 0.382503 -0.918973
outer loop
vertex 1.538509 5.071784 0.000000
vertex 1.033979 5.198162 0.000000
vertex 1.170542 5.884712 0.300000
endloop
endfacet
facet normal 0.0958121 0.382503 -0.918973
outer loop
vertex 1.538509 5.071784 0.000000
vertex 1.170542 5.884712 0.300000
vertex 1.741708 5.741642 0.300000
endloop
endfacet
facet normal 0.0578587 0.390053 -0.918973
outer loop
vertex 1.033979 5.198162 0.000000
vertex 0.519491 5.274479 0.000000
vertex 0.588103 5.971108 0.300000
endloop
endfacet
facet normal 0.0578588 0.390053 -0.918973
outer loop
vertex 1.033979 5.198162 0.000000
vertex 0.588103 5.971108 0.300000
vertex 1.170542 5.884712 0.300000
endloop
endfacet
facet normal 0.0193486 0.393846 -0.918973
outer loop
vertex 0.519491 5.274479 0.000000
vertex 0.000000 5.300000 0.000000
vertex 0.000000 6.000000 0.300000
endloop
endfacet
facet normal 0.0193483 0.393845 -0.918973
outer loop
vertex 0.519491 5.274479 0.000000
vertex 0.000000 6.000000 0.300000
vertex 0.588103 5.971108 0.300000
endloop
endfacet
facet normal -0.0193486 0.393845 -0.918973
outer loop
vertex 0.000000 5.300000 0.000000
vertex -0.519491 5.274479 0.000000
vertex -0.588103 5.971108 0.300000
endloop
endfacet
facet normal -0.0193483 0.393846 -0.918973
outer loop
vertex 0.000000 5.300000 0.000000
vertex -0.588103 5.971108 0.300000
vertex 0.000000 6.000000 0.300000
endloop
endfacet
facet normal -0.0578587 0.390053 -0.918973
outer loop
vertex -0.519491 5.274479 0.000000
vertex -1.033979 5.198162 0.000000
vertex -1.170542 5.884712 0.300000
endloop
endfacet
facet normal -0.0578588 0.390052 -0.918973
outer loop
vertex -0.519491 5.274479 0.000000
vertex -1.170542 5.884712 0.300000
vertex -0.588103 5.971108 0.300000
endloop
endfacet
facet normal -0.0958123 0.382503 -0.918973
outer loop
vertex -1.033979 5.198162 0.000000
vertex -1.538509 5.071784 0.000000
vertex -1.741708 5.741642 0.300000
endloop
endfacet
facet normal -0.0958121 0.382503 -0.918973
outer loop
vertex -1.033979 5.198162 0.000000
vertex -1.741708 5.741642 0.300000
vertex -1.170542 5.884712 0.300000
endloop
endfacet
facet normal -0.132842 0.37127 -0.918973
outer loop
vertex -1.538509 5.071784 0.000000
vertex -2.028222 4.896562 0.000000
vertex -2.296101 5.543277 0.300000
endloop
endfacet
facet normal -0.132843 0.37127 -0.918973
outer loop
vertex -1.538509 5.071784 0.000000
vertex -2.296101 5.543277 0.300000
vertex -1.741708 5.741642 0.300000
endloop
endfacet
facet normal -0.168594 0.356462 -0.918973
outer loop
vertex -2.028222 4.896562 0.000000
vertex -2.498403 4.674183 0.000000
vertex -2.828380 5.291528 0.300000
endloop
endfacet
facet normal -0.168594 0.356461 -0.918973
outer loop
vertex -2.028222 4.896562 0.000000
vertex -2.828380 5.291528 0.300000
vertex -2.296101 5.543277 0.300000
endloop
endfacet
facet normal -0.202721 0.33822 -0.918973
outer loop
vertex -2.498403 4.674183 0.000000
vertex -2.944522 4.406789 0.000000
vertex -3.333421 4.988818 0.300000
endloop
endfacet
facet normal -0.202721 0.33822 -0.918973
outer loop
vertex -2.498403 4.674183 0.000000
vertex -3.333421 4.988818 0.300000
vertex -2.828380 5.291528 0.300000
endloop
endfacet
facet normal -0.234896 0.316721 -0.918973
outer loop
vertex -2.944522 4.406789 0.000000
vertex -3.362284 4.096955 0.000000
vertex -3.806360 4.638063 0.300000
endloop
endfacet
facet normal -0.234896 0.316721 -0.918973
outer loop
vertex -2.944522 4.406789 0.000000
vertex -3.806360 4.638063 0.300000
vertex -3.333421 4.988818 0.300000
endloop
endfacet
facet normal -0.26481 0.292172 -0.918973
outer loop
vertex -3.362284 4.096955 0.000000
vertex -3.747666 3.747666 0.000000
vertex -4.242640 4.242640 0.300000
endloop
endfacet
facet normal -0.26481 0.292172 -0.918973
outer loop
vertex -3.362284 4.096955 0.000000
vertex -4.242640 4.242640 0.300000
vertex -3.806360 4.638063 0.300000
endloop
endfacet
facet normal -0.292172 0.264809 -0.918973
outer loop
vertex -3.747666 3.747666 0.000000
vertex -4.096955 3.362284 0.000000
vertex -4.638063 3.806360 0.300000
endloop
endfacet
facet normal -0.292172 0.26481 -0.918973
outer loop
vertex -3.747666 3.747666 0.000000
vertex -4.638063 3.806360 0.300000
vertex -4.242640 4.242640 0.300000
endloop
endfacet
facet normal -0.316721 0.234896 -0.918973
outer loop
vertex -4.096955 3.362284 0.000000
vertex -4.406789 2.944522 0.000000
vertex -4.988818 3.333421 0.300000
endloop
endfacet
facet normal -0.316721 0.234896 -0.918973
outer loop
vertex -4.096955 3.362284 0.000000
vertex -4.988818 3.333421 0.300000
vertex -4.638063 3.806360 0.300000
endloop
endfacet
facet normal -0.33822 0.202721 -0.918973
outer loop
vertex -4.406789 2.944522 0.000000
vertex -4.674183 2.498403 0.000000
vertex -5.291528 2.828380 0.300000
endloop
endfacet
facet normal -0.33822 0.202721 -0.918973
outer loop
vertex -4.406789 2.944522 0.000000
vertex -5.291528 2.828380 0.300000
vertex -4.988818 3.333421 0.300000
endloop
endfacet
facet normal -0.356462 0.168594 -0.918973
outer loop
vertex -4.674183 2.498403 0.000000
vertex -4.896562 2.028222 0.000000
vertex -5.543277 2.296101 0.300000
endloop
endfacet
facet normal -0.356462 0.168594 -0.918973
outer loop
vertex -4.674183 2.498403 0.000000
vertex -5.543277 2.296101 0.300000
vertex -5.291528 2.828380 0.300000
endloop
endfacet
facet normal -0.37127 0.132842 -0.918973
outer loop
vertex -4.896562 2.028222 0.000000
vertex -5.071784 1.538509 0.000000
vertex -5.741642 1.741708 0.300000
endloop
endfacet
facet normal -0.37127 0.132843 -0.918973
outer loop
vertex -4.896562 2.028222 0.000000
vertex -5.741642 1.741708 0.300000
vertex -5.543277 2.296101 0.300000
endloop
endfacet
facet normal -0.382503 0.0958123 -0.918973
outer loop
vertex -5.071784 1.538509 0.000000
vertex -5.198162 1.033979 0.000000
vertex -5.884712 1.170542 0.300000
endloop
endfacet
facet normal -0.382503 0.0958121 -0.918973
outer loop
vertex -5.071784 1.538509 0.000000
vertex -5.884712 1.170542 0.300000
vertex -5.741642 1.741708 0.300000
endloop
endfacet
facet normal -0.390053 0.0578587 -0.918973
outer loop
vertex -5.198162 1.033979 0.000000
vertex -5.274479 0.519491 0.000000
vertex -5.971108 0.588103 0.300000
endloop
endfacet
facet normal -0.390053 0.0578588 -0.918973
outer loop
vertex -5.198162 1.033979 0.000000
vertex -5.971108 0.588103 0.300000
vertex -5.884712 1.170542 0.300000
endloop
endfacet
facet normal -0.393846 0.0193486 -0.918973
outer loop
vertex -5.274479 0.519491 0.000000
vertex -5.300000 0.000000 0.000000
vertex -6.000000 0.000000 0.300000
endloop
endfacet
facet normal -0.393845 0.0193483 -0.918973
outer loop
vertex -5.274479 0.519491 0.000000
vertex -6.000000 0.000000 0.300000
vertex -5.971108 0.588103 0.300000
endloop
endfacet
facet normal -0.393845 -0.0193486 -0.918973
outer loop
vertex -5.300000 0.000000 0.000000
vertex -5.274479 -0.519491 0.000000
vertex -5.971108 -0.588103 0.300000
endloop
endfacet
facet normal -0.393846 -0.0193483 -0.918973
outer loop
vertex -5.300000 0.000000 0.000000
vertex -5.971108 -0.588103 0.300000
vertex -6.000000 0.000000 0.300000
endloop
endfacet
facet normal -0.390053 -0.0578587 -0.918973
outer loop
vertex -5.274479 -0.519491 0.000000
vertex -5.198162 -1.033979 0.000000
vertex -5.884712 -1.170542 0.300000
endloop
endfacet
facet normal -0.390052 -0.0578588 -0.918973
outer loop
vertex -5.274479 -0.519491 0.000000
vertex -5.884712 -1.170542 0.300000
vertex -5.971108 -0.588103 0.300000
endloop
endfacet
facet normal -0.382503 -0.0958123 -0.918973
outer loop
vertex -5.198162 -1.033979 0.000000
vertex -5.071784 -1.538509 0.000000
vertex -5.741642 -1.741708 0.300000
endloop
endfacet
facet normal -0.382503 -0.0958121 -0.918973
outer loop
vertex -5.198162 -1.033979 0.000000
vertex -5.741642 -1.741708 0.300000
vertex -5.884712 -1.170542 0.300000
endloop
endfacet
facet normal -0.37127 -0.132842 -0.918973
outer loop
vertex -5.071784 -1.538509 0.000000
vertex -4.896562 -2.028222 0.000000
vertex -5.543277 -2.296101 0.300000
endloop
endfacet
facet normal -0.37127 -0.132843 -0.918973
outer loop
vertex -5.071784 -1.538509 0.000000
vertex -5.543277 -2.296101 0.300000
vertex -5.741642 -1.741708 0.300000
endloop
endfacet
facet normal -0.356462 -0.168594 -0.918973
outer loop
vertex -4.896562 -2.028222 0.000000
vertex -4.674183 -2.498403 0.000000
vertex -5.291528 -2.828380 0.300000
endloop
endfacet
facet normal -0.356461 -0.168594 -0.918973
outer loop
vertex -4.896562 -2.028222 0.000000
vertex -5.291528 -2.828380 0.300000
vertex -5.543277 -2.296101 0.300000
endloop
endfacet
facet normal -0.33822 -0.202721 -0.918973
outer loop
vertex -4.674183 -2.498403 0.000000
vertex -4.406789 -2.944522 0.000000
vertex -4.988818 -3.333421 0.300000
endloop
endfacet
facet normal -0.33822 -0.202721 -0.918973
outer loop
vertex -4.674183 -2.498403 0.000000
vertex -4.988818 -3.333421 0.300000
vertex -5.291528 -2.828380 0.300000
endloop
endfacet
facet normal -0.316721 -0.234896 -0.918973
outer loop
vertex -4.406789 -2.944522 0.000000
vertex -4.096955 -3.362284 0.000000
vertex -4.638063 -3.806360 0.300000
endloop
endfacet
facet normal -0.316721 -0.234896 -0.918973
outer loop
vertex -4.406789 -2.944522 0.000000
vertex -4.638063 -3.806360 0.300000
vertex -4.988818 -3.333421 0.300000
endloop
endfacet
facet normal -0.292172 -0.26481 -0.918973
outer loop
vertex -4.096955 -3.362284 0.000000
vertex -3.747666 -3.747666 0.000000
vertex -4.242640 -4.242640 0.300000
endloop
endfacet
facet normal -0.292172 -0.26481 -0.918973
outer loop
vertex -4.096955 -3.362284 0.000000
vertex -4.242640 -4.242640 0.300000
vertex -4.638063 -3.806360 0.300000
endloop
endfacet
facet normal -0.264809 -0.292172 -0.918973
outer loop
vertex -3.747666 -3.747666 0.000000
vertex -3.362284 -4.096955 0.000000
vertex -3.806360 -4.638063 0.300000
endloop
endfacet
facet normal -0.26481 -0.292172 -0.918973
outer loop
vertex -3.747666 -3.747666 0.000000
vertex -3.806360 -4.638063 0.300000
vertex -4.242640 -4.242640 0.300000
endloop
endfacet
facet normal -0.234896 -0.316721 -0.918973
outer loop
vertex -3.362284 -4.096955 0.000000
vertex -2.944522 -4.406789 0.000000
vertex -3.333421 -4.988818 0.300000
endloop
endfacet
facet normal -0.234896 -0.316721 -0.918973
outer loop
vertex -3.362284 -4.096955 0.000000
vertex -3.333421 -4.988818 0.300000
vertex -3.806360 -4.638063 0.300000
endloop
endfacet
facet normal -0.202721 -0.33822 -0.918973
outer loop
vertex -2.944522 -4.406789 0.000000
vertex -2.498403 -4.674183 0.000000
vertex -2.828380 -5.291528 0.300000
endloop
endfacet
facet normal -0.202721 -0.33822 -0.918973
outer loop
vertex -2.944522 -4.406789 0.000000
vertex -2.828380 -5.291528 0.300000
vertex -3.333421 -4.988818 0.300000
endloop
endfacet
facet normal -0.168594 -0.356462 -0.918973
outer loop
vertex -2.498403 -4.674183 0.000000
vertex -2.028222 -4.896562 0.000000
vertex -2.296101 -5.543277 0.300000
endloop
endfacet
facet normal -0.168594 -0.356462 -0.918973
outer loop
vertex -2.498403 -4.674183 0.000000
vertex -2.296101 -5.543277 0.300000
vertex -2.828380 -5.291528 0.300000
endloop
endfacet
facet normal -0.132842 -0.37127 -0.918973
outer loop
vertex -2.028222 -4.896562 0.000000
vertex -1.538509 -5.071784 0.000000
vertex -1.741708 -5.741642 0.300000
endloop
endfacet
facet normal -0.132843 -0.37127 -0.918973
outer loop
vertex -2.028222 -4.896562 0.000000
vertex -1.741708 -5.741642 0.300000
vertex -2.296101 -5.543277 0.300000
endloop
endfacet
facet normal -0.0958123 -0.382503 -0.918973
outer loop
vertex -1.538509 -5.071784 0.000000
vertex -1.033979 -5.198162 0.000000
vertex -1.170542 -5.884712 0.300000
endloop
endfacet
facet normal -0.0958121 -0.382503 -0.918973
outer loop
vertex -1.538509 -5.071784 0.000000
vertex -1.170542 -5.884712 0.300000
vertex -1.741708 -5.741642 0.300000
endloop
endfacet
facet normal -0.0578587 -0.390053 -0.918973
outer loop
vertex -1.033979 -5.198162 0.000000
vertex -0.519491 -5.274479 0.000000
vertex -0.588103 -5.971108 0.300000
endloop
endfacet
facet normal -0.0578588 -0.390053 -0.918973
outer loop
vertex -1.033979 -5.198162 0.000000
vertex -0.588103 -5.971108 0.300000
vertex -1.170542 -5.884712 0.300000
endloop
endfacet
facet normal -0.0193486 -0.393846 -0.918973
outer loop
vertex -0.519491 -5.274479 0.000000
vertex -0.000000 -5.300000 0.000000
vertex -0.000000 -6.000000 0.300000
endloop
endfacet
facet normal -0.0193483 -0.393845 -0.918973
outer loop
vertex -0.519491 -5.274479 0.000000
vertex -0.000000 -6.000000 0.300000
vertex -0.588103 -5.971108 0.300000
endloop
endfacet
facet normal 0.0193486 -0.393845 -0.918973
outer loop
vertex -0.000000 -5.300000 0.000000
vertex 0.519491 -5.274479 0.000000
vertex 0.588103 -5.971108 0.300000
endloop
endfacet
facet normal 0.0193483 -0.393846 -0.918973
outer loop
vertex -0.000000 -5.300000 0.000000
vertex 0.588103 -5.971108 0.300000
vertex -0.000000 -6.000000 0.300000
endloop
endfacet
facet normal 0.0578587 -0.390053 -0.918973
outer loop
vertex 0.519491 -5.274479 0.000000
vertex 1.033979 -5.198162 0.000000
vertex 1.170542 -5.884712 0.300000
endloop
endfacet
facet normal 0.0578588 -0.390052 -0.918973
outer loop
vertex 0.519491 -5.274479 0.000000
vertex 1.170542 -5.884712 0.300000
vertex 0.588103 -5.971108 0.300000
endloop
endfacet
facet normal 0.0958123 -0.382503 -0.918973
outer loop
vertex 1.033979 -5.198162 0.000000
vertex 1.538509 -5.071784 0.000000
vertex 1.741708 -5.741642 0.300000
endloop
endfacet
facet normal 0.0958121 -0.382503 -0.918973
outer loop
vertex 1.033979 -5.198162 0.000000
vertex 1.741708 -5.741642 0.300000
vertex 1.170542 -5.884712 0.300000
endloop
endfacet
facet normal 0.132842 -0.37127 -0.918973
outer loop
vertex 1.538509 -5.071784 0.000000
vertex 2.028222 -4.896562 0.000000
vertex 2.296101 -5.543277 0.300000
endloop
endfacet
facet normal 0.132843 -0.37127 -0.918973
outer loop
vertex 1.538509 -5.071784 0.000000
vertex 2.296101 -5.543277 0.300000
vertex 1.741708 -5.741642 0.300000
endloop
endfacet
facet normal 0.168594 -0.356462 -0.918973
outer loop
vertex 2.028222 -4.896562 0.000000
vertex 2.498403 -4.674183 0.000000
vertex 2.828380 -5.291528 0.300000
endloop
endfacet
facet normal 0.168594 -0.356461 -0.918973
outer loop
vertex 2.028222 -4.896562 0.000000
vertex 2.828380 -5.291528 0.300000
vertex 2.296101 -5.543277 0.300000
endloop
endfacet
facet normal 0.202721 -0.33822 -0.918973
outer loop
vertex 2.498403 -4.674183 0.000000
vertex 2.944522 -4.406789 0.000000
vertex 3.333421 -4.988818 0.300000
endloop
endfacet
facet normal 0.202721 -0.33822 -0.918973
outer loop
vertex 2.498403 -4.674183 0.000000
vertex 3.333421 -4.988818 0.300000
vertex 2.828380 -5.291528 0.300000
endloop
endfacet
facet normal 0.234896 -0.316721 -0.918973
outer loop
vertex 2.944522 -4.406789 0.000000
vertex 3.362284 -4.096955 0.000000
vertex 3.806360 -4.638063 0.300000
endloop
endfacet
facet normal 0.234896 -0.316721 -0.918973
outer loop
vertex 2.944522 -4.406789 0.000000
vertex 3.806360 -4.638063 0.300000
vertex 3.333421 -4.988818 0.300000
endloop
endfacet
facet normal 0.26481 -0.292172 -0.918973
outer loop
vertex 3.362284 -4.096955 0.000000
vertex 3.747666 -3.747666 0.000000
vertex 4.242640 -4.242640 0.300000
endloop
endfacet
facet normal 0.26481 -0.292172 -0.918973
outer loop
vertex 3.362284 -4.096955 0.000000
vertex 4.242640 -4.242640 0.300000
vertex 3.806360 -4.638063 0.300000
endloop
endfacet
facet normal 0.292172 -0.264809 -0.918973
outer loop
vertex 3.747666 -3.747666 0.000000
vertex 4.096955 -3.362284 0.000000
vertex 4.638063 -3.806360 0.300000
endloop
endfacet
facet normal 0.292172 -0.26481 -0.918973
outer loop
vertex 3.747666 -3.747666 0.000000
vertex 4.638063 -3.806360 0.300000
vertex 4.242640 -4.242640 0.300000
endloop
endfacet
facet normal 0.316721 -0.234896 -0.918973
outer loop
vertex 4.096955 -3.362284 0.000000
vertex 4.406789 -2.944522 0.000000
vertex 4.988818 -3.333421 0.300000
endloop
endfacet
facet normal 0.316721 -0.234896 -0.918973
outer loop
vertex 4.096955 -3.362284 0.000000
vertex 4.988818 -3.333421 0.300000
vertex 4.638063 -3.806360 0.300000
endloop
endfacet
facet normal 0.33822 -0.202721 -0.918973
outer loop
vertex 4.406789 -2.944522 0.000000
vertex 4.674183 -2.498403 0.000000
vertex 5.291528 -2.828380 0.300000
endloop
endfacet
facet normal 0.33822 -0.202721 -0.918973
outer loop
vertex 4.406789 -2.944522 0.000000
vertex 5.291528 -2.828380 0.300000
vertex 4.988818 -3.333421 0.300000
endloop
endfacet
facet normal 0.356462 -0.168594 -0.918973
outer loop
vertex 4.674183 -2.498403 0.000000
vertex 4.896562 -2.028222 0.000000
vertex 5.543277 -2.296101 0.300000
endloop
endfacet
facet normal 0.356462 -0.168594 -0.918973
outer loop
vertex 4.674183 -2.498403 0.000000
vertex 5.543277 -2.296101 0.300000
vertex 5.291528 -2.828380 0.300000
endloop
endfacet
facet normal 0.37127 -0.132842 -0.918973
outer loop
vertex 4.896562 -2.028222 0.000000
vertex 5.071784 -1.538509 0.000000
vertex 5.741642 -1.741708 0.300000
endloop
endfacet
facet normal 0.37127 -0.132843 -0.918973
outer loop
vertex 4.896562 -2.028222 0.000000
vertex 5.741642 -1.741708 0.300000
vertex 5.543277 -2.296101 0.300000
endloop
endfacet
facet normal 0.382503 -0.0958123 -0.918973
outer loop
vertex 5.071784 -1.538509 0.000000
vertex 5.198162 -1.033979 0.000000
vertex 5.884712 -1.170542 0.300000
endloop
endfacet
facet normal 0.382503 -0.0958121 -0.918973
outer loop
vertex 5.071784 -1.538509 0.000000
vertex 5.884712 -1.170542 0.300000
vertex 5.741642 -1.741708 0.300000
endloop
endfacet
facet normal 0.390053 -0.0578587 -0.918973
outer loop
vertex 5.198162 -1.033979 0.000000
vertex 5.274479 -0.519491 0.000000
vertex 5.971108 -0.588103 0.300000
endloop
endfacet
facet normal 0.390053 -0.0578588 -0.918973
outer loop
vertex 5.198162 -1.033979 0.000000
vertex 5.971108 -0.588103 0.300000
vertex 5.884712 -1.170542 0.300000
endloop
endfacet
facet normal 0.393846 -0.0193486 -0.918973
outer loop
vertex 5.274479 -0.519491 0.000000
vertex 5.300000 0.000000 0.000000
vertex 6.000000 0.000000 0.300000
endloop
endfacet
facet normal 0.393845 -0.0193483 -0.918973
outer loop
vertex 5.274479 -0.519491 0.000000
vertex 6.000000 0.000000 0.300000
vertex 5.971108 -0.588103 0.300000
endloop
endfacet
facet normal 0.992701 0.0487681 -0.1103
outer loop
vertex 6.000000 0.000000 0.300000
vertex 5.971108 0.588103 0.300000
vertex 6.070627 0.597905 1.200000
endloop
endfacet
facet normal 0.992701 0.0487683 -0.1103
outer loop
vertex 6.000000 0.000000 0.300000
vertex 6.070627 0.597905 1.200000
vertex 6.100000 0.000000 1.200000
endloop
endfacet
facet normal 0.983141 0.145835 -0.1103
outer loop
vertex 5.971108 0.588103 0.300000
vertex 5.884712 1.170542 0.300000
vertex 5.982790 1.190051 1.200000
endloop
endfacet
facet normal 0.983141 0.145835 -0.1103
outer loop
vertex 5.971108 0.588103 0.300000
vertex 5.982790 1.190051 1.200000
vertex 6.070627 0.597905 1.200000
endloop
endfacet
facet normal 0.964112 0.241498 -0.1103
outer loop
vertex 5.884712 1.170542 0.300000
vertex 5.741642 1.741708 0.300000
vertex 5.837336 1.770737 1.200000
endloop
endfacet
facet normal 0.964113 0.241497 -0.1103
outer loop
vertex 5.884712 1.170542 0.300000
vertex 5.837336 1.770737 1.200000
vertex 5.982790 1.190051 1.200000
endloop
endfacet
facet normal 0.935799 0.334834 -0.1103
outer loop
vertex 5.741642 1.741708 0.300000
vertex 5.543277 2.296101 0.300000
vertex 5.635665 2.334369 1.200000
endloop
endfacet
facet normal 0.935799 0.334835 -0.1103
outer loop
vertex 5.741642 1.741708 0.300000
vertex 5.635665 2.334369 1.200000
vertex 5.837336 1.770737 1.200000
endloop
endfacet
facet normal 0.898473 0.424946 -0.1103
outer loop
vertex 5.543277 2.296101 0.300000
vertex 5.291528 2.828380 0.300000
vertex 5.379720 2.875520 1.200000
endloop
endfacet
facet normal 0.898474 0.424946 -0.1103
outer loop
vertex 5.543277 2.296101 0.300000
vertex 5.379720 2.875520 1.200000
vertex 5.635665 2.334369 1.200000
endloop
endfacet
facet normal 0.852495 0.510966 -0.1103
outer loop
vertex 5.291528 2.828380 0.300000
vertex 4.988818 3.333421 0.300000
vertex 5.071965 3.388978 1.200000
endloop
endfacet
facet normal 0.852495 0.510966 -0.1103
outer loop
vertex 5.291528 2.828380 0.300000
vertex 5.071965 3.388978 1.200000
vertex 5.379720 2.875520 1.200000
endloop
endfacet
facet normal 0.798307 0.592064 -0.1103
outer loop
vertex 4.988818 3.333421 0.300000
vertex 4.638063 3.806360 0.300000
vertex 4.715364 3.869799 1.200000
endloop
endfacet
facet normal 0.798307 0.592064 -0.1103
outer loop
vertex 4.988818 3.333421 0.300000
vertex 4.715364 3.869799 1.200000
vertex 5.071965 3.388978 1.200000
endloop
endfacet
facet normal 0.73643 0.667462 -0.1103
outer loop
vertex 4.638063 3.806360 0.300000
vertex 4.242640 4.242640 0.300000
vertex 4.313351 4.313351 1.200000
endloop
endfacet
facet normal 0.736429 0.667462 -0.1103
outer loop
vertex 4.638063 3.806360 0.300000
vertex 4.313351 4.313351 1.200000
vertex 4.715364 3.869799 1.200000
endloop
endfacet
facet normal 0.667462 0.73643 -0.1103
outer loop
vertex 4.242640 4.242640 0.300000
vertex 3.806360 4.638063 0.300000
vertex 3.869799 4.715364 1.200000
endloop
endfacet
facet normal 0.667462 0.736429 -0.1103
outer loop
vertex 4.242640 4.242640 0.300000
vertex 3.869799 4.715364 1.200000
vertex 4.313351 4.313351 1.200000
endloop
endfacet
facet normal 0.592064 0.798307 -0.1103
outer loop
vertex 3.806360 4.638063 0.300000
vertex 3.333421 4.988818 0.300000
vertex 3.388978 5.071965 1.200000
endloop
endfacet
facet normal 0.592064 0.798307 -0.1103
outer loop
vertex 3.806360 4.638063 0.300000
vertex 3.388978 5.071965 1.200000
vertex 3.869799 4.715364 1.200000
endloop
endfacet
facet normal 0.510966 0.852495 -0.1103
outer loop
vertex 3.333421 4.988818 0.300000
vertex 2.828380 5.291528 0.300000
vertex 2.875520 5.379720 1.200000
endloop
endfacet
facet normal 0.510966 0.852495 -0.1103
outer loop
vertex 3.333421 4.988818 0.300000
vertex 2.875520 5.379720 1.200000
vertex 3.388978 5.071965 1.200000
endloop
endfacet
facet normal 0.424946 0.898474 -0.1103
outer loop
vertex 2.828380 5.291528 0.300000
vertex 2.296101 5.543277 0.300000
vertex 2.334369 5.635665 1.200000
endloop
endfacet
facet normal 0.424946 0.898474 -0.1103
outer loop
vertex 2.828380 5.291528 0.300000
vertex 2.334369 5.635665 1.200000
vertex 2.875520 5.379720 1.200000
endloop
endfacet
facet normal 0.334834 0.935799 -0.1103
outer loop
vertex 2.296101 5.543277 0.300000
vertex 1.741708 5.741642 0.300000
vertex 1.770737 5.837336 1.200000
endloop
endfacet
facet normal 0.334835 0.935799 -0.1103
outer loop
vertex 2.296101 5.543277 0.300000
vertex 1.770737 5.837336 1.200000
vertex 2.334369 5.635665 1.200000
endloop
endfacet
facet normal 0.241498 0.964112 -0.1103
outer loop
vertex 1.741708 5.741642 0.300000
vertex 1.170542 5.884712 0.300000
vertex 1.190051 5.982790 1.200000
endloop
endfacet
facet normal 0.241497 0.964113 -0.1103
outer loop
vertex 1.741708 5.741642 0.300000
vertex 1.190051 5.982790 1.200000
vertex 1.770737 5.837336 1.200000
endloop
endfacet
facet normal 0.145835 0.983141 -0.1103
outer loop
vertex 1.170542 5.884712 0.300000
vertex 0.588103 5.971108 0.300000
vertex 0.597905 6.070627 1.200000
endloop
endfacet
facet normal 0.145835 0.983141 -0.1103
outer loop
vertex 1.170542 5.884712 0.300000
vertex 0.597905 6.070627 1.200000
vertex 1.190051 5.982790 1.200000
endloop
endfacet
facet normal 0.0487681 0.992701 -0.1103
outer loop
vertex 0.588103 5.971108 0.300000
vertex 0.000000 6.000000 0.300000
vertex 0.000000 6.100000 1.200000
endloop
endfacet
facet normal 0.0487683 0.992701 -0.1103
outer loop
vertex 0.588103 5.971108 0.300000
vertex 0.000000 6.100000 1.200000
vertex 0.597905 6.070627 1.200000
endloop
endfacet
facet normal -0.0487681 0.992701 -0.1103
outer loop
vertex 0.000000 6.000000 0.300000
vertex -0.588103 5.971108 0.300000
vertex -0.597905 6.070627 1.200000
endloop
endfacet
facet normal -0.0487683 0.992701 -0.1103
outer loop
vertex 0.000000 6.000000 0.300000
vertex -0.597905 6.070627 1.200000
vertex 0.000000 6.100000 1.200000
endloop
endfacet
facet normal -0.145835 0.983141 -0.1103
outer loop
vertex -0.588103 5.971108 0.300000
vertex -1.170542 5.884712 0.300000
vertex -1.190051 5.982790 1.200000
endloop
endfacet
facet normal -0.145835 0.983141 -0.1103
outer loop
vertex -0.588103 5.971108 0.300000
vertex -1.190051 5.982790 1.200000
vertex -0.597905 6.070627 1.200000
endloop
endfacet
facet normal -0.241498 0.964112 -0.1103
outer loop
vertex -1.170542 5.884712 0.300000
vertex -1.741708 5.741642 0.300000
vertex -1.770737 5.837336 1.200000
endloop
endfacet
facet normal -0.241497 0.964113 -0.1103
outer loop
vertex -1.170542 5.884712 0.300000
vertex -1.770737 5.837336 1.200000
vertex -1.190051 5.982790 1.200000
endloop
endfacet
facet normal -0.334834 0.935799 -0.1103
outer loop
vertex -1.741708 5.741642 0.300000
vertex -2.296101 5.543277 0.300000
vertex -2.334369 5.635665 1.200000
endloop
endfacet
facet normal -0.334835 0.935799 -0.1103
outer loop
vertex -1.741708 5.741642 0.300000
vertex -2.334369 5.635665 1.200000
vertex -1.770737 5.837336 1.200000
endloop
endfacet
facet normal -0.424946 0.898473 -0.1103
outer loop
vertex -2.296101 5.543277 0.300000
vertex -2.828380 5.291528 0.300000
vertex -2.875520 5.379720 1.200000
endloop
endfacet
facet normal -0.424946 0.898474 -0.1103
outer loop
vertex -2.296101 5.543277 0.300000
vertex -2.875520 5.379720 1.200000
vertex -2.334369 5.635665 1.200000
endloop
endfacet
facet normal -0.510966 0.852495 -0.1103
outer loop
vertex -2.828380 5.291528 0.300000
vertex -3.333421 4.988818 0.300000
vertex -3.388978 5.071965 1.200000
endloop
endfacet
facet normal -0.510966 0.852495 -0.1103
outer loop
vertex -2.828380 5.291528 0.300000
vertex -3.388978 5.071965 1.200000
vertex -2.875520 5.379720 1.200000
endloop
endfacet
facet normal -0.592064 0.798307 -0.1103
outer loop
vertex -3.333421 4.988818 0.300000
vertex -3.806360 4.638063 0.300000
vertex -3.869799 4.715364 1.200000
endloop
endfacet
facet normal -0.592064 0.798307 -0.1103
outer loop
vertex -3.333421 4.988818 0.300000
vertex -3.869799 4.715364 1.200000
vertex -3.388978 5.071965 1.200000
endloop
endfacet
facet normal -0.667462 0.73643 -0.1103
outer loop
vertex -3.806360 4.638063 0.300000
vertex -4.242640 4.242640 0.300000
vertex -4.313351 4.313351 1.200000
endloop
endfacet
facet normal -0.667462 0.736429 -0.1103
outer loop
vertex -3.806360 4.638063 0.300000
vertex -4.313351 4.313351 1.200000
vertex -3.869799 4.715364 1.200000
endloop
endfacet
facet normal -0.73643 0.667462 -0.1103
outer loop
vertex -4.242640 4.242640 0.300000
vertex -4.638063 3.806360 0.300000
vertex -4.715364 3.869799 1.200000
endloop
endfacet
facet normal -0.736429 0.667462 -0.1103
outer loop
vertex -4.242640 4.242640 0.300000
vertex -4.715364 3.869799 1.200000
vertex -4.313351 4.313351 1.200000
endloop
endfacet
facet normal -0.798307 0.592064 -0.1103
outer loop
vertex -4.638063 3.806360 0.300000
vertex -4.988818 3.333421 0.300000
vertex -5.071965 3.388978 1.200000
endloop
endfacet
facet normal -0.798307 0.592064 -0.1103
outer loop
vertex -4.638063 3.806360 0.300000
vertex -5.071965 3.388978 1.200000
vertex -4.715364 3.869799 1.200000
endloop
endfacet
facet normal -0.852495 0.510966 -0.1103
outer loop
vertex -4.988818 3.333421 0.300000
vertex -5.291528 2.828380 0.300000
vertex -5.379720 2.875520 1.200000
endloop
endfacet
facet normal -0.852495 0.510966 -0.1103
outer loop
vertex -4.988818 3.333421 0.300000
vertex -5.379720 2.875520 1.200000
vertex -5.071965 3.388978 1.200000
endloop
endfacet
facet normal -0.898474 0.424946 -0.1103
outer loop
vertex -5.291528 2.828380 0.300000
vertex -5.543277 2.296101 0.300000
vertex -5.635665 2.334369 1.200000
endloop
endfacet
facet normal -0.898474 0.424946 -0.1103
outer loop
vertex -5.291528 2.828380 0.300000
vertex -5.635665 2.334369 1.200000
vertex -5.379720 2.875520 1.200000
endloop
endfacet
facet normal -0.935799 0.334834 -0.1103
outer loop
vertex -5.543277 2.296101 0.300000
vertex -5.741642 1.741708 0.300000
vertex -5.837336 1.770737 1.200000
endloop
endfacet
facet normal -0.935799 0.334835 -0.1103
outer loop
vertex -5.543277 2.296101 0.300000
vertex -5.837336 1.770737 1.200000
vertex -5.635665 2.334369 1.200000
endloop
endfacet
facet normal -0.964112 0.241498 -0.1103
outer loop
vertex -5.741642 1.741708 0.300000
vertex -5.884712 1.170542 0.300000
vertex -5.982790 1.190051 1.200000
endloop
endfacet
facet normal -0.964113 0.241497 -0.1103
outer loop
vertex -5.741642 1.741708 0.300000
vertex -5.982790 1.190051 1.200000
vertex -5.837336 1.770737 1.200000
endloop
endfacet
facet normal -0.983141 0.145835 -0.1103
outer loop
vertex -5.884712 1.170542 0.300000
vertex -5.971108 0.588103 0.300000
vertex -6.070627 0.597905 1.200000
endloop
endfacet
facet normal -0.983141 0.145835 -0.1103
outer loop
vertex -5.884712 1.170542 0.300000
vertex -6.070627 0.597905 1.200000
vertex -5.982790 1.190051 1.200000
endloop
endfacet
facet normal -0.992701 0.0487681 -0.1103
outer loop
vertex -5.971108 0.588103 0.300000
vertex -6.000000 0.000000 0.300000
vertex -6.100000 0.000000 1.200000
endloop
endfacet
facet normal -0.992701 0.0487683 -0.1103
outer loop
vertex -5.971108 0.588103 0.300000
vertex -6.100000 0.000000 1.200000
vertex -6.070627 0.597905 1.200000
endloop
endfacet
facet normal -0.992701 -0.0487681 -0.1103
outer loop
vertex -6.000000 0.000000 0.300000
vertex -5.971108 -0.588103 0.300000
vertex -6.070627 -0.597905 1.200000
endloop
endfacet
facet normal -0.992701 -0.0487683 -0.1103
outer loop
vertex -6.000000 0.000000 0.300000
vertex -6.070627 -0.597905 1.200000
vertex -6.100000 0.000000 1.200000
endloop
endfacet
facet normal -0.983141 -0.145835 -0.1103
outer loop
vertex -5.971108 -0.588103 0.300000
vertex -5.884712 -1.170542 0.300000
vertex -5.982790 -1.190051 1.200000
endloop
endfacet
facet normal -0.983141 -0.145835 -0.1103
outer loop
vertex -5.971108 -0.588103 0.300000
vertex -5.982790 -1.190051 1.200000
vertex -6.070627 -0.597905 1.200000
endloop
endfacet
facet normal -0.964112 -0.241498 -0.1103
outer loop
vertex -5.884712 -1.170542 0.300000
vertex -5.741642 -1.741708 0.300000
vertex -5.837336 -1.770737 1.200000
endloop
endfacet
facet normal -0.964113 -0.241497 -0.1103
outer loop
vertex -5.884712 -1.170542 0.300000
vertex -5.837336 -1.770737 1.200000
vertex -5.982790 -1.190051 1.200000
endloop
endfacet
facet normal -0.935799 -0.334834 -0.1103
outer loop
vertex -5.741642 -1.741708 0.300000
vertex -5.543277 -2.296101 0.300000
vertex -5.635665 -2.334369 1.200000
endloop
endfacet
facet normal -0.935799 -0.334835 -0.1103
outer loop
vertex -5.741642 -1.741708 0.300000
vertex -5.635665 -2.334369 1.200000
vertex -5.837336 -1.770737 1.200000
endloop
endfacet
facet normal -0.898473 -0.424946 -0.1103
outer loop
vertex -5.543277 -2.296101 0.300000
vertex -5.291528 -2.828380 0.300000
vertex -5.379720 -2.875520 1.200000
endloop
endfacet
facet normal -0.898474 -0.424946 -0.1103
outer loop
vertex -5.543277 -2.296101 0.300000
vertex -5.379720 -2.875520 1.200000
vertex -5.635665 -2.334369 1.200000
endloop
endfacet
facet normal -0.852495 -0.510966 -0.1103
outer loop
vertex -5.291528 -2.828380 0.300000
vertex -4.988818 -3.333421 0.300000
vertex -5.071965 -3.388978 1.200000
endloop
endfacet
facet normal -0.852495 -0.510966 -0.1103
outer loop
vertex -5.291528 -2.828380 0.300000
vertex -5.071965 -3.388978 1.200000
vertex -5.379720 -2.875520 1.200000
endloop
endfacet
facet normal -0.798307 -0.592064 -0.1103
outer loop
vertex -4.988818 -3.333421 0.300000
vertex -4.638063 -3.806360 0.300000
vertex -4.715364 -3.869799 1.200000
endloop
endfacet
facet normal -0.798307 -0.592064 -0.1103
outer loop
vertex -4.988818 -3.333421 0.300000
vertex -4.715364 -3.869799 1.200000
vertex -5.071965 -3.388978 1.200000
endloop
endfacet
facet normal -0.73643 -0.667462 -0.1103
outer loop
vertex -4.638063 -3.806360 0.300000
vertex -4.242640 -4.242640 0.300000
vertex -4.313351 -4.313351 1.200000
endloop
endfacet
facet normal -0.736429 -0.667462 -0.1103
outer loop
vertex -4.638063 -3.806360 0.300000
vertex -4.313351 -4.313351 1.200000
vertex -4.715364 -3.869799 1.200000
endloop
endfacet
facet normal -0.667462 -0.73643 -0.1103
outer loop
vertex -4.242640 -4.242640 0.300000
vertex -3.806360 -4.638063 0.300000
vertex -3.869799 -4.715364 1.200000
endloop
endfacet
facet normal -0.667462 -0.736429 -0.1103
outer loop
vertex -4.242640 -4.242640 0.300000
vertex -3.869799 -4.715364 1.200000
vertex -4.313351 -4.313351 1.200000
endloop
endfacet
facet normal -0.592064 -0.798307 -0.1103
outer loop
vertex -3.806360 -4.638063 0.300000
vertex -3.333421 -4.988818 0.300000
vertex -3.388978 -5.071965 1.200000
endloop
endfacet
facet normal -0.592064 -0.798307 -0.1103
outer loop
vertex -3.806360 -4.638063 0.300000
vertex -3.388978 -5.071965 1.200000
vertex -3.869799 -4.715364 1.200000
endloop
endfacet
facet normal -0.510966 -0.852495 -0.1103
outer loop
vertex -3.333421 -4.988818 0.300000
vertex -2.828380 -5.291528 0.300000
vertex -2.875520 -5.379720 1.200000
endloop
endfacet
facet normal -0.510966 -0.852495 -0.1103
outer loop
vertex -3.333421 -4.988818 0.300000
vertex -2.875520 -5.379720 1.200000
vertex -3.388978 -5.071965 1.200000
endloop
endfacet
facet normal -0.424946 -0.898474 -0.1103
outer loop
vertex -2.828380 -5.291528 0.300000
vertex -2.296101 -5.543277 0.300000
vertex -2.334369 -5.635665 1.200000
endloop
endfacet
facet normal -0.424946 -0.898474 -0.1103
outer loop
vertex -2.828380 -5.291528 0.300000
vertex -2.334369 -5.635665 1.200000
vertex -2.875520 -5.379720 1.200000
endloop
endfacet
facet normal -0.334834 -0.935799 -0.1103
outer loop
vertex -2.296101 -5.543277 0.300000
vertex -1.741708 -5.741642 0.300000
vertex -1.770737 -5.837336 1.200000
endloop
endfacet
facet normal -0.334835 -0.935799 -0.1103
outer loop
vertex -2.296101 -5.543277 0.300000
vertex -1.770737 -5.837336 1.200000
vertex -2.334369 -5.635665 1.200000
endloop
endfacet
facet normal -0.241498 -0.964112 -0.1103
outer loop
vertex -1.741708 -5.741642 0.300000
vertex -1.170542 -5.884712 0.300000
vertex -1.190051 -5.982790 1.200000
endloop
endfacet
facet normal -0.241497 -0.964113 -0.1103
outer loop
vertex -1.741708 -5.741642 0.300000
vertex -1.190051 -5.982790 1.200000
vertex -1.770737 -5.837336 1.200000
endloop
endfacet
facet normal -0.145835 -0.983141 -0.1103
outer loop
vertex -1.170542 -5.884712 0.300000
vertex -0.588103 -5.971108 0.300000
vertex -0.597905 -6.070627 1.200000
endloop
endfacet
facet normal -0.145835 -0.983141 -0.1103
outer loop
vertex -1.170542 -5.884712 0.300000
vertex -0.597905 -6.070627 1.200000
vertex -1.190051 -5.982790 1.200000
endloop
endfacet
facet normal -0.0487681 -0.992701 -0.1103
outer loop
vertex -0.588103 -5.971108 0.300000
vertex -0.000000 -6.000000 0.300000
vertex -0.000000 -6.100000 1.200000
endloop
endfacet
facet normal -0.0487683 -0.992701 -0.1103
outer loop
vertex -0.588103 -5.971108 0.300000
vertex -0.000000 -6.100000 1.200000
vertex -0.597905 -6.070627 1.200000
endloop
endfacet
facet normal 0.0487681 -0.992701 -0.1103
outer loop
vertex -0.000000 -6.000000 0.300000
vertex 0.588103 -5.971108 0.300000
vertex 0.597905 -6.070627 1.200000
endloop
endfacet
facet normal 0.0487683 -0.992701 -0.1103
outer loop
vertex -0.000000 -6.000000 0.300000
vertex 0.597905 -6.070627 1.200000
vertex -0.000000 -6.100000 1.200000
endloop
endfacet
facet normal 0.145835 -0.983141 -0.1103
outer loop
vertex 0.588103 -5.971108 0.300000
vertex 1.170542 -5.884712 0.300000
vertex 1.190051 -5.982790 1.200000
endloop
endfacet
facet normal 0.145835 -0.983141 -0.1103
outer loop
vertex 0.588103 -5.971108 0.300000
vertex 1.190051 -5.982790 1.200000
vertex 0.597905 -6.070627 1.200000
endloop
endfacet
facet normal 0.241498 -0.964112 -0.1103
outer loop
vertex 1.170542 -5.884712 0.300000
vertex 1.741708 -5.741642 0.300000
vertex 1.770737 -5.837336 1.200000
endloop
endfacet
facet normal 0.241497 -0.964113 -0.1103
outer loop
vertex 1.170542 -5.884712 0.300000
vertex 1.770737 -5.837336 1.200000
vertex 1.190051 -5.982790 1.200000
endloop
endfacet
facet normal 0.334834 -0.935799 -0.1103
outer loop
vertex 1.741708 -5.741642 0.300000
vertex 2.296101 -5.543277 0.300000
vertex 2.334369 -5.635665 1.200000
endloop
endfacet
facet normal 0.334835 -0.935799 -0.1103
outer loop
vertex 1.741708 -5.741642 0.300000
vertex 2.334369 -5.635665 1.200000
vertex 1.770737 -5.837336 1.200000
endloop
endfacet
facet normal 0.424946 -0.898473 -0.1103
outer loop
vertex 2.296101 -5.543277 0.300000
vertex 2.828380 -5.291528 0.300000
vertex 2.875520 -5.379720 1.200000
endloop
endfacet
facet normal 0.424946 -0.898474 -0.1103
outer loop
vertex 2.296101 -5.543277 0.300000
vertex 2.875520 -5.379720 1.200000
vertex 2.334369 -5.635665 1.200000
endloop
endfacet
facet normal 0.510966 -0.852495 -0.1103
outer loop
vertex 2.828380 -5.291528 0.300000
vertex 3.333421 -4.988818 0.300000
vertex 3.388978 -5.071965 1.200000
endloop
endfacet
facet normal 0.510966 -0.852495 -0.1103
outer loop
vertex 2.828380 -5.291528 0.300000
vertex 3.388978 -5.071965 1.200000
vertex 2.875520 -5.379720 1.200000
endloop
endfacet
facet normal 0.592064 -0.798307 -0.1103
outer loop
vertex 3.333421 -4.988818 0.300000
vertex 3.806360 -4.638063 0.300000
vertex 3.869799 -4.715364 1.200000
endloop
endfacet
facet normal 0.592064 -0.798307 -0.1103
outer loop
vertex 3.333421 -4.988818 0.300000
vertex 3.869799 -4.715364 1.200000
vertex 3.388978 -5.071965 1.200000
endloop
endfacet
facet normal 0.667462 -0.73643 -0.1103
outer loop
vertex 3.806360 -4.638063 0.300000
vertex 4.242640 -4.242640 0.300000
vertex 4.313351 -4.313351 1.200000
endloop
endfacet
facet normal 0.667462 -0.736429 -0.1103
outer loop
vertex 3.806360 -4.638063 0.300000
vertex 4.313351 -4.313351 1.200000
vertex 3.869799 -4.715364 1.200000
endloop
endfacet
facet normal 0.73643 -0.667462 -0.1103
outer loop
vertex 4.242640 -4.242640 0.300000
vertex 4.638063 -3.806360 0.300000
vertex 4.715364 -3.869799 1.200000
endloop
endfacet
facet normal 0.736429 -0.667462 -0.1103
outer loop
vertex 4.242640 -4.242640 0.300000
vertex 4.715364 -3.869799 1.200000
vertex 4.313351 -4.313351 1.200000
endloop
endfacet
facet normal 0.798307 -0.592064 -0.1103
outer loop
vertex 4.638063 -3.806360 0.300000
vertex 4.988818 -3.333421 0.300000
vertex 5.071965 -3.388978 1.200000
endloop
endfacet
facet normal 0.798307 -0.592064 -0.1103
outer loop
vertex 4.638063 -3.806360 0.300000
vertex 5.071965 -3.388978 1.200000
vertex 4.715364 -3.869799 1.200000
endloop
endfacet
facet normal 0.852495 -0.510966 -0.1103
outer loop
vertex 4.988818 -3.333421 0.300000
vertex 5.291528 -2.828380 0.300000
vertex 5.379720 -2.875520 1.200000
endloop
endfacet
facet normal 0.852495 -0.510966 -0.1103
outer loop
vertex 4.988818 -3.333421 0.300000
vertex 5.379720 -2.875520 1.200000
vertex 5.071965 -3.388978 1.200000
endloop
endfacet
facet normal 0.898474 -0.424946 -0.1103
outer loop
vertex 5.291528 -2.828380 0.300000
vertex 5.543277 -2.296101 0.300000
vertex 5.635665 -2.334369 1.200000
endloop
endfacet
facet normal 0.898474 -0.424946 -0.1103
outer loop
vertex 5.291528 -2.828380 0.300000
vertex 5.635665 -2.334369 1.200000
vertex 5.379720 -2.875520 1.200000
endloop
endfacet
facet normal 0.935799 -0.334834 -0.1103
outer loop
vertex 5.543277 -2.296101 0.300000
vertex 5.741642 -1.741708 0.300000
vertex 5.837336 -1.770737 1.200000
endloop
endfacet
facet normal 0.935799 -0.334835 -0.1103
outer loop
vertex 5.543277 -2.296101 0.300000
vertex 5.837336 -1.770737 1.200000
vertex 5.635665 -2.334369 1.200000
endloop
endfacet
facet normal 0.964112 -0.241498 -0.1103
outer loop
vertex 5.741642 -1.741708 0.300000
vertex 5.884712 -1.170542 0.300000
vertex 5.982790 -1.190051 1.200000
endloop
endfacet
facet normal 0.964113 -0.241497 -0.1103
outer loop
vertex 5.741642 -1.741708 0.300000
vertex 5.982790 -1.190051 1.200000
vertex 5.837336 -1.770737 1.200000
endloop
endfacet
facet normal 0.983141 -0.145835 -0.1103
outer loop
vertex 5.884712 -1.170542 0.300000
vertex 5.971108 -0.588103 0.300000
vertex 6.070627 -0.597905 1.200000
endloop
endfacet
facet normal 0.983141 -0.145835 -0.1103
outer loop
vertex 5.884712 -1.170542 0.300000
vertex 6.070627 -0.597905 1.200000
vertex 5.982790 -1.190051 1.200000
endloop
endfacet
facet normal 0.992701 -0.0487681 -0.1103
outer loop
vertex 5.971108 -0.588103 0.300000
vertex 6.000000 0.000000 0.300000
vertex 6.100000 0.000000 1.200000
endloop
endfacet
facet normal 0.992701 -0.0487683 -0.1103
outer loop
vertex 5.971108 -0.588103 0.300000
vertex 6.100000 0.000000 1.200000
vertex 6.070627 -0.597905 1.200000
endloop
endfacet
facet normal 0.947655 0.0465553 0.315885
outer loop
vertex 6.100000 0.000000 1.200000
vertex 6.070627 0.597905 1.200000
vertex 5.921349 0.583202 1.650000
endloop
endfacet
facet normal 0.947655 0.0465551 0.315885
outer loop
vertex 6.100000 0.000000 1.200000
vertex 5.921349 0.583202 1.650000
vertex 5.950000 0.000000 1.650000
endloop
endfacet
facet normal 0.938528 0.139218 0.315885
outer loop
vertex 6.070627 0.597905 1.200000
vertex 5.982790 1.190051 1.200000
vertex 5.835672 1.160787 1.650000
endloop
endfacet
facet normal 0.938528 0.139217 0.315885
outer loop
vertex 6.070627 0.597905 1.200000
vertex 5.835672 1.160787 1.650000
vertex 5.921349 0.583202 1.650000
endloop
endfacet
facet normal 0.920363 0.230539 0.315885
outer loop
vertex 5.982790 1.190051 1.200000
vertex 5.837336 1.770737 1.200000
vertex 5.693795 1.727194 1.650000
endloop
endfacet
facet normal 0.920363 0.230539 0.315885
outer loop
vertex 5.982790 1.190051 1.200000
vertex 5.693795 1.727194 1.650000
vertex 5.835672 1.160787 1.650000
endloop
endfacet
facet normal 0.893335 0.319641 0.315885
outer loop
vertex 5.837336 1.770737 1.200000
vertex 5.635665 2.334369 1.200000
vertex 5.497083 2.276966 1.650000
endloop
endfacet
facet normal 0.893335 0.319641 0.315885
outer loop
vertex 5.837336 1.770737 1.200000
vertex 5.497083 2.276966 1.650000
vertex 5.693795 1.727194 1.650000
endloop
endfacet
facet normal 0.857703 0.405663 0.315885
outer loop
vertex 5.635665 2.334369 1.200000
vertex 5.379720 2.875520 1.200000
vertex 5.247432 2.804811 1.650000
endloop
endfacet
facet normal 0.857703 0.405663 0.315885
outer loop
vertex 5.635665 2.334369 1.200000
vertex 5.247432 2.804811 1.650000
vertex 5.497083 2.276966 1.650000
endloop
endfacet
facet normal 0.813811 0.487779 0.315885
outer loop
vertex 5.379720 2.875520 1.200000
vertex 5.071965 3.388978 1.200000
vertex 4.947244 3.305643 1.650000
endloop
endfacet
facet normal 0.813811 0.48778 0.315885
outer loop
vertex 5.379720 2.875520 1.200000
vertex 4.947244 3.305643 1.650000
vertex 5.247432 2.804811 1.650000
endloop
endfacet
facet normal 0.762081 0.565198 0.315886
outer loop
vertex 5.071965 3.388978 1.200000
vertex 4.715364 3.869799 1.200000
vertex 4.599412 3.774640 1.650000
endloop
endfacet
facet normal 0.762081 0.565198 0.315885
outer loop
vertex 5.071965 3.388978 1.200000
vertex 4.599412 3.774640 1.650000
vertex 4.947244 3.305643 1.650000
endloop
endfacet
facet normal 0.703012 0.637174 0.315884
outer loop
vertex 4.715364 3.869799 1.200000
vertex 4.313351 4.313351 1.200000
vertex 4.207285 4.207285 1.650000
endloop
endfacet
facet normal 0.703013 0.637173 0.315886
outer loop
vertex 4.715364 3.869799 1.200000
vertex 4.207285 4.207285 1.650000
vertex 4.599412 3.774640 1.650000
endloop
endfacet
facet normal 0.637174 0.703012 0.315886
outer loop
vertex 4.313351 4.313351 1.200000
vertex 3.869799 4.715364 1.200000
vertex 3.774640 4.599412 1.650000
endloop
endfacet
facet normal 0.637173 0.703013 0.315884
outer loop
vertex 4.313351 4.313351 1.200000
vertex 3.774640 4.599412 1.650000
vertex 4.207285 4.207285 1.650000
endloop
endfacet
facet normal 0.565198 0.762081 0.315885
outer loop
vertex 3.869799 4.715364 1.200000
vertex 3.388978 5.071965 1.200000
vertex 3.305643 4.947244 1.650000
endloop
endfacet
facet normal 0.565198 0.762081 0.315886
outer loop
vertex 3.869799 4.715364 1.200000
vertex 3.305643 4.947244 1.650000
vertex 3.774640 4.599412 1.650000
endloop
endfacet
facet normal 0.487779 0.813811 0.315885
outer loop
vertex 3.388978 5.071965 1.200000
vertex 2.875520 5.379720 1.200000
vertex 2.804811 5.247432 1.650000
endloop
endfacet
facet normal 0.48778 0.813811 0.315885
outer loop
vertex 3.388978 5.071965 1.200000
vertex 2.804811 5.247432 1.650000
vertex 3.305643 4.947244 1.650000
endloop
endfacet
facet normal 0.405663 0.857703 0.315885
outer loop
vertex 2.875520 5.379720 1.200000
vertex 2.334369 5.635665 1.200000
vertex 2.276966 5.497083 1.650000
endloop
endfacet
facet normal 0.405663 0.857703 0.315885
outer loop
vertex 2.875520 5.379720 1.200000
vertex 2.276966 5.497083 1.650000
vertex 2.804811 5.247432 1.650000
endloop
endfacet
facet normal 0.319641 0.893335 0.315885
outer loop
vertex 2.334369 5.635665 1.200000
vertex 1.770737 5.837336 1.200000
vertex 1.727194 5.693795 1.650000
endloop
endfacet
facet normal 0.319641 0.893335 0.315885
outer loop
vertex 2.334369 5.635665 1.200000
vertex 1.727194 5.693795 1.650000
vertex 2.276966 5.497083 1.650000
endloop
endfacet
facet normal 0.230539 0.920363 0.315885
outer loop
vertex 1.770737 5.837336 1.200000
vertex 1.190051 5.982790 1.200000
vertex 1.160787 5.835672 1.650000
endloop
endfacet
facet normal 0.230539 0.920363 0.315885
outer loop
vertex 1.770737 5.837336 1.200000
vertex 1.160787 5.835672 1.650000
vertex 1.727194 5.693795 1.650000
endloop
endfacet
facet normal 0.139218 0.938528 0.315885
outer loop
vertex 1.190051 5.982790 1.200000
vertex 0.597905 6.070627 1.200000
vertex 0.583202 5.921349 1.650000
endloop
endfacet
facet normal 0.139217 0.938528 0.315885
outer loop
vertex 1.190051 5.982790 1.200000
vertex 0.583202 5.921349 1.650000
vertex 1.160787 5.835672 1.650000
endloop
endfacet
facet normal 0.0465553 0.947655 0.315885
outer loop
vertex 0.597905 6.070627 1.200000
vertex 0.000000 6.100000 1.200000
vertex 0.000000 5.950000 1.650000
endloop
endfacet
facet normal 0.0465551 0.947655 0.315885
outer loop
vertex 0.597905 6.070627 1.200000
vertex 0.000000 5.950000 1.650000
vertex 0.583202 5.921349 1.650000
endloop
endfacet
facet normal -0.0465553 0.947655 0.315885
outer loop
vertex 0.000000 6.100000 1.200000
vertex -0.597905 6.070627 1.200000
vertex -0.583202 5.921349 1.650000
endloop
endfacet
facet normal -0.0465551 0.947655 0.315885
outer loop
vertex 0.000000 6.100000 1.200000
vertex -0.583202 5.921349 1.650000
vertex 0.000000 5.950000 1.650000
endloop
endfacet
facet normal -0.139218 0.938528 0.315885
outer loop
vertex -0.597905 6.070627 1.200000
vertex -1.190051 5.982790 1.200000
vertex -1.160787 5.835672 1.650000
endloop
endfacet
facet normal -0.139217 0.938528 0.315885
outer loop
vertex -0.597905 6.070627 1.200000
vertex -1.160787 5.835672 1.650000
vertex -0.583202 5.921349 1.650000
endloop
endfacet
facet normal -0.230539 0.920363 0.315885
outer loop
vertex -1.190051 5.982790 1.200000
vertex -1.770737 5.837336 1.200000
vertex -1.727194 5.693795 1.650000
endloop
endfacet
facet normal -0.230539 0.920363 0.315885
outer loop
vertex -1.190051 5.982790 1.200000
vertex -1.727194 5.693795 1.650000
vertex -1.160787 5.835672 1.650000
endloop
endfacet
facet normal -0.319641 0.893335 0.315885
outer loop
vertex -1.770737 5.837336 1.200000
vertex -2.334369 5.635665 1.200000
vertex -2.276966 5.497083 1.650000
endloop
endfacet
facet normal -0.319641 0.893335 0.315885
outer loop
vertex -1.770737 5.837336 1.200000
vertex -2.276966 5.497083 1.650000
vertex -1.727194 5.693795 1.650000
endloop
endfacet
facet normal -0.405663 0.857703 0.315885
outer loop
vertex -2.334369 5.635665 1.200000
vertex -2.875520 5.379720 1.200000
vertex -2.804811 5.247432 1.650000
endloop
endfacet
facet normal -0.405663 0.857703 0.315885
outer loop
vertex -2.334369 5.635665 1.200000
vertex -2.804811 5.247432 1.650000
vertex -2.276966 5.497083 1.650000
endloop
endfacet
facet normal -0.487779 0.813811 0.315885
outer loop
vertex -2.875520 5.379720 1.200000
vertex -3.388978 5.071965 1.200000
vertex -3.305643 4.947244 1.650000
endloop
endfacet
facet normal -0.48778 0.813811 0.315885
outer loop
vertex -2.875520 5.379720 1.200000
vertex -3.305643 4.947244 1.650000
vertex -2.804811 5.247432 1.650000
endloop
endfacet
facet normal -0.565198 0.762081 0.315886
outer loop
vertex -3.388978 5.071965 1.200000
vertex -3.869799 4.715364 1.200000
vertex -3.774640 4.599412 1.650000
endloop
endfacet
facet normal -0.565198 0.762081 0.315885
outer loop
vertex -3.388978 5.071965 1.200000
vertex -3.774640 4.599412 1.650000
vertex -3.305643 4.947244 1.650000
endloop
endfacet
facet normal -0.637174 0.703012 0.315884
outer loop
vertex -3.869799 4.715364 1.200000
vertex -4.313351 4.313351 1.200000
vertex -4.207285 4.207285 1.650000
endloop
endfacet
facet normal -0.637173 0.703013 0.315886
outer loop
vertex -3.869799 4.715364 1.200000
vertex -4.207285 4.207285 1.650000
vertex -3.774640 4.599412 1.650000
endloop
endfacet
facet normal -0.703012 0.637174 0.315886
outer loop
vertex -4.313351 4.313351 1.200000
vertex -4.715364 3.869799 1.200000
vertex -4.599412 3.774640 1.650000
endloop
endfacet
facet normal -0.703013 0.637173 0.315884
outer loop
vertex -4.313351 4.313351 1.200000
vertex -4.599412 3.774640 1.650000
vertex -4.207285 4.207285 1.650000
endloop
endfacet
facet normal -0.762081 0.565198 0.315885
outer loop
vertex -4.715364 3.869799 1.200000
vertex -5.071965 3.388978 1.200000
vertex -4.947244 3.305643 1.650000
endloop
endfacet
facet normal -0.762081 0.565198 0.315886
outer loop
vertex -4.715364 3.869799 1.200000
vertex -4.947244 3.305643 1.650000
vertex -4.599412 3.774640 1.650000
endloop
endfacet
facet normal -0.813811 0.487779 0.315885
outer loop
vertex -5.071965 3.388978 1.200000
vertex -5.379720 2.875520 1.200000
vertex -5.247432 2.804811 1.650000
endloop
endfacet
facet normal -0.813811 0.48778 0.315885
outer loop
vertex -5.071965 3.388978 1.200000
vertex -5.247432 2.804811 1.650000
vertex -4.947244 3.305643 1.650000
endloop
endfacet
facet normal -0.857703 0.405663 0.315885
outer loop
vertex -5.379720 2.875520 1.200000
vertex -5.635665 2.334369 1.200000
vertex -5.497083 2.276966 1.650000
endloop
endfacet
facet normal -0.857703 0.405663 0.315885
outer loop
vertex -5.379720 2.875520 1.200000
vertex -5.497083 2.276966 1.650000
vertex -5.247432 2.804811 1.650000
endloop
endfacet
facet normal -0.893335 0.319641 0.315885
outer loop
vertex -5.635665 2.334369 1.200000
vertex -5.837336 1.770737 1.200000
vertex -5.693795 1.727194 1.650000
endloop
endfacet
facet normal -0.893335 0.319641 0.315885
outer loop
vertex -5.635665 2.334369 1.200000
vertex -5.693795 1.727194 1.650000
vertex -5.497083 2.276966 1.650000
endloop
endfacet
facet normal -0.920363 0.230539 0.315885
outer loop
vertex -5.837336 1.770737 1.200000
vertex -5.982790 1.190051 1.200000
vertex -5.835672 1.160787 1.650000
endloop
endfacet
facet normal -0.920363 0.230539 0.315885
outer loop
vertex -5.837336 1.770737 1.200000
vertex -5.835672 1.160787 1.650000
vertex -5.693795 1.727194 1.650000
endloop
endfacet
facet normal -0.938528 0.139218 0.315885
outer loop
vertex -5.982790 1.190051 1.200000
vertex -6.070627 0.597905 1.200000
vertex -5.921349 0.583202 1.650000
endloop
endfacet
facet normal -0.938528 0.139217 0.315885
outer loop
vertex -5.982790 1.190051 1.200000
vertex -5.921349 0.583202 1.650000
vertex -5.835672 1.160787 1.650000
endloop
endfacet
facet normal -0.947655 0.0465553 0.315885
outer loop
vertex -6.070627 0.597905 1.200000
vertex -6.100000 0.000000 1.200000
vertex -5.950000 0.000000 1.650000
endloop
endfacet
facet normal -0.947655 0.0465551 0.315885
outer loop
vertex -6.070627 0.597905 1.200000
vertex -5.950000 0.000000 1.650000
vertex -5.921349 0.583202 1.650000
endloop
endfacet
facet normal -0.947655 -0.0465553 0.315885
outer loop
vertex -6.100000 0.000000 1.200000
vertex -6.070627 -0.597905 1.200000
vertex -5.921349 -0.583202 1.650000
endloop
endfacet
facet normal -0.947655 -0.0465551 0.315885
outer loop
vertex -6.100000 0.000000 1.200000
vertex -5.921349 -0.583202 1.650000
vertex -5.950000 0.000000 1.650000
endloop
endfacet
facet normal -0.938528 -0.139218 0.315885
outer loop
vertex -6.070627 -0.597905 1.200000
vertex -5.982790 -1.190051 1.200000
vertex -5.835672 -1.160787 1.650000
endloop
endfacet
facet normal -0.938528 -0.139217 0.315885
outer loop
vertex -6.070627 -0.597905 1.200000
vertex -5.835672 -1.160787 1.650000
vertex -5.921349 -0.583202 1.650000
endloop
endfacet
facet normal -0.920363 -0.230539 0.315885
outer loop
vertex -5.982790 -1.190051 1.200000
vertex -5.837336 -1.770737 1.200000
vertex -5.693795 -1.727194 1.650000
endloop
endfacet
facet normal -0.920363 -0.230539 0.315885
outer loop
vertex -5.982790 -1.190051 1.200000
vertex -5.693795 -1.727194 1.650000
vertex -5.835672 -1.160787 1.650000
endloop
endfacet
facet normal -0.893335 -0.319641 0.315885
outer loop
vertex -5.837336 -1.770737 1.200000
vertex -5.635665 -2.334369 1.200000
vertex -5.497083 -2.276966 1.650000
endloop
endfacet
facet normal -0.893335 -0.319641 0.315885
outer loop
vertex -5.837336 -1.770737 1.200000
vertex -5.497083 -2.276966 1.650000
vertex -5.693795 -1.727194 1.650000
endloop
endfacet
facet normal -0.857703 -0.405663 0.315885
outer loop
vertex -5.635665 -2.334369 1.200000
vertex -5.379720 -2.875520 1.200000
vertex -5.247432 -2.804811 1.650000
endloop
endfacet
facet normal -0.857703 -0.405663 0.315885
outer loop
vertex -5.635665 -2.334369 1.200000
vertex -5.247432 -2.804811 1.650000
vertex -5.497083 -2.276966 1.650000
endloop
endfacet
facet normal -0.813811 -0.487779 0.315885
outer loop
vertex -5.379720 -2.875520 1.200000
vertex -5.071965 -3.388978 1.200000
vertex -4.947244 -3.305643 1.650000
endloop
endfacet
facet normal -0.813811 -0.48778 0.315885
outer loop
vertex -5.379720 -2.875520 1.200000
vertex -4.947244 -3.305643 1.650000
vertex -5.247432 -2.804811 1.650000
endloop
endfacet
facet normal -0.762081 -0.565198 0.315886
outer loop
vertex -5.071965 -3.388978 1.200000
vertex -4.715364 -3.869799 1.200000
vertex -4.599412 -3.774640 1.650000
endloop
endfacet
facet normal -0.762081 -0.565198 0.315885
outer loop
vertex -5.071965 -3.388978 1.200000
vertex -4.599412 -3.774640 1.650000
vertex -4.947244 -3.305643 1.650000
endloop
endfacet
facet normal -0.703012 -0.637174 0.315884
outer loop
vertex -4.715364 -3.869799 1.200000
vertex -4.313351 -4.313351 1.200000
vertex -4.207285 -4.207285 1.650000
endloop
endfacet
facet normal -0.703013 -0.637173 0.315886
outer loop
vertex -4.715364 -3.869799 1.200000
vertex -4.207285 -4.207285 1.650000
vertex -4.599412 -3.774640 1.650000
endloop
endfacet
facet normal -0.637174 -0.703012 0.315886
outer loop
vertex -4.313351 -4.313351 1.200000
vertex -3.869799 -4.715364 1.200000
vertex -3.774640 -4.599412 1.650000
endloop
endfacet
facet normal -0.637173 -0.703013 0.315884
outer loop
vertex -4.313351 -4.313351 1.200000
vertex -3.774640 -4.599412 1.650000
vertex -4.207285 -4.207285 1.650000
endloop
endfacet
facet normal -0.565198 -0.762081 0.315885
outer loop
vertex -3.869799 -4.715364 1.200000
vertex -3.388978 -5.071965 1.200000
vertex -3.305643 -4.947244 1.650000
endloop
endfacet
facet normal -0.565198 -0.762081 0.315886
outer loop
vertex -3.869799 -4.715364 1.200000
vertex -3.305643 -4.947244 1.650000
vertex -3.774640 -4.599412 1.650000
endloop
endfacet
facet normal -0.487779 -0.813811 0.315885
outer loop
vertex -3.388978 -5.071965 1.200000
vertex -2.875520 -5.379720 1.200000
vertex -2.804811 -5.247432 1.650000
endloop
endfacet
facet normal -0.48778 -0.813811 0.315885
outer loop
vertex -3.388978 -5.071965 1.200000
vertex -2.804811 -5.247432 1.650000
vertex -3.305643 -4.947244 1.650000
endloop
endfacet
facet normal -0.405663 -0.857703 0.315885
outer loop
vertex -2.875520 -5.379720 1.200000
vertex -2.334369 -5.635665 1.200000
vertex -2.276966 -5.497083 1.650000
endloop
endfacet
facet normal -0.405663 -0.857703 0.315885
outer loop
vertex -2.875520 -5.379720 1.200000
vertex -2.276966 -5.497083 1.650000
vertex -2.804811 -5.247432 1.650000
endloop
endfacet
facet normal -0.319641 -0.893335 0.315885
outer loop
vertex -2.334369 -5.635665 1.200000
vertex -1.770737 -5.837336 1.200000
vertex -1.727194 -5.693795 1.650000
endloop
endfacet
facet normal -0.319641 -0.893335 0.315885
outer loop
vertex -2.334369 -5.635665 1.200000
vertex -1.727194 -5.693795 1.650000
vertex -2.276966 -5.497083 1.650000
endloop
endfacet
facet normal -0.230539 -0.920363 0.315885
outer loop
vertex -1.770737 -5.837336 1.200000
vertex -1.190051 -5.982790 1.200000
vertex -1.160787 -5.835672 1.650000
endloop
endfacet
facet normal -0.230539 -0.920363 0.315885
outer loop
vertex -1.770737 -5.837336 1.200000
vertex -1.160787 -5.835672 1.650000
vertex -1.727194 -5.693795 1.650000
endloop
endfacet
facet normal -0.139218 -0.938528 0.315885
outer loop
vertex -1.190051 -5.982790 1.200000
vertex -0.597905 -6.070627 1.200000
vertex -0.583202 -5.921349 1.650000
endloop
endfacet
facet normal -0.139217 -0.938528 0.315885
outer loop
vertex -1.190051 -5.982790 1.200000
vertex -0.583202 -5.921349 1.650000
vertex -1.160787 -5.835672 1.650000
endloop
endfacet
facet normal -0.0465553 -0.947655 0.315885
outer loop
vertex -0.597905 -6.070627 1.200000
vertex -0.000000 -6.100000 1.200000
vertex -0.000000 -5.950000 1.650000
endloop
endfacet
facet normal -0.0465551 -0.947655 0.315885
outer loop
vertex -0.597905 -6.070627 1.200000
vertex -0.000000 -5.950000 1.650000
vertex -0.583202 -5.921349 1.650000
endloop
endfacet
facet normal 0.0465553 -0.947655 0.315885
outer loop
vertex -0.000000 -6.100000 1.200000
vertex 0.597905 -6.070627 1.200000
vertex 0.583202 -5.921349 1.650000
endloop
endfacet
facet normal 0.0465551 -0.947655 0.315885
outer loop
vertex -0.000000 -6.100000 1.200000
vertex 0.583202 -5.921349 1.650000
vertex -0.000000 -5.950000 1.650000
endloop
endfacet
facet normal 0.139218 -0.938528 0.315885
outer loop
vertex 0.597905 -6.070627 1.200000
vertex 1.190051 -5.982790 1.200000
vertex 1.160787 -5.835672 1.650000
endloop
endfacet
facet normal 0.139217 -0.938528 0.315885
outer loop
vertex 0.597905 -6.070627 1.200000
vertex 1.160787 -5.835672 1.650000
vertex 0.583202 -5.921349 1.650000
endloop
endfacet
facet normal 0.230539 -0.920363 0.315885
outer loop
vertex 1.190051 -5.982790 1.200000
vertex 1.770737 -5.837336 1.200000
vertex 1.727194 -5.693795 1.650000
endloop
endfacet
facet normal 0.230539 -0.920363 0.315885
outer loop
vertex 1.190051 -5.982790 1.200000
vertex 1.727194 -5.693795 1.650000
vertex 1.160787 -5.835672 1.650000
endloop
endfacet
facet normal 0.319641 -0.893335 0.315885
outer loop
vertex 1.770737 -5.837336 1.200000
vertex 2.334369 -5.635665 1.200000
vertex 2.276966 -5.497083 1.650000
endloop
endfacet
facet normal 0.319641 -0.893335 0.315885
outer loop
vertex 1.770737 -5.837336 1.200000
vertex 2.276966 -5.497083 1.650000
vertex 1.727194 -5.693795 1.650000
endloop
endfacet
facet normal 0.405663 -0.857703 0.315885
outer loop
vertex 2.334369 -5.635665 1.200000
vertex 2.875520 -5.379720 1.200000
vertex 2.804811 -5.247432 1.650000
endloop
endfacet
facet normal 0.405663 -0.857703 0.315885
outer loop
vertex 2.334369 -5.635665 1.200000
vertex 2.804811 -5.247432 1.650000
vertex 2.276966 -5.497083 1.650000
endloop
endfacet
facet normal 0.487779 -0.813811 0.315885
outer loop
vertex 2.875520 -5.379720 1.200000
vertex 3.388978 -5.071965 1.200000
vertex 3.305643 -4.947244 1.650000
endloop
endfacet
facet normal 0.48778 -0.813811 0.315885
outer loop
vertex 2.875520 -5.379720 1.200000
vertex 3.305643 -4.947244 1.650000
vertex 2.804811 -5.247432 1.650000
endloop
endfacet
facet normal 0.565198 -0.762081 0.315886
outer loop
vertex 3.388978 -5.071965 1.200000
vertex 3.869799 -4.715364 1.200000
vertex 3.774640 -4.599412 1.650000
endloop
endfacet
facet normal 0.565198 -0.762081 0.315885
outer loop
vertex 3.388978 -5.071965 1.200000
vertex 3.774640 -4.599412 1.650000
vertex 3.305643 -4.947244 1.650000
endloop
endfacet
facet normal 0.637174 -0.703012 0.315884
outer loop
vertex 3.869799 -4.715364 1.200000
vertex 4.313351 -4.313351 1.200000
vertex 4.207285 -4.207285 1.650000
endloop
endfacet
facet normal 0.637173 -0.703013 0.315886
outer loop
vertex 3.869799 -4.715364 1.200000
vertex 4.207285 -4.207285 1.650000
vertex 3.774640 -4.599412 1.650000
endloop
endfacet
facet normal 0.703012 -0.637174 0.315886
outer loop
vertex 4.313351 -4.313351 1.200000
vertex 4.715364 -3.869799 1.200000
vertex 4.599412 -3.774640 1.650000
endloop
endfacet
facet normal 0.703013 -0.637173 0.315884
outer loop
vertex 4.313351 -4.313351 1.200000
vertex 4.599412 -3.774640 1.650000
vertex 4.207285 -4.207285 1.650000
endloop
endfacet
facet normal 0.762081 -0.565198 0.315885
outer loop
vertex 4.715364 -3.869799 1.200000
vertex 5.071965 -3.388978 1.200000
vertex 4.947244 -3.305643 1.650000
endloop
endfacet
facet normal 0.762081 -0.565198 0.315886
outer loop
vertex 4.715364 -3.869799 1.200000
vertex 4.947244 -3.305643 1.650000
vertex 4.599412 -3.774640 1.650000
endloop
endfacet
facet normal 0.813811 -0.487779 0.315885
outer loop
vertex 5.071965 -3.388978 1.200000
vertex 5.379720 -2.875520 1.200000
vertex 5.247432 -2.804811 1.650000
endloop
endfacet
facet normal 0.813811 -0.48778 0.315885
outer loop
vertex 5.071965 -3.388978 1.200000
vertex 5.247432 -2.804811 1.650000
vertex 4.947244 -3.305643 1.650000
endloop
endfacet
facet normal 0.857703 -0.405663 0.315885
outer loop
vertex 5.379720 -2.875520 1.200000
vertex 5.635665 -2.334369 1.200000
vertex 5.497083 -2.276966 1.650000
endloop
endfacet
facet normal 0.857703 -0.405663 0.315885
outer loop
vertex 5.379720 -2.875520 1.200000
vertex 5.497083 -2.276966 1.650000
vertex 5.247432 -2.804811 1.650000
endloop
endfacet
facet normal 0.893335 -0.319641 0.315885
outer loop
vertex 5.635665 -2.334369 1.200000
vertex 5.837336 -1.770737 1.200000
vertex 5.693795 -1.727194 1.650000
endloop
endfacet
facet normal 0.893335 -0.319641 0.315885
outer loop
vertex 5.635665 -2.334369 1.200000
vertex 5.693795 -1.727194 1.650000
vertex 5.497083 -2.276966 1.650000
endloop
endfacet
facet normal 0.920363 -0.230539 0.315885
outer loop
vertex 5.837336 -1.770737 1.200000
vertex 5.982790 -1.190051 1.200000
vertex 5.835672 -1.160787 1.650000
endloop
endfacet
facet normal 0.920363 -0.230539 0.315885
outer loop
vertex 5.837336 -1.770737 1.200000
vertex 5.835672 -1.160787 1.650000
vertex 5.693795 -1.727194 1.650000
endloop
endfacet
facet normal 0.938528 -0.139218 0.315885
outer loop
vertex 5.982790 -1.190051 1.200000
vertex 6.070627 -0.597905 1.200000
vertex 5.921349 -0.583202 1.650000
endloop
endfacet
facet normal 0.938528 -0.139217 0.315885
outer loop
vertex 5.982790 -1.190051 1.200000
vertex 5.921349 -0.583202 1.650000
vertex 5.835672 -1.160787 1.650000
endloop
endfacet
facet normal 0.947655 -0.0465553 0.315885
outer loop
vertex 6.070627 -0.597905 1.200000
vertex 6.100000 0.000000 1.200000
vertex 5.950000 0.000000 1.650000
endloop
endfacet
facet normal 0.947655 -0.0465551 0.315885
outer loop
vertex 6.070627 -0.597905 1.200000
vertex 5.950000 0.000000 1.650000
vertex 5.921349 -0.583202 1.650000
endloop
endfacet
facet normal 0.358923 0.0176327 0.933201
outer loop
vertex 5.950000 0.000000 1.650000
vertex 5.921349 0.583202 1.650000
vertex 5.274479 0.519491 1.900000
endloop
endfacet
facet normal 0.358923 0.017633 0.9332
outer loop
vertex 5.950000 0.000000 1.650000
vertex 5.274479 0.519491 1.900000
vertex 5.300000 0.000000 1.900000
endloop
endfacet
facet normal 0.355467 0.0527285 0.9332
outer loop
vertex 5.921349 0.583202 1.650000
vertex 5.835672 1.160787 1.650000
vertex 5.198162 1.033979 1.900000
endloop
endfacet
facet normal 0.355467 0.0527283 0.9332
outer loop
vertex 5.921349 0.583202 1.650000
vertex 5.198162 1.033979 1.900000
vertex 5.274479 0.519491 1.900000
endloop
endfacet
facet normal 0.348587 0.0873162 0.933201
outer loop
vertex 5.835672 1.160787 1.650000
vertex 5.693795 1.727194 1.650000
vertex 5.071784 1.538509 1.900000
endloop
endfacet
facet normal 0.348587 0.0873167 0.9332
outer loop
vertex 5.835672 1.160787 1.650000
vertex 5.071784 1.538509 1.900000
vertex 5.198162 1.033979 1.900000
endloop
endfacet
facet normal 0.33835 0.121064 0.9332
outer loop
vertex 5.693795 1.727194 1.650000
vertex 5.497083 2.276966 1.650000
vertex 4.896562 2.028222 1.900000
endloop
endfacet
facet normal 0.33835 0.121063 0.933201
outer loop
vertex 5.693795 1.727194 1.650000
vertex 4.896562 2.028222 1.900000
vertex 5.071784 1.538509 1.900000
endloop
endfacet
facet normal 0.324854 0.153644 0.9332
outer loop
vertex 5.497083 2.276966 1.650000
vertex 5.247432 2.804811 1.650000
vertex 4.674183 2.498403 1.900000
endloop
endfacet
facet normal 0.324854 0.153645 0.9332
outer loop
vertex 5.497083 2.276966 1.650000
vertex 4.674183 2.498403 1.900000
vertex 4.896562 2.028222 1.900000
endloop
endfacet
facet normal 0.30823 0.184746 0.933201
outer loop
vertex 5.247432 2.804811 1.650000
vertex 4.947244 3.305643 1.650000
vertex 4.406789 2.944522 1.900000
endloop
endfacet
facet normal 0.30823 0.184746 0.9332
outer loop
vertex 5.247432 2.804811 1.650000
vertex 4.406789 2.944522 1.900000
vertex 4.674183 2.498403 1.900000
endloop
endfacet
facet normal 0.288638 0.214068 0.9332
outer loop
vertex 4.947244 3.305643 1.650000
vertex 4.599412 3.774640 1.650000
vertex 4.096955 3.362284 1.900000
endloop
endfacet
facet normal 0.288638 0.214068 0.9332
outer loop
vertex 4.947244 3.305643 1.650000
vertex 4.096955 3.362284 1.900000
vertex 4.406789 2.944522 1.900000
endloop
endfacet
facet normal 0.266265 0.241329 0.9332
outer loop
vertex 4.599412 3.774640 1.650000
vertex 4.207285 4.207285 1.650000
vertex 3.747666 3.747666 1.900000
endloop
endfacet
facet normal 0.266265 0.241329 0.9332
outer loop
vertex 4.599412 3.774640 1.650000
vertex 3.747666 3.747666 1.900000
vertex 4.096955 3.362284 1.900000
endloop
endfacet
facet normal 0.241329 0.266265 0.9332
outer loop
vertex 4.207285 4.207285 1.650000
vertex 3.774640 4.599412 1.650000
vertex 3.362284 4.096955 1.900000
endloop
endfacet
facet normal 0.241329 0.266265 0.933201
outer loop
vertex 4.207285 4.207285 1.650000
vertex 3.362284 4.096955 1.900000
vertex 3.747666 3.747666 1.900000
endloop
endfacet
facet normal 0.214068 0.288637 0.933201
outer loop
vertex 3.774640 4.599412 1.650000
vertex 3.305643 4.947244 1.650000
vertex 2.944522 4.406789 1.900000
endloop
endfacet
facet normal 0.214068 0.288638 0.9332
outer loop
vertex 3.774640 4.599412 1.650000
vertex 2.944522 4.406789 1.900000
vertex 3.362284 4.096955 1.900000
endloop
endfacet
facet normal 0.184746 0.30823 0.933201
outer loop
vertex 3.305643 4.947244 1.650000
vertex 2.804811 5.247432 1.650000
vertex 2.498403 4.674183 1.900000
endloop
endfacet
facet normal 0.184746 0.30823 0.9332
outer loop
vertex 3.305643 4.947244 1.650000
vertex 2.498403 4.674183 1.900000
vertex 2.944522 4.406789 1.900000
endloop
endfacet
facet normal 0.153644 0.324854 0.933201
outer loop
vertex 2.804811 5.247432 1.650000
vertex 2.276966 5.497083 1.650000
vertex 2.028222 4.896562 1.900000
endloop
endfacet
facet normal 0.153644 0.324854 0.933201
outer loop
vertex 2.804811 5.247432 1.650000
vertex 2.028222 4.896562 1.900000
vertex 2.498403 4.674183 1.900000
endloop
endfacet
facet normal 0.121064 0.338349 0.933201
outer loop
vertex 2.276966 5.497083 1.650000
vertex 1.727194 5.693795 1.650000
vertex 1.538509 5.071784 1.900000
endloop
endfacet
facet normal 0.121063 0.33835 0.9332
outer loop
vertex 2.276966 5.497083 1.650000
vertex 1.538509 5.071784 1.900000
vertex 2.028222 4.896562 1.900000
endloop
endfacet
facet normal 0.0873163 0.348587 0.933201
outer loop
vertex 1.727194 5.693795 1.650000
vertex 1.160787 5.835672 1.650000
vertex 1.033979 5.198162 1.900000
endloop
endfacet
facet normal 0.0873166 0.348586 0.933201
outer loop
vertex 1.727194 5.693795 1.650000
vertex 1.033979 5.198162 1.900000
vertex 1.538509 5.071784 1.900000
endloop
endfacet
facet normal 0.0527285 0.355467 0.933201
outer loop
vertex 1.160787 5.835672 1.650000
vertex 0.583202 5.921349 1.650000
vertex 0.519491 5.274479 1.900000
endloop
endfacet
facet normal 0.0527283 0.355467 0.9332
outer loop
vertex 1.160787 5.835672 1.650000
vertex 0.519491 5.274479 1.900000
vertex 1.033979 5.198162 1.900000
endloop
endfacet
facet normal 0.0176327 0.358923 0.9332
outer loop
vertex 0.583202 5.921349 1.650000
vertex 0.000000 5.950000 1.650000
vertex 0.000000 5.300000 1.900000
endloop
endfacet
facet normal 0.017633 0.358923 0.9332
outer loop
vertex 0.583202 5.921349 1.650000
vertex 0.000000 5.300000 1.900000
vertex 0.519491 5.274479 1.900000
endloop
endfacet
facet normal -0.0176327 0.358923 0.933201
outer loop
vertex 0.000000 5.950000 1.650000
vertex -0.583202 5.921349 1.650000
vertex -0.519491 5.274479 1.900000
endloop
endfacet
facet normal -0.017633 0.358923 0.9332
outer loop
vertex 0.000000 5.950000 1.650000
vertex -0.519491 5.274479 1.900000
vertex 0.000000 5.300000 1.900000
endloop
endfacet
facet normal -0.0527285 0.355467 0.9332
outer loop
vertex -0.583202 5.921349 1.650000
vertex -1.160787 5.835672 1.650000
vertex -1.033979 5.198162 1.900000
endloop
endfacet
facet normal -0.0527283 0.355467 0.9332
outer loop
vertex -0.583202 5.921349 1.650000
vertex -1.033979 5.198162 1.900000
vertex -0.519491 5.274479 1.900000
endloop
endfacet
facet normal -0.0873162 0.348587 0.933201
outer loop
vertex -1.160787 5.835672 1.650000
vertex -1.727194 5.693795 1.650000
vertex -1.538509 5.071784 1.900000
endloop
endfacet
facet normal -0.0873167 0.348587 0.9332
outer loop
vertex -1.160787 5.835672 1.650000
vertex -1.538509 5.071784 1.900000
vertex -1.033979 5.198162 1.900000
endloop
endfacet
facet normal -0.121064 0.33835 0.9332
outer loop
vertex -1.727194 5.693795 1.650000
vertex -2.276966 5.497083 1.650000
vertex -2.028222 4.896562 1.900000
endloop
endfacet
facet normal -0.121063 0.33835 0.933201
outer loop
vertex -1.727194 5.693795 1.650000
vertex -2.028222 4.896562 1.900000
vertex -1.538509 5.071784 1.900000
endloop
endfacet
facet normal -0.153644 0.324854 0.9332
outer loop
vertex -2.276966 5.497083 1.650000
vertex -2.804811 5.247432 1.650000
vertex -2.498403 4.674183 1.900000
endloop
endfacet
facet normal -0.153645 0.324854 0.9332
outer loop
vertex -2.276966 5.497083 1.650000
vertex -2.498403 4.674183 1.900000
vertex -2.028222 4.896562 1.900000
endloop
endfacet
facet normal -0.184746 0.30823 0.933201
outer loop
vertex -2.804811 5.247432 1.650000
vertex -3.305643 4.947244 1.650000
vertex -2.944522 4.406789 1.900000
endloop
endfacet
facet normal -0.184746 0.30823 0.9332
outer loop
vertex -2.804811 5.247432 1.650000
vertex -2.944522 4.406789 1.900000
vertex -2.498403 4.674183 1.900000
endloop
endfacet
facet normal -0.214068 0.288638 0.9332
outer loop
vertex -3.305643 4.947244 1.650000
vertex -3.774640 4.599412 1.650000
vertex -3.362284 4.096955 1.900000
endloop
endfacet
facet normal -0.214068 0.288638 0.9332
outer loop
vertex -3.305643 4.947244 1.650000
vertex -3.362284 4.096955 1.900000
vertex -2.944522 4.406789 1.900000
endloop
endfacet
facet normal -0.241329 0.266265 0.9332
outer loop
vertex -3.774640 4.599412 1.650000
vertex -4.207285 4.207285 1.650000
vertex -3.747666 3.747666 1.900000
endloop
endfacet
facet normal -0.241329 0.266265 0.9332
outer loop
vertex -3.774640 4.599412 1.650000
vertex -3.747666 3.747666 1.900000
vertex -3.362284 4.096955 1.900000
endloop
endfacet
facet normal -0.266265 0.241329 0.9332
outer loop
vertex -4.207285 4.207285 1.650000
vertex -4.599412 3.774640 1.650000
vertex -4.096955 3.362284 1.900000
endloop
endfacet
facet normal -0.266265 0.241329 0.933201
outer loop
vertex -4.207285 4.207285 1.650000
vertex -4.096955 3.362284 1.900000
vertex -3.747666 3.747666 1.900000
endloop
endfacet
facet normal -0.288637 0.214068 0.933201
outer loop
vertex -4.599412 3.774640 1.650000
vertex -4.947244 3.305643 1.650000
vertex -4.406789 2.944522 1.900000
endloop
endfacet
facet normal -0.288638 0.214068 0.9332
outer loop
vertex -4.599412 3.774640 1.650000
vertex -4.406789 2.944522 1.900000
vertex -4.096955 3.362284 1.900000
endloop
endfacet
facet normal -0.30823 0.184746 0.933201
outer loop
vertex -4.947244 3.305643 1.650000
vertex -5.247432 2.804811 1.650000
vertex -4.674183 2.498403 1.900000
endloop
endfacet
facet normal -0.30823 0.184746 0.9332
outer loop
vertex -4.947244 3.305643 1.650000
vertex -4.674183 2.498403 1.900000
vertex -4.406789 2.944522 1.900000
endloop
endfacet
facet normal -0.324854 0.153644 0.933201
outer loop
vertex -5.247432 2.804811 1.650000
vertex -5.497083 2.276966 1.650000
vertex -4.896562 2.028222 1.900000
endloop
endfacet
facet normal -0.324854 0.153644 0.933201
outer loop
vertex -5.247432 2.804811 1.650000
vertex -4.896562 2.028222 1.900000
vertex -4.674183 2.498403 1.900000
endloop
endfacet
facet normal -0.338349 0.121064 0.933201
outer loop
vertex -5.497083 2.276966 1.650000
vertex -5.693795 1.727194 1.650000
vertex -5.071784 1.538509 1.900000
endloop
endfacet
facet normal -0.33835 0.121063 0.9332
outer loop
vertex -5.497083 2.276966 1.650000
vertex -5.071784 1.538509 1.900000
vertex -4.896562 2.028222 1.900000
endloop
endfacet
facet normal -0.348587 0.0873163 0.933201
outer loop
vertex -5.693795 1.727194 1.650000
vertex -5.835672 1.160787 1.650000
vertex -5.198162 1.033979 1.900000
endloop
endfacet
facet normal -0.348586 0.0873166 0.933201
outer loop
vertex -5.693795 1.727194 1.650000
vertex -5.198162 1.033979 1.900000
vertex -5.071784 1.538509 1.900000
endloop
endfacet
facet normal -0.355467 0.0527285 0.933201
outer loop
vertex -5.835672 1.160787 1.650000
vertex -5.921349 0.583202 1.650000
vertex -5.274479 0.519491 1.900000
endloop
endfacet
facet normal -0.355467 0.0527283 0.9332
outer loop
vertex -5.835672 1.160787 1.650000
vertex -5.274479 0.519491 1.900000
vertex -5.198162 1.033979 1.900000
endloop
endfacet
facet normal -0.358923 0.0176327 0.9332
outer loop
vertex -5.921349 0.583202 1.650000
vertex -5.950000 0.000000 1.650000
vertex -5.300000 0.000000 1.900000
endloop
endfacet
facet normal -0.358923 0.017633 0.9332
outer loop
vertex -5.921349 0.583202 1.650000
vertex -5.300000 0.000000 1.900000
vertex -5.274479 0.519491 1.900000
endloop
endfacet
facet normal -0.358923 -0.0176327 0.933201
outer loop
vertex -5.950000 0.000000 1.650000
vertex -5.921349 -0.583202 1.650000
vertex -5.274479 -0.519491 1.900000
endloop
endfacet
facet normal -0.358923 -0.017633 0.9332
outer loop
vertex -5.950000 0.000000 1.650000
vertex -5.274479 -0.519491 1.900000
vertex -5.300000 0.000000 1.900000
endloop
endfacet
facet normal -0.355467 -0.0527285 0.9332
outer loop
vertex -5.921349 -0.583202 1.650000
vertex -5.835672 -1.160787 1.650000
vertex -5.198162 -1.033979 1.900000
endloop
endfacet
facet normal -0.355467 -0.0527283 0.9332
outer loop
vertex -5.921349 -0.583202 1.650000
vertex -5.198162 -1.033979 1.900000
vertex -5.274479 -0.519491 1.900000
endloop
endfacet
facet normal -0.348587 -0.0873162 0.933201
outer loop
vertex -5.835672 -1.160787 1.650000
vertex -5.693795 -1.727194 1.650000
vertex -5.071784 -1.538509 1.900000
endloop
endfacet
facet normal -0.348587 -0.0873167 0.9332
outer loop
vertex -5.835672 -1.160787 1.650000
vertex -5.071784 -1.538509 1.900000
vertex -5.198162 -1.033979 1.900000
endloop
endfacet
facet normal -0.33835 -0.121064 0.9332
outer loop
vertex -5.693795 -1.727194 1.650000
vertex -5.497083 -2.276966 1.650000
vertex -4.896562 -2.028222 1.900000
endloop
endfacet
facet normal -0.33835 -0.121063 0.933201
outer loop
vertex -5.693795 -1.727194 1.650000
vertex -4.896562 -2.028222 1.900000
vertex -5.071784 -1.538509 1.900000
endloop
endfacet
facet normal -0.324854 -0.153644 0.9332
outer loop
vertex -5.497083 -2.276966 1.650000
vertex -5.247432 -2.804811 1.650000
vertex -4.674183 -2.498403 1.900000
endloop
endfacet
facet normal -0.324854 -0.153645 0.9332
outer loop
vertex -5.497083 -2.276966 1.650000
vertex -4.674183 -2.498403 1.900000
vertex -4.896562 -2.028222 1.900000
endloop
endfacet
facet normal -0.30823 -0.184746 0.933201
outer loop
vertex -5.247432 -2.804811 1.650000
vertex -4.947244 -3.305643 1.650000
vertex -4.406789 -2.944522 1.900000
endloop
endfacet
facet normal -0.30823 -0.184746 0.9332
outer loop
vertex -5.247432 -2.804811 1.650000
vertex -4.406789 -2.944522 1.900000
vertex -4.674183 -2.498403 1.900000
endloop
endfacet
facet normal -0.288638 -0.214068 0.9332
outer loop
vertex -4.947244 -3.305643 1.650000
vertex -4.599412 -3.774640 1.650000
vertex -4.096955 -3.362284 1.900000
endloop
endfacet
facet normal -0.288638 -0.214068 0.9332
outer loop
vertex -4.947244 -3.305643 1.650000
vertex -4.096955 -3.362284 1.900000
vertex -4.406789 -2.944522 1.900000
endloop
endfacet
facet normal -0.266265 -0.241329 0.9332
outer loop
vertex -4.599412 -3.774640 1.650000
vertex -4.207285 -4.207285 1.650000
vertex -3.747666 -3.747666 1.900000
endloop
endfacet
facet normal -0.266265 -0.241329 0.9332
outer loop
vertex -4.599412 -3.774640 1.650000
vertex -3.747666 -3.747666 1.900000
vertex -4.096955 -3.362284 1.900000
endloop
endfacet
facet normal -0.241329 -0.266265 0.9332
outer loop
vertex -4.207285 -4.207285 1.650000
vertex -3.774640 -4.599412 1.650000
vertex -3.362284 -4.096955 1.900000
endloop
endfacet
facet normal -0.241329 -0.266265 0.933201
outer loop
vertex -4.207285 -4.207285 1.650000
vertex -3.362284 -4.096955 1.900000
vertex -3.747666 -3.747666 1.900000
endloop
endfacet
facet normal -0.214068 -0.288637 0.933201
outer loop
vertex -3.774640 -4.599412 1.650000
vertex -3.305643 -4.947244 1.650000
vertex -2.944522 -4.406789 1.900000
endloop
endfacet
facet normal -0.214068 -0.288638 0.9332
outer loop
vertex -3.774640 -4.599412 1.650000
vertex -2.944522 -4.406789 1.900000
vertex -3.362284 -4.096955 1.900000
endloop
endfacet
facet normal -0.184746 -0.30823 0.933201
outer loop
vertex -3.305643 -4.947244 1.650000
vertex -2.804811 -5.247432 1.650000
vertex -2.498403 -4.674183 1.900000
endloop
endfacet
facet normal -0.184746 -0.30823 0.9332
outer loop
vertex -3.305643 -4.947244 1.650000
vertex -2.498403 -4.674183 1.900000
vertex -2.944522 -4.406789 1.900000
endloop
endfacet
facet normal -0.153644 -0.324854 0.933201
outer loop
vertex -2.804811 -5.247432 1.650000
vertex -2.276966 -5.497083 1.650000
vertex -2.028222 -4.896562 1.900000
endloop
endfacet
facet normal -0.153644 -0.324854 0.933201
outer loop
vertex -2.804811 -5.247432 1.650000
vertex -2.028222 -4.896562 1.900000
vertex -2.498403 -4.674183 1.900000
endloop
endfacet
facet normal -0.121064 -0.338349 0.933201
outer loop
vertex -2.276966 -5.497083 1.650000
vertex -1.727194 -5.693795 1.650000
vertex -1.538509 -5.071784 1.900000
endloop
endfacet
facet normal -0.121063 -0.33835 0.9332
outer loop
vertex -2.276966 -5.497083 1.650000
vertex -1.538509 -5.071784 1.900000
vertex -2.028222 -4.896562 1.900000
endloop
endfacet
facet normal -0.0873163 -0.348587 0.933201
outer loop
vertex -1.727194 -5.693795 1.650000
vertex -1.160787 -5.835672 1.650000
vertex -1.033979 -5.198162 1.900000
endloop
endfacet
facet normal -0.0873166 -0.348586 0.933201
outer loop
vertex -1.727194 -5.693795 1.650000
vertex -1.033979 -5.198162 1.900000
vertex -1.538509 -5.071784 1.900000
endloop
endfacet
facet normal -0.0527285 -0.355467 0.933201
outer loop
vertex -1.160787 -5.835672 1.650000
vertex -0.583202 -5.921349 1.650000
vertex -0.519491 -5.274479 1.900000
endloop
endfacet
facet normal -0.0527283 -0.355467 0.9332
outer loop
vertex -1.160787 -5.835672 1.650000
vertex -0.519491 -5.274479 1.900000
vertex -1.033979 -5.198162 1.900000
endloop
endfacet
facet normal -0.0176327 -0.358923 0.9332
outer loop
vertex -0.583202 -5.921349 1.650000
vertex -0.000000 -5.950000 1.650000
vertex -0.000000 -5.300000 1.900000
endloop
endfacet
facet normal -0.017633 -0.358923 0.9332
outer loop
vertex -0.583202 -5.921349 1.650000
vertex -0.000000 -5.300000 1.900000
vertex -0.519491 -5.274479 1.900000
endloop
endfacet
facet normal 0.0176327 -0.358923 0.933201
outer loop
vertex -0.000000 -5.950000 1.650000
vertex 0.583202 -5.921349 1.650000
vertex 0.519491 -5.274479 1.900000
endloop
endfacet
facet normal 0.017633 -0.358923 0.9332
outer loop
vertex -0.000000 -5.950000 1.650000
vertex 0.519491 -5.274479 1.900000
vertex -0.000000 -5.300000 1.900000
endloop
endfacet
facet normal 0.0527285 -0.355467 0.9332
outer loop
vertex 0.583202 -5.921349 1.650000
vertex 1.160787 -5.835672 1.650000
vertex 1.033979 -5.198162 1.900000
endloop
endfacet
facet normal 0.0527283 -0.355467 0.9332
outer loop
vertex 0.583202 -5.921349 1.650000
vertex 1.033979 -5.198162 1.900000
vertex 0.519491 -5.274479 1.900000
endloop
endfacet
facet normal 0.0873162 -0.348587 0.933201
outer loop
vertex 1.160787 -5.835672 1.650000
vertex 1.727194 -5.693795 1.650000
vertex 1.538509 -5.071784 1.900000
endloop
endfacet
facet normal 0.0873167 -0.348587 0.9332
outer loop
vertex 1.160787 -5.835672 1.650000
vertex 1.538509 -5.071784 1.900000
vertex 1.033979 -5.198162 1.900000
endloop
endfacet
facet normal 0.121064 -0.33835 0.9332
outer loop
vertex 1.727194 -5.693795 1.650000
vertex 2.276966 -5.497083 1.650000
vertex 2.028222 -4.896562 1.900000
endloop
endfacet
facet normal 0.121063 -0.33835 0.933201
outer loop
vertex 1.727194 -5.693795 1.650000
vertex 2.028222 -4.896562 1.900000
vertex 1.538509 -5.071784 1.900000
endloop
endfacet
facet normal 0.153644 -0.324854 0.9332
outer loop
vertex 2.276966 -5.497083 1.650000
vertex 2.804811 -5.247432 1.650000
vertex 2.498403 -4.674183 1.900000
endloop
endfacet
facet normal 0.153645 -0.324854 0.9332
outer loop
vertex 2.276966 -5.497083 1.650000
vertex 2.498403 -4.674183 1.900000
vertex 2.028222 -4.896562 1.900000
endloop
endfacet
facet normal 0.184746 -0.30823 0.933201
outer loop
vertex 2.804811 -5.247432 1.650000
vertex 3.305643 -4.947244 1.650000
vertex 2.944522 -4.406789 1.900000
endloop
endfacet
facet normal 0.184746 -0.30823 0.9332
outer loop
vertex 2.804811 -5.247432 1.650000
vertex 2.944522 -4.406789 1.900000
vertex 2.498403 -4.674183 1.900000
endloop
endfacet
facet normal 0.214068 -0.288638 0.9332
outer loop
vertex 3.305643 -4.947244 1.650000
vertex 3.774640 -4.599412 1.650000
vertex 3.362284 -4.096955 1.900000
endloop
endfacet
facet normal 0.214068 -0.288638 0.9332
outer loop
vertex 3.305643 -4.947244 1.650000
vertex 3.362284 -4.096955 1.900000
vertex 2.944522 -4.406789 1.900000
endloop
endfacet
facet normal 0.241329 -0.266265 0.9332
outer loop
vertex 3.774640 -4.599412 1.650000
vertex 4.207285 -4.207285 1.650000
vertex 3.747666 -3.747666 1.900000
endloop
endfacet
facet normal 0.241329 -0.266265 0.9332
outer loop
vertex 3.774640 -4.599412 1.650000
vertex 3.747666 -3.747666 1.900000
vertex 3.362284 -4.096955 1.900000
endloop
endfacet
facet normal 0.266265 -0.241329 0.9332
outer loop
vertex 4.207285 -4.207285 1.650000
vertex 4.599412 -3.774640 1.650000
vertex 4.096955 -3.362284 1.900000
endloop
endfacet
facet normal 0.266265 -0.241329 0.933201
outer loop
vertex 4.207285 -4.207285 1.650000
vertex 4.096955 -3.362284 1.900000
vertex 3.747666 -3.747666 1.900000
endloop
endfacet
facet normal 0.288637 -0.214068 0.933201
outer loop
vertex 4.599412 -3.774640 1.650000
vertex 4.947244 -3.305643 1.650000
vertex 4.406789 -2.944522 1.900000
endloop
endfacet
facet normal 0.288638 -0.214068 0.9332
outer loop
vertex 4.599412 -3.774640 1.650000
vertex 4.406789 -2.944522 1.900000
vertex 4.096955 -3.362284 1.900000
endloop
endfacet
facet normal 0.30823 -0.184746 0.933201
outer loop
vertex 4.947244 -3.305643 1.650000
vertex 5.247432 -2.804811 1.650000
vertex 4.674183 -2.498403 1.900000
endloop
endfacet
facet normal 0.30823 -0.184746 0.9332
outer loop
vertex 4.947244 -3.305643 1.650000
vertex 4.674183 -2.498403 1.900000
vertex 4.406789 -2.944522 1.900000
endloop
endfacet
facet normal 0.324854 -0.153644 0.933201
outer loop
vertex 5.247432 -2.804811 1.650000
vertex 5.497083 -2.276966 1.650000
vertex 4.896562 -2.028222 1.900000
endloop
endfacet
facet normal 0.324854 -0.153644 0.933201
outer loop
vertex 5.247432 -2.804811 1.650000
vertex 4.896562 -2.028222 1.900000
vertex 4.674183 -2.498403 1.900000
endloop
endfacet
facet normal 0.338349 -0.121064 0.933201
outer loop
vertex 5.497083 -2.276966 1.650000
vertex 5.693795 -1.727194 1.650000
vertex 5.071784 -1.538509 1.900000
endloop
endfacet
facet normal 0.33835 -0.121063 0.9332
outer loop
vertex 5.497083 -2.276966 1.650000
vertex 5.071784 -1.538509 1.900000
vertex 4.896562 -2.028222 1.900000
endloop
endfacet
facet normal 0.348587 -0.0873163 0.933201
outer loop
vertex 5.693795 -1.727194 1.650000
vertex 5.835672 -1.160787 1.650000
vertex 5.198162 -1.033979 1.900000
endloop
endfacet
facet normal 0.348586 -0.0873166 0.933201
outer loop
vertex 5.693795 -1.727194 1.650000
vertex 5.198162 -1.033979 1.900000
vertex 5.071784 -1.538509 1.900000
endloop
endfacet
facet normal 0.355467 -0.0527285 0.933201
outer loop
vertex 5.835672 -1.160787 1.650000
vertex 5.921349 -0.583202 1.650000
vertex 5.274479 -0.519491 1.900000
endloop
endfacet
facet normal 0.355467 -0.0527283 0.9332
outer loop
vertex 5.835672 -1.160787 1.650000
vertex 5.274479 -0.519491 1.900000
vertex 5.198162 -1.033979 1.900000
endloop
endfacet
facet normal 0.358923 -0.0176327 0.9332
outer loop
vertex 5.921349 -0.583202 1.650000
vertex 5.950000 0.000000 1.650000
vertex 5.300000 0.000000 1.900000
endloop
endfacet
facet normal 0.358923 -0.017633 0.9332
outer loop
vertex 5.921349 -0.583202 1.650000
vertex 5.300000 0.000000 1.900000
vertex 5.274479 -0.519491 1.900000
endloop
endfacet
facet normal -0.190861 -0.00937653 0.981572
outer loop
vertex 5.300000 0.000000 1.900000
vertex 5.274479 0.519491 1.900000
vertex 3.483146 0.343060 1.550000
endloop
endfacet
facet normal -0.190861 -0.00937651 0.981572
outer loop
vertex 5.300000 0.000000 1.900000
vertex 3.483146 0.343060 1.550000
vertex 3.500000 0.000000 1.550000
endloop
endfacet
facet normal -0.189023 -0.0280389 0.981572
outer loop
vertex 5.274479 0.519491 1.900000
vertex 5.198162 1.033979 1.900000
vertex 3.432749 0.682816 1.550000
endloop
endfacet
facet normal -0.189023 -0.0280389 0.981572
outer loop
vertex 5.274479 0.519491 1.900000
vertex 3.432749 0.682816 1.550000
vertex 3.483146 0.343060 1.550000
endloop
endfacet
facet normal -0.185365 -0.0464316 0.981572
outer loop
vertex 5.198162 1.033979 1.900000
vertex 5.071784 1.538509 1.900000
vertex 3.349291 1.015996 1.550000
endloop
endfacet
facet normal -0.185365 -0.0464316 0.981572
outer loop
vertex 5.198162 1.033979 1.900000
vertex 3.349291 1.015996 1.550000
vertex 3.432749 0.682816 1.550000
endloop
endfacet
facet normal -0.179921 -0.0643767 0.981572
outer loop
vertex 5.071784 1.538509 1.900000
vertex 4.896562 2.028222 1.900000
vertex 3.233578 1.339392 1.550000
endloop
endfacet
facet normal -0.179921 -0.0643767 0.981572
outer loop
vertex 5.071784 1.538509 1.900000
vertex 3.233578 1.339392 1.550000
vertex 3.349291 1.015996 1.550000
endloop
endfacet
facet normal -0.172745 -0.0817021 0.981572
outer loop
vertex 4.896562 2.028222 1.900000
vertex 4.674183 2.498403 1.900000
vertex 3.086725 1.649889 1.550000
endloop
endfacet
facet normal -0.172745 -0.0817022 0.981572
outer loop
vertex 4.896562 2.028222 1.900000
vertex 3.086725 1.649889 1.550000
vertex 3.233578 1.339392 1.550000
endloop
endfacet
facet normal -0.163905 -0.0982407 0.981572
outer loop
vertex 4.674183 2.498403 1.900000
vertex 4.406789 2.944522 1.900000
vertex 2.910144 1.944496 1.550000
endloop
endfacet
facet normal -0.163905 -0.0982407 0.981572
outer loop
vertex 4.674183 2.498403 1.900000
vertex 2.910144 1.944496 1.550000
vertex 3.086725 1.649889 1.550000
endloop
endfacet
facet normal -0.153486 -0.113833 0.981572
outer loop
vertex 4.406789 2.944522 1.900000
vertex 4.096955 3.362284 1.900000
vertex 2.705537 2.220376 1.550000
endloop
endfacet
facet normal -0.153486 -0.113833 0.981572
outer loop
vertex 4.406789 2.944522 1.900000
vertex 2.705537 2.220376 1.550000
vertex 2.910144 1.944496 1.550000
endloop
endfacet
facet normal -0.14159 -0.128329 0.981572
outer loop
vertex 3.401184 3.132483 1.769593
vertex 2.602624 2.333923 1.550000
vertex 2.705537 2.220376 1.550000
endloop
endfacet
facet normal -0.141589 -0.128329 0.981572
outer loop
vertex 4.096955 3.362284 1.900000
vertex 3.747666 3.747666 1.900000
vertex 3.394113 3.394113 1.802778
endloop
endfacet
facet normal -0.14159 -0.128335 0.981571
outer loop
vertex 4.096955 3.362284 1.900000
vertex 3.394113 3.394113 1.802778
vertex 3.401184 3.387042 1.802873
endloop
endfacet
facet normal -0.141589 -0.128329 0.981572
outer loop
vertex 3.401184 3.132483 1.769593
vertex 2.705537 2.220376 1.550000
vertex 4.096955 3.362284 1.900000
endloop
endfacet
facet normal -0.141592 -0.128321 0.981573
outer loop
vertex 3.413046 3.145571 1.773015
vertex 3.401184 3.132483 1.769593
vertex 4.096955 3.362284 1.900000
endloop
endfacet
facet normal -0.141589 -0.12833 0.981572
outer loop
vertex 4.096955 3.362284 1.900000
vertex 3.401184 3.387042 1.802873
vertex 3.413046 3.373953 1.802873
endloop
endfacet
facet normal -0.14159 -0.128326 0.981573
outer loop
vertex 4.096955 3.362284 1.900000
vertex 3.413046 3.373953 1.802873
vertex 3.423569 3.359765 1.802536
endloop
endfacet
facet normal -0.141589 -0.12833 0.981572
outer loop
vertex 3.423569 3.159760 1.776388
vertex 3.413046 3.145571 1.773015
vertex 4.096955 3.362284 1.900000
endloop
endfacet
facet normal -0.141588 -0.128335 0.981572
outer loop
vertex 3.432650 3.174911 1.779679
vertex 3.423569 3.159760 1.776388
vertex 4.096955 3.362284 1.900000
endloop
endfacet
facet normal -0.141589 -0.128326 0.981573
outer loop
vertex 4.096955 3.362284 1.900000
vertex 3.423569 3.359765 1.802536
vertex 3.432650 3.344614 1.801865
endloop
endfacet
facet normal -0.141589 -0.128331 0.981572
outer loop
vertex 4.096955 3.362284 1.900000
vertex 3.432650 3.344614 1.801865
vertex 3.440203 3.328645 1.800867
endloop
endfacet
facet normal -0.141591 -0.128324 0.981573
outer loop
vertex 3.440203 3.190879 1.782856
vertex 3.432650 3.174911 1.779679
vertex 4.096955 3.362284 1.900000
endloop
endfacet
facet normal -0.141589 -0.12833 0.981572
outer loop
vertex 3.446154 3.207511 1.785889
vertex 3.440203 3.190879 1.782856
vertex 4.096955 3.362284 1.900000
endloop
endfacet
facet normal -0.14159 -0.128328 0.981572
outer loop
vertex 4.096955 3.362284 1.900000
vertex 3.440203 3.328645 1.800867
vertex 3.446154 3.312014 1.799551
endloop
endfacet
facet normal -0.141589 -0.12833 0.981572
outer loop
vertex 4.096955 3.362284 1.900000
vertex 3.446154 3.312014 1.799551
vertex 3.450446 3.294878 1.797930
endloop
endfacet
facet normal -0.141589 -0.12833 0.981572
outer loop
vertex 3.450446 3.224646 1.788748
vertex 3.446154 3.207511 1.785889
vertex 4.096955 3.362284 1.900000
endloop
endfacet
facet normal -0.141589 -0.128332 0.981572
outer loop
vertex 3.453038 3.242119 1.791406
vertex 3.450446 3.224646 1.788748
vertex 4.096955 3.362284 1.900000
endloop
endfacet
facet normal -0.141589 -0.128332 0.981572
outer loop
vertex 4.096955 3.362284 1.900000
vertex 3.450446 3.294878 1.797930
vertex 3.453038 3.277405 1.796019
endloop
endfacet
facet normal -0.141591 -0.128323 0.981573
outer loop
vertex 3.453904 3.259762 1.793838
vertex 3.453038 3.242119 1.791406
vertex 4.096955 3.362284 1.900000
endloop
endfacet
facet normal -0.141589 -0.128332 0.981572
outer loop
vertex 4.096955 3.362284 1.900000
vertex 3.453038 3.277405 1.796019
vertex 3.453904 3.259762 1.793838
endloop
endfacet
facet normal -0.128332 -0.141587 0.981572
outer loop
vertex 3.387042 3.401184 1.802873
vertex 3.394113 3.394113 1.802778
vertex 3.747666 3.747666 1.900000
endloop
endfacet
facet normal -0.128329 -0.14159 0.981572
outer loop
vertex 3.362284 4.096955 1.900000
vertex 2.220376 2.705537 1.550000
vertex 2.333923 2.602624 1.550000
endloop
endfacet
facet normal -0.128329 -0.141589 0.981572
outer loop
vertex 3.362284 4.096955 1.900000
vertex 2.333923 2.602624 1.550000
vertex 3.132483 3.401184 1.769593
endloop
endfacet
facet normal -0.128329 -0.141589 0.981572
outer loop
vertex 3.387042 3.401184 1.802873
vertex 3.747666 3.747666 1.900000
vertex 3.362284 4.096955 1.900000
endloop
endfacet
facet normal -0.12833 -0.141589 0.981572
outer loop
vertex 3.373953 3.413046 1.802873
vertex 3.387042 3.401184 1.802873
vertex 3.362284 4.096955 1.900000
endloop
endfacet
facet normal -0.128321 -0.141592 0.981573
outer loop
vertex 3.362284 4.096955 1.900000
vertex 3.132483 3.401184 1.769593
vertex 3.145571 3.413046 1.773015
endloop
endfacet
facet normal -0.12833 -0.141589 0.981572
outer loop
vertex 3.362284 4.096955 1.900000
vertex 3.145571 3.413046 1.773015
vertex 3.159760 3.423569 1.776388
endloop
endfacet
facet normal -0.128325 -0.14159 0.981573
outer loop
vertex 3.359765 3.423569 1.802536
vertex 3.373953 3.413046 1.802873
vertex 3.362284 4.096955 1.900000
endloop
endfacet
facet normal -0.128326 -0.141589 0.981573
outer loop
vertex 3.344614 3.432650 1.801865
vertex 3.359765 3.423569 1.802536
vertex 3.362284 4.096955 1.900000
endloop
endfacet
facet normal -0.128336 -0.141587 0.981572
outer loop
vertex 3.362284 4.096955 1.900000
vertex 3.159760 3.423569 1.776388
vertex 3.174911 3.432650 1.779679
endloop
endfacet
facet normal -0.128324 -0.141591 0.981573
outer loop
vertex 3.362284 4.096955 1.900000
vertex 3.174911 3.432650 1.779679
vertex 3.190879 3.440203 1.782856
endloop
endfacet
facet normal -0.128331 -0.141589 0.981572
outer loop
vertex 3.328645 3.440203 1.800867
vertex 3.344614 3.432650 1.801865
vertex 3.362284 4.096955 1.900000
endloop
endfacet
facet normal -0.128327 -0.14159 0.981572
outer loop
vertex 3.312014 3.446154 1.799551
vertex 3.328645 3.440203 1.800867
vertex 3.362284 4.096955 1.900000
endloop
endfacet
facet normal -0.128329 -0.141589 0.981572
outer loop
vertex 3.362284 4.096955 1.900000
vertex 3.190879 3.440203 1.782856
vertex 3.207511 3.446154 1.785889
endloop
endfacet
facet normal -0.128331 -0.141589 0.981572
outer loop
vertex 3.362284 4.096955 1.900000
vertex 3.207511 3.446154 1.785889
vertex 3.224646 3.450446 1.788748
endloop
endfacet
facet normal -0.12833 -0.141589 0.981572
outer loop
vertex 3.294878 3.450446 1.797930
vertex 3.312014 3.446154 1.799551
vertex 3.362284 4.096955 1.900000
endloop
endfacet
facet normal -0.128332 -0.141589 0.981572
outer loop
vertex 3.277405 3.453038 1.796019
vertex 3.294878 3.450446 1.797930
vertex 3.362284 4.096955 1.900000
endloop
endfacet
facet normal -0.128332 -0.141589 0.981572
outer loop
vertex 3.362284 4.096955 1.900000
vertex 3.224646 3.450446 1.788748
vertex 3.242119 3.453038 1.791406
endloop
endfacet
facet normal -0.128325 -0.14159 0.981573
outer loop
vertex 3.259762 3.453904 1.793838
vertex 3.277405 3.453038 1.796019
vertex 3.362284 4.096955 1.900000
endloop
endfacet
facet normal -0.12833 -0.141589 0.981572
outer loop
vertex 3.362284 4.096955 1.900000
vertex 3.242119 3.453038 1.791406
vertex 3.259762 3.453904 1.793838
endloop
endfacet
facet normal -0.113833 -0.153486 0.981572
outer loop
vertex 3.362284 4.096955 1.900000
vertex 2.944522 4.406789 1.900000
vertex 1.944496 2.910144 1.550000
endloop
endfacet
facet normal -0.113833 -0.153486 0.981572
outer loop
vertex 3.362284 4.096955 1.900000
vertex 1.944496 2.910144 1.550000
vertex 2.220376 2.705537 1.550000
endloop
endfacet
facet normal -0.0982407 -0.163905 0.981572
outer loop
vertex 2.944522 4.406789 1.900000
vertex 2.498403 4.674183 1.900000
vertex 1.649889 3.086725 1.550000
endloop
endfacet
facet normal -0.0982408 -0.163905 0.981572
outer loop
vertex 2.944522 4.406789 1.900000
vertex 1.649889 3.086725 1.550000
vertex 1.944496 2.910144 1.550000
endloop
endfacet
facet normal -0.0817021 -0.172745 0.981572
outer loop
vertex 2.498403 4.674183 1.900000
vertex 2.028222 4.896562 1.900000
vertex 1.339392 3.233578 1.550000
endloop
endfacet
facet normal -0.0817021 -0.172745 0.981572
outer loop
vertex 2.498403 4.674183 1.900000
vertex 1.339392 3.233578 1.550000
vertex 1.649889 3.086725 1.550000
endloop
endfacet
facet normal -0.0643767 -0.179921 0.981572
outer loop
vertex 2.028222 4.896562 1.900000
vertex 1.538509 5.071784 1.900000
vertex 1.015996 3.349291 1.550000
endloop
endfacet
facet normal -0.0643766 -0.179921 0.981572
outer loop
vertex 2.028222 4.896562 1.900000
vertex 1.015996 3.349291 1.550000
vertex 1.339392 3.233578 1.550000
endloop
endfacet
facet normal -0.0464316 -0.185365 0.981572
outer loop
vertex 1.538509 5.071784 1.900000
vertex 1.033979 5.198162 1.900000
vertex 0.682816 3.432749 1.550000
endloop
endfacet
facet normal -0.0464315 -0.185365 0.981572
outer loop
vertex 1.538509 5.071784 1.900000
vertex 0.682816 3.432749 1.550000
vertex 1.015996 3.349291 1.550000
endloop
endfacet
facet normal -0.0280389 -0.189023 0.981572
outer loop
vertex 1.033979 5.198162 1.900000
vertex 0.519491 5.274479 1.900000
vertex 0.343060 3.483146 1.550000
endloop
endfacet
facet normal -0.0280389 -0.189023 0.981572
outer loop
vertex 1.033979 5.198162 1.900000
vertex 0.343060 3.483146 1.550000
vertex 0.682816 3.432749 1.550000
endloop
endfacet
facet normal -0.00937653 -0.190861 0.981572
outer loop
vertex 0.519491 5.274479 1.900000
vertex 0.000000 5.300000 1.900000
vertex 0.000000 3.500000 1.550000
endloop
endfacet
facet normal -0.00937652 -0.190861 0.981572
outer loop
vertex 0.519491 5.274479 1.900000
vertex 0.000000 3.500000 1.550000
vertex 0.343060 3.483146 1.550000
endloop
endfacet
facet normal 0.00937653 -0.190861 0.981572
outer loop
vertex 0.000000 5.300000 1.900000
vertex -0.519491 5.274479 1.900000
vertex -0.343060 3.483146 1.550000
endloop
endfacet
facet normal 0.00937651 -0.190861 0.981572
outer loop
vertex 0.000000 5.300000 1.900000
vertex -0.343060 3.483146 1.550000
vertex 0.000000 3.500000 1.550000
endloop
endfacet
facet normal 0.0280389 -0.189023 0.981572
outer loop
vertex -0.519491 5.274479 1.900000
vertex -1.033979 5.198162 1.900000
vertex -0.682816 3.432749 1.550000
endloop
endfacet
facet normal 0.0280389 -0.189023 0.981572
outer loop
vertex -0.519491 5.274479 1.900000
vertex -0.682816 3.432749 1.550000
vertex -0.343060 3.483146 1.550000
endloop
endfacet
facet normal 0.0464316 -0.185365 0.981572
outer loop
vertex -1.033979 5.198162 1.900000
vertex -1.538509 5.071784 1.900000
vertex -1.015996 3.349291 1.550000
endloop
endfacet
facet normal 0.0464316 -0.185365 0.981572
outer loop
vertex -1.033979 5.198162 1.900000
vertex -1.015996 3.349291 1.550000
vertex -0.682816 3.432749 1.550000
endloop
endfacet
facet normal 0.0643767 -0.179921 0.981572
outer loop
vertex -1.538509 5.071784 1.900000
vertex -2.028222 4.896562 1.900000
vertex -1.339392 3.233578 1.550000
endloop
endfacet
facet normal 0.0643767 -0.179921 0.981572
outer loop
vertex -1.538509 5.071784 1.900000
vertex -1.339392 3.233578 1.550000
vertex -1.015996 3.349291 1.550000
endloop
endfacet
facet normal 0.0817021 -0.172745 0.981572
outer loop
vertex -2.028222 4.896562 1.900000
vertex -2.498403 4.674183 1.900000
vertex -1.649889 3.086725 1.550000
endloop
endfacet
facet normal 0.0817022 -0.172745 0.981572
outer loop
vertex -2.028222 4.896562 1.900000
vertex -1.649889 3.086725 1.550000
vertex -1.339392 3.233578 1.550000
endloop
endfacet
facet normal 0.0982407 -0.163905 0.981572
outer loop
vertex -2.498403 4.674183 1.900000
vertex -2.944522 4.406789 1.900000
vertex -1.944496 2.910144 1.550000
endloop
endfacet
facet normal 0.0982407 -0.163905 0.981572
outer loop
vertex -2.498403 4.674183 1.900000
vertex -1.944496 2.910144 1.550000
vertex -1.649889 3.086725 1.550000
endloop
endfacet
facet normal 0.113833 -0.153486 0.981572
outer loop
vertex -2.944522 4.406789 1.900000
vertex -3.362284 4.096955 1.900000
vertex -2.220376 2.705537 1.550000
endloop
endfacet
facet normal 0.113833 -0.153486 0.981572
outer loop
vertex -2.944522 4.406789 1.900000
vertex -2.220376 2.705537 1.550000
vertex -1.944496 2.910144 1.550000
endloop
endfacet
facet normal 0.128329 -0.14159 0.981572
outer loop
vertex -3.132483 3.401184 1.769593
vertex -2.333923 2.602624 1.550000
vertex -2.220376 2.705537 1.550000
endloop
endfacet
facet normal 0.128329 -0.141589 0.981572
outer loop
vertex -3.362284 4.096955 1.900000
vertex -3.747666 3.747666 1.900000
vertex -3.394113 3.394113 1.802778
endloop
endfacet
facet normal 0.128335 -0.14159 0.981571
outer loop
vertex -3.362284 4.096955 1.900000
vertex -3.394113 3.394113 1.802778
vertex -3.387042 3.401184 1.802873
endloop
endfacet
facet normal 0.128329 -0.141589 0.981572
outer loop
vertex -3.132483 3.401184 1.769593
vertex -2.220376 2.705537 1.550000
vertex -3.362284 4.096955 1.900000
endloop
endfacet
facet normal 0.128325 -0.141591 0.981573
outer loop
vertex -3.145572 3.413046 1.773015
vertex -3.132483 3.401184 1.769593
vertex -3.362284 4.096955 1.900000
endloop
endfacet
facet normal 0.128329 -0.141589 0.981572
outer loop
vertex -3.362284 4.096955 1.900000
vertex -3.387042 3.401184 1.802873
vertex -3.373953 3.413046 1.802873
endloop
endfacet
facet normal 0.128323 -0.14159 0.981573
outer loop
vertex -3.362284 4.096955 1.900000
vertex -3.373953 3.413046 1.802873
vertex -3.359765 3.423569 1.802536
endloop
endfacet
facet normal 0.12833 -0.141589 0.981572
outer loop
vertex -3.159760 3.423569 1.776388
vertex -3.145572 3.413046 1.773015
vertex -3.362284 4.096955 1.900000
endloop
endfacet
facet normal 0.128335 -0.141588 0.981572
outer loop
vertex -3.174911 3.432650 1.779679
vertex -3.159760 3.423569 1.776388
vertex -3.362284 4.096955 1.900000
endloop
endfacet
facet normal 0.12833 -0.141589 0.981572
outer loop
vertex -3.362284 4.096955 1.900000
vertex -3.359765 3.423569 1.802536
vertex -3.344614 3.432650 1.801865
endloop
endfacet
facet normal 0.128331 -0.141589 0.981572
outer loop
vertex -3.362284 4.096955 1.900000
vertex -3.344614 3.432650 1.801865
vertex -3.328645 3.440203 1.800867
endloop
endfacet
facet normal 0.128324 -0.141591 0.981573
outer loop
vertex -3.190879 3.440203 1.782856
vertex -3.174911 3.432650 1.779679
vertex -3.362284 4.096955 1.900000
endloop
endfacet
facet normal 0.128328 -0.14159 0.981572
outer loop
vertex -3.207511 3.446154 1.785889
vertex -3.190879 3.440203 1.782856
vertex -3.362284 4.096955 1.900000
endloop
endfacet
facet normal 0.128326 -0.14159 0.981573
outer loop
vertex -3.362284 4.096955 1.900000
vertex -3.328645 3.440203 1.800867
vertex -3.312014 3.446154 1.799551
endloop
endfacet
facet normal 0.128332 -0.141589 0.981572
outer loop
vertex -3.362284 4.096955 1.900000
vertex -3.312014 3.446154 1.799551
vertex -3.294879 3.450446 1.797930
endloop
endfacet
facet normal 0.128332 -0.141589 0.981572
outer loop
vertex -3.224646 3.450446 1.788748
vertex -3.207511 3.446154 1.785889
vertex -3.362284 4.096955 1.900000
endloop
endfacet
facet normal 0.128327 -0.14159 0.981572
outer loop
vertex -3.242119 3.453038 1.791406
vertex -3.224646 3.450446 1.788748
vertex -3.362284 4.096955 1.900000
endloop
endfacet
facet normal 0.12833 -0.141589 0.981572
outer loop
vertex -3.362284 4.096955 1.900000
vertex -3.294879 3.450446 1.797930
vertex -3.277406 3.453038 1.796019
endloop
endfacet
facet normal 0.128332 -0.141589 0.981572
outer loop
vertex -3.259763 3.453904 1.793838
vertex -3.242119 3.453038 1.791406
vertex -3.362284 4.096955 1.900000
endloop
endfacet
facet normal 0.128327 -0.14159 0.981572
outer loop
vertex -3.362284 4.096955 1.900000
vertex -3.277406 3.453038 1.796019
vertex -3.259763 3.453904 1.793838
endloop
endfacet
facet normal 0.141587 -0.128332 0.981572
outer loop
vertex -3.401184 3.387041 1.802873
vertex -3.394113 3.394113 1.802778
vertex -3.747666 3.747666 1.900000
endloop
endfacet
facet normal 0.14159 -0.128329 0.981572
outer loop
vertex -4.096955 3.362284 1.900000
vertex -2.705537 2.220376 1.550000
vertex -2.602624 2.333923 1.550000
endloop
endfacet
facet normal 0.141589 -0.128329 0.981572
outer loop
vertex -4.096955 3.362284 1.900000
vertex -2.602624 2.333923 1.550000
vertex -3.401184 3.132483 1.769593
endloop
endfacet
facet normal 0.141589 -0.128329 0.981572
outer loop
vertex -3.401184 3.387041 1.802873
vertex -3.747666 3.747666 1.900000
vertex -4.096955 3.362284 1.900000
endloop
endfacet
facet normal 0.141589 -0.128327 0.981573
outer loop
vertex -3.413046 3.373953 1.802873
vertex -3.401184 3.387041 1.802873
vertex -4.096955 3.362284 1.900000
endloop
endfacet
facet normal 0.14159 -0.128328 0.981572
outer loop
vertex -4.096955 3.362284 1.900000
vertex -3.401184 3.132483 1.769593
vertex -3.413046 3.145571 1.773015
endloop
endfacet
facet normal 0.141591 -0.128324 0.981573
outer loop
vertex -4.096955 3.362284 1.900000
vertex -3.413046 3.145571 1.773015
vertex -3.423569 3.159760 1.776388
endloop
endfacet
facet normal 0.141589 -0.128328 0.981572
outer loop
vertex -3.423569 3.359765 1.802536
vertex -3.413046 3.373953 1.802873
vertex -4.096955 3.362284 1.900000
endloop
endfacet
facet normal 0.141589 -0.128328 0.981572
outer loop
vertex -3.432650 3.344614 1.801865
vertex -3.423569 3.359765 1.802536
vertex -4.096955 3.362284 1.900000
endloop
endfacet
facet normal 0.141587 -0.128338 0.981571
outer loop
vertex -4.096955 3.362284 1.900000
vertex -3.423569 3.159760 1.776388
vertex -3.432650 3.174911 1.779679
endloop
endfacet
facet normal 0.14159 -0.128327 0.981572
outer loop
vertex -4.096955 3.362284 1.900000
vertex -3.432650 3.174911 1.779679
vertex -3.440203 3.190879 1.782856
endloop
endfacet
facet normal 0.141589 -0.128329 0.981572
outer loop
vertex -3.440203 3.328645 1.800867
vertex -3.432650 3.344614 1.801865
vertex -4.096955 3.362284 1.900000
endloop
endfacet
facet normal 0.14159 -0.128328 0.981573
outer loop
vertex -3.446154 3.312013 1.799551
vertex -3.440203 3.328645 1.800867
vertex -4.096955 3.362284 1.900000
endloop
endfacet
facet normal 0.141591 -0.128325 0.981573
outer loop
vertex -4.096955 3.362284 1.900000
vertex -3.440203 3.190879 1.782856
vertex -3.446154 3.207511 1.785889
endloop
endfacet
facet normal 0.141589 -0.128332 0.981572
outer loop
vertex -4.096955 3.362284 1.900000
vertex -3.446154 3.207511 1.785889
vertex -3.450446 3.224646 1.788748
endloop
endfacet
facet normal 0.141589 -0.128332 0.981572
outer loop
vertex -3.450446 3.294878 1.797930
vertex -3.446154 3.312013 1.799551
vertex -4.096955 3.362284 1.900000
endloop
endfacet
facet normal 0.141589 -0.12833 0.981572
outer loop
vertex -3.453038 3.277405 1.796019
vertex -3.450446 3.294878 1.797930
vertex -4.096955 3.362284 1.900000
endloop
endfacet
facet normal 0.14159 -0.128327 0.981572
outer loop
vertex -4.096955 3.362284 1.900000
vertex -3.450446 3.224646 1.788748
vertex -3.453038 3.242119 1.791406
endloop
endfacet
facet normal 0.14159 -0.128325 0.981573
outer loop
vertex -3.453905 3.259762 1.793838
vertex -3.453038 3.277405 1.796019
vertex -4.096955 3.362284 1.900000
endloop
endfacet
facet normal 0.141589 -0.128334 0.981572
outer loop
vertex -4.096955 3.362284 1.900000
vertex -3.453038 3.242119 1.791406
vertex -3.453905 3.259762 1.793838
endloop
endfacet
facet normal 0.153486 -0.113833 0.981572
outer loop
vertex -4.096955 3.362284 1.900000
vertex -4.406789 2.944522 1.900000
vertex -2.910144 1.944496 1.550000
endloop
endfacet
facet normal 0.153486 -0.113833 0.981572
outer loop
vertex -4.096955 3.362284 1.900000
vertex -2.910144 1.944496 1.550000
vertex -2.705537 2.220376 1.550000
endloop
endfacet
facet normal 0.163905 -0.0982407 0.981572
outer loop
vertex -4.406789 2.944522 1.900000
vertex -4.674183 2.498403 1.900000
vertex -3.086725 1.649889 1.550000
endloop
endfacet
facet normal 0.163905 -0.0982408 0.981572
outer loop
vertex -4.406789 2.944522 1.900000
vertex -3.086725 1.649889 1.550000
vertex -2.910144 1.944496 1.550000
endloop
endfacet
facet normal 0.172745 -0.0817021 0.981572
outer loop
vertex -4.674183 2.498403 1.900000
vertex -4.896562 2.028222 1.900000
vertex -3.233578 1.339392 1.550000
endloop
endfacet
facet normal 0.172745 -0.0817021 0.981572
outer loop
vertex -4.674183 2.498403 1.900000
vertex -3.233578 1.339392 1.550000
vertex -3.086725 1.649889 1.550000
endloop
endfacet
facet normal 0.179921 -0.0643767 0.981572
outer loop
vertex -4.896562 2.028222 1.900000
vertex -5.071784 1.538509 1.900000
vertex -3.349291 1.015996 1.550000
endloop
endfacet
facet normal 0.179921 -0.0643766 0.981572
outer loop
vertex -4.896562 2.028222 1.900000
vertex -3.349291 1.015996 1.550000
vertex -3.233578 1.339392 1.550000
endloop
endfacet
facet normal 0.185365 -0.0464316 0.981572
outer loop
vertex -5.071784 1.538509 1.900000
vertex -5.198162 1.033979 1.900000
vertex -3.432749 0.682816 1.550000
endloop
endfacet
facet normal 0.185365 -0.0464315 0.981572
outer loop
vertex -5.071784 1.538509 1.900000
vertex -3.432749 0.682816 1.550000
vertex -3.349291 1.015996 1.550000
endloop
endfacet
facet normal 0.189023 -0.0280389 0.981572
outer loop
vertex -5.198162 1.033979 1.900000
vertex -5.274479 0.519491 1.900000
vertex -3.483146 0.343060 1.550000
endloop
endfacet
facet normal 0.189023 -0.0280389 0.981572
outer loop
vertex -5.198162 1.033979 1.900000
vertex -3.483146 0.343060 1.550000
vertex -3.432749 0.682816 1.550000
endloop
endfacet
facet normal 0.190861 -0.00937653 0.981572
outer loop
vertex -5.274479 0.519491 1.900000
vertex -5.300000 0.000000 1.900000
vertex -3.500000 0.000000 1.550000
endloop
endfacet
facet normal 0.190861 -0.00937652 0.981572
outer loop
vertex -5.274479 0.519491 1.900000
vertex -3.500000 0.000000 1.550000
vertex -3.483146 0.343060 1.550000
endloop
endfacet
facet normal 0.190861 0.00937653 0.981572
outer loop
vertex -5.300000 0.000000 1.900000
vertex -5.274479 -0.519491 1.900000
vertex -3.483146 -0.343060 1.550000
endloop
endfacet
facet normal 0.190861 0.00937651 0.981572
outer loop
vertex -5.300000 0.000000 1.900000
vertex -3.483146 -0.343060 1.550000
vertex -3.500000 0.000000 1.550000
endloop
endfacet
facet normal 0.189023 0.0280389 0.981572
outer loop
vertex -5.274479 -0.519491 1.900000
vertex -5.198162 -1.033979 1.900000
vertex -3.432749 -0.682816 1.550000
endloop
endfacet
facet normal 0.189023 0.0280389 0.981572
outer loop
vertex -5.274479 -0.519491 1.900000
vertex -3.432749 -0.682816 1.550000
vertex -3.483146 -0.343060 1.550000
endloop
endfacet
facet normal 0.185365 0.0464316 0.981572
outer loop
vertex -5.198162 -1.033979 1.900000
vertex -5.071784 -1.538509 1.900000
vertex -3.349291 -1.015996 1.550000
endloop
endfacet
facet normal 0.185365 0.0464316 0.981572
outer loop
vertex -5.198162 -1.033979 1.900000
vertex -3.349291 -1.015996 1.550000
vertex -3.432749 -0.682816 1.550000
endloop
endfacet
facet normal 0.179921 0.0643767 0.981572
outer loop
vertex -5.071784 -1.538509 1.900000
vertex -4.896562 -2.028222 1.900000
vertex -3.233578 -1.339392 1.550000
endloop
endfacet
facet normal 0.179921 0.0643767 0.981572
outer loop
vertex -5.071784 -1.538509 1.900000
vertex -3.233578 -1.339392 1.550000
vertex -3.349291 -1.015996 1.550000
endloop
endfacet
facet normal 0.172745 0.0817021 0.981572
outer loop
vertex -4.896562 -2.028222 1.900000
vertex -4.674183 -2.498403 1.900000
vertex -3.086725 -1.649889 1.550000
endloop
endfacet
facet normal 0.172745 0.0817022 0.981572
outer loop
vertex -4.896562 -2.028222 1.900000
vertex -3.086725 -1.649889 1.550000
vertex -3.233578 -1.339392 1.550000
endloop
endfacet
facet normal 0.163905 0.0982407 0.981572
outer loop
vertex -4.674183 -2.498403 1.900000
vertex -4.406789 -2.944522 1.900000
vertex -2.910144 -1.944496 1.550000
endloop
endfacet
facet normal 0.163905 0.0982407 0.981572
outer loop
vertex -4.674183 -2.498403 1.900000
vertex -2.910144 -1.944496 1.550000
vertex -3.086725 -1.649889 1.550000
endloop
endfacet
facet normal 0.153486 0.113833 0.981572
outer loop
vertex -4.406789 -2.944522 1.900000
vertex -4.096955 -3.362284 1.900000
vertex -2.705537 -2.220376 1.550000
endloop
endfacet
facet normal 0.153486 0.113833 0.981572
outer loop
vertex -4.406789 -2.944522 1.900000
vertex -2.705537 -2.220376 1.550000
vertex -2.910144 -1.944496 1.550000
endloop
endfacet
facet normal 0.14159 0.128329 0.981572
outer loop
vertex -3.401184 -3.132483 1.769593
vertex -2.602624 -2.333923 1.550000
vertex -2.705537 -2.220376 1.550000
endloop
endfacet
facet normal 0.141589 0.128329 0.981572
outer loop
vertex -4.096955 -3.362284 1.900000
vertex -3.747666 -3.747666 1.900000
vertex -3.394113 -3.394113 1.802778
endloop
endfacet
facet normal 0.14159 0.128335 0.981571
outer loop
vertex -4.096955 -3.362284 1.900000
vertex -3.394113 -3.394113 1.802778
vertex -3.401184 -3.387042 1.802873
endloop
endfacet
facet normal 0.141589 0.128329 0.981572
outer loop
vertex -3.401184 -3.132483 1.769593
vertex -2.705537 -2.220376 1.550000
vertex -4.096955 -3.362284 1.900000
endloop
endfacet
facet normal 0.141591 0.128324 0.981573
outer loop
vertex -3.413046 -3.145571 1.773015
vertex -3.401184 -3.132483 1.769593
vertex -4.096955 -3.362284 1.900000
endloop
endfacet
facet normal 0.141589 0.12833 0.981572
outer loop
vertex -4.096955 -3.362284 1.900000
vertex -3.401184 -3.387042 1.802873
vertex -3.413046 -3.373953 1.802873
endloop
endfacet
facet normal 0.14159 0.128326 0.981573
outer loop
vertex -4.096955 -3.362284 1.900000
vertex -3.413046 -3.373953 1.802873
vertex -3.423569 -3.359765 1.802536
endloop
endfacet
facet normal 0.14159 0.128327 0.981572
outer loop
vertex -3.423569 -3.159760 1.776388
vertex -3.413046 -3.145571 1.773015
vertex -4.096955 -3.362284 1.900000
endloop
endfacet
facet normal 0.141587 0.128338 0.981572
outer loop
vertex -3.432650 -3.174911 1.779679
vertex -3.423569 -3.159760 1.776388
vertex -4.096955 -3.362284 1.900000
endloop
endfacet
facet normal 0.141589 0.128328 0.981572
outer loop
vertex -4.096955 -3.362284 1.900000
vertex -3.423569 -3.359765 1.802536
vertex -3.432650 -3.344614 1.801865
endloop
endfacet
facet normal 0.141589 0.128331 0.981572
outer loop
vertex -4.096955 -3.362284 1.900000
vertex -3.432650 -3.344614 1.801865
vertex -3.440203 -3.328645 1.800867
endloop
endfacet
facet normal 0.141591 0.128324 0.981573
outer loop
vertex -3.440203 -3.190879 1.782856
vertex -3.432650 -3.174911 1.779679
vertex -4.096955 -3.362284 1.900000
endloop
endfacet
facet normal 0.14159 0.128328 0.981572
outer loop
vertex -3.446154 -3.207511 1.785889
vertex -3.440203 -3.190879 1.782856
vertex -4.096955 -3.362284 1.900000
endloop
endfacet
facet normal 0.14159 0.128326 0.981573
outer loop
vertex -4.096955 -3.362284 1.900000
vertex -3.440203 -3.328645 1.800867
vertex -3.446154 -3.312014 1.799551
endloop
endfacet
facet normal 0.141589 0.128332 0.981572
outer loop
vertex -4.096955 -3.362284 1.900000
vertex -3.446154 -3.312014 1.799551
vertex -3.450446 -3.294879 1.797930
endloop
endfacet
facet normal 0.141589 0.128332 0.981572
outer loop
vertex -3.450446 -3.224646 1.788748
vertex -3.446154 -3.207511 1.785889
vertex -4.096955 -3.362284 1.900000
endloop
endfacet
facet normal 0.141589 0.128332 0.981572
outer loop
vertex -3.453038 -3.242119 1.791406
vertex -3.450446 -3.224646 1.788748
vertex -4.096955 -3.362284 1.900000
endloop
endfacet
facet normal 0.141589 0.128332 0.981572
outer loop
vertex -4.096955 -3.362284 1.900000
vertex -3.450446 -3.294879 1.797930
vertex -3.453038 -3.277406 1.796019
endloop
endfacet
facet normal 0.141591 0.128323 0.981573
outer loop
vertex -3.453904 -3.259762 1.793838
vertex -3.453038 -3.242119 1.791406
vertex -4.096955 -3.362284 1.900000
endloop
endfacet
facet normal 0.141589 0.12833 0.981572
outer loop
vertex -4.096955 -3.362284 1.900000
vertex -3.453038 -3.277406 1.796019
vertex -3.453904 -3.259762 1.793838
endloop
endfacet
facet normal 0.12833 0.141589 0.981572
outer loop
vertex -3.387041 -3.401184 1.802873
vertex -3.394113 -3.394113 1.802778
vertex -3.747666 -3.747666 1.900000
endloop
endfacet
facet normal 0.128329 0.141589 0.981572
outer loop
vertex -3.362284 -4.096955 1.900000
vertex -2.220376 -2.705537 1.550000
vertex -2.333923 -2.602624 1.550000
endloop
endfacet
facet normal 0.128329 0.141589 0.981572
outer loop
vertex -3.362284 -4.096955 1.900000
vertex -2.333923 -2.602624 1.550000
vertex -3.132483 -3.401184 1.769593
endloop
endfacet
facet normal 0.128329 0.141589 0.981572
outer loop
vertex -3.387041 -3.401184 1.802873
vertex -3.747666 -3.747666 1.900000
vertex -3.362284 -4.096955 1.900000
endloop
endfacet
facet normal 0.12833 0.141589 0.981572
outer loop
vertex -3.373953 -3.413046 1.802873
vertex -3.387041 -3.401184 1.802873
vertex -3.362284 -4.096955 1.900000
endloop
endfacet
facet normal 0.128324 0.141591 0.981573
outer loop
vertex -3.362284 -4.096955 1.900000
vertex -3.132483 -3.401184 1.769593
vertex -3.145571 -3.413046 1.773015
endloop
endfacet
facet normal 0.128327 0.14159 0.981572
outer loop
vertex -3.362284 -4.096955 1.900000
vertex -3.145571 -3.413046 1.773015
vertex -3.159760 -3.423569 1.776388
endloop
endfacet
facet normal 0.128325 0.141589 0.981573
outer loop
vertex -3.359765 -3.423569 1.802536
vertex -3.373953 -3.413046 1.802873
vertex -3.362284 -4.096955 1.900000
endloop
endfacet
facet normal 0.128331 0.141589 0.981572
outer loop
vertex -3.344614 -3.432650 1.801865
vertex -3.359765 -3.423569 1.802536
vertex -3.362284 -4.096955 1.900000
endloop
endfacet
facet normal 0.128335 0.141588 0.981572
outer loop
vertex -3.362284 -4.096955 1.900000
vertex -3.159760 -3.423569 1.776388
vertex -3.174911 -3.432650 1.779679
endloop
endfacet
facet normal 0.128327 0.14159 0.981572
outer loop
vertex -3.362284 -4.096955 1.900000
vertex -3.174911 -3.432650 1.779679
vertex -3.190879 -3.440203 1.782856
endloop
endfacet
facet normal 0.128329 0.141589 0.981572
outer loop
vertex -3.328645 -3.440203 1.800867
vertex -3.344614 -3.432650 1.801865
vertex -3.362284 -4.096955 1.900000
endloop
endfacet
facet normal 0.128332 0.141589 0.981572
outer loop
vertex -3.312013 -3.446154 1.799551
vertex -3.328645 -3.440203 1.800867
vertex -3.362284 -4.096955 1.900000
endloop
endfacet
facet normal 0.128327 0.14159 0.981572
outer loop
vertex -3.362284 -4.096955 1.900000
vertex -3.190879 -3.440203 1.782856
vertex -3.207511 -3.446154 1.785889
endloop
endfacet
facet normal 0.128328 0.14159 0.981572
outer loop
vertex -3.362284 -4.096955 1.900000
vertex -3.207511 -3.446154 1.785889
vertex -3.224646 -3.450446 1.788748
endloop
endfacet
facet normal 0.128327 0.14159 0.981572
outer loop
vertex -3.294878 -3.450446 1.797930
vertex -3.312013 -3.446154 1.799551
vertex -3.362284 -4.096955 1.900000
endloop
endfacet
facet normal 0.12833 0.141589 0.981572
outer loop
vertex -3.277405 -3.453038 1.796019
vertex -3.294878 -3.450446 1.797930
vertex -3.362284 -4.096955 1.900000
endloop
endfacet
facet normal 0.128329 0.14159 0.981572
outer loop
vertex -3.362284 -4.096955 1.900000
vertex -3.224646 -3.450446 1.788748
vertex -3.242119 -3.453038 1.791406
endloop
endfacet
facet normal 0.128325 0.14159 0.981573
outer loop
vertex -3.259762 -3.453904 1.793838
vertex -3.277405 -3.453038 1.796019
vertex -3.362284 -4.096955 1.900000
endloop
endfacet
facet normal 0.128334 0.141588 0.981572
outer loop
vertex -3.362284 -4.096955 1.900000
vertex -3.242119 -3.453038 1.791406
vertex -3.259762 -3.453904 1.793838
endloop
endfacet
facet normal 0.113833 0.153486 0.981572
outer loop
vertex -3.362284 -4.096955 1.900000
vertex -2.944522 -4.406789 1.900000
vertex -1.944496 -2.910144 1.550000
endloop
endfacet
facet normal 0.113833 0.153486 0.981572
outer loop
vertex -3.362284 -4.096955 1.900000
vertex -1.944496 -2.910144 1.550000
vertex -2.220376 -2.705537 1.550000
endloop
endfacet
facet normal 0.0982407 0.163905 0.981572
outer loop
vertex -2.944522 -4.406789 1.900000
vertex -2.498403 -4.674183 1.900000
vertex -1.649889 -3.086725 1.550000
endloop
endfacet
facet normal 0.0982408 0.163905 0.981572
outer loop
vertex -2.944522 -4.406789 1.900000
vertex -1.649889 -3.086725 1.550000
vertex -1.944496 -2.910144 1.550000
endloop
endfacet
facet normal 0.0817021 0.172745 0.981572
outer loop
vertex -2.498403 -4.674183 1.900000
vertex -2.028222 -4.896562 1.900000
vertex -1.339392 -3.233578 1.550000
endloop
endfacet
facet normal 0.0817021 0.172745 0.981572
outer loop
vertex -2.498403 -4.674183 1.900000
vertex -1.339392 -3.233578 1.550000
vertex -1.649889 -3.086725 1.550000
endloop
endfacet
facet normal 0.0643767 0.179921 0.981572
outer loop
vertex -2.028222 -4.896562 1.900000
vertex -1.538509 -5.071784 1.900000
vertex -1.015996 -3.349291 1.550000
endloop
endfacet
facet normal 0.0643766 0.179921 0.981572
outer loop
vertex -2.028222 -4.896562 1.900000
vertex -1.015996 -3.349291 1.550000
vertex -1.339392 -3.233578 1.550000
endloop
endfacet
facet normal 0.0464316 0.185365 0.981572
outer loop
vertex -1.538509 -5.071784 1.900000
vertex -1.033979 -5.198162 1.900000
vertex -0.682816 -3.432749 1.550000
endloop
endfacet
facet normal 0.0464315 0.185365 0.981572
outer loop
vertex -1.538509 -5.071784 1.900000
vertex -0.682816 -3.432749 1.550000
vertex -1.015996 -3.349291 1.550000
endloop
endfacet
facet normal 0.0280389 0.189023 0.981572
outer loop
vertex -1.033979 -5.198162 1.900000
vertex -0.519491 -5.274479 1.900000
vertex -0.343060 -3.483146 1.550000
endloop
endfacet
facet normal 0.0280389 0.189023 0.981572
outer loop
vertex -1.033979 -5.198162 1.900000
vertex -0.343060 -3.483146 1.550000
vertex -0.682816 -3.432749 1.550000
endloop
endfacet
facet normal 0.00937653 0.190861 0.981572
outer loop
vertex -0.519491 -5.274479 1.900000
vertex -0.000000 -5.300000 1.900000
vertex -0.000000 -3.500000 1.550000
endloop
endfacet
facet normal 0.00937652 0.190861 0.981572
outer loop
vertex -0.519491 -5.274479 1.900000
vertex -0.000000 -3.500000 1.550000
vertex -0.343060 -3.483146 1.550000
endloop
endfacet
facet normal -0.00937653 0.190861 0.981572
outer loop
vertex -0.000000 -5.300000 1.900000
vertex 0.519491 -5.274479 1.900000
vertex 0.343060 -3.483146 1.550000
endloop
endfacet
facet normal -0.00937651 0.190861 0.981572
outer loop
vertex -0.000000 -5.300000 1.900000
vertex 0.343060 -3.483146 1.550000
vertex -0.000000 -3.500000 1.550000
endloop
endfacet
facet normal -0.0280389 0.189023 0.981572
outer loop
vertex 0.519491 -5.274479 1.900000
vertex 1.033979 -5.198162 1.900000
vertex 0.682816 -3.432749 1.550000
endloop
endfacet
facet normal -0.0280389 0.189023 0.981572
outer loop
vertex 0.519491 -5.274479 1.900000
vertex 0.682816 -3.432749 1.550000
vertex 0.343060 -3.483146 1.550000
endloop
endfacet
facet normal -0.0464316 0.185365 0.981572
outer loop
vertex 1.033979 -5.198162 1.900000
vertex 1.538509 -5.071784 1.900000
vertex 1.015996 -3.349291 1.550000
endloop
endfacet
facet normal -0.0464316 0.185365 0.981572
outer loop
vertex 1.033979 -5.198162 1.900000
vertex 1.015996 -3.349291 1.550000
vertex 0.682816 -3.432749 1.550000
endloop
endfacet
facet normal -0.0643767 0.179921 0.981572
outer loop
vertex 1.538509 -5.071784 1.900000
vertex 2.028222 -4.896562 1.900000
vertex 1.339392 -3.233578 1.550000
endloop
endfacet
facet normal -0.0643767 0.179921 0.981572
outer loop
vertex 1.538509 -5.071784 1.900000
vertex 1.339392 -3.233578 1.550000
vertex 1.015996 -3.349291 1.550000
endloop
endfacet
facet normal -0.0817021 0.172745 0.981572
outer loop
vertex 2.028222 -4.896562 1.900000
vertex 2.498403 -4.674183 1.900000
vertex 1.649889 -3.086725 1.550000
endloop
endfacet
facet normal -0.0817022 0.172745 0.981572
outer loop
vertex 2.028222 -4.896562 1.900000
vertex 1.649889 -3.086725 1.550000
vertex 1.339392 -3.233578 1.550000
endloop
endfacet
facet normal -0.0982407 0.163905 0.981572
outer loop
vertex 2.498403 -4.674183 1.900000
vertex 2.944522 -4.406789 1.900000
vertex 1.944496 -2.910144 1.550000
endloop
endfacet
facet normal -0.0982407 0.163905 0.981572
outer loop
vertex 2.498403 -4.674183 1.900000
vertex 1.944496 -2.910144 1.550000
vertex 1.649889 -3.086725 1.550000
endloop
endfacet
facet normal -0.113833 0.153486 0.981572
outer loop
vertex 2.944522 -4.406789 1.900000
vertex 3.362284 -4.096955 1.900000
vertex 2.220376 -2.705537 1.550000
endloop
endfacet
facet normal -0.113833 0.153486 0.981572
outer loop
vertex 2.944522 -4.406789 1.900000
vertex 2.220376 -2.705537 1.550000
vertex 1.944496 -2.910144 1.550000
endloop
endfacet
facet normal -0.128329 0.14159 0.981572
outer loop
vertex 3.132483 -3.401184 1.769593
vertex 2.333923 -2.602624 1.550000
vertex 2.220376 -2.705537 1.550000
endloop
endfacet
facet normal -0.128329 0.141589 0.981572
outer loop
vertex 3.362284 -4.096955 1.900000
vertex 3.747666 -3.747666 1.900000
vertex 3.394113 -3.394113 1.802778
endloop
endfacet
facet normal -0.128335 0.14159 0.981571
outer loop
vertex 3.362284 -4.096955 1.900000
vertex 3.394113 -3.394113 1.802778
vertex 3.387042 -3.401184 1.802873
endloop
endfacet
facet normal -0.128329 0.141589 0.981572
outer loop
vertex 3.132483 -3.401184 1.769593
vertex 2.220376 -2.705537 1.550000
vertex 3.362284 -4.096955 1.900000
endloop
endfacet
facet normal -0.128321 0.141592 0.981573
outer loop
vertex 3.145571 -3.413046 1.773015
vertex 3.132483 -3.401184 1.769593
vertex 3.362284 -4.096955 1.900000
endloop
endfacet
facet normal -0.12833 0.141589 0.981572
outer loop
vertex 3.362284 -4.096955 1.900000
vertex 3.387042 -3.401184 1.802873
vertex 3.373953 -3.413046 1.802873
endloop
endfacet
facet normal -0.128326 0.14159 0.981573
outer loop
vertex 3.362284 -4.096955 1.900000
vertex 3.373953 -3.413046 1.802873
vertex 3.359765 -3.423569 1.802536
endloop
endfacet
facet normal -0.12833 0.141589 0.981572
outer loop
vertex 3.159760 -3.423569 1.776388
vertex 3.145571 -3.413046 1.773015
vertex 3.362284 -4.096955 1.900000
endloop
endfacet
facet normal -0.128335 0.141588 0.981572
outer loop
vertex 3.174911 -3.432650 1.779679
vertex 3.159760 -3.423569 1.776388
vertex 3.362284 -4.096955 1.900000
endloop
endfacet
facet normal -0.128326 0.141589 0.981573
outer loop
vertex 3.362284 -4.096955 1.900000
vertex 3.359765 -3.423569 1.802536
vertex 3.344614 -3.432650 1.801865
endloop
endfacet
facet normal -0.128331 0.141589 0.981572
outer loop
vertex 3.362284 -4.096955 1.900000
vertex 3.344614 -3.432650 1.801865
vertex 3.328645 -3.440203 1.800867
endloop
endfacet
facet normal -0.128324 0.141591 0.981573
outer loop
vertex 3.190879 -3.440203 1.782856
vertex 3.174911 -3.432650 1.779679
vertex 3.362284 -4.096955 1.900000
endloop
endfacet
facet normal -0.12833 0.141589 0.981572
outer loop
vertex 3.207511 -3.446154 1.785889
vertex 3.190879 -3.440203 1.782856
vertex 3.362284 -4.096955 1.900000
endloop
endfacet
facet normal -0.128328 0.14159 0.981572
outer loop
vertex 3.362284 -4.096955 1.900000
vertex 3.328645 -3.440203 1.800867
vertex 3.312014 -3.446154 1.799551
endloop
endfacet
facet normal -0.12833 0.141589 0.981572
outer loop
vertex 3.362284 -4.096955 1.900000
vertex 3.312014 -3.446154 1.799551
vertex 3.294878 -3.450446 1.797930
endloop
endfacet
facet normal -0.12833 0.141589 0.981572
outer loop
vertex 3.224646 -3.450446 1.788748
vertex 3.207511 -3.446154 1.785889
vertex 3.362284 -4.096955 1.900000
endloop
endfacet
facet normal -0.128332 0.141589 0.981572
outer loop
vertex 3.242119 -3.453038 1.791406
vertex 3.224646 -3.450446 1.788748
vertex 3.362284 -4.096955 1.900000
endloop
endfacet
facet normal -0.128332 0.141589 0.981572
outer loop
vertex 3.362284 -4.096955 1.900000
vertex 3.294878 -3.450446 1.797930
vertex 3.277405 -3.453038 1.796019
endloop
endfacet
facet normal -0.128323 0.141591 0.981573
outer loop
vertex 3.259762 -3.453904 1.793838
vertex 3.242119 -3.453038 1.791406
vertex 3.362284 -4.096955 1.900000
endloop
endfacet
facet normal -0.128332 0.141589 0.981572
outer loop
vertex 3.362284 -4.096955 1.900000
vertex 3.277405 -3.453038 1.796019
vertex 3.259762 -3.453904 1.793838
endloop
endfacet
facet normal -0.141587 0.128332 0.981572
outer loop
vertex 3.401184 -3.387042 1.802873
vertex 3.394113 -3.394113 1.802778
vertex 3.747666 -3.747666 1.900000
endloop
endfacet
facet normal -0.14159 0.128329 0.981572
outer loop
vertex 4.096955 -3.362284 1.900000
vertex 2.705537 -2.220376 1.550000
vertex 2.602624 -2.333923 1.550000
endloop
endfacet
facet normal -0.141589 0.128329 0.981572
outer loop
vertex 4.096955 -3.362284 1.900000
vertex 2.602624 -2.333923 1.550000
vertex 3.401184 -3.132483 1.769593
endloop
endfacet
facet normal -0.141589 0.128329 0.981572
outer loop
vertex 3.401184 -3.387042 1.802873
vertex 3.747666 -3.747666 1.900000
vertex 4.096955 -3.362284 1.900000
endloop
endfacet
facet normal -0.141589 0.12833 0.981572
outer loop
vertex 3.413046 -3.373953 1.802873
vertex 3.401184 -3.387042 1.802873
vertex 4.096955 -3.362284 1.900000
endloop
endfacet
facet normal -0.141592 0.128321 0.981573
outer loop
vertex 4.096955 -3.362284 1.900000
vertex 3.401184 -3.132483 1.769593
vertex 3.413046 -3.145571 1.773015
endloop
endfacet
facet normal -0.141589 0.12833 0.981572
outer loop
vertex 4.096955 -3.362284 1.900000
vertex 3.413046 -3.145571 1.773015
vertex 3.423569 -3.159760 1.776388
endloop
endfacet
facet normal -0.14159 0.128325 0.981573
outer loop
vertex 3.423569 -3.359765 1.802536
vertex 3.413046 -3.373953 1.802873
vertex 4.096955 -3.362284 1.900000
endloop
endfacet
facet normal -0.141589 0.128326 0.981573
outer loop
vertex 3.432650 -3.344614 1.801865
vertex 3.423569 -3.359765 1.802536
vertex 4.096955 -3.362284 1.900000
endloop
endfacet
facet normal -0.141587 0.128336 0.981572
outer loop
vertex 4.096955 -3.362284 1.900000
vertex 3.423569 -3.159760 1.776388
vertex 3.432650 -3.174911 1.779679
endloop
endfacet
facet normal -0.141591 0.128324 0.981573
outer loop
vertex 4.096955 -3.362284 1.900000
vertex 3.432650 -3.174911 1.779679
vertex 3.440203 -3.190879 1.782856
endloop
endfacet
facet normal -0.141589 0.128331 0.981572
outer loop
vertex 3.440203 -3.328645 1.800867
vertex 3.432650 -3.344614 1.801865
vertex 4.096955 -3.362284 1.900000
endloop
endfacet
facet normal -0.14159 0.128327 0.981572
outer loop
vertex 3.446154 -3.312014 1.799551
vertex 3.440203 -3.328645 1.800867
vertex 4.096955 -3.362284 1.900000
endloop
endfacet
facet normal -0.141589 0.128329 0.981572
outer loop
vertex 4.096955 -3.362284 1.900000
vertex 3.440203 -3.190879 1.782856
vertex 3.446154 -3.207511 1.785889
endloop
endfacet
facet normal -0.141589 0.128331 0.981572
outer loop
vertex 4.096955 -3.362284 1.900000
vertex 3.446154 -3.207511 1.785889
vertex 3.450446 -3.224646 1.788748
endloop
endfacet
facet normal -0.141589 0.12833 0.981572
outer loop
vertex 3.450446 -3.294878 1.797930
vertex 3.446154 -3.312014 1.799551
vertex 4.096955 -3.362284 1.900000
endloop
endfacet
facet normal -0.141589 0.128332 0.981572
outer loop
vertex 3.453038 -3.277405 1.796019
vertex 3.450446 -3.294878 1.797930
vertex 4.096955 -3.362284 1.900000
endloop
endfacet
facet normal -0.141589 0.128332 0.981572
outer loop
vertex 4.096955 -3.362284 1.900000
vertex 3.450446 -3.224646 1.788748
vertex 3.453038 -3.242119 1.791406
endloop
endfacet
facet normal -0.14159 0.128325 0.981573
outer loop
vertex 3.453904 -3.259762 1.793838
vertex 3.453038 -3.277405 1.796019
vertex 4.096955 -3.362284 1.900000
endloop
endfacet
facet normal -0.141589 0.12833 0.981572
outer loop
vertex 4.096955 -3.362284 1.900000
vertex 3.453038 -3.242119 1.791406
vertex 3.453904 -3.259762 1.793838
endloop
endfacet
facet normal -0.153486 0.113833 0.981572
outer loop
vertex 4.096955 -3.362284 1.900000
vertex 4.406789 -2.944522 1.900000
vertex 2.910144 -1.944496 1.550000
endloop
endfacet
facet normal -0.153486 0.113833 0.981572
outer loop
vertex 4.096955 -3.362284 1.900000
vertex 2.910144 -1.944496 1.550000
vertex 2.705537 -2.220376 1.550000
endloop
endfacet
facet normal -0.163905 0.0982407 0.981572
outer loop
vertex 4.406789 -2.944522 1.900000
vertex 4.674183 -2.498403 1.900000
vertex 3.086725 -1.649889 1.550000
endloop
endfacet
facet normal -0.163905 0.0982408 0.981572
outer loop
vertex 4.406789 -2.944522 1.900000
vertex 3.086725 -1.649889 1.550000
vertex 2.910144 -1.944496 1.550000
endloop
endfacet
facet normal -0.172745 0.0817021 0.981572
outer loop
vertex 4.674183 -2.498403 1.900000
vertex 4.896562 -2.028222 1.900000
vertex 3.233578 -1.339392 1.550000
endloop
endfacet
facet normal -0.172745 0.0817021 0.981572
outer loop
vertex 4.674183 -2.498403 1.900000
vertex 3.233578 -1.339392 1.550000
vertex 3.086725 -1.649889 1.550000
endloop
endfacet
facet normal -0.179921 0.0643767 0.981572
outer loop
vertex 4.896562 -2.028222 1.900000
vertex 5.071784 -1.538509 1.900000
vertex 3.349291 -1.015996 1.550000
endloop
endfacet
facet normal -0.179921 0.0643766 0.981572
outer loop
vertex 4.896562 -2.028222 1.900000
vertex 3.349291 -1.015996 1.550000
vertex 3.233578 -1.339392 1.550000
endloop
endfacet
facet normal -0.185365 0.0464316 0.981572
outer loop
vertex 5.071784 -1.538509 1.900000
vertex 5.198162 -1.033979 1.900000
vertex 3.432749 -0.682816 1.550000
endloop
endfacet
facet normal -0.185365 0.0464315 0.981572
outer loop
vertex 5.071784 -1.538509 1.900000
vertex 3.432749 -0.682816 1.550000
vertex 3.349291 -1.015996 1.550000
endloop
endfacet
facet normal -0.189023 0.0280389 0.981572
outer loop
vertex 5.198162 -1.033979 1.900000
vertex 5.274479 -0.519491 1.900000
vertex 3.483146 -0.343060 1.550000
endloop
endfacet
facet normal -0.189023 0.0280389 0.981572
outer loop
vertex 5.198162 -1.033979 1.900000
vertex 3.483146 -0.343060 1.550000
vertex 3.432749 -0.682816 1.550000
endloop
endfacet
facet normal -0.190861 0.00937653 0.981572
outer loop
vertex 5.274479 -0.519491 1.900000
vertex 5.300000 0.000000 1.900000
vertex 3.500000 0.000000 1.550000
endloop
endfacet
facet normal -0.190861 0.00937652 0.981572
outer loop
vertex 5.274479 -0.519491 1.900000
vertex 3.500000 0.000000 1.550000
vertex 3.483146 -0.343060 1.550000
endloop
endfacet
facet normal -0.0434371 -0.00213394 0.999054
outer loop
vertex 3.500000 0.000000 1.550000
vertex 3.483146 0.343060 1.550000
vertex 0.049759 0.004901 1.400000
endloop
endfacet
facet normal -0.0434371 -0.00213428 0.999054
outer loop
vertex 3.500000 0.000000 1.550000
vertex 0.049759 0.004901 1.400000
vertex 0.050000 0.000000 1.400000
endloop
endfacet
facet normal -0.0430188 -0.00638121 0.999054
outer loop
vertex 3.483146 0.343060 1.550000
vertex 3.432749 0.682816 1.550000
vertex 0.049039 0.009755 1.400000
endloop
endfacet
facet normal -0.0430188 -0.00637818 0.999054
outer loop
vertex 3.483146 0.343060 1.550000
vertex 0.049039 0.009755 1.400000
vertex 0.049759 0.004901 1.400000
endloop
endfacet
facet normal -0.0421862 -0.0105671 0.999054
outer loop
vertex 3.432749 0.682816 1.550000
vertex 3.349291 1.015996 1.550000
vertex 0.047847 0.014514 1.400000
endloop
endfacet
facet normal -0.0421859 -0.0105657 0.999054
outer loop
vertex 3.432749 0.682816 1.550000
vertex 0.047847 0.014514 1.400000
vertex 0.049039 0.009755 1.400000
endloop
endfacet
facet normal -0.0409473 -0.0146511 0.999054
outer loop
vertex 3.349291 1.015996 1.550000
vertex 3.233578 1.339392 1.550000
vertex 0.046194 0.019134 1.400000
endloop
endfacet
facet normal -0.0409475 -0.0146512 0.999054
outer loop
vertex 3.349291 1.015996 1.550000
vertex 0.046194 0.019134 1.400000
vertex 0.047847 0.014514 1.400000
endloop
endfacet
facet normal -0.039314 -0.0185942 0.999054
outer loop
vertex 3.233578 1.339392 1.550000
vertex 3.086725 1.649889 1.550000
vertex 0.044096 0.023570 1.400000
endloop
endfacet
facet normal -0.0393137 -0.0185954 0.999054
outer loop
vertex 3.233578 1.339392 1.550000
vertex 0.044096 0.023570 1.400000
vertex 0.046194 0.019134 1.400000
endloop
endfacet
facet normal -0.0373022 -0.0223581 0.999054
outer loop
vertex 3.086725 1.649889 1.550000
vertex 2.910144 1.944496 1.550000
vertex 0.041573 0.027779 1.400000
endloop
endfacet
facet normal -0.0373029 -0.0223574 0.999054
outer loop
vertex 3.086725 1.649889 1.550000
vertex 0.041573 0.027779 1.400000
vertex 0.044096 0.023570 1.400000
endloop
endfacet
facet normal -0.0349311 -0.0259067 0.999054
outer loop
vertex 2.910144 1.944496 1.550000
vertex 2.705537 2.220376 1.550000
vertex 0.038651 0.031720 1.400000
endloop
endfacet
facet normal -0.0349298 -0.0259068 0.999054
outer loop
vertex 2.910144 1.944496 1.550000
vertex 0.038651 0.031720 1.400000
vertex 0.041573 0.027779 1.400000
endloop
endfacet
facet normal -0.0322221 -0.0292073 0.999054
outer loop
vertex 1.633417 1.619275 1.497847
vertex 1.626346 1.626346 1.497826
vertex 0.035355 0.035355 1.400000
endloop
endfacet
facet normal -0.0322236 -0.0292058 0.999054
outer loop
vertex 0.035355 0.035355 1.400000
vertex 0.038651 0.031720 1.400000
vertex 2.705537 2.220376 1.550000
endloop
endfacet
facet normal -0.0322236 -0.0292057 0.999054
outer loop
vertex 2.705537 2.220376 1.550000
vertex 2.602624 2.333923 1.550000
vertex 1.887975 1.619275 1.506058
endloop
endfacet
facet normal -0.0322378 -0.0291877 0.999054
outer loop
vertex 2.705537 2.220376 1.550000
vertex 1.887975 1.619275 1.506058
vertex 1.874887 1.607412 1.505289
endloop
endfacet
facet normal -0.0322225 -0.0292069 0.999054
outer loop
vertex 1.646505 1.607412 1.497923
vertex 1.633417 1.619275 1.497847
vertex 0.035355 0.035355 1.400000
endloop
endfacet
facet normal -0.0322216 -0.0292078 0.999054
outer loop
vertex 1.660693 1.596889 1.498073
vertex 1.646505 1.607412 1.497923
vertex 0.035355 0.035355 1.400000
endloop
endfacet
facet normal -0.032223 -0.0292065 0.999054
outer loop
vertex 0.035355 0.035355 1.400000
vertex 2.705537 2.220376 1.550000
vertex 1.874887 1.607412 1.505289
endloop
endfacet
facet normal -0.0322684 -0.0291573 0.999054
outer loop
vertex 0.035355 0.035355 1.400000
vertex 1.874887 1.607412 1.505289
vertex 1.860699 1.596889 1.504524
endloop
endfacet
facet normal -0.0322262 -0.029203 0.999054
outer loop
vertex 1.675845 1.587808 1.498296
vertex 1.660693 1.596889 1.498073
vertex 0.035355 0.035355 1.400000
endloop
endfacet
facet normal -0.0322215 -0.029208 0.999054
outer loop
vertex 1.691813 1.580256 1.498590
vertex 1.675845 1.587808 1.498296
vertex 0.035355 0.035355 1.400000
endloop
endfacet
facet normal -0.0322125 -0.0292174 0.999054
outer loop
vertex 0.035355 0.035355 1.400000
vertex 1.860699 1.596889 1.504524
vertex 1.845547 1.587808 1.503770
endloop
endfacet
facet normal -0.0322307 -0.0291966 0.999054
outer loop
vertex 0.035355 0.035355 1.400000
vertex 1.845547 1.587808 1.503770
vertex 1.829579 1.580256 1.503034
endloop
endfacet
facet normal -0.0322252 -0.0292041 0.999054
outer loop
vertex 1.708445 1.574305 1.498953
vertex 1.691813 1.580256 1.498590
vertex 0.035355 0.035355 1.400000
endloop
endfacet
facet normal -0.0322258 -0.0292033 0.999054
outer loop
vertex 1.725580 1.570012 1.499380
vertex 1.708445 1.574305 1.498953
vertex 0.035355 0.035355 1.400000
endloop
endfacet
facet normal -0.0322192 -0.0292105 0.999054
outer loop
vertex 0.035355 0.035355 1.400000
vertex 1.829579 1.580256 1.503034
vertex 1.812947 1.574305 1.502323
endloop
endfacet
facet normal -0.0322269 -0.0292027 0.999054
outer loop
vertex 0.035355 0.035355 1.400000
vertex 1.812947 1.574305 1.502323
vertex 1.795812 1.570012 1.501645
endloop
endfacet
facet normal -0.0322231 -0.0292063 0.999054
outer loop
vertex 1.743053 1.567421 1.499868
vertex 1.725580 1.570012 1.499380
vertex 0.035355 0.035355 1.400000
endloop
endfacet
facet normal -0.0322231 -0.0292064 0.999054
outer loop
vertex 1.760696 1.566554 1.500412
vertex 1.743053 1.567421 1.499868
vertex 0.035355 0.035355 1.400000
endloop
endfacet
facet normal -0.0322216 -0.0292077 0.999054
outer loop
vertex 0.035355 0.035355 1.400000
vertex 1.795812 1.570012 1.501645
vertex 1.778339 1.567421 1.501006
endloop
endfacet
facet normal -0.0322224 -0.0292076 0.999054
outer loop
vertex 0.035355 0.035355 1.400000
vertex 1.778339 1.567421 1.501006
vertex 1.760696 1.566554 1.500412
endloop
endfacet
facet normal -0.0292057 -0.0322236 0.999054
outer loop
vertex 1.619275 1.887975 1.506058
vertex 2.333923 2.602624 1.550000
vertex 2.220376 2.705537 1.550000
endloop
endfacet
facet normal -0.0292051 -0.0322233 0.999054
outer loop
vertex 2.220376 2.705537 1.550000
vertex 0.031720 0.038651 1.400000
vertex 0.035355 0.035355 1.400000
endloop
endfacet
facet normal -0.0292074 -0.0322225 0.999054
outer loop
vertex 0.035355 0.035355 1.400000
vertex 1.626346 1.626346 1.497826
vertex 1.619275 1.633417 1.497847
endloop
endfacet
facet normal -0.0292071 -0.0322229 0.999054
outer loop
vertex 0.035355 0.035355 1.400000
vertex 1.619275 1.633417 1.497847
vertex 1.607412 1.646505 1.497923
endloop
endfacet
facet normal -0.0291869 -0.0322374 0.999054
outer loop
vertex 1.607412 1.874887 1.505289
vertex 1.619275 1.887975 1.506058
vertex 2.220376 2.705537 1.550000
endloop
endfacet
facet normal -0.0307659 -0.0310723 0.999044
outer loop
vertex 1.596889 1.860699 1.504524
vertex 1.607412 1.874887 1.505289
vertex 2.220376 2.705537 1.550000
endloop
endfacet
facet normal -0.029208 -0.0322219 0.999054
outer loop
vertex 0.035355 0.035355 1.400000
vertex 1.607412 1.646505 1.497923
vertex 1.596889 1.660693 1.498073
endloop
endfacet
facet normal -0.0292032 -0.0322264 0.999054
outer loop
vertex 0.035355 0.035355 1.400000
vertex 1.596889 1.660693 1.498073
vertex 1.587808 1.675845 1.498296
endloop
endfacet
facet normal -0.0292053 -0.032224 0.999054
outer loop
vertex 1.596889 1.860699 1.504524
vertex 2.220376 2.705537 1.550000
vertex 0.035355 0.035355 1.400000
endloop
endfacet
facet normal -0.0292182 -0.032213 0.999054
outer loop
vertex 1.587808 1.845547 1.503770
vertex 1.596889 1.860699 1.504524
vertex 0.035355 0.035355 1.400000
endloop
endfacet
facet normal -0.029208 -0.0322214 0.999054
outer loop
vertex 0.035355 0.035355 1.400000
vertex 1.587808 1.675845 1.498296
vertex 1.580256 1.691813 1.498590
endloop
endfacet
facet normal -0.0292042 -0.032225 0.999054
outer loop
vertex 0.035355 0.035355 1.400000
vertex 1.580256 1.691813 1.498590
vertex 1.574305 1.708445 1.498953
endloop
endfacet
facet normal -0.0291978 -0.0322305 0.999054
outer loop
vertex 1.580256 1.829579 1.503034
vertex 1.587808 1.845547 1.503770
vertex 0.035355 0.035355 1.400000
endloop
endfacet
facet normal -0.0292109 -0.0322192 0.999054
outer loop
vertex 1.574305 1.812947 1.502323
vertex 1.580256 1.829579 1.503034
vertex 0.035355 0.035355 1.400000
endloop
endfacet
facet normal -0.0292033 -0.0322259 0.999054
outer loop
vertex 0.035355 0.035355 1.400000
vertex 1.574305 1.708445 1.498953
vertex 1.570012 1.725580 1.499380
endloop
endfacet
facet normal -0.0292066 -0.0322235 0.999054
outer loop
vertex 0.035355 0.035355 1.400000
vertex 1.570012 1.725580 1.499380
vertex 1.567421 1.743053 1.499868
endloop
endfacet
facet normal -0.0292027 -0.0322263 0.999054
outer loop
vertex 1.570012 1.795812 1.501645
vertex 1.574305 1.812947 1.502323
vertex 0.035355 0.035355 1.400000
endloop
endfacet
facet normal -0.029208 -0.0322216 0.999054
outer loop
vertex 1.567421 1.778339 1.501006
vertex 1.570012 1.795812 1.501645
vertex 0.035355 0.035355 1.400000
endloop
endfacet
facet normal -0.0292059 -0.032223 0.999054
outer loop
vertex 0.035355 0.035355 1.400000
vertex 1.567421 1.743053 1.499868
vertex 1.566554 1.760696 1.500412
endloop
endfacet
facet normal -0.0292076 -0.0322224 0.999054
outer loop
vertex 0.035355 0.035355 1.400000
vertex 1.566554 1.760696 1.500412
vertex 1.567421 1.778339 1.501006
endloop
endfacet
facet normal -0.0259067 -0.0349311 0.999054
outer loop
vertex 2.220376 2.705537 1.550000
vertex 1.944496 2.910144 1.550000
vertex 0.027779 0.041573 1.400000
endloop
endfacet
facet normal -0.0259076 -0.0349308 0.999054
outer loop
vertex 2.220376 2.705537 1.550000
vertex 0.027779 0.041573 1.400000
vertex 0.031720 0.038651 1.400000
endloop
endfacet
facet normal -0.0223581 -0.0373022 0.999054
outer loop
vertex 1.944496 2.910144 1.550000
vertex 1.649889 3.086725 1.550000
vertex 0.023570 0.044096 1.400000
endloop
endfacet
facet normal -0.0223574 -0.0373029 0.999054
outer loop
vertex 1.944496 2.910144 1.550000
vertex 0.023570 0.044096 1.400000
vertex 0.027779 0.041573 1.400000
endloop
endfacet
facet normal -0.0185942 -0.0393141 0.999054
outer loop
vertex 1.649889 3.086725 1.550000
vertex 1.339392 3.233578 1.550000
vertex 0.019134 0.046194 1.400000
endloop
endfacet
facet normal -0.0185954 -0.0393128 0.999054
outer loop
vertex 1.649889 3.086725 1.550000
vertex 0.019134 0.046194 1.400000
vertex 0.023570 0.044096 1.400000
endloop
endfacet
facet normal -0.0146511 -0.0409473 0.999054
outer loop
vertex 1.339392 3.233578 1.550000
vertex 1.015996 3.349291 1.550000
vertex 0.014514 0.047847 1.400000
endloop
endfacet
facet normal -0.0146492 -0.0409469 0.999054
outer loop
vertex 1.339392 3.233578 1.550000
vertex 0.014514 0.047847 1.400000
vertex 0.019134 0.046194 1.400000
endloop
endfacet
facet normal -0.0105671 -0.0421862 0.999054
outer loop
vertex 1.015996 3.349291 1.550000
vertex 0.682816 3.432749 1.550000
vertex 0.009755 0.049039 1.400000
endloop
endfacet
facet normal -0.0105675 -0.0421855 0.999054
outer loop
vertex 1.015996 3.349291 1.550000
vertex 0.009755 0.049039 1.400000
vertex 0.014514 0.047847 1.400000
endloop
endfacet
facet normal -0.00638121 -0.0430188 0.999054
outer loop
vertex 0.682816 3.432749 1.550000
vertex 0.343060 3.483146 1.550000
vertex 0.004901 0.049759 1.400000
endloop
endfacet
facet normal -0.00638179 -0.0430194 0.999054
outer loop
vertex 0.682816 3.432749 1.550000
vertex 0.004901 0.049759 1.400000
vertex 0.009755 0.049039 1.400000
endloop
endfacet
facet normal -0.00213394 -0.0434371 0.999054
outer loop
vertex 0.343060 3.483146 1.550000
vertex 0.000000 3.500000 1.550000
vertex 0.000000 0.050000 1.400000
endloop
endfacet
facet normal -0.00213428 -0.0434371 0.999054
outer loop
vertex 0.343060 3.483146 1.550000
vertex 0.000000 0.050000 1.400000
vertex 0.004901 0.049759 1.400000
endloop
endfacet
facet normal 0.00213394 -0.0434371 0.999054
outer loop
vertex 0.000000 3.500000 1.550000
vertex -0.343060 3.483146 1.550000
vertex -0.004901 0.049759 1.400000
endloop
endfacet
facet normal 0.00213428 -0.0434371 0.999054
outer loop
vertex 0.000000 3.500000 1.550000
vertex -0.004901 0.049759 1.400000
vertex 0.000000 0.050000 1.400000
endloop
endfacet
facet normal 0.00638121 -0.0430188 0.999054
outer loop
vertex -0.343060 3.483146 1.550000
vertex -0.682816 3.432749 1.550000
vertex -0.009755 0.049039 1.400000
endloop
endfacet
facet normal 0.00637818 -0.0430188 0.999054
outer loop
vertex -0.343060 3.483146 1.550000
vertex -0.009755 0.049039 1.400000
vertex -0.004901 0.049759 1.400000
endloop
endfacet
facet normal 0.0105671 -0.0421862 0.999054
outer loop
vertex -0.682816 3.432749 1.550000
vertex -1.015996 3.349291 1.550000
vertex -0.014514 0.047847 1.400000
endloop
endfacet
facet normal 0.0105657 -0.0421859 0.999054
outer loop
vertex -0.682816 3.432749 1.550000
vertex -0.014514 0.047847 1.400000
vertex -0.009755 0.049039 1.400000
endloop
endfacet
facet normal 0.0146511 -0.0409473 0.999054
outer loop
vertex -1.015996 3.349291 1.550000
vertex -1.339392 3.233578 1.550000
vertex -0.019134 0.046194 1.400000
endloop
endfacet
facet normal 0.0146512 -0.0409475 0.999054
outer loop
vertex -1.015996 3.349291 1.550000
vertex -0.019134 0.046194 1.400000
vertex -0.014514 0.047847 1.400000
endloop
endfacet
facet normal 0.0185942 -0.039314 0.999054
outer loop
vertex -1.339392 3.233578 1.550000
vertex -1.649889 3.086725 1.550000
vertex -0.023570 0.044096 1.400000
endloop
endfacet
facet normal 0.0185954 -0.0393137 0.999054
outer loop
vertex -1.339392 3.233578 1.550000
vertex -0.023570 0.044096 1.400000
vertex -0.019134 0.046194 1.400000
endloop
endfacet
facet normal 0.0223581 -0.0373022 0.999054
outer loop
vertex -1.649889 3.086725 1.550000
vertex -1.944496 2.910144 1.550000
vertex -0.027779 0.041573 1.400000
endloop
endfacet
facet normal 0.0223574 -0.0373029 0.999054
outer loop
vertex -1.649889 3.086725 1.550000
vertex -0.027779 0.041573 1.400000
vertex -0.023570 0.044096 1.400000
endloop
endfacet
facet normal 0.0259067 -0.0349311 0.999054
outer loop
vertex -1.944496 2.910144 1.550000
vertex -2.220376 2.705537 1.550000
vertex -0.031720 0.038651 1.400000
endloop
endfacet
facet normal 0.0259068 -0.0349298 0.999054
outer loop
vertex -1.944496 2.910144 1.550000
vertex -0.031720 0.038651 1.400000
vertex -0.027779 0.041573 1.400000
endloop
endfacet
facet normal 0.0292073 -0.0322221 0.999054
outer loop
vertex -1.619274 1.633417 1.497847
vertex -1.626346 1.626346 1.497826
vertex -0.035355 0.035355 1.400000
endloop
endfacet
facet normal 0.0292058 -0.0322236 0.999054
outer loop
vertex -0.035355 0.035355 1.400000
vertex -0.031720 0.038651 1.400000
vertex -2.220376 2.705537 1.550000
endloop
endfacet
facet normal 0.0292057 -0.0322236 0.999054
outer loop
vertex -2.220376 2.705537 1.550000
vertex -2.333923 2.602624 1.550000
vertex -1.619274 1.887975 1.506058
endloop
endfacet
facet normal 0.0291929 -0.0322337 0.999054
outer loop
vertex -2.220376 2.705537 1.550000
vertex -1.619274 1.887975 1.506058
vertex -1.607412 1.874887 1.505289
endloop
endfacet
facet normal 0.029207 -0.0322224 0.999054
outer loop
vertex -1.607412 1.646505 1.497923
vertex -1.619274 1.633417 1.497847
vertex -0.035355 0.035355 1.400000
endloop
endfacet
facet normal 0.0292075 -0.0322219 0.999054
outer loop
vertex -1.596889 1.660693 1.498073
vertex -1.607412 1.646505 1.497923
vertex -0.035355 0.035355 1.400000
endloop
endfacet
facet normal 0.0292063 -0.0322231 0.999054
outer loop
vertex -0.035355 0.035355 1.400000
vertex -2.220376 2.705537 1.550000
vertex -1.607412 1.874887 1.505289
endloop
endfacet
facet normal 0.0291549 -0.0322658 0.999054
outer loop
vertex -0.035355 0.035355 1.400000
vertex -1.607412 1.874887 1.505289
vertex -1.596889 1.860699 1.504524
endloop
endfacet
facet normal 0.0292032 -0.0322261 0.999054
outer loop
vertex -1.587808 1.675845 1.498296
vertex -1.596889 1.660693 1.498073
vertex -0.035355 0.035355 1.400000
endloop
endfacet
facet normal 0.0292081 -0.0322214 0.999054
outer loop
vertex -1.580255 1.691813 1.498590
vertex -1.587808 1.675845 1.498296
vertex -0.035355 0.035355 1.400000
endloop
endfacet
facet normal 0.0292174 -0.0322125 0.999054
outer loop
vertex -0.035355 0.035355 1.400000
vertex -1.596889 1.860699 1.504524
vertex -1.587808 1.845547 1.503770
endloop
endfacet
facet normal 0.029198 -0.0322307 0.999054
outer loop
vertex -0.035355 0.035355 1.400000
vertex -1.587808 1.845547 1.503770
vertex -1.580255 1.829579 1.503034
endloop
endfacet
facet normal 0.0292037 -0.0322255 0.999054
outer loop
vertex -1.574304 1.708445 1.498953
vertex -1.580255 1.691813 1.498590
vertex -0.035355 0.035355 1.400000
endloop
endfacet
facet normal 0.0292035 -0.0322257 0.999054
outer loop
vertex -1.570012 1.725580 1.499380
vertex -1.574304 1.708445 1.498953
vertex -0.035355 0.035355 1.400000
endloop
endfacet
facet normal 0.029211 -0.0322187 0.999054
outer loop
vertex -0.035355 0.035355 1.400000
vertex -1.580255 1.829579 1.503034
vertex -1.574304 1.812947 1.502323
endloop
endfacet
facet normal 0.0292023 -0.0322265 0.999054
outer loop
vertex -0.035355 0.035355 1.400000
vertex -1.574304 1.812947 1.502323
vertex -1.570012 1.795812 1.501645
endloop
endfacet
facet normal 0.0292063 -0.0322231 0.999054
outer loop
vertex -1.567420 1.743053 1.499868
vertex -1.570012 1.725580 1.499380
vertex -0.035355 0.035355 1.400000
endloop
endfacet
facet normal 0.0292064 -0.032223 0.999054
outer loop
vertex -1.566554 1.760696 1.500412
vertex -1.567420 1.743053 1.499868
vertex -0.035355 0.035355 1.400000
endloop
endfacet
facet normal 0.0292081 -0.0322213 0.999054
outer loop
vertex -0.035355 0.035355 1.400000
vertex -1.570012 1.795812 1.501645
vertex -1.567420 1.778339 1.501006
endloop
endfacet
facet normal 0.0292069 -0.0322224 0.999054
outer loop
vertex -0.035355 0.035355 1.400000
vertex -1.567420 1.778339 1.501006
vertex -1.566554 1.760696 1.500412
endloop
endfacet
facet normal 0.0322236 -0.0292057 0.999054
outer loop
vertex -1.887975 1.619275 1.506058
vertex -2.602624 2.333923 1.550000
vertex -2.705537 2.220376 1.550000
endloop
endfacet
facet normal 0.0322233 -0.0292051 0.999054
outer loop
vertex -2.705537 2.220376 1.550000
vertex -0.038651 0.031720 1.400000
vertex -0.035355 0.035355 1.400000
endloop
endfacet
facet normal 0.0322222 -0.0292077 0.999054
outer loop
vertex -0.035355 0.035355 1.400000
vertex -1.626346 1.626346 1.497826
vertex -1.633417 1.619275 1.497847
endloop
endfacet
facet normal 0.0322223 -0.0292069 0.999054
outer loop
vertex -0.035355 0.035355 1.400000
vertex -1.633417 1.619275 1.497847
vertex -1.646505 1.607412 1.497923
endloop
endfacet
facet normal 0.032235 -0.0291903 0.999054
outer loop
vertex -1.874887 1.607412 1.505289
vertex -1.887975 1.619275 1.506058
vertex -2.705537 2.220376 1.550000
endloop
endfacet
facet normal 0.0310716 -0.0307646 0.999044
outer loop
vertex -1.860698 1.596889 1.504524
vertex -1.874887 1.607412 1.505289
vertex -2.705537 2.220376 1.550000
endloop
endfacet
facet normal 0.0322217 -0.0292078 0.999054
outer loop
vertex -0.035355 0.035355 1.400000
vertex -1.646505 1.607412 1.497923
vertex -1.660693 1.596889 1.498073
endloop
endfacet
facet normal 0.0322264 -0.0292028 0.999054
outer loop
vertex -0.035355 0.035355 1.400000
vertex -1.660693 1.596889 1.498073
vertex -1.675844 1.587808 1.498296
endloop
endfacet
facet normal 0.032224 -0.0292053 0.999054
outer loop
vertex -1.860698 1.596889 1.504524
vertex -2.705537 2.220376 1.550000
vertex -0.035355 0.035355 1.400000
endloop
endfacet
facet normal 0.032213 -0.0292182 0.999054
outer loop
vertex -1.845547 1.587808 1.503770
vertex -1.860698 1.596889 1.504524
vertex -0.035355 0.035355 1.400000
endloop
endfacet
facet normal 0.0322214 -0.029208 0.999054
outer loop
vertex -0.035355 0.035355 1.400000
vertex -1.675844 1.587808 1.498296
vertex -1.691813 1.580256 1.498590
endloop
endfacet
facet normal 0.032225 -0.0292042 0.999054
outer loop
vertex -0.035355 0.035355 1.400000
vertex -1.691813 1.580256 1.498590
vertex -1.708445 1.574305 1.498953
endloop
endfacet
facet normal 0.0322299 -0.0291984 0.999054
outer loop
vertex -1.829579 1.580256 1.503034
vertex -1.845547 1.587808 1.503770
vertex -0.035355 0.035355 1.400000
endloop
endfacet
facet normal 0.0322192 -0.0292108 0.999054
outer loop
vertex -1.812947 1.574305 1.502323
vertex -1.829579 1.580256 1.503034
vertex -0.035355 0.035355 1.400000
endloop
endfacet
facet normal 0.0322259 -0.0292033 0.999054
outer loop
vertex -0.035355 0.035355 1.400000
vertex -1.708445 1.574305 1.498953
vertex -1.725580 1.570013 1.499380
endloop
endfacet
facet normal 0.032223 -0.0292066 0.999054
outer loop
vertex -0.035355 0.035355 1.400000
vertex -1.725580 1.570013 1.499380
vertex -1.743053 1.567421 1.499868
endloop
endfacet
facet normal 0.0322266 -0.0292023 0.999054
outer loop
vertex -1.795812 1.570013 1.501645
vertex -1.812947 1.574305 1.502323
vertex -0.035355 0.035355 1.400000
endloop
endfacet
facet normal 0.0322216 -0.029208 0.999054
outer loop
vertex -1.778339 1.567421 1.501006
vertex -1.795812 1.570013 1.501645
vertex -0.035355 0.035355 1.400000
endloop
endfacet
facet normal 0.0322235 -0.0292059 0.999054
outer loop
vertex -0.035355 0.035355 1.400000
vertex -1.743053 1.567421 1.499868
vertex -1.760696 1.566554 1.500412
endloop
endfacet
facet normal 0.0322218 -0.0292081 0.999054
outer loop
vertex -0.035355 0.035355 1.400000
vertex -1.760696 1.566554 1.500412
vertex -1.778339 1.567421 1.501006
endloop
endfacet
facet normal 0.0349311 -0.0259067 0.999054
outer loop
vertex -2.705537 2.220376 1.550000
vertex -2.910144 1.944496 1.550000
vertex -0.041573 0.027779 1.400000
endloop
endfacet
facet normal 0.0349308 -0.0259076 0.999054
outer loop
vertex -2.705537 2.220376 1.550000
vertex -0.041573 0.027779 1.400000
vertex -0.038651 0.031720 1.400000
endloop
endfacet
facet normal 0.0373022 -0.0223581 0.999054
outer loop
vertex -2.910144 1.944496 1.550000
vertex -3.086725 1.649889 1.550000
vertex -0.044096 0.023570 1.400000
endloop
endfacet
facet normal 0.0373029 -0.0223574 0.999054
outer loop
vertex -2.910144 1.944496 1.550000
vertex -0.044096 0.023570 1.400000
vertex -0.041573 0.027779 1.400000
endloop
endfacet
facet normal 0.0393141 -0.0185942 0.999054
outer loop
vertex -3.086725 1.649889 1.550000
vertex -3.233578 1.339392 1.550000
vertex -0.046194 0.019134 1.400000
endloop
endfacet
facet normal 0.0393128 -0.0185954 0.999054
outer loop
vertex -3.086725 1.649889 1.550000
vertex -0.046194 0.019134 1.400000
vertex -0.044096 0.023570 1.400000
endloop
endfacet
facet normal 0.0409473 -0.0146511 0.999054
outer loop
vertex -3.233578 1.339392 1.550000
vertex -3.349291 1.015996 1.550000
vertex -0.047847 0.014514 1.400000
endloop
endfacet
facet normal 0.0409469 -0.0146492 0.999054
outer loop
vertex -3.233578 1.339392 1.550000
vertex -0.047847 0.014514 1.400000
vertex -0.046194 0.019134 1.400000
endloop
endfacet
facet normal 0.0421862 -0.0105671 0.999054
outer loop
vertex -3.349291 1.015996 1.550000
vertex -3.432749 0.682816 1.550000
vertex -0.049039 0.009755 1.400000
endloop
endfacet
facet normal 0.0421855 -0.0105675 0.999054
outer loop
vertex -3.349291 1.015996 1.550000
vertex -0.049039 0.009755 1.400000
vertex -0.047847 0.014514 1.400000
endloop
endfacet
facet normal 0.0430188 -0.00638121 0.999054
outer loop
vertex -3.432749 0.682816 1.550000
vertex -3.483146 0.343060 1.550000
vertex -0.049759 0.004901 1.400000
endloop
endfacet
facet normal 0.0430194 -0.00638179 0.999054
outer loop
vertex -3.432749 0.682816 1.550000
vertex -0.049759 0.004901 1.400000
vertex -0.049039 0.009755 1.400000
endloop
endfacet
facet normal 0.0434371 -0.00213394 0.999054
outer loop
vertex -3.483146 0.343060 1.550000
vertex -3.500000 0.000000 1.550000
vertex -0.050000 0.000000 1.400000
endloop
endfacet
facet normal 0.0434371 -0.00213428 0.999054
outer loop
vertex -3.483146 0.343060 1.550000
vertex -0.050000 0.000000 1.400000
vertex -0.049759 0.004901 1.400000
endloop
endfacet
facet normal 0.0434371 0.00213394 0.999054
outer loop
vertex -3.500000 0.000000 1.550000
vertex -3.483146 -0.343060 1.550000
vertex -0.049759 -0.004901 1.400000
endloop
endfacet
facet normal 0.0434371 0.00213428 0.999054
outer loop
vertex -3.500000 0.000000 1.550000
vertex -0.049759 -0.004901 1.400000
vertex -0.050000 0.000000 1.400000
endloop
endfacet
facet normal 0.0430188 0.00638121 0.999054
outer loop
vertex -3.483146 -0.343060 1.550000
vertex -3.432749 -0.682816 1.550000
vertex -0.049039 -0.009755 1.400000
endloop
endfacet
facet normal 0.0430188 0.00637818 0.999054
outer loop
vertex -3.483146 -0.343060 1.550000
vertex -0.049039 -0.009755 1.400000
vertex -0.049759 -0.004901 1.400000
endloop
endfacet
facet normal 0.0421862 0.0105671 0.999054
outer loop
vertex -3.432749 -0.682816 1.550000
vertex -3.349291 -1.015996 1.550000
vertex -0.047847 -0.014514 1.400000
endloop
endfacet
facet normal 0.0421859 0.0105657 0.999054
outer loop
vertex -3.432749 -0.682816 1.550000
vertex -0.047847 -0.014514 1.400000
vertex -0.049039 -0.009755 1.400000
endloop
endfacet
facet normal 0.0409473 0.0146511 0.999054
outer loop
vertex -3.349291 -1.015996 1.550000
vertex -3.233578 -1.339392 1.550000
vertex -0.046194 -0.019134 1.400000
endloop
endfacet
facet normal 0.0409475 0.0146512 0.999054
outer loop
vertex -3.349291 -1.015996 1.550000
vertex -0.046194 -0.019134 1.400000
vertex -0.047847 -0.014514 1.400000
endloop
endfacet
facet normal 0.039314 0.0185942 0.999054
outer loop
vertex -3.233578 -1.339392 1.550000
vertex -3.086725 -1.649889 1.550000
vertex -0.044096 -0.023570 1.400000
endloop
endfacet
facet normal 0.0393137 0.0185954 0.999054
outer loop
vertex -3.233578 -1.339392 1.550000
vertex -0.044096 -0.023570 1.400000
vertex -0.046194 -0.019134 1.400000
endloop
endfacet
facet normal 0.0373022 0.0223581 0.999054
outer loop
vertex -3.086725 -1.649889 1.550000
vertex -2.910144 -1.944496 1.550000
vertex -0.041573 -0.027779 1.400000
endloop
endfacet
facet normal 0.0373029 0.0223574 0.999054
outer loop
vertex -3.086725 -1.649889 1.550000
vertex -0.041573 -0.027779 1.400000
vertex -0.044096 -0.023570 1.400000
endloop
endfacet
facet normal 0.0349311 0.0259067 0.999054
outer loop
vertex -2.910144 -1.944496 1.550000
vertex -2.705537 -2.220376 1.550000
vertex -0.038651 -0.031720 1.400000
endloop
endfacet
facet normal 0.0349298 0.0259068 0.999054
outer loop
vertex -2.910144 -1.944496 1.550000
vertex -0.038651 -0.031720 1.400000
vertex -0.041573 -0.027779 1.400000
endloop
endfacet
facet normal 0.0322218 0.0292076 0.999054
outer loop
vertex -1.633417 -1.619274 1.497847
vertex -1.626346 -1.626346 1.497826
vertex -0.035355 -0.035355 1.400000
endloop
endfacet
facet normal 0.0322236 0.0292058 0.999054
outer loop
vertex -0.035355 -0.035355 1.400000
vertex -0.038651 -0.031720 1.400000
vertex -2.705537 -2.220376 1.550000
endloop
endfacet
facet normal 0.0322236 0.0292057 0.999054
outer loop
vertex -2.705537 -2.220376 1.550000
vertex -2.602624 -2.333923 1.550000
vertex -1.887975 -1.619274 1.506058
endloop
endfacet
facet normal 0.0322362 0.0291883 0.999054
outer loop
vertex -2.705537 -2.220376 1.550000
vertex -1.887975 -1.619274 1.506058
vertex -1.874887 -1.607412 1.505289
endloop
endfacet
facet normal 0.0322225 0.0292069 0.999054
outer loop
vertex -1.646505 -1.607412 1.497923
vertex -1.633417 -1.619274 1.497847
vertex -0.035355 -0.035355 1.400000
endloop
endfacet
facet normal 0.0322216 0.0292078 0.999054
outer loop
vertex -1.660693 -1.596889 1.498073
vertex -1.646505 -1.607412 1.497923
vertex -0.035355 -0.035355 1.400000
endloop
endfacet
facet normal 0.0322231 0.0292065 0.999054
outer loop
vertex -0.035355 -0.035355 1.400000
vertex -2.705537 -2.220376 1.550000
vertex -1.874887 -1.607412 1.505289
endloop
endfacet
facet normal 0.0322658 0.0291499 0.999054
outer loop
vertex -0.035355 -0.035355 1.400000
vertex -1.874887 -1.607412 1.505289
vertex -1.860699 -1.596889 1.504524
endloop
endfacet
facet normal 0.0322263 0.0292029 0.999054
outer loop
vertex -1.675845 -1.587808 1.498296
vertex -1.660693 -1.596889 1.498073
vertex -0.035355 -0.035355 1.400000
endloop
endfacet
facet normal 0.0322214 0.0292081 0.999054
outer loop
vertex -1.691813 -1.580256 1.498590
vertex -1.675845 -1.587808 1.498296
vertex -0.035355 -0.035355 1.400000
endloop
endfacet
facet normal 0.0322115 0.0292184 0.999054
outer loop
vertex -0.035355 -0.035355 1.400000
vertex -1.860699 -1.596889 1.504524
vertex -1.845547 -1.587808 1.503770
endloop
endfacet
facet normal 0.032232 0.029198 0.999054
outer loop
vertex -0.035355 -0.035355 1.400000
vertex -1.845547 -1.587808 1.503770
vertex -1.829579 -1.580256 1.503034
endloop
endfacet
facet normal 0.0322253 0.0292039 0.999054
outer loop
vertex -1.708445 -1.574304 1.498953
vertex -1.691813 -1.580256 1.498590
vertex -0.035355 -0.035355 1.400000
endloop
endfacet
facet normal 0.0322258 0.0292033 0.999054
outer loop
vertex -1.725580 -1.570012 1.499380
vertex -1.708445 -1.574304 1.498953
vertex -0.035355 -0.035355 1.400000
endloop
endfacet
facet normal 0.0322192 0.0292114 0.999054
outer loop
vertex -0.035355 -0.035355 1.400000
vertex -1.829579 -1.580256 1.503034
vertex -1.812947 -1.574304 1.502323
endloop
endfacet
facet normal 0.0322257 0.0292023 0.999054
outer loop
vertex -0.035355 -0.035355 1.400000
vertex -1.812947 -1.574304 1.502323
vertex -1.795812 -1.570012 1.501645
endloop
endfacet
facet normal 0.0322231 0.0292063 0.999054
outer loop
vertex -1.743053 -1.567420 1.499868
vertex -1.725580 -1.570012 1.499380
vertex -0.035355 -0.035355 1.400000
endloop
endfacet
facet normal 0.0322229 0.0292066 0.999054
outer loop
vertex -1.760696 -1.566554 1.500412
vertex -1.743053 -1.567420 1.499868
vertex -0.035355 -0.035355 1.400000
endloop
endfacet
facet normal 0.0322216 0.0292077 0.999054
outer loop
vertex -0.035355 -0.035355 1.400000
vertex -1.795812 -1.570012 1.501645
vertex -1.778339 -1.567420 1.501006
endloop
endfacet
facet normal 0.0322226 0.0292067 0.999054
outer loop
vertex -0.035355 -0.035355 1.400000
vertex -1.778339 -1.567420 1.501006
vertex -1.760696 -1.566554 1.500412
endloop
endfacet
facet normal 0.0292058 0.0322236 0.999054
outer loop
vertex -1.619275 -1.887975 1.506058
vertex -2.333923 -2.602624 1.550000
vertex -2.220376 -2.705537 1.550000
endloop
endfacet
facet normal 0.0292051 0.0322233 0.999054
outer loop
vertex -2.220376 -2.705537 1.550000
vertex -0.031720 -0.038651 1.400000
vertex -0.035355 -0.035355 1.400000
endloop
endfacet
facet normal 0.0292074 0.0322225 0.999054
outer loop
vertex -0.035355 -0.035355 1.400000
vertex -1.626346 -1.626346 1.497826
vertex -1.619275 -1.633417 1.497847
endloop
endfacet
facet normal 0.0292073 0.0322227 0.999054
outer loop
vertex -0.035355 -0.035355 1.400000
vertex -1.619275 -1.633417 1.497847
vertex -1.607412 -1.646505 1.497923
endloop
endfacet
facet normal 0.0291904 0.0322349 0.999054
outer loop
vertex -1.607412 -1.874887 1.505289
vertex -1.619275 -1.887975 1.506058
vertex -2.220376 -2.705537 1.550000
endloop
endfacet
facet normal 0.0306948 0.0311238 0.999044
outer loop
vertex -1.596889 -1.860698 1.504524
vertex -1.607412 -1.874887 1.505289
vertex -2.220376 -2.705537 1.550000
endloop
endfacet
facet normal 0.0292076 0.0322223 0.999054
outer loop
vertex -0.035355 -0.035355 1.400000
vertex -1.607412 -1.646505 1.497923
vertex -1.596889 -1.660693 1.498073
endloop
endfacet
facet normal 0.029203 0.0322262 0.999054
outer loop
vertex -0.035355 -0.035355 1.400000
vertex -1.596889 -1.660693 1.498073
vertex -1.587808 -1.675844 1.498296
endloop
endfacet
facet normal 0.0292053 0.0322239 0.999054
outer loop
vertex -1.596889 -1.860698 1.504524
vertex -2.220376 -2.705537 1.550000
vertex -0.035355 -0.035355 1.400000
endloop
endfacet
facet normal 0.0292182 0.032213 0.999054
outer loop
vertex -1.587808 -1.845547 1.503770
vertex -1.596889 -1.860698 1.504524
vertex -0.035355 -0.035355 1.400000
endloop
endfacet
facet normal 0.0292078 0.0322212 0.999054
outer loop
vertex -0.035355 -0.035355 1.400000
vertex -1.587808 -1.675844 1.498296
vertex -1.580256 -1.691813 1.498590
endloop
endfacet
facet normal 0.0292042 0.032225 0.999054
outer loop
vertex -0.035355 -0.035355 1.400000
vertex -1.580256 -1.691813 1.498590
vertex -1.574305 -1.708445 1.498953
endloop
endfacet
facet normal 0.0291978 0.0322305 0.999054
outer loop
vertex -1.580256 -1.829579 1.503034
vertex -1.587808 -1.845547 1.503770
vertex -0.035355 -0.035355 1.400000
endloop
endfacet
facet normal 0.0292109 0.0322192 0.999054
outer loop
vertex -1.574305 -1.812947 1.502323
vertex -1.580256 -1.829579 1.503034
vertex -0.035355 -0.035355 1.400000
endloop
endfacet
facet normal 0.0292033 0.0322259 0.999054
outer loop
vertex -0.035355 -0.035355 1.400000
vertex -1.574305 -1.708445 1.498953
vertex -1.570012 -1.725580 1.499380
endloop
endfacet
facet normal 0.0292066 0.0322235 0.999054
outer loop
vertex -0.035355 -0.035355 1.400000
vertex -1.570012 -1.725580 1.499380
vertex -1.567421 -1.743053 1.499868
endloop
endfacet
facet normal 0.0292023 0.0322266 0.999054
outer loop
vertex -1.570012 -1.795812 1.501645
vertex -1.574305 -1.812947 1.502323
vertex -0.035355 -0.035355 1.400000
endloop
endfacet
facet normal 0.0292083 0.0322214 0.999054
outer loop
vertex -1.567421 -1.778339 1.501006
vertex -1.570012 -1.795812 1.501645
vertex -0.035355 -0.035355 1.400000
endloop
endfacet
facet normal 0.0292062 0.0322227 0.999054
outer loop
vertex -0.035355 -0.035355 1.400000
vertex -1.567421 -1.743053 1.499868
vertex -1.566554 -1.760696 1.500412
endloop
endfacet
facet normal 0.0292072 0.0322227 0.999054
outer loop
vertex -0.035355 -0.035355 1.400000
vertex -1.566554 -1.760696 1.500412
vertex -1.567421 -1.778339 1.501006
endloop
endfacet
facet normal 0.0259067 0.0349311 0.999054
outer loop
vertex -2.220376 -2.705537 1.550000
vertex -1.944496 -2.910144 1.550000
vertex -0.027779 -0.041573 1.400000
endloop
endfacet
facet normal 0.0259076 0.0349308 0.999054
outer loop
vertex -2.220376 -2.705537 1.550000
vertex -0.027779 -0.041573 1.400000
vertex -0.031720 -0.038651 1.400000
endloop
endfacet
facet normal 0.0223581 0.0373022 0.999054
outer loop
vertex -1.944496 -2.910144 1.550000
vertex -1.649889 -3.086725 1.550000
vertex -0.023570 -0.044096 1.400000
endloop
endfacet
facet normal 0.0223574 0.0373029 0.999054
outer loop
vertex -1.944496 -2.910144 1.550000
vertex -0.023570 -0.044096 1.400000
vertex -0.027779 -0.041573 1.400000
endloop
endfacet
facet normal 0.0185942 0.0393141 0.999054
outer loop
vertex -1.649889 -3.086725 1.550000
vertex -1.339392 -3.233578 1.550000
vertex -0.019134 -0.046194 1.400000
endloop
endfacet
facet normal 0.0185954 0.0393128 0.999054
outer loop
vertex -1.649889 -3.086725 1.550000
vertex -0.019134 -0.046194 1.400000
vertex -0.023570 -0.044096 1.400000
endloop
endfacet
facet normal 0.0146511 0.0409473 0.999054
outer loop
vertex -1.339392 -3.233578 1.550000
vertex -1.015996 -3.349291 1.550000
vertex -0.014514 -0.047847 1.400000
endloop
endfacet
facet normal 0.0146492 0.0409469 0.999054
outer loop
vertex -1.339392 -3.233578 1.550000
vertex -0.014514 -0.047847 1.400000
vertex -0.019134 -0.046194 1.400000
endloop
endfacet
facet normal 0.0105671 0.0421862 0.999054
outer loop
vertex -1.015996 -3.349291 1.550000
vertex -0.682816 -3.432749 1.550000
vertex -0.009755 -0.049039 1.400000
endloop
endfacet
facet normal 0.0105675 0.0421855 0.999054
outer loop
vertex -1.015996 -3.349291 1.550000
vertex -0.009755 -0.049039 1.400000
vertex -0.014514 -0.047847 1.400000
endloop
endfacet
facet normal 0.00638121 0.0430188 0.999054
outer loop
vertex -0.682816 -3.432749 1.550000
vertex -0.343060 -3.483146 1.550000
vertex -0.004901 -0.049759 1.400000
endloop
endfacet
facet normal 0.00638179 0.0430194 0.999054
outer loop
vertex -0.682816 -3.432749 1.550000
vertex -0.004901 -0.049759 1.400000
vertex -0.009755 -0.049039 1.400000
endloop
endfacet
facet normal 0.00213394 0.0434371 0.999054
outer loop
vertex -0.343060 -3.483146 1.550000
vertex -0.000000 -3.500000 1.550000
vertex -0.000000 -0.050000 1.400000
endloop
endfacet
facet normal 0.00213428 0.0434371 0.999054
outer loop
vertex -0.343060 -3.483146 1.550000
vertex -0.000000 -0.050000 1.400000
vertex -0.004901 -0.049759 1.400000
endloop
endfacet
facet normal -0.00213394 0.0434371 0.999054
outer loop
vertex -0.000000 -3.500000 1.550000
vertex 0.343060 -3.483146 1.550000
vertex 0.004901 -0.049759 1.400000
endloop
endfacet
facet normal -0.00213428 0.0434371 0.999054
outer loop
vertex -0.000000 -3.500000 1.550000
vertex 0.004901 -0.049759 1.400000
vertex -0.000000 -0.050000 1.400000
endloop
endfacet
facet normal -0.00638121 0.0430188 0.999054
outer loop
vertex 0.343060 -3.483146 1.550000
vertex 0.682816 -3.432749 1.550000
vertex 0.009755 -0.049039 1.400000
endloop
endfacet
facet normal -0.00637818 0.0430188 0.999054
outer loop
vertex 0.343060 -3.483146 1.550000
vertex 0.009755 -0.049039 1.400000
vertex 0.004901 -0.049759 1.400000
endloop
endfacet
facet normal -0.0105671 0.0421862 0.999054
outer loop
vertex 0.682816 -3.432749 1.550000
vertex 1.015996 -3.349291 1.550000
vertex 0.014514 -0.047847 1.400000
endloop
endfacet
facet normal -0.0105657 0.0421859 0.999054
outer loop
vertex 0.682816 -3.432749 1.550000
vertex 0.014514 -0.047847 1.400000
vertex 0.009755 -0.049039 1.400000
endloop
endfacet
facet normal -0.0146511 0.0409473 0.999054
outer loop
vertex 1.015996 -3.349291 1.550000
vertex 1.339392 -3.233578 1.550000
vertex 0.019134 -0.046194 1.400000
endloop
endfacet
facet normal -0.0146512 0.0409475 0.999054
outer loop
vertex 1.015996 -3.349291 1.550000
vertex 0.019134 -0.046194 1.400000
vertex 0.014514 -0.047847 1.400000
endloop
endfacet
facet normal -0.0185942 0.039314 0.999054
outer loop
vertex 1.339392 -3.233578 1.550000
vertex 1.649889 -3.086725 1.550000
vertex 0.023570 -0.044096 1.400000
endloop
endfacet
facet normal -0.0185954 0.0393137 0.999054
outer loop
vertex 1.339392 -3.233578 1.550000
vertex 0.023570 -0.044096 1.400000
vertex 0.019134 -0.046194 1.400000
endloop
endfacet
facet normal -0.0223581 0.0373022 0.999054
outer loop
vertex 1.649889 -3.086725 1.550000
vertex 1.944496 -2.910144 1.550000
vertex 0.027779 -0.041573 1.400000
endloop
endfacet
facet normal -0.0223574 0.0373029 0.999054
outer loop
vertex 1.649889 -3.086725 1.550000
vertex 0.027779 -0.041573 1.400000
vertex 0.023570 -0.044096 1.400000
endloop
endfacet
facet normal -0.0259067 0.0349311 0.999054
outer loop
vertex 1.944496 -2.910144 1.550000
vertex 2.220376 -2.705537 1.550000
vertex 0.031720 -0.038651 1.400000
endloop
endfacet
facet normal -0.0259068 0.0349298 0.999054
outer loop
vertex 1.944496 -2.910144 1.550000
vertex 0.031720 -0.038651 1.400000
vertex 0.027779 -0.041573 1.400000
endloop
endfacet
facet normal -0.0292073 0.0322221 0.999054
outer loop
vertex 1.619275 -1.633417 1.497847
vertex 1.626346 -1.626346 1.497826
vertex 0.035355 -0.035355 1.400000
endloop
endfacet
facet normal -0.0292058 0.0322236 0.999054
outer loop
vertex 0.035355 -0.035355 1.400000
vertex 0.031720 -0.038651 1.400000
vertex 2.220376 -2.705537 1.550000
endloop
endfacet
facet normal -0.0292057 0.0322236 0.999054
outer loop
vertex 2.220376 -2.705537 1.550000
vertex 2.333923 -2.602624 1.550000
vertex 1.619275 -1.887975 1.506058
endloop
endfacet
facet normal -0.0291877 0.0322378 0.999054
outer loop
vertex 2.220376 -2.705537 1.550000
vertex 1.619275 -1.887975 1.506058
vertex 1.607412 -1.874887 1.505289
endloop
endfacet
facet normal -0.0292069 0.0322225 0.999054
outer loop
vertex 1.607412 -1.646505 1.497923
vertex 1.619275 -1.633417 1.497847
vertex 0.035355 -0.035355 1.400000
endloop
endfacet
facet normal -0.0292078 0.0322216 0.999054
outer loop
vertex 1.596889 -1.660693 1.498073
vertex 1.607412 -1.646505 1.497923
vertex 0.035355 -0.035355 1.400000
endloop
endfacet
facet normal -0.0292065 0.032223 0.999054
outer loop
vertex 0.035355 -0.035355 1.400000
vertex 2.220376 -2.705537 1.550000
vertex 1.607412 -1.874887 1.505289
endloop
endfacet
facet normal -0.0291573 0.0322684 0.999054
outer loop
vertex 0.035355 -0.035355 1.400000
vertex 1.607412 -1.874887 1.505289
vertex 1.596889 -1.860699 1.504524
endloop
endfacet
facet normal -0.029203 0.0322262 0.999054
outer loop
vertex 1.587808 -1.675845 1.498296
vertex 1.596889 -1.660693 1.498073
vertex 0.035355 -0.035355 1.400000
endloop
endfacet
facet normal -0.029208 0.0322215 0.999054
outer loop
vertex 1.580256 -1.691813 1.498590
vertex 1.587808 -1.675845 1.498296
vertex 0.035355 -0.035355 1.400000
endloop
endfacet
facet normal -0.0292174 0.0322125 0.999054
outer loop
vertex 0.035355 -0.035355 1.400000
vertex 1.596889 -1.860699 1.504524
vertex 1.587808 -1.845547 1.503770
endloop
endfacet
facet normal -0.0291966 0.0322307 0.999054
outer loop
vertex 0.035355 -0.035355 1.400000
vertex 1.587808 -1.845547 1.503770
vertex 1.580256 -1.829579 1.503034
endloop
endfacet
facet normal -0.0292041 0.0322252 0.999054
outer loop
vertex 1.574305 -1.708445 1.498953
vertex 1.580256 -1.691813 1.498590
vertex 0.035355 -0.035355 1.400000
endloop
endfacet
facet normal -0.0292033 0.0322258 0.999054
outer loop
vertex 1.570012 -1.725580 1.499380
vertex 1.574305 -1.708445 1.498953
vertex 0.035355 -0.035355 1.400000
endloop
endfacet
facet normal -0.0292105 0.0322192 0.999054
outer loop
vertex 0.035355 -0.035355 1.400000
vertex 1.580256 -1.829579 1.503034
vertex 1.574305 -1.812947 1.502323
endloop
endfacet
facet normal -0.0292027 0.0322269 0.999054
outer loop
vertex 0.035355 -0.035355 1.400000
vertex 1.574305 -1.812947 1.502323
vertex 1.570012 -1.795812 1.501645
endloop
endfacet
facet normal -0.0292063 0.0322231 0.999054
outer loop
vertex 1.567421 -1.743053 1.499868
vertex 1.570012 -1.725580 1.499380
vertex 0.035355 -0.035355 1.400000
endloop
endfacet
facet normal -0.0292064 0.0322231 0.999054
outer loop
vertex 1.566554 -1.760696 1.500412
vertex 1.567421 -1.743053 1.499868
vertex 0.035355 -0.035355 1.400000
endloop
endfacet
facet normal -0.0292077 0.0322216 0.999054
outer loop
vertex 0.035355 -0.035355 1.400000
vertex 1.570012 -1.795812 1.501645
vertex 1.567421 -1.778339 1.501006
endloop
endfacet
facet normal -0.0292076 0.0322224 0.999054
outer loop
vertex 0.035355 -0.035355 1.400000
vertex 1.567421 -1.778339 1.501006
vertex 1.566554 -1.760696 1.500412
endloop
endfacet
facet normal -0.0322236 0.0292057 0.999054
outer loop
vertex 1.887975 -1.619275 1.506058
vertex 2.602624 -2.333923 1.550000
vertex 2.705537 -2.220376 1.550000
endloop
endfacet
facet normal -0.0322233 0.0292051 0.999054
outer loop
vertex 2.705537 -2.220376 1.550000
vertex 0.038651 -0.031720 1.400000
vertex 0.035355 -0.035355 1.400000
endloop
endfacet
facet normal -0.0322225 0.0292074 0.999054
outer loop
vertex 0.035355 -0.035355 1.400000
vertex 1.626346 -1.626346 1.497826
vertex 1.633417 -1.619275 1.497847
endloop
endfacet
facet normal -0.0322229 0.0292071 0.999054
outer loop
vertex 0.035355 -0.035355 1.400000
vertex 1.633417 -1.619275 1.497847
vertex 1.646505 -1.607412 1.497923
endloop
endfacet
facet normal -0.0322374 0.0291869 0.999054
outer loop
vertex 1.874887 -1.607412 1.505289
vertex 1.887975 -1.619275 1.506058
vertex 2.705537 -2.220376 1.550000
endloop
endfacet
facet normal -0.0310723 0.0307659 0.999044
outer loop
vertex 1.860699 -1.596889 1.504524
vertex 1.874887 -1.607412 1.505289
vertex 2.705537 -2.220376 1.550000
endloop
endfacet
facet normal -0.0322219 0.029208 0.999054
outer loop
vertex 0.035355 -0.035355 1.400000
vertex 1.646505 -1.607412 1.497923
vertex 1.660693 -1.596889 1.498073
endloop
endfacet
facet normal -0.0322264 0.0292032 0.999054
outer loop
vertex 0.035355 -0.035355 1.400000
vertex 1.660693 -1.596889 1.498073
vertex 1.675845 -1.587808 1.498296
endloop
endfacet
facet normal -0.032224 0.0292053 0.999054
outer loop
vertex 1.860699 -1.596889 1.504524
vertex 2.705537 -2.220376 1.550000
vertex 0.035355 -0.035355 1.400000
endloop
endfacet
facet normal -0.032213 0.0292182 0.999054
outer loop
vertex 1.845547 -1.587808 1.503770
vertex 1.860699 -1.596889 1.504524
vertex 0.035355 -0.035355 1.400000
endloop
endfacet
facet normal -0.0322214 0.029208 0.999054
outer loop
vertex 0.035355 -0.035355 1.400000
vertex 1.675845 -1.587808 1.498296
vertex 1.691813 -1.580256 1.498590
endloop
endfacet
facet normal -0.032225 0.0292042 0.999054
outer loop
vertex 0.035355 -0.035355 1.400000
vertex 1.691813 -1.580256 1.498590
vertex 1.708445 -1.574305 1.498953
endloop
endfacet
facet normal -0.0322305 0.0291978 0.999054
outer loop
vertex 1.829579 -1.580256 1.503034
vertex 1.845547 -1.587808 1.503770
vertex 0.035355 -0.035355 1.400000
endloop
endfacet
facet normal -0.0322192 0.0292109 0.999054
outer loop
vertex 1.812947 -1.574305 1.502323
vertex 1.829579 -1.580256 1.503034
vertex 0.035355 -0.035355 1.400000
endloop
endfacet
facet normal -0.0322259 0.0292033 0.999054
outer loop
vertex 0.035355 -0.035355 1.400000
vertex 1.708445 -1.574305 1.498953
vertex 1.725580 -1.570012 1.499380
endloop
endfacet
facet normal -0.0322235 0.0292066 0.999054
outer loop
vertex 0.035355 -0.035355 1.400000
vertex 1.725580 -1.570012 1.499380
vertex 1.743053 -1.567421 1.499868
endloop
endfacet
facet normal -0.0322263 0.0292027 0.999054
outer loop
vertex 1.795812 -1.570012 1.501645
vertex 1.812947 -1.574305 1.502323
vertex 0.035355 -0.035355 1.400000
endloop
endfacet
facet normal -0.0322216 0.029208 0.999054
outer loop
vertex 1.778339 -1.567421 1.501006
vertex 1.795812 -1.570012 1.501645
vertex 0.035355 -0.035355 1.400000
endloop
endfacet
facet normal -0.032223 0.0292059 0.999054
outer loop
vertex 0.035355 -0.035355 1.400000
vertex 1.743053 -1.567421 1.499868
vertex 1.760696 -1.566554 1.500412
endloop
endfacet
facet normal -0.0322224 0.0292076 0.999054
outer loop
vertex 0.035355 -0.035355 1.400000
vertex 1.760696 -1.566554 1.500412
vertex 1.778339 -1.567421 1.501006
endloop
endfacet
facet normal -0.0349311 0.0259067 0.999054
outer loop
vertex 2.705537 -2.220376 1.550000
vertex 2.910144 -1.944496 1.550000
vertex 0.041573 -0.027779 1.400000
endloop
endfacet
facet normal -0.0349308 0.0259076 0.999054
outer loop
vertex 2.705537 -2.220376 1.550000
vertex 0.041573 -0.027779 1.400000
vertex 0.038651 -0.031720 1.400000
endloop
endfacet
facet normal -0.0373022 0.0223581 0.999054
outer loop
vertex 2.910144 -1.944496 1.550000
vertex 3.086725 -1.649889 1.550000
vertex 0.044096 -0.023570 1.400000
endloop
endfacet
facet normal -0.0373029 0.0223574 0.999054
outer loop
vertex 2.910144 -1.944496 1.550000
vertex 0.044096 -0.023570 1.400000
vertex 0.041573 -0.027779 1.400000
endloop
endfacet
facet normal -0.0393141 0.0185942 0.999054
outer loop
vertex 3.086725 -1.649889 1.550000
vertex 3.233578 -1.339392 1.550000
vertex 0.046194 -0.019134 1.400000
endloop
endfacet
facet normal -0.0393128 0.0185954 0.999054
outer loop
vertex 3.086725 -1.649889 1.550000
vertex 0.046194 -0.019134 1.400000
vertex 0.044096 -0.023570 1.400000
endloop
endfacet
facet normal -0.0409473 0.0146511 0.999054
outer loop
vertex 3.233578 -1.339392 1.550000
vertex 3.349291 -1.015996 1.550000
vertex 0.047847 -0.014514 1.400000
endloop
endfacet
facet normal -0.0409469 0.0146492 0.999054
outer loop
vertex 3.233578 -1.339392 1.550000
vertex 0.047847 -0.014514 1.400000
vertex 0.046194 -0.019134 1.400000
endloop
endfacet
facet normal -0.0421862 0.0105671 0.999054
outer loop
vertex 3.349291 -1.015996 1.550000
vertex 3.432749 -0.682816 1.550000
vertex 0.049039 -0.009755 1.400000
endloop
endfacet
facet normal -0.0421855 0.0105675 0.999054
outer loop
vertex 3.349291 -1.015996 1.550000
vertex 0.049039 -0.009755 1.400000
vertex 0.047847 -0.014514 1.400000
endloop
endfacet
facet normal -0.0430188 0.00638121 0.999054
outer loop
vertex 3.432749 -0.682816 1.550000
vertex 3.483146 -0.343060 1.550000
vertex 0.049759 -0.004901 1.400000
endloop
endfacet
facet normal -0.0430194 0.00638179 0.999054
outer loop
vertex 3.432749 -0.682816 1.550000
vertex 0.049759 -0.004901 1.400000
vertex 0.049039 -0.009755 1.400000
endloop
endfacet
facet normal -0.0434371 0.00213394 0.999054
outer loop
vertex 3.483146 -0.343060 1.550000
vertex 3.500000 0.000000 1.550000
vertex 0.050000 0.000000 1.400000
endloop
endfacet
facet normal -0.0434371 0.00213428 0.999054
outer loop
vertex 3.483146 -0.343060 1.550000
vertex 0.050000 0.000000 1.400000
vertex 0.049759 -0.004901 1.400000
endloop
endfacet
facet normal 0 0 -1
outer loop
vertex 4.406789 2.944522 0.000000
vertex 4.674183 2.498403 0.000000
vertex 4.896562 2.028222 0.000000
endloop
endfacet
facet normal 0 0 -1
outer loop
vertex 4.896562 2.028222 0.000000
vertex 5.071784 1.538509 0.000000
vertex 5.198162 1.033979 0.000000
endloop
endfacet
facet normal 0 0 -1
outer loop
vertex 5.198162 1.033979 0.000000
vertex 5.274479 0.519491 0.000000
vertex 5.300000 0.000000 0.000000
endloop
endfacet
facet normal 0 0 -1
outer loop
vertex 5.300000 0.000000 0.000000
vertex 5.274479 -0.519491 0.000000
vertex 5.198162 -1.033979 0.000000
endloop
endfacet
facet normal 0 0 -1
outer loop
vertex 5.198162 -1.033979 0.000000
vertex 5.071784 -1.538509 0.000000
vertex 4.896562 -2.028222 0.000000
endloop
endfacet
facet normal 0 0 -1
outer loop
vertex 4.896562 -2.028222 0.000000
vertex 4.674183 -2.498403 0.000000
vertex 4.406789 -2.944522 0.000000
endloop
endfacet
facet normal 0 0 -1
outer loop
vertex 4.406789 -2.944522 0.000000
vertex 4.096955 -3.362284 0.000000
vertex 3.747666 -3.747666 0.000000
endloop
endfacet
facet normal 0 0 -1
outer loop
vertex 3.747666 -3.747666 0.000000
vertex 3.362284 -4.096955 0.000000
vertex 2.944522 -4.406789 0.000000
endloop
endfacet
facet normal 0 0 -1
outer loop
vertex 2.944522 -4.406789 0.000000
vertex 2.498403 -4.674183 0.000000
vertex 2.028222 -4.896562 0.000000
endloop
endfacet
facet normal 0 0 -1
outer loop
vertex 2.028222 -4.896562 0.000000
vertex 1.538509 -5.071784 0.000000
vertex 1.033979 -5.198162 0.000000
endloop
endfacet
facet normal 0 0 -1
outer loop
vertex 1.033979 -5.198162 0.000000
vertex 0.519491 -5.274479 0.000000
vertex -0.000000 -5.300000 0.000000
endloop
endfacet
facet normal 0 0 -1
outer loop
vertex -0.000000 -5.300000 0.000000
vertex -0.519491 -5.274479 0.000000
vertex -1.033979 -5.198162 0.000000
endloop
endfacet
facet normal 0 0 -1
outer loop
vertex -1.033979 -5.198162 0.000000
vertex -1.538509 -5.071784 0.000000
vertex -2.028222 -4.896562 0.000000
endloop
endfacet
facet normal 0 0 -1
outer loop
vertex -2.028222 -4.896562 0.000000
vertex -2.498403 -4.674183 0.000000
vertex -2.944522 -4.406789 0.000000
endloop
endfacet
facet normal 0 0 -1
outer loop
vertex -2.944522 -4.406789 0.000000
vertex -3.362284 -4.096955 0.000000
vertex -3.747666 -3.747666 0.000000
endloop
endfacet
facet normal 0 0 -1
outer loop
vertex -3.747666 -3.747666 0.000000
vertex -4.096955 -3.362284 0.000000
vertex -4.406789 -2.944522 0.000000
endloop
endfacet
facet normal 0 0 -1
outer loop
vertex -4.406789 -2.944522 0.000000
vertex -4.674183 -2.498403 0.000000
vertex -4.896562 -2.028222 0.000000
endloop
endfacet
facet normal 0 0 -1
outer loop
vertex -4.896562 -2.028222 0.000000
vertex -5.071784 -1.538509 0.000000
vertex -5.198162 -1.033979 0.000000
endloop
endfacet
facet normal 0 0 -1
outer loop
vertex -5.198162 -1.033979 0.000000
vertex -5.274479 -0.519491 0.000000
vertex -5.300000 0.000000 0.000000
endloop
endfacet
facet normal 0 0 -1
outer loop
vertex -5.300000 0.000000 0.000000
vertex -5.274479 0.519491 0.000000
vertex -5.198162 1.033979 0.000000
endloop
endfacet
facet normal 0 0 -1
outer loop
vertex -5.198162 1.033979 0.000000
vertex -5.071784 1.538509 0.000000
vertex -4.896562 2.028222 0.000000
endloop
endfacet
facet normal 0 0 -1
outer loop
vertex -4.896562 2.028222 0.000000
vertex -4.674183 2.498403 0.000000
vertex -4.406789 2.944522 0.000000
endloop
endfacet
facet normal 0 0 -1
outer loop
vertex -4.406789 2.944522 0.000000
vertex -4.096955 3.362284 0.000000
vertex -3.747666 3.747666 0.000000
endloop
endfacet
facet normal 0 0 -1
outer loop
vertex -3.747666 3.747666 0.000000
vertex -3.362284 4.096955 0.000000
vertex -2.944522 4.406789 0.000000
endloop
endfacet
facet normal 0 0 -1
outer loop
vertex -2.944522 4.406789 0.000000
vertex -2.498403 4.674183 0.000000
vertex -2.028222 4.896562 0.000000
endloop
endfacet
facet normal 0 0 -1
outer loop
vertex -2.028222 4.896562 0.000000
vertex -1.538509 5.071784 0.000000
vertex -1.033979 5.198162 0.000000
endloop
endfacet
facet normal 0 0 -1
outer loop
vertex -1.033979 5.198162 0.000000
vertex -0.519491 5.274479 0.000000
vertex 0.000000 5.300000 0.000000
endloop
endfacet
facet normal 0 0 -1
outer loop
vertex 0.000000 5.300000 0.000000
vertex 0.519491 5.274479 0.000000
vertex 1.033979 5.198162 0.000000
endloop
endfacet
facet normal 0 0 -1
outer loop
vertex 1.033979 5.198162 0.000000
vertex 1.538509 5.071784 0.000000
vertex 2.028222 4.896562 0.000000
endloop
endfacet
facet normal 0 0 -1
outer loop
vertex 2.028222 4.896562 0.000000
vertex 2.498403 4.674183 0.000000
vertex 2.944522 4.406789 0.000000
endloop
endfacet
facet normal 0 0 -1
outer loop
vertex 2.944522 4.406789 0.000000
vertex 3.362284 4.096955 0.000000
vertex 3.747666 3.747666 0.000000
endloop
endfacet
facet normal 0 0 -1
outer loop
vertex 3.747666 3.747666 0.000000
vertex 4.096955 3.362284 0.000000
vertex 4.406789 2.944522 0.000000
endloop
endfacet
facet normal 0 0 -1
outer loop
vertex 4.406789 2.944522 0.000000
vertex 4.896562 2.028222 0.000000
vertex 5.198162 1.033979 0.000000
endloop
endfacet
facet normal 0 0 -1
outer loop
vertex 5.198162 1.033979 0.000000
vertex 5.300000 0.000000 0.000000
vertex 5.198162 -1.033979 0.000000
endloop
endfacet
facet normal 0 0 -1
outer loop
vertex 5.198162 -1.033979 0.000000
vertex 4.896562 -2.028222 0.000000
vertex 4.406789 -2.944522 0.000000
endloop
endfacet
facet normal 0 0 -1
outer loop
vertex 4.406789 -2.944522 0.000000
vertex 3.747666 -3.747666 0.000000
vertex 2.944522 -4.406789 0.000000
endloop
endfacet
facet normal 0 0 -1
outer loop
vertex 2.944522 -4.406789 0.000000
vertex 2.028222 -4.896562 0.000000
vertex 1.033979 -5.198162 0.000000
endloop
endfacet
facet normal -0 0 -1
outer loop
vertex 1.033979 -5.198162 0.000000
vertex -0.000000 -5.300000 0.000000
vertex -1.033979 -5.198162 0.000000
endloop
endfacet
facet normal 0 0 -1
outer loop
vertex -1.033979 -5.198162 0.000000
vertex -2.028222 -4.896562 0.000000
vertex -2.944522 -4.406789 0.000000
endloop
endfacet
facet normal 0 0 -1
outer loop
vertex -2.944522 -4.406789 0.000000
vertex -3.747666 -3.747666 0.000000
vertex -4.406789 -2.944522 0.000000
endloop
endfacet
facet normal 0 0 -1
outer loop
vertex -4.406789 -2.944522 0.000000
vertex -4.896562 -2.028222 0.000000
vertex -5.198162 -1.033979 0.000000
endloop
endfacet
facet normal 0 0 -1
outer loop
vertex -5.198162 -1.033979 0.000000
vertex -5.300000 0.000000 0.000000
vertex -5.198162 1.033979 0.000000
endloop
endfacet
facet normal 0 0 -1
outer loop
vertex -5.198162 1.033979 0.000000
vertex -4.896562 2.028222 0.000000
vertex -4.406789 2.944522 0.000000
endloop
endfacet
facet normal 0 0 -1
outer loop
vertex -4.406789 2.944522 0.000000
vertex -3.747666 3.747666 0.000000
vertex -2.944522 4.406789 0.000000
endloop
endfacet
facet normal 0 0 -1
outer loop
vertex -2.944522 4.406789 0.000000
vertex -2.028222 4.896562 0.000000
vertex -1.033979 5.198162 0.000000
endloop
endfacet
facet normal 0 0 -1
outer loop
vertex -1.033979 5.198162 0.000000
vertex 0.000000 5.300000 0.000000
vertex 1.033979 5.198162 0.000000
endloop
endfacet
facet normal 0 0 -1
outer loop
vertex 1.033979 5.198162 0.000000
vertex 2.028222 4.896562 0.000000
vertex 2.944522 4.406789 0.000000
endloop
endfacet
facet normal 0 0 -1
outer loop
vertex 2.944522 4.406789 0.000000
vertex 3.747666 3.747666 0.000000
vertex 4.406789 2.944522 0.000000
endloop
endfacet
facet normal 0 0 -1
outer loop
vertex 4.406789 2.944522 0.000000
vertex 5.198162 1.033979 0.000000
vertex 5.198162 -1.033979 0.000000
endloop
endfacet
facet normal 0 0 -1
outer loop
vertex 5.198162 -1.033979 0.000000
vertex 4.406789 -2.944522 0.000000
vertex 2.944522 -4.406789 0.000000
endloop
endfacet
facet normal 0 0 -1
outer loop
vertex 2.944522 -4.406789 0.000000
vertex 1.033979 -5.198162 0.000000
vertex -1.033979 -5.198162 0.000000
endloop
endfacet
facet normal 0 0 -1
outer loop
vertex -1.033979 -5.198162 0.000000
vertex -2.944522 -4.406789 0.000000
vertex -4.406789 -2.944522 0.000000
endloop
endfacet
facet normal 0 0 -1
outer loop
vertex -4.406789 -2.944522 0.000000
vertex -5.198162 -1.033979 0.000000
vertex -5.198162 1.033979 0.000000
endloop
endfacet
facet normal 0 0 -1
outer loop
vertex -5.198162 1.033979 0.000000
vertex -4.406789 2.944522 0.000000
vertex -2.944522 4.406789 0.000000
endloop
endfacet
facet normal 0 0 -1
outer loop
vertex -2.944522 4.406789 0.000000
vertex -1.033979 5.198162 0.000000
vertex 1.033979 5.198162 0.000000
endloop
endfacet
facet normal 0 0 -1
outer loop
vertex 1.033979 5.198162 0.000000
vertex 2.944522 4.406789 0.000000
vertex 4.406789 2.944522 0.000000
endloop
endfacet
facet normal 0 -0 -1
outer loop
vertex 4.406789 2.944522 0.000000
vertex 5.198162 -1.033979 0.000000
vertex 2.944522 -4.406789 0.000000
endloop
endfacet
facet normal -0 0 -1
outer loop
vertex 2.944522 -4.406789 0.000000
vertex -1.033979 -5.198162 0.000000
vertex -4.406789 -2.944522 0.000000
endloop
endfacet
facet normal 0 0 -1
outer loop
vertex -4.406789 -2.944522 0.000000
vertex -5.198162 1.033979 0.000000
vertex -2.944522 4.406789 0.000000
endloop
endfacet
facet normal 0 0 -1
outer loop
vertex -2.944522 4.406789 0.000000
vertex 1.033979 5.198162 0.000000
vertex 4.406789 2.944522 0.000000
endloop
endfacet
facet normal 0 0 -1
outer loop
vertex 4.406789 2.944522 0.000000
vertex 2.944522 -4.406789 0.000000
vertex -4.406789 -2.944522 0.000000
endloop
endfacet
facet normal 0 0 -1
outer loop
vertex -4.406789 -2.944522 0.000000
vertex -2.944522 4.406789 0.000000
vertex 4.406789 2.944522 0.000000
endloop
endfacet
facet normal 0 0 1
outer loop
vertex 0.047847 -0.014514 1.400000
vertex 0.049039 -0.009755 1.400000
vertex 0.049759 -0.004901 1.400000
endloop
endfacet
facet normal 0 0 1
outer loop
vertex 0.049759 -0.004901 1.400000
vertex 0.050000 0.000000 1.400000
vertex 0.049759 0.004901 1.400000
endloop
endfacet
facet normal 0 0 1
outer loop
vertex 0.049759 0.004901 1.400000
vertex 0.049039 0.009755 1.400000
vertex 0.047847 0.014514 1.400000
endloop
endfacet
facet normal 0 0 1
outer loop
vertex 0.047847 0.014514 1.400000
vertex 0.046194 0.019134 1.400000
vertex 0.044096 0.023570 1.400000
endloop
endfacet
facet normal 0 0 1
outer loop
vertex 0.044096 0.023570 1.400000
vertex 0.041573 0.027779 1.400000
vertex 0.038651 0.031720 1.400000
endloop
endfacet
facet normal 0 0 1
outer loop
vertex 0.038651 0.031720 1.400000
vertex 0.035355 0.035355 1.400000
vertex 0.031720 0.038651 1.400000
endloop
endfacet
facet normal 0 0 1
outer loop
vertex 0.031720 0.038651 1.400000
vertex 0.027779 0.041573 1.400000
vertex 0.023570 0.044096 1.400000
endloop
endfacet
facet normal 0 0 1
outer loop
vertex 0.023570 0.044096 1.400000
vertex 0.019134 0.046194 1.400000
vertex 0.014514 0.047847 1.400000
endloop
endfacet
facet normal 0 0 1
outer loop
vertex 0.014514 0.047847 1.400000
vertex 0.009755 0.049039 1.400000
vertex 0.004901 0.049759 1.400000
endloop
endfacet
facet normal 0 0 1
outer loop
vertex 0.004901 0.049759 1.400000
vertex 0.000000 0.050000 1.400000
vertex -0.004901 0.049759 1.400000
endloop
endfacet
facet normal 0 0 1
outer loop
vertex -0.004901 0.049759 1.400000
vertex -0.009755 0.049039 1.400000
vertex -0.014514 0.047847 1.400000
endloop
endfacet
facet normal 0 0 1
outer loop
vertex -0.014514 0.047847 1.400000
vertex -0.019134 0.046194 1.400000
vertex -0.023570 0.044096 1.400000
endloop
endfacet
facet normal 0 0 1
outer loop
vertex -0.023570 0.044096 1.400000
vertex -0.027779 0.041573 1.400000
vertex -0.031720 0.038651 1.400000
endloop
endfacet
facet normal 0 0 1
outer loop
vertex -0.031720 0.038651 1.400000
vertex -0.035355 0.035355 1.400000
vertex -0.038651 0.031720 1.400000
endloop
endfacet
facet normal 0 0 1
outer loop
vertex -0.038651 0.031720 1.400000
vertex -0.041573 0.027779 1.400000
vertex -0.044096 0.023570 1.400000
endloop
endfacet
facet normal 0 0 1
outer loop
vertex -0.044096 0.023570 1.400000
vertex -0.046194 0.019134 1.400000
vertex -0.047847 0.014514 1.400000
endloop
endfacet
facet normal 0 0 1
outer loop
vertex -0.047847 0.014514 1.400000
vertex -0.049039 0.009755 1.400000
vertex -0.049759 0.004901 1.400000
endloop
endfacet
facet normal 0 0 1
outer loop
vertex -0.049759 0.004901 1.400000
vertex -0.050000 0.000000 1.400000
vertex -0.049759 -0.004901 1.400000
endloop
endfacet
facet normal 0 0 1
outer loop
vertex -0.049759 -0.004901 1.400000
vertex -0.049039 -0.009755 1.400000
vertex -0.047847 -0.014514 1.400000
endloop
endfacet
facet normal 0 0 1
outer loop
vertex -0.047847 -0.014514 1.400000
vertex -0.046194 -0.019134 1.400000
vertex -0.044096 -0.023570 1.400000
endloop
endfacet
facet normal 0 0 1
outer loop
vertex -0.044096 -0.023570 1.400000
vertex -0.041573 -0.027779 1.400000
vertex -0.038651 -0.031720 1.400000
endloop
endfacet
facet normal 0 0 1
outer loop
vertex -0.038651 -0.031720 1.400000
vertex -0.035355 -0.035355 1.400000
vertex -0.031720 -0.038651 1.400000
endloop
endfacet
facet normal 0 0 1
outer loop
vertex -0.031720 -0.038651 1.400000
vertex -0.027779 -0.041573 1.400000
vertex -0.023570 -0.044096 1.400000
endloop
endfacet
facet normal 0 0 1
outer loop
vertex -0.023570 -0.044096 1.400000
vertex -0.019134 -0.046194 1.400000
vertex -0.014514 -0.047847 1.400000
endloop
endfacet
facet normal 0 0 1
outer loop
vertex -0.014514 -0.047847 1.400000
vertex -0.009755 -0.049039 1.400000
vertex -0.004901 -0.049759 1.400000
endloop
endfacet
facet normal -0 0 1
outer loop
vertex -0.004901 -0.049759 1.400000
vertex -0.000000 -0.050000 1.400000
vertex 0.004901 -0.049759 1.400000
endloop
endfacet
facet normal 0 0 1
outer loop
vertex 0.004901 -0.049759 1.400000
vertex 0.009755 -0.049039 1.400000
vertex 0.014514 -0.047847 1.400000
endloop
endfacet
facet normal 0 0 1
outer loop
vertex 0.014514 -0.047847 1.400000
vertex 0.019134 -0.046194 1.400000
vertex 0.023570 -0.044096 1.400000
endloop
endfacet
facet normal 0 0 1
outer loop
vertex 0.023570 -0.044096 1.400000
vertex 0.027779 -0.041573 1.400000
vertex 0.031720 -0.038651 1.400000
endloop
endfacet
facet normal 0 0 1
outer loop
vertex 0.031720 -0.038651 1.400000
vertex 0.035355 -0.035355 1.400000
vertex 0.038651 -0.031720 1.400000
endloop
endfacet
facet normal 0 0 1
outer loop
vertex 0.038651 -0.031720 1.400000
vertex 0.041573 -0.027779 1.400000
vertex 0.044096 -0.023570 1.400000
endloop
endfacet
facet normal 0 0 1
outer loop
vertex 0.044096 -0.023570 1.400000
vertex 0.046194 -0.019134 1.400000
vertex 0.047847 -0.014514 1.400000
endloop
endfacet
facet normal 0 0 1
outer loop
vertex 0.047847 -0.014514 1.400000
vertex 0.049759 -0.004901 1.400000
vertex 0.049759 0.004901 1.400000
endloop
endfacet
facet normal 0 0 1
outer loop
vertex 0.049759 0.004901 1.400000
vertex 0.047847 0.014514 1.400000
vertex 0.044096 0.023570 1.400000
endloop
endfacet
facet normal 0 0 1
outer loop
vertex 0.044096 0.023570 1.400000
vertex 0.038651 0.031720 1.400000
vertex 0.031720 0.038651 1.400000
endloop
endfacet
facet normal 0 0 1
outer loop
vertex 0.031720 0.038651 1.400000
vertex 0.023570 0.044096 1.400000
vertex 0.014514 0.047847 1.400000
endloop
endfacet
facet normal 0 0 1
outer loop
vertex 0.014514 0.047847 1.400000
vertex 0.004901 0.049759 1.400000
vertex -0.004901 0.049759 1.400000
endloop
endfacet
facet normal 0 0 1
outer loop
vertex -0.004901 0.049759 1.400000
vertex -0.014514 0.047847 1.400000
vertex -0.023570 0.044096 1.400000
endloop
endfacet
facet normal 0 0 1
outer loop
vertex -0.023570 0.044096 1.400000
vertex -0.031720 0.038651 1.400000
vertex -0.038651 0.031720 1.400000
endloop
endfacet
facet normal 0 0 1
outer loop
vertex -0.038651 0.031720 1.400000
vertex -0.044096 0.023570 1.400000
vertex -0.047847 0.014514 1.400000
endloop
endfacet
facet normal 0 0 1
outer loop
vertex -0.047847 0.014514 1.400000
vertex -0.049759 0.004901 1.400000
vertex -0.049759 -0.004901 1.400000
endloop
endfacet
facet normal 0 0 1
outer loop
vertex -0.049759 -0.004901 1.400000
vertex -0.047847 -0.014514 1.400000
vertex -0.044096 -0.023570 1.400000
endloop
endfacet
facet normal 0 0 1
outer loop
vertex -0.044096 -0.023570 1.400000
vertex -0.038651 -0.031720 1.400000
vertex -0.031720 -0.038651 1.400000
endloop
endfacet
facet normal 0 0 1
outer loop
vertex -0.031720 -0.038651 1.400000
vertex -0.023570 -0.044096 1.400000
vertex -0.014514 -0.047847 1.400000
endloop
endfacet
facet normal 0 0 1
outer loop
vertex -0.014514 -0.047847 1.400000
vertex -0.004901 -0.049759 1.400000
vertex 0.004901 -0.049759 1.400000
endloop
endfacet
facet normal 0 0 1
outer loop
vertex 0.004901 -0.049759 1.400000
vertex 0.014514 -0.047847 1.400000
vertex 0.023570 -0.044096 1.400000
endloop
endfacet
facet normal 0 0 1
outer loop
vertex 0.023570 -0.044096 1.400000
vertex 0.031720 -0.038651 1.400000
vertex 0.038651 -0.031720 1.400000
endloop
endfacet
facet normal 0 0 1
outer loop
vertex 0.038651 -0.031720 1.400000
vertex 0.044096 -0.023570 1.400000
vertex 0.047847 -0.014514 1.400000
endloop
endfacet
facet normal 0 -0 1
outer loop
vertex 0.047847 -0.014514 1.400000
vertex 0.049759 0.004901 1.400000
vertex 0.044096 0.023570 1.400000
endloop
endfacet
facet normal 0 0 1
outer loop
vertex 0.044096 0.023570 1.400000
vertex 0.031720 0.038651 1.400000
vertex 0.014514 0.047847 1.400000
endloop
endfacet
facet normal 0 0 1
outer loop
vertex 0.014514 0.047847 1.400000
vertex -0.004901 0.049759 1.400000
vertex -0.023570 0.044096 1.400000
endloop
endfacet
facet normal 0 0 1
outer loop
vertex -0.023570 0.044096 1.400000
vertex -0.038651 0.031720 1.400000
vertex -0.047847 0.014514 1.400000
endloop
endfacet
facet normal 0 0 1
outer loop
vertex -0.047847 0.014514 1.400000
vertex -0.049759 -0.004901 1.400000
vertex -0.044096 -0.023570 1.400000
endloop
endfacet
facet normal 0 0 1
outer loop
vertex -0.044096 -0.023570 1.400000
vertex -0.031720 -0.038651 1.400000
vertex -0.014514 -0.047847 1.400000
endloop
endfacet
facet normal -0 0 1
outer loop
vertex -0.014514 -0.047847 1.400000
vertex 0.004901 -0.049759 1.400000
vertex 0.023570 -0.044096 1.400000
endloop
endfacet
facet normal 0 0 1
outer loop
vertex 0.023570 -0.044096 1.400000
vertex 0.038651 -0.031720 1.400000
vertex 0.047847 -0.014514 1.400000
endloop
endfacet
facet normal 0 0 1
outer loop
vertex 0.047847 -0.014514 1.400000
vertex 0.044096 0.023570 1.400000
vertex 0.014514 0.047847 1.400000
endloop
endfacet
facet normal 0 0 1
outer loop
vertex 0.014514 0.047847 1.400000
vertex -0.023570 0.044096 1.400000
vertex -0.047847 0.014514 1.400000
endloop
endfacet
facet normal 0 0 1
outer loop
vertex -0.047847 0.014514 1.400000
vertex -0.044096 -0.023570 1.400000
vertex -0.014514 -0.047847 1.400000
endloop
endfacet
facet normal 0 0 1
outer loop
vertex -0.014514 -0.047847 1.400000
vertex 0.023570 -0.044096 1.400000
vertex 0.047847 -0.014514 1.400000
endloop
endfacet
facet normal 0 0 1
outer loop
vertex 0.047847 -0.014514 1.400000
vertex 0.014514 0.047847 1.400000
vertex -0.047847 0.014514 1.400000
endloop
endfacet
facet normal 0 0 1
outer loop
vertex -0.047847 0.014514 1.400000
vertex -0.014514 -0.047847 1.400000
vertex 0.047847 -0.014514 1.400000
endloop
endfacet
facet normal -0.524246 0.475151 0.706681
outer loop
vertex 3.365828 3.167838 1.250000
vertex 3.401184 3.132483 1.300000
vertex 3.413046 3.145571 1.300000
endloop
endfacet
facet normal -0.524246 0.475151 0.706681
outer loop
vertex 3.365828 3.167838 1.250000
vertex 3.413046 3.145571 1.300000
vertex 3.374396 3.177291 1.250000
endloop
endfacet
facet normal -0.568295 0.421477 0.706681
outer loop
vertex 3.374396 3.177291 1.250000
vertex 3.413046 3.145571 1.300000
vertex 3.423569 3.159760 1.300000
endloop
endfacet
facet normal -0.568297 0.421473 0.706682
outer loop
vertex 3.374396 3.177291 1.250000
vertex 3.423569 3.159760 1.300000
vertex 3.381995 3.187538 1.250000
endloop
endfacet
facet normal -0.606876 0.363734 0.706681
outer loop
vertex 3.381995 3.187538 1.250000
vertex 3.423569 3.159760 1.300000
vertex 3.432650 3.174911 1.300000
endloop
endfacet
facet normal -0.606872 0.363745 0.706679
outer loop
vertex 3.381995 3.187538 1.250000
vertex 3.432650 3.174911 1.300000
vertex 3.388554 3.198481 1.250000
endloop
endfacet
facet normal -0.6396 0.302515 0.70668
outer loop
vertex 3.388554 3.198481 1.250000
vertex 3.432650 3.174911 1.300000
vertex 3.440203 3.190879 1.300000
endloop
endfacet
facet normal -0.639603 0.302506 0.706681
outer loop
vertex 3.388554 3.198481 1.250000
vertex 3.440203 3.190879 1.300000
vertex 3.394009 3.210013 1.250000
endloop
endfacet
facet normal -0.666172 0.238362 0.706681
outer loop
vertex 3.394009 3.210013 1.250000
vertex 3.440203 3.190879 1.300000
vertex 3.446154 3.207511 1.300000
endloop
endfacet
facet normal -0.666172 0.238361 0.706681
outer loop
vertex 3.394009 3.210013 1.250000
vertex 3.446154 3.207511 1.300000
vertex 3.398307 3.222025 1.250000
endloop
endfacet
facet normal -0.686329 0.171912 0.706681
outer loop
vertex 3.398307 3.222025 1.250000
vertex 3.446154 3.207511 1.300000
vertex 3.450446 3.224646 1.300000
endloop
endfacet
facet normal -0.68633 0.17191 0.706681
outer loop
vertex 3.398307 3.222025 1.250000
vertex 3.450446 3.224646 1.300000
vertex 3.401406 3.234401 1.250000
endloop
endfacet
facet normal -0.699873 0.103824 0.706682
outer loop
vertex 3.401406 3.234401 1.250000
vertex 3.450446 3.224646 1.300000
vertex 3.453038 3.242119 1.300000
endloop
endfacet
facet normal -0.699873 0.103822 0.706682
outer loop
vertex 3.401406 3.234401 1.250000
vertex 3.453038 3.242119 1.300000
vertex 3.403278 3.247020 1.250000
endloop
endfacet
facet normal -0.706679 0.0347133 0.706682
outer loop
vertex 3.403278 3.247020 1.250000
vertex 3.453038 3.242119 1.300000
vertex 3.453904 3.259762 1.300000
endloop
endfacet
facet normal -0.70668 0.0347231 0.70668
outer loop
vertex 3.403278 3.247020 1.250000
vertex 3.453904 3.259762 1.300000
vertex 3.403904 3.259762 1.250000
endloop
endfacet
facet normal -0.706681 -0.0347133 0.706681
outer loop
vertex 3.403904 3.259762 1.250000
vertex 3.453904 3.259762 1.300000
vertex 3.453038 3.277405 1.300000
endloop
endfacet
facet normal -0.706679 -0.0347224 0.706682
outer loop
vertex 3.403904 3.259762 1.250000
vertex 3.453038 3.277405 1.300000
vertex 3.403278 3.272505 1.250000
endloop
endfacet
facet normal -0.699873 -0.103824 0.706682
outer loop
vertex 3.403278 3.272505 1.250000
vertex 3.453038 3.277405 1.300000
vertex 3.450446 3.294878 1.300000
endloop
endfacet
facet normal -0.699877 -0.103811 0.70668
outer loop
vertex 3.403278 3.272505 1.250000
vertex 3.450446 3.294878 1.300000
vertex 3.401407 3.285124 1.250000
endloop
endfacet
facet normal -0.686331 -0.171912 0.70668
outer loop
vertex 3.401407 3.285124 1.250000
vertex 3.450446 3.294878 1.300000
vertex 3.446154 3.312014 1.300000
endloop
endfacet
facet normal -0.686327 -0.171922 0.706681
outer loop
vertex 3.401407 3.285124 1.250000
vertex 3.446154 3.312014 1.300000
vertex 3.398307 3.297499 1.250000
endloop
endfacet
facet normal -0.666172 -0.238362 0.706681
outer loop
vertex 3.398307 3.297499 1.250000
vertex 3.446154 3.312014 1.300000
vertex 3.440203 3.328645 1.300000
endloop
endfacet
facet normal -0.666173 -0.238361 0.706681
outer loop
vertex 3.398307 3.297499 1.250000
vertex 3.440203 3.328645 1.300000
vertex 3.394009 3.309511 1.250000
endloop
endfacet
facet normal -0.639599 -0.302515 0.706681
outer loop
vertex 3.394009 3.309511 1.250000
vertex 3.440203 3.328645 1.300000
vertex 3.432650 3.344614 1.300000
endloop
endfacet
facet normal -0.639604 -0.302507 0.70668
outer loop
vertex 3.394009 3.309511 1.250000
vertex 3.432650 3.344614 1.300000
vertex 3.388554 3.321044 1.250000
endloop
endfacet
facet normal -0.606878 -0.363735 0.70668
outer loop
vertex 3.388554 3.321044 1.250000
vertex 3.432650 3.344614 1.300000
vertex 3.423569 3.359765 1.300000
endloop
endfacet
facet normal -0.60687 -0.363744 0.706682
outer loop
vertex 3.388554 3.321044 1.250000
vertex 3.423569 3.359765 1.300000
vertex 3.381995 3.331986 1.250000
endloop
endfacet
facet normal -0.568294 -0.421477 0.706682
outer loop
vertex 3.381995 3.331986 1.250000
vertex 3.423569 3.359765 1.300000
vertex 3.413046 3.373953 1.300000
endloop
endfacet
facet normal -0.568298 -0.421473 0.706681
outer loop
vertex 3.381995 3.331986 1.250000
vertex 3.413046 3.373953 1.300000
vertex 3.374396 3.342233 1.250000
endloop
endfacet
facet normal -0.524246 -0.475151 0.706681
outer loop
vertex 3.374396 3.342233 1.250000
vertex 3.413046 3.373953 1.300000
vertex 3.401184 3.387042 1.300000
endloop
endfacet
facet normal -0.524246 -0.475151 0.706681
outer loop
vertex 3.374396 3.342233 1.250000
vertex 3.401184 3.387042 1.300000
vertex 3.365828 3.351686 1.250000
endloop
endfacet
facet normal -0.5 -0.5 0.707107
outer loop
vertex 3.365828 3.351686 1.250000
vertex 3.401184 3.387042 1.300000
vertex 3.387042 3.401184 1.300000
endloop
endfacet
facet normal -0.5 -0.5 0.707107
outer loop
vertex 3.365828 3.351686 1.250000
vertex 3.387042 3.401184 1.300000
vertex 3.351686 3.365828 1.250000
endloop
endfacet
facet normal -0.475151 -0.524246 0.706681
outer loop
vertex 3.351686 3.365828 1.250000
vertex 3.387042 3.401184 1.300000
vertex 3.373953 3.413046 1.300000
endloop
endfacet
facet normal -0.475151 -0.524246 0.706681
outer loop
vertex 3.351686 3.365828 1.250000
vertex 3.373953 3.413046 1.300000
vertex 3.342233 3.374396 1.250000
endloop
endfacet
facet normal -0.421477 -0.568295 0.706681
outer loop
vertex 3.342233 3.374396 1.250000
vertex 3.373953 3.413046 1.300000
vertex 3.359765 3.423569 1.300000
endloop
endfacet
facet normal -0.421473 -0.568297 0.706682
outer loop
vertex 3.342233 3.374396 1.250000
vertex 3.359765 3.423569 1.300000
vertex 3.331986 3.381995 1.250000
endloop
endfacet
facet normal -0.363734 -0.606876 0.706681
outer loop
vertex 3.331986 3.381995 1.250000
vertex 3.359765 3.423569 1.300000
vertex 3.344614 3.432650 1.300000
endloop
endfacet
facet normal -0.363745 -0.606872 0.706679
outer loop
vertex 3.331986 3.381995 1.250000
vertex 3.344614 3.432650 1.300000
vertex 3.321044 3.388554 1.250000
endloop
endfacet
facet normal -0.302515 -0.6396 0.70668
outer loop
vertex 3.321044 3.388554 1.250000
vertex 3.344614 3.432650 1.300000
vertex 3.328645 3.440203 1.300000
endloop
endfacet
facet normal -0.302506 -0.639603 0.706681
outer loop
vertex 3.321044 3.388554 1.250000
vertex 3.328645 3.440203 1.300000
vertex 3.309511 3.394009 1.250000
endloop
endfacet
facet normal -0.238362 -0.666172 0.706681
outer loop
vertex 3.309511 3.394009 1.250000
vertex 3.328645 3.440203 1.300000
vertex 3.312014 3.446154 1.300000
endloop
endfacet
facet normal -0.238361 -0.666172 0.706681
outer loop
vertex 3.309511 3.394009 1.250000
vertex 3.312014 3.446154 1.300000
vertex 3.297499 3.398307 1.250000
endloop
endfacet
facet normal -0.171912 -0.686329 0.706681
outer loop
vertex 3.297499 3.398307 1.250000
vertex 3.312014 3.446154 1.300000
vertex 3.294878 3.450446 1.300000
endloop
endfacet
facet normal -0.171923 -0.686328 0.70668
outer loop
vertex 3.297499 3.398307 1.250000
vertex 3.294878 3.450446 1.300000
vertex 3.285124 3.401407 1.250000
endloop
endfacet
facet normal -0.103824 -0.699874 0.70668
outer loop
vertex 3.285124 3.401407 1.250000
vertex 3.294878 3.450446 1.300000
vertex 3.277405 3.453038 1.300000
endloop
endfacet
facet normal -0.103811 -0.699874 0.706682
outer loop
vertex 3.285124 3.401407 1.250000
vertex 3.277405 3.453038 1.300000
vertex 3.272505 3.403278 1.250000
endloop
endfacet
facet normal -0.0347133 -0.706679 0.706682
outer loop
vertex 3.272505 3.403278 1.250000
vertex 3.277405 3.453038 1.300000
vertex 3.259762 3.453904 1.300000
endloop
endfacet
facet normal -0.0347225 -0.70668 0.70668
outer loop
vertex 3.272505 3.403278 1.250000
vertex 3.259762 3.453904 1.300000
vertex 3.259762 3.403904 1.250000
endloop
endfacet
facet normal 0.0347133 -0.706681 0.706681
outer loop
vertex 3.259762 3.403904 1.250000
vertex 3.259762 3.453904 1.300000
vertex 3.242119 3.453038 1.300000
endloop
endfacet
facet normal 0.034723 -0.706679 0.706682
outer loop
vertex 3.259762 3.403904 1.250000
vertex 3.242119 3.453038 1.300000
vertex 3.247020 3.403278 1.250000
endloop
endfacet
facet normal 0.103823 -0.699872 0.706682
outer loop
vertex 3.247020 3.403278 1.250000
vertex 3.242119 3.453038 1.300000
vertex 3.224646 3.450446 1.300000
endloop
endfacet
facet normal 0.103822 -0.699873 0.706682
outer loop
vertex 3.247020 3.403278 1.250000
vertex 3.224646 3.450446 1.300000
vertex 3.234401 3.401406 1.250000
endloop
endfacet
facet normal 0.171912 -0.686329 0.706682
outer loop
vertex 3.234401 3.401406 1.250000
vertex 3.224646 3.450446 1.300000
vertex 3.207511 3.446154 1.300000
endloop
endfacet
facet normal 0.17191 -0.68633 0.706681
outer loop
vertex 3.234401 3.401406 1.250000
vertex 3.207511 3.446154 1.300000
vertex 3.222025 3.398307 1.250000
endloop
endfacet
facet normal 0.238362 -0.666172 0.706681
outer loop
vertex 3.222025 3.398307 1.250000
vertex 3.207511 3.446154 1.300000
vertex 3.190879 3.440203 1.300000
endloop
endfacet
facet normal 0.238361 -0.666173 0.706681
outer loop
vertex 3.222025 3.398307 1.250000
vertex 3.190879 3.440203 1.300000
vertex 3.210013 3.394009 1.250000
endloop
endfacet
facet normal 0.302515 -0.639599 0.706681
outer loop
vertex 3.210013 3.394009 1.250000
vertex 3.190879 3.440203 1.300000
vertex 3.174911 3.432650 1.300000
endloop
endfacet
facet normal 0.302507 -0.639604 0.70668
outer loop
vertex 3.210013 3.394009 1.250000
vertex 3.174911 3.432650 1.300000
vertex 3.198481 3.388554 1.250000
endloop
endfacet
facet normal 0.363735 -0.606878 0.70668
outer loop
vertex 3.198481 3.388554 1.250000
vertex 3.174911 3.432650 1.300000
vertex 3.159760 3.423569 1.300000
endloop
endfacet
facet normal 0.363744 -0.60687 0.706682
outer loop
vertex 3.198481 3.388554 1.250000
vertex 3.159760 3.423569 1.300000
vertex 3.187538 3.381995 1.250000
endloop
endfacet
facet normal 0.421477 -0.568294 0.706682
outer loop
vertex 3.187538 3.381995 1.250000
vertex 3.159760 3.423569 1.300000
vertex 3.145571 3.413046 1.300000
endloop
endfacet
facet normal 0.421473 -0.568298 0.706681
outer loop
vertex 3.187538 3.381995 1.250000
vertex 3.145571 3.413046 1.300000
vertex 3.177291 3.374396 1.250000
endloop
endfacet
facet normal 0.475151 -0.524246 0.706681
outer loop
vertex 3.177291 3.374396 1.250000
vertex 3.145571 3.413046 1.300000
vertex 3.132483 3.401184 1.300000
endloop
endfacet
facet normal 0.475151 -0.524246 0.706681
outer loop
vertex 3.177291 3.374396 1.250000
vertex 3.132483 3.401184 1.300000
vertex 3.167838 3.365828 1.250000
endloop
endfacet
facet normal 0.5 -0.5 0.707107
outer loop
vertex 3.167838 3.365828 1.250000
vertex 3.132483 3.401184 1.300000
vertex 1.619275 1.887975 1.300000
endloop
endfacet
facet normal 0.5 -0.5 0.707107
outer loop
vertex 3.167838 3.365828 1.250000
vertex 1.619275 1.887975 1.300000
vertex 1.654630 1.852620 1.250000
endloop
endfacet
facet normal 0.524248 -0.475149 0.706681
outer loop
vertex 1.654630 1.852620 1.250000
vertex 1.619275 1.887975 1.300000
vertex 1.607412 1.874887 1.300000
endloop
endfacet
facet normal 0.524249 -0.475147 0.706681
outer loop
vertex 1.654630 1.852620 1.250000
vertex 1.607412 1.874887 1.300000
vertex 1.646062 1.843167 1.250000
endloop
endfacet
facet normal 0.568294 -0.421478 0.706681
outer loop
vertex 1.646062 1.843167 1.250000
vertex 1.607412 1.874887 1.300000
vertex 1.596889 1.860699 1.300000
endloop
endfacet
facet normal 0.568295 -0.421477 0.706681
outer loop
vertex 1.646062 1.843167 1.250000
vertex 1.596889 1.860699 1.300000
vertex 1.638463 1.832920 1.250000
endloop
endfacet
facet normal 0.606872 -0.363742 0.706681
outer loop
vertex 1.638463 1.832920 1.250000
vertex 1.596889 1.860699 1.300000
vertex 1.587808 1.845547 1.300000
endloop
endfacet
facet normal 0.60687 -0.363747 0.70668
outer loop
vertex 1.638463 1.832920 1.250000
vertex 1.587808 1.845547 1.300000
vertex 1.631904 1.821977 1.250000
endloop
endfacet
facet normal 0.639601 -0.302511 0.70668
outer loop
vertex 1.631904 1.821977 1.250000
vertex 1.587808 1.845547 1.300000
vertex 1.580256 1.829579 1.300000
endloop
endfacet
facet normal 0.639602 -0.302509 0.706681
outer loop
vertex 1.631904 1.821977 1.250000
vertex 1.580256 1.829579 1.300000
vertex 1.626449 1.810445 1.250000
endloop
endfacet
facet normal 0.666174 -0.238359 0.706681
outer loop
vertex 1.626449 1.810445 1.250000
vertex 1.580256 1.829579 1.300000
vertex 1.574305 1.812947 1.300000
endloop
endfacet
facet normal 0.666175 -0.238355 0.706681
outer loop
vertex 1.626449 1.810445 1.250000
vertex 1.574305 1.812947 1.300000
vertex 1.622152 1.798433 1.250000
endloop
endfacet
facet normal 0.686328 -0.171917 0.706681
outer loop
vertex 1.622152 1.798433 1.250000
vertex 1.574305 1.812947 1.300000
vertex 1.570012 1.795812 1.300000
endloop
endfacet
facet normal 0.686328 -0.171916 0.706681
outer loop
vertex 1.622152 1.798433 1.250000
vertex 1.570012 1.795812 1.300000
vertex 1.619052 1.786058 1.250000
endloop
endfacet
facet normal 0.699874 -0.103815 0.706681
outer loop
vertex 1.619052 1.786058 1.250000
vertex 1.570012 1.795812 1.300000
vertex 1.567421 1.778339 1.300000
endloop
endfacet
facet normal 0.699874 -0.103823 0.70668
outer loop
vertex 1.619052 1.786058 1.250000
vertex 1.567421 1.778339 1.300000
vertex 1.617180 1.773438 1.250000
endloop
endfacet
facet normal 0.706681 -0.0347178 0.70668
outer loop
vertex 1.617180 1.773438 1.250000
vertex 1.567421 1.778339 1.300000
vertex 1.566554 1.760696 1.300000
endloop
endfacet
facet normal 0.706681 -0.0347162 0.706681
outer loop
vertex 1.617180 1.773438 1.250000
vertex 1.566554 1.760696 1.300000
vertex 1.616554 1.760696 1.250000
endloop
endfacet
facet normal 0.706681 0.0347179 0.706681
outer loop
vertex 1.616554 1.760696 1.250000
vertex 1.566554 1.760696 1.300000
vertex 1.567421 1.743053 1.300000
endloop
endfacet
facet normal 0.70668 0.0347224 0.706681
outer loop
vertex 1.616554 1.760696 1.250000
vertex 1.567421 1.743053 1.300000
vertex 1.617180 1.747954 1.250000
endloop
endfacet
facet normal 0.699875 0.103814 0.706681
outer loop
vertex 1.617180 1.747954 1.250000
vertex 1.567421 1.743053 1.300000
vertex 1.570012 1.725580 1.300000
endloop
endfacet
facet normal 0.699876 0.103811 0.706681
outer loop
vertex 1.617180 1.747954 1.250000
vertex 1.570012 1.725580 1.300000
vertex 1.619052 1.735334 1.250000
endloop
endfacet
facet normal 0.686328 0.171919 0.706681
outer loop
vertex 1.619052 1.735334 1.250000
vertex 1.570012 1.725580 1.300000
vertex 1.574305 1.708445 1.300000
endloop
endfacet
facet normal 0.686327 0.171921 0.706681
outer loop
vertex 1.619052 1.735334 1.250000
vertex 1.574305 1.708445 1.300000
vertex 1.622152 1.722959 1.250000
endloop
endfacet
facet normal 0.666173 0.238359 0.706681
outer loop
vertex 1.622152 1.722959 1.250000
vertex 1.574305 1.708445 1.300000
vertex 1.580256 1.691813 1.300000
endloop
endfacet
facet normal 0.666174 0.238357 0.706681
outer loop
vertex 1.622152 1.722959 1.250000
vertex 1.580256 1.691813 1.300000
vertex 1.626449 1.710947 1.250000
endloop
endfacet
facet normal 0.639601 0.302511 0.706681
outer loop
vertex 1.626449 1.710947 1.250000
vertex 1.580256 1.691813 1.300000
vertex 1.587808 1.675845 1.300000
endloop
endfacet
facet normal 0.639602 0.302509 0.70668
outer loop
vertex 1.626449 1.710947 1.250000
vertex 1.587808 1.675845 1.300000
vertex 1.631904 1.699414 1.250000
endloop
endfacet
facet normal 0.606872 0.363742 0.706681
outer loop
vertex 1.631904 1.699414 1.250000
vertex 1.587808 1.675845 1.300000
vertex 1.596889 1.660693 1.300000
endloop
endfacet
facet normal 0.606869 0.363746 0.706681
outer loop
vertex 1.631904 1.699414 1.250000
vertex 1.596889 1.660693 1.300000
vertex 1.638463 1.688472 1.250000
endloop
endfacet
facet normal 0.568296 0.421475 0.706681
outer loop
vertex 1.638463 1.688472 1.250000
vertex 1.596889 1.660693 1.300000
vertex 1.607412 1.646505 1.300000
endloop
endfacet
facet normal 0.568294 0.421477 0.706682
outer loop
vertex 1.638463 1.688472 1.250000
vertex 1.607412 1.646505 1.300000
vertex 1.646062 1.678225 1.250000
endloop
endfacet
facet normal 0.524245 0.475151 0.706681
outer loop
vertex 1.646062 1.678225 1.250000
vertex 1.607412 1.646505 1.300000
vertex 1.619275 1.633417 1.300000
endloop
endfacet
facet normal 0.524249 0.475147 0.706681
outer loop
vertex 1.646062 1.678225 1.250000
vertex 1.619275 1.633417 1.300000
vertex 1.654630 1.668772 1.250000
endloop
endfacet
facet normal 0.5 0.5 0.707107
outer loop
vertex 1.654630 1.668772 1.250000
vertex 1.619275 1.633417 1.300000
vertex 1.633417 1.619275 1.300000
endloop
endfacet
facet normal 0.5 0.5 0.707107
outer loop
vertex 1.654630 1.668772 1.250000
vertex 1.633417 1.619275 1.300000
vertex 1.668772 1.654630 1.250000
endloop
endfacet
facet normal 0.475151 0.524246 0.706681
outer loop
vertex 1.668772 1.654630 1.250000
vertex 1.633417 1.619275 1.300000
vertex 1.646505 1.607412 1.300000
endloop
endfacet
facet normal 0.475147 0.524249 0.706682
outer loop
vertex 1.668772 1.654630 1.250000
vertex 1.646505 1.607412 1.300000
vertex 1.678225 1.646062 1.250000
endloop
endfacet
facet normal 0.421475 0.568296 0.706681
outer loop
vertex 1.678225 1.646062 1.250000
vertex 1.646505 1.607412 1.300000
vertex 1.660693 1.596889 1.300000
endloop
endfacet
facet normal 0.421477 0.568295 0.706681
outer loop
vertex 1.678225 1.646062 1.250000
vertex 1.660693 1.596889 1.300000
vertex 1.688472 1.638463 1.250000
endloop
endfacet
facet normal 0.363742 0.606872 0.706681
outer loop
vertex 1.688472 1.638463 1.250000
vertex 1.660693 1.596889 1.300000
vertex 1.675845 1.587808 1.300000
endloop
endfacet
facet normal 0.363747 0.60687 0.70668
outer loop
vertex 1.688472 1.638463 1.250000
vertex 1.675845 1.587808 1.300000
vertex 1.699414 1.631904 1.250000
endloop
endfacet
facet normal 0.302511 0.639601 0.70668
outer loop
vertex 1.699414 1.631904 1.250000
vertex 1.675845 1.587808 1.300000
vertex 1.691813 1.580256 1.300000
endloop
endfacet
facet normal 0.302509 0.639602 0.706681
outer loop
vertex 1.699414 1.631904 1.250000
vertex 1.691813 1.580256 1.300000
vertex 1.710947 1.626449 1.250000
endloop
endfacet
facet normal 0.238359 0.666174 0.706681
outer loop
vertex 1.710947 1.626449 1.250000
vertex 1.691813 1.580256 1.300000
vertex 1.708445 1.574305 1.300000
endloop
endfacet
facet normal 0.238357 0.666174 0.706681
outer loop
vertex 1.710947 1.626449 1.250000
vertex 1.708445 1.574305 1.300000
vertex 1.722959 1.622152 1.250000
endloop
endfacet
facet normal 0.171919 0.686328 0.706681
outer loop
vertex 1.722959 1.622152 1.250000
vertex 1.708445 1.574305 1.300000
vertex 1.725580 1.570012 1.300000
endloop
endfacet
facet normal 0.171921 0.686328 0.706681
outer loop
vertex 1.722959 1.622152 1.250000
vertex 1.725580 1.570012 1.300000
vertex 1.735334 1.619052 1.250000
endloop
endfacet
facet normal 0.103814 0.699875 0.706681
outer loop
vertex 1.735334 1.619052 1.250000
vertex 1.725580 1.570012 1.300000
vertex 1.743053 1.567421 1.300000
endloop
endfacet
facet normal 0.103811 0.699875 0.706681
outer loop
vertex 1.735334 1.619052 1.250000
vertex 1.743053 1.567421 1.300000
vertex 1.747954 1.617180 1.250000
endloop
endfacet
facet normal 0.0347179 0.70668 0.706681
outer loop
vertex 1.747954 1.617180 1.250000
vertex 1.743053 1.567421 1.300000
vertex 1.760696 1.566554 1.300000
endloop
endfacet
facet normal 0.0347225 0.70668 0.70668
outer loop
vertex 1.747954 1.617180 1.250000
vertex 1.760696 1.566554 1.300000
vertex 1.760696 1.616554 1.250000
endloop
endfacet
facet normal -0.0347179 0.706681 0.706681
outer loop
vertex 1.760696 1.616554 1.250000
vertex 1.760696 1.566554 1.300000
vertex 1.778339 1.567421 1.300000
endloop
endfacet
facet normal -0.0347162 0.706681 0.70668
outer loop
vertex 1.760696 1.616554 1.250000
vertex 1.778339 1.567421 1.300000
vertex 1.773438 1.617180 1.250000
endloop
endfacet
facet normal -0.103815 0.699875 0.70668
outer loop
vertex 1.773438 1.617180 1.250000
vertex 1.778339 1.567421 1.300000
vertex 1.795812 1.570012 1.300000
endloop
endfacet
facet normal -0.103823 0.699873 0.706682
outer loop
vertex 1.773438 1.617180 1.250000
vertex 1.795812 1.570012 1.300000
vertex 1.786058 1.619052 1.250000
endloop
endfacet
facet normal -0.171917 0.686328 0.706681
outer loop
vertex 1.786058 1.619052 1.250000
vertex 1.795812 1.570012 1.300000
vertex 1.812947 1.574305 1.300000
endloop
endfacet
facet normal -0.171916 0.686328 0.706681
outer loop
vertex 1.786058 1.619052 1.250000
vertex 1.812947 1.574305 1.300000
vertex 1.798433 1.622152 1.250000
endloop
endfacet
facet normal -0.238359 0.666173 0.706681
outer loop
vertex 1.798433 1.622152 1.250000
vertex 1.812947 1.574305 1.300000
vertex 1.829579 1.580256 1.300000
endloop
endfacet
facet normal -0.238355 0.666175 0.706681
outer loop
vertex 1.798433 1.622152 1.250000
vertex 1.829579 1.580256 1.300000
vertex 1.810445 1.626449 1.250000
endloop
endfacet
facet normal -0.302511 0.639601 0.706681
outer loop
vertex 1.810445 1.626449 1.250000
vertex 1.829579 1.580256 1.300000
vertex 1.845547 1.587808 1.300000
endloop
endfacet
facet normal -0.302509 0.639602 0.70668
outer loop
vertex 1.810445 1.626449 1.250000
vertex 1.845547 1.587808 1.300000
vertex 1.821977 1.631904 1.250000
endloop
endfacet
facet normal -0.363742 0.606872 0.706681
outer loop
vertex 1.821977 1.631904 1.250000
vertex 1.845547 1.587808 1.300000
vertex 1.860699 1.596889 1.300000
endloop
endfacet
facet normal -0.363746 0.606869 0.706681
outer loop
vertex 1.821977 1.631904 1.250000
vertex 1.860699 1.596889 1.300000
vertex 1.832920 1.638463 1.250000
endloop
endfacet
facet normal -0.421478 0.568294 0.706681
outer loop
vertex 1.832920 1.638463 1.250000
vertex 1.860699 1.596889 1.300000
vertex 1.874887 1.607412 1.300000
endloop
endfacet
facet normal -0.421477 0.568295 0.706681
outer loop
vertex 1.832920 1.638463 1.250000
vertex 1.874887 1.607412 1.300000
vertex 1.843167 1.646062 1.250000
endloop
endfacet
facet normal -0.475148 0.524248 0.706681
outer loop
vertex 1.843167 1.646062 1.250000
vertex 1.874887 1.607412 1.300000
vertex 1.887975 1.619275 1.300000
endloop
endfacet
facet normal -0.475147 0.524249 0.706681
outer loop
vertex 1.843167 1.646062 1.250000
vertex 1.887975 1.619275 1.300000
vertex 1.852620 1.654630 1.250000
endloop
endfacet
facet normal -0.5 0.5 0.707107
outer loop
vertex 1.852620 1.654630 1.250000
vertex 1.887975 1.619275 1.300000
vertex 3.401184 3.132483 1.300000
endloop
endfacet
facet normal -0.5 0.5 0.707107
outer loop
vertex 1.852620 1.654630 1.250000
vertex 3.401184 3.132483 1.300000
vertex 3.365828 3.167838 1.250000
endloop
endfacet
facet normal -0.740949 0.671561 0
outer loop
vertex 3.413046 3.145571 1.300000
vertex 3.401184 3.132483 1.300000
vertex 3.401184 3.132483 1.769593
endloop
endfacet
facet normal -0.740949 0.671561 0
outer loop
vertex 3.413046 3.145571 1.300000
vertex 3.401184 3.132483 1.769593
vertex 3.413046 3.145571 1.773015
endloop
endfacet
facet normal -0.803207 0.5957 0
outer loop
vertex 3.423569 3.159760 1.300000
vertex 3.413046 3.145571 1.300000
vertex 3.413046 3.145571 1.773015
endloop
endfacet
facet normal -0.803207 0.5957 0
outer loop
vertex 3.423569 3.159760 1.300000
vertex 3.413046 3.145571 1.773015
vertex 3.423569 3.159760 1.776388
endloop
endfacet
facet normal -0.857737 0.514089 0
outer loop
vertex 3.432650 3.174911 1.300000
vertex 3.423569 3.159760 1.300000
vertex 3.423569 3.159760 1.776388
endloop
endfacet
facet normal -0.857737 0.514089 0
outer loop
vertex 3.432650 3.174911 1.300000
vertex 3.423569 3.159760 1.776388
vertex 3.432650 3.174911 1.779679
endloop
endfacet
facet normal -0.903986 0.427563 0
outer loop
vertex 3.440203 3.190879 1.300000
vertex 3.432650 3.174911 1.300000
vertex 3.432650 3.174911 1.779679
endloop
endfacet
facet normal -0.903986 0.427563 0
outer loop
vertex 3.440203 3.190879 1.300000
vertex 3.432650 3.174911 1.779679
vertex 3.440203 3.190879 1.782856
endloop
endfacet
facet normal -0.941543 0.336892 0
outer loop
vertex 3.446154 3.207511 1.300000
vertex 3.440203 3.190879 1.300000
vertex 3.440203 3.190879 1.782856
endloop
endfacet
facet normal -0.941543 0.336892 0
outer loop
vertex 3.446154 3.207511 1.300000
vertex 3.440203 3.190879 1.782856
vertex 3.446154 3.207511 1.785889
endloop
endfacet
facet normal -0.970033 0.242974 0
outer loop
vertex 3.450446 3.224646 1.300000
vertex 3.446154 3.207511 1.300000
vertex 3.446154 3.207511 1.785889
endloop
endfacet
facet normal -0.970033 0.242974 0
outer loop
vertex 3.450446 3.224646 1.300000
vertex 3.446154 3.207511 1.785889
vertex 3.450446 3.224646 1.788748
endloop
endfacet
facet normal -0.989175 0.14674 0
outer loop
vertex 3.453038 3.242119 1.300000
vertex 3.450446 3.224646 1.300000
vertex 3.450446 3.224646 1.788748
endloop
endfacet
facet normal -0.989175 0.14674 0
outer loop
vertex 3.453038 3.242119 1.300000
vertex 3.450446 3.224646 1.788748
vertex 3.453038 3.242119 1.791406
endloop
endfacet
facet normal -0.998796 0.0490625 0
outer loop
vertex 3.453904 3.259762 1.300000
vertex 3.453038 3.242119 1.300000
vertex 3.453038 3.242119 1.791406
endloop
endfacet
facet normal -0.998796 0.0490625 0
outer loop
vertex 3.453904 3.259762 1.300000
vertex 3.453038 3.242119 1.791406
vertex 3.453904 3.259762 1.793838
endloop
endfacet
facet normal -0.998796 -0.0490625 0
outer loop
vertex 3.453038 3.277405 1.300000
vertex 3.453904 3.259762 1.300000
vertex 3.453904 3.259762 1.793838
endloop
endfacet
facet normal -0.998796 -0.0490625 0
outer loop
vertex 3.453038 3.277405 1.300000
vertex 3.453904 3.259762 1.793838
vertex 3.453038 3.277405 1.796019
endloop
endfacet
facet normal -0.989175 -0.14674 0
outer loop
vertex 3.450446 3.294878 1.300000
vertex 3.453038 3.277405 1.300000
vertex 3.453038 3.277405 1.796019
endloop
endfacet
facet normal -0.989175 -0.14674 0
outer loop
vertex 3.450446 3.294878 1.300000
vertex 3.453038 3.277405 1.796019
vertex 3.450446 3.294878 1.797930
endloop
endfacet
facet normal -0.970033 -0.242974 0
outer loop
vertex 3.446154 3.312014 1.300000
vertex 3.450446 3.294878 1.300000
vertex 3.450446 3.294878 1.797930
endloop
endfacet
facet normal -0.970033 -0.242974 0
outer loop
vertex 3.446154 3.312014 1.300000
vertex 3.450446 3.294878 1.797930
vertex 3.446154 3.312014 1.799551
endloop
endfacet
facet normal -0.941543 -0.336892 0
outer loop
vertex 3.440203 3.328645 1.300000
vertex 3.446154 3.312014 1.300000
vertex 3.446154 3.312014 1.799551
endloop
endfacet
facet normal -0.941543 -0.336892 0
outer loop
vertex 3.440203 3.328645 1.300000
vertex 3.446154 3.312014 1.799551
vertex 3.440203 3.328645 1.800867
endloop
endfacet
facet normal -0.903986 -0.427563 0
outer loop
vertex 3.432650 3.344614 1.300000
vertex 3.440203 3.328645 1.300000
vertex 3.440203 3.328645 1.800867
endloop
endfacet
facet normal -0.903986 -0.427563 0
outer loop
vertex 3.432650 3.344614 1.300000
vertex 3.440203 3.328645 1.800867
vertex 3.432650 3.344614 1.801865
endloop
endfacet
facet normal -0.857737 -0.514089 0
outer loop
vertex 3.423569 3.359765 1.300000
vertex 3.432650 3.344614 1.300000
vertex 3.432650 3.344614 1.801865
endloop
endfacet
facet normal -0.857737 -0.514089 0
outer loop
vertex 3.423569 3.359765 1.300000
vertex 3.432650 3.344614 1.801865
vertex 3.423569 3.359765 1.802536
endloop
endfacet
facet normal -0.803207 -0.5957 0
outer loop
vertex 3.413046 3.373953 1.300000
vertex 3.423569 3.359765 1.300000
vertex 3.423569 3.359765 1.802536
endloop
endfacet
facet normal -0.803207 -0.5957 0
outer loop
vertex 3.413046 3.373953 1.300000
vertex 3.423569 3.359765 1.802536
vertex 3.413046 3.373953 1.802873
endloop
endfacet
facet normal -0.740949 -0.671561 0
outer loop
vertex 3.401184 3.387042 1.300000
vertex 3.413046 3.373953 1.300000
vertex 3.413046 3.373953 1.802873
endloop
endfacet
facet normal -0.740949 -0.671561 0
outer loop
vertex 3.401184 3.387042 1.300000
vertex 3.413046 3.373953 1.802873
vertex 3.401184 3.387042 1.802873
endloop
endfacet
facet normal -0.707107 -0.707107 0
outer loop
vertex 3.394113 3.394113 1.802778
vertex 3.387042 3.401184 1.802873
vertex 3.387042 3.401184 1.300000
endloop
endfacet
facet normal -0.707107 -0.707107 0
outer loop
vertex 3.387042 3.401184 1.300000
vertex 3.401184 3.387042 1.300000
vertex 3.401184 3.387042 1.802873
endloop
endfacet
facet normal -0.707107 -0.707107 0
outer loop
vertex 3.394113 3.394113 1.802778
vertex 3.387042 3.401184 1.300000
vertex 3.401184 3.387042 1.802873
endloop
endfacet
facet normal -0.671561 -0.740949 -0
outer loop
vertex 3.373953 3.413046 1.802873
vertex 3.373953 3.413046 1.300000
vertex 3.387042 3.401184 1.300000
endloop
endfacet
facet normal -0.671561 -0.740949 0
outer loop
vertex 3.373953 3.413046 1.802873
vertex 3.387042 3.401184 1.300000
vertex 3.387042 3.401184 1.802873
endloop
endfacet
facet normal -0.5957 -0.803207 -0
outer loop
vertex 3.359765 3.423569 1.802536
vertex 3.359765 3.423569 1.300000
vertex 3.373953 3.413046 1.300000
endloop
endfacet
facet normal -0.5957 -0.803207 0
outer loop
vertex 3.359765 3.423569 1.802536
vertex 3.373953 3.413046 1.300000
vertex 3.373953 3.413046 1.802873
endloop
endfacet
facet normal -0.514089 -0.857737 -0
outer loop
vertex 3.344614 3.432650 1.801865
vertex 3.344614 3.432650 1.300000
vertex 3.359765 3.423569 1.300000
endloop
endfacet
facet normal -0.514089 -0.857737 0
outer loop
vertex 3.344614 3.432650 1.801865
vertex 3.359765 3.423569 1.300000
vertex 3.359765 3.423569 1.802536
endloop
endfacet
facet normal -0.427563 -0.903986 -0
outer loop
vertex 3.328645 3.440203 1.800867
vertex 3.328645 3.440203 1.300000
vertex 3.344614 3.432650 1.300000
endloop
endfacet
facet normal -0.427563 -0.903986 0
outer loop
vertex 3.328645 3.440203 1.800867
vertex 3.344614 3.432650 1.300000
vertex 3.344614 3.432650 1.801865
endloop
endfacet
facet normal -0.336892 -0.941543 -0
outer loop
vertex 3.312014 3.446154 1.799551
vertex 3.312014 3.446154 1.300000
vertex 3.328645 3.440203 1.300000
endloop
endfacet
facet normal -0.336892 -0.941543 0
outer loop
vertex 3.312014 3.446154 1.799551
vertex 3.328645 3.440203 1.300000
vertex 3.328645 3.440203 1.800867
endloop
endfacet
facet normal -0.242974 -0.970033 -0
outer loop
vertex 3.294878 3.450446 1.797930
vertex 3.294878 3.450446 1.300000
vertex 3.312014 3.446154 1.300000
endloop
endfacet
facet normal -0.242974 -0.970033 0
outer loop
vertex 3.294878 3.450446 1.797930
vertex 3.312014 3.446154 1.300000
vertex 3.312014 3.446154 1.799551
endloop
endfacet
facet normal -0.14674 -0.989175 -0
outer loop
vertex 3.277405 3.453038 1.796019
vertex 3.277405 3.453038 1.300000
vertex 3.294878 3.450446 1.300000
endloop
endfacet
facet normal -0.14674 -0.989175 0
outer loop
vertex 3.277405 3.453038 1.796019
vertex 3.294878 3.450446 1.300000
vertex 3.294878 3.450446 1.797930
endloop
endfacet
facet normal -0.0490625 -0.998796 -0
outer loop
vertex 3.259762 3.453904 1.793838
vertex 3.259762 3.453904 1.300000
vertex 3.277405 3.453038 1.300000
endloop
endfacet
facet normal -0.0490625 -0.998796 0
outer loop
vertex 3.259762 3.453904 1.793838
vertex 3.277405 3.453038 1.300000
vertex 3.277405 3.453038 1.796019
endloop
endfacet
facet normal 0.0490625 -0.998796 0
outer loop
vertex 3.242119 3.453038 1.791406
vertex 3.242119 3.453038 1.300000
vertex 3.259762 3.453904 1.300000
endloop
endfacet
facet normal 0.0490625 -0.998796 0
outer loop
vertex 3.242119 3.453038 1.791406
vertex 3.259762 3.453904 1.300000
vertex 3.259762 3.453904 1.793838
endloop
endfacet
facet normal 0.14674 -0.989175 0
outer loop
vertex 3.224646 3.450446 1.788748
vertex 3.224646 3.450446 1.300000
vertex 3.242119 3.453038 1.300000
endloop
endfacet
facet normal 0.14674 -0.989175 0
outer loop
vertex 3.224646 3.450446 1.788748
vertex 3.242119 3.453038 1.300000
vertex 3.242119 3.453038 1.791406
endloop
endfacet
facet normal 0.242974 -0.970033 0
outer loop
vertex 3.207511 3.446154 1.785889
vertex 3.207511 3.446154 1.300000
vertex 3.224646 3.450446 1.300000
endloop
endfacet
facet normal 0.242974 -0.970033 0
outer loop
vertex 3.207511 3.446154 1.785889
vertex 3.224646 3.450446 1.300000
vertex 3.224646 3.450446 1.788748
endloop
endfacet
facet normal 0.336892 -0.941543 0
outer loop
vertex 3.190879 3.440203 1.782856
vertex 3.190879 3.440203 1.300000
vertex 3.207511 3.446154 1.300000
endloop
endfacet
facet normal 0.336892 -0.941543 0
outer loop
vertex 3.190879 3.440203 1.782856
vertex 3.207511 3.446154 1.300000
vertex 3.207511 3.446154 1.785889
endloop
endfacet
facet normal 0.427563 -0.903986 0
outer loop
vertex 3.174911 3.432650 1.779679
vertex 3.174911 3.432650 1.300000
vertex 3.190879 3.440203 1.300000
endloop
endfacet
facet normal 0.427563 -0.903986 0
outer loop
vertex 3.174911 3.432650 1.779679
vertex 3.190879 3.440203 1.300000
vertex 3.190879 3.440203 1.782856
endloop
endfacet
facet normal 0.514089 -0.857737 0
outer loop
vertex 3.159760 3.423569 1.776388
vertex 3.159760 3.423569 1.300000
vertex 3.174911 3.432650 1.300000
endloop
endfacet
facet normal 0.514089 -0.857737 0
outer loop
vertex 3.159760 3.423569 1.776388
vertex 3.174911 3.432650 1.300000
vertex 3.174911 3.432650 1.779679
endloop
endfacet
facet normal 0.5957 -0.803207 0
outer loop
vertex 3.145571 3.413046 1.773015
vertex 3.145571 3.413046 1.300000
vertex 3.159760 3.423569 1.300000
endloop
endfacet
facet normal 0.5957 -0.803207 0
outer loop
vertex 3.145571 3.413046 1.773015
vertex 3.159760 3.423569 1.300000
vertex 3.159760 3.423569 1.776388
endloop
endfacet
facet normal 0.671561 -0.740949 0
outer loop
vertex 3.132483 3.401184 1.769593
vertex 3.132483 3.401184 1.300000
vertex 3.145571 3.413046 1.300000
endloop
endfacet
facet normal 0.671561 -0.740949 0
outer loop
vertex 3.132483 3.401184 1.769593
vertex 3.145571 3.413046 1.300000
vertex 3.145571 3.413046 1.773015
endloop
endfacet
facet normal 0.707107 -0.707107 0
outer loop
vertex 2.333923 2.602624 1.550000
vertex 1.619275 1.887975 1.506058
vertex 1.619275 1.887975 1.300000
endloop
endfacet
facet normal 0.707107 -0.707107 0
outer loop
vertex 1.619275 1.887975 1.300000
vertex 3.132483 3.401184 1.300000
vertex 3.132483 3.401184 1.769593
endloop
endfacet
facet normal 0.707107 -0.707107 0
outer loop
vertex 2.333923 2.602624 1.550000
vertex 1.619275 1.887975 1.300000
vertex 3.132483 3.401184 1.769593
endloop
endfacet
facet normal 0.740953 -0.671557 0
outer loop
vertex 1.607412 1.874887 1.505289
vertex 1.607412 1.874887 1.300000
vertex 1.619275 1.887975 1.300000
endloop
endfacet
facet normal 0.740953 -0.671557 0
outer loop
vertex 1.607412 1.874887 1.505289
vertex 1.619275 1.887975 1.300000
vertex 1.619275 1.887975 1.506058
endloop
endfacet
facet normal 0.803206 -0.595701 0
outer loop
vertex 1.596889 1.860699 1.504524
vertex 1.596889 1.860699 1.300000
vertex 1.607412 1.874887 1.300000
endloop
endfacet
facet normal 0.803206 -0.595702 0
outer loop
vertex 1.596889 1.860699 1.504524
vertex 1.607412 1.874887 1.300000
vertex 1.607412 1.874887 1.505289
endloop
endfacet
facet normal 0.85773 -0.5141 0
outer loop
vertex 1.587808 1.845547 1.503770
vertex 1.587808 1.845547 1.300000
vertex 1.596889 1.860699 1.300000
endloop
endfacet
facet normal 0.857731 -0.5141 0
outer loop
vertex 1.587808 1.845547 1.503770
vertex 1.596889 1.860699 1.300000
vertex 1.596889 1.860699 1.504524
endloop
endfacet
facet normal 0.903988 -0.427557 0
outer loop
vertex 1.580256 1.829579 1.503034
vertex 1.580256 1.829579 1.300000
vertex 1.587808 1.845547 1.300000
endloop
endfacet
facet normal 0.903988 -0.427557 0
outer loop
vertex 1.580256 1.829579 1.503034
vertex 1.587808 1.845547 1.300000
vertex 1.587808 1.845547 1.503770
endloop
endfacet
facet normal 0.941545 -0.336888 0
outer loop
vertex 1.574305 1.812947 1.502323
vertex 1.574305 1.812947 1.300000
vertex 1.580256 1.829579 1.300000
endloop
endfacet
facet normal 0.941545 -0.336888 0
outer loop
vertex 1.574305 1.812947 1.502323
vertex 1.580256 1.829579 1.300000
vertex 1.580256 1.829579 1.503034
endloop
endfacet
facet normal 0.970031 -0.242982 0
outer loop
vertex 1.570012 1.795812 1.501645
vertex 1.570012 1.795812 1.300000
vertex 1.574305 1.812947 1.300000
endloop
endfacet
facet normal 0.970031 -0.242982 0
outer loop
vertex 1.570012 1.795812 1.501645
vertex 1.574305 1.812947 1.300000
vertex 1.574305 1.812947 1.502323
endloop
endfacet
facet normal 0.989177 -0.146728 0
outer loop
vertex 1.567421 1.778339 1.501006
vertex 1.567421 1.778339 1.300000
vertex 1.570012 1.795812 1.300000
endloop
endfacet
facet normal 0.989177 -0.146728 0
outer loop
vertex 1.567421 1.778339 1.501006
vertex 1.570012 1.795812 1.300000
vertex 1.570012 1.795812 1.501645
endloop
endfacet
facet normal 0.998795 -0.0490689 0
outer loop
vertex 1.566554 1.760696 1.500412
vertex 1.566554 1.760696 1.300000
vertex 1.567421 1.778339 1.300000
endloop
endfacet
facet normal 0.998795 -0.0490689 0
outer loop
vertex 1.566554 1.760696 1.500412
vertex 1.567421 1.778339 1.300000
vertex 1.567421 1.778339 1.501006
endloop
endfacet
facet normal 0.998795 0.0490689 0
outer loop
vertex 1.567421 1.743053 1.499868
vertex 1.567421 1.743053 1.300000
vertex 1.566554 1.760696 1.300000
endloop
endfacet
facet normal 0.998795 0.0490689 0
outer loop
vertex 1.567421 1.743053 1.499868
vertex 1.566554 1.760696 1.300000
vertex 1.566554 1.760696 1.500412
endloop
endfacet
facet normal 0.989177 0.146727 0
outer loop
vertex 1.570012 1.725580 1.499380
vertex 1.570012 1.725580 1.300000
vertex 1.567421 1.743053 1.300000
endloop
endfacet
facet normal 0.989177 0.146727 0
outer loop
vertex 1.570012 1.725580 1.499380
vertex 1.567421 1.743053 1.300000
vertex 1.567421 1.743053 1.499868
endloop
endfacet
facet normal 0.97003 0.242983 0
outer loop
vertex 1.574305 1.708445 1.498953
vertex 1.574305 1.708445 1.300000
vertex 1.570012 1.725580 1.300000
endloop
endfacet
facet normal 0.97003 0.242983 0
outer loop
vertex 1.574305 1.708445 1.498953
vertex 1.570012 1.725580 1.300000
vertex 1.570012 1.725580 1.499380
endloop
endfacet
facet normal 0.941545 0.336888 0
outer loop
vertex 1.580256 1.691813 1.498590
vertex 1.580256 1.691813 1.300000
vertex 1.574305 1.708445 1.300000
endloop
endfacet
facet normal 0.941545 0.336888 0
outer loop
vertex 1.580256 1.691813 1.498590
vertex 1.574305 1.708445 1.300000
vertex 1.574305 1.708445 1.498953
endloop
endfacet
facet normal 0.903988 0.427557 0
outer loop
vertex 1.587808 1.675845 1.498296
vertex 1.587808 1.675845 1.300000
vertex 1.580256 1.691813 1.300000
endloop
endfacet
facet normal 0.903988 0.427557 0
outer loop
vertex 1.587808 1.675845 1.498296
vertex 1.580256 1.691813 1.300000
vertex 1.580256 1.691813 1.498590
endloop
endfacet
facet normal 0.85773 0.5141 0
outer loop
vertex 1.596889 1.660693 1.498073
vertex 1.596889 1.660693 1.300000
vertex 1.587808 1.675845 1.300000
endloop
endfacet
facet normal 0.85773 0.5141 0
outer loop
vertex 1.596889 1.660693 1.498073
vertex 1.587808 1.675845 1.300000
vertex 1.587808 1.675845 1.498296
endloop
endfacet
facet normal 0.803209 0.595697 0
outer loop
vertex 1.607412 1.646505 1.497923
vertex 1.607412 1.646505 1.300000
vertex 1.596889 1.660693 1.300000
endloop
endfacet
facet normal 0.803209 0.595697 0
outer loop
vertex 1.607412 1.646505 1.497923
vertex 1.596889 1.660693 1.300000
vertex 1.596889 1.660693 1.498073
endloop
endfacet
facet normal 0.740949 0.671561 0
outer loop
vertex 1.619275 1.633417 1.497847
vertex 1.619275 1.633417 1.300000
vertex 1.607412 1.646505 1.300000
endloop
endfacet
facet normal 0.740949 0.671561 0
outer loop
vertex 1.619275 1.633417 1.497847
vertex 1.607412 1.646505 1.300000
vertex 1.607412 1.646505 1.497923
endloop
endfacet
facet normal 0.707107 0.707107 0
outer loop
vertex 1.626346 1.626346 1.497826
vertex 1.633417 1.619275 1.497847
vertex 1.633417 1.619275 1.300000
endloop
endfacet
facet normal 0.707107 0.707107 0
outer loop
vertex 1.633417 1.619275 1.300000
vertex 1.619275 1.633417 1.300000
vertex 1.619275 1.633417 1.497847
endloop
endfacet
facet normal 0.707107 0.707107 0
outer loop
vertex 1.626346 1.626346 1.497826
vertex 1.633417 1.619275 1.300000
vertex 1.619275 1.633417 1.497847
endloop
endfacet
facet normal 0.671561 0.740949 0
outer loop
vertex 1.646505 1.607412 1.300000
vertex 1.633417 1.619275 1.300000
vertex 1.633417 1.619275 1.497847
endloop
endfacet
facet normal 0.671561 0.740949 -0
outer loop
vertex 1.646505 1.607412 1.300000
vertex 1.633417 1.619275 1.497847
vertex 1.646505 1.607412 1.497923
endloop
endfacet
facet normal 0.595697 0.803209 0
outer loop
vertex 1.660693 1.596889 1.300000
vertex 1.646505 1.607412 1.300000
vertex 1.646505 1.607412 1.497923
endloop
endfacet
facet normal 0.595697 0.803209 -0
outer loop
vertex 1.660693 1.596889 1.300000
vertex 1.646505 1.607412 1.497923
vertex 1.660693 1.596889 1.498073
endloop
endfacet
facet normal 0.5141 0.85773 0
outer loop
vertex 1.675845 1.587808 1.300000
vertex 1.660693 1.596889 1.300000
vertex 1.660693 1.596889 1.498073
endloop
endfacet
facet normal 0.5141 0.85773 -0
outer loop
vertex 1.675845 1.587808 1.300000
vertex 1.660693 1.596889 1.498073
vertex 1.675845 1.587808 1.498296
endloop
endfacet
facet normal 0.427557 0.903988 0
outer loop
vertex 1.691813 1.580256 1.300000
vertex 1.675845 1.587808 1.300000
vertex 1.675845 1.587808 1.498296
endloop
endfacet
facet normal 0.427557 0.903988 -0
outer loop
vertex 1.691813 1.580256 1.300000
vertex 1.675845 1.587808 1.498296
vertex 1.691813 1.580256 1.498590
endloop
endfacet
facet normal 0.336888 0.941545 0
outer loop
vertex 1.708445 1.574305 1.300000
vertex 1.691813 1.580256 1.300000
vertex 1.691813 1.580256 1.498590
endloop
endfacet
facet normal 0.336888 0.941545 -0
outer loop
vertex 1.708445 1.574305 1.300000
vertex 1.691813 1.580256 1.498590
vertex 1.708445 1.574305 1.498953
endloop
endfacet
facet normal 0.242983 0.97003 0
outer loop
vertex 1.725580 1.570012 1.300000
vertex 1.708445 1.574305 1.300000
vertex 1.708445 1.574305 1.498953
endloop
endfacet
facet normal 0.242983 0.97003 -0
outer loop
vertex 1.725580 1.570012 1.300000
vertex 1.708445 1.574305 1.498953
vertex 1.725580 1.570012 1.499380
endloop
endfacet
facet normal 0.146727 0.989177 0
outer loop
vertex 1.743053 1.567421 1.300000
vertex 1.725580 1.570012 1.300000
vertex 1.725580 1.570012 1.499380
endloop
endfacet
facet normal 0.146727 0.989177 -0
outer loop
vertex 1.743053 1.567421 1.300000
vertex 1.725580 1.570012 1.499380
vertex 1.743053 1.567421 1.499868
endloop
endfacet
facet normal 0.0490689 0.998795 0
outer loop
vertex 1.760696 1.566554 1.300000
vertex 1.743053 1.567421 1.300000
vertex 1.743053 1.567421 1.499868
endloop
endfacet
facet normal 0.0490689 0.998795 -0
outer loop
vertex 1.760696 1.566554 1.300000
vertex 1.743053 1.567421 1.499868
vertex 1.760696 1.566554 1.500412
endloop
endfacet
facet normal -0.0490689 0.998795 0
outer loop
vertex 1.778339 1.567421 1.300000
vertex 1.760696 1.566554 1.300000
vertex 1.760696 1.566554 1.500412
endloop
endfacet
facet normal -0.0490689 0.998795 0
outer loop
vertex 1.778339 1.567421 1.300000
vertex 1.760696 1.566554 1.500412
vertex 1.778339 1.567421 1.501006
endloop
endfacet
facet normal -0.146728 0.989177 0
outer loop
vertex 1.795812 1.570012 1.300000
vertex 1.778339 1.567421 1.300000
vertex 1.778339 1.567421 1.501006
endloop
endfacet
facet normal -0.146728 0.989177 0
outer loop
vertex 1.795812 1.570012 1.300000
vertex 1.778339 1.567421 1.501006
vertex 1.795812 1.570012 1.501645
endloop
endfacet
facet normal -0.242982 0.970031 0
outer loop
vertex 1.812947 1.574305 1.300000
vertex 1.795812 1.570012 1.300000
vertex 1.795812 1.570012 1.501645
endloop
endfacet
facet normal -0.242982 0.970031 0
outer loop
vertex 1.812947 1.574305 1.300000
vertex 1.795812 1.570012 1.501645
vertex 1.812947 1.574305 1.502323
endloop
endfacet
facet normal -0.336888 0.941545 0
outer loop
vertex 1.829579 1.580256 1.300000
vertex 1.812947 1.574305 1.300000
vertex 1.812947 1.574305 1.502323
endloop
endfacet
facet normal -0.336888 0.941545 0
outer loop
vertex 1.829579 1.580256 1.300000
vertex 1.812947 1.574305 1.502323
vertex 1.829579 1.580256 1.503034
endloop
endfacet
facet normal -0.427557 0.903988 0
outer loop
vertex 1.845547 1.587808 1.300000
vertex 1.829579 1.580256 1.300000
vertex 1.829579 1.580256 1.503034
endloop
endfacet
facet normal -0.427557 0.903988 0
outer loop
vertex 1.845547 1.587808 1.300000
vertex 1.829579 1.580256 1.503034
vertex 1.845547 1.587808 1.503770
endloop
endfacet
facet normal -0.5141 0.85773 0
outer loop
vertex 1.860699 1.596889 1.300000
vertex 1.845547 1.587808 1.300000
vertex 1.845547 1.587808 1.503770
endloop
endfacet
facet normal -0.5141 0.857731 0
outer loop
vertex 1.860699 1.596889 1.300000
vertex 1.845547 1.587808 1.503770
vertex 1.860699 1.596889 1.504524
endloop
endfacet
facet normal -0.595701 0.803206 0
outer loop
vertex 1.874887 1.607412 1.300000
vertex 1.860699 1.596889 1.300000
vertex 1.860699 1.596889 1.504524
endloop
endfacet
facet normal -0.595701 0.803206 0
outer loop
vertex 1.874887 1.607412 1.300000
vertex 1.860699 1.596889 1.504524
vertex 1.874887 1.607412 1.505289
endloop
endfacet
facet normal -0.671557 0.740953 0
outer loop
vertex 1.887975 1.619275 1.300000
vertex 1.874887 1.607412 1.300000
vertex 1.874887 1.607412 1.505289
endloop
endfacet
facet normal -0.671557 0.740953 0
outer loop
vertex 1.887975 1.619275 1.300000
vertex 1.874887 1.607412 1.505289
vertex 1.887975 1.619275 1.506058
endloop
endfacet
facet normal -0.707107 0.707107 0
outer loop
vertex 2.602624 2.333923 1.550000
vertex 3.401184 3.132483 1.769593
vertex 3.401184 3.132483 1.300000
endloop
endfacet
facet normal -0.707107 0.707107 0
outer loop
vertex 3.401184 3.132483 1.300000
vertex 1.887975 1.619275 1.300000
vertex 1.887975 1.619275 1.506058
endloop
endfacet
facet normal -0.707107 0.707107 0
outer loop
vertex 2.602624 2.333923 1.550000
vertex 3.401184 3.132483 1.300000
vertex 1.887975 1.619275 1.506058
endloop
endfacet
facet normal 0 0 1
outer loop
vertex 1.843167 1.646062 1.250000
vertex 1.852620 1.654630 1.250000
vertex 3.365828 3.167838 1.250000
endloop
endfacet
facet normal 0 0 1
outer loop
vertex 3.365828 3.167838 1.250000
vertex 3.374396 3.177291 1.250000
vertex 3.381995 3.187538 1.250000
endloop
endfacet
facet normal 0 0 1
outer loop
vertex 3.381995 3.187538 1.250000
vertex 3.388554 3.198481 1.250000
vertex 3.394009 3.210013 1.250000
endloop
endfacet
facet normal 0 0 1
outer loop
vertex 3.394009 3.210013 1.250000
vertex 3.398307 3.222025 1.250000
vertex 3.401406 3.234401 1.250000
endloop
endfacet
facet normal 0 0 1
outer loop
vertex 3.401406 3.234401 1.250000
vertex 3.403278 3.247020 1.250000
vertex 3.403904 3.259762 1.250000
endloop
endfacet
facet normal 0 0 1
outer loop
vertex 3.403904 3.259762 1.250000
vertex 3.403278 3.272505 1.250000
vertex 3.401407 3.285124 1.250000
endloop
endfacet
facet normal 0 0 1
outer loop
vertex 3.401407 3.285124 1.250000
vertex 3.398307 3.297499 1.250000
vertex 3.394009 3.309511 1.250000
endloop
endfacet
facet normal 0 0 1
outer loop
vertex 3.394009 3.309511 1.250000
vertex 3.388554 3.321044 1.250000
vertex 3.381995 3.331986 1.250000
endloop
endfacet
facet normal 0 0 1
outer loop
vertex 3.381995 3.331986 1.250000
vertex 3.374396 3.342233 1.250000
vertex 3.365828 3.351686 1.250000
endloop
endfacet
facet normal 0 0 1
outer loop
vertex 3.365828 3.351686 1.250000
vertex 3.351686 3.365828 1.250000
vertex 3.342233 3.374396 1.250000
endloop
endfacet
facet normal 0 0 1
outer loop
vertex 3.342233 3.374396 1.250000
vertex 3.331986 3.381995 1.250000
vertex 3.321044 3.388554 1.250000
endloop
endfacet
facet normal 0 0 1
outer loop
vertex 3.321044 3.388554 1.250000
vertex 3.309511 3.394009 1.250000
vertex 3.297499 3.398307 1.250000
endloop
endfacet
facet normal 0 0 1
outer loop
vertex 3.297499 3.398307 1.250000
vertex 3.285124 3.401407 1.250000
vertex 3.272505 3.403278 1.250000
endloop
endfacet
facet normal 0 0 1
outer loop
vertex 3.272505 3.403278 1.250000
vertex 3.259762 3.403904 1.250000
vertex 3.247020 3.403278 1.250000
endloop
endfacet
facet normal 0 0 1
outer loop
vertex 3.247020 3.403278 1.250000
vertex 3.234401 3.401406 1.250000
vertex 3.222025 3.398307 1.250000
endloop
endfacet
facet normal 0 0 1
outer loop
vertex 3.222025 3.398307 1.250000
vertex 3.210013 3.394009 1.250000
vertex 3.198481 3.388554 1.250000
endloop
endfacet
facet normal 0 0 1
outer loop
vertex 3.198481 3.388554 1.250000
vertex 3.187538 3.381995 1.250000
vertex 3.177291 3.374396 1.250000
endloop
endfacet
facet normal 0 0 1
outer loop
vertex 3.177291 3.374396 1.250000
vertex 3.167838 3.365828 1.250000
vertex 1.654630 1.852620 1.250000
endloop
endfacet
facet normal 0 0 1
outer loop
vertex 1.654630 1.852620 1.250000
vertex 1.646062 1.843167 1.250000
vertex 1.638463 1.832920 1.250000
endloop
endfacet
facet normal 0 0 1
outer loop
vertex 1.638463 1.832920 1.250000
vertex 1.631904 1.821977 1.250000
vertex 1.626449 1.810445 1.250000
endloop
endfacet
facet normal 0 0 1
outer loop
vertex 1.626449 1.810445 1.250000
vertex 1.622152 1.798433 1.250000
vertex 1.619052 1.786058 1.250000
endloop
endfacet
facet normal 0 0 1
outer loop
vertex 1.619052 1.786058 1.250000
vertex 1.617180 1.773438 1.250000
vertex 1.616554 1.760696 1.250000
endloop
endfacet
facet normal 0 0 1
outer loop
vertex 1.616554 1.760696 1.250000
vertex 1.617180 1.747954 1.250000
vertex 1.619052 1.735334 1.250000
endloop
endfacet
facet normal 0 0 1
outer loop
vertex 1.619052 1.735334 1.250000
vertex 1.622152 1.722959 1.250000
vertex 1.626449 1.710947 1.250000
endloop
endfacet
facet normal 0 0 1
outer loop
vertex 1.626449 1.710947 1.250000
vertex 1.631904 1.699414 1.250000
vertex 1.638463 1.688472 1.250000
endloop
endfacet
facet normal 0 0 1
outer loop
vertex 1.638463 1.688472 1.250000
vertex 1.646062 1.678225 1.250000
vertex 1.654630 1.668772 1.250000
endloop
endfacet
facet normal 0 0 1
outer loop
vertex 1.654630 1.668772 1.250000
vertex 1.668772 1.654630 1.250000
vertex 1.678225 1.646062 1.250000
endloop
endfacet
facet normal 0 0 1
outer loop
vertex 1.678225 1.646062 1.250000
vertex 1.688472 1.638463 1.250000
vertex 1.699414 1.631904 1.250000
endloop
endfacet
facet normal 0 0 1
outer loop
vertex 1.699414 1.631904 1.250000
vertex 1.710947 1.626449 1.250000
vertex 1.722959 1.622152 1.250000
endloop
endfacet
facet normal 0 0 1
outer loop
vertex 1.722959 1.622152 1.250000
vertex 1.735334 1.619052 1.250000
vertex 1.747954 1.617180 1.250000
endloop
endfacet
facet normal 0 0 1
outer loop
vertex 1.747954 1.617180 1.250000
vertex 1.760696 1.616554 1.250000
vertex 1.773438 1.617180 1.250000
endloop
endfacet
facet normal 0 0 1
outer loop
vertex 1.773438 1.617180 1.250000
vertex 1.786058 1.619052 1.250000
vertex 1.798433 1.622152 1.250000
endloop
endfacet
facet normal 0 0 1
outer loop
vertex 1.798433 1.622152 1.250000
vertex 1.810445 1.626449 1.250000
vertex 1.821977 1.631904 1.250000
endloop
endfacet
facet normal 0 0 1
outer loop
vertex 1.821977 1.631904 1.250000
vertex 1.832920 1.638463 1.250000
vertex 1.843167 1.646062 1.250000
endloop
endfacet
facet normal 0 0 1
outer loop
vertex 1.843167 1.646062 1.250000
vertex 3.365828 3.167838 1.250000
vertex 3.381995 3.187538 1.250000
endloop
endfacet
facet normal 0 0 1
outer loop
vertex 3.381995 3.187538 1.250000
vertex 3.394009 3.210013 1.250000
vertex 3.401406 3.234401 1.250000
endloop
endfacet
facet normal 0 0 1
outer loop
vertex 3.401406 3.234401 1.250000
vertex 3.403904 3.259762 1.250000
vertex 3.401407 3.285124 1.250000
endloop
endfacet
facet normal 0 0 1
outer loop
vertex 3.401407 3.285124 1.250000
vertex 3.394009 3.309511 1.250000
vertex 3.381995 3.331986 1.250000
endloop
endfacet
facet normal 0 0 1
outer loop
vertex 3.381995 3.331986 1.250000
vertex 3.365828 3.351686 1.250000
vertex 3.342233 3.374396 1.250000
endloop
endfacet
facet normal 0 0 1
outer loop
vertex 3.342233 3.374396 1.250000
vertex 3.321044 3.388554 1.250000
vertex 3.297499 3.398307 1.250000
endloop
endfacet
facet normal 0 0 1
outer loop
vertex 3.297499 3.398307 1.250000
vertex 3.272505 3.403278 1.250000
vertex 3.247020 3.403278 1.250000
endloop
endfacet
facet normal 0 0 1
outer loop
vertex 3.247020 3.403278 1.250000
vertex 3.222025 3.398307 1.250000
vertex 3.198481 3.388554 1.250000
endloop
endfacet
facet normal 0 0 1
outer loop
vertex 3.198481 3.388554 1.250000
vertex 3.177291 3.374396 1.250000
vertex 1.654630 1.852620 1.250000
endloop
endfacet
facet normal 0 0 1
outer loop
vertex 1.654630 1.852620 1.250000
vertex 1.638463 1.832920 1.250000
vertex 1.626449 1.810445 1.250000
endloop
endfacet
facet normal 0 0 1
outer loop
vertex 1.626449 1.810445 1.250000
vertex 1.619052 1.786058 1.250000
vertex 1.616554 1.760696 1.250000
endloop
endfacet
facet normal 0 0 1
outer loop
vertex 1.616554 1.760696 1.250000
vertex 1.619052 1.735334 1.250000
vertex 1.626449 1.710947 1.250000
endloop
endfacet
facet normal 0 0 1
outer loop
vertex 1.626449 1.710947 1.250000
vertex 1.638463 1.688472 1.250000
vertex 1.654630 1.668772 1.250000
endloop
endfacet
facet normal 0 0 1
outer loop
vertex 1.654630 1.668772 1.250000
vertex 1.678225 1.646062 1.250000
vertex 1.699414 1.631904 1.250000
endloop
endfacet
facet normal 0 0 1
outer loop
vertex 1.699414 1.631904 1.250000
vertex 1.722959 1.622152 1.250000
vertex 1.747954 1.617180 1.250000
endloop
endfacet
facet normal -0 0 1
outer loop
vertex 1.747954 1.617180 1.250000
vertex 1.773438 1.617180 1.250000
vertex 1.798433 1.622152 1.250000
endloop
endfacet
facet normal 0 0 1
outer loop
vertex 1.798433 1.622152 1.250000
vertex 1.821977 1.631904 1.250000
vertex 1.843167 1.646062 1.250000
endloop
endfacet
facet normal 0 0 1
outer loop
vertex 1.843167 1.646062 1.250000
vertex 3.381995 3.187538 1.250000
vertex 3.401406 3.234401 1.250000
endloop
endfacet
facet normal 0 -0 1
outer loop
vertex 3.401406 3.234401 1.250000
vertex 3.401407 3.285124 1.250000
vertex 3.381995 3.331986 1.250000
endloop
endfacet
facet normal 0 0 1
outer loop
vertex 3.381995 3.331986 1.250000
vertex 3.342233 3.374396 1.250000
vertex 3.297499 3.398307 1.250000
endloop
endfacet
facet normal 0 0 1
outer loop
vertex 3.297499 3.398307 1.250000
vertex 3.247020 3.403278 1.250000
vertex 3.198481 3.388554 1.250000
endloop
endfacet
facet normal 0 0 1
outer loop
vertex 3.198481 3.388554 1.250000
vertex 1.654630 1.852620 1.250000
vertex 1.626449 1.810445 1.250000
endloop
endfacet
facet normal 0 0 1
outer loop
vertex 1.626449 1.810445 1.250000
vertex 1.616554 1.760696 1.250000
vertex 1.626449 1.710947 1.250000
endloop
endfacet
facet normal 0 0 1
outer loop
vertex 1.626449 1.710947 1.250000
vertex 1.654630 1.668772 1.250000
vertex 1.699414 1.631904 1.250000
endloop
endfacet
facet normal 0 0 1
outer loop
vertex 1.699414 1.631904 1.250000
vertex 1.747954 1.617180 1.250000
vertex 1.798433 1.622152 1.250000
endloop
endfacet
facet normal 0 0 1
outer loop
vertex 1.798433 1.622152 1.250000
vertex 1.843167 1.646062 1.250000
vertex 3.401406 3.234401 1.250000
endloop
endfacet
facet normal 0 0 1
outer loop
vertex 3.401406 3.234401 1.250000
vertex 3.381995 3.331986 1.250000
vertex 3.297499 3.398307 1.250000
endloop
endfacet
facet normal 0 0 1
outer loop
vertex 3.297499 3.398307 1.250000
vertex 3.198481 3.388554 1.250000
vertex 1.626449 1.810445 1.250000
endloop
endfacet
facet normal 0 0 1
outer loop
vertex 1.626449 1.810445 1.250000
vertex 1.626449 1.710947 1.250000
vertex 1.699414 1.631904 1.250000
endloop
endfacet
facet normal -0 0 1
outer loop
vertex 1.699414 1.631904 1.250000
vertex 1.798433 1.622152 1.250000
vertex 3.401406 3.234401 1.250000
endloop
endfacet
facet normal 0 0 1
outer loop
vertex 3.401406 3.234401 1.250000
vertex 3.297499 3.398307 1.250000
vertex 1.626449 1.810445 1.250000
endloop
endfacet
facet normal 0 0 1
outer loop
vertex 3.401406 3.234401 1.250000
vertex 1.626449 1.810445 1.250000
vertex 1.699414 1.631904 1.250000
endloop
endfacet
facet normal 0.475151 0.524246 0.706681
outer loop
vertex 3.167838 -3.365828 1.250000
vertex 3.132483 -3.401184 1.300000
vertex 3.145571 -3.413046 1.300000
endloop
endfacet
facet normal 0.475151 0.524246 0.706681
outer loop
vertex 3.167838 -3.365828 1.250000
vertex 3.145571 -3.413046 1.300000
vertex 3.177291 -3.374396 1.250000
endloop
endfacet
facet normal 0.421477 0.568295 0.706681
outer loop
vertex 3.177291 -3.374396 1.250000
vertex 3.145571 -3.413046 1.300000
vertex 3.159760 -3.423569 1.300000
endloop
endfacet
facet normal 0.421473 0.568297 0.706682
outer loop
vertex 3.177291 -3.374396 1.250000
vertex 3.159760 -3.423569 1.300000
vertex 3.187538 -3.381995 1.250000
endloop
endfacet
facet normal 0.363734 0.606876 0.706681
outer loop
vertex 3.187538 -3.381995 1.250000
vertex 3.159760 -3.423569 1.300000
vertex 3.174911 -3.432650 1.300000
endloop
endfacet
facet normal 0.363745 0.606872 0.706679
outer loop
vertex 3.187538 -3.381995 1.250000
vertex 3.174911 -3.432650 1.300000
vertex 3.198481 -3.388554 1.250000
endloop
endfacet
facet normal 0.302515 0.6396 0.70668
outer loop
vertex 3.198481 -3.388554 1.250000
vertex 3.174911 -3.432650 1.300000
vertex 3.190879 -3.440203 1.300000
endloop
endfacet
facet normal 0.302506 0.639603 0.706681
outer loop
vertex 3.198481 -3.388554 1.250000
vertex 3.190879 -3.440203 1.300000
vertex 3.210013 -3.394009 1.250000
endloop
endfacet
facet normal 0.238362 0.666172 0.706681
outer loop
vertex 3.210013 -3.394009 1.250000
vertex 3.190879 -3.440203 1.300000
vertex 3.207511 -3.446154 1.300000
endloop
endfacet
facet normal 0.238361 0.666172 0.706681
outer loop
vertex 3.210013 -3.394009 1.250000
vertex 3.207511 -3.446154 1.300000
vertex 3.222025 -3.398307 1.250000
endloop
endfacet
facet normal 0.171912 0.686329 0.706681
outer loop
vertex 3.222025 -3.398307 1.250000
vertex 3.207511 -3.446154 1.300000
vertex 3.224646 -3.450446 1.300000
endloop
endfacet
facet normal 0.17191 0.68633 0.706681
outer loop
vertex 3.222025 -3.398307 1.250000
vertex 3.224646 -3.450446 1.300000
vertex 3.234401 -3.401406 1.250000
endloop
endfacet
facet normal 0.103824 0.699873 0.706682
outer loop
vertex 3.234401 -3.401406 1.250000
vertex 3.224646 -3.450446 1.300000
vertex 3.242119 -3.453038 1.300000
endloop
endfacet
facet normal 0.103822 0.699873 0.706682
outer loop
vertex 3.234401 -3.401406 1.250000
vertex 3.242119 -3.453038 1.300000
vertex 3.247020 -3.403278 1.250000
endloop
endfacet
facet normal 0.0347133 0.706679 0.706682
outer loop
vertex 3.247020 -3.403278 1.250000
vertex 3.242119 -3.453038 1.300000
vertex 3.259762 -3.453904 1.300000
endloop
endfacet
facet normal 0.0347231 0.70668 0.70668
outer loop
vertex 3.247020 -3.403278 1.250000
vertex 3.259762 -3.453904 1.300000
vertex 3.259762 -3.403904 1.250000
endloop
endfacet
facet normal -0.0347133 0.706681 0.706681
outer loop
vertex 3.259762 -3.403904 1.250000
vertex 3.259762 -3.453904 1.300000
vertex 3.277405 -3.453038 1.300000
endloop
endfacet
facet normal -0.0347224 0.706679 0.706682
outer loop
vertex 3.259762 -3.403904 1.250000
vertex 3.277405 -3.453038 1.300000
vertex 3.272505 -3.403278 1.250000
endloop
endfacet
facet normal -0.103824 0.699873 0.706682
outer loop
vertex 3.272505 -3.403278 1.250000
vertex 3.277405 -3.453038 1.300000
vertex 3.294878 -3.450446 1.300000
endloop
endfacet
facet normal -0.103811 0.699877 0.70668
outer loop
vertex 3.272505 -3.403278 1.250000
vertex 3.294878 -3.450446 1.300000
vertex 3.285124 -3.401407 1.250000
endloop
endfacet
facet normal -0.171912 0.686331 0.70668
outer loop
vertex 3.285124 -3.401407 1.250000
vertex 3.294878 -3.450446 1.300000
vertex 3.312014 -3.446154 1.300000
endloop
endfacet
facet normal -0.171922 0.686327 0.706681
outer loop
vertex 3.285124 -3.401407 1.250000
vertex 3.312014 -3.446154 1.300000
vertex 3.297499 -3.398307 1.250000
endloop
endfacet
facet normal -0.238362 0.666172 0.706681
outer loop
vertex 3.297499 -3.398307 1.250000
vertex 3.312014 -3.446154 1.300000
vertex 3.328645 -3.440203 1.300000
endloop
endfacet
facet normal -0.238361 0.666173 0.706681
outer loop
vertex 3.297499 -3.398307 1.250000
vertex 3.328645 -3.440203 1.300000
vertex 3.309511 -3.394009 1.250000
endloop
endfacet
facet normal -0.302515 0.639599 0.706681
outer loop
vertex 3.309511 -3.394009 1.250000
vertex 3.328645 -3.440203 1.300000
vertex 3.344614 -3.432650 1.300000
endloop
endfacet
facet normal -0.302507 0.639604 0.70668
outer loop
vertex 3.309511 -3.394009 1.250000
vertex 3.344614 -3.432650 1.300000
vertex 3.321044 -3.388554 1.250000
endloop
endfacet
facet normal -0.363735 0.606878 0.70668
outer loop
vertex 3.321044 -3.388554 1.250000
vertex 3.344614 -3.432650 1.300000
vertex 3.359765 -3.423569 1.300000
endloop
endfacet
facet normal -0.363744 0.60687 0.706682
outer loop
vertex 3.321044 -3.388554 1.250000
vertex 3.359765 -3.423569 1.300000
vertex 3.331986 -3.381995 1.250000
endloop
endfacet
facet normal -0.421477 0.568294 0.706682
outer loop
vertex 3.331986 -3.381995 1.250000
vertex 3.359765 -3.423569 1.300000
vertex 3.373953 -3.413046 1.300000
endloop
endfacet
facet normal -0.421473 0.568298 0.706681
outer loop
vertex 3.331986 -3.381995 1.250000
vertex 3.373953 -3.413046 1.300000
vertex 3.342233 -3.374396 1.250000
endloop
endfacet
facet normal -0.475151 0.524246 0.706681
outer loop
vertex 3.342233 -3.374396 1.250000
vertex 3.373953 -3.413046 1.300000
vertex 3.387042 -3.401184 1.300000
endloop
endfacet
facet normal -0.475151 0.524246 0.706681
outer loop
vertex 3.342233 -3.374396 1.250000
vertex 3.387042 -3.401184 1.300000
vertex 3.351686 -3.365828 1.250000
endloop
endfacet
facet normal -0.5 0.5 0.707107
outer loop
vertex 3.351686 -3.365828 1.250000
vertex 3.387042 -3.401184 1.300000
vertex 3.401184 -3.387042 1.300000
endloop
endfacet
facet normal -0.5 0.5 0.707107
outer loop
vertex 3.351686 -3.365828 1.250000
vertex 3.401184 -3.387042 1.300000
vertex 3.365828 -3.351686 1.250000
endloop
endfacet
facet normal -0.524246 0.475151 0.706681
outer loop
vertex 3.365828 -3.351686 1.250000
vertex 3.401184 -3.387042 1.300000
vertex 3.413046 -3.373953 1.300000
endloop
endfacet
facet normal -0.524246 0.475151 0.706681
outer loop
vertex 3.365828 -3.351686 1.250000
vertex 3.413046 -3.373953 1.300000
vertex 3.374396 -3.342233 1.250000
endloop
endfacet
facet normal -0.568295 0.421477 0.706681
outer loop
vertex 3.374396 -3.342233 1.250000
vertex 3.413046 -3.373953 1.300000
vertex 3.423569 -3.359765 1.300000
endloop
endfacet
facet normal -0.568297 0.421473 0.706682
outer loop
vertex 3.374396 -3.342233 1.250000
vertex 3.423569 -3.359765 1.300000
vertex 3.381995 -3.331986 1.250000
endloop
endfacet
facet normal -0.606876 0.363734 0.706681
outer loop
vertex 3.381995 -3.331986 1.250000
vertex 3.423569 -3.359765 1.300000
vertex 3.432650 -3.344614 1.300000
endloop
endfacet
facet normal -0.606872 0.363745 0.706679
outer loop
vertex 3.381995 -3.331986 1.250000
vertex 3.432650 -3.344614 1.300000
vertex 3.388554 -3.321044 1.250000
endloop
endfacet
facet normal -0.6396 0.302515 0.70668
outer loop
vertex 3.388554 -3.321044 1.250000
vertex 3.432650 -3.344614 1.300000
vertex 3.440203 -3.328645 1.300000
endloop
endfacet
facet normal -0.639603 0.302506 0.706681
outer loop
vertex 3.388554 -3.321044 1.250000
vertex 3.440203 -3.328645 1.300000
vertex 3.394009 -3.309511 1.250000
endloop
endfacet
facet normal -0.666172 0.238362 0.706681
outer loop
vertex 3.394009 -3.309511 1.250000
vertex 3.440203 -3.328645 1.300000
vertex 3.446154 -3.312014 1.300000
endloop
endfacet
facet normal -0.666172 0.238361 0.706681
outer loop
vertex 3.394009 -3.309511 1.250000
vertex 3.446154 -3.312014 1.300000
vertex 3.398307 -3.297499 1.250000
endloop
endfacet
facet normal -0.686329 0.171912 0.706681
outer loop
vertex 3.398307 -3.297499 1.250000
vertex 3.446154 -3.312014 1.300000
vertex 3.450446 -3.294878 1.300000
endloop
endfacet
facet normal -0.686328 0.171923 0.70668
outer loop
vertex 3.398307 -3.297499 1.250000
vertex 3.450446 -3.294878 1.300000
vertex 3.401407 -3.285124 1.250000
endloop
endfacet
facet normal -0.699874 0.103824 0.70668
outer loop
vertex 3.401407 -3.285124 1.250000
vertex 3.450446 -3.294878 1.300000
vertex 3.453038 -3.277405 1.300000
endloop
endfacet
facet normal -0.699874 0.103811 0.706682
outer loop
vertex 3.401407 -3.285124 1.250000
vertex 3.453038 -3.277405 1.300000
vertex 3.403278 -3.272505 1.250000
endloop
endfacet
facet normal -0.706679 0.0347133 0.706682
outer loop
vertex 3.403278 -3.272505 1.250000
vertex 3.453038 -3.277405 1.300000
vertex 3.453904 -3.259762 1.300000
endloop
endfacet
facet normal -0.70668 0.0347225 0.70668
outer loop
vertex 3.403278 -3.272505 1.250000
vertex 3.453904 -3.259762 1.300000
vertex 3.403904 -3.259762 1.250000
endloop
endfacet
facet normal -0.706681 -0.0347133 0.706681
outer loop
vertex 3.403904 -3.259762 1.250000
vertex 3.453904 -3.259762 1.300000
vertex 3.453038 -3.242119 1.300000
endloop
endfacet
facet normal -0.706679 -0.034723 0.706682
outer loop
vertex 3.403904 -3.259762 1.250000
vertex 3.453038 -3.242119 1.300000
vertex 3.403278 -3.247020 1.250000
endloop
endfacet
facet normal -0.699872 -0.103823 0.706682
outer loop
vertex 3.403278 -3.247020 1.250000
vertex 3.453038 -3.242119 1.300000
vertex 3.450446 -3.224646 1.300000
endloop
endfacet
facet normal -0.699873 -0.103822 0.706682
outer loop
vertex 3.403278 -3.247020 1.250000
vertex 3.450446 -3.224646 1.300000
vertex 3.401406 -3.234401 1.250000
endloop
endfacet
facet normal -0.686329 -0.171912 0.706682
outer loop
vertex 3.401406 -3.234401 1.250000
vertex 3.450446 -3.224646 1.300000
vertex 3.446154 -3.207511 1.300000
endloop
endfacet
facet normal -0.68633 -0.17191 0.706681
outer loop
vertex 3.401406 -3.234401 1.250000
vertex 3.446154 -3.207511 1.300000
vertex 3.398307 -3.222025 1.250000
endloop
endfacet
facet normal -0.666172 -0.238362 0.706681
outer loop
vertex 3.398307 -3.222025 1.250000
vertex 3.446154 -3.207511 1.300000
vertex 3.440203 -3.190879 1.300000
endloop
endfacet
facet normal -0.666173 -0.238361 0.706681
outer loop
vertex 3.398307 -3.222025 1.250000
vertex 3.440203 -3.190879 1.300000
vertex 3.394009 -3.210013 1.250000
endloop
endfacet
facet normal -0.639599 -0.302515 0.706681
outer loop
vertex 3.394009 -3.210013 1.250000
vertex 3.440203 -3.190879 1.300000
vertex 3.432650 -3.174911 1.300000
endloop
endfacet
facet normal -0.639604 -0.302507 0.70668
outer loop
vertex 3.394009 -3.210013 1.250000
vertex 3.432650 -3.174911 1.300000
vertex 3.388554 -3.198481 1.250000
endloop
endfacet
facet normal -0.606878 -0.363735 0.70668
outer loop
vertex 3.388554 -3.198481 1.250000
vertex 3.432650 -3.174911 1.300000
vertex 3.423569 -3.159760 1.300000
endloop
endfacet
facet normal -0.60687 -0.363744 0.706682
outer loop
vertex 3.388554 -3.198481 1.250000
vertex 3.423569 -3.159760 1.300000
vertex 3.381995 -3.187538 1.250000
endloop
endfacet
facet normal -0.568294 -0.421477 0.706682
outer loop
vertex 3.381995 -3.187538 1.250000
vertex 3.423569 -3.159760 1.300000
vertex 3.413046 -3.145571 1.300000
endloop
endfacet
facet normal -0.568298 -0.421473 0.706681
outer loop
vertex 3.381995 -3.187538 1.250000
vertex 3.413046 -3.145571 1.300000
vertex 3.374396 -3.177291 1.250000
endloop
endfacet
facet normal -0.524246 -0.475151 0.706681
outer loop
vertex 3.374396 -3.177291 1.250000
vertex 3.413046 -3.145571 1.300000
vertex 3.401184 -3.132483 1.300000
endloop
endfacet
facet normal -0.524246 -0.475151 0.706681
outer loop
vertex 3.374396 -3.177291 1.250000
vertex 3.401184 -3.132483 1.300000
vertex 3.365828 -3.167838 1.250000
endloop
endfacet
facet normal -0.5 -0.5 0.707107
outer loop
vertex 3.365828 -3.167838 1.250000
vertex 3.401184 -3.132483 1.300000
vertex 1.887975 -1.619275 1.300000
endloop
endfacet
facet normal -0.5 -0.5 0.707107
outer loop
vertex 3.365828 -3.167838 1.250000
vertex 1.887975 -1.619275 1.300000
vertex 1.852620 -1.654630 1.250000
endloop
endfacet
facet normal -0.475149 -0.524248 0.706681
outer loop
vertex 1.852620 -1.654630 1.250000
vertex 1.887975 -1.619275 1.300000
vertex 1.874887 -1.607412 1.300000
endloop
endfacet
facet normal -0.475147 -0.524249 0.706681
outer loop
vertex 1.852620 -1.654630 1.250000
vertex 1.874887 -1.607412 1.300000
vertex 1.843167 -1.646062 1.250000
endloop
endfacet
facet normal -0.421478 -0.568294 0.706681
outer loop
vertex 1.843167 -1.646062 1.250000
vertex 1.874887 -1.607412 1.300000
vertex 1.860699 -1.596889 1.300000
endloop
endfacet
facet normal -0.421477 -0.568295 0.706681
outer loop
vertex 1.843167 -1.646062 1.250000
vertex 1.860699 -1.596889 1.300000
vertex 1.832920 -1.638463 1.250000
endloop
endfacet
facet normal -0.363742 -0.606872 0.706681
outer loop
vertex 1.832920 -1.638463 1.250000
vertex 1.860699 -1.596889 1.300000
vertex 1.845547 -1.587808 1.300000
endloop
endfacet
facet normal -0.363747 -0.60687 0.70668
outer loop
vertex 1.832920 -1.638463 1.250000
vertex 1.845547 -1.587808 1.300000
vertex 1.821977 -1.631904 1.250000
endloop
endfacet
facet normal -0.302511 -0.639601 0.70668
outer loop
vertex 1.821977 -1.631904 1.250000
vertex 1.845547 -1.587808 1.300000
vertex 1.829579 -1.580256 1.300000
endloop
endfacet
facet normal -0.302509 -0.639602 0.706681
outer loop
vertex 1.821977 -1.631904 1.250000
vertex 1.829579 -1.580256 1.300000
vertex 1.810445 -1.626449 1.250000
endloop
endfacet
facet normal -0.238359 -0.666174 0.706681
outer loop
vertex 1.810445 -1.626449 1.250000
vertex 1.829579 -1.580256 1.300000
vertex 1.812947 -1.574305 1.300000
endloop
endfacet
facet normal -0.238355 -0.666175 0.706681
outer loop
vertex 1.810445 -1.626449 1.250000
vertex 1.812947 -1.574305 1.300000
vertex 1.798433 -1.622152 1.250000
endloop
endfacet
facet normal -0.171917 -0.686328 0.706681
outer loop
vertex 1.798433 -1.622152 1.250000
vertex 1.812947 -1.574305 1.300000
vertex 1.795812 -1.570012 1.300000
endloop
endfacet
facet normal -0.171916 -0.686328 0.706681
outer loop
vertex 1.798433 -1.622152 1.250000
vertex 1.795812 -1.570012 1.300000
vertex 1.786058 -1.619052 1.250000
endloop
endfacet
facet normal -0.103815 -0.699874 0.706681
outer loop
vertex 1.786058 -1.619052 1.250000
vertex 1.795812 -1.570012 1.300000
vertex 1.778339 -1.567421 1.300000
endloop
endfacet
facet normal -0.103823 -0.699874 0.70668
outer loop
vertex 1.786058 -1.619052 1.250000
vertex 1.778339 -1.567421 1.300000
vertex 1.773438 -1.617180 1.250000
endloop
endfacet
facet normal -0.0347178 -0.706681 0.70668
outer loop
vertex 1.773438 -1.617180 1.250000
vertex 1.778339 -1.567421 1.300000
vertex 1.760696 -1.566554 1.300000
endloop
endfacet
facet normal -0.0347162 -0.706681 0.706681
outer loop
vertex 1.773438 -1.617180 1.250000
vertex 1.760696 -1.566554 1.300000
vertex 1.760696 -1.616554 1.250000
endloop
endfacet
facet normal 0.0347179 -0.706681 0.706681
outer loop
vertex 1.760696 -1.616554 1.250000
vertex 1.760696 -1.566554 1.300000
vertex 1.743053 -1.567421 1.300000
endloop
endfacet
facet normal 0.0347224 -0.70668 0.706681
outer loop
vertex 1.760696 -1.616554 1.250000
vertex 1.743053 -1.567421 1.300000
vertex 1.747954 -1.617180 1.250000
endloop
endfacet
facet normal 0.103814 -0.699875 0.706681
outer loop
vertex 1.747954 -1.617180 1.250000
vertex 1.743053 -1.567421 1.300000
vertex 1.725580 -1.570012 1.300000
endloop
endfacet
facet normal 0.103811 -0.699876 0.706681
outer loop
vertex 1.747954 -1.617180 1.250000
vertex 1.725580 -1.570012 1.300000
vertex 1.735334 -1.619052 1.250000
endloop
endfacet
facet normal 0.171919 -0.686328 0.706681
outer loop
vertex 1.735334 -1.619052 1.250000
vertex 1.725580 -1.570012 1.300000
vertex 1.708445 -1.574305 1.300000
endloop
endfacet
facet normal 0.171921 -0.686327 0.706681
outer loop
vertex 1.735334 -1.619052 1.250000
vertex 1.708445 -1.574305 1.300000
vertex 1.722959 -1.622152 1.250000
endloop
endfacet
facet normal 0.238359 -0.666173 0.706681
outer loop
vertex 1.722959 -1.622152 1.250000
vertex 1.708445 -1.574305 1.300000
vertex 1.691813 -1.580256 1.300000
endloop
endfacet
facet normal 0.238357 -0.666174 0.706681
outer loop
vertex 1.722959 -1.622152 1.250000
vertex 1.691813 -1.580256 1.300000
vertex 1.710947 -1.626449 1.250000
endloop
endfacet
facet normal 0.302511 -0.639601 0.706681
outer loop
vertex 1.710947 -1.626449 1.250000
vertex 1.691813 -1.580256 1.300000
vertex 1.675845 -1.587808 1.300000
endloop
endfacet
facet normal 0.302509 -0.639602 0.70668
outer loop
vertex 1.710947 -1.626449 1.250000
vertex 1.675845 -1.587808 1.300000
vertex 1.699414 -1.631904 1.250000
endloop
endfacet
facet normal 0.363742 -0.606872 0.706681
outer loop
vertex 1.699414 -1.631904 1.250000
vertex 1.675845 -1.587808 1.300000
vertex 1.660693 -1.596889 1.300000
endloop
endfacet
facet normal 0.363746 -0.606869 0.706681
outer loop
vertex 1.699414 -1.631904 1.250000
vertex 1.660693 -1.596889 1.300000
vertex 1.688472 -1.638463 1.250000
endloop
endfacet
facet normal 0.421475 -0.568296 0.706681
outer loop
vertex 1.688472 -1.638463 1.250000
vertex 1.660693 -1.596889 1.300000
vertex 1.646505 -1.607412 1.300000
endloop
endfacet
facet normal 0.421477 -0.568294 0.706682
outer loop
vertex 1.688472 -1.638463 1.250000
vertex 1.646505 -1.607412 1.300000
vertex 1.678225 -1.646062 1.250000
endloop
endfacet
facet normal 0.475151 -0.524245 0.706681
outer loop
vertex 1.678225 -1.646062 1.250000
vertex 1.646505 -1.607412 1.300000
vertex 1.633417 -1.619275 1.300000
endloop
endfacet
facet normal 0.475147 -0.524249 0.706681
outer loop
vertex 1.678225 -1.646062 1.250000
vertex 1.633417 -1.619275 1.300000
vertex 1.668772 -1.654630 1.250000
endloop
endfacet
facet normal 0.5 -0.5 0.707107
outer loop
vertex 1.668772 -1.654630 1.250000
vertex 1.633417 -1.619275 1.300000
vertex 1.619275 -1.633417 1.300000
endloop
endfacet
facet normal 0.5 -0.5 0.707107
outer loop
vertex 1.668772 -1.654630 1.250000
vertex 1.619275 -1.633417 1.300000
vertex 1.654630 -1.668772 1.250000
endloop
endfacet
facet normal 0.524246 -0.475151 0.706681
outer loop
vertex 1.654630 -1.668772 1.250000
vertex 1.619275 -1.633417 1.300000
vertex 1.607412 -1.646505 1.300000
endloop
endfacet
facet normal 0.524249 -0.475147 0.706682
outer loop
vertex 1.654630 -1.668772 1.250000
vertex 1.607412 -1.646505 1.300000
vertex 1.646062 -1.678225 1.250000
endloop
endfacet
facet normal 0.568296 -0.421475 0.706681
outer loop
vertex 1.646062 -1.678225 1.250000
vertex 1.607412 -1.646505 1.300000
vertex 1.596889 -1.660693 1.300000
endloop
endfacet
facet normal 0.568295 -0.421477 0.706681
outer loop
vertex 1.646062 -1.678225 1.250000
vertex 1.596889 -1.660693 1.300000
vertex 1.638463 -1.688472 1.250000
endloop
endfacet
facet normal 0.606872 -0.363742 0.706681
outer loop
vertex 1.638463 -1.688472 1.250000
vertex 1.596889 -1.660693 1.300000
vertex 1.587808 -1.675845 1.300000
endloop
endfacet
facet normal 0.60687 -0.363747 0.70668
outer loop
vertex 1.638463 -1.688472 1.250000
vertex 1.587808 -1.675845 1.300000
vertex 1.631904 -1.699414 1.250000
endloop
endfacet
facet normal 0.639601 -0.302511 0.70668
outer loop
vertex 1.631904 -1.699414 1.250000
vertex 1.587808 -1.675845 1.300000
vertex 1.580256 -1.691813 1.300000
endloop
endfacet
facet normal 0.639602 -0.302509 0.706681
outer loop
vertex 1.631904 -1.699414 1.250000
vertex 1.580256 -1.691813 1.300000
vertex 1.626449 -1.710947 1.250000
endloop
endfacet
facet normal 0.666174 -0.238359 0.706681
outer loop
vertex 1.626449 -1.710947 1.250000
vertex 1.580256 -1.691813 1.300000
vertex 1.574305 -1.708445 1.300000
endloop
endfacet
facet normal 0.666174 -0.238357 0.706681
outer loop
vertex 1.626449 -1.710947 1.250000
vertex 1.574305 -1.708445 1.300000
vertex 1.622152 -1.722959 1.250000
endloop
endfacet
facet normal 0.686328 -0.171919 0.706681
outer loop
vertex 1.622152 -1.722959 1.250000
vertex 1.574305 -1.708445 1.300000
vertex 1.570012 -1.725580 1.300000
endloop
endfacet
facet normal 0.686328 -0.171921 0.706681
outer loop
vertex 1.622152 -1.722959 1.250000
vertex 1.570012 -1.725580 1.300000
vertex 1.619052 -1.735334 1.250000
endloop
endfacet
facet normal 0.699875 -0.103814 0.706681
outer loop
vertex 1.619052 -1.735334 1.250000
vertex 1.570012 -1.725580 1.300000
vertex 1.567421 -1.743053 1.300000
endloop
endfacet
facet normal 0.699875 -0.103811 0.706681
outer loop
vertex 1.619052 -1.735334 1.250000
vertex 1.567421 -1.743053 1.300000
vertex 1.617180 -1.747954 1.250000
endloop
endfacet
facet normal 0.70668 -0.0347179 0.706681
outer loop
vertex 1.617180 -1.747954 1.250000
vertex 1.567421 -1.743053 1.300000
vertex 1.566554 -1.760696 1.300000
endloop
endfacet
facet normal 0.70668 -0.0347225 0.70668
outer loop
vertex 1.617180 -1.747954 1.250000
vertex 1.566554 -1.760696 1.300000
vertex 1.616554 -1.760696 1.250000
endloop
endfacet
facet normal 0.706681 0.0347179 0.706681
outer loop
vertex 1.616554 -1.760696 1.250000
vertex 1.566554 -1.760696 1.300000
vertex 1.567421 -1.778339 1.300000
endloop
endfacet
facet normal 0.706681 0.0347162 0.70668
outer loop
vertex 1.616554 -1.760696 1.250000
vertex 1.567421 -1.778339 1.300000
vertex 1.617180 -1.773438 1.250000
endloop
endfacet
facet normal 0.699875 0.103815 0.70668
outer loop
vertex 1.617180 -1.773438 1.250000
vertex 1.567421 -1.778339 1.300000
vertex 1.570012 -1.795812 1.300000
endloop
endfacet
facet normal 0.699873 0.103823 0.706682
outer loop
vertex 1.617180 -1.773438 1.250000
vertex 1.570012 -1.795812 1.300000
vertex 1.619052 -1.786058 1.250000
endloop
endfacet
facet normal 0.686328 0.171917 0.706681
outer loop
vertex 1.619052 -1.786058 1.250000
vertex 1.570012 -1.795812 1.300000
vertex 1.574305 -1.812947 1.300000
endloop
endfacet
facet normal 0.686328 0.171916 0.706681
outer loop
vertex 1.619052 -1.786058 1.250000
vertex 1.574305 -1.812947 1.300000
vertex 1.622152 -1.798433 1.250000
endloop
endfacet
facet normal 0.666173 0.238359 0.706681
outer loop
vertex 1.622152 -1.798433 1.250000
vertex 1.574305 -1.812947 1.300000
vertex 1.580256 -1.829579 1.300000
endloop
endfacet
facet normal 0.666175 0.238355 0.706681
outer loop
vertex 1.622152 -1.798433 1.250000
vertex 1.580256 -1.829579 1.300000
vertex 1.626449 -1.810445 1.250000
endloop
endfacet
facet normal 0.639601 0.302511 0.706681
outer loop
vertex 1.626449 -1.810445 1.250000
vertex 1.580256 -1.829579 1.300000
vertex 1.587808 -1.845547 1.300000
endloop
endfacet
facet normal 0.639602 0.302509 0.70668
outer loop
vertex 1.626449 -1.810445 1.250000
vertex 1.587808 -1.845547 1.300000
vertex 1.631904 -1.821977 1.250000
endloop
endfacet
facet normal 0.606872 0.363742 0.706681
outer loop
vertex 1.631904 -1.821977 1.250000
vertex 1.587808 -1.845547 1.300000
vertex 1.596889 -1.860699 1.300000
endloop
endfacet
facet normal 0.606869 0.363746 0.706681
outer loop
vertex 1.631904 -1.821977 1.250000
vertex 1.596889 -1.860699 1.300000
vertex 1.638463 -1.832920 1.250000
endloop
endfacet
facet normal 0.568294 0.421478 0.706681
outer loop
vertex 1.638463 -1.832920 1.250000
vertex 1.596889 -1.860699 1.300000
vertex 1.607412 -1.874887 1.300000
endloop
endfacet
facet normal 0.568295 0.421477 0.706681
outer loop
vertex 1.638463 -1.832920 1.250000
vertex 1.607412 -1.874887 1.300000
vertex 1.646062 -1.843167 1.250000
endloop
endfacet
facet normal 0.524248 0.475148 0.706681
outer loop
vertex 1.646062 -1.843167 1.250000
vertex 1.607412 -1.874887 1.300000
vertex 1.619275 -1.887975 1.300000
endloop
endfacet
facet normal 0.524249 0.475147 0.706681
outer loop
vertex 1.646062 -1.843167 1.250000
vertex 1.619275 -1.887975 1.300000
vertex 1.654630 -1.852620 1.250000
endloop
endfacet
facet normal 0.5 0.5 0.707107
outer loop
vertex 1.654630 -1.852620 1.250000
vertex 1.619275 -1.887975 1.300000
vertex 3.132483 -3.401184 1.300000
endloop
endfacet
facet normal 0.5 0.5 0.707107
outer loop
vertex 1.654630 -1.852620 1.250000
vertex 3.132483 -3.401184 1.300000
vertex 3.167838 -3.365828 1.250000
endloop
endfacet
facet normal 0.671561 0.740949 0
outer loop
vertex 3.145571 -3.413046 1.300000
vertex 3.132483 -3.401184 1.300000
vertex 3.132483 -3.401184 1.769593
endloop
endfacet
facet normal 0.671561 0.740949 -0
outer loop
vertex 3.145571 -3.413046 1.300000
vertex 3.132483 -3.401184 1.769593
vertex 3.145571 -3.413046 1.773015
endloop
endfacet
facet normal 0.5957 0.803207 0
outer loop
vertex 3.159760 -3.423569 1.300000
vertex 3.145571 -3.413046 1.300000
vertex 3.145571 -3.413046 1.773015
endloop
endfacet
facet normal 0.5957 0.803207 -0
outer loop
vertex 3.159760 -3.423569 1.300000
vertex 3.145571 -3.413046 1.773015
vertex 3.159760 -3.423569 1.776388
endloop
endfacet
facet normal 0.514089 0.857737 0
outer loop
vertex 3.174911 -3.432650 1.300000
vertex 3.159760 -3.423569 1.300000
vertex 3.159760 -3.423569 1.776388
endloop
endfacet
facet normal 0.514089 0.857737 -0
outer loop
vertex 3.174911 -3.432650 1.300000
vertex 3.159760 -3.423569 1.776388
vertex 3.174911 -3.432650 1.779679
endloop
endfacet
facet normal 0.427563 0.903986 0
outer loop
vertex 3.190879 -3.440203 1.300000
vertex 3.174911 -3.432650 1.300000
vertex 3.174911 -3.432650 1.779679
endloop
endfacet
facet normal 0.427563 0.903986 -0
outer loop
vertex 3.190879 -3.440203 1.300000
vertex 3.174911 -3.432650 1.779679
vertex 3.190879 -3.440203 1.782856
endloop
endfacet
facet normal 0.336892 0.941543 0
outer loop
vertex 3.207511 -3.446154 1.300000
vertex 3.190879 -3.440203 1.300000
vertex 3.190879 -3.440203 1.782856
endloop
endfacet
facet normal 0.336892 0.941543 -0
outer loop
vertex 3.207511 -3.446154 1.300000
vertex 3.190879 -3.440203 1.782856
vertex 3.207511 -3.446154 1.785889
endloop
endfacet
facet normal 0.242974 0.970033 0
outer loop
vertex 3.224646 -3.450446 1.300000
vertex 3.207511 -3.446154 1.300000
vertex 3.207511 -3.446154 1.785889
endloop
endfacet
facet normal 0.242974 0.970033 -0
outer loop
vertex 3.224646 -3.450446 1.300000
vertex 3.207511 -3.446154 1.785889
vertex 3.224646 -3.450446 1.788748
endloop
endfacet
facet normal 0.14674 0.989175 0
outer loop
vertex 3.242119 -3.453038 1.300000
vertex 3.224646 -3.450446 1.300000
vertex 3.224646 -3.450446 1.788748
endloop
endfacet
facet normal 0.14674 0.989175 -0
outer loop
vertex 3.242119 -3.453038 1.300000
vertex 3.224646 -3.450446 1.788748
vertex 3.242119 -3.453038 1.791406
endloop
endfacet
facet normal 0.0490625 0.998796 0
outer loop
vertex 3.259762 -3.453904 1.300000
vertex 3.242119 -3.453038 1.300000
vertex 3.242119 -3.453038 1.791406
endloop
endfacet
facet normal 0.0490625 0.998796 -0
outer loop
vertex 3.259762 -3.453904 1.300000
vertex 3.242119 -3.453038 1.791406
vertex 3.259762 -3.453904 1.793838
endloop
endfacet
facet normal -0.0490625 0.998796 0
outer loop
vertex 3.277405 -3.453038 1.300000
vertex 3.259762 -3.453904 1.300000
vertex 3.259762 -3.453904 1.793838
endloop
endfacet
facet normal -0.0490625 0.998796 0
outer loop
vertex 3.277405 -3.453038 1.300000
vertex 3.259762 -3.453904 1.793838
vertex 3.277405 -3.453038 1.796019
endloop
endfacet
facet normal -0.14674 0.989175 0
outer loop
vertex 3.294878 -3.450446 1.300000
vertex 3.277405 -3.453038 1.300000
vertex 3.277405 -3.453038 1.796019
endloop
endfacet
facet normal -0.14674 0.989175 0
outer loop
vertex 3.294878 -3.450446 1.300000
vertex 3.277405 -3.453038 1.796019
vertex 3.294878 -3.450446 1.797930
endloop
endfacet
facet normal -0.242974 0.970033 0
outer loop
vertex 3.312014 -3.446154 1.300000
vertex 3.294878 -3.450446 1.300000
vertex 3.294878 -3.450446 1.797930
endloop
endfacet
facet normal -0.242974 0.970033 0
outer loop
vertex 3.312014 -3.446154 1.300000
vertex 3.294878 -3.450446 1.797930
vertex 3.312014 -3.446154 1.799551
endloop
endfacet
facet normal -0.336892 0.941543 0
outer loop
vertex 3.328645 -3.440203 1.300000
vertex 3.312014 -3.446154 1.300000
vertex 3.312014 -3.446154 1.799551
endloop
endfacet
facet normal -0.336892 0.941543 0
outer loop
vertex 3.328645 -3.440203 1.300000
vertex 3.312014 -3.446154 1.799551
vertex 3.328645 -3.440203 1.800867
endloop
endfacet
facet normal -0.427563 0.903986 0
outer loop
vertex 3.344614 -3.432650 1.300000
vertex 3.328645 -3.440203 1.300000
vertex 3.328645 -3.440203 1.800867
endloop
endfacet
facet normal -0.427563 0.903986 0
outer loop
vertex 3.344614 -3.432650 1.300000
vertex 3.328645 -3.440203 1.800867
vertex 3.344614 -3.432650 1.801865
endloop
endfacet
facet normal -0.514089 0.857737 0
outer loop
vertex 3.359765 -3.423569 1.300000
vertex 3.344614 -3.432650 1.300000
vertex 3.344614 -3.432650 1.801865
endloop
endfacet
facet normal -0.514089 0.857737 0
outer loop
vertex 3.359765 -3.423569 1.300000
vertex 3.344614 -3.432650 1.801865
vertex 3.359765 -3.423569 1.802536
endloop
endfacet
facet normal -0.5957 0.803207 0
outer loop
vertex 3.373953 -3.413046 1.300000
vertex 3.359765 -3.423569 1.300000
vertex 3.359765 -3.423569 1.802536
endloop
endfacet
facet normal -0.5957 0.803207 0
outer loop
vertex 3.373953 -3.413046 1.300000
vertex 3.359765 -3.423569 1.802536
vertex 3.373953 -3.413046 1.802873
endloop
endfacet
facet normal -0.671561 0.740949 0
outer loop
vertex 3.387042 -3.401184 1.300000
vertex 3.373953 -3.413046 1.300000
vertex 3.373953 -3.413046 1.802873
endloop
endfacet
facet normal -0.671561 0.740949 0
outer loop
vertex 3.387042 -3.401184 1.300000
vertex 3.373953 -3.413046 1.802873
vertex 3.387042 -3.401184 1.802873
endloop
endfacet
facet normal -0.707107 0.707107 0
outer loop
vertex 3.394113 -3.394113 1.802778
vertex 3.401184 -3.387042 1.802873
vertex 3.401184 -3.387042 1.300000
endloop
endfacet
facet normal -0.707107 0.707107 0
outer loop
vertex 3.401184 -3.387042 1.300000
vertex 3.387042 -3.401184 1.300000
vertex 3.387042 -3.401184 1.802873
endloop
endfacet
facet normal -0.707107 0.707107 0
outer loop
vertex 3.394113 -3.394113 1.802778
vertex 3.401184 -3.387042 1.300000
vertex 3.387042 -3.401184 1.802873
endloop
endfacet
facet normal -0.740949 0.671561 0
outer loop
vertex 3.413046 -3.373953 1.300000
vertex 3.401184 -3.387042 1.300000
vertex 3.401184 -3.387042 1.802873
endloop
endfacet
facet normal -0.740949 0.671561 0
outer loop
vertex 3.413046 -3.373953 1.300000
vertex 3.401184 -3.387042 1.802873
vertex 3.413046 -3.373953 1.802873
endloop
endfacet
facet normal -0.803207 0.5957 0
outer loop
vertex 3.423569 -3.359765 1.300000
vertex 3.413046 -3.373953 1.300000
vertex 3.413046 -3.373953 1.802873
endloop
endfacet
facet normal -0.803207 0.5957 0
outer loop
vertex 3.423569 -3.359765 1.300000
vertex 3.413046 -3.373953 1.802873
vertex 3.423569 -3.359765 1.802536
endloop
endfacet
facet normal -0.857737 0.514089 0
outer loop
vertex 3.432650 -3.344614 1.300000
vertex 3.423569 -3.359765 1.300000
vertex 3.423569 -3.359765 1.802536
endloop
endfacet
facet normal -0.857737 0.514089 0
outer loop
vertex 3.432650 -3.344614 1.300000
vertex 3.423569 -3.359765 1.802536
vertex 3.432650 -3.344614 1.801865
endloop
endfacet
facet normal -0.903986 0.427563 0
outer loop
vertex 3.440203 -3.328645 1.300000
vertex 3.432650 -3.344614 1.300000
vertex 3.432650 -3.344614 1.801865
endloop
endfacet
facet normal -0.903986 0.427563 0
outer loop
vertex 3.440203 -3.328645 1.300000
vertex 3.432650 -3.344614 1.801865
vertex 3.440203 -3.328645 1.800867
endloop
endfacet
facet normal -0.941543 0.336892 0
outer loop
vertex 3.446154 -3.312014 1.300000
vertex 3.440203 -3.328645 1.300000
vertex 3.440203 -3.328645 1.800867
endloop
endfacet
facet normal -0.941543 0.336892 0
outer loop
vertex 3.446154 -3.312014 1.300000
vertex 3.440203 -3.328645 1.800867
vertex 3.446154 -3.312014 1.799551
endloop
endfacet
facet normal -0.970033 0.242974 0
outer loop
vertex 3.450446 -3.294878 1.300000
vertex 3.446154 -3.312014 1.300000
vertex 3.446154 -3.312014 1.799551
endloop
endfacet
facet normal -0.970033 0.242974 0
outer loop
vertex 3.450446 -3.294878 1.300000
vertex 3.446154 -3.312014 1.799551
vertex 3.450446 -3.294878 1.797930
endloop
endfacet
facet normal -0.989175 0.14674 0
outer loop
vertex 3.453038 -3.277405 1.300000
vertex 3.450446 -3.294878 1.300000
vertex 3.450446 -3.294878 1.797930
endloop
endfacet
facet normal -0.989175 0.14674 0
outer loop
vertex 3.453038 -3.277405 1.300000
vertex 3.450446 -3.294878 1.797930
vertex 3.453038 -3.277405 1.796019
endloop
endfacet
facet normal -0.998796 0.0490625 0
outer loop
vertex 3.453904 -3.259762 1.300000
vertex 3.453038 -3.277405 1.300000
vertex 3.453038 -3.277405 1.796019
endloop
endfacet
facet normal -0.998796 0.0490625 0
outer loop
vertex 3.453904 -3.259762 1.300000
vertex 3.453038 -3.277405 1.796019
vertex 3.453904 -3.259762 1.793838
endloop
endfacet
facet normal -0.998796 -0.0490625 0
outer loop
vertex 3.453038 -3.242119 1.300000
vertex 3.453904 -3.259762 1.300000
vertex 3.453904 -3.259762 1.793838
endloop
endfacet
facet normal -0.998796 -0.0490625 0
outer loop
vertex 3.453038 -3.242119 1.300000
vertex 3.453904 -3.259762 1.793838
vertex 3.453038 -3.242119 1.791406
endloop
endfacet
facet normal -0.989175 -0.14674 0
outer loop
vertex 3.450446 -3.224646 1.300000
vertex 3.453038 -3.242119 1.300000
vertex 3.453038 -3.242119 1.791406
endloop
endfacet
facet normal -0.989175 -0.14674 0
outer loop
vertex 3.450446 -3.224646 1.300000
vertex 3.453038 -3.242119 1.791406
vertex 3.450446 -3.224646 1.788748
endloop
endfacet
facet normal -0.970033 -0.242974 0
outer loop
vertex 3.446154 -3.207511 1.300000
vertex 3.450446 -3.224646 1.300000
vertex 3.450446 -3.224646 1.788748
endloop
endfacet
facet normal -0.970033 -0.242974 0
outer loop
vertex 3.446154 -3.207511 1.300000
vertex 3.450446 -3.224646 1.788748
vertex 3.446154 -3.207511 1.785889
endloop
endfacet
facet normal -0.941543 -0.336892 0
outer loop
vertex 3.440203 -3.190879 1.300000
vertex 3.446154 -3.207511 1.300000
vertex 3.446154 -3.207511 1.785889
endloop
endfacet
facet normal -0.941543 -0.336892 0
outer loop
vertex 3.440203 -3.190879 1.300000
vertex 3.446154 -3.207511 1.785889
vertex 3.440203 -3.190879 1.782856
endloop
endfacet
facet normal -0.903986 -0.427563 0
outer loop
vertex 3.432650 -3.174911 1.300000
vertex 3.440203 -3.190879 1.300000
vertex 3.440203 -3.190879 1.782856
endloop
endfacet
facet normal -0.903986 -0.427563 0
outer loop
vertex 3.432650 -3.174911 1.300000
vertex 3.440203 -3.190879 1.782856
vertex 3.432650 -3.174911 1.779679
endloop
endfacet
facet normal -0.857737 -0.514089 0
outer loop
vertex 3.423569 -3.159760 1.300000
vertex 3.432650 -3.174911 1.300000
vertex 3.432650 -3.174911 1.779679
endloop
endfacet
facet normal -0.857737 -0.514089 0
outer loop
vertex 3.423569 -3.159760 1.300000
vertex 3.432650 -3.174911 1.779679
vertex 3.423569 -3.159760 1.776388
endloop
endfacet
facet normal -0.803207 -0.5957 0
outer loop
vertex 3.413046 -3.145571 1.300000
vertex 3.423569 -3.159760 1.300000
vertex 3.423569 -3.159760 1.776388
endloop
endfacet
facet normal -0.803207 -0.5957 0
outer loop
vertex 3.413046 -3.145571 1.300000
vertex 3.423569 -3.159760 1.776388
vertex 3.413046 -3.145571 1.773015
endloop
endfacet
facet normal -0.740949 -0.671561 0
outer loop
vertex 3.401184 -3.132483 1.300000
vertex 3.413046 -3.145571 1.300000
vertex 3.413046 -3.145571 1.773015
endloop
endfacet
facet normal -0.740949 -0.671561 0
outer loop
vertex 3.401184 -3.132483 1.300000
vertex 3.413046 -3.145571 1.773015
vertex 3.401184 -3.132483 1.769593
endloop
endfacet
facet normal -0.707107 -0.707107 0
outer loop
vertex 2.602624 -2.333923 1.550000
vertex 1.887975 -1.619275 1.506058
vertex 1.887975 -1.619275 1.300000
endloop
endfacet
facet normal -0.707107 -0.707107 0
outer loop
vertex 1.887975 -1.619275 1.300000
vertex 3.401184 -3.132483 1.300000
vertex 3.401184 -3.132483 1.769593
endloop
endfacet
facet normal -0.707107 -0.707107 0
outer loop
vertex 2.602624 -2.333923 1.550000
vertex 1.887975 -1.619275 1.300000
vertex 3.401184 -3.132483 1.769593
endloop
endfacet
facet normal -0.671557 -0.740953 -0
outer loop
vertex 1.874887 -1.607412 1.505289
vertex 1.874887 -1.607412 1.300000
vertex 1.887975 -1.619275 1.300000
endloop
endfacet
facet normal -0.671557 -0.740953 0
outer loop
vertex 1.874887 -1.607412 1.505289
vertex 1.887975 -1.619275 1.300000
vertex 1.887975 -1.619275 1.506058
endloop
endfacet
facet normal -0.595701 -0.803206 -0
outer loop
vertex 1.860699 -1.596889 1.504524
vertex 1.860699 -1.596889 1.300000
vertex 1.874887 -1.607412 1.300000
endloop
endfacet
facet normal -0.595702 -0.803206 0
outer loop
vertex 1.860699 -1.596889 1.504524
vertex 1.874887 -1.607412 1.300000
vertex 1.874887 -1.607412 1.505289
endloop
endfacet
facet normal -0.5141 -0.85773 -0
outer loop
vertex 1.845547 -1.587808 1.503770
vertex 1.845547 -1.587808 1.300000
vertex 1.860699 -1.596889 1.300000
endloop
endfacet
facet normal -0.5141 -0.857731 0
outer loop
vertex 1.845547 -1.587808 1.503770
vertex 1.860699 -1.596889 1.300000
vertex 1.860699 -1.596889 1.504524
endloop
endfacet
facet normal -0.427557 -0.903988 -0
outer loop
vertex 1.829579 -1.580256 1.503034
vertex 1.829579 -1.580256 1.300000
vertex 1.845547 -1.587808 1.300000
endloop
endfacet
facet normal -0.427557 -0.903988 0
outer loop
vertex 1.829579 -1.580256 1.503034
vertex 1.845547 -1.587808 1.300000
vertex 1.845547 -1.587808 1.503770
endloop
endfacet
facet normal -0.336888 -0.941545 -0
outer loop
vertex 1.812947 -1.574305 1.502323
vertex 1.812947 -1.574305 1.300000
vertex 1.829579 -1.580256 1.300000
endloop
endfacet
facet normal -0.336888 -0.941545 0
outer loop
vertex 1.812947 -1.574305 1.502323
vertex 1.829579 -1.580256 1.300000
vertex 1.829579 -1.580256 1.503034
endloop
endfacet
facet normal -0.242982 -0.970031 -0
outer loop
vertex 1.795812 -1.570012 1.501645
vertex 1.795812 -1.570012 1.300000
vertex 1.812947 -1.574305 1.300000
endloop
endfacet
facet normal -0.242982 -0.970031 0
outer loop
vertex 1.795812 -1.570012 1.501645
vertex 1.812947 -1.574305 1.300000
vertex 1.812947 -1.574305 1.502323
endloop
endfacet
facet normal -0.146728 -0.989177 -0
outer loop
vertex 1.778339 -1.567421 1.501006
vertex 1.778339 -1.567421 1.300000
vertex 1.795812 -1.570012 1.300000
endloop
endfacet
facet normal -0.146728 -0.989177 0
outer loop
vertex 1.778339 -1.567421 1.501006
vertex 1.795812 -1.570012 1.300000
vertex 1.795812 -1.570012 1.501645
endloop
endfacet
facet normal -0.0490689 -0.998795 -0
outer loop
vertex 1.760696 -1.566554 1.500412
vertex 1.760696 -1.566554 1.300000
vertex 1.778339 -1.567421 1.300000
endloop
endfacet
facet normal -0.0490689 -0.998795 0
outer loop
vertex 1.760696 -1.566554 1.500412
vertex 1.778339 -1.567421 1.300000
vertex 1.778339 -1.567421 1.501006
endloop
endfacet
facet normal 0.0490689 -0.998795 0
outer loop
vertex 1.743053 -1.567421 1.499868
vertex 1.743053 -1.567421 1.300000
vertex 1.760696 -1.566554 1.300000
endloop
endfacet
facet normal 0.0490689 -0.998795 0
outer loop
vertex 1.743053 -1.567421 1.499868
vertex 1.760696 -1.566554 1.300000
vertex 1.760696 -1.566554 1.500412
endloop
endfacet
facet normal 0.146727 -0.989177 0
outer loop
vertex 1.725580 -1.570012 1.499380
vertex 1.725580 -1.570012 1.300000
vertex 1.743053 -1.567421 1.300000
endloop
endfacet
facet normal 0.146727 -0.989177 0
outer loop
vertex 1.725580 -1.570012 1.499380
vertex 1.743053 -1.567421 1.300000
vertex 1.743053 -1.567421 1.499868
endloop
endfacet
facet normal 0.242983 -0.97003 0
outer loop
vertex 1.708445 -1.574305 1.498953
vertex 1.708445 -1.574305 1.300000
vertex 1.725580 -1.570012 1.300000
endloop
endfacet
facet normal 0.242983 -0.97003 0
outer loop
vertex 1.708445 -1.574305 1.498953
vertex 1.725580 -1.570012 1.300000
vertex 1.725580 -1.570012 1.499380
endloop
endfacet
facet normal 0.336888 -0.941545 0
outer loop
vertex 1.691813 -1.580256 1.498590
vertex 1.691813 -1.580256 1.300000
vertex 1.708445 -1.574305 1.300000
endloop
endfacet
facet normal 0.336888 -0.941545 0
outer loop
vertex 1.691813 -1.580256 1.498590
vertex 1.708445 -1.574305 1.300000
vertex 1.708445 -1.574305 1.498953
endloop
endfacet
facet normal 0.427557 -0.903988 0
outer loop
vertex 1.675845 -1.587808 1.498296
vertex 1.675845 -1.587808 1.300000
vertex 1.691813 -1.580256 1.300000
endloop
endfacet
facet normal 0.427557 -0.903988 0
outer loop
vertex 1.675845 -1.587808 1.498296
vertex 1.691813 -1.580256 1.300000
vertex 1.691813 -1.580256 1.498590
endloop
endfacet
facet normal 0.5141 -0.85773 0
outer loop
vertex 1.660693 -1.596889 1.498073
vertex 1.660693 -1.596889 1.300000
vertex 1.675845 -1.587808 1.300000
endloop
endfacet
facet normal 0.5141 -0.85773 0
outer loop
vertex 1.660693 -1.596889 1.498073
vertex 1.675845 -1.587808 1.300000
vertex 1.675845 -1.587808 1.498296
endloop
endfacet
facet normal 0.595697 -0.803209 0
outer loop
vertex 1.646505 -1.607412 1.497923
vertex 1.646505 -1.607412 1.300000
vertex 1.660693 -1.596889 1.300000
endloop
endfacet
facet normal 0.595697 -0.803209 0
outer loop
vertex 1.646505 -1.607412 1.497923
vertex 1.660693 -1.596889 1.300000
vertex 1.660693 -1.596889 1.498073
endloop
endfacet
facet normal 0.671561 -0.740949 0
outer loop
vertex 1.633417 -1.619275 1.497847
vertex 1.633417 -1.619275 1.300000
vertex 1.646505 -1.607412 1.300000
endloop
endfacet
facet normal 0.671561 -0.740949 0
outer loop
vertex 1.633417 -1.619275 1.497847
vertex 1.646505 -1.607412 1.300000
vertex 1.646505 -1.607412 1.497923
endloop
endfacet
facet normal 0.707107 -0.707107 0
outer loop
vertex 1.626346 -1.626346 1.497826
vertex 1.619275 -1.633417 1.497847
vertex 1.619275 -1.633417 1.300000
endloop
endfacet
facet normal 0.707107 -0.707107 0
outer loop
vertex 1.619275 -1.633417 1.300000
vertex 1.633417 -1.619275 1.300000
vertex 1.633417 -1.619275 1.497847
endloop
endfacet
facet normal 0.707107 -0.707107 0
outer loop
vertex 1.626346 -1.626346 1.497826
vertex 1.619275 -1.633417 1.300000
vertex 1.633417 -1.619275 1.497847
endloop
endfacet
facet normal 0.740949 -0.671561 0
outer loop
vertex 1.607412 -1.646505 1.497923
vertex 1.607412 -1.646505 1.300000
vertex 1.619275 -1.633417 1.300000
endloop
endfacet
facet normal 0.740949 -0.671561 0
outer loop
vertex 1.607412 -1.646505 1.497923
vertex 1.619275 -1.633417 1.300000
vertex 1.619275 -1.633417 1.497847
endloop
endfacet
facet normal 0.803209 -0.595697 0
outer loop
vertex 1.596889 -1.660693 1.498073
vertex 1.596889 -1.660693 1.300000
vertex 1.607412 -1.646505 1.300000
endloop
endfacet
facet normal 0.803209 -0.595697 0
outer loop
vertex 1.596889 -1.660693 1.498073
vertex 1.607412 -1.646505 1.300000
vertex 1.607412 -1.646505 1.497923
endloop
endfacet
facet normal 0.85773 -0.5141 0
outer loop
vertex 1.587808 -1.675845 1.498296
vertex 1.587808 -1.675845 1.300000
vertex 1.596889 -1.660693 1.300000
endloop
endfacet
facet normal 0.85773 -0.5141 0
outer loop
vertex 1.587808 -1.675845 1.498296
vertex 1.596889 -1.660693 1.300000
vertex 1.596889 -1.660693 1.498073
endloop
endfacet
facet normal 0.903988 -0.427557 0
outer loop
vertex 1.580256 -1.691813 1.498590
vertex 1.580256 -1.691813 1.300000
vertex 1.587808 -1.675845 1.300000
endloop
endfacet
facet normal 0.903988 -0.427557 0
outer loop
vertex 1.580256 -1.691813 1.498590
vertex 1.587808 -1.675845 1.300000
vertex 1.587808 -1.675845 1.498296
endloop
endfacet
facet normal 0.941545 -0.336888 0
outer loop
vertex 1.574305 -1.708445 1.498953
vertex 1.574305 -1.708445 1.300000
vertex 1.580256 -1.691813 1.300000
endloop
endfacet
facet normal 0.941545 -0.336888 0
outer loop
vertex 1.574305 -1.708445 1.498953
vertex 1.580256 -1.691813 1.300000
vertex 1.580256 -1.691813 1.498590
endloop
endfacet
facet normal 0.97003 -0.242983 0
outer loop
vertex 1.570012 -1.725580 1.499380
vertex 1.570012 -1.725580 1.300000
vertex 1.574305 -1.708445 1.300000
endloop
endfacet
facet normal 0.97003 -0.242983 0
outer loop
vertex 1.570012 -1.725580 1.499380
vertex 1.574305 -1.708445 1.300000
vertex 1.574305 -1.708445 1.498953
endloop
endfacet
facet normal 0.989177 -0.146727 0
outer loop
vertex 1.567421 -1.743053 1.499868
vertex 1.567421 -1.743053 1.300000
vertex 1.570012 -1.725580 1.300000
endloop
endfacet
facet normal 0.989177 -0.146727 0
outer loop
vertex 1.567421 -1.743053 1.499868
vertex 1.570012 -1.725580 1.300000
vertex 1.570012 -1.725580 1.499380
endloop
endfacet
facet normal 0.998795 -0.0490689 0
outer loop
vertex 1.566554 -1.760696 1.500412
vertex 1.566554 -1.760696 1.300000
vertex 1.567421 -1.743053 1.300000
endloop
endfacet
facet normal 0.998795 -0.0490689 0
outer loop
vertex 1.566554 -1.760696 1.500412
vertex 1.567421 -1.743053 1.300000
vertex 1.567421 -1.743053 1.499868
endloop
endfacet
facet normal 0.998795 0.0490689 0
outer loop
vertex 1.567421 -1.778339 1.501006
vertex 1.567421 -1.778339 1.300000
vertex 1.566554 -1.760696 1.300000
endloop
endfacet
facet normal 0.998795 0.0490689 0
outer loop
vertex 1.567421 -1.778339 1.501006
vertex 1.566554 -1.760696 1.300000
vertex 1.566554 -1.760696 1.500412
endloop
endfacet
facet normal 0.989177 0.146728 0
outer loop
vertex 1.570012 -1.795812 1.501645
vertex 1.570012 -1.795812 1.300000
vertex 1.567421 -1.778339 1.300000
endloop
endfacet
facet normal 0.989177 0.146728 0
outer loop
vertex 1.570012 -1.795812 1.501645
vertex 1.567421 -1.778339 1.300000
vertex 1.567421 -1.778339 1.501006
endloop
endfacet
facet normal 0.970031 0.242982 0
outer loop
vertex 1.574305 -1.812947 1.502323
vertex 1.574305 -1.812947 1.300000
vertex 1.570012 -1.795812 1.300000
endloop
endfacet
facet normal 0.970031 0.242982 0
outer loop
vertex 1.574305 -1.812947 1.502323
vertex 1.570012 -1.795812 1.300000
vertex 1.570012 -1.795812 1.501645
endloop
endfacet
facet normal 0.941545 0.336888 0
outer loop
vertex 1.580256 -1.829579 1.503034
vertex 1.580256 -1.829579 1.300000
vertex 1.574305 -1.812947 1.300000
endloop
endfacet
facet normal 0.941545 0.336888 0
outer loop
vertex 1.580256 -1.829579 1.503034
vertex 1.574305 -1.812947 1.300000
vertex 1.574305 -1.812947 1.502323
endloop
endfacet
facet normal 0.903988 0.427557 0
outer loop
vertex 1.587808 -1.845547 1.503770
vertex 1.587808 -1.845547 1.300000
vertex 1.580256 -1.829579 1.300000
endloop
endfacet
facet normal 0.903988 0.427557 0
outer loop
vertex 1.587808 -1.845547 1.503770
vertex 1.580256 -1.829579 1.300000
vertex 1.580256 -1.829579 1.503034
endloop
endfacet
facet normal 0.857731 0.5141 0
outer loop
vertex 1.596889 -1.860699 1.504524
vertex 1.596889 -1.860699 1.300000
vertex 1.587808 -1.845547 1.300000
endloop
endfacet
facet normal 0.85773 0.5141 0
outer loop
vertex 1.596889 -1.860699 1.504524
vertex 1.587808 -1.845547 1.300000
vertex 1.587808 -1.845547 1.503770
endloop
endfacet
facet normal 0.803206 0.595701 0
outer loop
vertex 1.607412 -1.874887 1.505289
vertex 1.607412 -1.874887 1.300000
vertex 1.596889 -1.860699 1.300000
endloop
endfacet
facet normal 0.803206 0.595701 0
outer loop
vertex 1.607412 -1.874887 1.505289
vertex 1.596889 -1.860699 1.300000
vertex 1.596889 -1.860699 1.504524
endloop
endfacet
facet normal 0.740953 0.671557 0
outer loop
vertex 1.619275 -1.887975 1.506058
vertex 1.619275 -1.887975 1.300000
vertex 1.607412 -1.874887 1.300000
endloop
endfacet
facet normal 0.740953 0.671557 0
outer loop
vertex 1.619275 -1.887975 1.506058
vertex 1.607412 -1.874887 1.300000
vertex 1.607412 -1.874887 1.505289
endloop
endfacet
facet normal 0.707107 0.707107 0
outer loop
vertex 2.333923 -2.602624 1.550000
vertex 3.132483 -3.401184 1.769593
vertex 3.132483 -3.401184 1.300000
endloop
endfacet
facet normal 0.707107 0.707107 0
outer loop
vertex 3.132483 -3.401184 1.300000
vertex 1.619275 -1.887975 1.300000
vertex 1.619275 -1.887975 1.506058
endloop
endfacet
facet normal 0.707107 0.707107 0
outer loop
vertex 2.333923 -2.602624 1.550000
vertex 3.132483 -3.401184 1.300000
vertex 1.619275 -1.887975 1.506058
endloop
endfacet
facet normal 0 0 1
outer loop
vertex 1.638463 -1.832920 1.250000
vertex 1.646062 -1.843167 1.250000
vertex 1.654630 -1.852620 1.250000
endloop
endfacet
facet normal 0 0 1
outer loop
vertex 1.654630 -1.852620 1.250000
vertex 3.167838 -3.365828 1.250000
vertex 3.177291 -3.374396 1.250000
endloop
endfacet
facet normal 0 0 1
outer loop
vertex 3.177291 -3.374396 1.250000
vertex 3.187538 -3.381995 1.250000
vertex 3.198481 -3.388554 1.250000
endloop
endfacet
facet normal 0 0 1
outer loop
vertex 3.198481 -3.388554 1.250000
vertex 3.210013 -3.394009 1.250000
vertex 3.222025 -3.398307 1.250000
endloop
endfacet
facet normal 0 0 1
outer loop
vertex 3.222025 -3.398307 1.250000
vertex 3.234401 -3.401406 1.250000
vertex 3.247020 -3.403278 1.250000
endloop
endfacet
facet normal -0 0 1
outer loop
vertex 3.247020 -3.403278 1.250000
vertex 3.259762 -3.403904 1.250000
vertex 3.272505 -3.403278 1.250000
endloop
endfacet
facet normal 0 0 1
outer loop
vertex 3.272505 -3.403278 1.250000
vertex 3.285124 -3.401407 1.250000
vertex 3.297499 -3.398307 1.250000
endloop
endfacet
facet normal 0 0 1
outer loop
vertex 3.297499 -3.398307 1.250000
vertex 3.309511 -3.394009 1.250000
vertex 3.321044 -3.388554 1.250000
endloop
endfacet
facet normal 0 0 1
outer loop
vertex 3.321044 -3.388554 1.250000
vertex 3.331986 -3.381995 1.250000
vertex 3.342233 -3.374396 1.250000
endloop
endfacet
facet normal 0 0 1
outer loop
vertex 3.342233 -3.374396 1.250000
vertex 3.351686 -3.365828 1.250000
vertex 3.365828 -3.351686 1.250000
endloop
endfacet
facet normal 0 0 1
outer loop
vertex 3.365828 -3.351686 1.250000
vertex 3.374396 -3.342233 1.250000
vertex 3.381995 -3.331986 1.250000
endloop
endfacet
facet normal 0 0 1
outer loop
vertex 3.381995 -3.331986 1.250000
vertex 3.388554 -3.321044 1.250000
vertex 3.394009 -3.309511 1.250000
endloop
endfacet
facet normal 0 0 1
outer loop
vertex 3.394009 -3.309511 1.250000
vertex 3.398307 -3.297499 1.250000
vertex 3.401407 -3.285124 1.250000
endloop
endfacet
facet normal 0 0 1
outer loop
vertex 3.401407 -3.285124 1.250000
vertex 3.403278 -3.272505 1.250000
vertex 3.403904 -3.259762 1.250000
endloop
endfacet
facet normal 0 0 1
outer loop
vertex 3.403904 -3.259762 1.250000
vertex 3.403278 -3.247020 1.250000
vertex 3.401406 -3.234401 1.250000
endloop
endfacet
facet normal 0 0 1
outer loop
vertex 3.401406 -3.234401 1.250000
vertex 3.398307 -3.222025 1.250000
vertex 3.394009 -3.210013 1.250000
endloop
endfacet
facet normal 0 0 1
outer loop
vertex 3.394009 -3.210013 1.250000
vertex 3.388554 -3.198481 1.250000
vertex 3.381995 -3.187538 1.250000
endloop
endfacet
facet normal 0 0 1
outer loop
vertex 3.381995 -3.187538 1.250000
vertex 3.374396 -3.177291 1.250000
vertex 3.365828 -3.167838 1.250000
endloop
endfacet
facet normal 0 0 1
outer loop
vertex 3.365828 -3.167838 1.250000
vertex 1.852620 -1.654630 1.250000
vertex 1.843167 -1.646062 1.250000
endloop
endfacet
facet normal 0 0 1
outer loop
vertex 1.843167 -1.646062 1.250000
vertex 1.832920 -1.638463 1.250000
vertex 1.821977 -1.631904 1.250000
endloop
endfacet
facet normal 0 0 1
outer loop
vertex 1.821977 -1.631904 1.250000
vertex 1.810445 -1.626449 1.250000
vertex 1.798433 -1.622152 1.250000
endloop
endfacet
facet normal 0 0 1
outer loop
vertex 1.798433 -1.622152 1.250000
vertex 1.786058 -1.619052 1.250000
vertex 1.773438 -1.617180 1.250000
endloop
endfacet
facet normal 0 0 1
outer loop
vertex 1.773438 -1.617180 1.250000
vertex 1.760696 -1.616554 1.250000
vertex 1.747954 -1.617180 1.250000
endloop
endfacet
facet normal 0 0 1
outer loop
vertex 1.747954 -1.617180 1.250000
vertex 1.735334 -1.619052 1.250000
vertex 1.722959 -1.622152 1.250000
endloop
endfacet
facet normal 0 0 1
outer loop
vertex 1.722959 -1.622152 1.250000
vertex 1.710947 -1.626449 1.250000
vertex 1.699414 -1.631904 1.250000
endloop
endfacet
facet normal 0 0 1
outer loop
vertex 1.699414 -1.631904 1.250000
vertex 1.688472 -1.638463 1.250000
vertex 1.678225 -1.646062 1.250000
endloop
endfacet
facet normal 0 0 1
outer loop
vertex 1.678225 -1.646062 1.250000
vertex 1.668772 -1.654630 1.250000
vertex 1.654630 -1.668772 1.250000
endloop
endfacet
facet normal 0 0 1
outer loop
vertex 1.654630 -1.668772 1.250000
vertex 1.646062 -1.678225 1.250000
vertex 1.638463 -1.688472 1.250000
endloop
endfacet
facet normal 0 0 1
outer loop
vertex 1.638463 -1.688472 1.250000
vertex 1.631904 -1.699414 1.250000
vertex 1.626449 -1.710947 1.250000
endloop
endfacet
facet normal 0 0 1
outer loop
vertex 1.626449 -1.710947 1.250000
vertex 1.622152 -1.722959 1.250000
vertex 1.619052 -1.735334 1.250000
endloop
endfacet
facet normal 0 0 1
outer loop
vertex 1.619052 -1.735334 1.250000
vertex 1.617180 -1.747954 1.250000
vertex 1.616554 -1.760696 1.250000
endloop
endfacet
facet normal 0 0 1
outer loop
vertex 1.616554 -1.760696 1.250000
vertex 1.617180 -1.773438 1.250000
vertex 1.619052 -1.786058 1.250000
endloop
endfacet
facet normal 0 0 1
outer loop
vertex 1.619052 -1.786058 1.250000
vertex 1.622152 -1.798433 1.250000
vertex 1.626449 -1.810445 1.250000
endloop
endfacet
facet normal 0 0 1
outer loop
vertex 1.626449 -1.810445 1.250000
vertex 1.631904 -1.821977 1.250000
vertex 1.638463 -1.832920 1.250000
endloop
endfacet
facet normal 0 0 1
outer loop
vertex 1.638463 -1.832920 1.250000
vertex 1.654630 -1.852620 1.250000
vertex 3.177291 -3.374396 1.250000
endloop
endfacet
facet normal 0 0 1
outer loop
vertex 3.177291 -3.374396 1.250000
vertex 3.198481 -3.388554 1.250000
vertex 3.222025 -3.398307 1.250000
endloop
endfacet
facet normal 0 0 1
outer loop
vertex 3.222025 -3.398307 1.250000
vertex 3.247020 -3.403278 1.250000
vertex 3.272505 -3.403278 1.250000
endloop
endfacet
facet normal 0 0 1
outer loop
vertex 3.272505 -3.403278 1.250000
vertex 3.297499 -3.398307 1.250000
vertex 3.321044 -3.388554 1.250000
endloop
endfacet
facet normal 0 0 1
outer loop
vertex 3.321044 -3.388554 1.250000
vertex 3.342233 -3.374396 1.250000
vertex 3.365828 -3.351686 1.250000
endloop
endfacet
facet normal 0 0 1
outer loop
vertex 3.365828 -3.351686 1.250000
vertex 3.381995 -3.331986 1.250000
vertex 3.394009 -3.309511 1.250000
endloop
endfacet
facet normal 0 0 1
outer loop
vertex 3.394009 -3.309511 1.250000
vertex 3.401407 -3.285124 1.250000
vertex 3.403904 -3.259762 1.250000
endloop
endfacet
facet normal 0 0 1
outer loop
vertex 3.403904 -3.259762 1.250000
vertex 3.401406 -3.234401 1.250000
vertex 3.394009 -3.210013 1.250000
endloop
endfacet
facet normal 0 0 1
outer loop
vertex 3.394009 -3.210013 1.250000
vertex 3.381995 -3.187538 1.250000
vertex 3.365828 -3.167838 1.250000
endloop
endfacet
facet normal 0 0 1
outer loop
vertex 3.365828 -3.167838 1.250000
vertex 1.843167 -1.646062 1.250000
vertex 1.821977 -1.631904 1.250000
endloop
endfacet
facet normal 0 0 1
outer loop
vertex 1.821977 -1.631904 1.250000
vertex 1.798433 -1.622152 1.250000
vertex 1.773438 -1.617180 1.250000
endloop
endfacet
facet normal 0 0 1
outer loop
vertex 1.773438 -1.617180 1.250000
vertex 1.747954 -1.617180 1.250000
vertex 1.722959 -1.622152 1.250000
endloop
endfacet
facet normal 0 0 1
outer loop
vertex 1.722959 -1.622152 1.250000
vertex 1.699414 -1.631904 1.250000
vertex 1.678225 -1.646062 1.250000
endloop
endfacet
facet normal 0 0 1
outer loop
vertex 1.678225 -1.646062 1.250000
vertex 1.654630 -1.668772 1.250000
vertex 1.638463 -1.688472 1.250000
endloop
endfacet
facet normal 0 0 1
outer loop
vertex 1.638463 -1.688472 1.250000
vertex 1.626449 -1.710947 1.250000
vertex 1.619052 -1.735334 1.250000
endloop
endfacet
facet normal 0 0 1
outer loop
vertex 1.619052 -1.735334 1.250000
vertex 1.616554 -1.760696 1.250000
vertex 1.619052 -1.786058 1.250000
endloop
endfacet
facet normal 0 0 1
outer loop
vertex 1.619052 -1.786058 1.250000
vertex 1.626449 -1.810445 1.250000
vertex 1.638463 -1.832920 1.250000
endloop
endfacet
facet normal 0 0 1
outer loop
vertex 1.638463 -1.832920 1.250000
vertex 3.177291 -3.374396 1.250000
vertex 3.222025 -3.398307 1.250000
endloop
endfacet
facet normal -0 0 1
outer loop
vertex 3.222025 -3.398307 1.250000
vertex 3.272505 -3.403278 1.250000
vertex 3.321044 -3.388554 1.250000
endloop
endfacet
facet normal 0 0 1
outer loop
vertex 3.321044 -3.388554 1.250000
vertex 3.365828 -3.351686 1.250000
vertex 3.394009 -3.309511 1.250000
endloop
endfacet
facet normal 0 0 1
outer loop
vertex 3.394009 -3.309511 1.250000
vertex 3.403904 -3.259762 1.250000
vertex 3.394009 -3.210013 1.250000
endloop
endfacet
facet normal 0 0 1
outer loop
vertex 3.394009 -3.210013 1.250000
vertex 3.365828 -3.167838 1.250000
vertex 1.821977 -1.631904 1.250000
endloop
endfacet
facet normal 0 0 1
outer loop
vertex 1.821977 -1.631904 1.250000
vertex 1.773438 -1.617180 1.250000
vertex 1.722959 -1.622152 1.250000
endloop
endfacet
facet normal 0 0 1
outer loop
vertex 1.722959 -1.622152 1.250000
vertex 1.678225 -1.646062 1.250000
vertex 1.638463 -1.688472 1.250000
endloop
endfacet
facet normal 0 0 1
outer loop
vertex 1.638463 -1.688472 1.250000
vertex 1.619052 -1.735334 1.250000
vertex 1.619052 -1.786058 1.250000
endloop
endfacet
facet normal 0 0 1
outer loop
vertex 1.619052 -1.786058 1.250000
vertex 1.638463 -1.832920 1.250000
vertex 3.222025 -3.398307 1.250000
endloop
endfacet
facet normal 0 0 1
outer loop
vertex 3.222025 -3.398307 1.250000
vertex 3.321044 -3.388554 1.250000
vertex 3.394009 -3.309511 1.250000
endloop
endfacet
facet normal 0 -0 1
outer loop
vertex 3.394009 -3.309511 1.250000
vertex 3.394009 -3.210013 1.250000
vertex 1.821977 -1.631904 1.250000
endloop
endfacet
facet normal 0 0 1
outer loop
vertex 1.821977 -1.631904 1.250000
vertex 1.722959 -1.622152 1.250000
vertex 1.638463 -1.688472 1.250000
endloop
endfacet
facet normal 0 0 1
outer loop
vertex 1.638463 -1.688472 1.250000
vertex 1.619052 -1.786058 1.250000
vertex 3.222025 -3.398307 1.250000
endloop
endfacet
facet normal 0 -0 1
outer loop
vertex 3.222025 -3.398307 1.250000
vertex 3.394009 -3.309511 1.250000
vertex 1.821977 -1.631904 1.250000
endloop
endfacet
facet normal 0 0 1
outer loop
vertex 3.222025 -3.398307 1.250000
vertex 1.821977 -1.631904 1.250000
vertex 1.638463 -1.688472 1.250000
endloop
endfacet
facet normal 0.524241 -0.475156 0.706681
outer loop
vertex -3.365828 -3.167839 1.250000
vertex -3.401184 -3.132483 1.300000
vertex -3.413046 -3.145571 1.300000
endloop
endfacet
facet normal 0.52424 -0.475158 0.706681
outer loop
vertex -3.365828 -3.167839 1.250000
vertex -3.413046 -3.145571 1.300000
vertex -3.374396 -3.177291 1.250000
endloop
endfacet
facet normal 0.568298 -0.421473 0.706681
outer loop
vertex -3.374396 -3.177291 1.250000
vertex -3.413046 -3.145571 1.300000
vertex -3.423569 -3.159760 1.300000
endloop
endfacet
facet normal 0.568298 -0.421473 0.706681
outer loop
vertex -3.374396 -3.177291 1.250000
vertex -3.423569 -3.159760 1.300000
vertex -3.381995 -3.187538 1.250000
endloop
endfacet
facet normal 0.606874 -0.363739 0.70668
outer loop
vertex -3.381995 -3.187538 1.250000
vertex -3.423569 -3.159760 1.300000
vertex -3.432650 -3.174911 1.300000
endloop
endfacet
facet normal 0.606875 -0.363739 0.706681
outer loop
vertex -3.381995 -3.187538 1.250000
vertex -3.432650 -3.174911 1.300000
vertex -3.388554 -3.198481 1.250000
endloop
endfacet
facet normal 0.639599 -0.302515 0.706681
outer loop
vertex -3.388554 -3.198481 1.250000
vertex -3.432650 -3.174911 1.300000
vertex -3.440203 -3.190879 1.300000
endloop
endfacet
facet normal 0.6396 -0.302511 0.706681
outer loop
vertex -3.388554 -3.198481 1.250000
vertex -3.440203 -3.190879 1.300000
vertex -3.394009 -3.210013 1.250000
endloop
endfacet
facet normal 0.666173 -0.238359 0.706681
outer loop
vertex -3.394009 -3.210013 1.250000
vertex -3.440203 -3.190879 1.300000
vertex -3.446154 -3.207511 1.300000
endloop
endfacet
facet normal 0.666173 -0.238361 0.706681
outer loop
vertex -3.394009 -3.210013 1.250000
vertex -3.446154 -3.207511 1.300000
vertex -3.398307 -3.222025 1.250000
endloop
endfacet
facet normal 0.686329 -0.171914 0.706681
outer loop
vertex -3.398307 -3.222025 1.250000
vertex -3.446154 -3.207511 1.300000
vertex -3.450446 -3.224646 1.300000
endloop
endfacet
facet normal 0.68633 -0.171906 0.706682
outer loop
vertex -3.398307 -3.222025 1.250000
vertex -3.450446 -3.224646 1.300000
vertex -3.401406 -3.234401 1.250000
endloop
endfacet
facet normal 0.699872 -0.103823 0.706682
outer loop
vertex -3.401406 -3.234401 1.250000
vertex -3.450446 -3.224646 1.300000
vertex -3.453038 -3.242119 1.300000
endloop
endfacet
facet normal 0.699872 -0.103824 0.706682
outer loop
vertex -3.401406 -3.234401 1.250000
vertex -3.453038 -3.242119 1.300000
vertex -3.403278 -3.247020 1.250000
endloop
endfacet
facet normal 0.706679 -0.0347133 0.706682
outer loop
vertex -3.403278 -3.247020 1.250000
vertex -3.453038 -3.242119 1.300000
vertex -3.453904 -3.259762 1.300000
endloop
endfacet
facet normal 0.70668 -0.0347231 0.70668
outer loop
vertex -3.403278 -3.247020 1.250000
vertex -3.453904 -3.259762 1.300000
vertex -3.403904 -3.259762 1.250000
endloop
endfacet
facet normal 0.706681 0.0347129 0.706681
outer loop
vertex -3.403904 -3.259762 1.250000
vertex -3.453904 -3.259762 1.300000
vertex -3.453038 -3.277406 1.300000
endloop
endfacet
facet normal 0.706679 0.0347224 0.706682
outer loop
vertex -3.403904 -3.259762 1.250000
vertex -3.453038 -3.277406 1.300000
vertex -3.403278 -3.272505 1.250000
endloop
endfacet
facet normal 0.699872 0.103823 0.706682
outer loop
vertex -3.403278 -3.272505 1.250000
vertex -3.453038 -3.277406 1.300000
vertex -3.450446 -3.294879 1.300000
endloop
endfacet
facet normal 0.699872 0.103824 0.706682
outer loop
vertex -3.403278 -3.272505 1.250000
vertex -3.450446 -3.294879 1.300000
vertex -3.401406 -3.285124 1.250000
endloop
endfacet
facet normal 0.686328 0.171914 0.706682
outer loop
vertex -3.401406 -3.285124 1.250000
vertex -3.450446 -3.294879 1.300000
vertex -3.446154 -3.312014 1.300000
endloop
endfacet
facet normal 0.686331 0.171907 0.706681
outer loop
vertex -3.401406 -3.285124 1.250000
vertex -3.446154 -3.312014 1.300000
vertex -3.398307 -3.297499 1.250000
endloop
endfacet
facet normal 0.666173 0.238359 0.706681
outer loop
vertex -3.398307 -3.297499 1.250000
vertex -3.446154 -3.312014 1.300000
vertex -3.440203 -3.328645 1.300000
endloop
endfacet
facet normal 0.66617 0.238365 0.706682
outer loop
vertex -3.398307 -3.297499 1.250000
vertex -3.440203 -3.328645 1.300000
vertex -3.394009 -3.309511 1.250000
endloop
endfacet
facet normal 0.639598 0.302514 0.706682
outer loop
vertex -3.394009 -3.309511 1.250000
vertex -3.440203 -3.328645 1.300000
vertex -3.432650 -3.344614 1.300000
endloop
endfacet
facet normal 0.639604 0.302507 0.70668
outer loop
vertex -3.394009 -3.309511 1.250000
vertex -3.432650 -3.344614 1.300000
vertex -3.388554 -3.321044 1.250000
endloop
endfacet
facet normal 0.606875 0.363739 0.706681
outer loop
vertex -3.388554 -3.321044 1.250000
vertex -3.432650 -3.344614 1.300000
vertex -3.423569 -3.359765 1.300000
endloop
endfacet
facet normal 0.60687 0.363744 0.706682
outer loop
vertex -3.388554 -3.321044 1.250000
vertex -3.423569 -3.359765 1.300000
vertex -3.381995 -3.331986 1.250000
endloop
endfacet
facet normal 0.568294 0.421477 0.706682
outer loop
vertex -3.381995 -3.331986 1.250000
vertex -3.423569 -3.359765 1.300000
vertex -3.413046 -3.373953 1.300000
endloop
endfacet
facet normal 0.568298 0.421473 0.706681
outer loop
vertex -3.381995 -3.331986 1.250000
vertex -3.413046 -3.373953 1.300000
vertex -3.374396 -3.342233 1.250000
endloop
endfacet
facet normal 0.524246 0.475151 0.706681
outer loop
vertex -3.374396 -3.342233 1.250000
vertex -3.413046 -3.373953 1.300000
vertex -3.401184 -3.387042 1.300000
endloop
endfacet
facet normal 0.524246 0.475151 0.706681
outer loop
vertex -3.374396 -3.342233 1.250000
vertex -3.401184 -3.387042 1.300000
vertex -3.365828 -3.351686 1.250000
endloop
endfacet
facet normal 0.499996 0.500004 0.707107
outer loop
vertex -3.365828 -3.351686 1.250000
vertex -3.401184 -3.387042 1.300000
vertex -3.387041 -3.401184 1.300000
endloop
endfacet
facet normal 0.500001 0.500001 0.707106
outer loop
vertex -3.365828 -3.351686 1.250000
vertex -3.387041 -3.401184 1.300000
vertex -3.351686 -3.365829 1.250000
endloop
endfacet
facet normal 0.475152 0.524247 0.70668
outer loop
vertex -3.351686 -3.365829 1.250000
vertex -3.387041 -3.401184 1.300000
vertex -3.373953 -3.413046 1.300000
endloop
endfacet
facet normal 0.475143 0.524252 0.706681
outer loop
vertex -3.351686 -3.365829 1.250000
vertex -3.373953 -3.413046 1.300000
vertex -3.342233 -3.374396 1.250000
endloop
endfacet
facet normal 0.421477 0.568295 0.706681
outer loop
vertex -3.342233 -3.374396 1.250000
vertex -3.373953 -3.413046 1.300000
vertex -3.359765 -3.423569 1.300000
endloop
endfacet
facet normal 0.421489 0.568288 0.706679
outer loop
vertex -3.342233 -3.374396 1.250000
vertex -3.359765 -3.423569 1.300000
vertex -3.331986 -3.381996 1.250000
endloop
endfacet
facet normal 0.363747 0.606871 0.706679
outer loop
vertex -3.331986 -3.381996 1.250000
vertex -3.359765 -3.423569 1.300000
vertex -3.344614 -3.432650 1.300000
endloop
endfacet
facet normal 0.363739 0.606875 0.706681
outer loop
vertex -3.331986 -3.381996 1.250000
vertex -3.344614 -3.432650 1.300000
vertex -3.321044 -3.388554 1.250000
endloop
endfacet
facet normal 0.302507 0.639603 0.70668
outer loop
vertex -3.321044 -3.388554 1.250000
vertex -3.344614 -3.432650 1.300000
vertex -3.328645 -3.440203 1.300000
endloop
endfacet
facet normal 0.302512 0.639602 0.70668
outer loop
vertex -3.321044 -3.388554 1.250000
vertex -3.328645 -3.440203 1.300000
vertex -3.309511 -3.394009 1.250000
endloop
endfacet
facet normal 0.23836 0.666175 0.70668
outer loop
vertex -3.309511 -3.394009 1.250000
vertex -3.328645 -3.440203 1.300000
vertex -3.312013 -3.446154 1.300000
endloop
endfacet
facet normal 0.238349 0.666177 0.706681
outer loop
vertex -3.309511 -3.394009 1.250000
vertex -3.312013 -3.446154 1.300000
vertex -3.297499 -3.398307 1.250000
endloop
endfacet
facet normal 0.171923 0.686327 0.706681
outer loop
vertex -3.297499 -3.398307 1.250000
vertex -3.312013 -3.446154 1.300000
vertex -3.294878 -3.450446 1.300000
endloop
endfacet
facet normal 0.171919 0.686327 0.706682
outer loop
vertex -3.297499 -3.398307 1.250000
vertex -3.294878 -3.450446 1.300000
vertex -3.285124 -3.401407 1.250000
endloop
endfacet
facet normal 0.103814 0.699874 0.706682
outer loop
vertex -3.285124 -3.401407 1.250000
vertex -3.294878 -3.450446 1.300000
vertex -3.277405 -3.453038 1.300000
endloop
endfacet
facet normal 0.103811 0.699874 0.706682
outer loop
vertex -3.285124 -3.401407 1.250000
vertex -3.277405 -3.453038 1.300000
vertex -3.272504 -3.403278 1.250000
endloop
endfacet
facet normal 0.0347133 0.706679 0.706682
outer loop
vertex -3.272504 -3.403278 1.250000
vertex -3.277405 -3.453038 1.300000
vertex -3.259762 -3.453904 1.300000
endloop
endfacet
facet normal 0.0347231 0.70668 0.70668
outer loop
vertex -3.272504 -3.403278 1.250000
vertex -3.259762 -3.453904 1.300000
vertex -3.259762 -3.403904 1.250000
endloop
endfacet
facet normal -0.0347129 0.706681 0.706681
outer loop
vertex -3.259762 -3.403904 1.250000
vertex -3.259762 -3.453904 1.300000
vertex -3.242119 -3.453038 1.300000
endloop
endfacet
facet normal -0.0347093 0.706681 0.70668
outer loop
vertex -3.259762 -3.403904 1.250000
vertex -3.242119 -3.453038 1.300000
vertex -3.247020 -3.403279 1.250000
endloop
endfacet
facet normal -0.103816 0.699875 0.70668
outer loop
vertex -3.247020 -3.403279 1.250000
vertex -3.242119 -3.453038 1.300000
vertex -3.224646 -3.450446 1.300000
endloop
endfacet
facet normal -0.103822 0.699873 0.706681
outer loop
vertex -3.247020 -3.403279 1.250000
vertex -3.224646 -3.450446 1.300000
vertex -3.234400 -3.401407 1.250000
endloop
endfacet
facet normal -0.171921 0.686327 0.706681
outer loop
vertex -3.234400 -3.401407 1.250000
vertex -3.224646 -3.450446 1.300000
vertex -3.207511 -3.446154 1.300000
endloop
endfacet
facet normal -0.171913 0.686331 0.70668
outer loop
vertex -3.234400 -3.401407 1.250000
vertex -3.207511 -3.446154 1.300000
vertex -3.222025 -3.398307 1.250000
endloop
endfacet
facet normal -0.238359 0.666174 0.70668
outer loop
vertex -3.222025 -3.398307 1.250000
vertex -3.207511 -3.446154 1.300000
vertex -3.190879 -3.440203 1.300000
endloop
endfacet
facet normal -0.238372 0.666167 0.706682
outer loop
vertex -3.222025 -3.398307 1.250000
vertex -3.190879 -3.440203 1.300000
vertex -3.210013 -3.394009 1.250000
endloop
endfacet
facet normal -0.302506 0.639602 0.706682
outer loop
vertex -3.210013 -3.394009 1.250000
vertex -3.190879 -3.440203 1.300000
vertex -3.174911 -3.432650 1.300000
endloop
endfacet
facet normal -0.302496 0.639609 0.70668
outer loop
vertex -3.210013 -3.394009 1.250000
vertex -3.174911 -3.432650 1.300000
vertex -3.198481 -3.388554 1.250000
endloop
endfacet
facet normal -0.363746 0.60687 0.70668
outer loop
vertex -3.198481 -3.388554 1.250000
vertex -3.174911 -3.432650 1.300000
vertex -3.159760 -3.423569 1.300000
endloop
endfacet
facet normal -0.363754 0.606864 0.706682
outer loop
vertex -3.198481 -3.388554 1.250000
vertex -3.159760 -3.423569 1.300000
vertex -3.187538 -3.381995 1.250000
endloop
endfacet
facet normal -0.421472 0.568298 0.706682
outer loop
vertex -3.187538 -3.381995 1.250000
vertex -3.159760 -3.423569 1.300000
vertex -3.145571 -3.413046 1.300000
endloop
endfacet
facet normal -0.421467 0.568303 0.706681
outer loop
vertex -3.187538 -3.381995 1.250000
vertex -3.145571 -3.413046 1.300000
vertex -3.177291 -3.374396 1.250000
endloop
endfacet
facet normal -0.475156 0.524242 0.706681
outer loop
vertex -3.177291 -3.374396 1.250000
vertex -3.145571 -3.413046 1.300000
vertex -3.132483 -3.401184 1.300000
endloop
endfacet
facet normal -0.475151 0.524248 0.70668
outer loop
vertex -3.177291 -3.374396 1.250000
vertex -3.132483 -3.401184 1.300000
vertex -3.167838 -3.365829 1.250000
endloop
endfacet
facet normal -0.500001 0.500001 0.707106
outer loop
vertex -3.167838 -3.365829 1.250000
vertex -3.132483 -3.401184 1.300000
vertex -1.619275 -1.887975 1.300000
endloop
endfacet
facet normal -0.5 0.5 0.707107
outer loop
vertex -3.167838 -3.365829 1.250000
vertex -1.619275 -1.887975 1.300000
vertex -1.654630 -1.852620 1.250000
endloop
endfacet
facet normal -0.524244 0.475153 0.706681
outer loop
vertex -1.654630 -1.852620 1.250000
vertex -1.619275 -1.887975 1.300000
vertex -1.607412 -1.874887 1.300000
endloop
endfacet
facet normal -0.524243 0.475154 0.706681
outer loop
vertex -1.654630 -1.852620 1.250000
vertex -1.607412 -1.874887 1.300000
vertex -1.646062 -1.843167 1.250000
endloop
endfacet
facet normal -0.568296 0.421476 0.706681
outer loop
vertex -1.646062 -1.843167 1.250000
vertex -1.607412 -1.874887 1.300000
vertex -1.596889 -1.860698 1.300000
endloop
endfacet
facet normal -0.568295 0.421478 0.706681
outer loop
vertex -1.646062 -1.843167 1.250000
vertex -1.596889 -1.860698 1.300000
vertex -1.638463 -1.832920 1.250000
endloop
endfacet
facet normal -0.606872 0.363742 0.706681
outer loop
vertex -1.638463 -1.832920 1.250000
vertex -1.596889 -1.860698 1.300000
vertex -1.587808 -1.845547 1.300000
endloop
endfacet
facet normal -0.606874 0.363738 0.706681
outer loop
vertex -1.638463 -1.832920 1.250000
vertex -1.587808 -1.845547 1.300000
vertex -1.631904 -1.821977 1.250000
endloop
endfacet
facet normal -0.639601 0.302511 0.706681
outer loop
vertex -1.631904 -1.821977 1.250000
vertex -1.587808 -1.845547 1.300000
vertex -1.580256 -1.829579 1.300000
endloop
endfacet
facet normal -0.639601 0.302509 0.706681
outer loop
vertex -1.631904 -1.821977 1.250000
vertex -1.580256 -1.829579 1.300000
vertex -1.626450 -1.810445 1.250000
endloop
endfacet
facet normal -0.666173 0.238359 0.706681
outer loop
vertex -1.626450 -1.810445 1.250000
vertex -1.580256 -1.829579 1.300000
vertex -1.574305 -1.812947 1.300000
endloop
endfacet
facet normal -0.666172 0.238363 0.706681
outer loop
vertex -1.626450 -1.810445 1.250000
vertex -1.574305 -1.812947 1.300000
vertex -1.622152 -1.798433 1.250000
endloop
endfacet
facet normal -0.686328 0.171919 0.706681
outer loop
vertex -1.622152 -1.798433 1.250000
vertex -1.574305 -1.812947 1.300000
vertex -1.570012 -1.795812 1.300000
endloop
endfacet
facet normal -0.686328 0.171914 0.706682
outer loop
vertex -1.622152 -1.798433 1.250000
vertex -1.570012 -1.795812 1.300000
vertex -1.619052 -1.786058 1.250000
endloop
endfacet
facet normal -0.699874 0.103814 0.706682
outer loop
vertex -1.619052 -1.786058 1.250000
vertex -1.570012 -1.795812 1.300000
vertex -1.567421 -1.778339 1.300000
endloop
endfacet
facet normal -0.699874 0.103817 0.706681
outer loop
vertex -1.619052 -1.786058 1.250000
vertex -1.567421 -1.778339 1.300000
vertex -1.617180 -1.773438 1.250000
endloop
endfacet
facet normal -0.70668 0.0347181 0.706681
outer loop
vertex -1.617180 -1.773438 1.250000
vertex -1.567421 -1.778339 1.300000
vertex -1.566554 -1.760696 1.300000
endloop
endfacet
facet normal -0.70668 0.0347231 0.70668
outer loop
vertex -1.617180 -1.773438 1.250000
vertex -1.566554 -1.760696 1.300000
vertex -1.616554 -1.760696 1.250000
endloop
endfacet
facet normal -0.706681 -0.0347177 0.706681
outer loop
vertex -1.616554 -1.760696 1.250000
vertex -1.566554 -1.760696 1.300000
vertex -1.567421 -1.743053 1.300000
endloop
endfacet
facet normal -0.70668 -0.0347224 0.706681
outer loop
vertex -1.616554 -1.760696 1.250000
vertex -1.567421 -1.743053 1.300000
vertex -1.617180 -1.747954 1.250000
endloop
endfacet
facet normal -0.699874 -0.103814 0.706681
outer loop
vertex -1.617180 -1.747954 1.250000
vertex -1.567421 -1.743053 1.300000
vertex -1.570012 -1.725580 1.300000
endloop
endfacet
facet normal -0.699873 -0.103817 0.706682
outer loop
vertex -1.617180 -1.747954 1.250000
vertex -1.570012 -1.725580 1.300000
vertex -1.619052 -1.735334 1.250000
endloop
endfacet
facet normal -0.686327 -0.171918 0.706682
outer loop
vertex -1.619052 -1.735334 1.250000
vertex -1.570012 -1.725580 1.300000
vertex -1.574305 -1.708445 1.300000
endloop
endfacet
facet normal -0.686329 -0.171913 0.706681
outer loop
vertex -1.619052 -1.735334 1.250000
vertex -1.574305 -1.708445 1.300000
vertex -1.622152 -1.722959 1.250000
endloop
endfacet
facet normal -0.666173 -0.238359 0.706681
outer loop
vertex -1.622152 -1.722959 1.250000
vertex -1.574305 -1.708445 1.300000
vertex -1.580256 -1.691813 1.300000
endloop
endfacet
facet normal -0.666173 -0.238359 0.706681
outer loop
vertex -1.622152 -1.722959 1.250000
vertex -1.580256 -1.691813 1.300000
vertex -1.626449 -1.710947 1.250000
endloop
endfacet
facet normal -0.639599 -0.302515 0.706681
outer loop
vertex -1.626449 -1.710947 1.250000
vertex -1.580256 -1.691813 1.300000
vertex -1.587808 -1.675844 1.300000
endloop
endfacet
facet normal -0.639601 -0.302512 0.70668
outer loop
vertex -1.626449 -1.710947 1.250000
vertex -1.587808 -1.675844 1.300000
vertex -1.631904 -1.699414 1.250000
endloop
endfacet
facet normal -0.606875 -0.363739 0.706681
outer loop
vertex -1.631904 -1.699414 1.250000
vertex -1.587808 -1.675844 1.300000
vertex -1.596889 -1.660693 1.300000
endloop
endfacet
facet normal -0.606872 -0.363741 0.706681
outer loop
vertex -1.631904 -1.699414 1.250000
vertex -1.596889 -1.660693 1.300000
vertex -1.638463 -1.688472 1.250000
endloop
endfacet
facet normal -0.568292 -0.42148 0.706681
outer loop
vertex -1.638463 -1.688472 1.250000
vertex -1.596889 -1.660693 1.300000
vertex -1.607412 -1.646505 1.300000
endloop
endfacet
facet normal -0.568292 -0.421481 0.706681
outer loop
vertex -1.638463 -1.688472 1.250000
vertex -1.607412 -1.646505 1.300000
vertex -1.646062 -1.678225 1.250000
endloop
endfacet
facet normal -0.524248 -0.475148 0.706681
outer loop
vertex -1.646062 -1.678225 1.250000
vertex -1.607412 -1.646505 1.300000
vertex -1.619275 -1.633417 1.300000
endloop
endfacet
facet normal -0.524249 -0.475147 0.706681
outer loop
vertex -1.646062 -1.678225 1.250000
vertex -1.619275 -1.633417 1.300000
vertex -1.654630 -1.668772 1.250000
endloop
endfacet
facet normal -0.499998 -0.500002 0.707107
outer loop
vertex -1.654630 -1.668772 1.250000
vertex -1.619275 -1.633417 1.300000
vertex -1.633417 -1.619274 1.300000
endloop
endfacet
facet normal -0.5 -0.5 0.707106
outer loop
vertex -1.654630 -1.668772 1.250000
vertex -1.633417 -1.619274 1.300000
vertex -1.668772 -1.654630 1.250000
endloop
endfacet
facet normal -0.475151 -0.524247 0.70668
outer loop
vertex -1.668772 -1.654630 1.250000
vertex -1.633417 -1.619274 1.300000
vertex -1.646505 -1.607412 1.300000
endloop
endfacet
facet normal -0.475147 -0.524249 0.706681
outer loop
vertex -1.668772 -1.654630 1.250000
vertex -1.646505 -1.607412 1.300000
vertex -1.678225 -1.646062 1.250000
endloop
endfacet
facet normal -0.421475 -0.568297 0.706681
outer loop
vertex -1.678225 -1.646062 1.250000
vertex -1.646505 -1.607412 1.300000
vertex -1.660693 -1.596889 1.300000
endloop
endfacet
facet normal -0.421481 -0.568293 0.70668
outer loop
vertex -1.678225 -1.646062 1.250000
vertex -1.660693 -1.596889 1.300000
vertex -1.688472 -1.638463 1.250000
endloop
endfacet
facet normal -0.363746 -0.606871 0.70668
outer loop
vertex -1.688472 -1.638463 1.250000
vertex -1.660693 -1.596889 1.300000
vertex -1.675845 -1.587808 1.300000
endloop
endfacet
facet normal -0.363744 -0.606872 0.70668
outer loop
vertex -1.688472 -1.638463 1.250000
vertex -1.675845 -1.587808 1.300000
vertex -1.699414 -1.631904 1.250000
endloop
endfacet
facet normal -0.302507 -0.639603 0.70668
outer loop
vertex -1.699414 -1.631904 1.250000
vertex -1.675845 -1.587808 1.300000
vertex -1.691813 -1.580256 1.300000
endloop
endfacet
facet normal -0.302509 -0.639603 0.70668
outer loop
vertex -1.699414 -1.631904 1.250000
vertex -1.691813 -1.580256 1.300000
vertex -1.710947 -1.626449 1.250000
endloop
endfacet
facet normal -0.238364 -0.666173 0.70668
outer loop
vertex -1.710947 -1.626449 1.250000
vertex -1.691813 -1.580256 1.300000
vertex -1.708445 -1.574304 1.300000
endloop
endfacet
facet normal -0.238351 -0.666175 0.706682
outer loop
vertex -1.710947 -1.626449 1.250000
vertex -1.708445 -1.574304 1.300000
vertex -1.722959 -1.622152 1.250000
endloop
endfacet
facet normal -0.171918 -0.686327 0.706682
outer loop
vertex -1.722959 -1.622152 1.250000
vertex -1.708445 -1.574304 1.300000
vertex -1.725580 -1.570012 1.300000
endloop
endfacet
facet normal -0.171921 -0.686327 0.706681
outer loop
vertex -1.722959 -1.622152 1.250000
vertex -1.725580 -1.570012 1.300000
vertex -1.735334 -1.619052 1.250000
endloop
endfacet
facet normal -0.103814 -0.699874 0.706682
outer loop
vertex -1.735334 -1.619052 1.250000
vertex -1.725580 -1.570012 1.300000
vertex -1.743053 -1.567420 1.300000
endloop
endfacet
facet normal -0.103818 -0.699874 0.706681
outer loop
vertex -1.735334 -1.619052 1.250000
vertex -1.743053 -1.567420 1.300000
vertex -1.747954 -1.617180 1.250000
endloop
endfacet
facet normal -0.0347131 -0.70668 0.706681
outer loop
vertex -1.747954 -1.617180 1.250000
vertex -1.743053 -1.567420 1.300000
vertex -1.760696 -1.566554 1.300000
endloop
endfacet
facet normal -0.0347162 -0.706681 0.706681
outer loop
vertex -1.747954 -1.617180 1.250000
vertex -1.760696 -1.566554 1.300000
vertex -1.760696 -1.616554 1.250000
endloop
endfacet
facet normal 0.0347131 -0.706681 0.706681
outer loop
vertex -1.760696 -1.616554 1.250000
vertex -1.760696 -1.566554 1.300000
vertex -1.778339 -1.567420 1.300000
endloop
endfacet
facet normal 0.0347093 -0.706681 0.70668
outer loop
vertex -1.760696 -1.616554 1.250000
vertex -1.778339 -1.567420 1.300000
vertex -1.773438 -1.617180 1.250000
endloop
endfacet
facet normal 0.103815 -0.699875 0.70668
outer loop
vertex -1.773438 -1.617180 1.250000
vertex -1.778339 -1.567420 1.300000
vertex -1.795812 -1.570012 1.300000
endloop
endfacet
facet normal 0.103823 -0.699873 0.706682
outer loop
vertex -1.773438 -1.617180 1.250000
vertex -1.795812 -1.570012 1.300000
vertex -1.786058 -1.619052 1.250000
endloop
endfacet
facet normal 0.171917 -0.686328 0.706681
outer loop
vertex -1.786058 -1.619052 1.250000
vertex -1.795812 -1.570012 1.300000
vertex -1.812947 -1.574304 1.300000
endloop
endfacet
facet normal 0.171916 -0.686328 0.706681
outer loop
vertex -1.786058 -1.619052 1.250000
vertex -1.812947 -1.574304 1.300000
vertex -1.798433 -1.622151 1.250000
endloop
endfacet
facet normal 0.238363 -0.666172 0.706681
outer loop
vertex -1.798433 -1.622151 1.250000
vertex -1.812947 -1.574304 1.300000
vertex -1.829579 -1.580256 1.300000
endloop
endfacet
facet normal 0.238363 -0.666172 0.706681
outer loop
vertex -1.798433 -1.622151 1.250000
vertex -1.829579 -1.580256 1.300000
vertex -1.810445 -1.626449 1.250000
endloop
endfacet
facet normal 0.302507 -0.639603 0.706681
outer loop
vertex -1.810445 -1.626449 1.250000
vertex -1.829579 -1.580256 1.300000
vertex -1.845547 -1.587808 1.300000
endloop
endfacet
facet normal 0.302501 -0.639606 0.70668
outer loop
vertex -1.810445 -1.626449 1.250000
vertex -1.845547 -1.587808 1.300000
vertex -1.821978 -1.631904 1.250000
endloop
endfacet
facet normal 0.363746 -0.60687 0.70668
outer loop
vertex -1.821978 -1.631904 1.250000
vertex -1.845547 -1.587808 1.300000
vertex -1.860699 -1.596889 1.300000
endloop
endfacet
facet normal 0.363754 -0.606864 0.706682
outer loop
vertex -1.821978 -1.631904 1.250000
vertex -1.860699 -1.596889 1.300000
vertex -1.832920 -1.638463 1.250000
endloop
endfacet
facet normal 0.421475 -0.568296 0.706682
outer loop
vertex -1.832920 -1.638463 1.250000
vertex -1.860699 -1.596889 1.300000
vertex -1.874887 -1.607412 1.300000
endloop
endfacet
facet normal 0.42147 -0.5683 0.706681
outer loop
vertex -1.832920 -1.638463 1.250000
vertex -1.874887 -1.607412 1.300000
vertex -1.843167 -1.646062 1.250000
endloop
endfacet
facet normal 0.475151 -0.524246 0.706681
outer loop
vertex -1.843167 -1.646062 1.250000
vertex -1.874887 -1.607412 1.300000
vertex -1.887975 -1.619274 1.300000
endloop
endfacet
facet normal 0.47515 -0.524246 0.706681
outer loop
vertex -1.843167 -1.646062 1.250000
vertex -1.887975 -1.619274 1.300000
vertex -1.852620 -1.654630 1.250000
endloop
endfacet
facet normal 0.5 -0.5 0.707107
outer loop
vertex -1.852620 -1.654630 1.250000
vertex -1.887975 -1.619274 1.300000
vertex -3.401184 -3.132483 1.300000
endloop
endfacet
facet normal 0.5 -0.5 0.707107
outer loop
vertex -1.852620 -1.654630 1.250000
vertex -3.401184 -3.132483 1.300000
vertex -3.365828 -3.167839 1.250000
endloop
endfacet
facet normal 0.740943 -0.671568 0
outer loop
vertex -3.413046 -3.145571 1.773015
vertex -3.413046 -3.145571 1.300000
vertex -3.401184 -3.132483 1.300000
endloop
endfacet
facet normal 0.740943 -0.671568 0
outer loop
vertex -3.413046 -3.145571 1.773015
vertex -3.401184 -3.132483 1.300000
vertex -3.401184 -3.132483 1.769593
endloop
endfacet
facet normal 0.803212 -0.595694 0
outer loop
vertex -3.423569 -3.159760 1.776388
vertex -3.423569 -3.159760 1.300000
vertex -3.413046 -3.145571 1.300000
endloop
endfacet
facet normal 0.803212 -0.595694 0
outer loop
vertex -3.423569 -3.159760 1.776388
vertex -3.413046 -3.145571 1.300000
vertex -3.413046 -3.145571 1.773015
endloop
endfacet
facet normal 0.857733 -0.514095 0
outer loop
vertex -3.432650 -3.174911 1.779679
vertex -3.432650 -3.174911 1.300000
vertex -3.423569 -3.159760 1.300000
endloop
endfacet
facet normal 0.857733 -0.514095 0
outer loop
vertex -3.432650 -3.174911 1.779679
vertex -3.423569 -3.159760 1.300000
vertex -3.423569 -3.159760 1.776388
endloop
endfacet
facet normal 0.903986 -0.427563 0
outer loop
vertex -3.440203 -3.190879 1.782856
vertex -3.440203 -3.190879 1.300000
vertex -3.432650 -3.174911 1.300000
endloop
endfacet
facet normal 0.903986 -0.427563 0
outer loop
vertex -3.440203 -3.190879 1.782856
vertex -3.432650 -3.174911 1.300000
vertex -3.432650 -3.174911 1.779679
endloop
endfacet
facet normal 0.941545 -0.336888 0
outer loop
vertex -3.446154 -3.207511 1.785889
vertex -3.446154 -3.207511 1.300000
vertex -3.440203 -3.190879 1.300000
endloop
endfacet
facet normal 0.941545 -0.336888 0
outer loop
vertex -3.446154 -3.207511 1.785889
vertex -3.440203 -3.190879 1.300000
vertex -3.440203 -3.190879 1.782856
endloop
endfacet
facet normal 0.970032 -0.242977 0
outer loop
vertex -3.450446 -3.224646 1.788748
vertex -3.450446 -3.224646 1.300000
vertex -3.446154 -3.207511 1.300000
endloop
endfacet
facet normal 0.970032 -0.242977 0
outer loop
vertex -3.450446 -3.224646 1.788748
vertex -3.446154 -3.207511 1.300000
vertex -3.446154 -3.207511 1.785889
endloop
endfacet
facet normal 0.989175 -0.14674 0
outer loop
vertex -3.453038 -3.242119 1.791406
vertex -3.453038 -3.242119 1.300000
vertex -3.450446 -3.224646 1.300000
endloop
endfacet
facet normal 0.989175 -0.14674 0
outer loop
vertex -3.453038 -3.242119 1.791406
vertex -3.450446 -3.224646 1.300000
vertex -3.450446 -3.224646 1.788748
endloop
endfacet
facet normal 0.998796 -0.0490625 0
outer loop
vertex -3.453904 -3.259762 1.793838
vertex -3.453904 -3.259762 1.300000
vertex -3.453038 -3.242119 1.300000
endloop
endfacet
facet normal 0.998796 -0.0490625 0
outer loop
vertex -3.453904 -3.259762 1.793838
vertex -3.453038 -3.242119 1.300000
vertex -3.453038 -3.242119 1.791406
endloop
endfacet
facet normal 0.998796 0.0490618 0
outer loop
vertex -3.453038 -3.277406 1.796019
vertex -3.453038 -3.277406 1.300000
vertex -3.453904 -3.259762 1.300000
endloop
endfacet
facet normal 0.998796 0.0490618 0
outer loop
vertex -3.453038 -3.277406 1.796019
vertex -3.453904 -3.259762 1.300000
vertex -3.453904 -3.259762 1.793838
endloop
endfacet
facet normal 0.989175 0.14674 0
outer loop
vertex -3.450446 -3.294879 1.797930
vertex -3.450446 -3.294879 1.300000
vertex -3.453038 -3.277406 1.300000
endloop
endfacet
facet normal 0.989175 0.14674 0
outer loop
vertex -3.450446 -3.294879 1.797930
vertex -3.453038 -3.277406 1.300000
vertex -3.453038 -3.277406 1.796019
endloop
endfacet
facet normal 0.970032 0.242977 0
outer loop
vertex -3.446154 -3.312014 1.799551
vertex -3.446154 -3.312014 1.300000
vertex -3.450446 -3.294879 1.300000
endloop
endfacet
facet normal 0.970032 0.242977 0
outer loop
vertex -3.446154 -3.312014 1.799551
vertex -3.450446 -3.294879 1.300000
vertex -3.450446 -3.294879 1.797930
endloop
endfacet
facet normal 0.941545 0.336888 0
outer loop
vertex -3.440203 -3.328645 1.800867
vertex -3.440203 -3.328645 1.300000
vertex -3.446154 -3.312014 1.300000
endloop
endfacet
facet normal 0.941545 0.336888 0
outer loop
vertex -3.440203 -3.328645 1.800867
vertex -3.446154 -3.312014 1.300000
vertex -3.446154 -3.312014 1.799551
endloop
endfacet
facet normal 0.903986 0.427563 0
outer loop
vertex -3.432650 -3.344614 1.801865
vertex -3.432650 -3.344614 1.300000
vertex -3.440203 -3.328645 1.300000
endloop
endfacet
facet normal 0.903986 0.427563 0
outer loop
vertex -3.432650 -3.344614 1.801865
vertex -3.440203 -3.328645 1.300000
vertex -3.440203 -3.328645 1.800867
endloop
endfacet
facet normal 0.857733 0.514095 0
outer loop
vertex -3.423569 -3.359765 1.802536
vertex -3.423569 -3.359765 1.300000
vertex -3.432650 -3.344614 1.300000
endloop
endfacet
facet normal 0.857733 0.514095 0
outer loop
vertex -3.423569 -3.359765 1.802536
vertex -3.432650 -3.344614 1.300000
vertex -3.432650 -3.344614 1.801865
endloop
endfacet
facet normal 0.803207 0.5957 0
outer loop
vertex -3.413046 -3.373953 1.802873
vertex -3.413046 -3.373953 1.300000
vertex -3.423569 -3.359765 1.300000
endloop
endfacet
facet normal 0.803207 0.5957 0
outer loop
vertex -3.413046 -3.373953 1.802873
vertex -3.423569 -3.359765 1.300000
vertex -3.423569 -3.359765 1.802536
endloop
endfacet
facet normal 0.740949 0.671561 0
outer loop
vertex -3.401184 -3.387042 1.802873
vertex -3.401184 -3.387042 1.300000
vertex -3.413046 -3.373953 1.300000
endloop
endfacet
facet normal 0.740949 0.671561 0
outer loop
vertex -3.401184 -3.387042 1.802873
vertex -3.413046 -3.373953 1.300000
vertex -3.413046 -3.373953 1.802873
endloop
endfacet
facet normal 0.707095 0.707119 0
outer loop
vertex -3.394113 -3.394113 1.802778
vertex -3.387041 -3.401184 1.802873
vertex -3.387041 -3.401184 1.300000
endloop
endfacet
facet normal 0.707101 0.707113 0
outer loop
vertex -3.387041 -3.401184 1.300000
vertex -3.401184 -3.387042 1.300000
vertex -3.401184 -3.387042 1.802873
endloop
endfacet
facet normal 0.707107 0.707107 3.35805e-07
outer loop
vertex -3.387041 -3.401184 1.300000
vertex -3.401184 -3.387042 1.802873
vertex -3.394113 -3.394113 1.802778
endloop
endfacet
facet normal 0.671561 0.740949 0
outer loop
vertex -3.373953 -3.413046 1.300000
vertex -3.387041 -3.401184 1.300000
vertex -3.387041 -3.401184 1.802873
endloop
endfacet
facet normal 0.671561 0.740949 -0
outer loop
vertex -3.373953 -3.413046 1.300000
vertex -3.387041 -3.401184 1.802873
vertex -3.373953 -3.413046 1.802873
endloop
endfacet
facet normal 0.5957 0.803207 0
outer loop
vertex -3.359765 -3.423569 1.300000
vertex -3.373953 -3.413046 1.300000
vertex -3.373953 -3.413046 1.802873
endloop
endfacet
facet normal 0.5957 0.803207 -0
outer loop
vertex -3.359765 -3.423569 1.300000
vertex -3.373953 -3.413046 1.802873
vertex -3.359765 -3.423569 1.802536
endloop
endfacet
facet normal 0.514105 0.857727 0
outer loop
vertex -3.344614 -3.432650 1.300000
vertex -3.359765 -3.423569 1.300000
vertex -3.359765 -3.423569 1.802536
endloop
endfacet
facet normal 0.514105 0.857727 -0
outer loop
vertex -3.344614 -3.432650 1.300000
vertex -3.359765 -3.423569 1.802536
vertex -3.344614 -3.432650 1.801865
endloop
endfacet
facet normal 0.427552 0.903991 0
outer loop
vertex -3.328645 -3.440203 1.300000
vertex -3.344614 -3.432650 1.300000
vertex -3.344614 -3.432650 1.801865
endloop
endfacet
facet normal 0.427552 0.903991 -0
outer loop
vertex -3.328645 -3.440203 1.300000
vertex -3.344614 -3.432650 1.801865
vertex -3.328645 -3.440203 1.800867
endloop
endfacet
facet normal 0.336888 0.941545 0
outer loop
vertex -3.312013 -3.446154 1.300000
vertex -3.328645 -3.440203 1.300000
vertex -3.328645 -3.440203 1.800867
endloop
endfacet
facet normal 0.336888 0.941545 -0
outer loop
vertex -3.312013 -3.446154 1.300000
vertex -3.328645 -3.440203 1.800867
vertex -3.312013 -3.446154 1.799551
endloop
endfacet
facet normal 0.24299 0.970029 0
outer loop
vertex -3.294878 -3.450446 1.300000
vertex -3.312013 -3.446154 1.300000
vertex -3.312013 -3.446154 1.799551
endloop
endfacet
facet normal 0.24299 0.970029 -0
outer loop
vertex -3.294878 -3.450446 1.300000
vertex -3.312013 -3.446154 1.799551
vertex -3.294878 -3.450446 1.797930
endloop
endfacet
facet normal 0.146727 0.989177 0
outer loop
vertex -3.277405 -3.453038 1.300000
vertex -3.294878 -3.450446 1.300000
vertex -3.294878 -3.450446 1.797930
endloop
endfacet
facet normal 0.146727 0.989177 -0
outer loop
vertex -3.277405 -3.453038 1.300000
vertex -3.294878 -3.450446 1.797930
vertex -3.277405 -3.453038 1.796019
endloop
endfacet
facet normal 0.0490625 0.998796 0
outer loop
vertex -3.259762 -3.453904 1.300000
vertex -3.277405 -3.453038 1.300000
vertex -3.277405 -3.453038 1.796019
endloop
endfacet
facet normal 0.0490625 0.998796 -0
outer loop
vertex -3.259762 -3.453904 1.300000
vertex -3.277405 -3.453038 1.796019
vertex -3.259762 -3.453904 1.793838
endloop
endfacet
facet normal -0.0490618 0.998796 0
outer loop
vertex -3.242119 -3.453038 1.300000
vertex -3.259762 -3.453904 1.300000
vertex -3.259762 -3.453904 1.793838
endloop
endfacet
facet normal -0.0490618 0.998796 0
outer loop
vertex -3.242119 -3.453038 1.300000
vertex -3.259762 -3.453904 1.793838
vertex -3.242119 -3.453038 1.791406
endloop
endfacet
facet normal -0.146729 0.989177 0
outer loop
vertex -3.224646 -3.450446 1.300000
vertex -3.242119 -3.453038 1.300000
vertex -3.242119 -3.453038 1.791406
endloop
endfacet
facet normal -0.146729 0.989177 0
outer loop
vertex -3.224646 -3.450446 1.300000
vertex -3.242119 -3.453038 1.791406
vertex -3.224646 -3.450446 1.788748
endloop
endfacet
facet normal -0.242987 0.97003 0
outer loop
vertex -3.207511 -3.446154 1.300000
vertex -3.224646 -3.450446 1.300000
vertex -3.224646 -3.450446 1.788748
endloop
endfacet
facet normal -0.242987 0.97003 0
outer loop
vertex -3.207511 -3.446154 1.300000
vertex -3.224646 -3.450446 1.788748
vertex -3.207511 -3.446154 1.785889
endloop
endfacet
facet normal -0.336888 0.941545 0
outer loop
vertex -3.190879 -3.440203 1.300000
vertex -3.207511 -3.446154 1.300000
vertex -3.207511 -3.446154 1.785889
endloop
endfacet
facet normal -0.336888 0.941545 0
outer loop
vertex -3.190879 -3.440203 1.300000
vertex -3.207511 -3.446154 1.785889
vertex -3.190879 -3.440203 1.782856
endloop
endfacet
facet normal -0.427552 0.903991 0
outer loop
vertex -3.174911 -3.432650 1.300000
vertex -3.190879 -3.440203 1.300000
vertex -3.190879 -3.440203 1.782856
endloop
endfacet
facet normal -0.427552 0.903991 0
outer loop
vertex -3.174911 -3.432650 1.300000
vertex -3.190879 -3.440203 1.782856
vertex -3.174911 -3.432650 1.779679
endloop
endfacet
facet normal -0.514105 0.857727 0
outer loop
vertex -3.159760 -3.423569 1.300000
vertex -3.174911 -3.432650 1.300000
vertex -3.174911 -3.432650 1.779679
endloop
endfacet
facet normal -0.514105 0.857727 0
outer loop
vertex -3.159760 -3.423569 1.300000
vertex -3.174911 -3.432650 1.779679
vertex -3.159760 -3.423569 1.776388
endloop
endfacet
facet normal -0.595694 0.803212 0
outer loop
vertex -3.145571 -3.413046 1.300000
vertex -3.159760 -3.423569 1.300000
vertex -3.159760 -3.423569 1.776388
endloop
endfacet
facet normal -0.595694 0.803212 0
outer loop
vertex -3.145571 -3.413046 1.300000
vertex -3.159760 -3.423569 1.776388
vertex -3.145571 -3.413046 1.773015
endloop
endfacet
facet normal -0.671568 0.740943 0
outer loop
vertex -3.132483 -3.401184 1.300000
vertex -3.145571 -3.413046 1.300000
vertex -3.145571 -3.413046 1.773015
endloop
endfacet
facet normal -0.671568 0.740943 0
outer loop
vertex -3.132483 -3.401184 1.300000
vertex -3.145571 -3.413046 1.773015
vertex -3.132483 -3.401184 1.769593
endloop
endfacet
facet normal -0.707107 0.707107 0
outer loop
vertex -2.333923 -2.602624 1.550000
vertex -1.619275 -1.887975 1.506058
vertex -1.619275 -1.887975 1.300000
endloop
endfacet
facet normal -0.707107 0.707107 0
outer loop
vertex -1.619275 -1.887975 1.300000
vertex -3.132483 -3.401184 1.300000
vertex -3.132483 -3.401184 1.769593
endloop
endfacet
facet normal -0.707107 0.707106 -3.94742e-06
outer loop
vertex -1.619275 -1.887975 1.300000
vertex -3.132483 -3.401184 1.769593
vertex -2.333923 -2.602624 1.550000
endloop
endfacet
facet normal -0.740947 0.671564 0
outer loop
vertex -1.607412 -1.874887 1.300000
vertex -1.619275 -1.887975 1.300000
vertex -1.619275 -1.887975 1.506058
endloop
endfacet
facet normal -0.740947 0.671564 0
outer loop
vertex -1.607412 -1.874887 1.300000
vertex -1.619275 -1.887975 1.506058
vertex -1.607412 -1.874887 1.505289
endloop
endfacet
facet normal -0.803208 0.595698 0
outer loop
vertex -1.596889 -1.860698 1.300000
vertex -1.607412 -1.874887 1.300000
vertex -1.607412 -1.874887 1.505289
endloop
endfacet
facet normal -0.803208 0.595698 0
outer loop
vertex -1.596889 -1.860698 1.300000
vertex -1.607412 -1.874887 1.505289
vertex -1.596889 -1.860698 1.504524
endloop
endfacet
facet normal -0.857731 0.5141 0
outer loop
vertex -1.587808 -1.845547 1.300000
vertex -1.596889 -1.860698 1.300000
vertex -1.596889 -1.860698 1.504524
endloop
endfacet
facet normal -0.85773 0.5141 0
outer loop
vertex -1.587808 -1.845547 1.300000
vertex -1.596889 -1.860698 1.504524
vertex -1.587808 -1.845547 1.503770
endloop
endfacet
facet normal -0.903988 0.427557 0
outer loop
vertex -1.580256 -1.829579 1.300000
vertex -1.587808 -1.845547 1.300000
vertex -1.587808 -1.845547 1.503770
endloop
endfacet
facet normal -0.903988 0.427557 0
outer loop
vertex -1.580256 -1.829579 1.300000
vertex -1.587808 -1.845547 1.503770
vertex -1.580256 -1.829579 1.503034
endloop
endfacet
facet normal -0.941545 0.336888 0
outer loop
vertex -1.574305 -1.812947 1.300000
vertex -1.580256 -1.829579 1.300000
vertex -1.580256 -1.829579 1.503034
endloop
endfacet
facet normal -0.941545 0.336888 0
outer loop
vertex -1.574305 -1.812947 1.300000
vertex -1.580256 -1.829579 1.503034
vertex -1.574305 -1.812947 1.502323
endloop
endfacet
facet normal -0.97003 0.242983 0
outer loop
vertex -1.570012 -1.795812 1.300000
vertex -1.574305 -1.812947 1.300000
vertex -1.574305 -1.812947 1.502323
endloop
endfacet
facet normal -0.97003 0.242983 0
outer loop
vertex -1.570012 -1.795812 1.300000
vertex -1.574305 -1.812947 1.502323
vertex -1.570012 -1.795812 1.501645
endloop
endfacet
facet normal -0.989177 0.146727 0
outer loop
vertex -1.567421 -1.778339 1.300000
vertex -1.570012 -1.795812 1.300000
vertex -1.570012 -1.795812 1.501645
endloop
endfacet
facet normal -0.989177 0.146727 0
outer loop
vertex -1.567421 -1.778339 1.300000
vertex -1.570012 -1.795812 1.501645
vertex -1.567421 -1.778339 1.501006
endloop
endfacet
facet normal -0.998795 0.0490692 0
outer loop
vertex -1.566554 -1.760696 1.300000
vertex -1.567421 -1.778339 1.300000
vertex -1.567421 -1.778339 1.501006
endloop
endfacet
facet normal -0.998795 0.0490692 0
outer loop
vertex -1.566554 -1.760696 1.300000
vertex -1.567421 -1.778339 1.501006
vertex -1.566554 -1.760696 1.500412
endloop
endfacet
facet normal -0.998795 -0.0490685 0
outer loop
vertex -1.567421 -1.743053 1.300000
vertex -1.566554 -1.760696 1.300000
vertex -1.566554 -1.760696 1.500412
endloop
endfacet
facet normal -0.998795 -0.0490685 0
outer loop
vertex -1.567421 -1.743053 1.300000
vertex -1.566554 -1.760696 1.500412
vertex -1.567421 -1.743053 1.499868
endloop
endfacet
facet normal -0.989177 -0.146727 0
outer loop
vertex -1.570012 -1.725580 1.300000
vertex -1.567421 -1.743053 1.300000
vertex -1.567421 -1.743053 1.499868
endloop
endfacet
facet normal -0.989177 -0.146727 0
outer loop
vertex -1.570012 -1.725580 1.300000
vertex -1.567421 -1.743053 1.499868
vertex -1.570012 -1.725580 1.499380
endloop
endfacet
facet normal -0.97003 -0.242983 0
outer loop
vertex -1.574305 -1.708445 1.300000
vertex -1.570012 -1.725580 1.300000
vertex -1.570012 -1.725580 1.499380
endloop
endfacet
facet normal -0.97003 -0.242983 0
outer loop
vertex -1.574305 -1.708445 1.300000
vertex -1.570012 -1.725580 1.499380
vertex -1.574305 -1.708445 1.498953
endloop
endfacet
facet normal -0.941545 -0.336888 0
outer loop
vertex -1.580256 -1.691813 1.300000
vertex -1.574305 -1.708445 1.300000
vertex -1.574305 -1.708445 1.498953
endloop
endfacet
facet normal -0.941545 -0.336888 0
outer loop
vertex -1.580256 -1.691813 1.300000
vertex -1.574305 -1.708445 1.498953
vertex -1.580256 -1.691813 1.498590
endloop
endfacet
facet normal -0.903986 -0.427563 0
outer loop
vertex -1.587808 -1.675844 1.300000
vertex -1.580256 -1.691813 1.300000
vertex -1.580256 -1.691813 1.498590
endloop
endfacet
facet normal -0.903986 -0.427563 0
outer loop
vertex -1.587808 -1.675844 1.300000
vertex -1.580256 -1.691813 1.498590
vertex -1.587808 -1.675844 1.498296
endloop
endfacet
facet normal -0.857733 -0.514095 0
outer loop
vertex -1.596889 -1.660693 1.300000
vertex -1.587808 -1.675844 1.300000
vertex -1.587808 -1.675844 1.498296
endloop
endfacet
facet normal -0.857733 -0.514095 0
outer loop
vertex -1.596889 -1.660693 1.300000
vertex -1.587808 -1.675844 1.498296
vertex -1.596889 -1.660693 1.498073
endloop
endfacet
facet normal -0.803203 -0.595705 0
outer loop
vertex -1.607412 -1.646505 1.300000
vertex -1.596889 -1.660693 1.300000
vertex -1.596889 -1.660693 1.498073
endloop
endfacet
facet normal -0.803204 -0.595705 0
outer loop
vertex -1.607412 -1.646505 1.300000
vertex -1.596889 -1.660693 1.498073
vertex -1.607412 -1.646505 1.497923
endloop
endfacet
facet normal -0.740953 -0.671557 0
outer loop
vertex -1.619275 -1.633417 1.300000
vertex -1.607412 -1.646505 1.300000
vertex -1.607412 -1.646505 1.497923
endloop
endfacet
facet normal -0.740953 -0.671557 0
outer loop
vertex -1.619275 -1.633417 1.300000
vertex -1.607412 -1.646505 1.497923
vertex -1.619275 -1.633417 1.497847
endloop
endfacet
facet normal -0.707101 -0.707113 0
outer loop
vertex -1.626346 -1.626346 1.497826
vertex -1.633417 -1.619274 1.497847
vertex -1.633417 -1.619274 1.300000
endloop
endfacet
facet normal -0.707104 -0.70711 0
outer loop
vertex -1.633417 -1.619274 1.300000
vertex -1.619275 -1.633417 1.300000
vertex -1.619275 -1.633417 1.497847
endloop
endfacet
facet normal -0.707107 -0.707107 4.26692e-07
outer loop
vertex -1.626346 -1.626346 1.497826
vertex -1.633417 -1.619274 1.300000
vertex -1.619275 -1.633417 1.497847
endloop
endfacet
facet normal -0.671561 -0.74095 -0
outer loop
vertex -1.646505 -1.607412 1.497923
vertex -1.646505 -1.607412 1.300000
vertex -1.633417 -1.619274 1.300000
endloop
endfacet
facet normal -0.671561 -0.74095 0
outer loop
vertex -1.646505 -1.607412 1.497923
vertex -1.633417 -1.619274 1.300000
vertex -1.633417 -1.619274 1.497847
endloop
endfacet
facet normal -0.595697 -0.803209 -0
outer loop
vertex -1.660693 -1.596889 1.498073
vertex -1.660693 -1.596889 1.300000
vertex -1.646505 -1.607412 1.300000
endloop
endfacet
facet normal -0.595697 -0.803209 0
outer loop
vertex -1.660693 -1.596889 1.498073
vertex -1.646505 -1.607412 1.300000
vertex -1.646505 -1.607412 1.497923
endloop
endfacet
facet normal -0.514105 -0.857727 -0
outer loop
vertex -1.675845 -1.587808 1.498296
vertex -1.675845 -1.587808 1.300000
vertex -1.660693 -1.596889 1.300000
endloop
endfacet
facet normal -0.514105 -0.857727 0
outer loop
vertex -1.675845 -1.587808 1.498296
vertex -1.660693 -1.596889 1.300000
vertex -1.660693 -1.596889 1.498073
endloop
endfacet
facet normal -0.427552 -0.903991 -0
outer loop
vertex -1.691813 -1.580256 1.498590
vertex -1.691813 -1.580256 1.300000
vertex -1.675845 -1.587808 1.300000
endloop
endfacet
facet normal -0.427552 -0.903991 0
outer loop
vertex -1.691813 -1.580256 1.498590
vertex -1.675845 -1.587808 1.300000
vertex -1.675845 -1.587808 1.498296
endloop
endfacet
facet normal -0.336894 -0.941543 -0
outer loop
vertex -1.708445 -1.574304 1.498953
vertex -1.708445 -1.574304 1.300000
vertex -1.691813 -1.580256 1.300000
endloop
endfacet
facet normal -0.336894 -0.941543 0
outer loop
vertex -1.708445 -1.574304 1.498953
vertex -1.691813 -1.580256 1.300000
vertex -1.691813 -1.580256 1.498590
endloop
endfacet
facet normal -0.242983 -0.97003 -0
outer loop
vertex -1.725580 -1.570012 1.499380
vertex -1.725580 -1.570012 1.300000
vertex -1.708445 -1.574304 1.300000
endloop
endfacet
facet normal -0.242983 -0.97003 0
outer loop
vertex -1.725580 -1.570012 1.499380
vertex -1.708445 -1.574304 1.300000
vertex -1.708445 -1.574304 1.498953
endloop
endfacet
facet normal -0.146727 -0.989177 -0
outer loop
vertex -1.743053 -1.567420 1.499868
vertex -1.743053 -1.567420 1.300000
vertex -1.725580 -1.570012 1.300000
endloop
endfacet
facet normal -0.146727 -0.989177 0
outer loop
vertex -1.743053 -1.567420 1.499868
vertex -1.725580 -1.570012 1.300000
vertex -1.725580 -1.570012 1.499380
endloop
endfacet
facet normal -0.0490621 -0.998796 -0
outer loop
vertex -1.760696 -1.566554 1.500412
vertex -1.760696 -1.566554 1.300000
vertex -1.743053 -1.567420 1.300000
endloop
endfacet
facet normal -0.0490621 -0.998796 0
outer loop
vertex -1.760696 -1.566554 1.500412
vertex -1.743053 -1.567420 1.300000
vertex -1.743053 -1.567420 1.499868
endloop
endfacet
facet normal 0.0490621 -0.998796 0
outer loop
vertex -1.778339 -1.567420 1.501006
vertex -1.778339 -1.567420 1.300000
vertex -1.760696 -1.566554 1.300000
endloop
endfacet
facet normal 0.0490621 -0.998796 0
outer loop
vertex -1.778339 -1.567420 1.501006
vertex -1.760696 -1.566554 1.300000
vertex -1.760696 -1.566554 1.500412
endloop
endfacet
facet normal 0.146728 -0.989177 0
outer loop
vertex -1.795812 -1.570012 1.501645
vertex -1.795812 -1.570012 1.300000
vertex -1.778339 -1.567420 1.300000
endloop
endfacet
facet normal 0.146728 -0.989177 0
outer loop
vertex -1.795812 -1.570012 1.501645
vertex -1.778339 -1.567420 1.300000
vertex -1.778339 -1.567420 1.501006
endloop
endfacet
facet normal 0.242982 -0.970031 0
outer loop
vertex -1.812947 -1.574304 1.502323
vertex -1.812947 -1.574304 1.300000
vertex -1.795812 -1.570012 1.300000
endloop
endfacet
facet normal 0.242982 -0.970031 0
outer loop
vertex -1.812947 -1.574304 1.502323
vertex -1.795812 -1.570012 1.300000
vertex -1.795812 -1.570012 1.501645
endloop
endfacet
facet normal 0.336894 -0.941543 0
outer loop
vertex -1.829579 -1.580256 1.503034
vertex -1.829579 -1.580256 1.300000
vertex -1.812947 -1.574304 1.300000
endloop
endfacet
facet normal 0.336894 -0.941543 0
outer loop
vertex -1.829579 -1.580256 1.503034
vertex -1.812947 -1.574304 1.300000
vertex -1.812947 -1.574304 1.502323
endloop
endfacet
facet normal 0.427552 -0.903991 0
outer loop
vertex -1.845547 -1.587808 1.503770
vertex -1.845547 -1.587808 1.300000
vertex -1.829579 -1.580256 1.300000
endloop
endfacet
facet normal 0.427552 -0.903991 0
outer loop
vertex -1.845547 -1.587808 1.503770
vertex -1.829579 -1.580256 1.300000
vertex -1.829579 -1.580256 1.503034
endloop
endfacet
facet normal 0.514105 -0.857727 0
outer loop
vertex -1.860699 -1.596889 1.504524
vertex -1.860699 -1.596889 1.300000
vertex -1.845547 -1.587808 1.300000
endloop
endfacet
facet normal 0.514105 -0.857727 0
outer loop
vertex -1.860699 -1.596889 1.504524
vertex -1.845547 -1.587808 1.300000
vertex -1.845547 -1.587808 1.503770
endloop
endfacet
facet normal 0.595697 -0.803209 0
outer loop
vertex -1.874887 -1.607412 1.505289
vertex -1.874887 -1.607412 1.300000
vertex -1.860699 -1.596889 1.300000
endloop
endfacet
facet normal 0.595697 -0.803209 0
outer loop
vertex -1.874887 -1.607412 1.505289
vertex -1.860699 -1.596889 1.300000
vertex -1.860699 -1.596889 1.504524
endloop
endfacet
facet normal 0.671561 -0.74095 0
outer loop
vertex -1.887975 -1.619274 1.506058
vertex -1.887975 -1.619274 1.300000
vertex -1.874887 -1.607412 1.300000
endloop
endfacet
facet normal 0.671561 -0.74095 0
outer loop
vertex -1.887975 -1.619274 1.506058
vertex -1.874887 -1.607412 1.300000
vertex -1.874887 -1.607412 1.505289
endloop
endfacet
facet normal 0.707107 -0.707107 0
outer loop
vertex -2.602624 -2.333923 1.550000
vertex -3.401184 -3.132483 1.769593
vertex -3.401184 -3.132483 1.300000
endloop
endfacet
facet normal 0.707107 -0.707107 0
outer loop
vertex -3.401184 -3.132483 1.300000
vertex -1.887975 -1.619274 1.300000
vertex -1.887975 -1.619274 1.506058
endloop
endfacet
facet normal 0.707107 -0.707107 1.97176e-07
outer loop
vertex -2.602624 -2.333923 1.550000
vertex -3.401184 -3.132483 1.300000
vertex -1.887975 -1.619274 1.506058
endloop
endfacet
facet normal 0 0 1
outer loop
vertex -1.843167 -1.646062 1.250000
vertex -1.852620 -1.654630 1.250000
vertex -3.365828 -3.167839 1.250000
endloop
endfacet
facet normal 0 0 1
outer loop
vertex -3.365828 -3.167839 1.250000
vertex -3.374396 -3.177291 1.250000
vertex -3.381995 -3.187538 1.250000
endloop
endfacet
facet normal 0 0 1
outer loop
vertex -3.381995 -3.187538 1.250000
vertex -3.388554 -3.198481 1.250000
vertex -3.394009 -3.210013 1.250000
endloop
endfacet
facet normal 0 0 1
outer loop
vertex -3.394009 -3.210013 1.250000
vertex -3.398307 -3.222025 1.250000
vertex -3.401406 -3.234401 1.250000
endloop
endfacet
facet normal 0 0 1
outer loop
vertex -3.401406 -3.234401 1.250000
vertex -3.403278 -3.247020 1.250000
vertex -3.403904 -3.259762 1.250000
endloop
endfacet
facet normal 0 0 1
outer loop
vertex -3.403904 -3.259762 1.250000
vertex -3.403278 -3.272505 1.250000
vertex -3.401406 -3.285124 1.250000
endloop
endfacet
facet normal 0 0 1
outer loop
vertex -3.401406 -3.285124 1.250000
vertex -3.398307 -3.297499 1.250000
vertex -3.394009 -3.309511 1.250000
endloop
endfacet
facet normal 0 0 1
outer loop
vertex -3.394009 -3.309511 1.250000
vertex -3.388554 -3.321044 1.250000
vertex -3.381995 -3.331986 1.250000
endloop
endfacet
facet normal 0 0 1
outer loop
vertex -3.381995 -3.331986 1.250000
vertex -3.374396 -3.342233 1.250000
vertex -3.365828 -3.351686 1.250000
endloop
endfacet
facet normal 0 0 1
outer loop
vertex -3.365828 -3.351686 1.250000
vertex -3.351686 -3.365829 1.250000
vertex -3.342233 -3.374396 1.250000
endloop
endfacet
facet normal 0 0 1
outer loop
vertex -3.342233 -3.374396 1.250000
vertex -3.331986 -3.381996 1.250000
vertex -3.321044 -3.388554 1.250000
endloop
endfacet
facet normal 0 0 1
outer loop
vertex -3.321044 -3.388554 1.250000
vertex -3.309511 -3.394009 1.250000
vertex -3.297499 -3.398307 1.250000
endloop
endfacet
facet normal 0 0 1
outer loop
vertex -3.297499 -3.398307 1.250000
vertex -3.285124 -3.401407 1.250000
vertex -3.272504 -3.403278 1.250000
endloop
endfacet
facet normal 0 0 1
outer loop
vertex -3.272504 -3.403278 1.250000
vertex -3.259762 -3.403904 1.250000
vertex -3.247020 -3.403279 1.250000
endloop
endfacet
facet normal 0 0 1
outer loop
vertex -3.247020 -3.403279 1.250000
vertex -3.234400 -3.401407 1.250000
vertex -3.222025 -3.398307 1.250000
endloop
endfacet
facet normal 0 0 1
outer loop
vertex -3.222025 -3.398307 1.250000
vertex -3.210013 -3.394009 1.250000
vertex -3.198481 -3.388554 1.250000
endloop
endfacet
facet normal 0 0 1
outer loop
vertex -3.198481 -3.388554 1.250000
vertex -3.187538 -3.381995 1.250000
vertex -3.177291 -3.374396 1.250000
endloop
endfacet
facet normal 0 0 1
outer loop
vertex -3.177291 -3.374396 1.250000
vertex -3.167838 -3.365829 1.250000
vertex -1.654630 -1.852620 1.250000
endloop
endfacet
facet normal 0 0 1
outer loop
vertex -1.654630 -1.852620 1.250000
vertex -1.646062 -1.843167 1.250000
vertex -1.638463 -1.832920 1.250000
endloop
endfacet
facet normal 0 0 1
outer loop
vertex -1.638463 -1.832920 1.250000
vertex -1.631904 -1.821977 1.250000
vertex -1.626450 -1.810445 1.250000
endloop
endfacet
facet normal 0 0 1
outer loop
vertex -1.626450 -1.810445 1.250000
vertex -1.622152 -1.798433 1.250000
vertex -1.619052 -1.786058 1.250000
endloop
endfacet
facet normal 0 0 1
outer loop
vertex -1.619052 -1.786058 1.250000
vertex -1.617180 -1.773438 1.250000
vertex -1.616554 -1.760696 1.250000
endloop
endfacet
facet normal 0 0 1
outer loop
vertex -1.616554 -1.760696 1.250000
vertex -1.617180 -1.747954 1.250000
vertex -1.619052 -1.735334 1.250000
endloop
endfacet
facet normal 0 0 1
outer loop
vertex -1.619052 -1.735334 1.250000
vertex -1.622152 -1.722959 1.250000
vertex -1.626449 -1.710947 1.250000
endloop
endfacet
facet normal 0 0 1
outer loop
vertex -1.626449 -1.710947 1.250000
vertex -1.631904 -1.699414 1.250000
vertex -1.638463 -1.688472 1.250000
endloop
endfacet
facet normal 0 0 1
outer loop
vertex -1.638463 -1.688472 1.250000
vertex -1.646062 -1.678225 1.250000
vertex -1.654630 -1.668772 1.250000
endloop
endfacet
facet normal 0 0 1
outer loop
vertex -1.654630 -1.668772 1.250000
vertex -1.668772 -1.654630 1.250000
vertex -1.678225 -1.646062 1.250000
endloop
endfacet
facet normal 0 0 1
outer loop
vertex -1.678225 -1.646062 1.250000
vertex -1.688472 -1.638463 1.250000
vertex -1.699414 -1.631904 1.250000
endloop
endfacet
facet normal 0 0 1
outer loop
vertex -1.699414 -1.631904 1.250000
vertex -1.710947 -1.626449 1.250000
vertex -1.722959 -1.622152 1.250000
endloop
endfacet
facet normal 0 0 1
outer loop
vertex -1.722959 -1.622152 1.250000
vertex -1.735334 -1.619052 1.250000
vertex -1.747954 -1.617180 1.250000
endloop
endfacet
facet normal 0 0 1
outer loop
vertex -1.747954 -1.617180 1.250000
vertex -1.760696 -1.616554 1.250000
vertex -1.773438 -1.617180 1.250000
endloop
endfacet
facet normal 0 0 1
outer loop
vertex -1.773438 -1.617180 1.250000
vertex -1.786058 -1.619052 1.250000
vertex -1.798433 -1.622151 1.250000
endloop
endfacet
facet normal 0 0 1
outer loop
vertex -1.798433 -1.622151 1.250000
vertex -1.810445 -1.626449 1.250000
vertex -1.821978 -1.631904 1.250000
endloop
endfacet
facet normal 0 0 1
outer loop
vertex -1.821978 -1.631904 1.250000
vertex -1.832920 -1.638463 1.250000
vertex -1.843167 -1.646062 1.250000
endloop
endfacet
facet normal 0 0 1
outer loop
vertex -1.843167 -1.646062 1.250000
vertex -3.365828 -3.167839 1.250000
vertex -3.381995 -3.187538 1.250000
endloop
endfacet
facet normal 0 0 1
outer loop
vertex -3.381995 -3.187538 1.250000
vertex -3.394009 -3.210013 1.250000
vertex -3.401406 -3.234401 1.250000
endloop
endfacet
facet normal 0 0 1
outer loop
vertex -3.401406 -3.234401 1.250000
vertex -3.403904 -3.259762 1.250000
vertex -3.401406 -3.285124 1.250000
endloop
endfacet
facet normal 0 0 1
outer loop
vertex -3.401406 -3.285124 1.250000
vertex -3.394009 -3.309511 1.250000
vertex -3.381995 -3.331986 1.250000
endloop
endfacet
facet normal 0 0 1
outer loop
vertex -3.381995 -3.331986 1.250000
vertex -3.365828 -3.351686 1.250000
vertex -3.342233 -3.374396 1.250000
endloop
endfacet
facet normal 0 0 1
outer loop
vertex -3.342233 -3.374396 1.250000
vertex -3.321044 -3.388554 1.250000
vertex -3.297499 -3.398307 1.250000
endloop
endfacet
facet normal 0 0 1
outer loop
vertex -3.297499 -3.398307 1.250000
vertex -3.272504 -3.403278 1.250000
vertex -3.247020 -3.403279 1.250000
endloop
endfacet
facet normal 0 0 1
outer loop
vertex -3.247020 -3.403279 1.250000
vertex -3.222025 -3.398307 1.250000
vertex -3.198481 -3.388554 1.250000
endloop
endfacet
facet normal 0 0 1
outer loop
vertex -3.198481 -3.388554 1.250000
vertex -3.177291 -3.374396 1.250000
vertex -1.654630 -1.852620 1.250000
endloop
endfacet
facet normal 0 0 1
outer loop
vertex -1.654630 -1.852620 1.250000
vertex -1.638463 -1.832920 1.250000
vertex -1.626450 -1.810445 1.250000
endloop
endfacet
facet normal 0 0 1
outer loop
vertex -1.626450 -1.810445 1.250000
vertex -1.619052 -1.786058 1.250000
vertex -1.616554 -1.760696 1.250000
endloop
endfacet
facet normal 0 0 1
outer loop
vertex -1.616554 -1.760696 1.250000
vertex -1.619052 -1.735334 1.250000
vertex -1.626449 -1.710947 1.250000
endloop
endfacet
facet normal 0 0 1
outer loop
vertex -1.626449 -1.710947 1.250000
vertex -1.638463 -1.688472 1.250000
vertex -1.654630 -1.668772 1.250000
endloop
endfacet
facet normal 0 0 1
outer loop
vertex -1.654630 -1.668772 1.250000
vertex -1.678225 -1.646062 1.250000
vertex -1.699414 -1.631904 1.250000
endloop
endfacet
facet normal 0 0 1
outer loop
vertex -1.699414 -1.631904 1.250000
vertex -1.722959 -1.622152 1.250000
vertex -1.747954 -1.617180 1.250000
endloop
endfacet
facet normal 0 0 1
outer loop
vertex -1.747954 -1.617180 1.250000
vertex -1.773438 -1.617180 1.250000
vertex -1.798433 -1.622151 1.250000
endloop
endfacet
facet normal 0 0 1
outer loop
vertex -1.798433 -1.622151 1.250000
vertex -1.821978 -1.631904 1.250000
vertex -1.843167 -1.646062 1.250000
endloop
endfacet
facet normal 0 0 1
outer loop
vertex -1.843167 -1.646062 1.250000
vertex -3.381995 -3.187538 1.250000
vertex -3.401406 -3.234401 1.250000
endloop
endfacet
facet normal 0 0 1
outer loop
vertex -3.401406 -3.234401 1.250000
vertex -3.401406 -3.285124 1.250000
vertex -3.381995 -3.331986 1.250000
endloop
endfacet
facet normal 0 0 1
outer loop
vertex -3.381995 -3.331986 1.250000
vertex -3.342233 -3.374396 1.250000
vertex -3.297499 -3.398307 1.250000
endloop
endfacet
facet normal -0 0 1
outer loop
vertex -3.297499 -3.398307 1.250000
vertex -3.247020 -3.403279 1.250000
vertex -3.198481 -3.388554 1.250000
endloop
endfacet
facet normal 0 0 1
outer loop
vertex -3.198481 -3.388554 1.250000
vertex -1.654630 -1.852620 1.250000
vertex -1.626450 -1.810445 1.250000
endloop
endfacet
facet normal 0 0 1
outer loop
vertex -1.626450 -1.810445 1.250000
vertex -1.616554 -1.760696 1.250000
vertex -1.626449 -1.710947 1.250000
endloop
endfacet
facet normal 0 0 1
outer loop
vertex -1.626449 -1.710947 1.250000
vertex -1.654630 -1.668772 1.250000
vertex -1.699414 -1.631904 1.250000
endloop
endfacet
facet normal 0 0 1
outer loop
vertex -1.699414 -1.631904 1.250000
vertex -1.747954 -1.617180 1.250000
vertex -1.798433 -1.622151 1.250000
endloop
endfacet
facet normal 0 0 1
outer loop
vertex -1.798433 -1.622151 1.250000
vertex -1.843167 -1.646062 1.250000
vertex -3.401406 -3.234401 1.250000
endloop
endfacet
facet normal 0 0 1
outer loop
vertex -3.401406 -3.234401 1.250000
vertex -3.381995 -3.331986 1.250000
vertex -3.297499 -3.398307 1.250000
endloop
endfacet
facet normal 0 0 1
outer loop
vertex -3.297499 -3.398307 1.250000
vertex -3.198481 -3.388554 1.250000
vertex -1.626450 -1.810445 1.250000
endloop
endfacet
facet normal 0 -0 1
outer loop
vertex -1.626450 -1.810445 1.250000
vertex -1.626449 -1.710947 1.250000
vertex -1.699414 -1.631904 1.250000
endloop
endfacet
facet normal 0 0 1
outer loop
vertex -1.699414 -1.631904 1.250000
vertex -1.798433 -1.622151 1.250000
vertex -3.401406 -3.234401 1.250000
endloop
endfacet
facet normal -0 0 1
outer loop
vertex -3.401406 -3.234401 1.250000
vertex -3.297499 -3.398307 1.250000
vertex -1.626450 -1.810445 1.250000
endloop
endfacet
facet normal 0 0 1
outer loop
vertex -3.401406 -3.234401 1.250000
vertex -1.626450 -1.810445 1.250000
vertex -1.699414 -1.631904 1.250000
endloop
endfacet
facet normal -0.475146 -0.524251 0.706681
outer loop
vertex -3.167839 3.365828 1.250000
vertex -3.132483 3.401184 1.300000
vertex -3.145572 3.413046 1.300000
endloop
endfacet
facet normal -0.475143 -0.524252 0.706681
outer loop
vertex -3.167839 3.365828 1.250000
vertex -3.145572 3.413046 1.300000
vertex -3.177291 3.374396 1.250000
endloop
endfacet
facet normal -0.421477 -0.568295 0.706681
outer loop
vertex -3.177291 3.374396 1.250000
vertex -3.145572 3.413046 1.300000
vertex -3.159760 3.423569 1.300000
endloop
endfacet
facet normal -0.42148 -0.568294 0.706681
outer loop
vertex -3.177291 3.374396 1.250000
vertex -3.159760 3.423569 1.300000
vertex -3.187538 3.381995 1.250000
endloop
endfacet
facet normal -0.363746 -0.60687 0.706681
outer loop
vertex -3.187538 3.381995 1.250000
vertex -3.159760 3.423569 1.300000
vertex -3.174911 3.432650 1.300000
endloop
endfacet
facet normal -0.363749 -0.606869 0.70668
outer loop
vertex -3.187538 3.381995 1.250000
vertex -3.174911 3.432650 1.300000
vertex -3.198481 3.388554 1.250000
endloop
endfacet
facet normal -0.302515 -0.639599 0.706681
outer loop
vertex -3.198481 3.388554 1.250000
vertex -3.174911 3.432650 1.300000
vertex -3.190879 3.440203 1.300000
endloop
endfacet
facet normal -0.302506 -0.639602 0.706682
outer loop
vertex -3.198481 3.388554 1.250000
vertex -3.190879 3.440203 1.300000
vertex -3.210014 3.394009 1.250000
endloop
endfacet
facet normal -0.238359 -0.666173 0.706682
outer loop
vertex -3.210014 3.394009 1.250000
vertex -3.190879 3.440203 1.300000
vertex -3.207511 3.446154 1.300000
endloop
endfacet
facet normal -0.238365 -0.666171 0.706681
outer loop
vertex -3.210014 3.394009 1.250000
vertex -3.207511 3.446154 1.300000
vertex -3.222025 3.398307 1.250000
endloop
endfacet
facet normal -0.171914 -0.686329 0.706681
outer loop
vertex -3.222025 3.398307 1.250000
vertex -3.207511 3.446154 1.300000
vertex -3.224646 3.450446 1.300000
endloop
endfacet
facet normal -0.171906 -0.68633 0.706682
outer loop
vertex -3.222025 3.398307 1.250000
vertex -3.224646 3.450446 1.300000
vertex -3.234401 3.401406 1.250000
endloop
endfacet
facet normal -0.103814 -0.699874 0.706682
outer loop
vertex -3.234401 3.401406 1.250000
vertex -3.224646 3.450446 1.300000
vertex -3.242119 3.453038 1.300000
endloop
endfacet
facet normal -0.103824 -0.699874 0.70668
outer loop
vertex -3.234401 3.401406 1.250000
vertex -3.242119 3.453038 1.300000
vertex -3.247020 3.403278 1.250000
endloop
endfacet
facet normal -0.0347224 -0.70668 0.70668
outer loop
vertex -3.247020 3.403278 1.250000
vertex -3.242119 3.453038 1.300000
vertex -3.259763 3.453904 1.300000
endloop
endfacet
facet normal -0.0347231 -0.70668 0.70668
outer loop
vertex -3.247020 3.403278 1.250000
vertex -3.259763 3.453904 1.300000
vertex -3.259762 3.403904 1.250000
endloop
endfacet
facet normal 0.0347228 -0.70668 0.70668
outer loop
vertex -3.259762 3.403904 1.250000
vertex -3.259763 3.453904 1.300000
vertex -3.277406 3.453038 1.300000
endloop
endfacet
facet normal 0.0347225 -0.70668 0.70668
outer loop
vertex -3.259762 3.403904 1.250000
vertex -3.277406 3.453038 1.300000
vertex -3.272505 3.403278 1.250000
endloop
endfacet
facet normal 0.103814 -0.699875 0.70668
outer loop
vertex -3.272505 3.403278 1.250000
vertex -3.277406 3.453038 1.300000
vertex -3.294879 3.450446 1.300000
endloop
endfacet
facet normal 0.103822 -0.699873 0.706682
outer loop
vertex -3.272505 3.403278 1.250000
vertex -3.294879 3.450446 1.300000
vertex -3.285124 3.401406 1.250000
endloop
endfacet
facet normal 0.171914 -0.686329 0.706681
outer loop
vertex -3.285124 3.401406 1.250000
vertex -3.294879 3.450446 1.300000
vertex -3.312014 3.446154 1.300000
endloop
endfacet
facet normal 0.171922 -0.686325 0.706683
outer loop
vertex -3.285124 3.401406 1.250000
vertex -3.312014 3.446154 1.300000
vertex -3.297499 3.398306 1.250000
endloop
endfacet
facet normal 0.238358 -0.666172 0.706683
outer loop
vertex -3.297499 3.398306 1.250000
vertex -3.312014 3.446154 1.300000
vertex -3.328645 3.440203 1.300000
endloop
endfacet
facet normal 0.238353 -0.666175 0.706682
outer loop
vertex -3.297499 3.398306 1.250000
vertex -3.328645 3.440203 1.300000
vertex -3.309511 3.394009 1.250000
endloop
endfacet
facet normal 0.302514 -0.639598 0.706682
outer loop
vertex -3.309511 3.394009 1.250000
vertex -3.328645 3.440203 1.300000
vertex -3.344614 3.432650 1.300000
endloop
endfacet
facet normal 0.302507 -0.639604 0.70668
outer loop
vertex -3.309511 3.394009 1.250000
vertex -3.344614 3.432650 1.300000
vertex -3.321044 3.388554 1.250000
endloop
endfacet
facet normal 0.363746 -0.60687 0.70668
outer loop
vertex -3.321044 3.388554 1.250000
vertex -3.344614 3.432650 1.300000
vertex -3.359765 3.423569 1.300000
endloop
endfacet
facet normal 0.363748 -0.606869 0.706681
outer loop
vertex -3.321044 3.388554 1.250000
vertex -3.359765 3.423569 1.300000
vertex -3.331987 3.381995 1.250000
endloop
endfacet
facet normal 0.421473 -0.568298 0.706681
outer loop
vertex -3.331987 3.381995 1.250000
vertex -3.359765 3.423569 1.300000
vertex -3.373953 3.413046 1.300000
endloop
endfacet
facet normal 0.421473 -0.568298 0.706681
outer loop
vertex -3.331987 3.381995 1.250000
vertex -3.373953 3.413046 1.300000
vertex -3.342234 3.374396 1.250000
endloop
endfacet
facet normal 0.475151 -0.524246 0.706681
outer loop
vertex -3.342234 3.374396 1.250000
vertex -3.373953 3.413046 1.300000
vertex -3.387042 3.401184 1.300000
endloop
endfacet
facet normal 0.475145 -0.524254 0.706679
outer loop
vertex -3.342234 3.374396 1.250000
vertex -3.387042 3.401184 1.300000
vertex -3.351686 3.365828 1.250000
endloop
endfacet
facet normal 0.500001 -0.500001 0.707106
outer loop
vertex -3.351686 3.365828 1.250000
vertex -3.387042 3.401184 1.300000
vertex -3.401184 3.387041 1.300000
endloop
endfacet
facet normal 0.500004 -0.499996 0.707107
outer loop
vertex -3.351686 3.365828 1.250000
vertex -3.401184 3.387041 1.300000
vertex -3.365829 3.351686 1.250000
endloop
endfacet
facet normal 0.524251 -0.475146 0.706681
outer loop
vertex -3.365829 3.351686 1.250000
vertex -3.401184 3.387041 1.300000
vertex -3.413046 3.373953 1.300000
endloop
endfacet
facet normal 0.524252 -0.475143 0.706681
outer loop
vertex -3.365829 3.351686 1.250000
vertex -3.413046 3.373953 1.300000
vertex -3.374396 3.342233 1.250000
endloop
endfacet
facet normal 0.56829 -0.421483 0.706681
outer loop
vertex -3.374396 3.342233 1.250000
vertex -3.413046 3.373953 1.300000
vertex -3.423569 3.359765 1.300000
endloop
endfacet
facet normal 0.568287 -0.421488 0.70668
outer loop
vertex -3.374396 3.342233 1.250000
vertex -3.423569 3.359765 1.300000
vertex -3.381996 3.331986 1.250000
endloop
endfacet
facet normal 0.606874 -0.363739 0.70668
outer loop
vertex -3.381996 3.331986 1.250000
vertex -3.423569 3.359765 1.300000
vertex -3.432650 3.344614 1.300000
endloop
endfacet
facet normal 0.606875 -0.363739 0.706681
outer loop
vertex -3.381996 3.331986 1.250000
vertex -3.432650 3.344614 1.300000
vertex -3.388554 3.321044 1.250000
endloop
endfacet
facet normal 0.639603 -0.302507 0.70668
outer loop
vertex -3.388554 3.321044 1.250000
vertex -3.432650 3.344614 1.300000
vertex -3.440203 3.328645 1.300000
endloop
endfacet
facet normal 0.639603 -0.302507 0.70668
outer loop
vertex -3.388554 3.321044 1.250000
vertex -3.440203 3.328645 1.300000
vertex -3.394009 3.309511 1.250000
endloop
endfacet
facet normal 0.666171 -0.238368 0.70668
outer loop
vertex -3.394009 3.309511 1.250000
vertex -3.440203 3.328645 1.300000
vertex -3.446154 3.312013 1.300000
endloop
endfacet
facet normal 0.666171 -0.238365 0.706681
outer loop
vertex -3.394009 3.309511 1.250000
vertex -3.446154 3.312013 1.300000
vertex -3.398307 3.297499 1.250000
endloop
endfacet
facet normal 0.686329 -0.171914 0.706681
outer loop
vertex -3.398307 3.297499 1.250000
vertex -3.446154 3.312013 1.300000
vertex -3.450446 3.294878 1.300000
endloop
endfacet
facet normal 0.686329 -0.171919 0.70668
outer loop
vertex -3.398307 3.297499 1.250000
vertex -3.450446 3.294878 1.300000
vertex -3.401407 3.285124 1.250000
endloop
endfacet
facet normal 0.699876 -0.103814 0.70668
outer loop
vertex -3.401407 3.285124 1.250000
vertex -3.450446 3.294878 1.300000
vertex -3.453038 3.277405 1.300000
endloop
endfacet
facet normal 0.699876 -0.103811 0.70668
outer loop
vertex -3.401407 3.285124 1.250000
vertex -3.453038 3.277405 1.300000
vertex -3.403279 3.272504 1.250000
endloop
endfacet
facet normal 0.70668 -0.0347224 0.70668
outer loop
vertex -3.403279 3.272504 1.250000
vertex -3.453038 3.277405 1.300000
vertex -3.453905 3.259762 1.300000
endloop
endfacet
facet normal 0.706679 -0.0347098 0.706682
outer loop
vertex -3.403279 3.272504 1.250000
vertex -3.453905 3.259762 1.300000
vertex -3.403904 3.259762 1.250000
endloop
endfacet
facet normal 0.706679 0.0347227 0.706682
outer loop
vertex -3.403904 3.259762 1.250000
vertex -3.453905 3.259762 1.300000
vertex -3.453038 3.242119 1.300000
endloop
endfacet
facet normal 0.706681 0.0347093 0.70668
outer loop
vertex -3.403904 3.259762 1.250000
vertex -3.453038 3.242119 1.300000
vertex -3.403279 3.247020 1.250000
endloop
endfacet
facet normal 0.699875 0.103814 0.70668
outer loop
vertex -3.403279 3.247020 1.250000
vertex -3.453038 3.242119 1.300000
vertex -3.450446 3.224646 1.300000
endloop
endfacet
facet normal 0.699873 0.103822 0.706682
outer loop
vertex -3.403279 3.247020 1.250000
vertex -3.450446 3.224646 1.300000
vertex -3.401407 3.234400 1.250000
endloop
endfacet
facet normal 0.686329 0.171914 0.706681
outer loop
vertex -3.401407 3.234400 1.250000
vertex -3.450446 3.224646 1.300000
vertex -3.446154 3.207511 1.300000
endloop
endfacet
facet normal 0.68633 0.17191 0.706681
outer loop
vertex -3.401407 3.234400 1.250000
vertex -3.446154 3.207511 1.300000
vertex -3.398307 3.222025 1.250000
endloop
endfacet
facet normal 0.666171 0.238368 0.706681
outer loop
vertex -3.398307 3.222025 1.250000
vertex -3.446154 3.207511 1.300000
vertex -3.440203 3.190879 1.300000
endloop
endfacet
facet normal 0.666172 0.238365 0.70668
outer loop
vertex -3.398307 3.222025 1.250000
vertex -3.440203 3.190879 1.300000
vertex -3.394009 3.210013 1.250000
endloop
endfacet
facet normal 0.639603 0.302507 0.70668
outer loop
vertex -3.394009 3.210013 1.250000
vertex -3.440203 3.190879 1.300000
vertex -3.432650 3.174911 1.300000
endloop
endfacet
facet normal 0.639604 0.302507 0.70668
outer loop
vertex -3.394009 3.210013 1.250000
vertex -3.432650 3.174911 1.300000
vertex -3.388554 3.198481 1.250000
endloop
endfacet
facet normal 0.606875 0.363739 0.706681
outer loop
vertex -3.388554 3.198481 1.250000
vertex -3.432650 3.174911 1.300000
vertex -3.423569 3.159760 1.300000
endloop
endfacet
facet normal 0.60687 0.363744 0.706682
outer loop
vertex -3.388554 3.198481 1.250000
vertex -3.423569 3.159760 1.300000
vertex -3.381996 3.187538 1.250000
endloop
endfacet
facet normal 0.568293 0.421478 0.706681
outer loop
vertex -3.381996 3.187538 1.250000
vertex -3.423569 3.159760 1.300000
vertex -3.413046 3.145571 1.300000
endloop
endfacet
facet normal 0.568296 0.421475 0.706681
outer loop
vertex -3.381996 3.187538 1.250000
vertex -3.413046 3.145571 1.300000
vertex -3.374396 3.177291 1.250000
endloop
endfacet
facet normal 0.524246 0.475151 0.706681
outer loop
vertex -3.374396 3.177291 1.250000
vertex -3.413046 3.145571 1.300000
vertex -3.401184 3.132483 1.300000
endloop
endfacet
facet normal 0.524247 0.47515 0.706681
outer loop
vertex -3.374396 3.177291 1.250000
vertex -3.401184 3.132483 1.300000
vertex -3.365829 3.167838 1.250000
endloop
endfacet
facet normal 0.5 0.5 0.707107
outer loop
vertex -3.365829 3.167838 1.250000
vertex -3.401184 3.132483 1.300000
vertex -1.887975 1.619275 1.300000
endloop
endfacet
facet normal 0.5 0.5 0.707107
outer loop
vertex -3.365829 3.167838 1.250000
vertex -1.887975 1.619275 1.300000
vertex -1.852620 1.654630 1.250000
endloop
endfacet
facet normal 0.475148 0.524248 0.706681
outer loop
vertex -1.852620 1.654630 1.250000
vertex -1.887975 1.619275 1.300000
vertex -1.874887 1.607412 1.300000
endloop
endfacet
facet normal 0.475147 0.524249 0.706681
outer loop
vertex -1.852620 1.654630 1.250000
vertex -1.874887 1.607412 1.300000
vertex -1.843167 1.646063 1.250000
endloop
endfacet
facet normal 0.421478 0.568294 0.706681
outer loop
vertex -1.843167 1.646063 1.250000
vertex -1.874887 1.607412 1.300000
vertex -1.860698 1.596889 1.300000
endloop
endfacet
facet normal 0.421477 0.568295 0.706681
outer loop
vertex -1.843167 1.646063 1.250000
vertex -1.860698 1.596889 1.300000
vertex -1.832920 1.638463 1.250000
endloop
endfacet
facet normal 0.363742 0.606872 0.706681
outer loop
vertex -1.832920 1.638463 1.250000
vertex -1.860698 1.596889 1.300000
vertex -1.845547 1.587808 1.300000
endloop
endfacet
facet normal 0.363747 0.60687 0.70668
outer loop
vertex -1.832920 1.638463 1.250000
vertex -1.845547 1.587808 1.300000
vertex -1.821977 1.631904 1.250000
endloop
endfacet
facet normal 0.302509 0.639602 0.70668
outer loop
vertex -1.821977 1.631904 1.250000
vertex -1.845547 1.587808 1.300000
vertex -1.829579 1.580256 1.300000
endloop
endfacet
facet normal 0.302506 0.639603 0.706681
outer loop
vertex -1.821977 1.631904 1.250000
vertex -1.829579 1.580256 1.300000
vertex -1.810445 1.626450 1.250000
endloop
endfacet
facet normal 0.238365 0.666171 0.706681
outer loop
vertex -1.810445 1.626450 1.250000
vertex -1.829579 1.580256 1.300000
vertex -1.812947 1.574305 1.300000
endloop
endfacet
facet normal 0.238365 0.666171 0.706681
outer loop
vertex -1.810445 1.626450 1.250000
vertex -1.812947 1.574305 1.300000
vertex -1.798433 1.622152 1.250000
endloop
endfacet
facet normal 0.171913 0.686329 0.706681
outer loop
vertex -1.798433 1.622152 1.250000
vertex -1.812947 1.574305 1.300000
vertex -1.795812 1.570013 1.300000
endloop
endfacet
facet normal 0.171906 0.68633 0.706682
outer loop
vertex -1.798433 1.622152 1.250000
vertex -1.795812 1.570013 1.300000
vertex -1.786057 1.619052 1.250000
endloop
endfacet
facet normal 0.103815 0.699874 0.706681
outer loop
vertex -1.786057 1.619052 1.250000
vertex -1.795812 1.570013 1.300000
vertex -1.778339 1.567421 1.300000
endloop
endfacet
facet normal 0.103824 0.699874 0.70668
outer loop
vertex -1.786057 1.619052 1.250000
vertex -1.778339 1.567421 1.300000
vertex -1.773438 1.617180 1.250000
endloop
endfacet
facet normal 0.0347224 0.70668 0.70668
outer loop
vertex -1.773438 1.617180 1.250000
vertex -1.778339 1.567421 1.300000
vertex -1.760696 1.566554 1.300000
endloop
endfacet
facet normal 0.0347162 0.70668 0.706681
outer loop
vertex -1.773438 1.617180 1.250000
vertex -1.760696 1.566554 1.300000
vertex -1.760696 1.616554 1.250000
endloop
endfacet
facet normal -0.0347228 0.70668 0.706681
outer loop
vertex -1.760696 1.616554 1.250000
vertex -1.760696 1.566554 1.300000
vertex -1.743053 1.567421 1.300000
endloop
endfacet
facet normal -0.0347162 0.706681 0.70668
outer loop
vertex -1.760696 1.616554 1.250000
vertex -1.743053 1.567421 1.300000
vertex -1.747954 1.617180 1.250000
endloop
endfacet
facet normal -0.103814 0.699875 0.70668
outer loop
vertex -1.747954 1.617180 1.250000
vertex -1.743053 1.567421 1.300000
vertex -1.725580 1.570013 1.300000
endloop
endfacet
facet normal -0.103823 0.699873 0.706682
outer loop
vertex -1.747954 1.617180 1.250000
vertex -1.725580 1.570013 1.300000
vertex -1.735334 1.619052 1.250000
endloop
endfacet
facet normal -0.171918 0.686327 0.706682
outer loop
vertex -1.735334 1.619052 1.250000
vertex -1.725580 1.570013 1.300000
vertex -1.708445 1.574305 1.300000
endloop
endfacet
facet normal -0.171914 0.686329 0.706681
outer loop
vertex -1.735334 1.619052 1.250000
vertex -1.708445 1.574305 1.300000
vertex -1.722959 1.622152 1.250000
endloop
endfacet
facet normal -0.238359 0.666173 0.706681
outer loop
vertex -1.722959 1.622152 1.250000
vertex -1.708445 1.574305 1.300000
vertex -1.691813 1.580256 1.300000
endloop
endfacet
facet normal -0.238357 0.666174 0.706681
outer loop
vertex -1.722959 1.622152 1.250000
vertex -1.691813 1.580256 1.300000
vertex -1.710947 1.626450 1.250000
endloop
endfacet
facet normal -0.302511 0.639601 0.706681
outer loop
vertex -1.710947 1.626450 1.250000
vertex -1.691813 1.580256 1.300000
vertex -1.675844 1.587808 1.300000
endloop
endfacet
facet normal -0.302509 0.639602 0.70668
outer loop
vertex -1.710947 1.626450 1.250000
vertex -1.675844 1.587808 1.300000
vertex -1.699414 1.631904 1.250000
endloop
endfacet
facet normal -0.363742 0.606872 0.706681
outer loop
vertex -1.699414 1.631904 1.250000
vertex -1.675844 1.587808 1.300000
vertex -1.660693 1.596889 1.300000
endloop
endfacet
facet normal -0.363743 0.606872 0.706681
outer loop
vertex -1.699414 1.631904 1.250000
vertex -1.660693 1.596889 1.300000
vertex -1.688472 1.638463 1.250000
endloop
endfacet
facet normal -0.421478 0.568295 0.706681
outer loop
vertex -1.688472 1.638463 1.250000
vertex -1.660693 1.596889 1.300000
vertex -1.646505 1.607412 1.300000
endloop
endfacet
facet normal -0.421481 0.568292 0.706681
outer loop
vertex -1.688472 1.638463 1.250000
vertex -1.646505 1.607412 1.300000
vertex -1.678225 1.646063 1.250000
endloop
endfacet
facet normal -0.475151 0.524246 0.706681
outer loop
vertex -1.678225 1.646063 1.250000
vertex -1.646505 1.607412 1.300000
vertex -1.633417 1.619275 1.300000
endloop
endfacet
facet normal -0.475145 0.524254 0.706679
outer loop
vertex -1.678225 1.646063 1.250000
vertex -1.633417 1.619275 1.300000
vertex -1.668772 1.654630 1.250000
endloop
endfacet
facet normal -0.499999 0.500003 0.707106
outer loop
vertex -1.668772 1.654630 1.250000
vertex -1.633417 1.619275 1.300000
vertex -1.619274 1.633417 1.300000
endloop
endfacet
facet normal -0.500002 0.499998 0.707107
outer loop
vertex -1.668772 1.654630 1.250000
vertex -1.619274 1.633417 1.300000
vertex -1.654630 1.668772 1.250000
endloop
endfacet
facet normal -0.524248 0.475149 0.706681
outer loop
vertex -1.654630 1.668772 1.250000
vertex -1.619274 1.633417 1.300000
vertex -1.607412 1.646505 1.300000
endloop
endfacet
facet normal -0.524252 0.475143 0.706682
outer loop
vertex -1.654630 1.668772 1.250000
vertex -1.607412 1.646505 1.300000
vertex -1.646062 1.678225 1.250000
endloop
endfacet
facet normal -0.568292 0.42148 0.706682
outer loop
vertex -1.646062 1.678225 1.250000
vertex -1.607412 1.646505 1.300000
vertex -1.596889 1.660693 1.300000
endloop
endfacet
facet normal -0.568289 0.421485 0.706681
outer loop
vertex -1.646062 1.678225 1.250000
vertex -1.596889 1.660693 1.300000
vertex -1.638463 1.688472 1.250000
endloop
endfacet
facet normal -0.606874 0.363739 0.706681
outer loop
vertex -1.638463 1.688472 1.250000
vertex -1.596889 1.660693 1.300000
vertex -1.587808 1.675845 1.300000
endloop
endfacet
facet normal -0.606873 0.363742 0.706681
outer loop
vertex -1.638463 1.688472 1.250000
vertex -1.587808 1.675845 1.300000
vertex -1.631904 1.699414 1.250000
endloop
endfacet
facet normal -0.639602 0.302509 0.70668
outer loop
vertex -1.631904 1.699414 1.250000
vertex -1.587808 1.675845 1.300000
vertex -1.580255 1.691813 1.300000
endloop
endfacet
facet normal -0.639603 0.302506 0.706681
outer loop
vertex -1.631904 1.699414 1.250000
vertex -1.580255 1.691813 1.300000
vertex -1.626449 1.710947 1.250000
endloop
endfacet
facet normal -0.666171 0.238365 0.706681
outer loop
vertex -1.626449 1.710947 1.250000
vertex -1.580255 1.691813 1.300000
vertex -1.574304 1.708445 1.300000
endloop
endfacet
facet normal -0.666173 0.238357 0.706682
outer loop
vertex -1.626449 1.710947 1.250000
vertex -1.574304 1.708445 1.300000
vertex -1.622151 1.722959 1.250000
endloop
endfacet
facet normal -0.686328 0.171914 0.706682
outer loop
vertex -1.622151 1.722959 1.250000
vertex -1.574304 1.708445 1.300000
vertex -1.570012 1.725580 1.300000
endloop
endfacet
facet normal -0.686327 0.171921 0.706681
outer loop
vertex -1.622151 1.722959 1.250000
vertex -1.570012 1.725580 1.300000
vertex -1.619052 1.735334 1.250000
endloop
endfacet
facet normal -0.699875 0.103814 0.706681
outer loop
vertex -1.619052 1.735334 1.250000
vertex -1.570012 1.725580 1.300000
vertex -1.567420 1.743053 1.300000
endloop
endfacet
facet normal -0.699875 0.103818 0.70668
outer loop
vertex -1.619052 1.735334 1.250000
vertex -1.567420 1.743053 1.300000
vertex -1.617180 1.747954 1.250000
endloop
endfacet
facet normal -0.70668 0.0347224 0.70668
outer loop
vertex -1.617180 1.747954 1.250000
vertex -1.567420 1.743053 1.300000
vertex -1.566554 1.760696 1.300000
endloop
endfacet
facet normal -0.70668 0.0347162 0.706681
outer loop
vertex -1.617180 1.747954 1.250000
vertex -1.566554 1.760696 1.300000
vertex -1.616554 1.760696 1.250000
endloop
endfacet
facet normal -0.70668 -0.0347228 0.706681
outer loop
vertex -1.616554 1.760696 1.250000
vertex -1.566554 1.760696 1.300000
vertex -1.567420 1.778339 1.300000
endloop
endfacet
facet normal -0.706681 -0.0347162 0.70668
outer loop
vertex -1.616554 1.760696 1.250000
vertex -1.567420 1.778339 1.300000
vertex -1.617180 1.773438 1.250000
endloop
endfacet
facet normal -0.699875 -0.103814 0.70668
outer loop
vertex -1.617180 1.773438 1.250000
vertex -1.567420 1.778339 1.300000
vertex -1.570012 1.795812 1.300000
endloop
endfacet
facet normal -0.699873 -0.103822 0.706682
outer loop
vertex -1.617180 1.773438 1.250000
vertex -1.570012 1.795812 1.300000
vertex -1.619052 1.786058 1.250000
endloop
endfacet
facet normal -0.686329 -0.171914 0.706681
outer loop
vertex -1.619052 1.786058 1.250000
vertex -1.570012 1.795812 1.300000
vertex -1.574304 1.812947 1.300000
endloop
endfacet
facet normal -0.68633 -0.17191 0.706681
outer loop
vertex -1.619052 1.786058 1.250000
vertex -1.574304 1.812947 1.300000
vertex -1.622151 1.798433 1.250000
endloop
endfacet
facet normal -0.666172 -0.238363 0.706681
outer loop
vertex -1.622151 1.798433 1.250000
vertex -1.574304 1.812947 1.300000
vertex -1.580255 1.829579 1.300000
endloop
endfacet
facet normal -0.666172 -0.238363 0.706681
outer loop
vertex -1.622151 1.798433 1.250000
vertex -1.580255 1.829579 1.300000
vertex -1.626449 1.810445 1.250000
endloop
endfacet
facet normal -0.639601 -0.302511 0.706681
outer loop
vertex -1.626449 1.810445 1.250000
vertex -1.580255 1.829579 1.300000
vertex -1.587808 1.845547 1.300000
endloop
endfacet
facet normal -0.639602 -0.302509 0.70668
outer loop
vertex -1.626449 1.810445 1.250000
vertex -1.587808 1.845547 1.300000
vertex -1.631904 1.821978 1.250000
endloop
endfacet
facet normal -0.606872 -0.363742 0.706681
outer loop
vertex -1.631904 1.821978 1.250000
vertex -1.587808 1.845547 1.300000
vertex -1.596889 1.860699 1.300000
endloop
endfacet
facet normal -0.606869 -0.363746 0.706681
outer loop
vertex -1.631904 1.821978 1.250000
vertex -1.596889 1.860699 1.300000
vertex -1.638463 1.832920 1.250000
endloop
endfacet
facet normal -0.568296 -0.421476 0.706681
outer loop
vertex -1.638463 1.832920 1.250000
vertex -1.596889 1.860699 1.300000
vertex -1.607412 1.874887 1.300000
endloop
endfacet
facet normal -0.568297 -0.421474 0.706681
outer loop
vertex -1.638463 1.832920 1.250000
vertex -1.607412 1.874887 1.300000
vertex -1.646062 1.843167 1.250000
endloop
endfacet
facet normal -0.524246 -0.475151 0.706681
outer loop
vertex -1.646062 1.843167 1.250000
vertex -1.607412 1.874887 1.300000
vertex -1.619274 1.887975 1.300000
endloop
endfacet
facet normal -0.524247 -0.47515 0.706681
outer loop
vertex -1.646062 1.843167 1.250000
vertex -1.619274 1.887975 1.300000
vertex -1.654630 1.852620 1.250000
endloop
endfacet
facet normal -0.5 -0.5 0.707107
outer loop
vertex -1.654630 1.852620 1.250000
vertex -1.619274 1.887975 1.300000
vertex -3.132483 3.401184 1.300000
endloop
endfacet
facet normal -0.5 -0.5 0.707107
outer loop
vertex -1.654630 1.852620 1.250000
vertex -3.132483 3.401184 1.300000
vertex -3.167839 3.365828 1.250000
endloop
endfacet
facet normal -0.671553 -0.740956 -0
outer loop
vertex -3.145572 3.413046 1.773015
vertex -3.145572 3.413046 1.300000
vertex -3.132483 3.401184 1.300000
endloop
endfacet
facet normal -0.671553 -0.740956 0
outer loop
vertex -3.145572 3.413046 1.773015
vertex -3.132483 3.401184 1.300000
vertex -3.132483 3.401184 1.769593
endloop
endfacet
facet normal -0.5957 -0.803207 -0
outer loop
vertex -3.159760 3.423569 1.776388
vertex -3.159760 3.423569 1.300000
vertex -3.145572 3.413046 1.300000
endloop
endfacet
facet normal -0.5957 -0.803207 0
outer loop
vertex -3.159760 3.423569 1.776388
vertex -3.145572 3.413046 1.300000
vertex -3.145572 3.413046 1.773015
endloop
endfacet
facet normal -0.514105 -0.857727 -0
outer loop
vertex -3.174911 3.432650 1.779679
vertex -3.174911 3.432650 1.300000
vertex -3.159760 3.423569 1.300000
endloop
endfacet
facet normal -0.514105 -0.857727 0
outer loop
vertex -3.174911 3.432650 1.779679
vertex -3.159760 3.423569 1.300000
vertex -3.159760 3.423569 1.776388
endloop
endfacet
facet normal -0.427563 -0.903986 -0
outer loop
vertex -3.190879 3.440203 1.782856
vertex -3.190879 3.440203 1.300000
vertex -3.174911 3.432650 1.300000
endloop
endfacet
facet normal -0.427563 -0.903986 0
outer loop
vertex -3.190879 3.440203 1.782856
vertex -3.174911 3.432650 1.300000
vertex -3.174911 3.432650 1.779679
endloop
endfacet
facet normal -0.336888 -0.941545 -0
outer loop
vertex -3.207511 3.446154 1.785889
vertex -3.207511 3.446154 1.300000
vertex -3.190879 3.440203 1.300000
endloop
endfacet
facet normal -0.336888 -0.941545 0
outer loop
vertex -3.207511 3.446154 1.785889
vertex -3.190879 3.440203 1.300000
vertex -3.190879 3.440203 1.782856
endloop
endfacet
facet normal -0.242977 -0.970032 -0
outer loop
vertex -3.224646 3.450446 1.788748
vertex -3.224646 3.450446 1.300000
vertex -3.207511 3.446154 1.300000
endloop
endfacet
facet normal -0.242977 -0.970032 0
outer loop
vertex -3.224646 3.450446 1.788748
vertex -3.207511 3.446154 1.300000
vertex -3.207511 3.446154 1.785889
endloop
endfacet
facet normal -0.146727 -0.989177 -0
outer loop
vertex -3.242119 3.453038 1.791406
vertex -3.242119 3.453038 1.300000
vertex -3.224646 3.450446 1.300000
endloop
endfacet
facet normal -0.146727 -0.989177 0
outer loop
vertex -3.242119 3.453038 1.791406
vertex -3.224646 3.450446 1.300000
vertex -3.224646 3.450446 1.788748
endloop
endfacet
facet normal -0.0490753 -0.998795 -0
outer loop
vertex -3.259763 3.453904 1.793838
vertex -3.259763 3.453904 1.300000
vertex -3.242119 3.453038 1.300000
endloop
endfacet
facet normal -0.0490753 -0.998795 0
outer loop
vertex -3.259763 3.453904 1.793838
vertex -3.242119 3.453038 1.300000
vertex -3.242119 3.453038 1.791406
endloop
endfacet
facet normal 0.0490759 -0.998795 0
outer loop
vertex -3.277406 3.453038 1.796019
vertex -3.277406 3.453038 1.300000
vertex -3.259763 3.453904 1.300000
endloop
endfacet
facet normal 0.0490759 -0.998795 0
outer loop
vertex -3.277406 3.453038 1.796019
vertex -3.259763 3.453904 1.300000
vertex -3.259763 3.453904 1.793838
endloop
endfacet
facet normal 0.146727 -0.989177 0
outer loop
vertex -3.294879 3.450446 1.797930
vertex -3.294879 3.450446 1.300000
vertex -3.277406 3.453038 1.300000
endloop
endfacet
facet normal 0.146727 -0.989177 0
outer loop
vertex -3.294879 3.450446 1.797930
vertex -3.277406 3.453038 1.300000
vertex -3.277406 3.453038 1.796019
endloop
endfacet
facet normal 0.242977 -0.970032 0
outer loop
vertex -3.312014 3.446154 1.799551
vertex -3.312014 3.446154 1.300000
vertex -3.294879 3.450446 1.300000
endloop
endfacet
facet normal 0.242977 -0.970032 0
outer loop
vertex -3.312014 3.446154 1.799551
vertex -3.294879 3.450446 1.300000
vertex -3.294879 3.450446 1.797930
endloop
endfacet
facet normal 0.336888 -0.941545 0
outer loop
vertex -3.328645 3.440203 1.800867
vertex -3.328645 3.440203 1.300000
vertex -3.312014 3.446154 1.300000
endloop
endfacet
facet normal 0.336888 -0.941545 0
outer loop
vertex -3.328645 3.440203 1.800867
vertex -3.312014 3.446154 1.300000
vertex -3.312014 3.446154 1.799551
endloop
endfacet
facet normal 0.427563 -0.903986 0
outer loop
vertex -3.344614 3.432650 1.801865
vertex -3.344614 3.432650 1.300000
vertex -3.328645 3.440203 1.300000
endloop
endfacet
facet normal 0.427563 -0.903986 0
outer loop
vertex -3.344614 3.432650 1.801865
vertex -3.328645 3.440203 1.300000
vertex -3.328645 3.440203 1.800867
endloop
endfacet
facet normal 0.514105 -0.857727 0
outer loop
vertex -3.359765 3.423569 1.802536
vertex -3.359765 3.423569 1.300000
vertex -3.344614 3.432650 1.300000
endloop
endfacet
facet normal 0.514105 -0.857727 0
outer loop
vertex -3.359765 3.423569 1.802536
vertex -3.344614 3.432650 1.300000
vertex -3.344614 3.432650 1.801865
endloop
endfacet
facet normal 0.595694 -0.803212 0
outer loop
vertex -3.373953 3.413046 1.802873
vertex -3.373953 3.413046 1.300000
vertex -3.359765 3.423569 1.300000
endloop
endfacet
facet normal 0.595694 -0.803212 0
outer loop
vertex -3.373953 3.413046 1.802873
vertex -3.359765 3.423569 1.300000
vertex -3.359765 3.423569 1.802536
endloop
endfacet
facet normal 0.67156 -0.74095 0
outer loop
vertex -3.387042 3.401184 1.802873
vertex -3.387042 3.401184 1.300000
vertex -3.373953 3.413046 1.300000
endloop
endfacet
facet normal 0.67156 -0.74095 0
outer loop
vertex -3.387042 3.401184 1.802873
vertex -3.373953 3.413046 1.300000
vertex -3.373953 3.413046 1.802873
endloop
endfacet
facet normal 0.707107 -0.707107 0
outer loop
vertex -3.394113 3.394113 1.802778
vertex -3.401184 3.387041 1.802873
vertex -3.401184 3.387041 1.300000
endloop
endfacet
facet normal 0.707107 -0.707107 0
outer loop
vertex -3.401184 3.387041 1.300000
vertex -3.387042 3.401184 1.300000
vertex -3.387042 3.401184 1.802873
endloop
endfacet
facet normal 0.707107 -0.707107 0
outer loop
vertex -3.401184 3.387041 1.300000
vertex -3.387042 3.401184 1.802873
vertex -3.394113 3.394113 1.802778
endloop
endfacet
facet normal 0.740956 -0.671553 0
outer loop
vertex -3.413046 3.373953 1.802873
vertex -3.413046 3.373953 1.300000
vertex -3.401184 3.387041 1.300000
endloop
endfacet
facet normal 0.740956 -0.671553 0
outer loop
vertex -3.413046 3.373953 1.802873
vertex -3.401184 3.387041 1.300000
vertex -3.401184 3.387041 1.802873
endloop
endfacet
facet normal 0.8032 -0.595709 0
outer loop
vertex -3.423569 3.359765 1.802536
vertex -3.423569 3.359765 1.300000
vertex -3.413046 3.373953 1.300000
endloop
endfacet
facet normal 0.8032 -0.595709 0
outer loop
vertex -3.423569 3.359765 1.802536
vertex -3.413046 3.373953 1.300000
vertex -3.413046 3.373953 1.802873
endloop
endfacet
facet normal 0.857733 -0.514095 0
outer loop
vertex -3.432650 3.344614 1.801865
vertex -3.432650 3.344614 1.300000
vertex -3.423569 3.359765 1.300000
endloop
endfacet
facet normal 0.857733 -0.514095 0
outer loop
vertex -3.432650 3.344614 1.801865
vertex -3.423569 3.359765 1.300000
vertex -3.423569 3.359765 1.802536
endloop
endfacet
facet normal 0.903991 -0.427552 0
outer loop
vertex -3.440203 3.328645 1.800867
vertex -3.440203 3.328645 1.300000
vertex -3.432650 3.344614 1.300000
endloop
endfacet
facet normal 0.903991 -0.427552 0
outer loop
vertex -3.440203 3.328645 1.800867
vertex -3.432650 3.344614 1.300000
vertex -3.432650 3.344614 1.801865
endloop
endfacet
facet normal 0.94154 -0.3369 0
outer loop
vertex -3.446154 3.312013 1.799551
vertex -3.446154 3.312013 1.300000
vertex -3.440203 3.328645 1.300000
endloop
endfacet
facet normal 0.941541 -0.3369 0
outer loop
vertex -3.446154 3.312013 1.799551
vertex -3.440203 3.328645 1.300000
vertex -3.440203 3.328645 1.800867
endloop
endfacet
facet normal 0.970032 -0.242977 0
outer loop
vertex -3.450446 3.294878 1.797930
vertex -3.450446 3.294878 1.300000
vertex -3.446154 3.312013 1.300000
endloop
endfacet
facet normal 0.970032 -0.242977 0
outer loop
vertex -3.450446 3.294878 1.797930
vertex -3.446154 3.312013 1.300000
vertex -3.446154 3.312013 1.799551
endloop
endfacet
facet normal 0.989177 -0.146727 0
outer loop
vertex -3.453038 3.277405 1.796019
vertex -3.453038 3.277405 1.300000
vertex -3.450446 3.294878 1.300000
endloop
endfacet
facet normal 0.989177 -0.146727 0
outer loop
vertex -3.453038 3.277405 1.796019
vertex -3.450446 3.294878 1.300000
vertex -3.450446 3.294878 1.797930
endloop
endfacet
facet normal 0.998795 -0.0490753 0
outer loop
vertex -3.453905 3.259762 1.793838
vertex -3.453905 3.259762 1.300000
vertex -3.453038 3.277405 1.300000
endloop
endfacet
facet normal 0.998795 -0.0490753 0
outer loop
vertex -3.453905 3.259762 1.793838
vertex -3.453038 3.277405 1.300000
vertex -3.453038 3.277405 1.796019
endloop
endfacet
facet normal 0.998795 0.0490759 0
outer loop
vertex -3.453038 3.242119 1.791406
vertex -3.453038 3.242119 1.300000
vertex -3.453905 3.259762 1.300000
endloop
endfacet
facet normal 0.998795 0.0490759 0
outer loop
vertex -3.453038 3.242119 1.791406
vertex -3.453905 3.259762 1.300000
vertex -3.453905 3.259762 1.793838
endloop
endfacet
facet normal 0.989177 0.146727 0
outer loop
vertex -3.450446 3.224646 1.788748
vertex -3.450446 3.224646 1.300000
vertex -3.453038 3.242119 1.300000
endloop
endfacet
facet normal 0.989177 0.146727 0
outer loop
vertex -3.450446 3.224646 1.788748
vertex -3.453038 3.242119 1.300000
vertex -3.453038 3.242119 1.791406
endloop
endfacet
facet normal 0.970032 0.242977 0
outer loop
vertex -3.446154 3.207511 1.785889
vertex -3.446154 3.207511 1.300000
vertex -3.450446 3.224646 1.300000
endloop
endfacet
facet normal 0.970032 0.242977 0
outer loop
vertex -3.446154 3.207511 1.785889
vertex -3.450446 3.224646 1.300000
vertex -3.450446 3.224646 1.788748
endloop
endfacet
facet normal 0.941541 0.3369 0
outer loop
vertex -3.440203 3.190879 1.782856
vertex -3.440203 3.190879 1.300000
vertex -3.446154 3.207511 1.300000
endloop
endfacet
facet normal 0.941541 0.3369 0
outer loop
vertex -3.440203 3.190879 1.782856
vertex -3.446154 3.207511 1.300000
vertex -3.446154 3.207511 1.785889
endloop
endfacet
facet normal 0.903991 0.427552 0
outer loop
vertex -3.432650 3.174911 1.779679
vertex -3.432650 3.174911 1.300000
vertex -3.440203 3.190879 1.300000
endloop
endfacet
facet normal 0.903991 0.427552 0
outer loop
vertex -3.432650 3.174911 1.779679
vertex -3.440203 3.190879 1.300000
vertex -3.440203 3.190879 1.782856
endloop
endfacet
facet normal 0.857733 0.514095 0
outer loop
vertex -3.423569 3.159760 1.776388
vertex -3.423569 3.159760 1.300000
vertex -3.432650 3.174911 1.300000
endloop
endfacet
facet normal 0.857733 0.514095 0
outer loop
vertex -3.423569 3.159760 1.776388
vertex -3.432650 3.174911 1.300000
vertex -3.432650 3.174911 1.779679
endloop
endfacet
facet normal 0.803205 0.595703 0
outer loop
vertex -3.413046 3.145571 1.773015
vertex -3.413046 3.145571 1.300000
vertex -3.423569 3.159760 1.300000
endloop
endfacet
facet normal 0.803205 0.595703 0
outer loop
vertex -3.413046 3.145571 1.773015
vertex -3.423569 3.159760 1.300000
vertex -3.423569 3.159760 1.776388
endloop
endfacet
facet normal 0.74095 0.67156 0
outer loop
vertex -3.401184 3.132483 1.769593
vertex -3.401184 3.132483 1.300000
vertex -3.413046 3.145571 1.300000
endloop
endfacet
facet normal 0.74095 0.67156 0
outer loop
vertex -3.401184 3.132483 1.769593
vertex -3.413046 3.145571 1.300000
vertex -3.413046 3.145571 1.773015
endloop
endfacet
facet normal 0.707107 0.707107 0
outer loop
vertex -1.887975 1.619275 1.506058
vertex -1.887975 1.619275 1.300000
vertex -3.401184 3.132483 1.300000
endloop
endfacet
facet normal 0.707107 0.707107 -0
outer loop
vertex -3.401184 3.132483 1.300000
vertex -3.401184 3.132483 1.769593
vertex -2.602624 2.333923 1.550000
endloop
endfacet
facet normal 0.707107 0.707107 3.94352e-07
outer loop
vertex -3.401184 3.132483 1.300000
vertex -2.602624 2.333923 1.550000
vertex -1.887975 1.619275 1.506058
endloop
endfacet
facet normal 0.671557 0.740953 0
outer loop
vertex -1.874887 1.607412 1.300000
vertex -1.887975 1.619275 1.300000
vertex -1.887975 1.619275 1.506058
endloop
endfacet
facet normal 0.671557 0.740953 -0
outer loop
vertex -1.874887 1.607412 1.300000
vertex -1.887975 1.619275 1.506058
vertex -1.874887 1.607412 1.505289
endloop
endfacet
facet normal 0.595701 0.803206 0
outer loop
vertex -1.860698 1.596889 1.300000
vertex -1.874887 1.607412 1.300000
vertex -1.874887 1.607412 1.505289
endloop
endfacet
facet normal 0.595701 0.803206 -0
outer loop
vertex -1.860698 1.596889 1.300000
vertex -1.874887 1.607412 1.505289
vertex -1.860698 1.596889 1.504524
endloop
endfacet
facet normal 0.5141 0.857731 0
outer loop
vertex -1.845547 1.587808 1.300000
vertex -1.860698 1.596889 1.300000
vertex -1.860698 1.596889 1.504524
endloop
endfacet
facet normal 0.5141 0.85773 -0
outer loop
vertex -1.845547 1.587808 1.300000
vertex -1.860698 1.596889 1.504524
vertex -1.845547 1.587808 1.503770
endloop
endfacet
facet normal 0.427555 0.903989 0
outer loop
vertex -1.829579 1.580256 1.300000
vertex -1.845547 1.587808 1.300000
vertex -1.845547 1.587808 1.503770
endloop
endfacet
facet normal 0.427555 0.903989 -0
outer loop
vertex -1.829579 1.580256 1.300000
vertex -1.845547 1.587808 1.503770
vertex -1.829579 1.580256 1.503034
endloop
endfacet
facet normal 0.336896 0.941542 0
outer loop
vertex -1.812947 1.574305 1.300000
vertex -1.829579 1.580256 1.300000
vertex -1.829579 1.580256 1.503034
endloop
endfacet
facet normal 0.336896 0.941542 -0
outer loop
vertex -1.812947 1.574305 1.300000
vertex -1.829579 1.580256 1.503034
vertex -1.812947 1.574305 1.502323
endloop
endfacet
facet normal 0.242975 0.970032 0
outer loop
vertex -1.795812 1.570013 1.300000
vertex -1.812947 1.574305 1.300000
vertex -1.812947 1.574305 1.502323
endloop
endfacet
facet normal 0.242975 0.970032 -0
outer loop
vertex -1.795812 1.570013 1.300000
vertex -1.812947 1.574305 1.502323
vertex -1.795812 1.570013 1.501645
endloop
endfacet
facet normal 0.146728 0.989177 0
outer loop
vertex -1.778339 1.567421 1.300000
vertex -1.795812 1.570013 1.300000
vertex -1.795812 1.570013 1.501645
endloop
endfacet
facet normal 0.146728 0.989177 -0
outer loop
vertex -1.778339 1.567421 1.300000
vertex -1.795812 1.570013 1.501645
vertex -1.778339 1.567421 1.501006
endloop
endfacet
facet normal 0.0490753 0.998795 0
outer loop
vertex -1.760696 1.566554 1.300000
vertex -1.778339 1.567421 1.300000
vertex -1.778339 1.567421 1.501006
endloop
endfacet
facet normal 0.0490753 0.998795 -0
outer loop
vertex -1.760696 1.566554 1.300000
vertex -1.778339 1.567421 1.501006
vertex -1.760696 1.566554 1.500412
endloop
endfacet
facet normal -0.0490759 0.998795 0
outer loop
vertex -1.743053 1.567421 1.300000
vertex -1.760696 1.566554 1.300000
vertex -1.760696 1.566554 1.500412
endloop
endfacet
facet normal -0.0490759 0.998795 0
outer loop
vertex -1.743053 1.567421 1.300000
vertex -1.760696 1.566554 1.500412
vertex -1.743053 1.567421 1.499868
endloop
endfacet
facet normal -0.146727 0.989177 0
outer loop
vertex -1.725580 1.570013 1.300000
vertex -1.743053 1.567421 1.300000
vertex -1.743053 1.567421 1.499868
endloop
endfacet
facet normal -0.146727 0.989177 0
outer loop
vertex -1.725580 1.570013 1.300000
vertex -1.743053 1.567421 1.499868
vertex -1.725580 1.570013 1.499380
endloop
endfacet
facet normal -0.242983 0.97003 0
outer loop
vertex -1.708445 1.574305 1.300000
vertex -1.725580 1.570013 1.300000
vertex -1.725580 1.570013 1.499380
endloop
endfacet
facet normal -0.242983 0.97003 0
outer loop
vertex -1.708445 1.574305 1.300000
vertex -1.725580 1.570013 1.499380
vertex -1.708445 1.574305 1.498953
endloop
endfacet
facet normal -0.336888 0.941545 0
outer loop
vertex -1.691813 1.580256 1.300000
vertex -1.708445 1.574305 1.300000
vertex -1.708445 1.574305 1.498953
endloop
endfacet
facet normal -0.336888 0.941545 0
outer loop
vertex -1.691813 1.580256 1.300000
vertex -1.708445 1.574305 1.498953
vertex -1.691813 1.580256 1.498590
endloop
endfacet
facet normal -0.427557 0.903988 0
outer loop
vertex -1.675844 1.587808 1.300000
vertex -1.691813 1.580256 1.300000
vertex -1.691813 1.580256 1.498590
endloop
endfacet
facet normal -0.427557 0.903988 0
outer loop
vertex -1.675844 1.587808 1.300000
vertex -1.691813 1.580256 1.498590
vertex -1.675844 1.587808 1.498296
endloop
endfacet
facet normal -0.5141 0.85773 0
outer loop
vertex -1.660693 1.596889 1.300000
vertex -1.675844 1.587808 1.300000
vertex -1.675844 1.587808 1.498296
endloop
endfacet
facet normal -0.5141 0.85773 0
outer loop
vertex -1.660693 1.596889 1.300000
vertex -1.675844 1.587808 1.498296
vertex -1.660693 1.596889 1.498073
endloop
endfacet
facet normal -0.595702 0.803206 0
outer loop
vertex -1.646505 1.607412 1.300000
vertex -1.660693 1.596889 1.300000
vertex -1.660693 1.596889 1.498073
endloop
endfacet
facet normal -0.595701 0.803206 0
outer loop
vertex -1.646505 1.607412 1.300000
vertex -1.660693 1.596889 1.498073
vertex -1.646505 1.607412 1.497923
endloop
endfacet
facet normal -0.671561 0.74095 0
outer loop
vertex -1.633417 1.619275 1.300000
vertex -1.646505 1.607412 1.300000
vertex -1.646505 1.607412 1.497923
endloop
endfacet
facet normal -0.671561 0.74095 0
outer loop
vertex -1.633417 1.619275 1.300000
vertex -1.646505 1.607412 1.497923
vertex -1.633417 1.619275 1.497847
endloop
endfacet
facet normal -0.707107 0.707107 0
outer loop
vertex -1.626346 1.626346 1.497826
vertex -1.619274 1.633417 1.497847
vertex -1.619274 1.633417 1.300000
endloop
endfacet
facet normal -0.707104 0.70711 0
outer loop
vertex -1.619274 1.633417 1.300000
vertex -1.633417 1.619275 1.300000
vertex -1.633417 1.619275 1.497847
endloop
endfacet
facet normal -0.707101 0.707113 4.26695e-07
outer loop
vertex -1.626346 1.626346 1.497826
vertex -1.619274 1.633417 1.300000
vertex -1.633417 1.619275 1.497847
endloop
endfacet
facet normal -0.740953 0.671557 0
outer loop
vertex -1.607412 1.646505 1.300000
vertex -1.619274 1.633417 1.300000
vertex -1.619274 1.633417 1.497847
endloop
endfacet
facet normal -0.740953 0.671557 0
outer loop
vertex -1.607412 1.646505 1.300000
vertex -1.619274 1.633417 1.497847
vertex -1.607412 1.646505 1.497923
endloop
endfacet
facet normal -0.803204 0.595705 0
outer loop
vertex -1.596889 1.660693 1.300000
vertex -1.607412 1.646505 1.300000
vertex -1.607412 1.646505 1.497923
endloop
endfacet
facet normal -0.803203 0.595705 0
outer loop
vertex -1.596889 1.660693 1.300000
vertex -1.607412 1.646505 1.497923
vertex -1.596889 1.660693 1.498073
endloop
endfacet
facet normal -0.857733 0.514095 0
outer loop
vertex -1.587808 1.675845 1.300000
vertex -1.596889 1.660693 1.300000
vertex -1.596889 1.660693 1.498073
endloop
endfacet
facet normal -0.857733 0.514095 0
outer loop
vertex -1.587808 1.675845 1.300000
vertex -1.596889 1.660693 1.498073
vertex -1.587808 1.675845 1.498296
endloop
endfacet
facet normal -0.903989 0.427555 0
outer loop
vertex -1.580255 1.691813 1.300000
vertex -1.587808 1.675845 1.300000
vertex -1.587808 1.675845 1.498296
endloop
endfacet
facet normal -0.903989 0.427555 0
outer loop
vertex -1.580255 1.691813 1.300000
vertex -1.587808 1.675845 1.498296
vertex -1.580255 1.691813 1.498590
endloop
endfacet
facet normal -0.941542 0.336896 0
outer loop
vertex -1.574304 1.708445 1.300000
vertex -1.580255 1.691813 1.300000
vertex -1.580255 1.691813 1.498590
endloop
endfacet
facet normal -0.941542 0.336896 0
outer loop
vertex -1.574304 1.708445 1.300000
vertex -1.580255 1.691813 1.498590
vertex -1.574304 1.708445 1.498953
endloop
endfacet
facet normal -0.970032 0.242977 0
outer loop
vertex -1.570012 1.725580 1.300000
vertex -1.574304 1.708445 1.300000
vertex -1.574304 1.708445 1.498953
endloop
endfacet
facet normal -0.970032 0.242977 0
outer loop
vertex -1.570012 1.725580 1.300000
vertex -1.574304 1.708445 1.498953
vertex -1.570012 1.725580 1.499380
endloop
endfacet
facet normal -0.989177 0.146727 0
outer loop
vertex -1.567420 1.743053 1.300000
vertex -1.570012 1.725580 1.300000
vertex -1.570012 1.725580 1.499380
endloop
endfacet
facet normal -0.989177 0.146727 0
outer loop
vertex -1.567420 1.743053 1.300000
vertex -1.570012 1.725580 1.499380
vertex -1.567420 1.743053 1.499868
endloop
endfacet
facet normal -0.998795 0.0490753 0
outer loop
vertex -1.566554 1.760696 1.300000
vertex -1.567420 1.743053 1.300000
vertex -1.567420 1.743053 1.499868
endloop
endfacet
facet normal -0.998795 0.0490753 0
outer loop
vertex -1.566554 1.760696 1.300000
vertex -1.567420 1.743053 1.499868
vertex -1.566554 1.760696 1.500412
endloop
endfacet
facet normal -0.998795 -0.0490759 0
outer loop
vertex -1.567420 1.778339 1.300000
vertex -1.566554 1.760696 1.300000
vertex -1.566554 1.760696 1.500412
endloop
endfacet
facet normal -0.998795 -0.0490759 0
outer loop
vertex -1.567420 1.778339 1.300000
vertex -1.566554 1.760696 1.500412
vertex -1.567420 1.778339 1.501006
endloop
endfacet
facet normal -0.989177 -0.146727 0
outer loop
vertex -1.570012 1.795812 1.300000
vertex -1.567420 1.778339 1.300000
vertex -1.567420 1.778339 1.501006
endloop
endfacet
facet normal -0.989177 -0.146727 0
outer loop
vertex -1.570012 1.795812 1.300000
vertex -1.567420 1.778339 1.501006
vertex -1.570012 1.795812 1.501645
endloop
endfacet
facet normal -0.970032 -0.242977 0
outer loop
vertex -1.574304 1.812947 1.300000
vertex -1.570012 1.795812 1.300000
vertex -1.570012 1.795812 1.501645
endloop
endfacet
facet normal -0.970032 -0.242977 0
outer loop
vertex -1.574304 1.812947 1.300000
vertex -1.570012 1.795812 1.501645
vertex -1.574304 1.812947 1.502323
endloop
endfacet
facet normal -0.941543 -0.336894 0
outer loop
vertex -1.580255 1.829579 1.300000
vertex -1.574304 1.812947 1.300000
vertex -1.574304 1.812947 1.502323
endloop
endfacet
facet normal -0.941543 -0.336894 0
outer loop
vertex -1.580255 1.829579 1.300000
vertex -1.574304 1.812947 1.502323
vertex -1.580255 1.829579 1.503034
endloop
endfacet
facet normal -0.903988 -0.427557 0
outer loop
vertex -1.587808 1.845547 1.300000
vertex -1.580255 1.829579 1.300000
vertex -1.580255 1.829579 1.503034
endloop
endfacet
facet normal -0.903988 -0.427557 0
outer loop
vertex -1.587808 1.845547 1.300000
vertex -1.580255 1.829579 1.503034
vertex -1.587808 1.845547 1.503770
endloop
endfacet
facet normal -0.85773 -0.5141 0
outer loop
vertex -1.596889 1.860699 1.300000
vertex -1.587808 1.845547 1.300000
vertex -1.587808 1.845547 1.503770
endloop
endfacet
facet normal -0.857731 -0.5141 0
outer loop
vertex -1.596889 1.860699 1.300000
vertex -1.587808 1.845547 1.503770
vertex -1.596889 1.860699 1.504524
endloop
endfacet
facet normal -0.803208 -0.595698 0
outer loop
vertex -1.607412 1.874887 1.300000
vertex -1.596889 1.860699 1.300000
vertex -1.596889 1.860699 1.504524
endloop
endfacet
facet normal -0.803208 -0.595698 0
outer loop
vertex -1.607412 1.874887 1.300000
vertex -1.596889 1.860699 1.504524
vertex -1.607412 1.874887 1.505289
endloop
endfacet
facet normal -0.74095 -0.67156 0
outer loop
vertex -1.619274 1.887975 1.300000
vertex -1.607412 1.874887 1.300000
vertex -1.607412 1.874887 1.505289
endloop
endfacet
facet normal -0.74095 -0.67156 0
outer loop
vertex -1.619274 1.887975 1.300000
vertex -1.607412 1.874887 1.505289
vertex -1.619274 1.887975 1.506058
endloop
endfacet
facet normal -0.707107 -0.707107 0
outer loop
vertex -2.333923 2.602624 1.550000
vertex -3.132483 3.401184 1.769593
vertex -3.132483 3.401184 1.300000
endloop
endfacet
facet normal -0.707107 -0.707107 0
outer loop
vertex -3.132483 3.401184 1.300000
vertex -1.619274 1.887975 1.300000
vertex -1.619274 1.887975 1.506058
endloop
endfacet
facet normal -0.707107 -0.707107 -3.94352e-07
outer loop
vertex -3.132483 3.401184 1.300000
vertex -1.619274 1.887975 1.506058
vertex -2.333923 2.602624 1.550000
endloop
endfacet
facet normal 0 0 1
outer loop
vertex -1.654630 1.852620 1.250000
vertex -3.167839 3.365828 1.250000
vertex -3.177291 3.374396 1.250000
endloop
endfacet
facet normal 0 0 1
outer loop
vertex -3.177291 3.374396 1.250000
vertex -3.187538 3.381995 1.250000
vertex -3.198481 3.388554 1.250000
endloop
endfacet
facet normal 0 0 1
outer loop
vertex -3.198481 3.388554 1.250000
vertex -3.210014 3.394009 1.250000
vertex -3.222025 3.398307 1.250000
endloop
endfacet
facet normal 0 0 1
outer loop
vertex -3.222025 3.398307 1.250000
vertex -3.234401 3.401406 1.250000
vertex -3.247020 3.403278 1.250000
endloop
endfacet
facet normal 0 0 1
outer loop
vertex -3.247020 3.403278 1.250000
vertex -3.259762 3.403904 1.250000
vertex -3.272505 3.403278 1.250000
endloop
endfacet
facet normal 0 0 1
outer loop
vertex -3.272505 3.403278 1.250000
vertex -3.285124 3.401406 1.250000
vertex -3.297499 3.398306 1.250000
endloop
endfacet
facet normal 0 0 1
outer loop
vertex -3.297499 3.398306 1.250000
vertex -3.309511 3.394009 1.250000
vertex -3.321044 3.388554 1.250000
endloop
endfacet
facet normal 0 0 1
outer loop
vertex -3.321044 3.388554 1.250000
vertex -3.331987 3.381995 1.250000
vertex -3.342234 3.374396 1.250000
endloop
endfacet
facet normal 0 0 1
outer loop
vertex -3.342234 3.374396 1.250000
vertex -3.351686 3.365828 1.250000
vertex -3.365829 3.351686 1.250000
endloop
endfacet
facet normal 0 0 1
outer loop
vertex -3.365829 3.351686 1.250000
vertex -3.374396 3.342233 1.250000
vertex -3.381996 3.331986 1.250000
endloop
endfacet
facet normal 0 0 1
outer loop
vertex -3.381996 3.331986 1.250000
vertex -3.388554 3.321044 1.250000
vertex -3.394009 3.309511 1.250000
endloop
endfacet
facet normal 0 0 1
outer loop
vertex -3.394009 3.309511 1.250000
vertex -3.398307 3.297499 1.250000
vertex -3.401407 3.285124 1.250000
endloop
endfacet
facet normal 0 0 1
outer loop
vertex -3.401407 3.285124 1.250000
vertex -3.403279 3.272504 1.250000
vertex -3.403904 3.259762 1.250000
endloop
endfacet
facet normal 0 0 1
outer loop
vertex -3.403904 3.259762 1.250000
vertex -3.403279 3.247020 1.250000
vertex -3.401407 3.234400 1.250000
endloop
endfacet
facet normal 0 0 1
outer loop
vertex -3.401407 3.234400 1.250000
vertex -3.398307 3.222025 1.250000
vertex -3.394009 3.210013 1.250000
endloop
endfacet
facet normal 0 0 1
outer loop
vertex -3.394009 3.210013 1.250000
vertex -3.388554 3.198481 1.250000
vertex -3.381996 3.187538 1.250000
endloop
endfacet
facet normal 0 0 1
outer loop
vertex -3.381996 3.187538 1.250000
vertex -3.374396 3.177291 1.250000
vertex -3.365829 3.167838 1.250000
endloop
endfacet
facet normal 0 0 1
outer loop
vertex -3.365829 3.167838 1.250000
vertex -1.852620 1.654630 1.250000
vertex -1.843167 1.646063 1.250000
endloop
endfacet
facet normal 0 0 1
outer loop
vertex -1.843167 1.646063 1.250000
vertex -1.832920 1.638463 1.250000
vertex -1.821977 1.631904 1.250000
endloop
endfacet
facet normal 0 0 1
outer loop
vertex -1.821977 1.631904 1.250000
vertex -1.810445 1.626450 1.250000
vertex -1.798433 1.622152 1.250000
endloop
endfacet
facet normal 0 0 1
outer loop
vertex -1.798433 1.622152 1.250000
vertex -1.786057 1.619052 1.250000
vertex -1.773438 1.617180 1.250000
endloop
endfacet
facet normal -0 0 1
outer loop
vertex -1.773438 1.617180 1.250000
vertex -1.760696 1.616554 1.250000
vertex -1.747954 1.617180 1.250000
endloop
endfacet
facet normal 0 0 1
outer loop
vertex -1.747954 1.617180 1.250000
vertex -1.735334 1.619052 1.250000
vertex -1.722959 1.622152 1.250000
endloop
endfacet
facet normal 0 0 1
outer loop
vertex -1.722959 1.622152 1.250000
vertex -1.710947 1.626450 1.250000
vertex -1.699414 1.631904 1.250000
endloop
endfacet
facet normal 0 0 1
outer loop
vertex -1.699414 1.631904 1.250000
vertex -1.688472 1.638463 1.250000
vertex -1.678225 1.646063 1.250000
endloop
endfacet
facet normal 0 0 1
outer loop
vertex -1.678225 1.646063 1.250000
vertex -1.668772 1.654630 1.250000
vertex -1.654630 1.668772 1.250000
endloop
endfacet
facet normal 0 0 1
outer loop
vertex -1.654630 1.668772 1.250000
vertex -1.646062 1.678225 1.250000
vertex -1.638463 1.688472 1.250000
endloop
endfacet
facet normal 0 0 1
outer loop
vertex -1.638463 1.688472 1.250000
vertex -1.631904 1.699414 1.250000
vertex -1.626449 1.710947 1.250000
endloop
endfacet
facet normal 0 0 1
outer loop
vertex -1.626449 1.710947 1.250000
vertex -1.622151 1.722959 1.250000
vertex -1.619052 1.735334 1.250000
endloop
endfacet
facet normal 0 0 1
outer loop
vertex -1.619052 1.735334 1.250000
vertex -1.617180 1.747954 1.250000
vertex -1.616554 1.760696 1.250000
endloop
endfacet
facet normal 0 0 1
outer loop
vertex -1.616554 1.760696 1.250000
vertex -1.617180 1.773438 1.250000
vertex -1.619052 1.786058 1.250000
endloop
endfacet
facet normal 0 0 1
outer loop
vertex -1.619052 1.786058 1.250000
vertex -1.622151 1.798433 1.250000
vertex -1.626449 1.810445 1.250000
endloop
endfacet
facet normal 0 0 1
outer loop
vertex -1.626449 1.810445 1.250000
vertex -1.631904 1.821978 1.250000
vertex -1.638463 1.832920 1.250000
endloop
endfacet
facet normal 0 0 1
outer loop
vertex -1.638463 1.832920 1.250000
vertex -1.646062 1.843167 1.250000
vertex -1.654630 1.852620 1.250000
endloop
endfacet
facet normal 0 0 1
outer loop
vertex -1.654630 1.852620 1.250000
vertex -3.177291 3.374396 1.250000
vertex -3.198481 3.388554 1.250000
endloop
endfacet
facet normal 0 0 1
outer loop
vertex -3.198481 3.388554 1.250000
vertex -3.222025 3.398307 1.250000
vertex -3.247020 3.403278 1.250000
endloop
endfacet
facet normal 0 0 1
outer loop
vertex -3.247020 3.403278 1.250000
vertex -3.272505 3.403278 1.250000
vertex -3.297499 3.398306 1.250000
endloop
endfacet
facet normal 0 0 1
outer loop
vertex -3.297499 3.398306 1.250000
vertex -3.321044 3.388554 1.250000
vertex -3.342234 3.374396 1.250000
endloop
endfacet
facet normal 0 0 1
outer loop
vertex -3.342234 3.374396 1.250000
vertex -3.365829 3.351686 1.250000
vertex -3.381996 3.331986 1.250000
endloop
endfacet
facet normal 0 0 1
outer loop
vertex -3.381996 3.331986 1.250000
vertex -3.394009 3.309511 1.250000
vertex -3.401407 3.285124 1.250000
endloop
endfacet
facet normal 0 0 1
outer loop
vertex -3.401407 3.285124 1.250000
vertex -3.403904 3.259762 1.250000
vertex -3.401407 3.234400 1.250000
endloop
endfacet
facet normal 0 0 1
outer loop
vertex -3.401407 3.234400 1.250000
vertex -3.394009 3.210013 1.250000
vertex -3.381996 3.187538 1.250000
endloop
endfacet
facet normal 0 0 1
outer loop
vertex -3.381996 3.187538 1.250000
vertex -3.365829 3.167838 1.250000
vertex -1.843167 1.646063 1.250000
endloop
endfacet
facet normal 0 0 1
outer loop
vertex -1.843167 1.646063 1.250000
vertex -1.821977 1.631904 1.250000
vertex -1.798433 1.622152 1.250000
endloop
endfacet
facet normal 0 0 1
outer loop
vertex -1.798433 1.622152 1.250000
vertex -1.773438 1.617180 1.250000
vertex -1.747954 1.617180 1.250000
endloop
endfacet
facet normal 0 0 1
outer loop
vertex -1.747954 1.617180 1.250000
vertex -1.722959 1.622152 1.250000
vertex -1.699414 1.631904 1.250000
endloop
endfacet
facet normal 0 0 1
outer loop
vertex -1.699414 1.631904 1.250000
vertex -1.678225 1.646063 1.250000
vertex -1.654630 1.668772 1.250000
endloop
endfacet
facet normal 0 0 1
outer loop
vertex -1.654630 1.668772 1.250000
vertex -1.638463 1.688472 1.250000
vertex -1.626449 1.710947 1.250000
endloop
endfacet
facet normal 0 0 1
outer loop
vertex -1.626449 1.710947 1.250000
vertex -1.619052 1.735334 1.250000
vertex -1.616554 1.760696 1.250000
endloop
endfacet
facet normal 0 0 1
outer loop
vertex -1.616554 1.760696 1.250000
vertex -1.619052 1.786058 1.250000
vertex -1.626449 1.810445 1.250000
endloop
endfacet
facet normal 0 0 1
outer loop
vertex -1.626449 1.810445 1.250000
vertex -1.638463 1.832920 1.250000
vertex -1.654630 1.852620 1.250000
endloop
endfacet
facet normal 0 0 1
outer loop
vertex -1.654630 1.852620 1.250000
vertex -3.198481 3.388554 1.250000
vertex -3.247020 3.403278 1.250000
endloop
endfacet
facet normal 0 0 1
outer loop
vertex -3.247020 3.403278 1.250000
vertex -3.297499 3.398306 1.250000
vertex -3.342234 3.374396 1.250000
endloop
endfacet
facet normal 0 0 1
outer loop
vertex -3.342234 3.374396 1.250000
vertex -3.381996 3.331986 1.250000
vertex -3.401407 3.285124 1.250000
endloop
endfacet
facet normal 0 0 1
outer loop
vertex -3.401407 3.285124 1.250000
vertex -3.401407 3.234400 1.250000
vertex -3.381996 3.187538 1.250000
endloop
endfacet
facet normal 0 0 1
outer loop
vertex -3.381996 3.187538 1.250000
vertex -1.843167 1.646063 1.250000
vertex -1.798433 1.622152 1.250000
endloop
endfacet
facet normal -0 0 1
outer loop
vertex -1.798433 1.622152 1.250000
vertex -1.747954 1.617180 1.250000
vertex -1.699414 1.631904 1.250000
endloop
endfacet
facet normal 0 0 1
outer loop
vertex -1.699414 1.631904 1.250000
vertex -1.654630 1.668772 1.250000
vertex -1.626449 1.710947 1.250000
endloop
endfacet
facet normal 0 0 1
outer loop
vertex -1.626449 1.710947 1.250000
vertex -1.616554 1.760696 1.250000
vertex -1.626449 1.810445 1.250000
endloop
endfacet
facet normal 0 0 1
outer loop
vertex -1.626449 1.810445 1.250000
vertex -1.654630 1.852620 1.250000
vertex -3.247020 3.403278 1.250000
endloop
endfacet
facet normal 0 0 1
outer loop
vertex -3.247020 3.403278 1.250000
vertex -3.342234 3.374396 1.250000
vertex -3.401407 3.285124 1.250000
endloop
endfacet
facet normal 0 0 1
outer loop
vertex -3.401407 3.285124 1.250000
vertex -3.381996 3.187538 1.250000
vertex -1.798433 1.622152 1.250000
endloop
endfacet
facet normal 0 0 1
outer loop
vertex -1.798433 1.622152 1.250000
vertex -1.699414 1.631904 1.250000
vertex -1.626449 1.710947 1.250000
endloop
endfacet
facet normal 0 -0 1
outer loop
vertex -1.626449 1.710947 1.250000
vertex -1.626449 1.810445 1.250000
vertex -3.247020 3.403278 1.250000
endloop
endfacet
facet normal 0 0 1
outer loop
vertex -3.247020 3.403278 1.250000
vertex -3.401407 3.285124 1.250000
vertex -1.798433 1.622152 1.250000
endloop
endfacet
facet normal 0 0 1
outer loop
vertex -3.247020 3.403278 1.250000
vertex -1.798433 1.622152 1.250000
vertex -1.626449 1.710947 1.250000
endloop
endfacet
endsolid
